"번호","개방서비스명","개방서비스아이디","개방자치단체코드","관리번호","인허가일자","인허가취소일자","영업상태구분코드","영업상태명","상세영업상태코드","상세영업상태명","폐업일자","휴업시작일자","휴업종료일자","재개업일자","소재지전화","소재지면적","소재지우편번호","소재지전체주소","도로명전체주소","도로명우편번호","사업장명","최종수정시점","데이터갱신구분","데이터갱신일자","업태구분명","좌표정보x(epsg5174)","좌표정보y(epsg5174)","위생업태명","남성종사자수","여성종사자수","영업장주변구분명","등급구분명","급수시설구분명","총직원수","본사직원수","공장사무직직원수","공장판매직직원수","공장생산직직원수","건물소유구분명","보증액","월세액","다중이용업소여부","시설총규모","전통업소지정번호","전통업소주된음식","홈페이지",
"1","제과점영업","07_22_18_P","4181000","4181000-121-2023-00008","2023-08-08","","01","영업/정상","01","영업","","","","","","85.90","","강원특별자치도 춘천시 근화동 714","강원특별자치도 춘천시 공지로439번길 15, 1층 (근화동)","24360","근화당","2023-08-11 16:43:23","U","2023-08-13 02:40:00","제과점영업","263259.383383534","485828.207899133","제과점영업","0","0","","","상수도전용","0","0","0","0","0","","0","0","N","85.9","","","",
"2","제과점영업","07_22_18_P","4181000","4181000-121-2023-00007","2023-08-04","","01","영업/정상","01","영업","","","","","","6.60","","강원특별자치도 춘천시 동내면 학곡리 5-14","강원특별자치도 춘천시 동내면 순환대로 632, 1층","24408","와이어드커피","2024-06-27 15:56:47","U","2024-06-29 02:40:00","제과점영업","267021.041453026","482192.438250429","제과점영업","0","0","","","","0","0","0","0","0","","0","0","N","6.6","","","",
"3","제과점영업","07_22_18_P","4181000","4181000-121-2023-00006","2023-06-14","","01","영업/정상","01","영업","","","","","","19.80","","강원특별자치도 춘천시 후평동 848-12","강원특별자치도 춘천시 삭주로108번길 7 (후평동)","24254","브리꼴레르","2023-06-14 13:28:39","I","2023-06-17 00:19:22","제과점영업","265322.413014406","487033.566917669","제과점영업","0","0","","","","0","0","0","0","0","","0","0","N","19.8","","","",
"4","제과점영업","07_22_18_P","4181000","4181000-121-2002-00006","2002-10-25","","01","영업/정상","01","영업","","","","","033 253 7645","45.30","","강원특별자치도 춘천시 동면 장학리 450 외3필지","강원특별자치도 춘천시 동면 춘천순환로 901, 1층 (춘천신북농협협동조합내)","24210","케익하우스몽마","2022-02-09 11:46:22","I","2023-06-13 00:00:00","제과점영업","265872.123318469","490937.781902373","제과점영업","0","0","기타","","상수도전용","0","0","0","0","0","","0","0","N","45.3","","","",
"5","제과점영업","07_22_18_P","4181000","4181000-121-2003-00003","2003-04-22","","01","영업/정상","01","영업","","","","","033 262 8202","63.60","","강원특별자치도 춘천시 퇴계동 968-7 석사동 805-1","강원특별자치도 춘천시 퇴계로 175 (퇴계동, 석사동 805-1)","24380","파리바게뜨춘천주공랜드마크점","2024-05-17 10:15:19","U","2024-05-19 02:40:00","제과점영업","264908.444332011","484214.00233815","제과점영업","0","0","아파트지역","","상수도전용","0","0","0","0","0","","0","0","N","63.6","","","",
"6","제과점영업","07_22_18_P","4181000","4181000-121-2004-00001","2004-02-23","","01","영업/정상","01","영업","","","","","033 2448200","138.00","","강원특별자치도 춘천시 온의동 65-32","강원특별자치도 춘천시 영서로 2347-1, 1층 (온의동)","24433","파리바게트춘천온의점","2022-06-20 11:58:36","I","2023-06-13 00:00:00","제과점영업","262884.078016557","485388.12810043","제과점영업","1","1","아파트지역","","상수도전용","0","0","0","0","0","","0","0","N","138","","","",
"7","제과점영업","07_22_18_P","4181000","4181000-121-1998-00004","1998-01-26","","01","영업/정상","01","영업","","","","","033 262 8277","94.65","","강원특별자치도 춘천시 석사동 729-7","강원특별자치도 춘천시 후석로186번길 14 (석사동, 1층)","24320","파리바게트석사점","2022-11-15 15:50:51","I","2023-06-13 00:00:00","제과점영업","266254.837802744","485232.262888294","제과점영업","0","0","아파트지역","","상수도전용","0","0","0","0","0","","0","0","N","94.65","","","",
"8","제과점영업","07_22_18_P","4181000","4181000-121-2009-00002","2009-02-10","","01","영업/정상","01","영업","","","","","","46.17","","강원특별자치도 춘천시 효자동 612-3","강원특별자치도 춘천시 서부대성로 187 (효자동, 1층)","24294","내가만든케익&쿠키이야기","2022-02-09 11:50:10","I","2023-06-13 00:00:00","제과점영업","264994.542424435","486100.322908307","제과점영업","0","0","주택가주변","","상수도전용","0","0","0","0","0","","0","0","N","46.17","","","",
"9","제과점영업","07_22_18_P","4181000","4181000-121-2001-00001","2001-03-24","","01","영업/정상","01","영업","","","","","033 2617434","87.74","","강원특별자치도 춘천시 동내면 학곡리 306-16","강원특별자치도 춘천시 동내면 영서로 1775 (1층)","24408","애디스","2022-02-09 11:44:49","I","2023-06-13 00:00:00","제과점영업","266833.425362841","481675.157950664","제과점영업","0","0","기타","","상수도전용","0","0","0","0","0","","0","0","N","87.74","","","",
"10","제과점영업","07_22_18_P","4181000","4181000-121-2002-00001","2002-05-06","","01","영업/정상","01","영업","","","","","033 2538277","58.54","","강원특별자치도 춘천시 우두동 1067-1","강원특별자치도 춘천시 충열로 10-14 (우두동)","24231","파리바게뜨우두강북점","2025-03-19 16:30:32","U","2025-03-22 02:40:00","제과점영업","264041.130404907","488886.455236406","제과점영업","0","0","기타","","상수도전용","0","0","0","0","0","","0","0","N","58.54","","","",
"11","제과점영업","07_22_18_P","4181000","4181000-121-2022-00015","2022-09-27","","01","영업/정상","01","영업","","","","","","23.68","","강원특별자치도 춘천시 퇴계동 874-2","강원특별자치도 춘천시 충혼길5번길 4-4, 우측상가 1층 (퇴계동)","24440","언쏠티드버터","2022-10-07 09:22:24","I","2023-06-13 00:00:00","제과점영업","263582.733411091","484746.553620914","제과점영업","0","0","기타","","상수도전용","0","0","0","0","0","","0","0","N","23.68","","","",
"12","제과점영업","07_22_18_P","4181000","4181000-121-2022-00017","2022-10-31","","01","영업/정상","01","영업","","","","","","52.80","","강원특별자치도 춘천시 퇴계동 424-7","강원특별자치도 춘천시 국사봉길 16, 1층 (퇴계동)","24445","구오베이커리","2022-10-31 09:23:24","I","2023-06-13 00:00:00","제과점영업","264077.129941976","484369.338036395","제과점영업","0","0","","","상수도전용","0","0","0","0","0","","0","0","N","52.8","","","",
"13","제과점영업","07_22_18_P","4181000","4181000-121-2023-00001","2023-01-06","","01","영업/정상","01","영업","","","","","","3.00","","강원특별자치도 춘천시 신북읍 천전리 47-8","강원특별자치도 춘천시 신북읍 신샘밭로 746, 1층","24204","에이치케이커피로스터스","2024-06-27 15:51:20","U","2024-06-29 02:40:00","제과점영업","269566.844092781","492428.381424547","제과점영업","0","0","","","상수도전용","0","0","0","0","0","","0","0","N","3","","","",
"14","제과점영업","07_22_18_P","4181000","4181000-121-2023-00002","2023-01-26","","01","영업/정상","01","영업","","","","","","41.54","","강원특별자치도 춘천시 효자동 744-9","강원특별자치도 춘천시 춘천로 223, 1층 (효자동)","24259","바이","2024-11-11 15:36:16","U","2024-11-13 02:40:00","제과점영업","264906.15962607","486416.299109399","제과점영업","0","0","","","","0","0","0","0","0","","0","0","N","41.54","","","",
"15","제과점영업","07_22_18_P","4181000","4181000-121-2023-00003","2023-02-10","","01","영업/정상","01","영업","","","","","","33.32","","강원특별자치도 춘천시 동면 장학리 996-5","강원특별자치도 춘천시 동면 춘천로449번길 20-3, 1층 101호","24209","빌즈(Billz)","2023-02-27 10:09:50","I","2023-06-13 00:00:00","제과점영업","266252.67","488221.21","제과점영업","0","0","","","상수도전용","0","0","0","0","0","","0","0","N","33.32","","","",
"16","제과점영업","07_22_18_P","4181000","4181000-121-2023-00004","2023-03-20","","01","영업/정상","01","영업","","","","","","54.60","","강원특별자치도 춘천시 후평동 678-11","강원특별자치도 춘천시 춘천로 264, 1층 (후평동)","24292","위드유케이크(withyoucake)","2023-03-20 17:27:29","I","2023-06-13 00:00:00","제과점영업","265286.473206589","486587.432015705","제과점영업","0","0","","","상수도전용","0","0","0","0","0","","0","0","N","54.6","","","",
"17","제과점영업","07_22_18_P","4181000","4181000-121-2023-00005","2023-03-27","","01","영업/정상","01","영업","","","","","","276.66","","강원특별자치도 춘천시 퇴계동 107-14","강원특별자치도 춘천시 김유정로 1852-11 (퇴계동)","24422","블랑제리춘천","2023-03-31 09:31:26","I","2023-06-13 00:00:00","제과점영업","264637.710609646","483521.038460052","제과점영업","0","0","","","","0","0","0","0","0","","0","0","N","276.66","","","",
"18","제과점영업","07_22_18_P","4181000","4181000-121-2009-00007","2009-10-26","","01","영업/정상","01","영업","","","","","033 243 1602","105.00","","강원특별자치도 춘천시 신북읍 산천리 345-4","강원특별자치도 춘천시 신북읍 신북로 255","24203","남양동산","2022-02-09 11:50:53","I","2023-06-13 00:00:00","제과점영업","265813.600117606","494093.958794051","제과점영업","0","0","기타","","상수도전용","0","0","0","0","0","","0","0","N","105","","","",
"19","제과점영업","07_22_18_P","4181000","4181000-121-2010-00003","2010-03-15","","01","영업/정상","01","영업","","","","","033 269 8165","115.00","","강원특별자치도 춘천시 퇴계동 144-1 외10필지(홈플러스춘천점)","강원특별자치도 춘천시 김유정로 1840 (퇴계동, 홈플러스춘천점)","24423","몽블랑제(주)춘천점","2024-02-22 09:55:37","U","2024-02-24 02:40:00","제과점영업","264597.191878957","483368.29049207","제과점영업","0","0","아파트지역","","상수도전용","0","0","0","0","0","","0","0","Y","115","","","",
"20","제과점영업","07_22_18_P","4181000","4181000-121-2010-00005","2010-04-12","","01","영업/정상","01","영업","","","","","033 244 8255","56.80","","강원특별자치도 춘천시 동면 만천리 821-2","강원특별자치도 춘천시 동면 만천로 135 (벨몽드만천점)","24216","파리바게뜨춘천만천점","2011-11-25 17:46:38","I","2023-06-13 00:00:00","제과점영업","266786.132730214","486803.895972417","제과점영업","0","0","주택가주변","","상수도전용","0","0","0","0","0","","0","0","N","56.8","","","",
"21","제과점영업","07_22_18_P","4181000","4181000-121-2010-00006","2010-04-21","","01","영업/정상","01","영업","","","","","033 257 7109","72.00","","강원특별자치도 춘천시 칠전동 590-7","강원특별자치도 춘천시 칠전서길 28-1 (칠전동)","24457","칠전빵집","2023-09-08 14:24:35","U","2023-09-10 02:40:00","제과점영업","262680.317626698","482360.321654958","제과점영업","0","0","주택가주변","","상수도전용","0","0","0","0","0","","0","0","N","72","","","",
"22","제과점영업","07_22_18_P","4181000","4181000-121-2006-00007","2006-07-28","","01","영업/정상","01","영업","","","","","033 2440069","113.00","","강원특별자치도 춘천시 퇴계동 891-2","강원특별자치도 춘천시 행촌로 27 (퇴계동, 1층)","24441","뚜레쥬르(남춘천점)","2022-11-10 13:44:55","I","2023-06-13 00:00:00","제과점영업","263631.829470219","484334.09779904","제과점영업","0","0","기타","","상수도전용","0","0","0","0","0","","0","0","N","113","","","",
"23","제과점영업","07_22_18_P","4181000","4181000-121-2006-00009","2006-10-24","","01","영업/정상","01","영업","","","","","033 263 0081","121.02","","강원특별자치도 춘천시 석사동 880-2","강원특별자치도 춘천시 퇴계농공로 16, 1층 102,103,104호 (석사동)","24414","파리바게뜨석사퇴계CGV점","2022-11-15 14:13:25","I","2023-06-13 00:00:00","제과점영업","265437.172871451","483509.080694154","제과점영업","0","0","아파트지역","","상수도전용","0","0","0","0","0","","0","0","N","121.02","","","",
"24","제과점영업","07_22_18_P","4181000","4181000-121-2007-00002","2007-02-14","","01","영업/정상","01","영업","","","","","033 2640482","117.21","","강원특별자치도 춘천시 동내면 거두리 926-1","강원특별자치도 춘천시 동내면 춘천순환로 58 (메디피아빌딩 110호,111호,112호)","24404","파리바게뜨거두점","2012-10-29 17:12:44","I","2023-06-13 00:00:00","제과점영업","265967.686619859","483875.640969007","제과점영업","0","0","주택가주변","","상수도전용","0","0","0","0","0","","0","0","N","117.21","","","",
"25","제과점영업","07_22_18_P","4181000","4181000-121-2007-00004","2007-04-16","","01","영업/정상","01","영업","","","","","","44.19","","강원특별자치도 춘천시 효자동 641-5","강원특별자치도 춘천시 춘천로 197-1 (효자동)","24260","쁘띠마망(벨몽드점)","2025-09-01 10:26:31","U","2025-09-03 02:40:00","제과점영업","264685.969062866","486297.611528286","제과점영업","0","0","기타","","상수도전용","0","0","0","0","0","","0","0","N","44.19","","","",
"26","제과점영업","07_22_18_P","4181000","4181000-121-1989-00001","1989-01-11","","01","영업/정상","01","영업","","","","","033 255 4520","117.00","","강원특별자치도 춘천시 후평동 855-1","강원특별자치도 춘천시 삭주로 96 (후평동)","24254","파리바게트 한림점","2023-03-06 13:56:58","I","2023-06-13 00:00:00","제과점영업","265154.258761948","487026.742664707","제과점영업","0","0","","","상수도전용","0","0","0","0","0","","0","0","N","117","","","",
"27","제과점영업","07_22_18_P","4181000","4181000-121-1991-00001","1991-12-10","","01","영업/정상","01","영업","","","","","","24.32","","강원특별자치도 춘천시 후평동 891-1","강원특별자치도 춘천시 후석로 248, 1층 (후평동, 춘성할인마트내)","24313","르방베이커리","2025-07-22 09:44:16","U","2025-07-24 02:40:00","제과점영업","266175.519956675","485926.901885781","제과점영업","0","0","","","상수도전용","0","0","0","0","0","","0","0","N","24.32","","","",
"28","제과점영업","07_22_18_P","4181000","4181000-121-1993-00001","1993-06-02","","01","영업/정상","01","영업","","","","","033 243 0880","60.27","","강원특별자치도 춘천시 우두동 707-35","강원특별자치도 춘천시 충열로 39 (우두동, 1층B동)","24226","마들렌과자점","2022-02-09 11:42:48","I","2023-06-13 00:00:00","제과점영업","264363.436931186","488796.109066363","제과점영업","3","1","아파트지역","","상수도전용","0","0","0","0","0","","0","0","N","60.27","","","",
"29","제과점영업","07_22_18_P","4181000","4181000-121-1994-00001","1994-04-26","","01","영업/정상","01","영업","","","","","","164.80","","강원특별자치도 춘천시 후평동 796-2","강원특별자치도 춘천시 후석로 293, 1층 (후평동)","24282","파리바게뜨(후평점)","2022-02-09 11:43:08","I","2023-06-13 00:00:00","제과점영업","266037.5807931","486354.911608167","제과점영업","1","4","주택가주변","","상수도전용","0","0","0","0","0","","0","0","N","164.8","","","",
"30","제과점영업","07_22_18_P","4181000","4181000-121-1994-00004","1994-06-30","","01","영업/정상","01","영업","","","","","033 2621172","88.20","","강원특별자치도 춘천시 퇴계동 87","강원특별자치도 춘천시 안마산로 199, 1층 108.109호 (퇴계동, 선우씨티상가)","24421","파리바게뜨퇴계점","2023-10-04 09:37:59","U","2023-10-06 02:40:00","제과점영업","264748.442342906","483368.951022331","제과점영업","0","0","","","상수도전용","0","0","0","0","0","","0","0","N","88.2","","","",
"31","제과점영업","07_22_18_P","4181000","4181000-121-1995-00002","1995-07-11","","01","영업/정상","01","영업","","","","","033 257 5336","75.05","","강원특별자치도 춘천시 효자동 154-21","강원특별자치도 춘천시 효제길 22 (효자동)","24339","아망떼과자점","2022-11-15 13:59:45","I","2023-06-13 00:00:00","제과점영업","264660.203067061","485706.369970906","제과점영업","0","0","","","상수도전용","0","0","0","0","0","","0","0","N","75.05","","","",
"32","제과점영업","07_22_18_P","4181000","4181000-121-1995-00003","1995-02-14","","01","영업/정상","01","영업","","","","","033 2570082","59.00","","강원특별자치도 춘천시 퇴계동 891-1","강원특별자치도 춘천시 행촌로 29 (퇴계동)","24441","파리바게뜨(남춘천점)","2020-11-06 11:48:53","I","2023-06-13 00:00:00","제과점영업","263644.806778994","484353.027957445","제과점영업","0","0","","","상수도전용","0","0","0","0","0","","0","0","N","59","","","",
"33","제과점영업","07_22_18_P","4181000","4181000-121-2010-00013","2010-11-01","","01","영업/정상","01","영업","","","","","033 253 9991","47.19","","강원특별자치도 춘천시 효자동 654-9 외6필지(106호)","강원특별자치도 춘천시 춘천로 188 (효자동, 메가시티빌딩 106호)","24329","빚은팔호광장점","2011-11-25 15:09:45","I","2023-06-13 00:00:00","제과점영업","264607.739384354","486205.143820709","제과점영업","0","0","","","","0","0","0","0","0","","0","0","N","47.19","","","",
"34","제과점영업","07_22_18_P","4181000","4181000-121-2021-00027","2021-11-15","","01","영업/정상","01","영업","","","","","033 255 1123","54.00","","강원특별자치도 춘천시 동면 장학리 859","강원특별자치도 춘천시 동면 만천로 261, 1층 104호","24296","스튜디베이글","2024-07-24 16:00:11","U","2024-07-26 02:40:00","제과점영업","266258.343926198","487963.42956518","제과점영업","0","0","기타","","상수도전용","0","0","0","0","0","","0","0","N","54","","","",
"35","제과점영업","07_22_18_P","4181000","4181000-121-2021-00028","2021-11-16","","01","영업/정상","01","영업","","","","","033 263 4647","57.72","","강원특별자치도 춘천시 동내면 거두리 1062-2","강원특별자치도 춘천시 동내면 외솔길19번길 80-34, 1층","24401","유동부치아바타(주)","2021-11-24 11:46:05","I","2023-06-13 00:00:00","제과점영업","266708.277938401","484167.842761172","제과점영업","0","0","기타","","상수도전용","0","0","0","0","0","","0","0","N","57.72","","","",
"36","제과점영업","07_22_18_P","4181000","4181000-121-2021-00029","2021-11-29","","01","영업/정상","01","영업","","","","","","46.20","","강원특별자치도 춘천시 동내면 거두리 1046-3","강원특별자치도 춘천시 동내면 외솔길19번길 70, 1층 101호","24401","심플리움앤드","2022-02-09 15:20:46","I","2023-06-13 00:00:00","제과점영업","266605.714398012","484181.468426822","제과점영업","0","0","기타","","상수도전용","0","0","0","0","0","","0","0","N","46.2","","","",
"37","제과점영업","07_22_18_P","4181000","4181000-121-2022-00002","2022-02-28","","01","영업/정상","01","영업","","","","","","42.90","","강원특별자치도 춘천시 석사동 661-8","강원특별자치도 춘천시 효석로 143, 1층 (석사동)","24388","라니떡공방","2022-03-27 16:33:28","I","2023-06-13 00:00:00","제과점영업","265414.05946812","484082.122989601","제과점영업","0","0","기타","","상수도전용","0","0","0","0","0","","0","0","N","42.9","","","",
"38","제과점영업","07_22_18_P","4181000","4181000-121-2022-00004","2022-03-23","","01","영업/정상","01","영업","","","","","","9.90","","강원특별자치도 춘천시 근화동 532-8","강원특별자치도 춘천시 영서로 2529-47, 1층 (근화동)","24238","거북당제빵소(리버레인)","2024-06-27 15:48:53","U","2024-06-29 02:40:00","제과점영업","262576.029303384","487125.400005009","제과점영업","0","0","기타","","상수도전용","0","0","0","0","0","","0","0","N","9.9","","","",
"39","제과점영업","07_22_18_P","4181000","4181000-121-2022-00006","2022-05-09","","01","영업/정상","01","영업","","","","","","61.20","","강원특별자치도 춘천시 동면 만천리 326-37","강원특별자치도 춘천시 동면 순환대로 1156-19, 지하1층","24212","모토모토","2025-10-10 11:21:02","U","2025-10-12 02:40:00","제과점영업","268419.177217719","487219.245019193","제과점영업","0","0","기타","","상수도전용","0","0","0","0","0","","0","0","N","61.2","","","",
"40","제과점영업","07_22_18_P","4181000","4181000-121-2022-00007","2022-05-09","","01","영업/정상","01","영업","","","","","","6.00","","강원특별자치도 춘천시 동면 만천리 326-37","강원특별자치도 춘천시 동면 순환대로 1156-19, 지하1층","24212","모토모토","2025-10-10 11:22:45","U","2025-10-12 02:40:00","제과점영업","268419.177217719","487219.245019193","제과점영업","0","0","기타","","상수도전용","0","0","0","0","0","","0","0","N","6","","","",
"41","제과점영업","07_22_18_P","4181000","4181000-121-2022-00008","2022-05-09","","01","영업/정상","01","영업","","","","","","18.30","","강원특별자치도 춘천시 석사동 980","강원특별자치도 춘천시 후석로 120, 춘천농협농수산물종합유통센터 A동 1층 (석사동)","24326","구르망디즈","2022-06-21 17:07:08","I","2023-06-13 00:00:00","제과점영업","265760.750878195","484782.142992886","제과점영업","0","0","기타","","상수도전용","0","0","0","0","0","","0","0","N","18.3","","","",
"42","제과점영업","07_22_18_P","4181000","4181000-121-2022-00009","2022-05-20","","01","영업/정상","01","영업","","","","","033 255 4500","74.93","","강원특별자치도 춘천시 퇴계동 971-5","강원특별자치도 춘천시 퇴계로 146, 1층 (퇴계동)","24377","뚜레쥬르퇴계중앙점","2022-11-01 17:04:11","I","2023-06-13 00:00:00","제과점영업","264640.754705726","484330.936446816","제과점영업","0","0","기타","","상수도전용","0","0","0","0","0","","0","0","N","74.93","","","",
"43","제과점영업","07_22_18_P","4181000","4181000-121-2022-00011","2022-06-15","","01","영업/정상","01","영업","","","","","","114.00","","강원특별자치도 춘천시 온의동 601 춘천 센트럴타워 푸르지오","강원특별자치도 춘천시 방송길 77, 1층 1204,1205,1223호 (온의동, 춘천 센트럴타워 푸르지오)","24363","파리바게트춘천온의푸르지오","2022-06-15 11:46:08","I","2023-06-13 00:00:00","제과점영업","263345.431242431","485397.525389929","제과점영업","0","0","기타","","상수도전용","0","0","0","0","0","","0","0","N","114","","","",
"44","제과점영업","07_22_18_P","4181000","4181000-121-2022-00013","2022-07-15","","01","영업/정상","01","영업","","","","","","74.64","","강원특별자치도 춘천시 우두동 1118-1","강원특별자치도 춘천시 우두1길 101, 110호 (우두동)","24221","파리바게뜨 춘천우두점","2022-08-11 09:06:00","I","2023-06-13 00:00:00","제과점영업","264440.606462596","489843.188129103","제과점영업","0","0","","","상수도전용","0","0","0","0","0","","0","0","N","74.64","","","",
"45","제과점영업","07_22_18_P","4181000","4181000-121-2022-00014","2022-08-23","","01","영업/정상","01","영업","","","","","","81.11","","강원특별자치도 춘천시 우두동 639-9","강원특별자치도 춘천시 사우로 68 (우두동)","24226","찌니네식빵","2022-09-02 17:36:22","I","2023-06-13 00:00:00","제과점영업","264303.398987863","489595.214786154","제과점영업","0","0","","","상수도전용","0","0","0","0","0","","0","0","N","81.11","","","",
"46","제과점영업","07_22_18_P","4181000","4181000-121-2005-00006","2005-05-04","","01","영업/정상","01","영업","","","","","033 2434520","99.70","","강원특별자치도 춘천시 중앙로2가 5","강원특별자치도 춘천시 금강로 54 (중앙로2가, 1,2,3층)","24353","파리바게뜨(명동점)","2018-03-27 13:23:52","I","2023-06-13 00:00:00","제과점영업","263957.367725407","486634.866926335","제과점영업","0","0","","","상수도전용","0","0","0","0","0","","0","0","N","99.7","","","",
"47","제과점영업","07_22_18_P","4181000","4181000-121-2005-00010","2005-11-14","","01","영업/정상","01","영업","","","","","033 253 8504","114.20","","강원특별자치도 춘천시 온의동 511 이마트","강원특별자치도 춘천시 경춘로 2353, 이마트춘천점 (온의동)","24435","(주)신세계푸드블랑제리춘천점","2025-04-10 13:26:30","U","2025-04-12 02:40:00","제과점영업","263141.943193102","484821.289677657","제과점영업","0","0","기타","","","0","0","0","0","0","","0","0","N","114.2","","","",
"48","제과점영업","07_22_18_P","4181000","4181000-121-2007-00008","2007-07-27","","01","영업/정상","01","영업","","","","","033 257 8205","76.23","","강원특별자치도 춘천시 후평동 692","강원특별자치도 춘천시 춘천로296번길 3 (후평동, 1층)","24277","파리바게뜨춘천포스코점","2022-08-16 14:54:30","I","2023-06-13 00:00:00","제과점영업","265580.230265785","486750.045883114","제과점영업","0","0","기타","","상수도전용","0","0","0","0","0","","0","0","N","76.23","","","",
"49","제과점영업","07_22_18_P","4181000","4181000-121-2007-00012","2007-11-21","","01","영업/정상","01","영업","","","","","033 242 0908","113.44","","강원특별자치도 춘천시 교동 157-24","강원특별자치도 춘천시 삭주로 76 (교동, 1층)","24259","뚜레주르(한림대점)","2024-08-08 11:08:38","U","2024-08-10 02:40:00","제과점영업","264948.061912947","487006.600653043","제과점영업","0","0","기타","","상수도전용","0","0","0","0","0","","0","0","N","113.44","","","",
"50","제과점영업","07_22_18_P","4181000","4181000-121-2016-00028","2016-12-06","","01","영업/정상","01","영업","","","","","","40.15","","강원특별자치도 춘천시 석사동 339","강원특별자치도 춘천시 공지로 126, 1층 (석사동, 춘천교육대학교내 학생회관)","24328","카페음","2022-02-09 13:07:15","I","2023-06-13 00:00:00","제과점영업","265831.097866827","484368.23347021","제과점영업","0","0","기타","","상수도전용","0","0","0","0","0","","0","0","N","40.15","","","",
"51","제과점영업","07_22_18_P","4181000","4181000-121-2017-00003","2017-03-14","","01","영업/정상","01","영업","","","","","","60.00","","강원특별자치도 춘천시 동면 장학리 234 지하1층","강원특별자치도 춘천시 동면 춘천순환로 600, 지하1층","24213","빵굽는마미갸또춘천","2022-02-09 13:07:35","I","2023-06-13 00:00:00","제과점영업","266540.279685759","488014.164781552","제과점영업","0","0","","","상수도전용","0","0","0","0","0","","0","0","N","60","","","",
"52","제과점영업","07_22_18_P","4181000","4181000-121-2017-00005","2017-07-04","","01","영업/정상","01","영업","","","","","033 262 2001","96.99","","강원특별자치도 춘천시 석사동 818-5","강원특별자치도 춘천시 퇴계로 229, 1층 (석사동)","24390","파리바게트춘천봄내점","2022-02-09 13:07:55","I","2023-06-13 00:00:00","제과점영업","265393.064862255","483997.38601415","제과점영업","0","0","기타","","상수도전용","0","0","0","0","0","","0","0","N","96.99","","","",
"53","제과점영업","07_22_18_P","4181000","4181000-121-2018-00016","2018-08-24","","01","영업/정상","01","영업","","","","","033 264 5407","154.77","","강원특별자치도 춘천시 효자동 287-5","강원특별자치도 춘천시 공지로 240, 1층 (효자동)","24343","뚜레쥬르효자점","2023-06-02 13:10:07","I","2023-06-13 00:00:00","제과점영업","264824.534311814","484847.607493535","제과점영업","0","0","주택가주변","","상수도전용","0","0","0","0","0","","0","0","N","154.77","","","",
"54","제과점영업","07_22_18_P","4181000","4181000-121-2019-00002","2019-01-29","","01","영업/정상","01","영업","","","","","02  22765000","91.00","","강원특별자치도 춘천시 온의동 6-25 롯데마트","강원특별자치도 춘천시 방송길 84, 롯데마트 1층 (온의동)","24364","베이커리팩토리춘천점","2020-06-09 16:11:58","I","2023-06-13 00:00:00","제과점영업","263109.175778889","485355.40305733","제과점영업","0","0","기타","","상수도전용","0","0","0","0","0","","0","0","N","91","","","",
"55","제과점영업","07_22_18_P","4181000","4181000-121-2019-00003","2019-03-12","","01","영업/정상","01","영업","","","","","033 262 8063","74.34","","강원특별자치도 춘천시 동내면 거두리 1127-9","강원특별자치도 춘천시 동내면 거두택지길44번길 19-1, 1층","24399","동내빵집","2022-02-09 13:11:16","I","2023-06-13 00:00:00","제과점영업","266627.209014889","483772.643054175","제과점영업","0","0","","","상수도전용","0","0","0","0","0","","0","0","N","74.34","","","",
"56","제과점영업","07_22_18_P","4181000","4181000-121-2019-00007","2019-05-14","","01","영업/정상","01","영업","","","","","","71.39","","강원특별자치도 춘천시 석사동 27-2 롯데마트 석사점","강원특별자치도 춘천시 세실로 108, 롯데마트 석사점 1층 (석사동)","24315","라비베이커리(춘천점)","2022-02-09 13:12:13","I","2023-06-13 00:00:00","제과점영업","266737.880921009","485159.020559127","제과점영업","0","0","","","상수도전용","0","0","0","0","0","","0","0","N","71.39","","","",
"57","제과점영업","07_22_18_P","4181000","4181000-121-2011-00007","2011-06-27","","01","영업/정상","01","영업","","","","","033 251 4876","26.23","","강원특별자치도 춘천시 후평동 692-1","강원특별자치도 춘천시 효평길 97 (후평동, 1층)","24277","수제빵","2017-05-24 11:10:20","I","2023-06-13 00:00:00","제과점영업","265578.883145319","486729.610944238","제과점영업","0","0","주택가주변","","상수도전용","0","0","0","0","0","","0","0","N","26.23","","","",
"58","제과점영업","07_22_18_P","4181000","4181000-121-2012-00007","2012-06-18","","01","영업/정상","01","영업","","","","","033 261 6358","107.59","","강원특별자치도 춘천시 근화동 291-20","강원특별자치도 춘천시 공지로439번길 24 (근화동)","24360","파리바게뜨춘천신성점","2012-07-12 20:43:28","I","2023-06-13 00:00:00","제과점영업","263307.322571913","485763.429266133","제과점영업","0","0","아파트지역","","상수도전용","0","0","0","0","0","","0","0","N","107.59","","","",
"59","제과점영업","07_22_18_P","4181000","4181000-121-2014-00012","2014-07-07","","01","영업/정상","01","영업","","","","","","40.87","","강원특별자치도 춘천시 동내면 학곡리 364-5","강원특별자치도 춘천시 동내면 학곡동2길 17 (동춘천농협하나로마트내)","24408","하루밀","2022-12-05 15:01:58","I","2023-06-13 00:00:00","제과점영업","266905.747808918","482037.862189013","제과점영업","0","0","기타","","상수도전용","0","0","0","0","0","","0","0","N","40.87","","","",
"60","제과점영업","07_22_18_P","4181000","4181000-121-2015-00002","2015-06-29","","01","영업/정상","01","영업","","","","","070 75593654","94.12","","강원특별자치도 춘천시 후평동 848-10","강원특별자치도 춘천시 후석로379번길 34, 2층 (후평동)","24254","살루떼","2015-06-29 15:36:13","I","2023-06-13 00:00:00","제과점영업","265344.339668803","487047.379939234","제과점영업","0","0","기타","","상수도전용","0","0","0","0","0","","0","0","N","94.12","","","",
"61","제과점영업","07_22_18_P","4181000","4181000-121-2015-00003","2015-07-15","","01","영업/정상","01","영업","","","","","033 252 2369","65.10","","강원특별자치도 춘천시 퇴계동 1129","강원특별자치도 춘천시 퇴계로 133, 1층 (퇴계동)","24380","프레즌트15","2022-02-09 11:56:08","I","2023-06-13 00:00:00","제과점영업","264577.5695288","484424.963308334","제과점영업","0","0","기타","","상수도전용","0","0","0","0","0","","0","0","N","65.1","","","",
"62","제과점영업","07_22_18_P","4181000","4181000-121-2015-00007","2015-10-12","","01","영업/정상","01","영업","","","","","","43.87","","강원특별자치도 춘천시 동내면 거두리 976-7","강원특별자치도 춘천시 동내면 거두택지길14번길 20, 1층","24405","브레드10","2022-02-09 13:04:43","I","2023-06-13 00:00:00","제과점영업","266292.663375297","483468.639522296","제과점영업","0","0","기타","","상수도전용","0","0","0","0","0","","0","0","N","43.87","","","",
"63","제과점영업","07_22_18_P","4181000","4181000-121-2020-00003","2020-02-20","","01","영업/정상","01","영업","","","","","","26.25","","강원특별자치도 춘천시 효자동 309-4","강원특별자치도 춘천시 공지로 276, 1층 (효자동)","24342","효자동디저트","2022-02-09 13:13:30","I","2023-06-13 00:00:00","제과점영업","264566.077423952","485098.076550108","제과점영업","0","0","기타","","상수도전용","0","0","0","0","0","","0","0","N","26.25","","","",
"64","제과점영업","07_22_18_P","4181000","4181000-121-2020-00004","2020-02-28","","01","영업/정상","01","영업","","","","","","42.75","","강원특별자치도 춘천시 퇴계동 1104","강원특별자치도 춘천시 퇴계로 129-11, 1층 102호 (퇴계동)","24380","하루에베이커리","2025-04-08 13:31:45","U","2025-04-10 02:40:00","제과점영업","264586.489096877","484542.794266797","제과점영업","0","0","","","상수도전용","0","0","0","0","0","","0","0","N","42.75","","","",
"65","제과점영업","07_22_18_P","4181000","4181000-121-2020-00005","2020-02-28","","01","영업/정상","01","영업","","","","","","74.62","","강원특별자치도 춘천시 옥천동 2-4","강원특별자치도 춘천시 봉의산길22번길 25, 1층 (옥천동)","24265","진솔미과점","2022-02-09 13:14:02","I","2023-06-13 00:00:00","제과점영업","264515.576309631","487247.466142578","제과점영업","0","0","","","상수도전용","0","0","0","0","0","","0","0","N","74.62","","","",
"66","제과점영업","07_22_18_P","4181000","4181000-121-2020-00008","2020-04-08","","01","영업/정상","01","영업","","","","","","6.00","","강원특별자치도 춘천시 신북읍 율문리 551-1","강원특별자치도 춘천시 신북읍 율문길 71, 신북농협 1층","24206","케익하우스몽마","2020-04-08 16:58:22","I","2023-06-13 00:00:00","제과점영업","265486.324533957","491723.428032791","제과점영업","0","0","기타","","상수도전용","0","0","0","0","0","","0","0","N","6","","","",
"67","제과점영업","07_22_18_P","4181000","4181000-121-2020-00009","2020-04-13","","01","영업/정상","01","영업","","","","","033 244 0089","72.70","","강원특별자치도 춘천시 퇴계동 1240","강원특별자치도 춘천시 안마산로 115, 이편한세상 춘천 한숲시티 상가A동 1층 A3-106,107호 (퇴계동)","24448","파리바게뜨춘천한숲점","2023-08-11 11:50:10","U","2023-08-13 02:40:00","제과점영업","264260.591704341","483777.59503768","제과점영업","0","0","기타","","상수도전용","0","0","0","0","0","","0","0","N","72.7","","","",
"68","제과점영업","07_22_18_P","4181000","4181000-121-2020-00011","2020-05-25","","01","영업/정상","01","영업","","","","","033 262 9004","113.00","","강원특별자치도 춘천시 동내면 거두리 1123-5","강원특별자치도 춘천시 동내면 거두택지길 66, 1층","24399","박혜정케이커리","2020-06-09 17:40:49","I","2023-06-13 00:00:00","제과점영업","266657.511936783","483836.40919545","제과점영업","0","0","기타","","상수도전용","0","0","0","0","0","","0","0","N","113","","","",
"69","제과점영업","07_22_18_P","4181000","4181000-121-2020-00012","2020-07-08","","01","영업/정상","01","영업","","","","","033 251 9982","45.50","","강원특별자치도 춘천시 칠전동 42","강원특별자치도 춘천시 옛경춘로 585, 지하1층 (칠전동)","24239","오하이베이크하우스","2022-02-09 13:16:22","I","2023-06-13 00:00:00","제과점영업","262609.521773606","483353.499229671","제과점영업","0","0","기타","","상수도전용","0","0","0","0","0","","0","0","N","45.5","","","",
"70","제과점영업","07_22_18_P","4181000","4181000-121-1931-00001","1931-09-28","","01","영업/정상","01","영업","","","","","033 254 3446","61.26","","강원특별자치도 춘천시 중앙로1가 77-2","강원특별자치도 춘천시 중앙로 39, 1층 (중앙로1가)","24346","독일제과","2024-06-19 13:51:16","U","2024-06-21 02:40:00","제과점영업","264006.688831277","486758.555828607","제과점영업","0","0","","","","0","0","0","0","0","","0","0","N","61.26","","","",
"71","제과점영업","07_22_18_P","4181000","4181000-121-2021-00008","2021-04-16","","01","영업/정상","01","영업","","","","","033 252 2049","108.00","","강원특별자치도 춘천시 소양로2가 172-1 신동아아파트","강원특별자치도 춘천시 서부대성로 12, 서부시장상가동 128호 (소양로2가, 신동아아파트)","24272","거북당제빵소","2025-01-09 11:44:20","U","2025-01-11 02:40:00","제과점영업","263675.833817836","487157.336209289","제과점영업","0","0","기타","기타","상수도전용","0","0","0","0","0","","0","0","N","108","","","",
"72","제과점영업","07_22_18_P","4181000","4181000-121-2021-00010","2021-04-27","","01","영업/정상","01","영업","","","","","033 910 0252","78.45","","강원특별자치도 춘천시 후평동 798-1","강원특별자치도 춘천시 부안길 4 (후평동)","24282","블랑오","2022-02-09 15:16:25","I","2023-06-13 00:00:00","제과점영업","266038.474053211","486201.984328189","제과점영업","0","0","기타","","상수도전용","0","0","0","0","0","","0","0","N","78.45","","","",
"73","제과점영업","07_22_18_P","4181000","4181000-121-2021-00011","2021-06-15","","01","영업/정상","01","영업","","","","","","151.19","","강원특별자치도 춘천시 효자동 616","강원특별자치도 춘천시 서부대성로 196, 1층 (효자동)","24331","214도넛","2023-01-09 10:23:13","I","2023-06-13 00:00:00","제과점영업","265052.502726372","486018.490459854","제과점영업","0","0","","","상수도전용","0","0","0","0","0","","0","0","N","151.19","","","",
"74","제과점영업","07_22_18_P","4181000","4181000-121-2021-00015","2021-07-19","","01","영업/정상","01","영업","","","","","033 252 1450","68.21","","강원특별자치도 춘천시 효자동 17-1 강원대학교병원","강원특별자치도 춘천시 백령로 156, 강원대학교병원 어린이병동 1층 (효자동)","24289","브래댄코강대병원점","2022-02-09 15:17:36","I","2023-06-13 00:00:00","제과점영업","265438.256393839","486072.554860519","제과점영업","0","0","","","상수도전용","0","0","0","0","0","","0","0","N","68.21","","","",
"75","제과점영업","07_22_18_P","4181000","4181000-121-2020-00017","2020-07-17","","01","영업/정상","01","영업","","","","","033 251 9982","3.00","","강원특별자치도 춘천시 칠전동 42","강원특별자치도 춘천시 옛경춘로 585, 1층 (칠전동)","24239","오하이베이크하우스","2020-08-11 17:32:31","I","2023-06-13 00:00:00","제과점영업","262609.521773606","483353.499229671","제과점영업","0","0","기타","","상수도전용","0","0","0","0","0","","0","0","N","3","","","",
"76","제과점영업","07_22_18_P","4181000","4181000-121-2020-00020","2020-09-18","","01","영업/정상","01","영업","","","","","","6.60","","강원특별자치도 춘천시 석사동 818-8","강원특별자치도 춘천시 퇴계로 235, MS마트봄내점 1층 (석사동)","24390","빵굽는사람들MS마트봄내점","2023-11-24 13:56:02","U","2023-11-26 02:40:00","제과점영업","265478.300037594","483969.81086687","제과점영업","0","0","기타","","상수도전용","0","0","0","0","0","","0","0","N","6.6","","","",
"77","제과점영업","07_22_18_P","4181000","4181000-121-2020-00021","2020-09-18","","01","영업/정상","01","영업","","","","","","3.30","","강원특별자치도 춘천시 우두동 707-1","강원특별자치도 춘천시 충열로79번길 37, MS마트우두점 1층 (우두동)","24226","빵굽는사람들MS마트우두점","2023-11-24 13:58:52","U","2023-11-26 02:40:00","제과점영업","264386.876770642","488839.474051973","제과점영업","0","0","기타","","상수도전용","0","0","0","0","0","","0","0","N","3.3","","","",
"78","제과점영업","07_22_18_P","4181000","4181000-121-2020-00022","2020-10-08","","01","영업/정상","01","영업","","","","","","3.00","","강원특별자치도 춘천시 동면 장학리 144-16","강원특별자치도 춘천시 동면 순환대로 1154-97, 1층","24212","쁘띠방스산토리니점","2020-10-08 11:52:33","I","2023-06-13 00:00:00","제과점영업","268215.663240199","487927.403356436","제과점영업","0","0","기타","","상수도전용","0","0","0","0","0","","0","0","N","3","","","",
"79","제과점영업","07_22_18_P","4181000","4181000-121-2020-00023","2020-12-02","","01","영업/정상","01","영업","","","","","033 251 6570","66.00","","강원특별자치도 춘천시 효자동 694","강원특별자치도 춘천시 춘천로68번길 42 (효자동)","24366","데일리베이크샵","2023-07-07 10:18:19","U","2023-07-09 02:40:00","제과점영업","264048.247714648","485354.407496529","제과점영업","0","0","기타","기타","상수도전용","0","0","0","0","0","","0","0","N","66","","","",
"80","제과점영업","07_22_18_P","4181000","4181000-121-2021-00020","2021-09-06","","01","영업/정상","01","영업","","","","","","44.07","","강원특별자치도 춘천시 퇴계동 910-5","강원특별자치도 춘천시 춘주로179번길 16, 1층 (퇴계동)","24451","손정화떡케이크","2021-09-24 16:29:27","I","2023-06-13 00:00:00","제과점영업","263834.720550587","484383.193852573","제과점영업","0","0","","","상수도전용","0","0","0","0","0","","0","0","N","44.07","","","",
"81","제과점영업","07_22_18_P","4181000","4181000-121-2021-00022","2021-10-20","","01","영업/정상","01","영업","","","","","033 263 0220","35.00","","강원특별자치도 춘천시 동내면 신촌리 107-15","강원특별자치도 춘천시 동내면 금촌로 107-27, 지하1층","24399","카페드220볼트","2025-07-07 15:12:45","U","2025-07-09 02:40:00","제과점영업","268924.543428397","484114.172644316","제과점영업","0","0","기타","","상수도전용","0","0","0","0","0","","0","0","N","35","","","",
"82","제과점영업","07_22_18_P","4181000","4181000-121-2021-00023","2021-10-20","","01","영업/정상","01","영업","","","","","033 263 0220","30.94","","강원특별자치도 춘천시 삼천동 392-10","강원특별자치도 춘천시 스포츠타운길 245, 1층 (삼천동)","24239","인디커피삼악산케이블카점","2022-02-09 15:19:24","I","2023-06-13 00:00:00","제과점영업","260782.179165018","484909.36425671","제과점영업","0","0","기타","","상수도전용","0","0","0","0","0","","0","0","N","30.94","","","",
"83","제과점영업","07_22_18_P","4181000","4181000-121-2021-00024","2021-10-21","","01","영업/정상","01","영업","","","","","","56.98","","강원특별자치도 춘천시 동면 감정리 468-4","강원특별자치도 춘천시 동면 가락재로 132-14, 1층","24212","아뜰리에빠시옹","2022-02-09 15:19:41","I","2023-06-13 00:00:00","제과점영업","269019.183016055","489207.308756127","제과점영업","0","0","기타","","상수도전용","0","0","0","0","0","","0","0","N","56.98","","","",
"84","제과점영업","07_22_18_P","4181000","4181000-121-2020-00024","2020-12-04","","01","영업/정상","01","영업","","","","","033 251 5070","49.50","","강원특별자치도 춘천시 삼천동 16-9","강원특별자치도 춘천시 옛경춘로 837, 1층 (삼천동)","24239","비비비씨(Blues Bakery Bike Cafe)","2023-01-30 14:31:23","I","2023-06-13 00:00:00","제과점영업","262240.679109701","485723.83016095","제과점영업","0","0","기타","기타","상수도전용","0","0","0","0","0","","0","0","N","49.5","","","",
"85","제과점영업","07_22_18_P","4181000","4181000-121-2020-00028","2020-12-15","","01","영업/정상","01","영업","","","","","","3.30","","강원특별자치도 춘천시 후평동 481-4","강원특별자치도 춘천시 후만로 29, 예스마트내 1층 (후평동)","24281","하루에베이커리강대점","2020-12-15 15:56:52","I","2023-06-13 00:00:00","제과점영업","265765.434175111","486004.566018766","제과점영업","0","0","기타","","상수도전용","0","0","0","0","0","","0","0","N","3.3","","","",
"86","제과점영업","07_22_18_P","4181000","4181000-121-2021-00001","2021-01-06","","01","영업/정상","01","영업","","","","","033 910 0606","102.00","","강원특별자치도 춘천시 후평동 67-72","강원특별자치도 춘천시 후석로 312, 1층 (후평동)","24304","뚜레쥬르춘천후평점","2024-08-16 09:41:30","U","2024-08-18 02:40:00","제과점영업","265993.969354751","486528.741471488","제과점영업","0","0","기타","","상수도전용","0","0","0","0","0","","0","0","N","102","","","",
"87","제과점영업","07_22_18_P","4181000","4181000-121-2021-00004","2021-02-17","","01","영업/정상","01","영업","","","","","","110.00","","강원특별자치도 춘천시 온의동 536-8","강원특별자치도 춘천시 안마산로 5, 1층 (온의동)","24438","자유빵집2호점","2024-06-17 16:54:05","U","2024-06-19 02:40:00","제과점영업","263062.807543143","484324.323974277","제과점영업","0","0","","","상수도전용","0","0","0","0","0","","0","0","N","110","","","",
"88","제과점영업","07_22_18_P","4181000","4181000-121-2017-00006","2017-08-02","","01","영업/정상","01","영업","","","","","033 262 1665","37.00","","강원특별자치도 춘천시 석사동 725-6","강원특별자치도 춘천시 애막골길3번길 67, 1층 (석사동)","24320","이레빵집","2022-02-09 13:08:14","I","2023-06-13 00:00:00","제과점영업","266444.006758358","485174.823445765","제과점영업","0","0","기타","","상수도전용","0","0","0","0","0","","0","0","N","37","","","",
"89","제과점영업","07_22_18_P","4181000","4181000-121-2017-00010","2017-10-11","","01","영업/정상","01","영업","","","","","033 911 9871","70.78","","강원특별자치도 춘천시 후평동 735-23","강원특별자치도 춘천시 만천로199번길 28, 1층 (후평동)","24297","자유빵집","2022-02-09 13:08:48","I","2023-06-13 00:00:00","제과점영업","266098.280198394","487288.668633463","제과점영업","0","0","기타","","상수도전용","0","0","0","0","0","","0","0","N","70.78","","","",
"90","제과점영업","07_22_18_P","4181000","4181000-121-2017-00011","2017-11-17","","01","영업/정상","01","영업","","","","","050713542763","276.50","","강원특별자치도 춘천시 남산면 백양리 29-1 엘리시안 강촌","강원특별자치도 춘천시 남산면 북한강변길 688, 지하1,지상1층","24464","아라비스타","2024-12-17 10:48:16","U","2024-12-19 02:40:00","제과점영업","251021.728216938","480612.913126754","제과점영업","0","0","","","전용상수도(특정시설의 자가용 수도)","0","0","0","0","0","","0","0","N","276.5","","","",
"91","제과점영업","07_22_18_P","4181000","4181000-121-2012-00011","2012-10-02","","01","영업/정상","01","영업","","","","","033 251 8919","32.40","","강원특별자치도 춘천시 동면 장학리 989","강원특별자치도 춘천시 동면 소양강로 100-1, 1층 101호(우측)호","24209","쁘띠방스","2022-11-15 14:44:11","I","2023-06-13 00:00:00","제과점영업","266007.923047485","488388.750760334","제과점영업","0","0","아파트지역","","상수도전용","0","0","0","0","0","","0","0","N","32.4","","","",
"92","제과점영업","07_22_18_P","4181000","4181000-121-2013-00002","2013-01-31","","01","영업/정상","01","영업","","","","","033 255 0008","880.61","","강원특별자치도 춘천시 석사동 796-5","강원특별자치도 춘천시 퇴계로 191, 1, 2층 (석사동)","24386","대원당","2022-12-29 18:42:55","I","2023-06-13 00:00:00","제과점영업","265058.766472028","484123.903138431","제과점영업","0","0","","","","0","0","0","0","0","","0","0","N","880.61","","","",
"93","제과점영업","07_22_18_P","4181000","4181000-121-2016-00001","2016-01-28","","01","영업/정상","01","영업","","","","","","48.15","","강원특별자치도 춘천시 후평동 79-1","강원특별자치도 춘천시 후석로326번길 14, 1층 (후평동, MS마트내)","24302","빵굽는마미갸또","2025-03-10 10:39:44","U","2025-03-12 02:40:00","제과점영업","266034.226125793","486685.766212976","제과점영업","0","0","기타","","상수도전용","0","0","0","0","0","","0","0","N","48.15","","","",
"94","제과점영업","07_22_18_P","4181000","4181000-121-2016-00002","2016-02-18","","01","영업/정상","01","영업","","","","","","17.55","","강원특별자치도 춘천시 퇴계동 1017","강원특별자치도 춘천시 지석로 80, 1층 152호 (퇴계동, 춘천시너스카펠라복합빌딩)","24420","떡애정","2022-02-09 13:05:11","I","2023-06-13 00:00:00","제과점영업","265386.634330563","483368.251535269","제과점영업","0","0","기타","","상수도전용","0","0","0","0","0","","0","0","N","17.55","","","",
"95","제과점영업","07_22_18_P","4181000","4181000-121-2017-00012","2017-11-21","","01","영업/정상","01","영업","","","","","","3.00","","강원특별자치도 춘천시 소양로2가 183 e편한세상 춘천","강원특별자치도 춘천시 서부대성로 33, 1층 (소양로2가, e편한세상 춘천 MS마트내)","24269","빵굽는사람들MS마트","2023-11-24 13:51:10","U","2023-11-26 02:40:00","제과점영업","263878.241313981","487229.601235969","제과점영업","0","0","기타","","상수도전용","0","0","0","0","0","","0","0","N","3","","","",
"96","제과점영업","07_22_18_P","4181000","4181000-121-2018-00009","2018-04-30","","01","영업/정상","01","영업","","","","","","33.00","","강원특별자치도 춘천시 운교동 170","강원특별자치도 춘천시 춘천로151번길 21-2, 1층 (운교동)","24355","구스타프케이크","2023-06-05 10:30:33","I","2023-06-13 00:00:00","제과점영업","264113.511146113","486352.682871181","제과점영업","0","0","","","상수도전용","0","0","0","0","0","","0","0","N","33","","","",
"97","제과점영업","07_22_18_P","4181000","4181000-121-2013-00008","2013-11-07","","01","영업/정상","01","영업","","","","","033 253 0082","99.00","","강원특별자치도 춘천시 동면 장학리 1007-5 104,105호","강원특별자치도 춘천시 동면 춘천로 457, 유정빌딩 1층 104,105호","24209","파리바게뜨춘천장학점","2022-02-04 15:13:05","I","2023-06-13 00:00:00","제과점영업","266390.426641279","488083.815114444","제과점영업","0","0","기타","","상수도전용","0","0","0","0","0","","0","0","N","99","","","",
"98","제과점영업","07_22_18_P","4181000","4181000-121-2016-00010","2016-09-05","","01","영업/정상","01","영업","","","","","","3.00","","강원특별자치도 춘천시 퇴계동 1152-2","강원특별자치도 춘천시 효자로 7-1, 1층 (퇴계동, CC마트 강대점)","24367","르방베이커리(CC베이커리)","2022-02-09 13:06:14","I","2023-06-13 00:00:00","제과점영업","263814.739690008","485032.963469186","제과점영업","0","0","기타","","상수도전용","0","0","0","0","0","","0","0","N","3","","","",
"99","제과점영업","07_22_18_P","4181000","4181000-121-2018-00013","2018-08-07","","01","영업/정상","01","영업","","","","","","48.21","","강원특별자치도 춘천시 퇴계동 164-3 하나로마트(퇴계점)","강원특별자치도 춘천시 지석로 11, 하나로마트(퇴계점) 1층 (퇴계동)","24413","빵굽는사람들","2025-09-23 09:55:30","U","2025-09-25 02:40:00","제과점영업","264838.52203719","483744.542704867","제과점영업","0","0","기타","","상수도전용","0","0","0","0","0","","0","0","N","48.21","","","",
"100","제과점영업","07_22_18_P","4181000","4181000-121-2018-00014","2018-08-17","","01","영업/정상","01","영업","","","","","033 255 6419","99.00","","강원특별자치도 춘천시 옥천동 1-1 한림대학교","강원특별자치도 춘천시 한림대학길 1, 학생회관(김유정관) 2층 (옥천동)","24252","브레댄코춘천한림대점","2022-02-09 13:10:10","I","2023-06-13 00:00:00","제과점영업","264602.141926602","487386.633309595","제과점영업","0","0","기타","","상수도전용","0","0","0","0","0","","0","0","N","99","","","",
"101","제과점영업","07_22_18_P","4181000","4181000-121-2011-00002","2011-04-29","","01","영업/정상","01","영업","","","","","033 242 3010","17.03","","강원특별자치도 춘천시 동면 장학리 144-16","강원특별자치도 춘천시 동면 순환대로 1154-97 (1층)","24212","산토리니","2023-06-07 16:24:38","I","2023-06-13 00:00:00","제과점영업","268215.663240199","487927.403356436","제과점영업","0","0","기타","","상수도전용","0","0","0","0","0","","0","0","N","17.03","","","",
"102","제과점영업","07_22_18_P","4181000","4181000-121-2011-00005","2011-06-08","","01","영업/정상","01","영업","","","","","033 257 0092","65.60","","강원특별자치도 춘천시 중앙로2가 41-3 (1층,2층)","강원특별자치도 춘천시 중앙로77번길 6-2 (중앙로2가, 1층,2층)","24354","빵이가득한집","2012-07-11 14:15:33","I","2023-06-13 00:00:00","제과점영업","263799.217973403","486452.862224663","제과점영업","0","0","기타","","상수도전용","0","0","0","0","0","","0","0","N","65.6","","","",
"103","제과점영업","07_22_18_P","4181000","4181000-121-2014-00004","2014-01-10","","01","영업/정상","01","영업","","","","","033 258 5086","66.00","","강원특별자치도 춘천시 사농동 99-6 외 2필지  벨몽드강북점 내","강원특별자치도 춘천시 사우4길 36 (사농동, 벨몽드강북점 내)","24226","뚜레쥬르강북점","2017-05-15 16:06:49","I","2023-06-13 00:00:00","제과점영업","263975.351693496","489554.950314904","제과점영업","0","0","주택가주변","","상수도전용","0","0","0","0","0","","0","0","N","66","","","",
"104","제과점영업","07_22_18_P","4181000","4181000-121-2024-00009","2024-10-17","","01","영업/정상","01","영업","","","","","","3.30","","강원특별자치도 춘천시 남산면 광판리 591-42","강원특별자치도 춘천시 남산면 장터골길 32","24466","근화당(남산하나로마트)","2024-10-18 09:35:38","I","2024-10-20 00:13:05","제과점영업","262228.373716671","470416.055820449","제과점영업","0","0","","","상수도전용","0","0","0","0","0","","0","0","N","3.3","","","",
"105","제과점영업","07_22_18_P","4181000","4181000-121-2024-00006","2024-06-03","","01","영업/정상","01","영업","","","","","","50.84","","강원특별자치도 춘천시 동내면 거두리 770-11","강원특별자치도 춘천시 동내면 춘천순환로94번길 31, 지하1층","24399","챌린지제빵소","2024-06-03 13:16:39","I","2024-06-05 00:14:21","제과점영업","266436.097543651","483730.947768038","제과점영업","0","0","","","상수도전용","0","0","0","0","0","","0","0","N","50.84","","","",
"106","제과점영업","07_22_18_P","4181000","4181000-121-2024-00003","2024-05-02","","01","영업/정상","01","영업","","","","","","137.63","","강원특별자치도 춘천시 동내면 학곡리 105-77","강원특별자치도 춘천시 동내면 영서로 1543-48, 1,2층","24408","브와베르(BOIS VERT)","2025-05-13 10:57:48","U","2025-05-15 02:40:00","제과점영업","266672.489231958","479358.006035334","제과점영업","0","0","","","상수도전용","0","0","0","0","0","","0","0","Y","137.63","","","",
"107","제과점영업","07_22_18_P","4181000","4181000-121-2024-00005","2024-05-09","","01","영업/정상","01","영업","","","","","","66.00","","강원특별자치도 춘천시 동내면 신촌리 396-5","강원특별자치도 춘천시 동내면 향군길 14, 2동 1층","24407","신촌리빵집","2024-05-09 15:14:55","I","2024-05-11 00:14:42","제과점영업","267109.1409988","483073.408333214","제과점영업","0","0","","","상수도전용","0","0","0","0","0","","0","0","N","66","","","",
"108","제과점영업","07_22_18_P","4181000","4181000-121-2024-00002","2024-04-29","","01","영업/정상","01","영업","","","","","","31.03","","강원특별자치도 춘천시 효자동 710-1","강원특별자치도 춘천시 공지로297번길 9, 1층 우측상가호 (효자동)","24372","브레드11","2024-04-29 13:55:22","I","2024-05-01 00:15:26","제과점영업","264347.271624823","485137.517339876","제과점영업","0","0","","","상수도전용","0","0","0","0","0","","0","0","N","31.03","","","",
"109","제과점영업","07_22_18_P","4181000","4181000-121-2025-00028","2025-10-20","","01","영업/정상","01","영업","","","","","","90.29","","강원특별자치도 춘천시 온의동 548-9","강원특별자치도 춘천시 행촌로 1, 1층 (온의동)","24438","거북당빵나라","2025-10-20 10:01:06","I","2025-10-23 00:20:17","제과점영업","263238.898495266","484258.024735143","제과점영업","0","0","기타","","상수도전용","0","0","0","0","0","","0","0","N","90.29","","","",
"110","제과점영업","07_22_18_P","4181000","4181000-121-2025-00020","2025-07-22","","01","영업/정상","01","영업","","","","","","3.00","","강원특별자치도 춘천시 후평동 692-2","강원특별자치도 춘천시 춘천로 300, 1층 (후평동)","24277","르방베이커리원마트점","2025-07-22 09:42:09","I","2025-07-24 00:20:02","제과점영업","265595.555467962","486760.924808177","제과점영업","0","0","기타","","상수도전용","0","0","0","0","0","","0","0","N","3","","","",
"111","제과점영업","07_22_18_P","4181000","4181000-121-2025-00024","2025-09-10","","01","영업/정상","01","영업","","","","","","45.90","","강원특별자치도 춘천시 석사동 873 현진에버빌2차","강원특별자치도 춘천시 지석로 63, 현진에버빌2차 상가동 1층 106,109호 (석사동)","24414","피버하우스","2025-09-10 11:43:22","I","2025-09-12 00:20:11","제과점영업","265285.134233062","483576.441659043","제과점영업","0","0","기타","","상수도전용","0","0","0","0","0","","0","0","N","45.9","","","",
"112","제과점영업","07_22_18_P","4181000","4181000-121-2025-00021","2025-07-23","","01","영업/정상","01","영업","","","","","","19.83","","강원특별자치도 춘천시 조양동 26-1","강원특별자치도 춘천시 시청길10번길 4-2, 1층 (조양동)","24352","오호하우스(OHO HOUSE)","2025-07-25 15:49:06","U","2025-07-27 02:40:00","제과점영업","264023.873302893","486653.462466489","제과점영업","0","0","기타","","상수도전용","0","0","0","0","0","","0","0","N","19.83","","","",
"113","제과점영업","07_22_18_P","4181000","4181000-121-2025-00027","2025-09-23","","01","영업/정상","01","영업","","","","","","6.50","","강원특별자치도 춘천시 후평동 244-34","강원특별자치도 춘천시 후석로 434, 하나로마트 (후평동)","24232","빵굽는사람들","2025-09-23 09:52:28","I","2025-09-25 00:20:40","제과점영업","265400.35106042","487577.815703786","제과점영업","0","0","기타","","상수도전용","0","0","0","0","0","","0","0","N","6.5","","","",
"114","제과점영업","07_22_18_P","4181000","4181000-121-2025-00026","2025-09-18","","01","영업/정상","01","영업","","","","","","6.80","","강원특별자치도 춘천시 석사동 980","강원특별자치도 춘천시 후석로 120, 하나로마트 내 1층 (석사동)","24326","컴포어","2025-09-18 11:02:47","I","2025-09-20 00:20:02","제과점영업","265760.750878195","484782.142992886","제과점영업","0","0","","","","0","0","0","0","0","","0","0","N","6.8","","","",
"115","제과점영업","07_22_18_P","4181000","4181000-121-2025-00022","2025-08-19","","01","영업/정상","01","영업","","","","","","43.00","","강원특별자치도 춘천시 죽림동 30-37","강원특별자치도 춘천시 중앙로77번길 24-2, 1층 우측상가호 (죽림동)","24355","수제과점","2025-08-19 14:52:21","I","2025-08-21 00:20:13","제과점영업","263933.412784374","486324.022444735","제과점영업","0","0","","","상수도전용","0","0","0","0","0","","0","0","N","43","","","",
"116","제과점영업","07_22_18_P","4181000","4181000-121-2025-00012","2025-05-14","","01","영업/정상","01","영업","","","","","","227.70","","강원특별자치도 춘천시 퇴계동 493-3","강원특별자치도 춘천시 솟발1길 4-41, 1층 (퇴계동)","24455","컴포어춘천","2025-06-11 19:49:41","U","2025-06-13 02:40:00","제과점영업","264344.167472594","483138.052850769","제과점영업","0","0","기타","","상수도전용","0","0","0","0","0","","0","0","N","227.7","","","",
"117","제과점영업","07_22_18_P","4181000","4181000-121-2025-00013","2025-05-14","","01","영업/정상","01","영업","","","","","","3.96","","강원특별자치도 춘천시 사농동 808-5","강원특별자치도 춘천시 우두로 62, 춘천원예농협하나로마트 1층 (사농동)","24221","컴포어춘천(원예농협하나로마트)","2025-05-14 11:08:45","I","2025-05-16 00:21:17","제과점영업","264023.258343607","490209.433469564","제과점영업","0","0","","","상수도전용","0","0","0","0","0","","0","0","N","3.96","","","",
"118","제과점영업","07_22_18_P","4181000","4181000-121-2025-00018","2025-06-20","","01","영업/정상","01","영업","","","","","","36.00","","강원특별자치도 춘천시 근화동 711","강원특별자치도 춘천시 공지로 452-8, 1층 (근화동)","24359","하룸(HARUM)","2025-07-14 09:44:24","U","2025-07-16 02:40:00","제과점영업","263076.771481767","486016.693312445","제과점영업","0","0","기타","","상수도전용","0","0","0","0","0","","0","0","N","36","","","",
"119","제과점영업","07_22_18_P","4181000","4181000-121-2025-00015","2025-06-02","","01","영업/정상","01","영업","","","","","","86.00","","강원특별자치도 춘천시 석사동 796-14","강원특별자치도 춘천시 퇴계로 213, 1층 우측상가호 (석사동)","24390","파리바게뜨춘천봄내점","2025-06-02 10:24:21","I","2025-06-04 00:20:42","제과점영업","265259.050096478","484040.634380024","제과점영업","0","0","","","상수도전용","0","0","0","0","0","","0","0","N","86","","","",
"120","제과점영업","07_22_18_P","4181000","4181000-121-2025-00005","2025-03-04","","01","영업/정상","01","영업","","","","","","42.70","","강원특별자치도 춘천시 동면 장학리 996-3","강원특별자치도 춘천시 동면 춘천로449번길 20-1, 1층 102호","24209","선초빵집","2025-03-04 13:49:38","I","2025-03-06 00:10:58","제과점영업","266241.105","488251.04","제과점영업","0","0","기타","","상수도전용","0","0","0","0","0","","0","0","N","42.7","","","",
"121","제과점영업","07_22_18_P","4181000","4181000-121-2025-00006","2025-03-06","","01","영업/정상","01","영업","","","","","","25.65","","강원특별자치도 춘천시 소양로1가 92-26","강원특별자치도 춘천시 번개시장길 32-1, 1층 111호 (소양로1가)","24249","알로록공작소","2025-03-27 09:37:17","U","2025-03-29 02:40:00","제과점영업","263875.511888896","487948.700859782","제과점영업","0","0","기타","","상수도전용","0","0","0","0","0","","0","0","N","25.65","","","",
"122","제과점영업","07_22_18_P","4181000","4181000-121-2025-00008","2025-04-24","","01","영업/정상","01","영업","","","","","","562.37","","강원특별자치도 춘천시 남산면 광판리 1193","강원특별자치도 춘천시 남산면 충효로 437, 애견체험박물관동 3층","24466","베이커리선(善)","2025-04-24 16:24:14","I","2025-04-26 00:10:03","제과점영업","258353.481618461","470338.167236553","제과점영업","0","0","","","상수도전용","0","0","0","0","0","","0","0","Y","562.37","","","",
"123","제과점영업","07_22_18_P","4181000","4181000-121-2025-00009","2025-04-24","","01","영업/정상","01","영업","","","","","","0.36","","강원특별자치도 춘천시 남산면 광판리 1193","강원특별자치도 춘천시 남산면 충효로 437, 애견체험박물관 교육강의동 1층","24466","카페겨울","2025-04-24 16:31:21","I","2025-04-26 00:10:03","제과점영업","258353.481618461","470338.167236553","제과점영업","0","0","기타","","상수도전용","0","0","0","0","0","","0","0","N",".36","","","",
"124","제과점영업","07_22_18_P","4181000","4181000-121-2025-00010","2025-04-24","","01","영업/정상","01","영업","","","","","","3.00","","강원특별자치도 춘천시 남산면 광판리 1193","강원특별자치도 춘천시 남산면 충효로 437, 애견체험박물관 2층","24466","카페봄","2025-04-24 16:28:23","I","2025-04-26 00:10:03","제과점영업","258353.481618461","470338.167236553","제과점영업","0","0","기타","","상수도전용","0","0","0","0","0","","0","0","N","3","","","",
"125","제과점영업","07_22_18_P","4181000","4181000-121-2025-00007","2025-04-08","","01","영업/정상","01","영업","","","","","","3.30","","강원특별자치도 춘천시 퇴계동 74-3","강원특별자치도 춘천시 안마산로 218, 1층 (퇴계동)","24424","하루에베이커리안마산점","2025-04-08 13:26:35","I","2025-04-10 00:11:01","제과점영업","264884.522330493","483232.18476341","제과점영업","0","0","기타","","상수도전용","0","0","0","0","0","","0","0","N","3.3","","","",
"126","제과점영업","07_22_18_P","4181000","4181000-121-2023-00017","2023-12-19","","01","영업/정상","01","영업","","","","","033 240 1111","3.30","","강원특별자치도 춘천시 온의동 511 이마트","강원특별자치도 춘천시 경춘로 2353, 이마트춘천점 1층 (온의동)","24435","(주)신세계푸드블랑제리춘천점","2025-04-14 13:52:53","U","2025-04-16 02:40:00","제과점영업","263141.943193102","484821.289677657","제과점영업","0","0","","","","0","0","0","0","0","","0","0","N","3.3","","","",
"127","제과점영업","07_22_18_P","4181000","4181000-121-2023-00016","2023-12-15","","01","영업/정상","01","영업","","","","","033 262 3800","60.00","","강원특별자치도 춘천시 남산면 광판리 134-1","강원특별자치도 춘천시 남산면 종자리로 42, 1층","24466","38마일","2023-12-27 14:54:04","U","2023-12-29 02:40:00","제과점영업","262925.280399781","471555.672272827","제과점영업","0","0","","","지하수전용","0","0","0","0","0","","0","0","N","60","","","",
"128","제과점영업","07_22_18_P","4181000","4181000-121-2023-00015","2023-12-13","","01","영업/정상","01","영업","","","","","","8.00","","강원특별자치도 춘천시 퇴계동 381-1 롯데슈퍼","강원특별자치도 춘천시 영서로 2195, 롯데슈퍼 1층 (퇴계동)","24445","베이커리팩토리롯데슈퍼춘천점","2023-12-13 11:55:41","I","2023-12-15 00:16:48","제과점영업","264048.38885859","484444.290618198","제과점영업","0","0","","","상수도전용","0","0","0","0","0","","0","0","N","8","","","",
"129","제과점영업","07_22_18_P","4181000","4181000-121-2023-00013","2023-11-16","","01","영업/정상","01","영업","","","","","033 255 7200","63.00","","강원특별자치도 춘천시 삼천동 13-8","강원특별자치도 춘천시 수변공원길 23, 1층 (삼천동)","24239","공지천제빵소","2023-11-27 17:55:22","U","2023-11-29 02:40:00","제과점영업","262086.121237581","485872.229220282","제과점영업","0","0","","","상수도전용","0","0","0","0","0","","0","0","N","63","","","",
"130","제과점영업","07_22_18_P","4181000","4181000-121-2023-00011","2023-10-05","","01","영업/정상","01","영업","","","","","","3.30","","강원특별자치도 춘천시 교동 157-12","강원특별자치도 춘천시 성심로 10, 1층 (교동)","24259","하루에베이커리한림점","2023-10-05 13:44:00","I","2023-10-07 00:17:47","제과점영업","264962.86402614","486924.774707978","제과점영업","0","0","","","","0","0","0","0","0","","0","0","N","3.3","","","",
"131","제과점영업","07_22_18_P","4181000","4181000-121-2023-00010","2023-10-04","","01","영업/정상","01","영업","","","","","","119.90","","강원특별자치도 춘천시 동내면 거두리 1098-3","강원특별자치도 춘천시 동내면 거두택지길 61-3, 1층","24402","꼼아파리","2025-09-03 14:50:08","U","2025-09-05 02:40:00","제과점영업","266607.85733824","483873.641614777","제과점영업","0","0","","","상수도전용","0","0","0","0","0","","0","0","N","88.8","","","",
"132","제과점영업","07_22_18_P","4181000","4181000-121-2023-00009","2023-09-20","","01","영업/정상","01","영업","","","","","","44.41","","강원특별자치도 춘천시 동내면 거두리 1105-3","강원특별자치도 춘천시 동내면 춘천순환로 136, 1층","24402","베이킹스튜디오바우","2025-09-04 11:42:50","U","2025-09-06 02:40:00","제과점영업","266727.550987359","484043.196258014","제과점영업","0","0","","","상수도전용","0","0","0","0","0","","0","0","N","37","","","",
"133","제과점영업","07_22_18_P","4181000","4181000-121-2023-00014","2023-11-24","","01","영업/정상","01","영업","","","","","","","","강원특별자치도 춘천시 석사동 728-2","강원특별자치도 춘천시 후석로186번길 4, MS마트애막점 (석사동)","24323","빵굽는사람들MS마트애막점","2023-11-24 14:26:01","I","2023-11-26 00:17:03","제과점영업","266156.952652406","485277.019661028","제과점영업","0","0","","","","0","0","0","0","0","","0","0","N","0","","","",
"134","제과점영업","07_22_18_P","4181000","4181000-121-2025-00004","2025-01-22","","01","영업/정상","01","영업","","","","","","32.78","","강원특별자치도 춘천시 퇴계동 1240 e편한세상 춘천 한숲시티","강원특별자치도 춘천시 안마산로 115, e편한세상 춘천 한숲시티 상가A동 1층 A1-104호 (퇴계동)","24448","멜로우바이트(Mellow Bite)","2025-01-22 17:16:32","I","2025-01-24 00:11:16","제과점영업","264260.591704341","483777.59503768","제과점영업","0","0","기타","","상수도전용","0","0","0","0","0","","0","0","N","32.78","","","",
"135","제과점영업","07_22_18_P","4181000","4181000-121-2024-00010","2024-12-12","","01","영업/정상","01","영업","","","","","","109.18","","강원특별자치도 춘천시 석사동 830-2","강원특별자치도 춘천시 새롬공원길5번길 25-1, 1층 (석사동)","24394","사계곳간","2025-01-08 15:55:44","U","2025-01-10 02:40:00","제과점영업","265646.738066268","483807.966946895","제과점영업","0","0","기타","","상수도전용","0","0","0","0","0","","0","0","N","109.18","","","",
"136","제과점영업","07_22_18_P","4181000","4181000-121-2025-00003","2025-01-15","","01","영업/정상","01","영업","","","","","","655.70","","강원특별자치도 춘천시 중도동 560-4","","","브릭파티카페(Brick partycafe)","2025-09-29 16:41:28","U","2025-10-01 02:40:00","제과점영업","261279.262502194","487061.201310683","제과점영업","0","0","기타","","상수도전용","0","0","0","0","0","","0","0","N","655.7","","","",
"137","제과점영업","07_22_18_P","4181000","4181000-121-2025-00001","2025-01-06","","01","영업/정상","01","영업","","","","","","40.59","","강원특별자치도 춘천시 효자동 44-28","강원특별자치도 춘천시 성심로 80, 1층 (효자동)","24294","몽키쿠키(Monkey Cookie)","2025-01-06 14:26:14","I","2025-01-08 00:11:19","제과점영업","265208.049522433","486280.306280968","제과점영업","0","0","기타","","상수도전용","0","0","0","0","0","","0","0","N","40.59","","","",
"138","제과점영업","07_22_18_P","4191000","4191000-121-2024-00011","2024-11-04","","01","영업/정상","01","영업","","","","","","29.64","","강원특별자치도 원주시 명륜동 547 원주 삼성아파트","강원특별자치도 원주시 예술관길 13, 2층 202호 (명륜동, 원주 삼성아파트)","26481","요르딩베이커리","2024-12-11 21:35:59","U","2024-12-13 02:40:00","제과점영업","283515.811263785","426087.314281882","제과점영업","0","0","","","상수도전용","0","0","0","0","0","","0","0","N","29.64","","","",
"139","제과점영업","07_22_18_P","4191000","4191000-121-2024-00009","2024-08-22","","01","영업/정상","01","영업","","","","","","39.50","","강원특별자치도 원주시 단구동 926-3","강원특별자치도 원주시 귀론길 20, 1층 일부호 (단구동)","26400","주식회사별빛담아","2024-09-12 16:20:04","U","2024-09-14 02:40:00","제과점영업","284444.408210014","424284.983274981","제과점영업","0","0","","","상수도전용","0","0","0","0","0","","0","0","N","39.5","","","",
"140","제과점영업","07_22_18_P","4191000","4191000-121-2010-00002","2010-02-01","","01","영업/정상","01","영업","","","","","033 743 6217","79.21","","강원특별자치도 원주시 무실동 1714 이편한상가 106호","강원특별자치도 원주시 만대로 89 (무실동,이편한상가 106호)","26386","파리바게뜨(원주시청점)","2010-03-03 15:34:52","I","2023-06-13 00:00:00","제과점영업","281365.1973042","426586.403050419","제과점영업","0","0","","","상수도전용","0","0","0","0","0","","0","0","N","79.21","","","",
"141","제과점영업","07_22_18_P","4191000","4191000-121-2010-00005","2010-07-07","","01","영업/정상","01","영업","","","","","033 745 8585","36.96","","강원특별자치도 원주시 학성동 430-7 외3필지","","","파리제과","2016-10-31 09:38:22","I","2023-06-13 00:00:00","제과점영업","283629.291982923","428600.734152278","제과점영업","0","0","기타","자율","상수도전용","0","0","0","0","0","","0","0","N","36.96","","","",
"142","제과점영업","07_22_18_P","4191000","4191000-121-2010-00008","2010-12-02","","01","영업/정상","01","영업","","","","","033 763 7556","59.36","","강원특별자치도 원주시 개운동 581-1 휴먼시아 개운1단지상가동 106호","강원특별자치도 원주시 개운로 30 (개운동,휴먼시아 개운1단지상가동 106호)","26446","파리바게뜨(개운점)","2021-05-13 10:44:59","I","2023-06-13 00:00:00","제과점영업","284528.093644992","426665.705830341","제과점영업","0","0","기타","자율","상수도전용","0","0","0","0","0","","0","0","N","59.36","","","",
"143","제과점영업","07_22_18_P","4191000","4191000-121-2010-00009","2010-10-22","","01","영업/정상","01","영업","","","","","","19.80","","강원특별자치도 원주시 흥업면 흥업리 590-2","강원특별자치도 원주시 흥업면 사제로 2","26403","남원주하나로베이커리","2018-08-28 16:32:39","I","2023-06-13 00:00:00","제과점영업","281454.447765794","422770.071635304","제과점영업","0","0","기타","자율","상수도전용","0","0","0","0","0","","0","0","N","19.8","","","",
"144","제과점영업","07_22_18_P","4191000","4191000-121-2018-00015","2018-12-21","","01","영업/정상","01","영업","","","","","033 766 0506","83.71","","강원특별자치도 원주시 명륜동 126-40","강원특별자치도 원주시 교촌길 43, 1층 (명륜동)","26441","교동빵카페","2019-01-08 15:27:21","I","2023-06-13 00:00:00","제과점영업","283973.809340589","426826.156180465","제과점영업","0","0","학교정화(상대)","기타","상수도전용","0","0","0","0","0","","0","0","N","83.71","","","",
"145","제과점영업","07_22_18_P","4191000","4191000-121-2019-00001","2019-03-11","","01","영업/정상","01","영업","","","","","","38.95","","강원특별자치도 원주시 단계동 801-14","강원특별자치도 원주시 무실로 164, 1층 (단계동)","26434","안녕빵집","2019-04-23 20:42:44","I","2023-06-13 00:00:00","제과점영업","283258.815829838","427040.864879553","제과점영업","0","0","기타","기타","상수도전용","0","0","0","0","0","","0","0","N","38.95","","","",
"146","제과점영업","07_22_18_P","4191000","4191000-121-2019-00006","2019-06-03","","01","영업/정상","01","영업","","","","","033 7643356","25.90","","강원특별자치도 원주시 명륜동 764 현대아파트 상가동 지1층 지3호,지4호","강원특별자치도 원주시 한지공원길 94-34, 상가동 지1층 지3호,지4호 (명륜동, 현대아파트)","26479","빠나데리아","2021-02-17 14:55:16","I","2023-06-13 00:00:00","제과점영업","283293.224844307","426322.024267602","제과점영업","0","0","기타","기타","상수도전용","0","0","0","0","0","","0","0","N","25.9","","","",
"147","제과점영업","07_22_18_P","4191000","4191000-121-2019-00007","2019-07-03","","01","영업/정상","01","영업","","","","","033 743 6100","47.56","","강원특별자치도 원주시 지정면 가곡리 1534 원주 롯데캐슬 더퍼스트 2차 상가동","강원특별자치도 원주시 지정면 가곡로 70-1, 원주 롯데캐슬 더퍼스트 2차 상가동 1층 108호","26352","파리바게트원주롯데캐슬점","2023-06-05 11:36:01","I","2023-06-13 00:00:00","제과점영업","277595.297948688","431117.008627866","제과점영업","0","0","아파트지역","자율","상수도전용","0","0","0","0","0","","0","0","N","47.56","","","",
"148","제과점영업","07_22_18_P","4191000","4191000-121-2019-00008","2019-07-24","","01","영업/정상","01","영업","","","","","033 766 1145","160.82","","강원특별자치도 원주시 반곡동 1960-4 1층","강원특별자치도 원주시 웅비1길 11, 1층 (반곡동)","26462","쿠킹아트베이킹스튜디오","2021-12-03 11:02:23","I","2023-06-13 00:00:00","제과점영업","287500.948383654","425721.256740389","제과점영업","0","0","","","상수도전용","0","0","0","0","0","","0","0","N","160.82","","","",
"149","제과점영업","07_22_18_P","4191000","4191000-121-2019-00009","2019-08-05","","01","영업/정상","01","영업","","","","","","191.04","","강원특별자치도 원주시 행구동 1329-1 지1,1층","강원특별자치도 원주시 행구로 307, 지1,1층 (행구동)","26454","베이커리궁","2019-09-23 21:19:20","I","2023-06-13 00:00:00","제과점영업","287655.643819249","427265.575818234","제과점영업","0","0","기타","기타","상수도전용","0","0","0","0","0","","0","0","N","191.04","","","",
"150","제과점영업","07_22_18_P","4191000","4191000-121-1984-00014","1984-12-28","","01","영업/정상","01","영업","","","","","033 7437584","70.20","","강원특별자치도 원주시 봉산동 1201 삼익아파트상가,지상1층106.107.109호","강원특별자치도 원주시 행구로 80, 지상1층 106.107.109호 (봉산동, 삼익아파트상가)","26331","파리바게트삼익점","2023-11-27 21:09:00","U","2023-11-29 02:40:00","제과점영업","285549.818303034","427007.34995277","제과점영업","0","0","아파트지역","자율","상수도전용","0","0","0","0","0","","0","0","N","70.2","0","","",
"151","제과점영업","07_22_18_P","4191000","4191000-121-1986-00012","1986-06-21","","01","영업/정상","01","영업","","","","","033 745 6076","0.00","","강원특별자치도 원주시 중앙동 72-1","강원특별자치도 원주시 평원로 61 (중앙동)","26428","오란다제과","2021-10-13 16:49:53","I","2023-06-13 00:00:00","제과점영업","284149.920824702","428094.417929317","제과점영업","0","0","주택가주변","자율","상수도전용","0","0","0","0","0","","0","0","N","0","0","","",
"152","제과점영업","07_22_18_P","4191000","4191000-121-2006-00003","2006-05-08","","01","영업/정상","01","영업","","","","","033 7640433","76.49","","강원특별자치도 원주시 명륜동 307-18","강원특별자치도 원주시 무실로 169 (명륜동)","26447","파리바게트원동점","2020-08-14 14:10:04","I","2023-06-13 00:00:00","제과점영업","283255.180580912","426989.539864621","제과점영업","1","1","기타","자율","상수도전용","0","0","0","0","0","","0","0","N","76.49","","","",
"153","제과점영업","07_22_18_P","4191000","4191000-121-2018-00009","2018-08-23","","01","영업/정상","01","영업","","","","","033 735 7137","38.95","","강원특별자치도 원주시 반곡동 1901-1 1층, 118호","강원특별자치도 원주시 양지로 70, 1층 118호 (반곡동)","26462","별찌살롱","2018-09-10 10:47:34","I","2023-06-13 00:00:00","제과점영업","287297.976055779","425500.777714415","제과점영업","0","0","기타","자율","상수도전용","0","0","0","0","0","","0","0","N","38.95","","","",
"154","제과점영업","07_22_18_P","4191000","4191000-121-2019-00012","2019-10-14","","01","영업/정상","01","영업","","","","","033 9006625","77.55","","강원특별자치도 원주시 지정면 가곡리 1497-1","강원특별자치도 원주시 지정면 신지정로 322-1, 1층 113,114호","26353","뚜레쥬르원주기업도시점","2023-03-21 11:38:05","I","2023-06-13 00:00:00","제과점영업","277250.554294063","431515.699932934","제과점영업","0","0","","","상수도전용","0","0","0","0","0","","0","0","N","77.55","","","",
"155","제과점영업","07_22_18_P","4191000","4191000-121-2019-00013","2019-10-25","","01","영업/정상","01","영업","","","","","0337483650","34.68","","강원특별자치도 원주시 지정면 가곡리 1461 원주 호반베르디움 2차","강원특별자치도 원주시 지정면 신지정로 295, 337동 1층 105호 (원주 호반베르디움 2차)","26346","빵오네뜨","2020-10-27 17:54:52","I","2023-06-13 00:00:00","제과점영업","276867.098912859","431303.018978567","제과점영업","0","0","","","상수도전용","0","0","0","0","0","","0","0","N","34.68","","","",
"156","제과점영업","07_22_18_P","4191000","4191000-121-2019-00014","2019-10-31","","01","영업/정상","01","영업","","","","","033 735 8200","52.41","","강원특별자치도 원주시 문막읍 건등리 584-3","강원특별자치도 원주시 문막읍 건등로 62, 1층","26370","파리바게뜨문막천사마트점","2021-10-12 18:57:17","I","2023-06-13 00:00:00","제과점영업","272813.946383581","423954.460748508","제과점영업","0","0","","","상수도전용","0","0","0","0","0","","0","0","N","52.41","","","",
"157","제과점영업","07_22_18_P","4191000","4191000-121-2000-00056","2000-07-08","","01","영업/정상","01","영업","","","","","033 7433018","37.26","","강원특별자치도 원주시 우산동 233-3","강원특별자치도 원주시 우산초교길 37, 1층 (우산동)","26343","라띠에르베이커리","2018-10-01 11:18:57","I","2023-06-13 00:00:00","제과점영업","282964.971788643","429903.321186005","제과점영업","0","0","기타","자율","상수도전용","0","0","0","0","0","","0","0","N","37.26","","","",
"158","제과점영업","07_22_18_P","4191000","4191000-121-2001-00037","2001-07-24","","01","영업/정상","01","영업","","","","","033 7648209","41.20","","강원특별자치도 원주시 명륜동 90-4","강원특별자치도 원주시 남원로 671 (명륜동)","26441","파리바게뜨남부점","2016-06-07 09:37:44","I","2023-06-13 00:00:00","제과점영업","284501.964776645","427139.63511567","제과점영업","0","0","기타","자율","상수도전용","0","0","0","0","0","","0","0","N","41.2","","","",
"159","제과점영업","07_22_18_P","4191000","4191000-121-2001-00039","2001-09-07","","01","영업/정상","01","영업","","","","","033 7337791","75.62","","강원특별자치도 원주시 단계동 803-2 외1필지 (하나로클럽내)","강원특별자치도 원주시 무실로 182 (단계동, 원주원예농협하나로클럽)","26434","유한회사프랑세즈","2021-04-06 14:30:38","I","2023-06-13 00:00:00","제과점영업","283125.943357781","426975.404734288","제과점영업","0","0","주택가주변","자율","상수도전용","0","0","0","0","0","","0","0","N","75.62","","","",
"160","제과점영업","07_22_18_P","4191000","4191000-121-2001-00059","2001-11-13","","01","영업/정상","01","영업","","","","","033 7464965","58.42","","강원특별자치도 원주시 무실동 1641-10 애드피아빌딩 110호","강원특별자치도 원주시 시청로 84 (무실동, 애드피아빌딩 110호)","26388","파리바게트무실점","2020-09-03 11:58:40","I","2023-06-13 00:00:00","제과점영업","282169.220583111","426442.961504571","제과점영업","0","0","주택가주변","자율","상수도전용","0","0","0","0","0","","0","0","N","58.42","","","",
"161","제과점영업","07_22_18_P","4191000","4191000-121-2003-00050","2003-08-19","","01","영업/정상","01","영업","","","","","033 7613045","92.70","","강원특별자치도 원주시 단구동 1511-4 대신프라자","강원특별자치도 원주시 서원대로 402, 대신프라자 1층 111,112호 (단구동)","26484","뚜레쥬르(단구점)","2023-11-09 10:09:55","U","2023-11-11 02:40:00","제과점영업","284060.844117657","425805.976224163","제과점영업","0","0","기타","자율","상수도전용","0","0","0","0","0","","0","0","N","92.7","","","",
"162","제과점영업","07_22_18_P","4191000","4191000-121-2003-00071","2003-11-10","","01","영업/정상","01","영업","","","","","033 7664463","44.35","","강원특별자치도 원주시 단구동 1655-8","강원특별자치도 원주시 단구로 388 (단구동)","26487","파리바게트단관점","2007-06-26 00:00:00","I","2023-06-13 00:00:00","제과점영업","284665.858076988","424889.626899049","제과점영업","0","0","주택가주변","자율","상수도전용","0","0","0","0","0","","0","0","N","44.35","","","",
"163","제과점영업","07_22_18_P","4191000","4191000-121-2003-00073","2003-11-10","","01","영업/정상","01","영업","","","","","033 761 8841","37.99","","강원특별자치도 원주시 관설동 1495-3","강원특별자치도 원주시 치악로 1527 (관설동)","26471","브레드 원","2024-05-17 16:07:19","U","2024-05-19 02:40:00","제과점영업","285447.53785015","424682.625071138","제과점영업","0","0","주택가주변","자율","상수도전용","0","0","0","0","0","","0","0","N","37.99","","","",
"164","제과점영업","07_22_18_P","4191000","4191000-121-2004-00010","2004-03-15","","01","영업/정상","01","영업","","","","","033 7358208","94.38","","강원특별자치도 원주시 태장동 1381","강원특별자치도 원주시 북원로 2694, 지상2층 (태장동)","26316","파리바게뜨원주태장점","2019-12-06 10:10:44","I","2023-06-13 00:00:00","제과점영업","283864.645889423","431749.580636008","제과점영업","3","5","기타","자율","상수도전용","0","0","0","0","0","","0","0","N","94.38","","","",
"165","제과점영업","07_22_18_P","4191000","4191000-121-2007-00001","2007-07-03","","01","영업/정상","01","영업","","","","","033 7438295","75.00","","강원특별자치도 원주시 단구동 1589-3 세경웰러스아파트 상가동,지하1층, 101호","강원특별자치도 원주시 단구로 422, 지하1층 101호 (단구동)","26489","파리바게트(단구점)","2020-05-15 16:18:12","I","2023-06-13 00:00:00","제과점영업","284269.03323089","424723.500392508","제과점영업","0","0","학교정화(상대)","자율","상수도전용","0","0","0","0","0","","0","0","N","75","","","",
"166","제과점영업","07_22_18_P","4191000","4191000-121-2007-00002","2007-08-07","","01","영업/정상","01","영업","","","","","033 732 0002","98.54","","강원특별자치도 원주시 문막읍 동화리 1542-11","강원특별자치도 원주시 문막읍 왕건로 52","26368","뚜레쥬르(문막접)","2007-08-31 11:12:45","I","2023-06-13 00:00:00","제과점영업","273430.157623622","425006.69054476","제과점영업","0","0","주택가주변","자율","상수도전용","0","0","0","0","0","","0","0","N","98.54","","","",
"167","제과점영업","07_22_18_P","4191000","4191000-121-2007-00003","2007-08-08","","01","영업/정상","01","영업","","","","","033 761 7920","72.66","","강원특별자치도 원주시 봉산동 1194-2","강원특별자치도 원주시 행구로 79 (봉산동)","26331","뚜레쥬르(원주봉산점)","2023-04-18 11:35:58","I","2023-06-13 00:00:00","제과점영업","285516.069990828","427098.949420524","제과점영업","0","0","기타","자율","상수도전용","0","0","0","0","0","","0","0","N","72.66","","","",
"168","제과점영업","07_22_18_P","4191000","4191000-121-2007-00006","2007-11-08","","01","영업/정상","01","영업","","","","","033 761 8653","39.78","","강원특별자치도 원주시 단구동 1511-1 스타프라자 115호","강원특별자치도 원주시 서원대로 392 (단구동,스타프라자 115호)","26484","코코호도남원주점","2025-10-29 11:29:53","U","2025-10-31 02:40:00","제과점영업","283987.58688959","425866.809060317","제과점영업","0","0","기타","자율","상수도전용","0","0","0","0","0","","0","0","N","39.78","","","",
"169","제과점영업","07_22_18_P","4191000","4191000-121-2007-00008","2007-12-20","","01","영업/정상","01","영업","","","","","","54.48","","강원특별자치도 원주시 태장동 1400-5","강원특별자치도 원주시 현충로 305 (태장동)","26320","블랑제리","2020-01-02 13:42:10","I","2023-06-13 00:00:00","제과점영업","283854.480229643","431345.392101786","제과점영업","0","1","기타","자율","상수도전용","0","0","0","0","0","","0","0","N","54.48","","","",
"170","제과점영업","07_22_18_P","4191000","4191000-121-2012-00012","2012-11-07","","01","영업/정상","01","영업","","","","","","59.00","","강원특별자치도 원주시 행구동 1754-2","강원특별자치도 원주시 행구로 148 (행구동)","26456","(주)이드프랑빵굽는사람들","2021-08-23 10:52:16","I","2023-06-13 00:00:00","제과점영업","286107.211105468","427083.706907984","제과점영업","0","0","기타","자율","상수도전용","0","0","0","0","0","","0","0","N","59","","","",
"171","제과점영업","07_22_18_P","4191000","4191000-121-2011-00007","2011-09-05","","01","영업/정상","01","영업","","","","","","96.60","","강원특별자치도 원주시 단구동 1577-4","강원특별자치도 원주시 늘품로 33 (단구동)","26486","컴포즈커피원주남원주초점","2023-12-08 09:43:35","U","2023-12-10 02:40:00","제과점영업","284141.939822794","424945.032858273","제과점영업","0","0","기타","자율","상수도전용","0","0","0","0","0","","0","0","N","96.6","","","",
"172","제과점영업","07_22_18_P","4191000","4191000-121-2013-00003","2013-02-21","","01","영업/정상","01","영업","","","","","033 765 8288","87.86","","강원특별자치도 원주시 단구동 1511-2 외1필지 스타월드125호,126호","강원특별자치도 원주시 서원대로 396, 지상1층 스타월드125호,126호호 (단구동)","26484","파리바게뜨원주시범","2014-05-26 16:02:36","I","2023-06-13 00:00:00","제과점영업","284012.197863588","425846.256339564","제과점영업","0","1","기타","자율","상수도전용","0","0","0","0","0","","0","0","N","87.86","","","",
"173","제과점영업","07_22_18_P","4191000","4191000-121-2013-00006","2013-05-20","","01","영업/정상","01","영업","","","","","","54.06","","강원특별자치도 원주시 명륜동 845-1","강원특별자치도 원주시 남원로 441-14, 1층 (명륜동)","26482","네이키드베이커리","2018-12-11 11:34:05","I","2023-06-13 00:00:00","제과점영업","283239.650648052","425324.608350403","제과점영업","0","0","아파트지역","자율","상수도전용","0","0","0","0","0","","0","0","N","54.06","","","",
"174","제과점영업","07_22_18_P","4191000","4191000-121-2013-00007","2013-05-22","","01","영업/정상","01","영업","","","","","033 730 2894","18.90","","강원특별자치도 원주시 지정면 월송리 999-13 박물관","","","(재)한솔문화재단카페테라스","2023-12-08 18:34:17","U","2023-12-10 02:40:00","제과점영업","272801.836916309","435435.376667351","제과점영업","0","0","기타","기타","상수도전용","0","0","0","0","0","","0","0","N","18.9","","","",
"175","제과점영업","07_22_18_P","4191000","4191000-121-2013-00008","2013-05-22","","01","영업/정상","01","영업","","","","","033 730 3153","96.06","","강원특별자치도 원주시 지정면 월송리 1061-16 지상1","강원특별자치도 원주시 지정면 오크밸리1길 70, 지상1층","26357","오크밸리제과","2024-12-18 14:00:35","U","2024-12-20 02:40:00","제과점영업","272459.646983562","437204.631213169","제과점영업","0","0","기타","자율","상수도전용","0","0","0","0","0","","0","0","N","96.06","","","",
"176","제과점영업","07_22_18_P","4191000","4191000-121-2013-00016","2013-12-10","","01","영업/정상","01","영업","","","","","","22.10","","강원특별자치도 원주시 반곡동 1903-5 2층,214호","강원특별자치도 원주시 황금로 6, 2층 (반곡동, 214호)","26462","파니에","2016-12-22 11:43:54","I","2023-06-13 00:00:00","제과점영업","287415.373149972","425510.922173714","제과점영업","0","0","기타","자율","상수도전용","0","0","0","0","0","","0","0","N","22.1","","","",
"177","제과점영업","07_22_18_P","4191000","4191000-121-2020-00016","2020-07-31","","01","영업/정상","01","영업","","","","","","33.89","","강원특별자치도 원주시 지정면 가곡리 1347-3","강원특별자치도 원주시 지정면 신지정로 212, 퍼스트프라자 110호","26353","빵굽는작은마을(기업도시)","2021-08-23 10:45:08","I","2023-06-13 00:00:00","제과점영업","277310.982456688","430657.461188099","제과점영업","0","0","","","상수도전용","0","0","0","0","0","","0","0","N","33.89","","","",
"178","제과점영업","07_22_18_P","4191000","4191000-121-2012-00009","2012-07-09","","01","영업/정상","01","영업","","","","","070 7512 790","112.73","","강원특별자치도 원주시 관설동 1453","강원특별자치도 원주시 치악로 1489, 2층 (관설동)","26471","몽블랑제","2024-02-21 15:59:34","U","2024-02-23 02:40:00","제과점영업","285677.402683418","424408.068770392","제과점영업","5","3","기타","자율","상수도전용","0","0","0","0","0","","0","0","Y","112.73","","","",
"179","제과점영업","07_22_18_P","4191000","4191000-121-2020-00018","2020-09-03","","01","영업/정상","01","영업","","","","","033 7442778","133.15","","강원특별자치도 원주시 단계동 1207-20","강원특별자치도 원주시 전망길 16, 1층 (단계동)","26379","아우어스위츠","2023-01-17 09:25:54","I","2023-06-13 00:00:00","제과점영업","281183.21610726","428308.376429851","제과점영업","0","0","주택가주변","자율","상수도전용","0","0","0","0","0","","0","0","N","133.15","","","",
"180","제과점영업","07_22_18_P","4191000","4191000-121-2020-00019","2020-09-08","","01","영업/정상","01","영업","","","","","","196.00","","강원특별자치도 원주시 소초면 흥양리 1157","강원특별자치도 원주시 소초면 범골길 45-9, 1층","26310","(주)카페지","2021-08-23 10:57:47","I","2023-06-13 00:00:00","제과점영업","287916.989341116","430979.234326099","제과점영업","0","0","","","상수도전용","0","0","0","0","0","","0","0","N","196","","","",
"181","제과점영업","07_22_18_P","4191000","4191000-121-2020-00021","2020-12-31","","01","영업/정상","01","영업","","","","","","21.60","","강원특별자치도 원주시 단계동 936-6","강원특별자치도 원주시 이화3길 28, 1층 (단계동)","26476","히즈니케이크","2021-08-23 10:52:30","I","2023-06-13 00:00:00","제과점영업","282628.353193617","426623.008548591","제과점영업","0","0","","","상수도전용","0","0","0","0","0","","0","0","N","21.6","","","",
"182","제과점영업","07_22_18_P","4191000","4191000-121-2020-00022","2020-12-31","","01","영업/정상","01","영업","","","","","","120.53","","강원특별자치도 원주시 반곡동 1959-2","강원특별자치도 원주시 웅비1길 1-1, 1층 (반곡동)","26462","디저트사무소","2022-12-07 14:33:42","I","2023-06-13 00:00:00","제과점영업","287394.163556717","425712.911991018","제과점영업","0","0","","","상수도전용","0","0","0","0","0","","0","0","N","120.53","","","",
"183","제과점영업","07_22_18_P","4191000","4191000-121-2021-00001","2021-01-07","","01","영업/정상","01","영업","","","","","","36.63","","강원특별자치도 원주시 행구동 1512-103","강원특별자치도 원주시 영랑길 111-9 (행구동)","26456","하스","2022-04-08 16:37:47","I","2023-06-13 00:00:00","제과점영업","286983.74161256","426961.558568078","제과점영업","0","0","","","상수도전용","0","0","0","0","0","","0","0","N","36.63","","","",
"184","제과점영업","07_22_18_P","4191000","4191000-121-2021-00004","2021-04-19","","01","영업/정상","01","영업","","","","","","44.54","","강원특별자치도 원주시 단계동 853-1 이룸레지던스","강원특별자치도 원주시 북원로 2235-12, 이룸레지던스 103호 (단계동)","26436","단계빵집","2021-12-28 20:34:33","I","2023-06-13 00:00:00","제과점영업","282400.45","427505.14","제과점영업","0","0","","","상수도전용","0","0","0","0","0","","0","0","N","44.54","","","",
"185","제과점영업","07_22_18_P","4191000","4191000-121-2021-00005","2021-04-20","","01","영업/정상","01","영업","","","","","","69.80","","강원특별자치도 원주시 무실동 1857-16","강원특별자치도 원주시 능라동길 31, 106호 (무실동)","26392","베이크어스","2021-08-23 10:58:04","I","2023-06-13 00:00:00","제과점영업","282200.247831965","426126.863879167","제과점영업","0","0","","","상수도전용","0","0","0","0","0","","0","0","N","69.8","","","",
"186","제과점영업","07_22_18_P","4191000","4191000-121-2021-00006","2021-04-26","","01","영업/정상","01","영업","","","","","","59.00","","강원특별자치도 원주시 단구동 1511-2 스타월드 115호","강원특별자치도 원주시 서원대로 396, 스타월드 1층 115호 (단구동)","26484","갓구운빵마을","2021-05-13 15:43:53","I","2023-06-13 00:00:00","제과점영업","284012.197863588","425846.256339564","제과점영업","0","0","","","상수도전용","0","0","0","0","0","","0","0","N","59","","","",
"187","제과점영업","07_22_18_P","4191000","4191000-121-2021-00007","2021-06-07","","01","영업/정상","01","영업","","","","","","107.65","","강원특별자치도 원주시 반곡동 1844-9 1층","강원특별자치도 원주시 양지뜰3길 5-1, 1층 (반곡동)","26461","오하우스","2021-06-30 16:45:07","I","2023-06-13 00:00:00","제과점영업","286970.730208066","425378.774870371","제과점영업","0","0","","","상수도전용","0","0","0","0","0","","0","0","N","107.65","","","",
"188","제과점영업","07_22_18_P","4191000","4191000-121-2021-00008","2021-06-18","","01","영업/정상","01","영업","","","","","033730 3650","9.34","","강원특별자치도 원주시 지정면 월송리 1039 오크밸리","강원특별자치도 원주시 지정면 월송석화로 950, 오크밸리씨씨클럽하우스 2층","26357","오크밸리씨씨클럽하우스","2025-04-22 11:51:23","U","2025-04-24 02:40:00","제과점영업","272180.340244021","437530.697566021","제과점영업","0","0","","","간이상수도","0","0","0","0","0","","0","0","N","9.34","","","",
"189","제과점영업","07_22_18_P","4191000","4191000-121-2021-00009","2021-07-05","","01","영업/정상","01","영업","","","","","","36.21","","강원특별자치도 원주시 무실동 1642-1 보네르 빌딩","강원특별자치도 원주시 시청로 94, 보네르 빌딩 103호 (무실동)","26391","블럭제빵소원주무실점","2021-07-20 10:28:52","I","2023-06-13 00:00:00","제과점영업","282190.044209329","426388.415223633","제과점영업","0","0","","","상수도전용","0","0","0","0","0","","0","0","N","36.21","","","",
"190","제과점영업","07_22_18_P","4191000","4191000-121-2021-00011","2021-09-14","","01","영업/정상","01","영업","","","","","","41.60","","강원특별자치도 원주시 반곡동 1964-7 모아엘가아파트 상가동 1층 3호","강원특별자치도 원주시 세계로 111, 상가동 1층 3호 (반곡동, 모아엘가아파트)","26460","우노","2021-10-13 11:46:12","I","2023-06-13 00:00:00","제과점영업","287718.838186492","426110.912235431","제과점영업","0","0","","","상수도전용","0","0","0","0","0","","0","0","N","41.6","","","",
"191","제과점영업","07_22_18_P","4191000","4191000-121-2021-00012","2021-11-24","","01","영업/정상","01","영업","","","","","","92.53","","강원특별자치도 원주시 무실동 12-23 더샵원주센트럴파크1단지","강원특별자치도 원주시 한지공원길 120, 102,103호 (무실동, 더샵원주센트럴파크1단지)","26479","파리바게뜨원주센트럴파크","2021-12-29 15:14:32","I","2023-06-13 00:00:00","제과점영업","283020.812079354","426329.396293938","제과점영업","0","0","아파트지역","기타","상수도전용","0","0","0","0","0","","0","0","N","92.53","","","",
"192","제과점영업","07_22_18_P","4191000","4191000-121-2019-00016","2019-12-27","","01","영업/정상","01","영업","","","","","","33.93","","강원특별자치도 원주시 무실동 1734-4","강원특별자치도 원주시 만대공원길 8-10, 1층 106호 (무실동)","26383","용케이크","2020-01-20 16:53:16","I","2023-06-13 00:00:00","제과점영업","282244.483569865","426532.014396408","제과점영업","0","0","","","상수도전용","0","0","0","0","0","","0","0","N","33.93","","","",
"193","제과점영업","07_22_18_P","4191000","4191000-121-2020-00004","2020-02-17","","01","영업/정상","01","영업","","","","","","37.40","","강원특별자치도 원주시 지정면 가곡리 1501 원주 롯데캐슬 골드파크 2차","강원특별자치도 원주시 지정면 신지정로 300, B108호 (원주 롯데캐슬 골드파크 2차)","26353","블럭제빵소원주기업도시점","2023-12-06 14:46:45","U","2023-12-08 02:40:00","제과점영업","277128.323670704","431333.541772589","제과점영업","0","0","기타","","상수도전용","0","0","0","0","0","","0","0","N","37.4","","","",
"194","제과점영업","07_22_18_P","4191000","4191000-121-2020-00006","2020-03-11","","01","영업/정상","01","영업","","","","","","39.55","","강원특별자치도 원주시 태장동 1374-1","강원특별자치도 원주시 흥양로51번길 1, 1층 (태장동)","26316","원베이커리","2024-12-17 11:30:10","U","2024-12-19 02:40:00","제과점영업","284293.482086808","431753.074716255","제과점영업","0","0","","","상수도전용","0","0","0","0","0","","0","0","N","39.55","","","",
"195","제과점영업","07_22_18_P","4191000","4191000-121-1991-00039","1991-11-11","","01","영업/정상","01","영업","","","","","033 731 8228","89.27","","강원특별자치도 원주시 일산동 72-3 362-8","강원특별자치도 원주시 원일로115번길 5 (일산동,362-8)","26427","파리바게트원주1호점","2019-07-02 14:37:27","I","2023-06-13 00:00:00","제과점영업","283927.820075739","427924.39352986","제과점영업","0","0","기타","자율","상수도전용","0","0","0","0","0","","0","0","N","89.27","0","","",
"196","제과점영업","07_22_18_P","4191000","4191000-121-2020-00009","2020-03-30","","01","영업/정상","01","영업","","","","","","3.91","","강원특별자치도 원주시 문막읍 동화리 1536-7","강원특별자치도 원주시 문막읍 왕건로 94","26367","달인의꿈","2020-05-19 14:26:33","I","2023-06-13 00:00:00","제과점영업","273490.282374501","425381.609972151","제과점영업","0","0","기타","","상수도전용","0","0","0","0","0","","0","0","N","3.91","","","",
"197","제과점영업","07_22_18_P","4191000","4191000-121-2020-00011","2020-04-09","","01","영업/정상","01","영업","","","","","","53.58","","강원특별자치도 원주시 무실동 1642-1 보네르 빌딩","강원특별자치도 원주시 시청로 94, 보네르 빌딩 1층 101호 (무실동)","26391","아메르","2020-04-29 11:21:21","I","2023-06-13 00:00:00","제과점영업","282190.044209329","426388.415223633","제과점영업","0","0","","","상수도전용","0","0","0","0","0","","0","0","N","53.58","","","",
"198","제과점영업","07_22_18_P","4191000","4191000-121-2020-00012","2020-04-24","","01","영업/정상","01","영업","","","","","033 731 3161","95.44","","강원특별자치도 원주시 지정면 가곡리 1495-1","강원특별자치도 원주시 지정면 신지정로 322, 1층 115,116호","26353","파리바게뜨원주기업이지더원점","2021-07-22 15:43:06","I","2023-06-13 00:00:00","제과점영업","277216.381416408","431537.498667285","제과점영업","0","0","기타","","상수도전용","0","0","0","0","0","","0","0","N","95.44","","","",
"199","제과점영업","07_22_18_P","4191000","4191000-121-2020-00013","2020-05-27","","01","영업/정상","01","영업","","","","","","88.31","","강원특별자치도 원주시 단계동 898-9","강원특별자치도 원주시 이화4길 69, 1층 (단계동)","26474","구전설화과자점","2022-09-06 21:27:23","I","2023-06-13 00:00:00","제과점영업","282641.932995387","427150.090635311","제과점영업","0","0","","","상수도전용","0","0","0","0","0","","0","0","N","88.31","","","",
"200","제과점영업","07_22_18_P","4191000","4191000-121-2020-00014","2020-06-01","","01","영업/정상","01","영업","","","","","","31.04","","강원특별자치도 원주시 판부면 서곡리 1986-2","강원특별자치도 원주시 판부면 매봉길 3, 1층","26399","주가람베이커리","2021-08-23 10:56:22","I","2023-06-13 00:00:00","제과점영업","283408.184222641","424835.915652447","제과점영업","0","0","","","상수도전용","0","0","0","0","0","","0","0","N","31.04","","","",
"201","제과점영업","07_22_18_P","4191000","4191000-121-2020-00015","2020-07-16","","01","영업/정상","01","영업","","","","","","106.52","","강원특별자치도 원주시 태장동 935-3","강원특별자치도 원주시 현충로 210, 102호 (태장동)","26322","카페르뱅","2021-08-23 11:00:16","I","2023-06-13 00:00:00","제과점영업","284066.079697094","430483.005144495","제과점영업","0","0","기타","기타","상수도전용","0","0","0","0","0","","0","0","N","106.52","","","",
"202","제과점영업","07_22_18_P","4191000","4191000-121-1994-00043","1994-08-03","","01","영업/정상","01","영업","","","","","033 7424475","99.90","","강원특별자치도 원주시 단계동 808-1 라이프타운","강원특별자치도 원주시 백간길 74, 라이프타운 101,102,103,104,106호 (단계동)","26420","파리바게트원주단계점","2023-06-30 10:24:08","U","2023-07-02 02:40:00","제과점영업","282406.852736425","428094.957948485","제과점영업","0","0","아파트지역","자율","상수도전용","0","0","0","0","0","","0","0","N","99.9","0","","",
"203","제과점영업","07_22_18_P","4191000","4191000-121-1994-00049","1994-11-01","","01","영업/정상","01","영업","","","","","033 7320558","52.29","","강원특별자치도 원주시 단계동 813-13","강원특별자치도 원주시 금불3길 36 (단계동)","26423","쉘브르베이커리","2021-10-13 16:52:37","I","2023-06-13 00:00:00","제과점영업","282496.513727938","427996.898002914","제과점영업","0","0","기타","자율","상수도전용","0","0","0","0","0","","0","0","N","52.29","0","","",
"204","제과점영업","07_22_18_P","4191000","4191000-121-1995-00029","1995-02-03","","01","영업/정상","01","영업","","","","","033 7325359","61.22","","강원특별자치도 원주시 우산동 200-4","강원특별자치도 원주시 우산로 69, 지하1층, 1층 (우산동)","26340","파리바게트우산점","2024-12-18 13:05:49","U","2024-12-20 02:40:00","제과점영업","282898.911656134","430148.050394403","제과점영업","0","0","주택가주변","자율","상수도전용","0","0","0","0","0","","0","0","N","44.38","0","","",
"205","제과점영업","07_22_18_P","4191000","4191000-121-2014-00002","2014-02-21","","01","영업/정상","01","영업","","","","","","96.37","","강원특별자치도 원주시 흥업면 매지리 1496 복지관동 지상1층","강원특별자치도 원주시 흥업면 연세대길 1 (복지관동 지상1층)","26493","뚜레쥬르원주연세대점","2014-03-03 13:11:19","I","2023-06-13 00:00:00","제과점영업","279854.561886195","420213.086562055","제과점영업","0","0","기타","자율","상수도전용","0","0","0","0","0","","0","0","N","96.37","","","",
"206","제과점영업","07_22_18_P","4191000","4191000-121-2008-00002","2008-04-15","","01","영업/정상","01","영업","","","","","033 747 0458","56.25","","강원특별자치도 원주시 태장동 128-16 (103호)","강원특별자치도 원주시 현충로58번길 42 (태장동,(103호))","26325","뚜레쥬르원주태장점","2009-12-10 11:18:18","I","2023-06-13 00:00:00","제과점영업","284893.108831776","429301.599145463","제과점영업","0","0","기타","자율","상수도전용","0","0","0","0","0","","0","0","N","56.25","","","",
"207","제과점영업","07_22_18_P","4191000","4191000-121-2008-00004","2008-06-10","","01","영업/정상","01","영업","","","","","033 735 1545","62.92","","강원특별자치도 원주시 단계동 1105-1","강원특별자치도 원주시 백간공원길 22 (단계동)","26422","뚜레쥬르(봉화산점)","2013-04-25 15:40:54","I","2023-06-13 00:00:00","제과점영업","282014.903351759","427936.682236957","제과점영업","0","0","기타","자율","상수도전용","0","0","0","0","0","","0","0","N","62.92","","","",
"208","제과점영업","07_22_18_P","4191000","4191000-121-2008-00006","2008-08-05","","01","영업/정상","01","영업","","","","","033 762 2766","45.57","","강원특별자치도 원주시 흥업면 흥업리 586-7","강원특별자치도 원주시 흥업면 남원로 72","26403","뚜레쥬르","2016-07-22 13:19:29","I","2023-06-13 00:00:00","제과점영업","281514.031842148","422665.247669895","제과점영업","0","0","기타","자율","상수도전용","0","0","0","0","0","","0","0","N","45.57","","","",
"209","제과점영업","07_22_18_P","4191000","4191000-121-2008-00007","2008-08-13","","01","영업/정상","01","영업","","","","","","88.63","","강원특별자치도 원주시 관설동 1765-4","강원특별자치도 원주시 치악고교길 21 (관설동)","26469","뚜레주르원주관설점","2018-02-28 15:46:17","I","2023-06-13 00:00:00","제과점영업","285019.586723012","424198.053231936","제과점영업","0","0","기타","자율","상수도전용","0","0","0","0","0","","0","0","N","88.63","","","",
"210","제과점영업","07_22_18_P","4191000","4191000-121-2008-00009","2008-12-10","","01","영업/정상","01","영업","","","","","033 761 8295","97.17","","강원특별자치도 원주시 관설동 1785-9 (1층)","강원특별자치도 원주시 시청로 494-14 (관설동,(1층))","26469","파리바게뜨(원주관설점)","2025-09-16 10:23:38","U","2025-09-18 02:40:00","제과점영업","285160.975311112","424096.77746289","제과점영업","0","0","기타","자율","상수도전용","0","0","0","0","0","","0","0","N","97.17","","","",
"211","제과점영업","07_22_18_P","4191000","4191000-121-2009-00001","2009-04-29","","01","영업/정상","01","영업","","","","","033 730 2817","3.52","","강원특별자치도 원주시 지정면 월송리 1016 외 194필지 오크밸리골프장스타트하우스","강원특별자치도 원주시 지정면 월송석화로 950, 오크밸리골프장스타트하우스 1층","26357","오크밸리씨씨스타트하우스제과점","2025-04-22 11:52:22","U","2025-04-24 02:40:00","제과점영업","273387.408064752","435358.539333992","제과점영업","0","0","기타","자율","","0","0","0","0","0","","0","0","N","3.52","","","",
"212","제과점영업","07_22_18_P","4191000","4191000-121-2009-00006","2009-04-29","","01","영업/정상","01","영업","","","","","033 730 2817","6.65","","강원특별자치도 원주시 지정면 판대리 577-1","강원특별자치도 원주시 지정면 오크밸리2길 56, 스키빌리지콘도C 2층","26357","포레스트제과점","2021-04-29 17:19:14","I","2023-06-13 00:00:00","제과점영업","271382.556177626","434267.186680372","제과점영업","0","0","기타","자율","간이상수도","0","0","0","0","0","","0","0","N","6.65","","","",
"213","제과점영업","07_22_18_P","4191000","4191000-121-2014-00003","2014-02-24","","01","영업/정상","01","영업","","","","","","109.70","","강원특별자치도 원주시 관설동 1705-12","강원특별자치도 원주시 단관초교길 12, 1층 (관설동)","26471","비베이커리","2014-03-07 17:35:03","I","2023-06-13 00:00:00","제과점영업","285441.060630741","424412.132191027","제과점영업","0","0","주택가주변","자율","상수도전용","0","0","0","0","0","","0","0","N","109.7","","","",
"214","제과점영업","07_22_18_P","4191000","4191000-121-2014-00004","2014-03-25","","01","영업/정상","01","영업","","","","","033 732 4056","52.61","","강원특별자치도 원주시 무실동 1641-5 에이스주차타워2,지상1층,110호109호","강원특별자치도 원주시 시청로 76, 지상1층 (무실동, 에이스주차타워2(110호,109호))","26388","빵굽는작은마을(무실점)","2014-04-03 11:44:02","I","2023-06-13 00:00:00","제과점영업","282054.307419082","426491.35127632","제과점영업","0","0","기타","자율","상수도전용","0","0","0","0","0","","0","0","N","52.61","","","",
"215","제과점영업","07_22_18_P","4191000","4191000-121-2014-00008","2014-06-03","","01","영업/정상","01","영업","","","","","","35.10","","강원특별자치도 원주시 중앙동 62-60 ,지상1층","강원특별자치도 원주시 중앙시장길 6, 지상1층 49,50-1,51호 (중앙동, 중앙시장 라동)","26428","이동규의맛있는빵내음","2014-09-30 16:54:59","I","2023-06-13 00:00:00","제과점영업","284064.184336251","428000.787992125","제과점영업","0","1","기타","자율","상수도전용","0","0","0","0","0","","0","0","N","35.1","","","",
"216","제과점영업","07_22_18_P","4191000","4191000-121-2014-00011","2014-07-09","","01","영업/정상","01","영업","","","","","033 745 8230","78.96","","강원특별자치도 원주시 무실동 1861-1 원주시무실세영리첼1차아파트지상1층 301동 101호","강원특별자치도 원주시 무실로 382, 301동 지상1층 101호 (무실동, 원주시무실세영리첼1차아파트)","26394","파리바게뜨무실세영점","2022-12-13 14:14:57","I","2023-06-13 00:00:00","제과점영업","282110.871533704","425710.541617023","제과점영업","0","0","아파트지역","자율","상수도전용","0","0","0","0","0","","0","0","N","78.96","","","",
"217","제과점영업","07_22_18_P","4191000","4191000-121-2015-00003","2015-04-24","","01","영업/정상","01","영업","","","","","033 733 2377","64.50","","강원특별자치도 원주시 단구동 267 지상1층,현대아카데미프라자 108호","강원특별자치도 원주시 늘품로 187-58, 지상1층 108호 (단구동, 현대아카데미프라자)","26457","동경케이크","2024-10-30 15:36:52","U","2024-11-01 02:40:00","제과점영업","285374.856489138","426587.24417121","제과점영업","1","0","기타","자율","지하수전용","0","0","0","0","0","","0","0","N","64.5","","","",
"218","제과점영업","07_22_18_P","4191000","4191000-121-2015-00004","2015-05-22","","01","영업/정상","01","영업","","","","","033 746 1937","175.24","","강원특별자치도 원주시 무실동 1857-7 지상1층,114~116호","강원특별자치도 원주시 능라동길 59, 지상1층 114~116호 (무실동)","26392","크리스피크림원주무실점","2021-01-08 16:27:37","I","2023-06-13 00:00:00","제과점영업","282421.974633129","426227.198402287","제과점영업","0","0","기타","자율","상수도전용","0","0","0","0","0","","0","0","N","175.24","","","",
"219","제과점영업","07_22_18_P","4191000","4191000-121-2015-00007","2015-06-12","","01","영업/정상","01","영업","","","","","033 742 7770","39.86","","강원특별자치도 원주시 반곡동 1886-1 101~102호","강원특별자치도 원주시 혁신로 53, 101~102호 (반곡동)","26465","파리바게뜨혁신도시점","2021-07-22 15:37:38","I","2023-06-13 00:00:00","제과점영업","286792.280579079","425060.061384448","제과점영업","0","0","","","","0","0","0","0","0","","0","0","N","39.86","","","",
"220","제과점영업","07_22_18_P","4191000","4191000-121-2015-00010","2015-10-05","","01","영업/정상","01","영업","","","","","","69.90","","강원특별자치도 원주시 반곡동 1885-3 108호,111호","강원특별자치도 원주시 혁신로 37-3 (반곡동, 108호,111호)","26465","뚜레주르혁신점","2021-08-23 11:02:09","I","2023-06-13 00:00:00","제과점영업","286737.127898559","425074.335936994","제과점영업","0","0","기타","자율","상수도전용","0","0","0","0","0","","0","0","N","69.9","","","",
"221","제과점영업","07_22_18_P","4191000","4191000-121-2015-00013","2015-12-09","","01","영업/정상","01","영업","","","","","","71.19","","강원특별자치도 원주시 반곡동 1899-1 106,107호","강원특별자치도 원주시 양지로 50 (반곡동, 106호,107호)","26462","파리바게트 원주혁신도시중앙점","2022-08-18 10:25:39","I","2023-06-13 00:00:00","제과점영업","287155.142699987","425357.656259047","제과점영업","0","0","기타","자율","","0","0","0","0","0","","0","0","N","71.19","","","",
"222","제과점영업","07_22_18_P","4191000","4191000-121-2015-00015","2015-10-13","","01","영업/정상","01","영업","","","","","","34.86","","강원특별자치도 원주시 단구동 267 현대아카데미프라자","강원특별자치도 원주시 늘품로 187-58, 현대아카데미프라자 1층 117호 (단구동)","26457","프롬꽃을담다","2025-08-06 16:28:04","U","2025-08-08 02:40:00","제과점영업","285374.856489138","426587.24417121","제과점영업","0","0","","","상수도전용","0","0","0","0","0","","0","0","N","34.86","","","",
"223","제과점영업","07_22_18_P","4191000","4191000-121-2022-00002","2022-07-11","","01","영업/정상","01","영업","","","","","","46.20","","강원특별자치도 원주시 반곡동 1910-1","강원특별자치도 원주시 건강로 17, 1층 106호 (반곡동)","26464","커피그립","2024-07-05 14:34:58","U","2024-07-07 02:40:00","제과점영업","287456.447668115","425338.919172361","제과점영업","0","0","","","상수도전용","0","0","0","0","0","","0","0","N","46.2","","","",
"224","제과점영업","07_22_18_P","4191000","4191000-121-2022-00003","2022-07-11","","01","영업/정상","01","영업","","","","","","47.68","","강원특별자치도 원주시 반곡동 1910-1","강원특별자치도 원주시 건강로 17, 1층 104호 (반곡동)","26464","노이스트브레드","2024-03-21 16:12:42","U","2024-03-24 02:40:00","제과점영업","287456.447668115","425338.919172361","제과점영업","0","0","","","상수도전용","0","0","0","0","0","","0","0","N","47.68","","","",
"225","제과점영업","07_22_18_P","4191000","4191000-121-2023-00001","2023-02-15","","01","영업/정상","01","영업","","","","","","26.18","","강원특별자치도 원주시 명륜동 819-1","강원특별자치도 원주시 황소마을길 13-1, 1층 (명륜동)","26481","베이크숲","2023-07-12 18:29:24","U","2023-07-14 02:40:00","제과점영업","283623.725370808","425770.235202188","제과점영업","0","0","","","상수도전용","0","0","0","0","0","","0","0","N","26.18","","","",
"226","제과점영업","07_22_18_P","4191000","4191000-121-2023-00004","2023-04-10","","01","영업/정상","01","영업","","","","","","30.65","","강원특별자치도 원주시 지정면 가곡리 1476 원주기업도시 유보라 아이비파크 1단지","강원특별자치도 원주시 지정면 조엄로 393, 113동 107호 (원주기업도시 유보라 아이비파크 1단지)","26346","감각의요일","2023-06-04 20:21:48","I","2023-06-13 00:00:00","제과점영업","276887.594393934","430549.397329477","제과점영업","0","0","기타","자율","상수도전용","0","0","0","0","0","","0","0","N","30.65","","","",
"227","제과점영업","07_22_18_P","4191000","4191000-121-2023-00005","2023-04-28","","01","영업/정상","01","영업","","","","","","40.41","","강원특별자치도 원주시 반곡동 1901-6","강원특별자치도 원주시 미래로 25, 1층 108호 (반곡동)","26462","몽블랑제리","2023-05-26 13:55:38","I","2023-06-13 00:00:00","제과점영업","287372.787086469","425423.7771737","제과점영업","0","0","","","","0","0","0","0","0","","0","0","N","40.41","","","",
"228","제과점영업","07_22_18_P","4191000","4191000-121-2016-00002","2016-03-15","","01","영업/정상","01","영업","","","","","","53.55","","강원특별자치도 원주시 무실동 1880-3 지상3층 303호","강원특별자치도 원주시 솔우물2길 23-1, 지상3층 303호 (무실동)","26394","라니하우스","2016-03-29 10:20:18","I","2023-06-13 00:00:00","제과점영업","282403.236575511","425361.969325117","제과점영업","0","0","기타","자율","상수도전용","0","0","0","0","0","","0","0","N","53.55","","","",
"229","제과점영업","07_22_18_P","4191000","4191000-121-2016-00005","2016-04-25","","01","영업/정상","01","영업","","","","","","98.01","","강원특별자치도 원주시 단구동 1630-19 1층","강원특별자치도 원주시 단구로 374 (단구동, 1층)","26487","뚜레쥬르단관택지점","2021-08-23 11:01:58","I","2023-06-13 00:00:00","제과점영업","284736.585","424994.17","제과점영업","0","0","기타","자율","상수도전용","0","0","0","0","0","","0","0","N","98.01","","","",
"230","제과점영업","07_22_18_P","4191000","4191000-121-2016-00007","2016-06-29","","01","영업/정상","01","영업","","","","","","46.55","","강원특별자치도 원주시 일산동 161-12 지상1층","강원특별자치도 원주시 원일로115번길 16, 지상1층 (일산동)","26427","몰리브레드","2016-07-28 10:52:36","I","2023-06-13 00:00:00","제과점영업","283843.201653556","427910.021512237","제과점영업","0","0","기타","자율","상수도전용","0","0","0","0","0","","0","0","N","46.55","","","",
"231","제과점영업","07_22_18_P","4191000","4191000-121-1997-00062","1997-04-30","","01","영업/정상","01","영업","","","","","033 7638204","63.01","","강원특별자치도 원주시 명륜동 847-3","강원특별자치도 원주시 남원로 441 (명륜동)","26482","파리바게뜨청구점","2023-08-03 13:40:35","U","2023-08-05 02:40:00","제과점영업","283221.754269091","425218.255922879","제과점영업","0","0","아파트지역","자율","상수도전용","0","0","0","0","0","","0","0","N","63.01","0","","",
"232","제과점영업","07_22_18_P","4191000","4191000-121-1998-00069","1998-07-01","","01","영업/정상","01","영업","","","","","033 7467777","52.40","","강원특별자치도 원주시 중앙동 60-13","강원특별자치도 원주시 원일로 114 (중앙동)","26428","뚜레쥬르(중앙점)","2019-06-19 14:23:58","I","2023-06-13 00:00:00","제과점영업","283990.118216079","427970.085692733","제과점영업","1","2","기타","자율","상수도전용","0","0","0","0","0","","0","0","N","52.4","","","",
"233","제과점영업","07_22_18_P","4191000","4191000-121-1998-00071","1998-08-18","","01","영업/정상","01","영업","","","","","033 7450104","50.97","","강원특별자치도 원주시 태장동 1373-4 지상1층","강원특별자치도 원주시 흥양로51번길 9, 지상1층 (태장동)","26316","신라명과태장점","2015-12-03 09:19:01","I","2023-06-13 00:00:00","제과점영업","284315.850635371","431816.102614725","제과점영업","0","1","기타","자율","상수도전용","0","0","0","0","0","","0","0","N","50.97","","","",
"234","제과점영업","07_22_18_P","4191000","4191000-121-1998-00073","1998-11-03","","01","영업/정상","01","영업","","","","","033 7325100","35.00","","강원특별자치도 원주시 우산동 120-23","강원특별자치도 원주시 우산로 71 (우산동)","26338","뚜레쥬르원주상지대점","2023-11-27 21:11:20","U","2023-11-29 02:40:00","제과점영업","282904.561716551","430178.811480172","제과점영업","0","0","유흥업소밀집지역","자율","상수도전용","0","0","0","0","0","","0","0","N","35","0","","",
"235","제과점영업","07_22_18_P","4191000","4191000-121-1999-00051","1999-02-24","","01","영업/정상","01","영업","","","","","033 7318228","52.90","","강원특별자치도 원주시 중앙동 114-5","강원특별자치도 원주시 중앙로 95 (중앙동)","26428","이삭토스트(중앙점)","2012-05-10 10:31:50","I","2023-06-13 00:00:00","제과점영업","284179.20431985","427886.375677054","제과점영업","0","0","유흥업소밀집지역","자율","상수도전용","0","0","0","0","0","","0","0","N","52.9","0","","",
"236","제과점영업","07_22_18_P","4191000","4191000-121-1999-00053","1999-03-13","","01","영업/정상","01","영업","","","","","","29.50","","강원특별자치도 원주시 일산동 0-0","","","고려당국제점","2018-11-23 10:48:59","I","2023-06-13 00:00:00","제과점영업","","","제과점영업","0","0","아파트지역","자율","상수도전용","0","0","0","0","0","","0","0","N","29.5","0","","",
"237","제과점영업","07_22_18_P","4191000","4191000-121-1999-00054","1999-03-19","","01","영업/정상","01","영업","","","","","033 7446200","182.35","","강원특별자치도 원주시 무실동 1062-1 외 3필지","강원특별자치도 원주시 북원로 1928 (무실동)","26395","주)신세계푸드베이커리원주점","2025-04-08 14:32:08","U","2025-04-10 02:40:00","제과점영업","281366.703634706","424684.582635502","제과점영업","2","2","기타","자율","상수도전용","0","0","0","0","0","","0","0","Y","182.35","0","","",
"238","제과점영업","07_22_18_P","4191000","4191000-121-2009-00016","2009-06-22","","01","영업/정상","01","영업","","","","","0337358203","66.06","","강원특별자치도 원주시 우산동 175 수정프라자 106호","강원특별자치도 원주시 모란1길 70, 지상1층 106호 (우산동, 수정프라자)","26406","파리바게뜨원주이안점","2015-06-16 13:41:42","I","2023-06-13 00:00:00","제과점영업","282615.959563076","429264.084278482","제과점영업","0","0","아파트지역","자율","상수도전용","0","0","0","0","0","","0","0","N","66.06","","","",
"239","제과점영업","07_22_18_P","4191000","4191000-121-2009-00019","2009-07-28","","01","영업/정상","01","영업","","","","","033 746 8747","57.75","","강원특별자치도 원주시 단구동 267 (111호)","강원특별자치도 원주시 늘품로 187-58 (단구동,(111호))","26457","파리바게뜨(반곡점)","2023-06-21 11:20:18","U","2023-06-23 02:40:00","제과점영업","285374.856489138","426587.24417121","제과점영업","0","0","기타","자율","지하수전용","0","0","0","0","0","","0","0","N","57.75","","","",
"240","제과점영업","07_22_18_P","4191000","4191000-121-2009-00020","2009-08-10","","01","영업/정상","01","영업","","","","","033 735 8200","98.78","","강원특별자치도 원주시 문막읍 동화리 1542-8","강원특별자치도 원주시 문막읍 왕건로 46","26368","파리바게트(문막동화점)","2021-10-26 09:41:54","I","2023-06-13 00:00:00","제과점영업","273430.940610074","424952.440987353","제과점영업","0","0","기타","자율","상수도전용","0","0","0","0","0","","0","0","N","98.78","","","",
"241","제과점영업","07_22_18_P","4191000","4191000-121-2009-00027","2009-11-18","","01","영업/정상","01","영업","","","","","","54.00","","강원특별자치도 원주시 문막읍 건등리 1741-2 극동상가(101,102호)","강원특별자치도 원주시 문막읍 건등로 67-1 (극동상가(101,102호))","26370","뚜레쥬르(문막극동2점)","2013-09-09 11:03:55","I","2023-06-13 00:00:00","제과점영업","272734.015578074","423953.358341809","제과점영업","0","0","기타","자율","상수도전용","0","0","0","0","0","","0","0","N","54","","","",
"242","제과점영업","07_22_18_P","4191000","4191000-121-2009-00029","2009-11-30","","01","영업/정상","01","영업","","","","","033 769 8222","18.34","","강원특별자치도 원주시 반곡동 1401-10 (1층)","강원특별자치도 원주시 동부순환로 200 (반곡동,(1층))","26460","몽블랑","2025-06-13 14:59:39","U","2025-06-15 02:40:00","제과점영업","286272.710008855","426045.161207519","제과점영업","0","0","","","상수도전용","0","0","0","0","0","","0","0","N","18.34","","","",
"243","제과점영업","07_22_18_P","4191000","4191000-121-2016-00009","2016-09-06","","01","영업/정상","01","영업","","","","","","54.00","","강원특별자치도 원주시 문막읍 문막리 249-5 지상1층, 문막농협하나로마트","강원특별자치도 원주시 문막읍 원문로 1883, 지상1층 (문막농협하나로마트)","26373","달인의꿈","2023-12-27 17:53:35","U","2023-12-29 02:40:00","제과점영업","272253.039233403","423083.237544462","제과점영업","0","0","기타","자율","상수도전용","0","0","0","0","0","","0","0","N","54","","","",
"244","제과점영업","07_22_18_P","4191000","4191000-121-2016-00011","2016-09-12","","01","영업/정상","01","영업","","","","","033 7437953","134.52","","강원특별자치도 원주시 무실동 1641-6 지상1층, 에이스타워 102,103,104호","강원특별자치도 원주시 시청로 74, 지상1층 102,103,104호 (무실동, 에이스타워)","26388","주식회사베이커리가루","2024-04-02 14:42:10","U","2024-04-04 02:40:00","제과점영업","282084.706792935","426509.365722405","제과점영업","0","0","","","상수도전용","0","0","0","0","0","","0","0","N","134.52","","","",
"245","제과점영업","07_22_18_P","4191000","4191000-121-2016-00012","2016-10-27","","01","영업/정상","01","영업","","","","","033 747 4091","86.58","","강원특별자치도 원주시 소초면 장양리 1001-10 주건축물제2동 지상1층","강원특별자치도 원주시 소초면 섬배로 23, 지상1층 (주건축물제2동)","26307","늘해랑베이커리카페","2016-12-03 13:17:38","I","2023-06-13 00:00:00","제과점영업","285421.82042777","436002.26328504","제과점영업","0","0","주택가주변","자율","상수도전용","0","0","0","0","0","","0","0","N","86.58","","","",
"246","제과점영업","07_22_18_P","4191000","4191000-121-2017-00004","2017-04-27","","01","영업/정상","01","영업","","","","","","68.32","","강원특별자치도 원주시 관설동 1761-3 1층, 우측상가","강원특별자치도 원주시 치악고교길 13, 1층 (관설동, 우측상가)","26469","하트맘베이커리","2017-05-15 17:31:48","I","2023-06-13 00:00:00","제과점영업","284960.662102252","424220.349074181","제과점영업","0","0","학교정화(절대)","자율","상수도전용","0","0","0","0","0","","0","0","N","68.32","","","",
"247","제과점영업","07_22_18_P","4191000","4191000-121-2017-00007","2017-06-12","","01","영업/정상","01","영업","","","","","","129.97","","강원특별자치도 원주시 단계동 453-22","강원특별자치도 원주시 백간길 25, 1층 (단계동, SG마트)","26409","빵앗간","2025-02-04 15:24:23","U","2025-02-06 02:40:00","제과점영업","281978.751654311","428182.524236323","제과점영업","0","0","기타","자율","상수도전용","0","0","0","0","0","","0","0","N","129.97","","","",
"248","제과점영업","07_22_18_P","4191000","4191000-121-2024-00006","2024-06-17","","01","영업/정상","01","영업","","","","","","39.40","","강원특별자치도 원주시 지정면 가곡리 1473 이지더원 어반포레","강원특별자치도 원주시 지정면 조엄로 391, 144동 C104,C105호 (이지더원 어반포레)","26346","파리바게뜨원주기업도시3차점","2024-07-11 14:25:30","U","2024-07-13 02:40:00","제과점영업","276670.200162963","430626.634042737","제과점영업","0","0","","","상수도전용","0","0","0","0","0","","0","0","N","39.4","","","",
"249","제과점영업","07_22_18_P","4191000","4191000-121-2024-00007","2024-07-08","","01","영업/정상","01","영업","","","","","","33.27","","강원특별자치도 원주시 반곡동 1880-10","강원특별자치도 원주시 양지로 26, 지하1층 일부호 (반곡동)","26465","데일리브레드","2025-10-24 16:42:12","U","2025-10-26 02:40:00","제과점영업","286933.822944686","425186.306407447","제과점영업","0","0","","","","0","0","0","0","0","","0","0","N","33.27","","","",
"250","제과점영업","07_22_18_P","4191000","4191000-121-2024-00005","2024-06-10","","01","영업/정상","01","영업","","","","","","67.15","","강원특별자치도 원주시 무실동 1852-3","강원특별자치도 원주시 능라동길 81, 1층 110호 (무실동)","26392","버터클라우드베이커리","2025-07-29 14:43:36","U","2025-07-31 02:40:00","제과점영업","282319.790706937","426022.845420748","제과점영업","0","0","기타","","상수도전용","0","0","0","0","0","","0","0","N","67.15","","","",
"251","제과점영업","07_22_18_P","4191000","4191000-121-2024-00004","2024-05-21","","01","영업/정상","01","영업","","","","","","32.84","","강원특별자치도 원주시 관설동 1466-25","강원특별자치도 원주시 나비허리길 109, 1층 일부호 (관설동)","26471","로이스트브레드앤커피","2024-06-20 15:32:34","U","2024-06-22 02:40:00","제과점영업","285240.443283441","424825.098398641","제과점영업","0","0","","","","0","0","0","0","0","","0","0","N","32.84","","","",
"252","제과점영업","07_22_18_P","4191000","4191000-121-2024-00003","2024-05-14","","01","영업/정상","01","영업","","","","","","78.40","","강원특별자치도 원주시 지정면 가곡리 1350-1","강원특별자치도 원주시 지정면 신지정로 211, 1층 160, 161호","26354","명인제빵","2024-07-25 15:58:37","U","2024-07-27 02:40:00","제과점영업","277234.716358456","430593.276538247","제과점영업","0","0","","","상수도전용","0","0","0","0","0","","0","0","N","78.4","","","",
"253","제과점영업","07_22_18_P","4191000","4191000-121-2023-00007","2023-03-13","","01","영업/정상","01","영업","","","","","","38.82","","강원특별자치도 원주시 봉산동 1200","강원특별자치도 원주시 삼광2길 38, 1층 (봉산동)","26331","브니엘 베이커리","2024-05-14 21:50:37","U","2024-05-16 02:40:00","제과점영업","285682.064716629","427125.993211638","제과점영업","0","0","","","상수도전용","0","0","0","0","0","","0","0","N","38.82","","","",
"254","제과점영업","07_22_18_P","4191000","4191000-121-2025-00012","2025-10-31","","01","영업/정상","01","영업","","","","","033 7461987","","","강원특별자치도 원주시 반곡동 1928-2","강원특별자치도 원주시 웅비3길 8, 1층 (반곡동)","26462","에피베이글팩토리","2025-10-31 10:53:28","I","2025-11-02 00:20:01","제과점영업","287476.437721364","425608.442653059","제과점영업","0","0","","","","0","0","0","0","0","","0","0","N","0","","","",
"255","제과점영업","07_22_18_P","4191000","4191000-121-2024-00001","2024-01-22","","01","영업/정상","01","영업","","","","","033 7664463","31.01","","강원특별자치도 원주시 단구동 1655-8","강원특별자치도 원주시 단구로 388, 2층 일부호 (단구동)","26487","파리바게트단관점","2024-02-22 17:45:11","U","2024-02-24 02:40:00","제과점영업","284665.858076988","424889.626899049","제과점영업","0","0","","","","0","0","0","0","0","","0","0","N","31.01","","","",
"256","제과점영업","07_22_18_P","4191000","4191000-121-2024-00002","2024-02-01","","01","영업/정상","01","영업","","","","","","49.08","","강원특별자치도 원주시 반곡동 1913-11","강원특별자치도 원주시 건강로 21-2, 1층 110호 (반곡동)","26464","더아란(The ARAN)","2024-02-27 10:53:54","U","2024-02-29 02:40:00","제과점영업","287552.728977011","425284.204385374","제과점영업","0","0","","","","0","0","0","0","0","","0","0","N","49.08","","","",
"257","제과점영업","07_22_18_P","4191000","4191000-121-2025-00007","2025-08-26","","01","영업/정상","01","영업","","","","","","57.23","","강원특별자치도 원주시 일산동 162-33 원주세브란스기독병원","강원특별자치도 원주시 일산로 20, 원주세브란스기독병원 후생관 1층 (일산동)","26426","파리바게뜨원주세브란스기독병원점","2025-08-26 10:08:42","I","2025-08-28 00:20:02","제과점영업","283684.602363569","427758.377832632","제과점영업","0","0","","","","0","0","0","0","0","","0","0","N","57.23","","","",
"258","제과점영업","07_22_18_P","4191000","4191000-121-2025-00010","2025-09-26","","01","영업/정상","01","영업","","","","","","42.12","","강원특별자치도 원주시 무실동 1720-9","강원특별자치도 원주시 시청로 24, 1층 104호 (무실동)","26387","소마(SOMA)","2025-09-26 13:25:47","I","2025-09-28 00:20:02","제과점영업","281634.38889853","426830.025457248","제과점영업","0","0","","","","0","0","0","0","0","","0","0","N","42.12","","","",
"259","제과점영업","07_22_18_P","4191000","4191000-121-2025-00009","2025-09-12","","01","영업/정상","01","영업","","","","","","99.94","","강원특별자치도 원주시 지정면 가곡리 1350-1","강원특별자치도 원주시 지정면 신지정로 211, 113, 114호","26354","더빈마켓(원주기업도시점)","2025-10-02 17:31:34","U","2025-10-05 02:40:00","제과점영업","277234.716358456","430593.276538247","제과점영업","0","0","","","","0","0","0","0","0","","0","0","N","99.94","","","",
"260","제과점영업","07_22_18_P","4191000","4191000-121-2025-00005","2025-07-22","","01","영업/정상","01","영업","","","","","","49.05","","강원특별자치도 원주시 단구동 1564-10","강원특별자치도 원주시 천매봉길 26-37, 1층 101호 (단구동)","26483","무르밀","2025-07-23 15:00:12","I","2025-07-25 00:20:02","제과점영업","283736.182409246","425000.248810192","제과점영업","0","0","","","상수도전용","0","0","0","0","0","","0","0","N","49.05","","","",
"261","제과점영업","07_22_18_P","4191000","4191000-121-2025-00008","2025-08-28","","01","영업/정상","01","영업","","","","","","","","강원특별자치도 원주시 단구동 1524-7","강원특별자치도 원주시 천매봉길 138, 1층 (단구동)","26483","페이머스(Famous)","2025-08-28 10:44:37","I","2025-08-30 00:20:01","제과점영업","283647.006415903","425424.866456382","제과점영업","0","0","","","","0","0","0","0","0","","0","0","N","0","","","",
"262","제과점영업","07_22_18_P","4191000","4191000-121-2025-00006","2025-08-13","","01","영업/정상","01","영업","","","","","","39.51","","강원특별자치도 원주시 단계동 921-7","강원특별자치도 원주시 이화4길 31, 1층 좌측호 (단계동)","26474","소소히","2025-09-16 08:55:01","U","2025-09-18 02:40:00","제과점영업","282553.465678366","426881.532005274","제과점영업","0","0","","","상수도전용","0","0","0","0","0","","0","0","N","39.51","","","",
"263","제과점영업","07_22_18_P","4191000","4191000-121-2025-00003","2025-02-17","","01","영업/정상","01","영업","","","","","","31.67","","강원특별자치도 원주시 개운동 446-19","강원특별자치도 원주시 송림길 40-29, 1층 (개운동)","26448","케이크유쏘머치","2025-04-26 12:01:08","U","2025-04-28 02:40:00","제과점영업","284238.426103823","425890.585124843","제과점영업","0","0","","","상수도전용","0","0","0","0","0","","0","0","N","31.67","","","",
"264","제과점영업","07_22_18_P","4191000","4191000-121-2025-00004","2025-04-11","","01","영업/정상","01","영업","","","","","033 7471002","155.28","","강원특별자치도 원주시 반곡동 1850-3","강원특별자치도 원주시 양지뜰2길 8, 1층 (반곡동)","26461","폴드페이스트리","2025-04-24 17:13:27","U","2025-04-26 02:40:00","제과점영업","287033.321734557","425423.710736373","제과점영업","0","0","","","상수도전용","0","0","0","0","0","","0","0","N","155.28","","","",
"265","제과점영업","07_22_18_P","4191000","4191000-121-2023-00006","2023-12-29","","01","영업/정상","01","영업","","","","","","45.22","","강원특별자치도 원주시 반곡동 1913-4","강원특별자치도 원주시 건강로 25, 1층 122호 (반곡동)","26464","라린느(La lune)","2024-01-31 15:37:49","U","2024-02-02 02:40:00","제과점영업","287502.659388413","425235.263753653","제과점영업","0","0","","","","0","0","0","0","0","","0","0","N","45.22","","","",
"266","제과점영업","07_22_18_P","4191000","4191000-121-2024-00013","2024-11-22","","01","영업/정상","01","영업","","","","","","67.54","","강원특별자치도 원주시 일산동 184-68","강원특별자치도 원주시 갈머리2길 10, 1층 (일산동)","26417","무해빵집","2025-01-06 20:14:19","U","2025-01-08 02:40:00","제과점영업","283694.740733107","428149.764289568","제과점영업","0","0","","","상수도전용","0","0","0","0","0","","0","0","N","67.54","","","",
"267","제과점영업","07_22_18_P","4191000","4191000-121-2025-00002","2025-02-06","","01","영업/정상","01","영업","","","","","","49.42","","강원특별자치도 원주시 무실동 1855-4","강원특별자치도 원주시 능라동길 70, 1층 106호 (무실동)","26392","화이트리에원주점","2025-02-27 20:32:03","U","2025-03-01 02:40:00","제과점영업","282368.389057022","426156.527130837","제과점영업","0","0","","","상수도전용","0","0","0","0","0","","0","0","N","49.42","","","",
"268","제과점영업","07_22_18_P","4191000","4191000-121-2024-00012","2024-11-21","","01","영업/정상","01","영업","","","","","","54.50","","강원특별자치도 원주시 소초면 의관리 461-1","강원특별자치도 원주시 소초면 북원로 3223, 명성스포렉스 1층 일부호","26304","롤링핀(원주공군기지점)","2024-12-16 10:26:02","U","2024-12-18 02:40:00","제과점영업","285528.211077228","436756.416319138","제과점영업","0","0","","","상수도전용","0","0","0","0","0","","0","0","N","54.5","","","",
"269","제과점영업","07_22_18_P","4191000","4191000-121-2025-00001","2025-01-16","","01","영업/정상","01","영업","","","","","","22.68","","강원특별자치도 원주시 반곡동 1414","강원특별자치도 원주시 반곡초교로 78-8, 1층 일부호 (반곡동)","26457","올리브","2025-02-06 12:06:41","U","2025-02-08 02:40:00","제과점영업","286140.78499803","426295.046520625","제과점영업","0","0","","","상수도전용","0","0","0","0","0","","0","0","N","22.68","","","",
"270","제과점영업","07_22_18_P","4191000","4191000-121-2024-00014","2024-11-25","","01","영업/정상","01","영업","","","","","033 901 3006","56.00","","강원특별자치도 원주시 명륜동 764-17","강원특별자치도 원주시 한지공원길 94-21, 1층 일부호 (명륜동)","26479","빵하루","2025-01-06 21:28:27","U","2025-01-08 02:40:00","제과점영업","283211.852365167","426255.334173543","제과점영업","0","0","","","상수도전용","0","0","0","0","0","","0","0","N","56","","","",
"271","제과점영업","07_22_18_P","4201000","4201000-121-2023-00014","2023-07-31","","01","영업/정상","01","영업","","","","","","52.50","","강원특별자치도 강릉시 포남동 1057-1","강원특별자치도 강릉시 강릉대로469번길 10, 1층 (포남동)","25480","윤스베이커리","2023-07-31 13:49:43","I","2023-08-02 00:18:52","제과점영업","368498.072718079","476494.733872237","제과점영업","0","0","기타","기타","상수도전용","0","0","0","0","0","","0","0","N","52.5","","","",
"272","제과점영업","07_22_18_P","4201000","4201000-121-2011-00003","2011-04-14","","01","영업/정상","01","영업","","","","","033 653 9979","66.24","","강원특별자치도 강릉시 포남동 1293-2","강원특별자치도 강릉시 하평2길 6, 101호 (포남동, 청송상가)","25567","빚은강릉포남점","2021-01-27 16:06:22","I","2023-06-13 00:00:00","제과점영업","368520.022146793","476017.703927829","제과점영업","1","1","아파트지역","","상수도전용","0","0","0","0","0","","0","0","N","66.24","","","",
"273","제과점영업","07_22_18_P","4201000","4201000-121-2014-00007","2014-12-23","","01","영업/정상","01","영업","","","","","","73.50","","강원특별자치도 강릉시 입암동 407","강원특별자치도 강릉시 입암로 33 (입암동)","25583","카페누아 베이커리","2021-01-26 13:36:44","I","2023-06-13 00:00:00","제과점영업","368432.643636487","473693.374876692","제과점영업","1","0","아파트지역","","상수도전용","0","0","0","0","0","","0","0","N","73.5","","","",
"274","제과점영업","07_22_18_P","4201000","4201000-121-2015-00001","2015-01-06","","01","영업/정상","01","영업","","","","","033 647 7953","138.51","","강원특별자치도 강릉시 입암동 104-9 1호","강원특별자치도 강릉시 월대산로 64, 1호 (입암동)","25579","베이커리가루입암점","2025-02-12 14:13:50","U","2025-02-14 02:40:00","제과점영업","368901.519327297","474766.494459258","제과점영업","0","0","아파트지역","","상수도전용","0","0","0","0","0","","0","0","N","138.51","","","",
"275","제과점영업","07_22_18_P","4201000","4201000-121-2015-00002","2015-03-12","","01","영업/정상","01","영업","","","","","","1.40","","강원특별자치도 강릉시 주문진읍 주문리 178-9","강원특별자치도 강릉시 주문진읍 주문로 44","25419","연곡제과2호점","2021-02-18 17:26:57","I","2023-06-13 00:00:00","제과점영업","360554.741295136","488798.521335603","제과점영업","0","0","기타","","상수도전용","0","0","0","0","0","","0","0","N","1.4","","","",
"276","제과점영업","07_22_18_P","4201000","4201000-121-2015-00003","2015-04-15","","01","영업/정상","01","영업","","","","","","40.63","","강원특별자치도 강릉시 교동 1858-9","강원특별자치도 강릉시 율곡초교길39번길 15 (교동)","25510","소담과자점","2015-04-15 15:34:01","I","2023-06-13 00:00:00","제과점영업","365612.845995963","475324.477307952","제과점영업","0","0","주택가주변","","상수도전용","0","0","0","0","0","","0","0","N","40.63","","","",
"277","제과점영업","07_22_18_P","4201000","4201000-121-2015-00005","2015-06-23","","01","영업/정상","01","영업","","","","","033 650 7000","68.32","","강원특별자치도 강릉시 강문동 274-1 지하1층(메인주방 옆)","강원특별자치도 강릉시 해안로406번길 2 (강문동)","25460","더데일리","2024-04-12 15:28:03","U","2024-04-14 02:40:00","제과점영업","368547.155962069","478977.195262736","제과점영업","0","0","기타","","상수도전용","0","0","0","0","0","","0","0","N","68.32","","","",
"278","제과점영업","07_22_18_P","4201000","4201000-121-2000-00038","2000-07-13","","01","영업/정상","01","영업","","","","","033 652 8202","63.30","","강원특별자치도 강릉시 초당동 135-5","강원특별자치도 강릉시 연당길 62 (초당동)","25469","파리바게뜨(초당점)","2021-01-11 11:37:54","I","2023-06-13 00:00:00","제과점영업","368722.982875029","477384.431865542","제과점영업","0","0","","","","0","0","0","0","0","","0","0","N","63.3","","","",
"279","제과점영업","07_22_18_P","4201000","4201000-121-2006-00006","2006-09-07","","01","영업/정상","01","영업","","","","","033 641 1077","47.20","","강원특별자치도 강릉시 내곡동 422-10 하나로마트","강원특별자치도 강릉시 범일로 604 (내곡동,하나로마트)","25604","이드프랑","2013-11-29 13:18:06","I","2023-06-13 00:00:00","제과점영업","365728.839823161","472674.040930889","제과점영업","1","1","","","상수도전용","0","0","0","0","0","","0","0","N","47.2","","","",
"280","제과점영업","07_22_18_P","4201000","4201000-121-2006-00008","2006-10-30","","01","영업/정상","01","영업","","","","","","177.90","","강원특별자치도 강릉시 구정면 어단리 산 314","강원특별자치도 강릉시 구정면 현천길 7, 바동 1층","25623","베이커리테라로사","2025-04-21 16:18:40","U","2025-04-23 02:40:00","제과점영업","","","제과점영업","1","1","기타","","간이상수도","0","0","0","0","0","","0","0","N","177.9","","","",
"281","제과점영업","07_22_18_P","4201000","4201000-121-2016-00026","2016-11-08","","01","영업/정상","01","영업","","","","","033 653 6004","12.00","","강원특별자치도 강릉시 견소동 1","강원특별자치도 강릉시 창해로14번길 48-1 (견소동)","25556","키크러스","2020-11-27 15:03:55","I","2023-06-13 00:00:00","제과점영업","371710.341503822","476051.558558152","제과점영업","0","1","기타","","상수도전용","0","0","0","0","0","","0","0","N","12","","","",
"282","제과점영업","07_22_18_P","4201000","4201000-121-2016-00028","2016-11-30","","01","영업/정상","01","영업","","","","","","18.87","","강원특별자치도 강릉시 성산면 오봉리 1-1","강원특별자치도 강릉시 성산면 백두대간로 2775-19","25444","라보엠","2020-03-12 16:02:52","I","2023-06-13 00:00:00","제과점영업","360813.056240304","469607.12923552","제과점영업","0","1","기타","","상수도전용","0","0","0","0","0","","0","0","N","18.87","","","",
"283","제과점영업","07_22_18_P","4201000","4201000-121-2017-00007","2017-03-15","","01","영업/정상","01","영업","","","","","","29.50","","강원특별자치도 강릉시 회산동 197-1","강원특별자치도 강릉시 회산로 344 (회산동)","25599","김윤식케익부띠끄회산점","2023-11-21 11:42:12","U","2023-11-23 02:40:00","제과점영업","364367.521087094","472275.689444087","제과점영업","0","1","기타","","상수도전용","0","0","0","0","0","","0","0","N","29.5","","","",
"284","제과점영업","07_22_18_P","4201000","4201000-121-2017-00008","2017-03-30","","01","영업/정상","01","영업","","","","","","46.01","","강원특별자치도 강릉시 교동 1740-1","강원특별자치도 강릉시 원대로 12, 2층 (교동)","25506","오롯한작업실","2024-11-05 16:41:06","U","2024-11-07 02:40:00","제과점영업","365776.718312171","474238.046216506","제과점영업","0","1","주택가주변","","상수도전용","0","0","0","0","0","","0","0","N","46.01","","","",
"285","제과점영업","07_22_18_P","4201000","4201000-121-2017-00009","2017-04-24","","01","영업/정상","01","영업","","","","","","68.94","","강원특별자치도 강릉시 주문진읍 교항리 116-7","강원특별자치도 강릉시 주문진읍 주문로 7","25419","팡파미유주문진점","2021-01-20 15:57:45","I","2023-06-13 00:00:00","제과점영업","360481.017392464","488442.558031027","제과점영업","0","1","기타","","상수도전용","0","0","0","0","0","","0","0","N","68.94","","","",
"286","제과점영업","07_22_18_P","4201000","4201000-121-2017-00010","2017-06-05","","01","영업/정상","01","영업","","","","","033 920 9380","36.50","","강원특별자치도 강릉시 홍제동 96-6","강원특별자치도 강릉시 경강로 1955-2 (홍제동)","25537","버드나무정원","2020-10-29 13:09:32","I","2023-06-13 00:00:00","제과점영업","365974.590354573","473421.321289858","제과점영업","0","1","아파트지역","","상수도전용","0","0","0","0","0","","0","0","N","36.5","","","",
"287","제과점영업","07_22_18_P","4201000","4201000-121-2017-00012","2017-07-10","","01","영업/정상","01","영업","","","","","","34.89","","강원특별자치도 강릉시 노암동 592-1","강원특별자치도 강릉시 남부로 147 (노암동)","25594","통밀베이커리","2017-07-10 10:05:57","I","2023-06-13 00:00:00","제과점영업","367110.229618925","472852.897202356","제과점영업","1","1","기타","기타","상수도전용","0","0","0","0","0","","0","0","N","34.89","","","",
"288","제과점영업","07_22_18_P","4201000","4201000-121-2017-00013","2017-09-01","","01","영업/정상","01","영업","","","","","","61.94","","강원특별자치도 강릉시 홍제동 1028-2","강원특별자치도 강릉시 선수촌로63번길 14-8 (홍제동)","25522","강원양돈축산업협동조합유천지점 뚜레주르","2023-03-28 15:36:00","I","2023-06-13 00:00:00","제과점영업","364688.438266177","474379.368982639","제과점영업","0","0","아파트지역","기타","상수도전용","0","0","0","0","0","","0","0","N","61.94","","","",
"289","제과점영업","07_22_18_P","4201000","4201000-121-2017-00014","2017-10-12","","01","영업/정상","01","영업","","","","","033 646 9668","6.50","","강원특별자치도 강릉시 옥천동 326-2","강원특별자치도 강릉시 용지로 127 (옥천동)","25552","카페마음","2017-10-12 10:14:15","I","2023-06-13 00:00:00","제과점영업","367649.894895556","474815.476460052","제과점영업","0","1","기타","기타","상수도전용","0","0","0","0","0","","0","0","N","6.5","","","",
"290","제과점영업","07_22_18_P","4201000","4201000-121-2017-00017","2017-12-26","","01","영업/정상","01","영업","","","","","033 648 2760","2.51","","강원특별자치도 강릉시 임당동 74-4","강원특별자치도 강릉시 문화의길 9 (임당동)","25533","(주)학산강릉지점 테라로사 베이커리","2025-04-21 16:19:03","U","2025-04-23 02:40:00","제과점영업","366880.639742698","474166.425585812","제과점영업","0","0","기타","","상수도전용","0","0","0","0","0","","0","0","N","2.51","","","",
"291","제과점영업","07_22_18_P","4201000","4201000-121-2017-00018","2017-12-26","","01","영업/정상","01","영업","","","","","033 648 2760","21.50","","강원특별자치도 강릉시 구정면 어단리 산 314","강원특별자치도 강릉시 구정면 현천길 7, 1층","25623","(주)학산 테라로사 베이커리","2025-04-21 16:19:21","U","2025-04-23 02:40:00","제과점영업","","","제과점영업","0","0","기타","","상수도전용","0","0","0","0","0","","0","0","N","21.5","","","",
"292","제과점영업","07_22_18_P","4201000","4201000-121-2018-00001","2018-01-03","","01","영업/정상","01","영업","","","","","","2.60","","강원특별자치도 강릉시 사천면 산대월리 158-4","강원특별자치도 강릉시 사천면 순포안길 6","25441","(주)학산 테라로사커피강릉해변점베이커리","2025-05-19 10:43:39","U","2025-05-21 02:40:00","제과점영업","365904.275733845","481649.942307127","제과점영업","0","0","기타","기타","상수도전용","0","0","0","0","0","","0","0","N","2.6","","","",
"293","제과점영업","07_22_18_P","4201000","4201000-121-2018-00002","2018-01-05","","01","영업/정상","01","영업","","","","","050714418903","25.50","","강원특별자치도 강릉시 강문동 258-4 스카이베이 경포호텔","강원특별자치도 강릉시 해안로 476, 스카이베이 경포호텔 지하 2층 (강문동)","25460","스카이베이경포호텔 제과점","2022-12-08 11:23:08","I","2023-06-13 00:00:00","제과점영업","367974.951824714","479654.314242201","제과점영업","0","0","기타","","상수도전용","0","0","0","0","0","","0","0","N","25.5","","","",
"294","제과점영업","07_22_18_P","4201000","4201000-121-2018-00009","2018-04-20","","01","영업/정상","01","영업","","","","","","12.30","","강원특별자치도 강릉시 성남동 48-4","강원특별자치도 강릉시 금성로13번길 11-1 (성남동)","25543","팡파미유성남마늘빵전문점","2018-10-24 11:30:17","I","2023-06-13 00:00:00","제과점영업","367352.361984197","474055.638938902","제과점영업","1","1","기타","기타","상수도전용","0","0","0","0","0","","0","0","N","12.3","","","",
"295","제과점영업","07_22_18_P","4201000","4201000-121-2018-00010","2018-05-08","","01","영업/정상","01","영업","","","","","033 642 0455","103.71","","강원특별자치도 강릉시 교동 162-79","강원특별자치도 강릉시 강릉대로 198 (교동)","25529","교동빵집","2022-07-12 15:00:38","I","2023-06-13 00:00:00","제과점영업","366686.713205944","474490.077643137","제과점영업","1","0","기타","기타","상수도전용","0","0","0","0","0","","0","0","N","103.71","","","",
"296","제과점영업","07_22_18_P","4201000","4201000-121-2018-00011","2018-05-09","","01","영업/정상","01","영업","","","","","033 652 0055","43.20","","강원특별자치도 강릉시 포남동 1056-18","강원특별자치도 강릉시 강릉대로457번길 4-1 (포남동)","25480","고메코나베이커리","2022-07-14 11:10:31","I","2023-06-13 00:00:00","제과점영업","368477.433947236","476362.073953114","제과점영업","1","0","기타","기타","상수도전용","0","0","0","0","0","","0","0","N","43.2","","","",
"297","제과점영업","07_22_18_P","4201000","4201000-121-2018-00012","2018-05-31","","01","영업/정상","01","영업","","","","","070 17237600","4.50","","강원특별자치도 강릉시 옥천동 189 씨네몰","강원특별자치도 강릉시 경강로 2120, 홈플러스 2층 (옥천동)","25541","몽블랑제리(강릉점)","2024-02-22 09:19:59","U","2024-02-24 02:40:00","제과점영업","367257.089561415","474274.357968797","제과점영업","0","0","기타","기타","상수도전용","0","0","0","0","0","","0","0","N","4.5","","","",
"298","제과점영업","07_22_18_P","4201000","4201000-121-2018-00017","2018-07-31","","01","영업/정상","01","영업","","","","","","32.48","","강원특별자치도 강릉시 내곡동 617-7","강원특별자치도 강릉시 관대길 32 (내곡동)","25602","양박사빵굽네","2025-09-03 11:49:38","U","2025-09-05 02:40:00","제과점영업","365409.770923126","472433.097646338","제과점영업","0","0","학교정화(절대)","기타","상수도전용","0","0","0","0","0","","0","0","N","32.48","","","",
"299","제과점영업","07_22_18_P","4201000","4201000-121-2001-00003","2001-10-22","","01","영업/정상","01","영업","","","","","033 6531515","57.00","","강원특별자치도 강릉시 포남동 1212-1","강원특별자치도 강릉시 산양큰길22번길 42, 1층 (포남동)","25483","쉐프조이","2022-07-14 11:28:17","I","2023-06-13 00:00:00","제과점영업","368913.700176178","476977.98347196","제과점영업","1","1","주택가주변","","상수도전용","0","0","0","0","0","","0","0","N","57","","","",
"300","제과점영업","07_22_18_P","4201000","4201000-121-2006-00010","2006-12-29","","01","영업/정상","01","영업","","","","","033  6107000","78.08","","강원특별자치도 강릉시 강동면 정동진리 50-10","강원특별자치도 강릉시 강동면 헌화로 950-39","25631","썬크루즈제과점","2024-08-28 09:42:35","U","2024-08-30 02:40:00","제과점영업","380078.540341913","466526.419908238","제과점영업","1","0","기타","","상수도전용","0","0","0","0","0","","0","0","N","78.08","","","",
"301","제과점영업","07_22_18_P","4201000","4201000-121-2007-00002","2007-02-20","","01","영업/정상","01","영업","","","","","033 6611070","56.27","","강원특별자치도 강릉시 연곡면 영진리 12 부영2상가 103호","강원특별자치도 강릉시 연곡면 영진길 68","25429","행복을굽는빵집","2021-01-19 16:28:39","I","2023-06-13 00:00:00","제과점영업","361995.069897465","486822.07636889","제과점영업","1","2","아파트지역","","상수도전용","0","0","0","0","0","","0","0","N","56.27","","","",
"302","제과점영업","07_22_18_P","4201000","4201000-121-2008-00001","2008-02-01","","01","영업/정상","01","영업","","","","","033 646 1033","72.24","","강원특별자치도 강릉시 임당동 121-2","강원특별자치도 강릉시 경강로 2098 (임당동)","25540","파리빠게트강릉사랑점","2021-02-08 12:55:40","I","2023-06-13 00:00:00","제과점영업","367060.141389766","474152.275536871","제과점영업","1","1","유흥업소밀집지역","자율","상수도전용","0","0","0","0","0","","0","0","N","72.24","","","",
"303","제과점영업","07_22_18_P","4201000","4201000-121-2012-00004","2012-03-06","","01","영업/정상","01","영업","","","","","033 641 0884","136.34","","강원특별자치도 강릉시 교동 1826-4","강원특별자치도 강릉시 솔올로 74 (교동)","25510","파리바게뜨까페솔올점","2025-06-27 10:52:58","U","2025-06-29 02:40:00","제과점영업","365503.492599018","475637.526814847","제과점영업","0","0","학교정화(상대)","","상수도전용","0","0","0","0","0","","0","0","N","136.34","","","",
"304","제과점영업","07_22_18_P","4201000","4201000-121-2012-00007","2012-05-16","","01","영업/정상","01","영업","","","","","033 643 6100","79.70","","강원특별자치도 강릉시 홍제동 1020-3","강원특별자치도 강릉시 선수촌로 77, 109호 (홍제동)","25522","파리바게뜨강릉유천점","2024-12-03 15:22:19","U","2024-12-05 02:40:00","제과점영업","364722.783084877","474460.03571784","제과점영업","0","0","학교정화(절대)","","상수도전용","0","0","0","0","0","","0","0","N","79.7","","","",
"305","제과점영업","07_22_18_P","4201000","4201000-121-2012-00008","2012-07-17","","01","영업/정상","01","영업","","","","","","60.00","","강원특별자치도 강릉시 주문진읍 교항리 190-1","강원특별자치도 강릉시 주문진읍 주문로 71","25414","빵빵하우스","2023-12-29 14:51:20","U","2023-12-31 02:40:00","제과점영업","360542.384831796","489090.008512807","제과점영업","0","0","기타","","상수도전용","0","0","0","0","0","","0","0","N","60","","","",
"306","제과점영업","07_22_18_P","4201000","4201000-121-1996-00011","1996-09-18","","01","영업/정상","01","영업","","","","","033 645 4497","45.72","","강원특별자치도 강릉시 옥천동 287-14","강원특별자치도 강릉시 옥천로 47 (옥천동)","25552","임희근과자점","2024-04-01 15:17:38","U","2024-04-03 02:40:00","제과점영업","367418.455687446","474675.348102087","제과점영업","1","1","기타","","상수도전용","0","0","0","0","0","","0","0","N","45.72","","","",
"307","제과점영업","07_22_18_P","4201000","4201000-121-1998-00014","1998-02-16","","01","영업/정상","01","영업","","","","","033642 0004","41.38","","강원특별자치도 강릉시 내곡동 459-11","강원특별자치도 강릉시 범일로 653 (내곡동)","25603","뚜레쥬르내곡점","2025-01-10 13:53:49","U","2025-01-12 02:40:00","제과점영업","365971.378410088","473041.784801152","제과점영업","1","1","주택가주변","","상수도전용","0","0","0","0","0","","0","0","N","41.38","","","",
"308","제과점영업","07_22_18_P","4201000","4201000-121-1998-00016","1998-07-02","","01","영업/정상","01","영업","","","","","033 643 0900","57.60","","강원특별자치도 강릉시 입암동 104-1 5호","강원특별자치도 강릉시 월대산로 71, 5호 (입암동)","25578","파리바게트입암점","2021-01-26 13:10:18","I","2023-06-13 00:00:00","제과점영업","368968.951023453","474801.996885545","제과점영업","1","1","주택가주변","","상수도전용","0","0","0","0","0","","0","0","N","57.6","","","",
"309","제과점영업","07_22_18_P","4201000","4201000-121-2001-00016","2001-12-21","","01","영업/정상","01","영업","","","","","033 6461452","27.65","","강원특별자치도 강릉시 교동 1888-3","강원특별자치도 강릉시 솔올로 9, 양돈농협하나로마트내 1층 (교동)","25515","수(手)","2020-07-06 14:41:00","I","2023-06-13 00:00:00","제과점영업","365354.054746923","475083.663036931","제과점영업","1","2","아파트지역","","상수도전용","0","0","0","0","0","","0","0","N","27.65","","","",
"310","제과점영업","07_22_18_P","4201000","4201000-121-2002-00007","2001-04-16","","01","영업/정상","01","영업","","","","","033 6422800","80.62","","강원특별자치도 강릉시 교동 1861-3","강원특별자치도 강릉시 교동광장로 139 (교동)","25513","뚜레쥬르강릉교동택지점","2023-10-18 15:06:33","U","2023-10-20 02:40:00","제과점영업","365617.124221952","475212.457737635","제과점영업","1","1","아파트지역","","상수도전용","0","0","0","0","0","","0","0","N","80.62","","","",
"311","제과점영업","07_22_18_P","4201000","4201000-121-2009-00007","2009-07-20","","01","영업/정상","01","영업","","","","","033 655 8279","73.80","","강원특별자치도 강릉시 내곡동 469","강원특별자치도 강릉시 범일로 647, 101층 102호 (내곡동, 현대아파트상가동)","25603","파리바게트내곡점","2021-01-08 15:31:31","I","2023-06-13 00:00:00","제과점영업","365927.737897736","473056.682315635","제과점영업","0","1","아파트지역","","상수도전용","0","0","0","0","0","","0","0","N","73.8","","","",
"312","제과점영업","07_22_18_P","4201000","4201000-121-1998-00025","1998-07-15","","01","영업/정상","01","영업","","","","","033 662 0454","39.07","","강원특별자치도 강릉시 연곡면 동덕리 1289-7","강원특별자치도 강릉시 연곡면 진고개로 2742, 연곡하나로마트내 1층","25428","연곡제과점","2022-04-29 13:49:27","I","2023-06-13 00:00:00","제과점영업","361750.800769054","485589.595683909","제과점영업","0","0","기타","","상수도전용","0","0","0","0","0","","0","0","N","39.07","","","",
"313","제과점영업","07_22_18_P","4201000","4201000-121-2023-00008","2023-05-10","","01","영업/정상","01","영업","","","","","","8.37","","강원특별자치도 강릉시 강문동 288-20","강원특별자치도 강릉시 난설헌로 249, 102호 (강문동)","25466","강릉샌드초당점","2024-07-03 17:30:36","U","2024-07-05 02:40:00","제과점영업","368619.626437465","478616.655465762","제과점영업","0","0","","","상수도전용","0","0","0","0","0","","0","0","N","8.37","","","",
"314","제과점영업","07_22_18_P","4201000","4201000-121-2023-00009","2023-05-10","","01","영업/정상","01","영업","","","","","","9.90","","강원특별자치도 강릉시 포남동 1164-3","강원특별자치도 강릉시 남구길30번길 23, 1층 (포남동)","25545","강릉샌드쿠키랩","2023-05-10 13:33:08","I","2023-06-13 00:00:00","제과점영업","367923.417975234","475548.724976062","제과점영업","0","0","","","상수도전용","0","0","0","0","0","","0","0","N","9.9","","","",
"315","제과점영업","07_22_18_P","4201000","4201000-121-2023-00011","2023-05-22","","01","영업/정상","01","영업","","","","","","68.80","","강원특별자치도 강릉시 교동 995-1","강원특별자치도 강릉시 원대로8번안길 23, 1층 (교동)","25501","툇마루제과점","2023-05-22 12:40:43","I","2023-06-13 00:00:00","제과점영업","365967.869079879","474582.101222721","제과점영업","0","0","","","","0","0","0","0","0","","0","0","N","68.8","","","",
"316","제과점영업","07_22_18_P","4201000","4201000-121-2023-00012","2023-05-24","","01","영업/정상","01","영업","","","","","033 642 1211","69.75","","강원특별자치도 강릉시 포남동 1219-6","강원특별자치도 강릉시 강릉대로 521 (포남동)","25484","갤러리밥스제과점","2025-10-21 16:08:50","U","2025-10-23 02:40:00","제과점영업","368871.193660027","476862.323825703","제과점영업","0","0","","","상수도전용","0","0","0","0","0","","0","0","N","69.75","","","",
"317","제과점영업","07_22_18_P","4201000","4201000-121-2023-00013","2023-05-24","","01","영업/정상","01","영업","","","","","033 642 1211","1.00","","강원특별자치도 강릉시 포남동 82-7","강원특별자치도 강릉시 난설헌로 144 (포남동)","25471","갤러리밥스제과점","2025-10-21 16:09:13","U","2025-10-23 02:40:00","제과점영업","368006.702065408","477799.379293194","제과점영업","0","0","","","상수도전용","0","0","0","0","0","","0","0","N","0","","","",
"318","제과점영업","07_22_18_P","4201000","4201000-121-2002-00047","2002-11-20","","01","영업/정상","01","영업","","","","","033 6477953","541.80","","강원특별자치도 강릉시 교동 1889-4","강원특별자치도 강릉시 솔올로 3, 1,4층 (교동)","25515","주식회사베이커리가루","2024-05-22 11:36:31","U","2024-05-24 02:40:00","제과점영업","365352.75308706","474988.423625031","제과점영업","2","1","아파트지역","","상수도전용","0","0","0","0","0","","0","0","Y","541.8","","","",
"319","제과점영업","07_22_18_P","4201000","4201000-121-2016-00010","2016-05-19","","01","영업/정상","01","영업","","","","","033 647 3942","35.91","","강원특별자치도 강릉시 노암동 613-7","강원특별자치도 강릉시 남부로125번길 12 (노암동)","25595","강남빵집","2023-10-17 13:09:00","U","2023-10-19 02:40:00","제과점영업","366849.979567705","472836.1322759","제과점영업","1","0","아파트지역","","상수도전용","0","0","0","0","0","","0","0","N","35.91","","","",
"320","제과점영업","07_22_18_P","4201000","4201000-121-2016-00012","2016-05-25","","01","영업/정상","01","영업","","","","","","19.62","","강원특별자치도 강릉시 사천면 방동리 415","강원특별자치도 강릉시 사천면 방동길 38-1","25440","팡파미유분점","2016-05-25 16:49:47","I","2023-06-13 00:00:00","제과점영업","363580.205089049","481138.750877628","제과점영업","0","1","기타","","상수도전용","0","0","0","0","0","","0","0","N","19.62","","","",
"321","제과점영업","07_22_18_P","4201000","4201000-121-2016-00013","2016-06-07","","01","영업/정상","01","영업","","","","","","26.40","","강원특별자치도 강릉시 교동 1890-4","강원특별자치도 강릉시 정원로 52 (교동)","25515","52블럭","2016-06-07 11:12:56","I","2023-06-13 00:00:00","제과점영업","365261.601046081","474980.511146675","제과점영업","1","1","아파트지역","","상수도전용","0","0","0","0","0","","0","0","N","26.4","","","",
"322","제과점영업","07_22_18_P","4201000","4201000-121-2016-00014","2016-06-16","","01","영업/정상","01","영업","","","","","033 645 7887","27.00","","강원특별자치도 강릉시 초당동 532-2","강원특별자치도 강릉시 난설헌로 131, 2층 (초당동)","25466","주식회사 경포아쿠아리움","2016-06-16 15:24:08","I","2023-06-13 00:00:00","제과점영업","367950.860927223","478141.732782199","제과점영업","0","0","기타","","상수도전용","0","0","0","0","0","","0","0","Y","27","","","",
"323","제과점영업","07_22_18_P","4201000","4201000-121-2016-00016","2016-07-11","","01","영업/정상","01","영업","","","","","","46.20","","강원특별자치도 강릉시 입암동 106","강원특별자치도 강릉시 성덕포남로 67 (입암동, 원마트내)","25578","강릉빵집","2020-12-16 14:37:22","I","2023-06-13 00:00:00","제과점영업","368922.668215888","474826.620995997","제과점영업","0","0","아파트지역","기타","상수도전용","0","0","0","0","0","","0","0","N","46.2","","","",
"324","제과점영업","07_22_18_P","4201000","4201000-121-2016-00017","2016-07-12","","01","영업/정상","01","영업","","","","","033 653 9876","24.20","","강원특별자치도 강릉시 견소동 152","강원특별자치도 강릉시 창해로14번길 48 (견소동)","25556","커피아메리카","2023-06-28 15:27:49","U","2023-06-30 02:40:00","제과점영업","371691.415314152","476065.728033279","제과점영업","0","0","기타","기타","상수도전용","0","0","0","0","0","","0","0","N","24.2","","","",
"325","제과점영업","07_22_18_P","4201000","4201000-121-2016-00018","2016-08-11","","01","영업/정상","01","영업","","","","","","12.00","","강원특별자치도 강릉시 초당동 127-9","강원특별자치도 강릉시 강릉대로587번길 9-8 (초당동)","25469","콩밀","2020-05-26 10:35:56","I","2023-06-13 00:00:00","제과점영업","368968.015390226","477456.237150213","제과점영업","1","0","주택가주변","","상수도전용","0","0","0","0","0","","0","0","N","12","","","",
"326","제과점영업","07_22_18_P","4201000","4201000-121-2016-00019","2016-08-11","","01","영업/정상","01","영업","","","","","","32.14","","강원특별자치도 강릉시 입암동 448","강원특별자치도 강릉시 용지로 20 (입암동)","25580","팡파미유하나로마트축협점","2017-11-08 15:25:21","I","2023-06-13 00:00:00","제과점영업","368523.976003866","474097.98738103","제과점영업","1","1","아파트지역","","상수도전용","0","0","0","0","0","","0","0","N","32.14","","","",
"327","제과점영업","07_22_18_P","4201000","4201000-121-2016-00022","2016-10-24","","01","영업/정상","01","영업","","","","","033 645 2244","44.02","","강원특별자치도 강릉시 포남동 892-45","강원특별자치도 강릉시 경강로2224번길 12-1 (포남동)","25548","뚜레쥬르강릉합동마트(3)점","2025-09-18 11:11:09","U","2025-09-20 02:40:00","제과점영업","367977.236127039","474924.162438968","제과점영업","1","1","주택가주변","","상수도전용","0","0","0","0","0","","0","0","N","44.02","","","",
"328","제과점영업","07_22_18_P","4201000","4201000-121-2016-00023","2016-11-01","","01","영업/정상","01","영업","","","","","","28.20","","강원특별자치도 강릉시 옥계면 현내리 364-17","강원특별자치도 강릉시 옥계면 현내시장길 74-4","25634","하얀풍차베이커리","2016-11-01 09:24:47","I","2023-06-13 00:00:00","제과점영업","379610.784069378","458261.146300353","제과점영업","1","1","기타","","상수도전용","0","0","0","0","0","","0","0","N","28.2","","","",
"329","제과점영업","07_22_18_P","4201000","4201000-121-2019-00005","2019-04-11","","01","영업/정상","01","영업","","","","","033 648 2760","2.30","","강원특별자치도 강릉시 포남동 933","강원특별자치도 강릉시 난설헌로 145 (포남동)","25471","(주)학산 테라로사커피 경포호수지점","2025-04-21 16:15:35","U","2025-04-23 02:40:00","제과점영업","367958.438327294","477853.146235775","제과점영업","0","0","기타","","","0","0","0","0","0","","0","0","N","2.3","","","",
"330","제과점영업","07_22_18_P","4201000","4201000-121-2019-00006","2019-05-21","","01","영업/정상","01","영업","","","","","","69.00","","강원특별자치도 강릉시 송정동 172-12","강원특별자치도 강릉시 경강로2477번길 4 (송정동)","25558","파리바게트강릉송정점","2021-01-19 14:47:32","I","2023-06-13 00:00:00","제과점영업","370062.226271391","476517.276253356","제과점영업","0","0","","","","0","0","0","0","0","","0","0","N","69","","","",
"331","제과점영업","07_22_18_P","4201000","4201000-121-2019-00008","2019-05-27","","01","영업/정상","01","영업","","","","","","40.30","","강원특별자치도 강릉시 포남동 1212-3","강원특별자치도 강릉시 강릉대로 531-1, 1층 (포남동)","25483","살롱드마카롱","2021-04-29 09:23:03","I","2023-06-13 00:00:00","제과점영업","368904.260252508","476951.605682038","제과점영업","0","0","","","","0","0","0","0","0","","0","0","N","40.3","","","",
"332","제과점영업","07_22_18_P","4201000","4201000-121-2019-00010","2019-06-14","","01","영업/정상","01","영업","","","","","033 646 8484","73.00","","강원특별자치도 강릉시 임당동 41-5","강원특별자치도 강릉시 토성로 157, 1층 (임당동)","25529","손병욱베이커리","2019-10-28 15:47:21","I","2023-06-13 00:00:00","제과점영업","366807.211482405","474257.510452652","제과점영업","0","0","기타","기타","상수도전용","0","0","0","0","0","","0","0","N","73","","","",
"333","제과점영업","07_22_18_P","4201000","4201000-121-2019-00011","2019-06-18","","01","영업/정상","01","영업","","","","","","32.20","","강원특별자치도 강릉시 옥천동 145-2","강원특별자치도 강릉시 율곡로 2848 (옥천동)","25551","고래빵집","2023-07-18 10:55:00","U","2023-07-20 02:40:00","제과점영업","367120.538085797","474551.609643627","제과점영업","0","0","","","","0","0","0","0","0","","0","0","N","32.2","","","",
"334","제과점영업","07_22_18_P","4201000","4201000-121-2019-00013","2019-07-29","","01","영업/정상","01","영업","","","","","","23.07","","강원특별자치도 강릉시 옥천동 62-3","강원특별자치도 강릉시 금성로 6 (옥천동)","25541","만동제과","2021-09-24 15:18:40","I","2023-06-13 00:00:00","제과점영업","367331.969312608","474215.461803484","제과점영업","0","0","","","","0","0","0","0","0","","0","0","N","23.07","","","",
"335","제과점영업","07_22_18_P","4201000","4201000-121-2009-00012","2009-10-14","","01","영업/정상","01","영업","","","","","033 645 2366","117.00","","강원특별자치도 강릉시 교동 825-17","강원특별자치도 강릉시 율곡로 2939-1 (교동)","25502","뚜레쥬르강일점","2021-01-06 15:27:05","I","2023-06-13 00:00:00","제과점영업","366585.073988065","475289.152085539","제과점영업","1","1","학교정화(상대)","자율","상수도전용","0","0","0","0","0","","0","0","N","117","","","",
"336","제과점영업","07_22_18_P","4201000","4201000-121-2009-00016","2009-11-30","","01","영업/정상","01","영업","","","","","033 649 8089","93.47","","강원특별자치도 강릉시 옥천동 189","강원특별자치도 강릉시 경강로 2120 (옥천동, 홈플러스2층)","25541","몽블랑제(강릉점)","2024-02-22 09:21:16","U","2024-02-24 02:40:00","제과점영업","367257.089561415","474274.357968797","제과점영업","0","0","기타","","상수도전용","0","0","0","0","0","","0","0","N","93.47","","","",
"337","제과점영업","07_22_18_P","4201000","4201000-121-2009-00018","2009-12-16","","01","영업/정상","01","영업","","","","","033 661 1100","110.91","","강원특별자치도 강릉시 주문진읍 주문리 335-26","강원특별자치도 강릉시 주문진읍 주문로 107","25410","뚜레쥬르주문진점","2021-02-18 17:21:27","I","2023-06-13 00:00:00","제과점영업","360654.410250934","489443.78540405","제과점영업","0","0","주택가주변","","상수도전용","0","0","0","0","0","","0","0","N","110.91","","","",
"338","제과점영업","07_22_18_P","4201000","4201000-121-1999-00025","1999-04-28","","01","영업/정상","01","영업","","","","","033 6514823","66.72","","강원특별자치도 강릉시 포남동 1184","강원특별자치도 강릉시 하평길 34 (포남동)","25568","파리바게트강릉포남점","2023-12-04 13:23:02","U","2023-12-06 02:40:00","제과점영업","368427.944546735","475903.309837747","제과점영업","1","1","주택가주변","","상수도전용","0","0","0","0","0","","0","0","N","66.72","","","",
"339","제과점영업","07_22_18_P","4201000","4201000-121-1999-00028","1999-05-12","","01","영업/정상","01","영업","","","","","033 6521077","56.00","","강원특별자치도 강릉시 포남동 1235-7","강원특별자치도 강릉시 가작로 302 (포남동)","25487","궁전베이커리","2022-07-14 10:35:38","I","2023-06-13 00:00:00","제과점영업","368079.066057137","475946.101902406","제과점영업","1","1","기타","","상수도전용","0","0","0","0","0","","0","0","N","56","","","",
"340","제과점영업","07_22_18_P","4201000","4201000-121-2003-00002","2003-01-21","","01","영업/정상","01","영업","","","","","02  33976000","174.00","","강원특별자치도 강릉시 송정동 1008-7","강원특별자치도 강릉시 경강로 2398-10 (송정동)","25563","(주)신세계푸드베이커리강릉점","2025-04-08 13:23:13","U","2025-04-10 02:40:00","제과점영업","369334.629080122","475954.381315576","제과점영업","3","5","아파트지역","","상수도전용","0","0","0","0","0","","0","0","N","174","","","",
"341","제과점영업","07_22_18_P","4201000","4201000-121-2003-00037","2003-12-20","","01","영업/정상","01","영업","","","","","033 6488249","49.97","","강원특별자치도 강릉시 교동 1888-2","강원특별자치도 강릉시 솔올로 17 (교동)","25515","파리바게뜨교동점","2021-02-17 11:04:42","I","2023-06-13 00:00:00","제과점영업","365370.826191428","475105.838855364","제과점영업","2","2","기타","","상수도전용","0","0","0","0","0","","0","0","N","49.97","","","",
"342","제과점영업","07_22_18_P","4201000","4201000-121-2005-00025","2005-09-05","","01","영업/정상","01","영업","","","","","033 6471201","62.70","","강원특별자치도 강릉시 성남동 97-5","강원특별자치도 강릉시 금성로 39 (성남동)","25543","뚜레쥬르강릉중앙시장점","2018-04-26 14:49:11","I","2023-06-13 00:00:00","제과점영업","367090.452880812","473960.848145562","제과점영업","2","1","유흥업소밀집지역","","상수도전용","0","0","0","0","0","","0","0","N","62.7","","","",
"343","제과점영업","07_22_18_P","4201000","4201000-121-2022-00018","2022-11-30","","01","영업/정상","01","영업","","","","","","56.40","","강원특별자치도 강릉시 옥천동 274","강원특별자치도 강릉시 옥가로19번길 24, 1층 (옥천동)","25551","스위트홈베이커리","2022-11-30 13:29:05","I","2023-06-13 00:00:00","제과점영업","367115.375645304","474674.849993968","제과점영업","0","0","기타","기타","상수도전용","0","0","0","0","0","","0","0","N","56.4","","","",
"344","제과점영업","07_22_18_P","4201000","4201000-121-2022-00019","2022-12-19","","01","영업/정상","01","영업","","","","","","28.70","","강원특별자치도 강릉시 옥천동 315-6","강원특별자치도 강릉시 용지로 148, 104호 (옥천동)","25550","(얼)EARL 강릉점","2025-08-19 16:41:48","U","2025-08-21 02:40:00","제과점영업","367544.59888549","474973.419909509","제과점영업","0","0","기타","","상수도전용","0","0","0","0","0","","0","0","N","28.7","","","",
"345","제과점영업","07_22_18_P","4201000","4201000-121-2023-00005","2023-02-15","","01","영업/정상","01","영업","","","","","","43.30","","강원특별자치도 강릉시 포남동 1208","강원특별자치도 강릉시 산양큰길 29 (포남동)","25481","김윤식케익부티끄","2023-09-12 14:39:20","U","2023-09-14 02:40:00","제과점영업","368735.768381611","476981.210756124","제과점영업","0","0","","","","0","0","0","0","0","","0","0","N","43.3","","","",
"346","제과점영업","07_22_18_P","4201000","4201000-121-2023-00006","2023-04-26","","01","영업/정상","01","영업","","","","","033 646 4500","181.00","","강원특별자치도 강릉시 사천면 사천진리 262-7","강원특별자치도 강릉시 사천면 진리해변길 143","25435","곳;","2023-04-26 11:04:10","I","2023-06-13 00:00:00","제과점영업","364780.804141639","483937.974191316","제과점영업","0","0","","","상수도전용","0","0","0","0","0","","0","0","N","181","","","",
"347","제과점영업","07_22_18_P","4201000","4201000-121-2023-00007","2023-05-10","","01","영업/정상","01","영업","","","","","","11.70","","강원특별자치도 강릉시 금학동 1-1","강원특별자치도 강릉시 금성로12번길 6, 1층 103호 (금학동)","25541","강릉샌드","2023-05-10 13:18:16","I","2023-06-13 00:00:00","제과점영업","367265.648206512","474199.518762055","제과점영업","0","0","","","상수도전용","0","0","0","0","0","","0","0","N","11.7","","","",
"348","제과점영업","07_22_18_P","4201000","4201000-121-2019-00017","2019-10-07","","01","영업/정상","01","영업","","","","","033 642 8807","219.19","","강원특별자치도 강릉시 포남동 1278-23","강원특별자치도 강릉시 남강초교1길 24, 1~2층 (포남동)","25564","주식회사강릉빵다방","2022-11-18 11:40:12","I","2023-06-13 00:00:00","제과점영업","368939.287507952","475788.064985829","제과점영업","0","0","기타","기타","상수도전용","0","0","0","0","0","","0","0","Y","219.19","","","",
"349","제과점영업","07_22_18_P","4201000","4201000-121-2019-00019","2019-10-10","","01","영업/정상","01","영업","","","","","","20.51","","강원특별자치도 강릉시 성남동 53-3","강원특별자치도 강릉시 중앙시장1길 17, 1층 (성남동)","25543","강릉커피콩빵 강릉당중앙시장점","2023-09-21 15:27:06","U","2023-09-23 02:40:00","제과점영업","367324.01164102","474065.359449003","제과점영업","0","0","기타","","상수도전용","0","0","0","0","0","","0","0","N","20.51","","","",
"350","제과점영업","07_22_18_P","4201000","4201000-121-2019-00020","2019-10-10","","01","영업/정상","01","영업","","","","","","29.00","","강원특별자치도 강릉시 성남동 107 제일자유상가아파트","강원특별자치도 강릉시 곶감전길 12, 1층 105호 (성남동, 제일자유상가아파트)","25544","강릉커피콩빵 강릉당본점","2023-09-21 15:32:56","U","2023-09-23 02:40:00","제과점영업","367107.591591166","473870.333309244","제과점영업","0","0","기타","","상수도전용","0","0","0","0","0","","0","0","N","29","","","",
"351","제과점영업","07_22_18_P","4201000","4201000-121-2019-00022","2019-10-24","","01","영업/정상","01","영업","","","","","","19.30","","강원특별자치도 강릉시 성남동 55-1","강원특별자치도 강릉시 금성로13번길 18, 1층 (성남동)","25543","강릉중화짬뽕빵","2019-10-24 11:33:47","I","2023-06-13 00:00:00","제과점영업","367375.732788476","474010.413517232","제과점영업","0","0","기타","기타","상수도전용","0","0","0","0","0","","0","0","N","19.3","","","",
"352","제과점영업","07_22_18_P","4201000","4201000-121-2019-00023","2019-10-24","","01","영업/정상","01","영업","","","","","","11.40","","강원특별자치도 강릉시 성남동 51-106","강원특별자치도 강릉시 금성로13번길 17, 1층 (성남동)","25543","강릉중화짬뽕빵","2019-10-24 11:37:59","I","2023-06-13 00:00:00","제과점영업","367392.14902467","474010.952599711","제과점영업","0","0","기타","기타","상수도전용","0","0","0","0","0","","0","0","N","11.4","","","",
"353","제과점영업","07_22_18_P","4201000","4201000-121-2019-00024","2019-11-28","","01","영업/정상","01","영업","","","","","","43.00","","강원특별자치도 강릉시 입암동 632-12","강원특별자치도 강릉시 강중길 53-1, 103호 (입암동)","25581","오느레케이크","2019-11-28 10:07:44","I","2023-06-13 00:00:00","제과점영업","368098.66585693","474297.639699869","제과점영업","0","0","아파트지역","","상수도전용","0","0","0","0","0","","0","0","N","43","","","",
"354","제과점영업","07_22_18_P","4201000","4201000-121-1984-00005","1984-10-17","","01","영업/정상","01","영업","","","","","033 6471672","20.36","","강원특별자치도 강릉시 성남동 50 중앙시장 지하동 12호","강원특별자치도 강릉시 금성로 21, 중앙시장 지하동 12호 (성남동)","25543","맛나제과","2011-05-16 16:49:46","I","2023-06-13 00:00:00","제과점영업","367255.878725242","474087.754397503","제과점영업","0","0","기타","","상수도전용","0","0","0","0","0","","0","0","N","20.36","","","",
"355","제과점영업","07_22_18_P","4201000","4201000-121-1987-00004","1987-10-17","","01","영업/정상","01","영업","","","","","033 646 4621","133.98","","강원특별자치도 강릉시 옥천동 160-1","강원특별자치도 강릉시 옥가로 14, 1층 (옥천동)","25552","바로방","2025-06-11 11:26:06","U","2025-06-13 02:40:00","제과점영업","367308.551629394","474484.219351728","제과점영업","1","1","유흥업소밀집지역","","","0","0","0","0","0","","0","0","N","133.98","","","",
"356","제과점영업","07_22_18_P","4201000","4201000-121-1987-00009","1987-05-19","","01","영업/정상","01","영업","","","","","033 661 8280","85.80","","강원특별자치도 강릉시 주문진읍 주문리 324-29","강원특별자치도 강릉시 주문진읍 주문로 79-1","25414","파리바게뜨주문진점","2021-01-20 15:58:36","I","2023-06-13 00:00:00","제과점영업","360545.379067296","489167.625865483","제과점영업","0","0","기타","","상수도전용","0","0","0","0","0","","0","0","N","85.8","","","",
"357","제과점영업","07_22_18_P","4201000","4201000-121-2020-00001","2020-02-04","","01","영업/정상","01","영업","","","","","033 648 0208","36.35","","강원특별자치도 강릉시 교동 949-12","강원특별자치도 강릉시 강릉대로 109, 1층 (교동)","25506","강릉커피콩빵직영점","2023-01-11 15:56:19","I","2023-06-13 00:00:00","제과점영업","365857.363480505","474229.869729882","제과점영업","0","0","기타","","상수도전용","0","0","0","0","0","","0","0","N","36.35","","","",
"358","제과점영업","07_22_18_P","4201000","4201000-121-2020-00003","2020-02-18","","01","영업/정상","01","영업","","","","","","47.80","","강원특별자치도 강릉시 교동 135-9","강원특별자치도 강릉시 강릉대로 282, 1층 (교동)","25551","라스텔리나","2022-07-12 15:11:06","I","2023-06-13 00:00:00","제과점영업","367348.717041079","474989.222407821","제과점영업","0","0","기타","기타","상수도전용","0","0","0","0","0","","0","0","N","47.8","","","",
"359","제과점영업","07_22_18_P","4201000","4201000-121-1991-00010","1991-05-23","","01","영업/정상","01","영업","","","","","033 661 3237","20.00","","강원특별자치도 강릉시 주문진읍 주문리 270-18","강원특별자치도 강릉시 주문진읍 주문북로 8-1","25411","엔젤제과점","2023-10-18 13:15:04","U","2023-10-20 02:40:00","제과점영업","361035.146868372","489694.744911211","제과점영업","0","0","기타","","상수도전용","0","0","0","0","0","","0","0","N","20","","","",
"360","제과점영업","07_22_18_P","4201000","4201000-121-1993-00006","1993-03-23","","01","영업/정상","01","영업","","","","","033 6477050","28.22","","강원특별자치도 강릉시 교동 799-3","강원특별자치도 강릉시 율곡로 2952 (교동)","25490","모짜르트베이커리","2022-07-12 15:47:49","I","2023-06-13 00:00:00","제과점영업","366620.789141391","475410.45498306","제과점영업","0","1","기타","","상수도전용","0","0","0","0","0","","0","0","N","28.22","","","",
"361","제과점영업","07_22_18_P","4201000","4201000-121-1989-00003","1989-09-02","","01","영업/정상","01","영업","","","","","033 6513904","41.18","","강원특별자치도 강릉시 포남동 1217-3","강원특별자치도 강릉시 강릉대로527번길 7 (포남동)","25484","에덴제과","2012-04-13 16:54:29","I","2023-06-13 00:00:00","제과점영업","368838.008398825","476925.588432373","제과점영업","0","2","아파트지역","","상수도전용","0","0","0","0","0","","0","0","N","41.18","","","",
"362","제과점영업","07_22_18_P","4201000","4201000-121-2021-00008","2021-06-02","","01","영업/정상","01","영업","","","","","","26.00","","강원특별자치도 강릉시 강문동 242-1","강원특별자치도 강릉시 창해로 378, 1층 (강문동)","25467","꾸옥(GGUOK)","2022-05-17 11:53:35","I","2023-06-13 00:00:00","제과점영업","368731.539036938","478802.561955545","제과점영업","0","0","기타","","상수도전용","0","0","0","0","0","","0","0","N","26","","","",
"363","제과점영업","07_22_18_P","4201000","4201000-121-2021-00009","2021-06-29","","01","영업/정상","01","영업","","","","","070 71218739","187.20","","강원특별자치도 강릉시 견소동 287-43","강원특별자치도 강릉시 창해로14번길 6, 1~2층 (견소동)","25556","강릉커피콩빵 강릉당 안목해변점","2023-09-25 17:17:32","U","2023-09-27 02:40:00","제과점영업","371387.139454172","476325.364552879","제과점영업","0","0","기타","","상수도전용","0","0","0","0","0","","0","0","N","187.2","","","",
"364","제과점영업","07_22_18_P","4201000","4201000-121-2021-00010","2021-07-05","","01","영업/정상","01","영업","","","","","","37.00","","강원특별자치도 강릉시 교동 162-178","강원특별자치도 강릉시 강릉대로 197, 1층 (교동)","25503","두딩(duding)본점","2021-10-25 16:49:17","I","2023-06-13 00:00:00","제과점영업","366676.245180215","474536.046418472","제과점영업","0","0","기타","기타","상수도전용","0","0","0","0","0","","0","0","N","37","","","",
"365","제과점영업","07_22_18_P","4201000","4201000-121-2021-00011","2021-07-05","","01","영업/정상","01","영업","","","","","","148.10","","강원특별자치도 강릉시 초당동 354-5","강원특별자치도 강릉시 초당순두부길 89-8, 1층 (초당동)","25466","강원옥","2023-04-27 17:22:22","I","2023-06-13 00:00:00","제과점영업","368625.147746319","478325.894220886","제과점영업","0","0","기타","","","0","0","0","0","0","","0","0","N","148.1","","","",
"366","제과점영업","07_22_18_P","4201000","4201000-121-2021-00012","2021-08-27","","01","영업/정상","01","영업","","","","","","56.68","","강원특별자치도 강릉시 홍제동 93-19","강원특별자치도 강릉시 경강로 1959, 1층 (홍제동)","25537","버드나무크래프트","2021-08-27 15:30:20","I","2023-06-13 00:00:00","제과점영업","366004.258814791","473410.479824543","제과점영업","0","0","기타","기타","상수도전용","0","0","0","0","0","","0","0","N","56.68","","","",
"367","제과점영업","07_22_18_P","4201000","4201000-121-2021-00013","2021-09-23","","01","영업/정상","01","영업","","","","","","33.15","","강원특별자치도 강릉시 회산동 610","강원특별자치도 강릉시 회산로 315, 1층 101호 (회산동)","25598","아뜰리에 제이","2021-09-23 17:24:09","I","2023-06-13 00:00:00","제과점영업","364156.980085822","472343.38057355","제과점영업","0","0","기타","기타","상수도전용","0","0","0","0","0","","0","0","N","33.15","","","",
"368","제과점영업","07_22_18_P","4201000","4201000-121-2021-00014","2021-09-27","","01","영업/정상","01","영업","","","","","","55.70","","강원특별자치도 강릉시 금학동 28-5","강원특별자치도 강릉시 금성로 30-1, 1층 (금학동)","25540","김성수제빵소","2021-09-27 10:54:05","I","2023-06-13 00:00:00","제과점영업","367139.440705912","474051.370608412","제과점영업","0","0","기타","기타","상수도전용","0","0","0","0","0","","0","0","N","55.7","","","",
"369","제과점영업","07_22_18_P","4201000","4201000-121-2021-00017","2021-10-15","","01","영업/정상","01","영업","","","","","033 651 0805","370.25","","강원특별자치도 강릉시 입암동 71","강원특별자치도 강릉시 월대산로 85-28, 1~2층 (입암동)","25576","김윤식케익부띠끄월대산점","2023-10-20 13:18:56","U","2023-10-22 02:40:00","제과점영업","369034.18654488","475021.94562086","제과점영업","0","0","기타","기타","상수도전용","0","0","0","0","0","","0","0","Y","370.25","","","",
"370","제과점영업","07_22_18_P","4201000","4201000-121-2021-00019","2021-12-02","","01","영업/정상","01","영업","","","","","033 6535889","31.70","","강원특별자치도 강릉시 포남동 1186-1","강원특별자치도 강릉시 하평길 40, 1층 (포남동)","25568","솔향식빵공방","2021-12-02 09:47:24","I","2023-06-13 00:00:00","제과점영업","368486.93947117","475902.778314885","제과점영업","0","0","","","상수도전용","0","0","0","0","0","","0","0","N","31.7","","","",
"371","제과점영업","07_22_18_P","4201000","4201000-121-2022-00002","2022-03-16","","01","영업/정상","01","영업","","","","","033 653 2221","49.80","","강원특별자치도 강릉시 초당동 135-17 이화해변아파트","강원특별자치도 강릉시 초당원길 19, 이화해변아파트 E동 105호 (초당동)","25469","앤즈케이크(Anne's cake)","2023-04-10 15:31:49","I","2023-06-13 00:00:00","제과점영업","368784.797883134","477417.651655791","제과점영업","0","0","","","상수도전용","0","0","0","0","0","","0","0","N","49.8","","","",
"372","제과점영업","07_22_18_P","4201000","4201000-121-2022-00003","2022-03-23","","01","영업/정상","01","영업","","","","","033 640 2159","98.78","","강원특별자치도 강릉시 지변동 710","강원특별자치도 강릉시 경포로 21, B동 1층 102호 (지변동)","25465","강릉사랑로컬푸드","2023-01-04 11:01:14","I","2023-06-13 00:00:00","제과점영업","365288.403730773","476051.516820402","제과점영업","0","0","기타","기타","상수도전용","0","0","0","0","0","","0","0","N","98.78","","","",
"373","제과점영업","07_22_18_P","4201000","4201000-121-2020-00014","2020-07-20","","01","영업/정상","01","영업","","","","","","26.20","","강원특별자치도 강릉시 내곡동 416-11","강원특별자치도 강릉시 남부로17번길 10, 2층 (내곡동)","25604","미미케이크(mimicake)","2020-07-20 09:09:05","I","2023-06-13 00:00:00","제과점영업","365845.249898865","472574.655606718","제과점영업","0","0","기타","기타","상수도전용","0","0","0","0","0","","0","0","N","26.2","","","",
"374","제과점영업","07_22_18_P","4201000","4201000-121-2020-00016","2020-09-16","","01","영업/정상","01","영업","","","","","","1.50","","강원특별자치도 강릉시 초당동 355","강원특별자치도 강릉시 난설헌로 232, 1층 (초당동)","25466","카페툇마루","2021-06-10 17:06:39","I","2023-06-13 00:00:00","제과점영업","368574.927025588","478425.519799708","제과점영업","0","0","기타","기타","상수도전용","0","0","0","0","0","","0","0","N","1.5","","","",
"375","제과점영업","07_22_18_P","4201000","4201000-121-2020-00018","2020-10-15","","01","영업/정상","01","영업","","","","","","86.57","","강원특별자치도 강릉시 임당동 19-27","강원특별자치도 강릉시 토성로 176, 4층 (임당동)","25532","달콤하잉","2021-03-22 09:34:04","I","2023-06-13 00:00:00","제과점영업","366964.471303256","474356.664947657","제과점영업","0","0","","","상수도전용","0","0","0","0","0","","0","0","N","86.57","","","",
"376","제과점영업","07_22_18_P","4201000","4201000-121-2021-00004","2021-03-19","","01","영업/정상","01","영업","","","","","","10.50","","강원특별자치도 강릉시 주문진읍 교항리 48-66","강원특별자치도 강릉시 주문진읍 연주로 303-1, 1층","25423","미니온실","2021-03-19 16:16:51","I","2023-06-13 00:00:00","제과점영업","360633.13714549","487891.023881741","제과점영업","0","0","기타","기타","상수도전용","0","0","0","0","0","","0","0","N","10.5","","","",
"377","제과점영업","07_22_18_P","4201000","4201000-121-2021-00006","2021-05-26","","01","영업/정상","01","영업","","","","","","26.92","","강원특별자치도 강릉시 옥천동 141-3","강원특별자치도 강릉시 옥천로71번길 15, 1층 (옥천동)","25551","래펴스카빵집","2022-05-26 13:10:47","I","2023-06-13 00:00:00","제과점영업","367098.62238805","474659.669303753","제과점영업","0","0","기타","","상수도전용","0","0","0","0","0","","0","0","N","26.92","","","",
"378","제과점영업","07_22_18_P","4201000","4201000-121-2022-00006","2022-04-15","","01","영업/정상","01","영업","","","","","","84.34","","강원특별자치도 강릉시 병산동 22-11","강원특별자치도 강릉시 월호평길 119, 104호 (병산동)","25618","파리바게뜨강릉공군비행단점","2022-05-18 11:39:17","I","2023-06-13 00:00:00","제과점영업","371809.864929643","474033.575060989","제과점영업","0","0","기타","기타","상수도전용","0","0","0","0","0","","0","0","N","84.34","","","",
"379","제과점영업","07_22_18_P","4201000","4201000-121-2022-00007","2022-05-12","","01","영업/정상","01","영업","","","","","","89.96","","강원특별자치도 강릉시 교동 1909-4","강원특별자치도 강릉시 하슬라로 123-23, 1층 (교동)","25516","트라디시옹","2022-05-12 09:48:24","I","2023-06-13 00:00:00","제과점영업","364959.529050142","474829.321177336","제과점영업","0","0","기타","기타","상수도전용","0","0","0","0","0","","0","0","N","89.96","","","",
"380","제과점영업","07_22_18_P","4201000","4201000-121-1995-00009","1995-03-17","","01","영업/정상","01","영업","","","","","033645 2581","41.91","","강원특별자치도 강릉시 성남동 26-1","강원특별자치도 강릉시 율곡로 2792 (성남동)","25555","이미자베이커리","2021-01-18 16:25:57","I","2023-06-13 00:00:00","제과점영업","367507.675083979","474145.209648271","제과점영업","0","0","아파트지역","","상수도전용","0","0","0","0","0","","0","0","N","41.91","","","",
"381","제과점영업","07_22_18_P","4201000","4201000-121-1995-00014","1995-08-23","","01","영업/정상","01","영업","","","","","033 6526732","67.80","","강원특별자치도 강릉시 포남동 1187","강원특별자치도 강릉시 하평길 46 (포남동)","25568","뚜레쥬르포남점","2021-01-06 10:41:05","I","2023-06-13 00:00:00","제과점영업","368540.804923038","475895.703392754","제과점영업","0","0","기타","","상수도전용","0","0","0","0","0","","0","0","N","67.8","","","",
"382","제과점영업","07_22_18_P","4201000","4201000-121-2022-00009","2022-06-28","","01","영업/정상","01","영업","","","","","033 661 6400","24.41","","강원특별자치도 강릉시 주문진읍 주문리 324-1","강원특별자치도 강릉시 주문진읍 주문로 85, 1층","25414","카페맬굼","2022-06-28 16:35:02","I","2023-06-13 00:00:00","제과점영업","360549.407209356","489221.479823887","제과점영업","0","0","기타","기타","상수도전용","0","0","0","0","0","","0","0","N","24.41","","","",
"383","제과점영업","07_22_18_P","4201000","4201000-121-2022-00011","2022-07-21","","01","영업/정상","01","영업","","","","","","139.34","","강원특별자치도 강릉시 성남동 57-5","강원특별자치도 강릉시 금성로23번길 17, 1~2층 (성남동)","25543","강릉샌드본점","2022-09-27 10:37:00","I","2023-06-13 00:00:00","제과점영업","367312.321114354","473949.999536059","제과점영업","0","0","기타","기타","상수도전용","0","0","0","0","0","","0","0","N","139.34","","","",
"384","제과점영업","07_22_18_P","4201000","4201000-121-2022-00013","2022-08-16","","01","영업/정상","01","영업","","","","","","14.31","","강원특별자치도 강릉시 사천면 미노리 493","강원특별자치도 강릉시 사천면 미노길 78-7, 사천농협하나로마트 1층","25439","팡파미유사천하나로마트점","2022-08-16 09:53:42","I","2023-06-13 00:00:00","제과점영업","362817.184454614","481751.168236877","제과점영업","0","0","기타","기타","상수도전용","0","0","0","0","0","","0","0","N","14.31","","","",
"385","제과점영업","07_22_18_P","4201000","4201000-121-2024-00023","2024-10-24","","01","영업/정상","01","영업","","","","","","86.70","","강원특별자치도 강릉시 옥천동 139","강원특별자치도 강릉시 경강로 2156, 1층 (옥천동)","25554","강릉프리미스","2024-12-31 10:05:43","U","2025-01-03 02:40:00","제과점영업","367499.072306498","474553.066720145","제과점영업","0","0","","","상수도전용","0","0","0","0","0","","0","0","N","86.7","","","",
"386","제과점영업","07_22_18_P","4201000","4201000-121-2024-00012","2024-06-27","","01","영업/정상","01","영업","","","","","","166.10","","강원특별자치도 강릉시 임당동 81-8","강원특별자치도 강릉시 문화의길 3 (임당동)","25533","리커피(Reeh:리)","2024-06-27 11:39:02","I","2024-06-29 00:14:02","제과점영업","366917.865714681","474122.48708999","제과점영업","0","0","기타","기타","","0","0","0","0","0","","0","0","N","166.1","","","",
"387","제과점영업","07_22_18_P","4201000","4201000-121-2024-00013","2024-07-05","","01","영업/정상","01","영업","","","","","","37.90","","강원특별자치도 강릉시 내곡동 470-15","강원특별자치도 강릉시 강변로 116, 1층 (내곡동)","25603","별을따다구운과자","2024-07-26 17:17:55","U","2024-07-28 02:40:00","제과점영업","365782.689005459","473056.999874351","제과점영업","0","0","기타","기타","상수도전용","0","0","0","0","0","","0","0","N","37.9","","","",
"388","제과점영업","07_22_18_P","4201000","4201000-121-2024-00014","2024-07-10","","01","영업/정상","01","영업","","","","","033 6482760","3.30","","강원특별자치도 강릉시 구정면 어단리 1011-1","강원특별자치도 강릉시 구정면 현천길 7, 마동","25623","(주)학산테라로사커피(마동)","2025-04-21 15:49:53","U","2025-04-23 02:40:00","제과점영업","366836.931063746","467690.23106566","제과점영업","0","0","기타","기타","상수도전용","0","0","0","0","0","","0","0","N","3.3","","","",
"389","제과점영업","07_22_18_P","4201000","4201000-121-2024-00003","2024-04-08","","01","영업/정상","01","영업","","","","","","16.00","","강원특별자치도 강릉시 성남동 56-6","강원특별자치도 강릉시 중앙시장2길 38 (성남동)","25543","감천당(주)김인향손찰떡방중앙시장점","2024-04-30 17:32:19","U","2024-05-02 02:40:00","제과점영업","367294.934691005","473975.674755157","제과점영업","0","0","기타","기타","상수도전용","0","0","0","0","0","","0","0","N","16","","","",
"390","제과점영업","07_22_18_P","4201000","4201000-121-2024-00004","2024-04-08","","01","영업/정상","01","영업","","","","","","27.70","","강원특별자치도 강릉시 용강동 29 서부시장","강원특별자치도 강릉시 임영로155번길 6, 서부시장 지하1층 2호 (용강동)","25528","감천당(주)김인향손찰떡방","2024-06-20 10:23:20","U","2024-06-22 02:40:00","제과점영업","366564.34266928","474192.135182166","제과점영업","0","0","기타","기타","상수도전용","0","0","0","0","0","","0","0","N","27.7","","","",
"391","제과점영업","07_22_18_P","4201000","4201000-121-2024-00010","2024-05-27","","01","영업/정상","01","영업","","","","","","60.00","","강원특별자치도 강릉시 교동 129-12","강원특별자치도 강릉시 용지로 174-6, 1층 104호 (교동)","25491","강릉커피콩빵강릉당강릉역점","2024-06-20 11:58:48","U","2024-06-22 02:40:00","제과점영업","367380.372206018","475185.624429113","제과점영업","0","0","","","","0","0","0","0","0","","0","0","N","60","","","",
"392","제과점영업","07_22_18_P","4201000","4201000-121-2024-00006","2024-04-29","","01","영업/정상","01","영업","","","","","","34.71","","강원특별자치도 강릉시 성남동 105-7","강원특별자치도 강릉시 곶감전길 6, 2층 (성남동)","25544","쿠키스하우스(COOKIES HOUSE)","2024-11-29 17:19:05","U","2024-12-01 02:40:00","제과점영업","367094.027115132","473909.172634959","제과점영업","0","0","기타","기타","상수도전용","0","0","0","0","0","","0","0","N","34.71","","","",
"393","제과점영업","07_22_18_P","4201000","4201000-121-2025-00023","2025-10-28","","01","영업/정상","01","영업","","","","","","","","강원특별자치도 강릉시 초당동 57-17 제3회초당미식로드축제","강원특별자치도 강릉시 초당순두부길 86, 제3회초당미식로드축제 행사장 (초당동)","25468","제3회초당미식로드축제 앤즈케이크(Anne's cake)","2025-10-28 19:55:04","I","2025-10-30 00:20:11","제과점영업","368683.902237262","478213.114755919","제과점영업","0","0","","","","0","0","0","0","0","","0","0","N","0","","","",
"394","제과점영업","07_22_18_P","4201000","4201000-121-2025-00018","2025-10-27","","01","영업/정상","01","영업","","","","","","","","강원특별자치도 강릉시 견소동 268-33","","","제17회 강릉커피축제 쉐프조이","2025-10-27 15:52:44","I","2025-10-29 00:20:02","제과점영업","371106.741604925","476578.557774321","제과점영업","0","0","","","","0","0","0","0","0","","0","0","N","0","","","",
"395","제과점영업","07_22_18_P","4201000","4201000-121-2025-00019","2025-10-27","","01","영업/정상","01","영업","","","","","","","","강원특별자치도 강릉시 견소동 268-33","","","제17회 강릉커피축제 주식회사강릉샌드본점","2025-10-27 16:17:30","I","2025-10-29 00:20:02","제과점영업","371106.741604925","476578.557774321","제과점영업","0","0","","","","0","0","0","0","0","","0","0","N","0","","","",
"396","제과점영업","07_22_18_P","4201000","4201000-121-2025-00020","2025-10-27","","01","영업/정상","01","영업","","","","","","","","강원특별자치도 강릉시 견소동 268-33","","","제17회 강릉커피축제 강릉감자빵","2025-10-27 16:31:07","I","2025-10-29 00:20:02","제과점영업","371106.741604925","476578.557774321","제과점영업","0","0","","","","0","0","0","0","0","","0","0","N","0","","","",
"397","제과점영업","07_22_18_P","4201000","4201000-121-2025-00021","2025-10-27","","01","영업/정상","01","영업","","","","","","","","강원특별자치도 강릉시 견소동 268-33","","","제17회 강릉커피축제 베이커리가루입암점","2025-10-27 16:33:18","I","2025-10-29 00:20:02","제과점영업","371106.741604925","476578.557774321","제과점영업","0","0","","","","0","0","0","0","0","","0","0","N","0","","","",
"398","제과점영업","07_22_18_P","4201000","4201000-121-2025-00022","2025-10-27","","01","영업/정상","01","영업","","","","","","","","강원특별자치도 강릉시 견소동 268-33","","","제17회 강릉커피축제 살롱드마카롱","2025-10-27 16:34:14","I","2025-10-29 00:20:02","제과점영업","371106.741604925","476578.557774321","제과점영업","0","0","","","","0","0","0","0","0","","0","0","N","0","","","",
"399","제과점영업","07_22_18_P","4201000","4201000-121-2025-00016","2025-08-20","","01","영업/정상","01","영업","","","","","","115.20","","강원특별자치도 강릉시 임당동 74-4","강원특별자치도 강릉시 문화의길 9, 1층 102호 (임당동)","25533","몽쉘메종","2025-09-05 21:11:17","U","2025-09-07 02:40:00","제과점영업","366880.639742698","474166.425585812","제과점영업","0","0","","","상수도전용","0","0","0","0","0","","0","0","N","115.2","","","",
"400","제과점영업","07_22_18_P","4201000","4201000-121-2024-00002","2024-01-03","","01","영업/정상","01","영업","","","","","","88.00","","강원특별자치도 강릉시 견소동 287-70","강원특별자치도 강릉시 창해로 4, 1,2층 (견소동)","25556","로끼맨션(lokki mansion)","2024-02-02 17:51:12","U","2024-02-04 02:40:00","제과점영업","371396.793055353","476243.68477604","제과점영업","0","0","기타","기타","상수도전용","0","0","0","0","0","","0","0","N","88","","","",
"401","제과점영업","07_22_18_P","4201000","4201000-121-2025-00011","2025-05-29","","01","영업/정상","01","영업","","","","","","259.62","","강원특별자치도 강릉시 성남동 41-8","강원특별자치도 강릉시 금성로11번길 5, 2~3층 (성남동)","25542","강릉베이글","2025-06-26 09:06:55","U","2025-06-28 02:40:00","제과점영업","367343.193162044","474122.861326123","제과점영업","0","0","기타","기타","상수도전용","0","0","0","0","0","","0","0","Y","259.62","","","",
"402","제과점영업","07_22_18_P","4201000","4201000-121-2025-00009","2025-05-19","","01","영업/정상","01","영업","","","","","","33.16","","강원특별자치도 강릉시 포남동 1104-3","강원특별자치도 강릉시 가작로 280, 1층 101호 (포남동)","25488","미겔제과점","2025-06-25 09:35:21","U","2025-06-27 02:40:00","제과점영업","367843.625417187","475892.378314565","제과점영업","0","0","기타","기타","상수도전용","0","0","0","0","0","","0","0","N","33.16","","","",
"403","제과점영업","07_22_18_P","4201000","4201000-121-2025-00014","2025-07-14","","01","영업/정상","01","영업","","","","","","165.00","","강원특별자치도 강릉시 포남동 1171-6","강원특별자치도 강릉시 경강로 2285, 1층 (포남동)","25571","르몽","2025-07-14 11:43:14","I","2025-07-16 00:20:13","제과점영업","368347.282291029","475536.654546039","제과점영업","0","0","기타","기타","상수도전용","0","0","0","0","0","","0","0","N","165","","","",
"404","제과점영업","07_22_18_P","4201000","4201000-121-2025-00013","2025-07-04","","01","영업/정상","01","영업","","","","","","381.10","","강원특별자치도 강릉시 교동 551-27","강원특별자치도 강릉시 성곡고양길5번안길 31, 1-2-3층 (교동)","25473","주식회사강릉샌드본점","2025-10-17 15:06:57","U","2025-10-19 02:40:00","제과점영업","366460.33517321","476676.360221293","제과점영업","0","0","","","","0","0","0","0","0","","0","0","Y","381.1","","","",
"405","제과점영업","07_22_18_P","4201000","4201000-121-2025-00012","2025-06-26","","01","영업/정상","01","영업","","","","","","10.00","","강원특별자치도 강릉시 사천면 사천진리 86-6 사천농업협동조합","강원특별자치도 강릉시 사천면 진리항구길 15, 사천농업협동조합 1층","25435","팡파미유사천농협하나로마트해안로점","2025-06-26 13:37:51","I","2025-06-28 00:20:02","제과점영업","364917.551564855","483099.414497359","제과점영업","0","0","기타","기타","상수도전용","0","0","0","0","0","","0","0","N","10","","","",
"406","제과점영업","07_22_18_P","4201000","4201000-121-2024-00001","2024-01-02","","01","영업/정상","01","영업","","","","","","101.20","","강원특별자치도 강릉시 사천면 사천진리 7","강원특별자치도 강릉시 사천면 진리해변길 61, 1층","25435","원강희과자점","2024-01-02 17:34:15","I","2024-01-04 00:16:30","제과점영업","365010.554795217","483421.764858668","제과점영업","0","0","기타","기타","상수도전용","0","0","0","0","0","","0","0","N","101.2","","","",
"407","제과점영업","07_22_18_P","4201000","4201000-121-2025-00006","2025-04-04","","01","영업/정상","01","영업","","","","","","33.00","","강원특별자치도 강릉시 옥천동 219-10","강원특별자치도 강릉시 동부시장길 17, 1층 (옥천동)","25552","강릉그빵","2025-04-04 10:36:18","I","2025-04-06 00:10:22","제과점영업","367384.206413725","474708.885275356","제과점영업","0","0","","","","0","0","0","0","0","","0","0","N","33","","","",
"408","제과점영업","07_22_18_P","4201000","4201000-121-2025-00003","2025-02-26","","01","영업/정상","01","영업","","","","","","52.77","","강원특별자치도 강릉시 홍제동 102-8","강원특별자치도 강릉시 토성로 14, 1층 (홍제동)","25537","미미케이크","2025-04-03 11:07:53","U","2025-04-05 02:40:00","제과점영업","365838.701364513","473498.700096885","제과점영업","0","0","기타","기타","상수도전용","0","0","0","0","0","","0","0","N","52.77","","","",
"409","제과점영업","07_22_18_P","4201000","4201000-121-2025-00008","2025-04-25","","01","영업/정상","01","영업","","","","","","26.40","","강원특별자치도 강릉시 용강동 10-4","강원특별자치도 강릉시 임영로 167, 101호 (용강동)","25528","호리가","2025-04-25 13:03:43","I","2025-04-27 00:10:10","제과점영업","366609.533851741","474323.587090371","제과점영업","0","0","기타","기타","상수도전용","0","0","0","0","0","","0","0","N","26.4","","","",
"410","제과점영업","07_22_18_P","4201000","4201000-121-2025-00005","2025-04-01","","01","영업/정상","01","영업","","","","","","48.00","","강원특별자치도 강릉시 교동 1003-24","강원특별자치도 강릉시 강릉대로 184, 1층 102호 (교동)","25528","트래프(TRAF)","2025-05-09 09:44:42","U","2025-05-11 02:40:00","제과점영업","366554.697630464","474449.221322932","제과점영업","0","0","기타","기타","상수도전용","0","0","0","0","0","","0","0","N","48","","","",
"411","제과점영업","07_22_18_P","4201000","4201000-121-2025-00007","2025-04-07","","01","영업/정상","01","영업","","","","","","58.46","","강원특별자치도 강릉시 송정동 산 30","강원특별자치도 강릉시 해안로 121, 1층 (송정동)","25557","송정김종현빵공장","2025-04-23 09:13:11","U","2025-04-25 02:40:00","제과점영업","370164.989906997","476992.355433214","제과점영업","0","0","기타","기타","상수도전용","0","0","0","0","0","","0","0","N","58.46","","","",
"412","제과점영업","07_22_18_P","4201000","4201000-121-2023-00023","2023-12-22","","01","영업/정상","01","영업","","","","","","126.00","","강원특별자치도 강릉시 안현동 856-2","강원특별자치도 강릉시 해안로535번길 19, 1층 (안현동)","25460","삼송빵집 강릉경포점","2024-01-16 07:43:04","U","2024-01-18 02:40:00","제과점영업","367418.049611669","480025.252482302","제과점영업","0","0","기타","기타","상수도전용","0","0","0","0","0","","0","0","N","126","","","",
"413","제과점영업","07_22_18_P","4201000","4201000-121-2023-00019","2023-10-23","","01","영업/정상","01","영업","","","","","","75.00","","강원특별자치도 강릉시 임당동 34-2","강원특별자치도 강릉시 강릉대로210번길 24, 지하1층 (임당동)","25529","강릉감자빵","2024-04-02 09:30:26","U","2024-04-04 02:40:00","제과점영업","366788.198376834","474306.962489661","제과점영업","0","0","기타","기타","","0","0","0","0","0","","0","0","N","75","","","",
"414","제과점영업","07_22_18_P","4201000","4201000-121-2024-00029","2024-12-31","","01","영업/정상","01","영업","","","","","033 6103928","50.30","","강원특별자치도 강릉시 사천면 방동리 415 강릉아산병원","강원특별자치도 강릉시 사천면 방동길 38, 강릉아산병원 신관동 지하1층","25440","베즐리","2024-12-31 11:00:16","I","2025-01-03 00:12:08","제과점영업","363580.205089049","481138.750877628","제과점영업","0","0","기타","기타","상수도전용","0","0","0","0","0","","0","0","N","50.3","","","",
"415","제과점영업","07_22_18_P","4201000","4201000-121-2024-00030","2024-12-31","","01","영업/정상","01","영업","","","","","033 6103927","95.33","","강원특별자치도 강릉시 사천면 방동리 415 강릉아산병원","강원특별자치도 강릉시 사천면 방동길 38, 강릉아산병원 신관동 1층","25440","베즐리","2024-12-31 11:02:47","I","2025-01-03 00:12:08","제과점영업","363580.205089049","481138.750877628","제과점영업","0","0","기타","기타","상수도전용","0","0","0","0","0","","0","0","N","95.33","","","",
"416","제과점영업","07_22_18_P","4201000","4201000-121-2024-00028","2024-12-23","","01","영업/정상","01","영업","","","","","","80.86","","강원특별자치도 강릉시 내곡동 759 강릉자이 파인베뉴","강원특별자치도 강릉시 동해대로 2768, 102호 (내곡동, 강릉자이 파인베뉴)","25597","파리바게뜨강릉자이점","2025-01-22 16:21:43","U","2025-01-24 02:40:00","제과점영업","","","제과점영업","0","0","기타","기타","상수도전용","0","0","0","0","0","","0","0","N","80.86","","","",
"417","제과점영업","07_22_18_P","4201000","4201000-121-2025-00001","2025-01-09","","01","영업/정상","01","영업","","","","","","57.74","","강원특별자치도 강릉시 임당동 18-16","강원특별자치도 강릉시 토성로 178, 1층 (임당동)","25532","버니버니베이커리","2025-02-04 11:40:42","U","2025-02-06 02:40:00","제과점영업","366984.646966668","474371.410861503","제과점영업","0","0","기타","기타","상수도전용","0","0","0","0","0","","0","0","N","57.74","","","",
"418","제과점영업","07_22_18_P","4201000","4201000-121-2024-00027","2024-12-05","","01","영업/정상","01","영업","","","","","","42.11","","강원특별자치도 강릉시 포남동 892-15","강원특별자치도 강릉시 경강로2224번길 12-1, 다동 1층 (포남동)","25548","정라진찹쌀떡","2025-01-03 17:43:39","U","2025-01-05 02:40:00","제과점영업","367977.236127039","474924.162438968","제과점영업","0","0","기타","기타","상수도전용","0","0","0","0","0","","0","0","N","42.11","","","",
"419","제과점영업","07_22_18_P","4201000","4201000-121-2024-00025","2024-11-15","","01","영업/정상","01","영업","","","","","","151.36","","강원특별자치도 강릉시 초당동 77-3","강원특별자치도 강릉시 강릉대로587번길 22, 1층 (초당동)","25468","강릉커피콩빵강릉당초당점","2024-12-11 11:39:16","U","2024-12-13 02:40:00","제과점영업","368931.198644693","477577.741997686","제과점영업","0","0","","","","0","0","0","0","0","","0","0","N","151.36","","","",
"420","제과점영업","07_22_18_P","4201000","4201000-121-2024-00026","2024-11-15","","01","영업/정상","01","영업","","","","","","62.80","","강원특별자치도 강릉시 강문동 154-8","강원특별자치도 강릉시 창해로 351-1, 1층 (강문동)","25467","강릉커피콩빵강릉당강문해변점","2024-12-11 11:35:13","U","2024-12-13 02:40:00","제과점영업","368902.829154342","478610.925391822","제과점영업","0","0","학교정화(상대)","","","0","0","0","0","0","","0","0","N","62.8","","","",
"421","제과점영업","07_22_18_P","4201000","4201000-121-2025-00002","2025-02-05","","01","영업/정상","01","영업","","","","","","60.00","","강원특별자치도 강릉시 교동 1880-4","강원특별자치도 강릉시 교동광장로 105, 1층 101호 (교동)","25512","화이트리에","2025-03-04 10:36:12","U","2025-03-06 02:40:00","제과점영업","365277.155317842","475276.11528091","제과점영업","0","0","기타","기타","상수도전용","0","0","0","0","0","","0","0","N","60","","","",
"422","제과점영업","07_22_18_P","4211000","4211000-121-2017-00004","2017-12-13","","01","영업/정상","01","영업","","","","","033 5357893","38.82","","강원특별자치도 동해시 천곡동 1040-17 가인헤어","강원특별자치도 동해시 동굴로 61-18, 1층 (천곡동)","25771","런던브라우니","2024-04-17 11:17:51","U","2024-04-20 02:40:00","제과점영업","386544.9385501","448450.377102351","제과점영업","0","0","주택가주변","","상수도전용","0","0","0","0","0","","0","0","N","38.82","","","",
"423","제과점영업","07_22_18_P","4211000","4211000-121-2019-00002","2019-05-15","","01","영업/정상","01","영업","","","","","033 5350402","98.00","","강원특별자치도 동해시 천곡동 801-7","강원특별자치도 동해시 천곡로 49, 1층 (천곡동)","25759","뚜레쥬르 동해점","2021-05-11 14:00:09","I","2023-06-13 00:00:00","제과점영업","386527.601398193","448991.468054056","제과점영업","0","0","","","상수도전용","0","0","0","0","0","","0","0","N","98","","","",
"424","제과점영업","07_22_18_P","4211000","4211000-121-2019-00003","2019-06-11","","01","영업/정상","01","영업","","","","","","54.00","","강원특별자치도 동해시 천곡동 1005-12 동해시근로자종합복지회관","강원특별자치도 동해시 동굴로 2, 동해시근로자종합복지회관 1층 (천곡동)","25775","현스하우스(Hyeon's House)","2023-06-05 16:25:15","I","2023-06-13 00:00:00","제과점영업","386057.560488399","447952.176066942","제과점영업","0","0","","","상수도전용","0","0","0","0","0","","0","0","N","54","","","",
"425","제과점영업","07_22_18_P","4211000","4211000-121-2020-00001","2020-03-19","","01","영업/정상","01","영업","","","","","07077612966","151.43","","강원특별자치도 동해시 천곡동 936-2 베리식스","강원특별자치도 동해시 한섬로 126-1, 1층 101,102호 (천곡동)","25770","동해제빵소","2021-01-12 09:17:28","I","2023-06-13 00:00:00","제과점영업","387174.534390672","448680.636477781","제과점영업","0","0","기타","","상수도전용","0","0","0","0","0","","0","0","N","151.43","","","",
"426","제과점영업","07_22_18_P","4211000","4211000-121-2020-00005","2020-12-07","","01","영업/정상","01","영업","","","","","033 5223789","194.18","","강원특별자치도 동해시 이도동 165-2","강원특별자치도 동해시 이원길 184 (이도동)","25819","파리바게뜨 이도점","2020-12-08 11:02:03","I","2023-06-13 00:00:00","제과점영업","386788.427826821","444039.14220634","제과점영업","0","0","아파트지역","","","0","0","0","0","0","","0","0","N","194.18","","","",
"427","제과점영업","07_22_18_P","4211000","4211000-121-2021-00001","2021-06-25","","01","영업/정상","01","영업","","","","","","36.66","","강원특별자치도 동해시 묵호진동 2-495","강원특별자치도 동해시 일출로 131-1, 1층 (묵호진동)","25709","동해명물도째비빵","2021-11-05 09:49:53","I","2023-06-13 00:00:00","제과점영업","387295.584698562","452378.743530221","제과점영업","0","0","기타","","상수도전용","0","0","0","0","0","","0","0","N","36.66","","","",
"428","제과점영업","07_22_18_P","4211000","4211000-121-2022-00001","2022-03-15","","01","영업/정상","01","영업","","","","","","205.77","","강원특별자치도 동해시 나안동 174-1","강원특별자치도 동해시 청운1길 64, 1층 103호 (나안동)","25810","동해당","2024-12-10 10:13:23","U","2024-12-12 02:40:00","제과점영업","386572.893596603","444718.197700078","제과점영업","0","0","주택가주변","","상수도전용","0","0","0","0","0","","0","0","N","205.77","","","",
"429","제과점영업","07_22_18_P","4211000","4211000-121-2022-00003","2022-05-25","","01","영업/정상","01","영업","","","","","","50.90","","강원특별자치도 동해시 나안동 184-5","강원특별자치도 동해시 청운1길 73, 1층 (나안동)","25808","하나로베이커리나안점","2022-05-25 13:34:01","I","2023-06-13 00:00:00","제과점영업","386653.133640529","444825.915732097","제과점영업","0","0","기타","","상수도전용","0","0","0","0","0","","0","0","N","50.9","","","",
"430","제과점영업","07_22_18_P","4211000","4211000-121-2022-00004","2022-07-08","","01","영업/정상","01","영업","","","","","033 5210744","126.36","","강원특별자치도 동해시 쇄운동 80-141","강원특별자치도 동해시 청운3길 67, 1층 (쇄운동)","25805","오벳(obed)","2022-07-08 16:40:11","I","2023-06-13 00:00:00","제과점영업","385879.656835256","444635.370382442","제과점영업","0","0","주택가주변","","상수도전용","0","0","0","0","0","","0","0","N","126.36","","","",
"431","제과점영업","07_22_18_P","4211000","4211000-121-2022-00005","2022-08-10","","01","영업/정상","01","영업","","","","","033 5213811","47.24","","강원특별자치도 동해시 묵호진동 15-69","강원특별자치도 동해시 논골길 2-2, 1층 (묵호진동)","25717","키토리아,동해대게빵","2023-02-20 13:13:12","I","2023-06-13 00:00:00","제과점영업","386970.191393786","452130.813837489","제과점영업","0","0","주택가주변","","상수도전용","0","0","0","0","0","","0","0","N","47.24","","","",
"432","제과점영업","07_22_18_P","4211000","4211000-121-2011-00003","2011-05-30","","01","영업/정상","01","영업","","","","","033 5320624","84.36","","강원특별자치도 동해시 천곡동 1085-1","강원특별자치도 동해시 천곡로 10, 1층 (천곡동)","25764","파리바게뜨천곡점","2024-07-25 17:09:17","U","2024-07-27 02:40:00","제과점영업","386139.71019431","449085.131455099","제과점영업","0","0","학교정화(상대)","","상수도전용","0","0","0","0","0","","0","0","N","84.36","","","",
"433","제과점영업","07_22_18_P","4211000","4211000-121-2012-00001","2012-05-14","","01","영업/정상","01","영업","","","","","","28.40","","강원특별자치도 동해시 구미동 486-3 동해농협하나로마트","강원특별자치도 동해시 대동로 119 (구미동, 동해농협하나로마트 내)","25813","하나로베이커리(북평점)","2021-12-28 14:25:25","I","2023-06-13 00:00:00","제과점영업","388039.951189772","444365.066053586","제과점영업","0","0","학교정화(상대)","","상수도전용","0","0","0","0","0","","0","0","N","28.4","","","",
"434","제과점영업","07_22_18_P","4211000","4211000-121-2012-00002","2012-09-04","","01","영업/정상","01","영업","","","","","033 5222033","30.00","","강원특별자치도 동해시 쇄운동 173-15","강원특별자치도 동해시 효자로 590 (쇄운동)","25805","굿모닝베이커리","2014-11-19 09:38:25","I","2023-06-13 00:00:00","제과점영업","385604.174462595","445025.643380142","제과점영업","0","0","아파트지역","","상수도전용","0","0","0","0","0","","0","0","N","30","","","",
"435","제과점영업","07_22_18_P","4211000","4211000-121-2013-00001","2013-06-21","","01","영업/정상","01","영업","","","","","","23.14","","강원특별자치도 동해시 발한동 290 동해우리마트 110호","강원특별자치도 동해시 발한로 237, 동해우리마트 110호 (발한동)","25720","우리베이커리","2020-02-28 14:05:26","I","2023-06-13 00:00:00","제과점영업","386149.387674186","451854.468384523","제과점영업","0","0","기타","","상수도전용","0","0","0","0","0","","0","0","N","23.14","","","",
"436","제과점영업","07_22_18_P","4211000","4211000-121-2015-00001","2015-01-22","","01","영업/정상","01","영업","","","","","033 5349794","37.74","","강원특별자치도 동해시 천곡동 995-7 1층","강원특별자치도 동해시 감추로 8-1, 1층 (천곡동)","25781","해오름베이커리","2021-01-12 09:23:31","I","2023-06-13 00:00:00","제과점영업","387392.378457787","447929.325817145","제과점영업","0","0","아파트지역","","상수도전용","0","0","0","0","0","","0","0","N","37.74","","","",
"437","제과점영업","07_22_18_P","4211000","4211000-121-2015-00002","2015-03-09","","01","영업/정상","01","영업","","","","","033 5358888","112.86","","강원특별자치도 동해시 천곡동 981 1층","강원특별자치도 동해시 중앙로 150, 1층 (천곡동)","25777","파리바게뜨동해천곡중앙점","2022-10-27 10:18:11","I","2023-06-13 00:00:00","제과점영업","387295.368330682","447960.005791667","제과점영업","0","0","기타","","상수도전용","0","0","0","0","0","","0","0","N","112.86","","","",
"438","제과점영업","07_22_18_P","4211000","4211000-121-2015-00004","2015-11-26","","01","영업/정상","01","영업","","","","","033 5350014","35.00","","강원특별자치도 동해시 평릉동 204-3 1층(묵호농협하나로마트)","강원특별자치도 동해시 동해대로 5472, 1층 (평릉동, 묵호농협하나로마트)","25751","은희베이커리","2025-03-27 11:35:06","U","2025-03-29 02:40:00","제과점영업","386024.434640034","449673.771242738","제과점영업","0","0","기타","","상수도전용","0","0","0","0","0","","0","0","N","35","","","",
"439","제과점영업","07_22_18_P","4211000","4211000-121-2015-00005","2015-12-22","","01","영업/정상","01","영업","","","","","033 5338008","5.00","","강원특별자치도 동해시 부곡동 80 외 5필지 묵호농협 부곡하나로마트내 202호","강원특별자치도 동해시 임항로 10, 2층 202호 (부곡동, 묵호농협 부곡하나로마트내)","25734","묵호농협 부곡하나로마트 베이커리","2024-05-21 09:09:38","U","2024-05-23 02:40:00","제과점영업","385804.430682709","450533.65334053","제과점영업","0","0","주택가주변","","상수도전용","0","0","0","0","0","","0","0","N","5","","","",
"440","제과점영업","07_22_18_P","4211000","4211000-121-2017-00003","2017-11-15","","01","영업/정상","01","영업","","","","","033 5222236","96.35","","강원특별자치도 동해시 천곡동 813-19","강원특별자치도 동해시 평원로 24-1, 1층 (천곡동)","25752","다옴","2021-11-25 12:02:40","I","2023-06-13 00:00:00","제과점영업","387017.964936181","449224.249099537","제과점영업","0","0","","","상수도전용","0","0","0","0","0","","0","0","N","96.35","","","",
"441","제과점영업","07_22_18_P","4211000","4211000-121-2001-00017","2001-08-29","","01","영업/정상","01","영업","","","","","033 5210323","21.44","","강원특별자치도 동해시 동회동 442 , 1층 93호","강원특별자치도 동해시 청운로 78, 1층 93호 (동회동)","25807","동트는빵집","2019-10-24 12:06:14","I","2023-06-13 00:00:00","제과점영업","386177.814049483","444870.370953969","제과점영업","0","0","","","상수도전용","0","0","0","0","0","","0","0","N","21.44","","","",
"442","제과점영업","07_22_18_P","4211000","4211000-121-2001-00018","2001-08-29","","01","영업/정상","01","영업","","","","","033 5210455","39.21","","강원특별자치도 동해시 동회동 86-5","강원특별자치도 동해시 효자남길 4 (동회동)","25808","동화속베이커리","2021-08-06 16:27:27","I","2023-06-13 00:00:00","제과점영업","386427.13509068","444798.762967624","제과점영업","0","0","","","상수도전용","0","0","0","0","0","","0","0","N","39.21","","","",
"443","제과점영업","07_22_18_P","4211000","4211000-121-2001-00019","2001-08-29","","01","영업/정상","01","영업","","","","","033 5214997","97.68","","강원특별자치도 동해시 효가동 162-49 1,2층 나호","강원특별자치도 동해시 효자로 687, 1,2층 나호 (효가동)","25802","김성수제빵소","2020-09-18 15:44:56","I","2023-06-13 00:00:00","제과점영업","386471.871194586","445484.665279362","제과점영업","0","0","","","상수도전용","0","0","0","0","0","","0","0","N","97.68","","","",
"444","제과점영업","07_22_18_P","4211000","4211000-121-2001-00025","2001-12-17","","01","영업/정상","01","영업","","","","","033 5218256","50.00","","강원특별자치도 동해시 천곡동 1072 삼양골든빌딩 102호","강원특별자치도 동해시 중앙로 237, 102호 (천곡동, 삼양골든빌딩)","25768","파리바게뜨동해천곡점","2022-12-08 10:47:32","I","2023-06-13 00:00:00","제과점영업","386801.862653419","448743.185865307","제과점영업","0","0","","","상수도전용","0","0","0","0","0","","0","0","N","50","","","",
"445","제과점영업","07_22_18_P","4211000","4211000-121-2004-00001","2004-01-16","","01","영업/정상","01","영업","","","","","033 5333958","152.60","","강원특별자치도 동해시 천곡동 831 동해 이마트","강원특별자치도 동해시 천곡로 100, 1층 (천곡동)","25769","(주)신세계푸드 베이커리 동해점","2025-04-10 14:21:06","U","2025-04-12 02:40:00","제과점영업","387085.790410418","448958.829445114","제과점영업","0","0","기타","","상수도전용","0","0","0","0","0","","0","0","N","152.6","","","",
"446","제과점영업","07_22_18_P","4211000","4211000-121-2008-00001","2008-07-17","","01","영업/정상","01","영업","","","","","033 5218500","82.20","","강원특별자치도 동해시 쇄운동 1-6 , 1층","강원특별자치도 동해시 청운1길 51-1, 1층 (쇄운동)","25808","파리바게뜨효가점","2019-06-13 18:00:36","I","2023-06-13 00:00:00","제과점영업","386468.020321732","444765.248289938","제과점영업","0","0","아파트지역","","","0","0","0","0","0","","0","0","N","82.2","","","",
"447","제과점영업","07_22_18_P","4211000","4211000-121-2009-00002","2009-08-31","","01","영업/정상","01","영업","","","","","033 5339213","30.50","","강원특별자치도 동해시 천곡동 1023 , 1층","강원특별자치도 동해시 한섬로 94, 1층 (천곡동)","25768","하나로베이커리","2018-04-17 11:58:32","I","2023-06-13 00:00:00","제과점영업","386846.519450894","448558.00914328","제과점영업","0","0","","","","0","0","0","0","0","","0","0","N","30.5","","","",
"448","제과점영업","07_22_18_P","4211000","4211000-121-2009-00005","2009-11-30","","01","영업/정상","01","영업","","","","","033 5358202","55.83","","강원특별자치도 동해시 발한동 18-2 1층","강원특별자치도 동해시 발한로 225, 1층 (발한동)","25720","파리바게트묵호점","2016-10-07 14:31:20","I","2023-06-13 00:00:00","제과점영업","386266.91269678","451772.073339145","제과점영업","0","1","유흥업소밀집지역","","상수도전용","0","0","0","0","0","","0","0","N","55.83","","","",
"449","제과점영업","07_22_18_P","4211000","4211000-121-2024-00005","2024-06-25","","01","영업/정상","01","영업","","","","","","32.17","","강원특별자치도 동해시 묵호진동 2-5","강원특별자치도 동해시 일출로 185, 1층 (묵호진동)","25709","희빵","2024-06-25 13:59:00","I","2024-06-27 00:14:03","제과점영업","387268.493801092","452831.24778451","제과점영업","0","0","기타","","상수도전용","0","0","0","0","0","","0","0","N","32.17","","","",
"450","제과점영업","07_22_18_P","4211000","4211000-121-2024-00004","2024-06-17","","01","영업/정상","01","영업","","","","","","73.92","","강원특별자치도 동해시 평릉동 448 동해해안사랑으로부영 상가동","강원특별자치도 동해시 평원로 110, 상가동 1층 105,106호 (평릉동, 동해해안사랑으로부영)","25737","파리바게뜨동해평릉점","2025-01-15 13:30:31","U","2025-01-17 02:40:00","제과점영업","386778.668029596","449993.232711718","제과점영업","0","0","아파트지역","","상수도전용","0","0","0","0","0","","0","0","N","73.92","","","",
"451","제과점영업","07_22_18_P","4211000","4211000-121-2024-00003","2024-05-21","","01","영업/정상","01","영업","","","","","","57.40","","강원특별자치도 동해시 구미동 501-5","강원특별자치도 동해시 오일장2길 5, 1층 102호 (구미동)","25813","동해빵명가북평점","2025-03-21 17:21:07","U","2025-03-23 02:40:00","제과점영업","388103.661620261","444227.100907016","제과점영업","0","0","기타","","상수도전용","0","0","0","0","0","","0","0","N","57.4","","","",
"452","제과점영업","07_22_18_P","4211000","4211000-121-2024-00002","2024-04-15","","01","영업/정상","01","영업","","","","","","42.25","","강원특별자치도 동해시 묵호진동 2-284","강원특별자치도 동해시 일출로 97, 1층 2호 (묵호진동)","25717","콩키(konki)","2024-04-15 13:16:39","I","2024-04-17 00:15:02","제과점영업","387127.533125798","452096.335859178","제과점영업","0","0","기타","","상수도전용","0","0","0","0","0","","0","0","N","42.25","","","",
"453","제과점영업","07_22_18_P","4211000","4211000-121-2025-00003","2025-10-13","","01","영업/정상","01","영업","","","","","","32.79","","강원특별자치도 동해시 발한동 35-3","강원특별자치도 동해시 발한로 197, 1층 (발한동)","25720","묵호현상소(MukhoHyunsangso)","2025-10-13 09:35:53","I","2025-10-15 00:20:13","제과점영업","386234.331360145","451562.823353115","제과점영업","0","0","주택가주변","","상수도전용","0","0","0","0","0","","0","0","N","32.79","","","",
"454","제과점영업","07_22_18_P","4211000","4211000-121-2025-00002","2025-05-07","","01","영업/정상","01","영업","","","","","","62.42","","강원특별자치도 동해시 부곡동 106","강원특별자치도 동해시 임항로 46, 1층 (부곡동)","25735","빵만드는남자","2025-05-07 14:35:09","I","2025-05-09 00:20:29","제과점영업","386174.56229874","450542.735085159","제과점영업","0","0","주택가주변","","상수도전용","0","0","0","0","0","","0","0","N","62.42","","","",
"455","제과점영업","07_22_18_P","4211000","4211000-121-2025-00001","2025-02-25","","01","영업/정상","01","영업","","","","","","136.66","","강원특별자치도 동해시 천곡동 961-7","강원특별자치도 동해시 동굴로 136, 2층 (천곡동)","25777","포솜케이크","2025-02-25 14:31:26","I","2025-02-27 00:10:36","제과점영업","387263.762214885","448368.26672971","제과점영업","0","0","주택가주변","","상수도전용","0","0","0","0","0","","0","0","Y","136.66","","","",
"456","제과점영업","07_22_18_P","4221000","4221000-121-2022-00001","2022-03-28","","01","영업/정상","01","영업","","","","","","30.00","","강원특별자치도 태백시 황지동 400-25","강원특별자치도 태백시 대학길 58, 1층 (황지동)","26034","블럭제빵소(태백점)","2022-03-30 09:29:23","I","2023-06-13 00:00:00","제과점영업","375825.648781583","408273.532927021","제과점영업","0","0","","","","0","0","0","0","0","","0","0","N","30","","","",
"457","제과점영업","07_22_18_P","4221000","4221000-121-2000-00014","2000-07-31","","01","영업/정상","01","영업","","","","","033 5813131","61.86","","강원특별자치도 태백시 장성동 160-10","강원특별자치도 태백시 장성로 35-2 (장성동)","26052","파리바게뜨(장성점)","2012-02-24 11:06:37","I","2023-06-13 00:00:00","제과점영업","378602.428842268","401894.983842898","제과점영업","0","0","기타","지도","상수도전용","0","0","0","0","0","","0","0","N","61.86","","","",
"458","제과점영업","07_22_18_P","4221000","4221000-121-2002-00014","2002-10-16","","01","영업/정상","01","영업","","","","","033 5531716","58.22","","강원특별자치도 태백시 황지동 201-15 4통2반","강원특별자치도 태백시 감천로 6 (황지동)","26038","뚜레쥬르태백상장점","2021-01-20 13:54:42","I","2023-06-13 00:00:00","제과점영업","376421.123995632","408194.084588971","제과점영업","0","0","","","상수도전용","0","0","0","0","0","","0","0","N","58.22","","","",
"459","제과점영업","07_22_18_P","4221000","4221000-121-2003-00007","2003-07-21","","01","영업/정상","01","영업","","","","","033 5539976","89.48","","강원특별자치도 태백시 황지동 41-2 1통1반","강원특별자치도 태백시 황지로 155 (황지동)","26008","파리바게트(태백중앙점)","2018-08-21 15:50:40","I","2023-06-13 00:00:00","제과점영업","376857.139607062","409713.305423432","제과점영업","0","0","유흥업소밀집지역","","상수도전용","0","0","0","0","0","","0","0","N","89.48","","","",
"460","제과점영업","07_22_18_P","4221000","4221000-121-2006-00002","2006-10-23","","01","영업/정상","01","영업","","","","","033 5523462","164.82","","강원특별자치도 태백시 화전동 113","강원특별자치도 태백시 굴거랑길 4 (화전동)","26003","(주)신세계푸드베이커리태백점","2025-04-10 15:14:45","U","2025-04-12 02:40:00","제과점영업","374110.235734391","412725.109444359","제과점영업","0","0","아파트지역","기타","상수도전용","0","0","0","0","0","","0","0","N","164.82","","","",
"461","제과점영업","07_22_18_P","4221000","4221000-121-2010-00001","2010-03-12","","01","영업/정상","01","영업","","","","","033 553 0744","35.37","","강원특별자치도 태백시 황지동 270-30","강원특별자치도 태백시 광장로 16 (황지동)","26007","이레베이커리","2017-12-05 16:54:19","I","2023-06-13 00:00:00","제과점영업","376288.280530756","410223.767125535","제과점영업","0","0","","","상수도전용","0","0","0","0","0","","0","0","N","35.37","","","",
"462","제과점영업","07_22_18_P","4221000","4221000-121-2015-00002","2015-08-24","","01","영업/정상","01","영업","","","","","","79.20","","강원특별자치도 태백시 황지동 410","강원특별자치도 태백시 서학1길 29 (황지동)","26035","꽃피는봄날","2022-08-05 16:29:55","I","2023-06-13 00:00:00","제과점영업","375899.07929512","407756.303023775","제과점영업","1","1","","","상수도전용","0","0","0","0","0","","0","0","N","79.2","","","",
"463","제과점영업","07_22_18_P","4221000","4221000-121-2017-00002","2017-09-15","","01","영업/정상","01","영업","","","","","","36.22","","강원특별자치도 태백시 황지동 59-226","강원특별자치도 태백시 번영로 254 (황지동)","26018","달인의꿈태백농협점","2017-10-15 16:24:42","I","2023-06-13 00:00:00","제과점영업","376352.237748755","408944.358485058","제과점영업","0","0","기타","","상수도전용","0","0","0","0","0","","0","0","N","36.22","","","",
"464","제과점영업","07_22_18_P","4221000","4221000-121-1996-00005","1996-09-14","","01","영업/정상","01","영업","","","","","033 5520824","75.00","","강원특별자치도 태백시 황지동 201-5 4통2반","강원특별자치도 태백시 반딧불길 3 (황지동)","26038","파리바게뜨태백점","2018-12-05 13:16:01","I","2023-06-13 00:00:00","제과점영업","376482.220621265","408191.691447872","제과점영업","0","0","아파트지역","지도","상수도전용","0","0","0","0","0","","0","0","N","75","","","",
"465","제과점영업","07_22_18_P","4221000","4221000-121-2025-00001","2025-08-08","","01","영업/정상","01","영업","","","","","","64.99","","강원특별자치도 태백시 황지동 261-13","강원특별자치도 태백시 서황지로 64 (황지동)","26007","모찌와브레드","2025-09-26 09:12:10","U","2025-09-28 02:40:00","제과점영업","376275.344080358","410055.170964029","제과점영업","0","0","","","상수도전용","0","0","0","0","0","","0","0","N","64.99","","","",
"466","제과점영업","07_22_18_P","4231000","4231000-121-2009-00002","2009-03-17","","01","영업/정상","01","영업","","","","","033 633 8339","65.50","","강원특별자치도 속초시 조양동 1498-6 B동 102호","강원특별자치도 속초시 동해대로 4147 (조양동)","24874","파리바게트(속초엑스포점)","2021-12-27 15:08:21","I","2023-06-13 00:00:00","제과점영업","338395.467723002","521915.758999824","제과점영업","0","0","","","","0","0","0","0","0","","0","0","N","65.5","","","",
"467","제과점영업","07_22_18_P","4231000","4231000-121-2009-00006","2009-11-06","","01","영업/정상","01","영업","","","","","033 631 1408","9.62","","강원특별자치도 속초시 중앙동 474-19 가호","강원특별자치도 속초시 중앙로147번길 5-1, 가호 (중앙동)","24835","행복이가득한빵집","2020-11-02 16:26:05","I","2023-06-13 00:00:00","제과점영업","339279.384093427","523517.847424287","제과점영업","0","0","","","","0","0","0","0","0","","0","0","N","9.62","","","",
"468","제과점영업","07_22_18_P","4231000","4231000-121-2010-00005","2010-03-31","","01","영업/정상","01","영업","","","","","033 637 2369","101.78","","강원특별자치도 속초시 금호동 479-46","강원특별자치도 속초시 중앙로 125-1 (금호동)","24835","파리바게트중앙점","2010-03-31 09:44:21","I","2023-06-13 00:00:00","제과점영업","339187.525299558","523392.793297195","제과점영업","0","0","","","","0","0","0","0","0","","0","0","N","101.78","","","",
"469","제과점영업","07_22_18_P","4231000","4231000-121-2010-00008","2010-07-02","","01","영업/정상","01","영업","","","","","033 636 3215","66.71","","강원특별자치도 속초시 교동 841-1","강원특별자치도 속초시 동해대로 4270 (교동)","24852","파리바게트노학점","2010-07-02 13:52:31","I","2023-06-13 00:00:00","제과점영업","337827.734808128","522862.982132934","제과점영업","0","0","","","","0","0","0","0","0","","0","0","N","66.71","","","",
"470","제과점영업","07_22_18_P","4231000","4231000-121-2010-00012","2010-11-29","","01","영업/정상","01","영업","","","","","033 637 0052","29.00","","강원특별자치도 속초시 조양동 1497-4","강원특별자치도 속초시 동해대로 4165 (조양동)","24874","코코호도조양점","2010-11-29 13:19:14","I","2023-06-13 00:00:00","제과점영업","338285.63933573","522081.077778068","제과점영업","0","0","","","상수도전용","0","0","0","0","0","","0","0","N","29","","","",
"471","제과점영업","07_22_18_P","4231000","4231000-121-2016-00007","2016-12-22","","01","영업/정상","01","영업","","","","","","39.34","","강원특별자치도 속초시 교동 744-18","강원특별자치도 속초시 수복로 62, 1층 (교동)","24853","티티팬","2020-09-28 10:36:34","I","2023-06-13 00:00:00","제과점영업","338078.876434359","522869.241140798","제과점영업","0","0","","","","0","0","0","0","0","","0","0","N","39.34","","","",
"472","제과점영업","07_22_18_P","4231000","4231000-121-2017-00001","2017-01-12","","01","영업/정상","01","영업","","","","","033 635 0071","70.38","","강원특별자치도 속초시 조양동 1570-1","강원특별자치도 속초시 온정로 25 (조양동)","24897","뚜레쥬르조양점","2017-01-24 13:58:37","I","2023-06-13 00:00:00","제과점영업","339450.295609443","521594.00187268","제과점영업","0","0","","","","0","0","0","0","0","","0","0","N","70.38","","","",
"473","제과점영업","07_22_18_P","4231000","4231000-121-2017-00002","2017-03-29","","01","영업/정상","01","영업","","","","","","40.29","","강원특별자치도 속초시 청호동 1348-5","강원특별자치도 속초시 미리내길 33, 1층 (청호동)","24885","코코의정원","2022-06-03 10:54:14","I","2023-06-13 00:00:00","제과점영업","339700.307527242","522394.487347583","제과점영업","0","0","","","","0","0","0","0","0","","0","0","N","40.29","","","",
"474","제과점영업","07_22_18_P","4231000","4231000-121-2017-00005","2017-12-01","","01","영업/정상","01","영업","","","","","","191.08","","강원특별자치도 속초시 교동 1019-3","강원특별자치도 속초시 청초호반로 208, 1층 (교동)","24854","주식회사베이커리가루속초점","2020-11-02 11:25:21","I","2023-06-13 00:00:00","제과점영업","338460.480120056","522827.907746997","제과점영업","0","0","","","","0","0","0","0","0","","0","0","N","191.08","","","",
"475","제과점영업","07_22_18_P","4231000","4231000-121-2018-00004","2018-11-01","","01","영업/정상","01","영업","","","","","","46.44","","강원특별자치도 속초시 조양동 1501 부영아파트5단지","강원특별자치도 속초시 조양상가길 34, 부영아파트5단지 1층 103호 (조양동)","24875","한상기베이커리","2025-03-25 11:56:46","U","2025-03-27 02:40:00","제과점영업","338484.632342258","521799.808504864","제과점영업","0","0","","","","0","0","0","0","0","","0","0","N","46.44","","","",
"476","제과점영업","07_22_18_P","4231000","4231000-121-2019-00002","2019-06-04","","01","영업/정상","01","영업","","","","","","92.29","","강원특별자치도 속초시 교동 981-1","강원특별자치도 속초시 먹거리길 36 (교동)","24855","언들","2021-12-16 14:20:30","I","2023-06-13 00:00:00","제과점영업","338059.448395611","522644.018080185","제과점영업","0","0","","","","0","0","0","0","0","","0","0","N","92.29","","","",
"477","제과점영업","07_22_18_P","4231000","4231000-121-2019-00003","2019-07-12","","01","영업/정상","01","영업","","","","","","38.72","","강원특별자치도 속초시 중앙동 472-5","강원특별자치도 속초시 중앙시장로6길 14-1, 1층 (중앙동)","24832","팡파미유","2020-08-28 17:40:22","I","2023-06-13 00:00:00","제과점영업","339159.664396396","523632.921268699","제과점영업","0","0","","","상수도전용","0","0","0","0","0","","0","0","N","38.72","","","",
"478","제과점영업","07_22_18_P","4231000","4231000-121-2019-00006","2019-08-22","","01","영업/정상","01","영업","","","","","033 635 0675","20.34","","강원특별자치도 속초시 교동 694-6","강원특별자치도 속초시 동해대로 4223, 1~2층 (교동)","24855","속초시니어클럽 실버베이커리","2020-11-02 15:15:15","I","2023-06-13 00:00:00","제과점영업","338109.918441005","522636.77891729","제과점영업","0","0","","","","0","0","0","0","0","","0","0","N","20.34","","","",
"479","제과점영업","07_22_18_P","4231000","4231000-121-2020-00001","2020-04-23","","01","영업/정상","01","영업","","","","","033 635 5876","91.90","","강원특별자치도 속초시 교동 968-5","강원특별자치도 속초시 수복로 25, 1층 (교동)","24858","더느린제과점","2020-04-23 16:07:49","I","2023-06-13 00:00:00","제과점영업","337897.301769266","522551.248949191","제과점영업","0","0","","","","0","0","0","0","0","","0","0","N","91.9","","","",
"480","제과점영업","07_22_18_P","4231000","4231000-121-2020-00002","2020-04-28","","01","영업/정상","01","영업","","","","","","57.00","","강원특별자치도 속초시 중앙동 479-29","강원특별자치도 속초시 중앙로129번길 4, 1층 (중앙동)","24835","마카오박","2020-04-28 10:22:55","I","2023-06-13 00:00:00","제과점영업","339229.155988917","523417.899249792","제과점영업","0","0","","","","0","0","0","0","0","","0","0","N","57","","","",
"481","제과점영업","07_22_18_P","4231000","4231000-121-2020-00004","2020-05-27","","01","영업/정상","01","영업","","","","","","83.82","","강원특별자치도 속초시 조양동 901","강원특별자치도 속초시 조양로105번길 14, 1층 (조양동)","24897","폭신폭신","2020-05-27 11:32:54","I","2023-06-13 00:00:00","제과점영업","339128.043762558","521510.306333325","제과점영업","0","0","","","","0","0","0","0","0","","0","0","N","83.82","","","",
"482","제과점영업","07_22_18_P","4231000","4231000-121-2020-00009","2020-12-10","","01","영업/정상","01","영업","","","","","","32.46","","강원특별자치도 속초시 교동 802-29","강원특별자치도 속초시 배움터길 19-1 (교동)","24863","오븐스헤븐","2021-01-14 16:03:24","I","2023-06-13 00:00:00","제과점영업","337407.95413379","522905.53165875","제과점영업","0","0","","","","0","0","0","0","0","","0","0","N","32.46","","","",
"483","제과점영업","07_22_18_P","4231000","4231000-121-2020-00010","2020-12-21","","01","영업/정상","01","영업","","","","","","52.00","","강원특별자치도 속초시 조양동 1498-2","강원특별자치도 속초시 조양상가길 25 (조양동)","24874","함스베이커리2호점","2020-12-21 15:31:12","I","2023-06-13 00:00:00","제과점영업","338339.974552757","521995.523480661","제과점영업","0","0","","","","0","0","0","0","0","","0","0","N","52","","","",
"484","제과점영업","07_22_18_P","4231000","4231000-121-2021-00001","2021-01-20","","01","영업/정상","01","영업","","","","","","14.62","","강원특별자치도 속초시 영랑동 320-6","강원특별자치도 속초시 영랑로6길 20 (영랑동)","24823","달마시안","2021-01-20 13:35:47","I","2023-06-13 00:00:00","제과점영업","339549.776592993","524556.253260604","제과점영업","0","0","","","","0","0","0","0","0","","0","0","N","14.62","","","",
"485","제과점영업","07_22_18_P","4231000","4231000-121-2021-00002","2021-01-29","","01","영업/정상","01","영업","","","","","","56.10","","강원특별자치도 속초시 조양동 1571 속초조양동 E.S 아뜨리움","강원특별자치도 속초시 조양로 40, 106동 101호 (조양동, 속초조양동 E.S 아뜨리움)","24892","베이커리디","2022-06-03 13:31:32","I","2023-06-13 00:00:00","제과점영업","339862.619410607","521715.451452655","제과점영업","0","0","","","","0","0","0","0","0","","0","0","N","56.1","","","",
"486","제과점영업","07_22_18_P","4231000","4231000-121-2021-00003","2021-03-12","","01","영업/정상","01","영업","","","","","","469.92","","강원특별자치도 속초시 장사동 577-38","강원특별자치도 속초시 장사항해안길 7, 1~3층 (장사동)","24804","오베르망","2021-03-12 15:48:09","I","2023-06-13 00:00:00","제과점영업","339156.554273277","525580.819676633","제과점영업","0","0","","","","0","0","0","0","0","","0","0","Y","469.92","","","",
"487","제과점영업","07_22_18_P","4231000","4231000-121-2022-00001","2022-02-04","","01","영업/정상","01","영업","","","","","","47.16","","강원특별자치도 속초시 교동 900","강원특별자치도 속초시 교동로7길 31 (교동)","24840","케이크핏","2024-01-05 13:46:07","U","2024-01-07 02:40:00","제과점영업","338353.652729838","523769.400901141","제과점영업","0","0","","","","0","0","0","0","0","","0","0","N","47.16","","","",
"488","제과점영업","07_22_18_P","4231000","4231000-121-2022-00006","2022-07-28","","01","영업/정상","01","영업","","","","","","19.80","","강원특별자치도 속초시 조양동 1466-1","강원특별자치도 속초시 해오름로 161 (조양동)","24887","보사노바커피로스터스속초","2022-07-28 15:31:28","I","2023-06-13 00:00:00","제과점영업","340436.371318441","521836.281859227","제과점영업","0","0","","","","0","0","0","0","0","","0","0","N","19.8","","","",
"489","제과점영업","07_22_18_P","4231000","4231000-121-2022-00007","2022-07-28","","01","영업/정상","01","영업","","","","","","98.53","","강원특별자치도 속초시 조양동 1465-2","강원특별자치도 속초시 해오름로 163 (조양동)","24887","보사노바베이커리랩","2022-07-28 15:27:23","I","2023-06-13 00:00:00","제과점영업","340431.622387833","521852.077268761","제과점영업","0","0","","","","0","0","0","0","0","","0","0","N","98.53","","","",
"490","제과점영업","07_22_18_P","4231000","4231000-121-2022-00008","2022-11-29","","01","영업/정상","01","영업","","","","","","19.44","","강원특별자치도 속초시 중앙동 471-4","강원특별자치도 속초시 중앙로147번길 16, 1층 151호 (중앙동)","24832","속초샌드","2022-11-29 14:26:41","I","2023-06-13 00:00:00","제과점영업","339217.40641696","523592.327071737","제과점영업","0","0","","","","0","0","0","0","0","","0","0","N","19.44","","","",
"491","제과점영업","07_22_18_P","4231000","4231000-121-2023-00001","2023-01-02","","01","영업/정상","01","영업","","","","","","71.50","","강원특별자치도 속초시 교동 673-1","강원특별자치도 속초시 동해대로 4202 (교동)","24854","빵굽는사람들","2023-01-02 14:11:09","I","2023-06-13 00:00:00","제과점영업","338253.717723804","522445.158586875","제과점영업","0","0","","","","0","0","0","0","0","","0","0","N","71.5","","","",
"492","제과점영업","07_22_18_P","4231000","4231000-121-1999-00013","1999-10-05","","01","영업/정상","01","영업","","","","","033 6330459","46.00","","강원특별자치도 속초시 교동 781-6 현대아파트","강원특별자치도 속초시 미시령로3359번길 4 (교동, 현대아파트)","24820","파리바게트속초동부점","2020-03-10 16:30:55","I","2023-06-13 00:00:00","제과점영업","337862.656693926","523776.383116713","제과점영업","0","0","","","","0","0","0","0","0","","0","0","N","46","","","",
"493","제과점영업","07_22_18_P","4231000","4231000-121-2000-00010","2000-10-19","","01","영업/정상","01","영업","","","","","033 6316685","","","강원특별자치도 속초시 장사동 634-48","강원특별자치도 속초시 중앙로 409 (장사동)","24803","달콤바삭빵굼터베이커리","2020-11-03 09:17:02","I","2023-06-13 00:00:00","제과점영업","338970.999565436","525771.587241424","제과점영업","0","0","","","","0","0","0","0","0","","0","0","N","0","","","",
"494","제과점영업","07_22_18_P","4231000","4231000-121-2001-00019","2001-07-19","","01","영업/정상","01","영업","","","","","","","","강원특별자치도 속초시 교동 656-3","강원특별자치도 속초시 교동로 19 (교동)","24846","뉴욕제과본점","2025-10-28 15:30:27","U","2025-10-30 02:40:00","제과점영업","338277.305868952","523188.202268868","제과점영업","0","0","","","","0","0","0","0","0","","0","0","N","0","","","",
"495","제과점영업","07_22_18_P","4231000","4231000-121-2002-00005","2002-03-05","","01","영업/정상","01","영업","","","","","033 6357119","36.75","","강원특별자치도 속초시 교동 923 교동 삼환아파트 상가동 106호","강원특별자치도 속초시 밤골3길 39-1 (교동)","24861","빵내음 솔솔","2021-04-12 15:22:22","I","2023-06-13 00:00:00","제과점영업","337108.241515458","523441.520751693","제과점영업","0","0","","","","0","0","0","0","0","","0","0","N","36.75","","","",
"496","제과점영업","07_22_18_P","4231000","4231000-121-2003-00011","2003-11-17","","01","영업/정상","01","영업","","","","","033 633 0387","179.30","","강원특별자치도 속초시 청호동 459-134","강원특별자치도 속초시 설악금강대교로 12 (청호동)","24885","(주)신세계푸드이베이커리속초점","2025-04-08 13:49:26","U","2025-04-10 02:40:00","제과점영업","339761.153723826","522089.806016399","제과점영업","0","0","","","","0","0","0","0","0","","0","0","N","179.3","","","",
"497","제과점영업","07_22_18_P","4231000","4231000-121-2004-00008","2004-10-21","","01","영업/정상","01","영업","","","","","033 6368372","66.30","","강원특별자치도 속초시 교동 800-36 럭키아파트","강원특별자치도 속초시 만리공원길 8, 럭키아파트 101,107,108호 (교동)","24850","몽실베이커리","2022-12-07 14:58:01","I","2023-06-13 00:00:00","제과점영업","337613.263737876","523125.160324732","제과점영업","2","1","기타","","상수도전용","0","0","0","0","0","","0","0","N","66.3","","","",
"498","제과점영업","07_22_18_P","4231000","4231000-121-2011-00002","2011-02-25","","01","영업/정상","01","영업","","","","","","76.67","","강원특별자치도 속초시 교동 620-28 현대프라자 1층 131호","강원특별자치도 속초시 미시령로 3395 (교동,현대프라자 1층 131호)","24815","파리바게트 속초현대점","2011-02-25 11:56:00","I","2023-06-13 00:00:00","제과점영업","338078.014666418","523987.843777729","제과점영업","0","0","","","","0","0","0","0","0","","0","0","N","76.67","","","",
"499","제과점영업","07_22_18_P","4231000","4231000-121-2011-00004","2011-05-06","","01","영업/정상","01","영업","","","","","","32.80","","강원특별자치도 속초시 교동 619-21","강원특별자치도 속초시 미시령로 3383, 301호 (교동)","24820","속초빵순이","2025-03-27 15:50:14","U","2025-03-29 02:40:00","제과점영업","338000.686375881","523816.68609537","제과점영업","0","0","","","","0","0","0","0","0","","0","0","N","27","","","",
"500","제과점영업","07_22_18_P","4231000","4231000-121-2012-00004","2012-08-02","","01","영업/정상","01","영업","","","","","033 633 4826","165.38","","강원특별자치도 속초시 교동 799-173","강원특별자치도 속초시 동해대로 4344-1 (교동)","24844","봉브레드","2022-07-22 14:49:49","I","2023-06-13 00:00:00","제과점영업","337318.757026409","523382.413047297","제과점영업","0","0","","","","0","0","0","0","0","","0","0","N","165.38","","","",
"501","제과점영업","07_22_18_P","4231000","4231000-121-2013-00002","2013-10-29","","01","영업/정상","01","영업","","","","","033 638 5582","66.66","","강원특별자치도 속초시 대포동 962-2","강원특별자치도 속초시 대포항길 10, 108,109,102호 (대포동)","24901","파리바게트속초대포항점","2024-03-13 15:14:18","U","2024-03-16 02:40:00","제과점영업","340612.159776538","520225.659267388","제과점영업","0","0","","","","0","0","0","0","0","","0","0","N","60.06","","","",
"502","제과점영업","07_22_18_P","4231000","4231000-121-2016-00003","2016-08-11","","01","영업/정상","01","영업","","","","","","90.65","","강원특별자치도 속초시 조양동 1526-14","강원특별자치도 속초시 선사로 1 (조양동)","24890","파리바게트속초조양점","2019-07-04 15:59:11","I","2023-06-13 00:00:00","제과점영업","339445.323261179","521654.442954921","제과점영업","0","0","","","","0","0","0","0","0","","0","0","N","90.65","","","",
"503","제과점영업","07_22_18_P","4231000","4231000-121-2016-00005","2016-11-07","","01","영업/정상","01","영업","","","","","033 635 0791","6.23","","강원특별자치도 속초시 청학동 644-33","강원특별자치도 속초시 중앙로 71 (청학동)","24835","석관동떡복이속초점","2020-07-15 16:17:50","I","2023-06-13 00:00:00","제과점영업","338660.986156716","523264.397487958","제과점영업","0","0","","","","0","0","0","0","0","","0","0","N","6.23","","","",
"504","제과점영업","07_22_18_P","4231000","4231000-121-2024-00006","2024-09-06","","01","영업/정상","01","영업","","","","","","68.08","","강원특별자치도 속초시 영랑동 320-6","강원특별자치도 속초시 영랑로6길 20 (영랑동)","24823","달마시안 2","2024-09-06 10:19:24","I","2024-09-08 00:13:45","제과점영업","339549.776592993","524556.253260604","제과점영업","0","0","","","","0","0","0","0","0","","0","0","N","68.08","","","",
"505","제과점영업","07_22_18_P","4231000","4231000-121-2024-00003","2024-07-03","","01","영업/정상","01","영업","","","","","","34.65","","강원특별자치도 속초시 청학동 638-5","강원특별자치도 속초시 번영로 32, 1층 (청학동)","24829","샌드텍스트","2024-07-03 10:41:37","I","2024-07-05 00:13:56","제과점영업","338530.748743729","523464.331901374","제과점영업","0","0","","","","0","0","0","0","0","","0","0","N","34.65","","","",
"506","제과점영업","07_22_18_P","4231000","4231000-121-2024-00005","2024-08-05","","01","영업/정상","01","영업","","","","","","86.19","","강원특별자치도 속초시 노학동 1028","강원특별자치도 속초시 학사평길 34-20, 1층 (노학동)","24867","속초불탄감자빵","2024-10-16 14:35:48","U","2024-10-18 02:40:00","제과점영업","333518.225599739","523345.098233702","제과점영업","0","0","","","","0","0","0","0","0","","0","0","N","45.4","","","",
"507","제과점영업","07_22_18_P","4231000","4231000-121-2024-00004","2024-07-24","","01","영업/정상","01","영업","","","","","","30.44","","강원특별자치도 속초시 교동 950-4","강원특별자치도 속초시 밤골길 3, 1층 (교동)","24863","코아스블룸","2024-07-24 09:29:23","I","2024-07-26 00:14:27","제과점영업","337538.766926536","522957.587331327","제과점영업","0","0","","","","0","0","0","0","0","","0","0","N","30.44","","","",
"508","제과점영업","07_22_18_P","4231000","4231000-121-2024-00002","2024-06-10","","01","영업/정상","01","영업","","","","","","15.20","","강원특별자치도 속초시 금호동 473-79","강원특별자치도 속초시 중앙로129번길 31 (금호동)","24832","소감도가","2025-03-12 14:28:42","U","2025-03-14 02:40:00","제과점영업","339153.182127717","523532.995994922","제과점영업","0","0","","","","0","0","0","0","0","","0","0","N","72.3","","","",
"509","제과점영업","07_22_18_P","4231000","4231000-121-2024-00001","2024-05-22","","01","영업/정상","01","영업","","","","","","32.00","","강원특별자치도 속초시 금호동 490-14","강원특별자치도 속초시 수복로187번길 3 (금호동)","24834","방앗간베이글","2024-05-22 09:46:26","I","2024-05-24 00:14:32","제과점영업","339034.092134221","523548.134999555","제과점영업","0","0","","","","0","0","0","0","0","","0","0","N","32","","","",
"510","제과점영업","07_22_18_P","4231000","4231000-121-2025-00008","2025-10-10","","01","영업/정상","01","영업","","","","","","26.16","","강원특별자치도 속초시 조양동 1376-20","강원특별자치도 속초시 조양로22번길 7, 101호 (조양동)","24892","니니케쿠","2025-10-10 14:34:30","I","2025-10-12 00:20:08","제과점영업","340035.970464202","521675.666339512","제과점영업","0","0","","","","0","0","0","0","0","","0","0","N","26.16","","","",
"511","제과점영업","07_22_18_P","4231000","4231000-121-2025-00007","2025-09-12","","01","영업/정상","01","영업","","","","","","33.90","","강원특별자치도 속초시 교동 1033 미소지움 더뷰 아파트","강원특별자치도 속초시 중앙로17번길 11, 111동 106호 (교동, 미소지움 더뷰 아파트)","24853","라임베이커리","2025-09-12 13:40:37","I","2025-09-14 00:20:22","제과점영업","338146.226502423","522918.340340202","제과점영업","0","0","","","","0","0","0","0","0","","0","0","N","33.9","","","",
"512","제과점영업","07_22_18_P","4231000","4231000-121-2025-00006","2025-09-03","","01","영업/정상","01","영업","","","","","","46.03","","강원특별자치도 속초시 조양동 1292-16","강원특별자치도 속초시 조양로 17-1, 1층 (조양동)","24894","낭그베이커리","2025-09-03 10:23:56","I","2025-09-05 00:20:02","제과점영업","340028.680263907","521589.75819064","제과점영업","0","0","","","","0","0","0","0","0","","0","0","N","46.03","","","",
"513","제과점영업","07_22_18_P","4231000","4231000-121-2025-00005","2025-05-15","","01","영업/정상","01","영업","","","","","","84.74","","강원특별자치도 속초시 조양동 1503-6","강원특별자치도 속초시 조양상가길 55, 1층 (조양동)","24874","베럴어스(Better Us)","2025-05-15 16:29:35","I","2025-05-17 00:20:26","제과점영업","338649.433428737","521877.335702539","제과점영업","0","0","","","","0","0","0","0","0","","0","0","N","84.74","","","",
"514","제과점영업","07_22_18_P","4231000","4231000-121-2025-00004","2025-03-07","","01","영업/정상","01","영업","","","","","","149.71","","강원특별자치도 속초시 동명동 513-10 고릴라마트","강원특별자치도 속초시 번영로 107, 고릴라마트 1층 (동명동)","24828","밥테일베이커리","2025-03-07 13:25:01","I","2025-03-09 00:10:36","제과점영업","338932.494448897","524094.315628524","제과점영업","0","0","","","","0","0","0","0","0","","0","0","N","149.71","","","",
"515","제과점영업","07_22_18_P","4231000","4231000-121-2025-00003","2025-02-27","","01","영업/정상","01","영업","","","","","","31.76","","강원특별자치도 속초시 조양동 1582 효성해링턴 플레이스","강원특별자치도 속초시 청대로 210, 110호 (조양동, 효성해링턴 플레이스)","24877","마숩당","2025-02-27 09:52:12","I","2025-03-01 00:10:37","제과점영업","338153.25113287","521688.241059638","제과점영업","0","0","","","","0","0","0","0","0","","0","0","N","31.76","","","",
"516","제과점영업","07_22_18_P","4231000","4231000-121-2024-00008","2024-12-19","","01","영업/정상","01","영업","","","","","","27.20","","강원특별자치도 속초시 금호동 473-77","강원특별자치도 속초시 중앙로129번길 21 (금호동)","24835","속초초승달","2025-10-30 14:19:04","U","2025-11-01 02:40:00","제과점영업","339176.63523379","523481.055188045","제과점영업","0","0","","","","0","0","0","0","0","","0","0","N","27.2","","","",
"517","제과점영업","07_22_18_P","4231000","4231000-121-2023-00007","2023-11-27","","01","영업/정상","01","영업","","","","","","17.90","","강원특별자치도 속초시 조양동 1586 속초 자이","강원특별자치도 속초시 조양로 181, 1209호 (조양동, 속초 자이)","24880","달콤식탁","2025-01-17 11:14:42","I","2025-01-19 00:11:35","제과점영업","338337.386321023","521612.667476349","","","","","","","","","","","","","","","","","","","",
"518","제과점영업","07_22_18_P","4231000","4231000-121-2025-00001","2025-01-14","","01","영업/정상","01","영업","","","","","","42.90","","강원특별자치도 속초시 조양동 1480-4","강원특별자치도 속초시 새마을16길 19, 1층 (조양동)","24888","바토누아드셜터","2025-01-14 14:15:28","I","2025-01-16 00:11:11","제과점영업","340548.839376286","521589.595005805","제과점영업","0","0","","","","0","0","0","0","0","","0","0","N","42.9","","","",
"519","제과점영업","07_22_18_P","4231000","4231000-121-2025-00002","2025-01-20","","01","영업/정상","01","영업","","","","","","42.09","","강원특별자치도 속초시 교동 627-90","강원특별자치도 속초시 교동로4길 20, 1층 (교동)","24839","사잇","2025-01-20 11:49:32","I","2025-01-22 00:11:07","제과점영업","338273.123841111","523470.501526215","제과점영업","0","0","","","","0","0","0","0","0","","0","0","N","42.09","","","",
"520","제과점영업","07_22_18_P","4241000","4241000-121-2022-00001","2022-05-27","","01","영업/정상","01","영업","","","","","","40.03","","강원특별자치도 삼척시 정상동 469-2","강원특별자치도 삼척시 정상로 38-12, 1층 (정상동)","25926","채채슈가","2024-11-19 13:20:25","U","2024-11-21 02:40:00","제과점영업","392467.789941407","440301.79454224","제과점영업","0","0","","","","0","0","0","0","0","","0","0","N","40.03","","","",
"521","제과점영업","07_22_18_P","4241000","4241000-121-2008-00001","2008-03-10","","01","영업/정상","01","영업","","","","","003305758245","63.00","","강원특별자치도 삼척시 남양동 17-56 6호","강원특별자치도 삼척시 진주로 15, 1층 6호 (남양동, 현대타운)","25920","파리바게트삼척사랑점","2013-09-03 16:04:48","I","2023-06-13 00:00:00","제과점영업","391428.485704846","439964.092359686","제과점영업","1","1","기타","","상수도전용","0","0","0","0","0","","0","0","N","63","","","",
"522","제과점영업","07_22_18_P","4241000","4241000-121-2008-00002","2008-08-08","","01","영업/정상","01","영업","","","","","","77.75","","강원특별자치도 삼척시 남양동 32-11","강원특별자치도 삼척시 진주로 38 (남양동)","25921","던킨도너츠삼척중앙점","2012-12-10 13:33:28","I","2023-06-13 00:00:00","제과점영업","391453.457231427","440198.891184831","제과점영업","0","2","학교정화(상대)","","상수도전용","0","0","0","0","0","","0","0","N","77.75","","","",
"523","제과점영업","07_22_18_P","4241000","4241000-121-2011-00004","2011-11-11","","01","영업/정상","01","영업","","","","","5740046","59.98","","강원특별자치도 삼척시 교동 744-8","강원특별자치도 삼척시 청석로 63 (교동)","25924","뚜레쥬르삼척교동점","2014-12-12 16:56:08","I","2023-06-13 00:00:00","제과점영업","392466.29997789","440668.197464025","제과점영업","1","0","아파트지역","","상수도전용","0","0","0","0","0","","0","0","N","59.98","","","",
"524","제과점영업","07_22_18_P","4241000","4241000-121-2015-00001","2015-03-23","","01","영업/정상","01","영업","","","","","","34.36","","강원특별자치도 삼척시 남양동 17-30 퐁네프","강원특별자치도 삼척시 대학로 24-2 (남양동)","25920","쁠레노케이크","2020-03-05 13:28:12","I","2023-06-13 00:00:00","제과점영업","391397.824043685","440100.216038459","제과점영업","0","1","","","상수도전용","0","0","0","0","0","","0","0","N","34.36","","","",
"525","제과점영업","07_22_18_P","4241000","4241000-121-2016-00001","2016-01-13","","01","영업/정상","01","영업","","","","","033 5708242","51.61","","강원특별자치도 삼척시 도계읍 도계리 429 새롬아파트 101 상가 4호","강원특별자치도 삼척시 도계읍 도계우회로2길 8, 4호 (새롬아파트101 상가)","25948","파리바게뜨삼척도계점","2016-01-13 17:36:09","I","2023-06-13 00:00:00","제과점영업","381550.660539858","416993.828506156","제과점영업","0","1","","","상수도전용","0","0","0","0","0","","0","0","N","51.61","","","",
"526","제과점영업","07_22_18_P","4241000","4241000-121-2017-00002","2017-12-26","","01","영업/정상","01","영업","","","","","","22.92","","강원특별자치도 삼척시 근덕면 교가리 720-4 근덕종묘사","강원특별자치도 삼척시 근덕면 삼척로 3632","25933","영락없는 제과점","2017-12-26 14:06:29","I","2023-06-13 00:00:00","제과점영업","397115.171706322","433067.01765083","제과점영업","0","0","","","","0","0","0","0","0","","0","0","N","22.92","","","",
"527","제과점영업","07_22_18_P","4241000","4241000-121-1986-00005","1986-05-01","","01","영업/정상","01","영업","","","","","033 5723100","28.08","","강원특별자치도 삼척시 근덕면 교가리 366-11","강원특별자치도 삼척시 근덕면 교가길 14","25933","문화제과점","2023-12-21 16:23:11","U","2023-12-23 02:40:00","제과점영업","397162.806419811","433234.748523214","제과점영업","1","1","기타","","상수도전용","0","0","0","0","0","","0","0","N","28.08","","","",
"528","제과점영업","07_22_18_P","4241000","4241000-121-1987-00001","1987-01-15","","01","영업/정상","01","영업","","","","","033 5724752","32.64","","강원특별자치도 삼척시 남양동 55-4","강원특별자치도 삼척시 진주로 12-21 (남양동)","25920","남양제과점","2022-12-16 11:35:36","I","2023-06-13 00:00:00","제과점영업","391554.434447351","439972.918024365","제과점영업","0","0","","","","0","0","0","0","0","","0","0","N","32.64","","","",
"529","제과점영업","07_22_18_P","4241000","4241000-121-2003-00012","2003-07-04","","01","영업/정상","01","영업","","","","","033 5722184","61.20","","강원특별자치도 삼척시 교동 744-2","강원특별자치도 삼척시 정상로 78 (교동)","25924","삼척농협교동지점제과점","2022-12-13 16:27:35","I","2023-06-13 00:00:00","제과점영업","392442.694293257","440739.532947748","제과점영업","0","0","아파트지역","","상수도전용","0","0","0","0","0","","0","0","N","61.2","","","",
"530","제과점영업","07_22_18_P","4241000","4241000-121-2018-00001","2018-03-16","","01","영업/정상","01","영업","","","","","033 573 4608","104.16","","강원특별자치도 삼척시 당저동 9-9","강원특별자치도 삼척시 봉황로 111-1, 1층 (당저동)","25922","지재근베이커리","2023-04-17 09:55:04","I","2023-06-13 00:00:00","제과점영업","392002.318818286","440594.008040301","제과점영업","0","0","","","","0","0","0","0","0","","0","0","N","104.16","","","",
"531","제과점영업","07_22_18_P","4241000","4241000-121-2018-00002","2018-04-27","","01","영업/정상","01","영업","","","","","","2.25","","강원특별자치도 삼척시 당저동 33-3 홈플러스","강원특별자치도 삼척시 중앙로 258, 홈플러스 (당저동)","25922","몽블랑제2호점","2024-02-22 15:43:43","U","2024-02-24 02:40:00","제과점영업","391815.78579528","440452.323948572","제과점영업","0","0","","","상수도전용","0","0","0","0","0","","0","0","N","2.25","","","",
"532","제과점영업","07_22_18_P","4241000","4241000-121-2020-00001","2020-11-03","","01","영업/정상","01","영업","","","","","","40.68","","강원특별자치도 삼척시 정상동 453-19","강원특별자치도 삼척시 척주로 123-1, 1층 (정상동)","25926","정라진찹쌀떡","2020-11-03 16:36:33","I","2023-06-13 00:00:00","제과점영업","392559.889408068","439986.152259022","제과점영업","0","0","","","상수도전용","0","0","0","0","0","","0","0","N","40.68","","","",
"533","제과점영업","07_22_18_P","4241000","4241000-121-2021-00001","2021-03-31","","01","영업/정상","01","영업","","","","","","30.25","","강원특별자치도 삼척시 원당동 170","강원특별자치도 삼척시 원당로 4, 2층 (원당동)","25918","삼척지역자활센터자활사업단 밀싹제빵소(원당점)","2024-05-07 14:54:08","U","2024-05-09 02:40:00","제과점영업","390496.952096994","439623.440131798","제과점영업","0","0","","","상수도전용","0","0","0","0","0","","0","0","N","30.25","","","",
"534","제과점영업","07_22_18_P","4241000","4241000-121-2021-00002","2021-03-31","","01","영업/정상","01","영업","","","","","","55.44","","강원특별자치도 삼척시 근덕면 동막리 819-1","강원특별자치도 삼척시 근덕면 본동길 21-103","25936","삼척지역자활센터자활사업단 밀싹제빵소(근덕점)","2024-05-07 14:52:29","U","2024-05-09 02:40:00","제과점영업","397846.20418432","428559.733685786","제과점영업","0","0","","","상수도전용","0","0","0","0","0","","0","0","N","55.44","","","",
"535","제과점영업","07_22_18_P","4241000","4241000-121-2021-00003","2021-07-14","","01","영업/정상","01","영업","","","","","033 5751512","58.50","","강원특별자치도 삼척시 원당동 62 삼척종합사회복지관","강원특별자치도 삼척시 원당로2길 72-6, 삼척종합사회복지관 4층 (원당동)","25918","달콤창고","2025-10-16 14:32:55","U","2025-10-18 02:40:00","제과점영업","390441.748162833","439428.188616439","제과점영업","0","0","학교정화(상대)","","","0","0","0","0","0","","0","0","N","58.5","","","",
"536","제과점영업","07_22_18_P","4241000","4241000-121-2021-00004","2021-09-09","","01","영업/정상","01","영업","","","","","","85.53","","강원특별자치도 삼척시 사직동 430-8","강원특별자치도 삼척시 사직로 9-4, 1층 (사직동)","25930","닥터브레드","2025-08-20 15:54:24","U","2025-08-22 02:40:00","제과점영업","391738.574629173","439023.602116427","제과점영업","0","0","","","","0","0","0","0","0","","0","0","N","85.53","","","",
"537","제과점영업","07_22_18_P","4241000","4241000-121-2006-00001","2006-08-21","","01","영업/정상","01","영업","","","","","","71.30","","강원특별자치도 삼척시 당저동 33-3 홈플러스","강원특별자치도 삼척시 중앙로 258, 홈플러스 지하1층 (당저동)","25922","몽블랑제삼척점","2024-03-20 15:24:49","U","2024-03-22 02:40:00","제과점영업","391815.78579528","440452.323948572","제과점영업","1","1","주택가주변","","상수도전용","0","0","0","0","0","","0","0","Y","71.3","","","",
"538","제과점영업","07_22_18_P","4241000","4241000-121-2007-00003","2007-06-07","","01","영업/정상","01","영업","","","","","5748245","108.60","","강원특별자치도 삼척시 교동 744-5","강원특별자치도 삼척시 정상로 74 (교동)","25924","파리바게트교동점","2013-07-08 17:10:00","I","2023-06-13 00:00:00","제과점영업","392428.40066033","440685.344169922","제과점영업","0","1","아파트지역","","상수도전용","0","0","0","0","0","","0","0","N","108.6","","","",
"539","제과점영업","07_22_18_P","4241000","4241000-121-2024-00002","2024-10-17","","01","영업/정상","01","영업","","","","","","20.20","","강원특별자치도 삼척시 정상동 448-7 하이든음악학원","강원특별자치도 삼척시 척주로 129, 하이든음악학원 (정상동)","25926","엘리빵집","2025-01-03 10:32:58","U","2025-01-05 02:40:00","제과점영업","392618.179446209","439982.68607026","제과점영업","0","0","","","상수도전용","0","0","0","0","0","","0","0","N","20.2","","","",
"540","제과점영업","07_22_18_P","4241000","4241000-121-2025-00003","2025-10-23","","01","영업/정상","01","영업","","","","","","72.54","","강원특별자치도 삼척시 갈천동 14","강원특별자치도 삼척시 테마타운길 69, 103호 (갈천동)","25909","스테이(STAY)","2025-10-23 10:24:08","I","2025-10-25 00:20:02","제과점영업","391832.66709827","442775.846453499","제과점영업","0","0","","","상수도전용","0","0","0","0","0","","0","0","N","72.54","","","",
"541","제과점영업","07_22_18_P","4241000","4241000-121-2024-00001","2024-01-09","","01","영업/정상","01","영업","","","","","","67.50","","강원특별자치도 삼척시 갈천동 189-1","강원특별자치도 삼척시 새천년도로 599, 1층 (갈천동)","25909","파리바게뜨삼척해변하나로점","2024-01-09 16:54:54","I","2024-01-11 00:16:45","제과점영업","391394.647583096","442637.62318132","제과점영업","0","1","","","","0","0","0","0","0","","0","0","N","67.5","","","",
"542","제과점영업","07_22_18_P","4241000","4241000-121-2025-00001","2025-05-29","","01","영업/정상","01","영업","","","","","","45.20","","강원특별자치도 삼척시 도계읍 전두리 50-4 고려명과","강원특별자치도 삼척시 도계읍 도계로 244-1, 고려명과","25947","고려명과","2025-05-29 15:33:46","I","2025-05-31 00:20:02","제과점영업","381381.213579062","416344.837030353","제과점영업","0","0","","","","0","0","0","0","0","","0","0","N","45.2","","","",
"543","제과점영업","07_22_18_P","4241000","4241000-121-2025-00002","2025-07-16","","01","영업/정상","01","영업","","","","","","43.20","","강원특별자치도 삼척시 갈천동 184-2","강원특별자치도 삼척시 새천년도로 604-1, 양지슈퍼 (갈천동)","25909","삼척교동빵집","2025-07-17 11:28:03","I","2025-07-19 00:20:02","제과점영업","391287.535233355","442655.693577191","제과점영업","0","0","","","상수도전용","0","0","0","0","0","","0","0","N","43.2","","","",
"544","제과점영업","07_22_18_P","4241000","4241000-121-2024-00003","2024-11-29","","01","영업/정상","01","영업","","","","","","21.00","","강원특별자치도 삼척시 원덕읍 호산리 237 원덕농협하나로마트","강원특별자치도 삼척시 원덕읍 삼척로 436, 원덕농협하나로마트","25961","하나로베이커리","2024-11-29 13:14:12","I","2024-12-01 00:12:10","제과점영업","407419.986059194","410804.682617275","제과점영업","0","0","","","상수도전용","0","0","0","0","0","","0","0","N","21","","","",
"545","제과점영업","07_22_18_P","4251000","4251000-121-1994-00001","1994-06-30","","01","영업/정상","01","영업","","","","","033 4350082","209.58","","강원특별자치도 홍천군 홍천읍 신장대리 72-5","강원특별자치도 홍천군 홍천읍 번영로 38","25136","파리바게뜨","2011-12-13 09:34:00","I","2023-06-13 00:00:00","제과점영업","277943.323685733","465635.683161182","제과점영업","0","0","","","상수도전용","0","0","0","0","0","","0","0","N","209.58","","","",
"546","제과점영업","07_22_18_P","4251000","4251000-121-2022-00002","2022-08-10","","01","영업/정상","01","영업","","","","","","60.59","","강원특별자치도 홍천군 홍천읍 갈마곡리 23-33","강원특별자치도 홍천군 홍천읍 소옥개로 110","25128","유한회사 마미갸또홍천","2022-08-10 13:30:19","I","2023-06-13 00:00:00","제과점영업","279582.227802722","466711.472769528","제과점영업","0","0","","","상수도전용","0","0","0","0","0","","0","0","N","60.59","","","",
"547","제과점영업","07_22_18_P","4251000","4251000-121-2023-00001","2023-05-08","","01","영업/정상","01","영업","","","","","033 433 7076","3.30","","강원특별자치도 홍천군 화촌면 성산리 460-2","강원특별자치도 홍천군 화촌면 성산로 153","25157","성산케익나라","2023-05-08 11:43:10","I","2023-06-13 00:00:00","제과점영업","285203.805632381","474810.209617329","제과점영업","0","0","","","상수도전용","0","0","0","0","0","","0","0","N","3.3","","","",
"548","제과점영업","07_22_18_P","4251000","4251000-121-2016-00004","2016-12-26","","01","영업/정상","01","영업","","","","","033 435 7077","159.68","","강원특별자치도 홍천군 홍천읍 연봉리 4-46","강원특별자치도 홍천군 홍천읍 남산강변로 49","25149","빵을쇼핑하다 빵명장","2023-12-12 14:38:27","U","2023-12-14 02:40:00","제과점영업","277906.430278839","465221.096826296","제과점영업","0","0","","","상수도전용","0","0","0","0","0","","0","0","N","159.68","","","",
"549","제과점영업","07_22_18_P","4251000","4251000-121-2017-00001","2017-04-24","","01","영업/정상","01","영업","","","","","033 433 7076","3.00","","강원특별자치도 홍천군 내촌면 도관리 469-1","강원특별자치도 홍천군 내촌면 도관길 12","25161","케익나라내촌점","2017-04-24 17:29:28","I","2023-06-13 00:00:00","제과점영업","295849.966185764","479848.911390752","제과점영업","0","0","","","상수도전용","0","0","0","0","0","","0","0","N","3","","","",
"550","제과점영업","07_22_18_P","4251000","4251000-121-2018-00003","2018-05-24","","01","영업/정상","01","영업","","","","","033 439 1000","20.03","","강원특별자치도 홍천군 두촌면 괘석리 116","강원특별자치도 홍천군 두촌면 광석로 898-87, 지하4층","25160","세이지우드홍천제과점","2022-10-06 10:16:40","I","2023-06-13 00:00:00","제과점영업","297606.523221348","487550.166179772","제과점영업","0","0","","","전용상수도(특정시설의 자가용 수도)","0","0","0","0","0","","0","0","N","20.03","","","",
"551","제과점영업","07_22_18_P","4251000","4251000-121-2018-00004","2018-05-24","","01","영업/정상","01","영업","","","","","033 439 1000","18.20","","강원특별자치도 홍천군 두촌면 괘석리 산 25","강원특별자치도 홍천군 두촌면 광석로 898-160","25160","세이지우드홍천제과점(프론트점)","2021-01-22 11:22:50","I","2023-06-13 00:00:00","제과점영업","","","제과점영업","0","0","","","전용상수도(특정시설의 자가용 수도)","0","0","0","0","0","","0","0","N","18.2","","","",
"552","제과점영업","07_22_18_P","4251000","4251000-121-2019-00001","2019-10-24","","01","영업/정상","01","영업","","","","","033 434 0550","16.28","","강원특별자치도 홍천군 북방면 상화계리 329-9","강원특별자치도 홍천군 북방면 홍천로 11","25115","모두의떡","2019-10-24 15:01:20","I","2023-06-13 00:00:00","제과점영업","275101.71330923","466887.718613674","제과점영업","0","0","","","상수도전용","0","0","0","0","0","","0","0","N","16.28","","","",
"553","제과점영업","07_22_18_P","4251000","4251000-121-2020-00002","2020-04-22","","01","영업/정상","01","영업","","","","","","2.00","","강원특별자치도 홍천군 영귀미면 속초리 909","강원특별자치도 홍천군 영귀미면 수타사로 3","25154","동면케익나라","2020-04-22 11:51:07","I","2023-06-13 00:00:00","제과점영업","281950.629806259","464510.996241851","제과점영업","0","0","","","","0","0","0","0","0","","0","0","N","2","","","",
"554","제과점영업","07_22_18_P","4251000","4251000-121-2020-00003","2020-05-11","","01","영업/정상","01","영업","","","","","033 434 9585","1.00","","강원특별자치도 홍천군 홍천읍 갈마곡리 432-16","강원특별자치도 홍천군 홍천읍 석화로 143","25125","대경빵집","2020-05-11 14:47:48","I","2023-06-13 00:00:00","제과점영업","278817.628861544","466422.444002639","제과점영업","0","0","","","","0","0","0","0","0","","0","0","N","1","","","",
"555","제과점영업","07_22_18_P","4251000","4251000-121-2021-00001","2021-07-22","","01","영업/정상","01","영업","","","","","","142.80","","강원특별자치도 홍천군 남면 양덕원리 60-2","강원특별자치도 홍천군 남면 시동로 62","25108","파리바게뜨서홍천농협점","2022-05-06 13:05:52","I","2023-06-13 00:00:00","제과점영업","268061.921098312","456708.267588495","제과점영업","0","0","","","상수도전용","0","0","0","0","0","","0","0","Y","142.8","","","",
"556","제과점영업","07_22_18_P","4251000","4251000-121-2021-00002","2021-10-05","","01","영업/정상","01","영업","","","","","","109.56","","강원특별자치도 홍천군 홍천읍 연봉리 469-7","강원특별자치도 홍천군 홍천읍 연봉중앙로 38","25146","홍천떡팜","2021-10-12 17:29:26","I","2023-06-13 00:00:00","제과점영업","277253.37342376","464744.983515971","제과점영업","0","0","","","상수도전용","0","0","0","0","0","","0","0","N","109.56","","","",
"557","제과점영업","07_22_18_P","4251000","4251000-121-2022-00001","2022-05-12","","01","영업/정상","01","영업","","","","","","31.35","","강원특별자치도 홍천군 홍천읍 진리 50-1 한샘빌딩","강원특별자치도 홍천군 홍천읍 진삼거리길 13, 한샘빌딩 1층","25133","케이크집","2025-09-08 16:03:55","U","2025-09-10 02:40:00","제과점영업","278332.894673771","465920.09667591","제과점영업","0","0","","","상수도전용","0","0","0","0","0","","0","0","N","31.35","","","",
"558","제과점영업","07_22_18_P","4251000","4251000-121-2009-00001","2009-05-18","","01","영업/정상","01","영업","","","","","033 439 7847","180.40","","강원특별자치도 홍천군 서면 팔봉리 산 125-16","강원특별자치도 홍천군 서면 한치골길 262 (메이플동 1층)","25102","베이커리1","2025-05-09 11:06:29","U","2025-05-11 02:40:00","제과점영업","260639.34235408","460468.652029598","제과점영업","0","0","","","전용상수도(특정시설의 자가용 수도)","0","0","0","0","0","","0","0","N","180.4","","","",
"559","제과점영업","07_22_18_P","4251000","4251000-121-2009-00005","2009-04-10","","01","영업/정상","01","영업","","","","","033 432 2049","79.60","","강원특별자치도 홍천군 홍천읍 연봉리 477-21","강원특별자치도 홍천군 홍천읍 연봉로 33","25146","파리바게뜨연봉점","2025-06-05 17:04:43","U","2025-06-08 02:40:00","제과점영업","277351.107806976","464757.833814804","제과점영업","0","0","","","상수도전용","0","0","0","0","0","","0","0","N","79.6","","","",
"560","제과점영업","07_22_18_P","4251000","4251000-121-2010-00001","2010-04-27","","01","영업/정상","01","영업","","","","","070 77507650","83.79","","강원특별자치도 홍천군 홍천읍 갈마곡리 161-1","강원특별자치도 홍천군 홍천읍 공작산로 45","25130","파리바게뜨홍천갈마점","2019-11-29 16:49:31","I","2023-06-13 00:00:00","제과점영업","279113.119918218","465859.898705446","제과점영업","0","0","","","상수도전용","0","0","0","0","0","","0","0","N","83.79","","","",
"561","제과점영업","07_22_18_P","4251000","4251000-121-2010-00003","2010-09-01","","01","영업/정상","01","영업","","","","","033 433 0459","51.13","","강원특별자치도 홍천군 홍천읍 갈마곡리 199 주공1차아파트 상가동 103,104호","강원특별자치도 홍천군 홍천읍 갈마로 16","25130","뚜레쥬르갈마점","2023-08-07 16:00:07","U","2023-08-09 02:40:00","제과점영업","279189.373481581","465934.079701272","제과점영업","0","0","","","상수도전용","0","0","0","0","0","","0","0","N","51.13","","","",
"562","제과점영업","07_22_18_P","4251000","4251000-121-2010-00004","2010-11-10","","01","영업/정상","01","영업","","","","","","24.00","","강원특별자치도 홍천군 홍천읍 희망리 370-15 (홍천농협파머스마켓내)","강원특별자치도 홍천군 홍천읍 홍천로 323 (홍천농협파머스마켓내)","25136","빵굽는사람들","2025-02-25 13:10:44","U","2025-02-27 02:40:00","제과점영업","277678.635250223","465530.19782395","제과점영업","0","0","","","상수도전용","0","0","0","0","0","","0","0","N","24","","","",
"563","제과점영업","07_22_18_P","4251000","4251000-121-2011-00001","2011-05-31","","01","영업/정상","01","영업","","","","","033 432 6456","37.50","","강원특별자치도 홍천군 홍천읍 연봉리 452-1","강원특별자치도 홍천군 홍천읍 남산강변로 24","25149","민들레빵","2011-12-14 16:22:50","I","2023-06-13 00:00:00","제과점영업","277644.032944142","465198.440818321","제과점영업","0","0","","","상수도전용","0","0","0","0","0","","0","0","N","37.5","","","",
"564","제과점영업","07_22_18_P","4251000","4251000-121-2012-00001","2012-08-06","","01","영업/정상","01","영업","","","","","033 432 4559","78.21","","강원특별자치도 홍천군 홍천읍 연봉리 476-1","강원특별자치도 홍천군 홍천읍 연봉로 32","25146","뚜레쥬르연봉점","2016-11-11 14:50:22","I","2023-06-13 00:00:00","제과점영업","277314.11709064","464758.383461716","제과점영업","0","0","","","","0","0","0","0","0","","0","0","N","78.21","","","",
"565","제과점영업","07_22_18_P","4251000","4251000-121-2013-00001","2013-01-18","","01","영업/정상","01","영업","","","","","033 439 8307","201.60","","강원특별자치도 홍천군 서면 팔봉리 1290-2","강원특별자치도 홍천군 서면 한치골길 262 (오크동 지하1층)","25102","베이커리앤까페(Bakery&Cafe)","2025-05-02 11:55:31","U","2025-05-04 02:40:00","제과점영업","260030.280736472","460691.714032464","제과점영업","0","0","","","전용상수도(특정시설의 자가용 수도)","0","0","0","0","0","","0","0","N","201.6","","","",
"566","제과점영업","07_22_18_P","4251000","4251000-121-2015-00002","2015-05-22","","01","영업/정상","01","영업","","","","","033 434 1880","3.36","","강원특별자치도 홍천군 서면 두미리 480-4 서홍천농협하나로마트내","강원특별자치도 홍천군 서면 팔봉산로 542 (서홍천농협하나로마트내)","25101","서홍천베이커리","2018-02-19 14:04:48","I","2023-06-13 00:00:00","제과점영업","258403.053428684","464596.151689366","제과점영업","0","0","","","상수도전용","0","0","0","0","0","","0","0","N","3.36","","","",
"567","제과점영업","07_22_18_P","4251000","4251000-121-2016-00001","2016-03-14","","01","영업/정상","01","영업","","","","","033 433 7076","76.02","","강원특별자치도 홍천군 홍천읍 갈마곡리 78-10","강원특별자치도 홍천군 홍천읍 갈마로8길 11, 102호","25129","CAKE NARA","2016-03-14 11:00:37","I","2023-06-13 00:00:00","제과점영업","279587.241261859","466103.150942022","제과점영업","0","0","","","상수도전용","0","0","0","0","0","","0","0","N","76.02","","","",
"568","제과점영업","07_22_18_P","4251000","4251000-121-2016-00003","2016-12-02","","01","영업/정상","01","영업","","","","","033 432 0453","122.04","","강원특별자치도 홍천군 남면 양덕원리 151-3","강원특별자치도 홍천군 남면 한서로 3384, 101,102호","25108","밀베이커리","2024-11-11 13:39:40","U","2024-11-13 02:40:00","제과점영업","267655.607167366","457167.948243548","제과점영업","0","0","","","상수도전용","0","0","0","0","0","","0","0","N","122.04","","","",
"569","제과점영업","07_22_18_P","4251000","4251000-121-1997-00009","1997-06-05","","01","영업/정상","01","영업","","","","","033 4331105","54.00","","강원특별자치도 홍천군 서석면 풍암리 225-6","강원특별자치도 홍천군 서석면 구룡령로 2546","25166","빵굽는동네","2011-12-13 09:29:47","I","2023-06-13 00:00:00","제과점영업","304619.481638766","468360.968238625","제과점영업","0","0","","","상수도전용","0","0","0","0","0","","0","0","N","54","","","",
"570","제과점영업","07_22_18_P","4251000","4251000-121-2001-00034","2001-11-13","","01","영업/정상","01","영업","","","","","033 4350757","25.58","","강원특별자치도 홍천군 홍천읍 희망리 344-14","강원특별자치도 홍천군 홍천읍 꽃뫼로1길 4","25120","리플리베이커리","2011-12-14 15:34:52","I","2023-06-13 00:00:00","제과점영업","277487.326701923","465759.040636085","제과점영업","0","0","","","상수도전용","0","0","0","0","0","","0","0","N","25.58","","","",
"571","제과점영업","07_22_18_P","4251000","4251000-121-2004-00004","2004-03-29","","01","영업/정상","01","영업","","","","","033 4326666","24.51","","강원특별자치도 홍천군 남면 양덕원리 351-17 18","강원특별자치도 홍천군 남면 양덕원로 77 (18)","25108","하모니베이커리","2011-12-14 15:57:28","I","2023-06-13 00:00:00","제과점영업","267706.034989124","457390.076696824","제과점영업","0","0","기타","","상수도전용","0","0","0","0","0","","0","0","N","24.51","","","",
"572","제과점영업","07_22_18_P","4251000","4251000-121-2006-00001","2006-03-28","","01","영업/정상","01","영업","","","","","033 4350131","17.20","","강원특별자치도 홍천군 홍천읍 신장대리 8-130","강원특별자치도 홍천군 홍천읍 홍천로8길 13","25137","홍천빵집","2017-01-24 14:15:34","I","2023-06-13 00:00:00","제과점영업","278125.615018782","465735.074155747","제과점영업","0","0","","","상수도전용","0","0","0","0","0","","0","0","N","17.2","","","",
"573","제과점영업","07_22_18_P","4251000","4251000-121-2025-00001","2025-09-26","","01","영업/정상","01","영업","","","","","","9.00","","강원특별자치도 홍천군 북방면 상화계리 329-24","강원특별자치도 홍천군 북방면 홍천로 15, 홍천 사랑말 한우 일대","25115","주식회사 파랑새","2025-09-26 17:07:06","I","2025-09-28 00:20:02","제과점영업","275118.266779163","466846.777934947","제과점영업","0","0","","","","0","0","0","0","0","","0","0","N","9","","","",
"574","제과점영업","07_22_18_P","4261000","4261000-121-1984-00001","1984-04-21","","01","영업/정상","01","영업","","","","","033 3421454","","","강원특별자치도 횡성군 둔내면 자포곡리 409-5","강원특별자치도 횡성군 둔내면 둔내로 60-2","25264","둔내태극당","2012-03-27 11:31:41","I","2023-06-13 00:00:00","제과점영업","307531.483511321","446219.671329599","제과점영업","0","0","","","상수도전용","0","0","0","0","0","","0","0","N","0","","","",
"575","제과점영업","07_22_18_P","4261000","4261000-121-2002-00002","2002-11-26","","01","영업/정상","01","영업","","","","","033 345 0607","92.58","","강원특별자치도 횡성군 횡성읍 읍상리 280-6","강원특별자치도 횡성군 횡성읍 삼일로 3","25233","파리바게뜨 횡성점","2021-06-29 09:35:50","I","2023-06-13 00:00:00","제과점영업","287167.907427999","443519.91289718","제과점영업","0","1","기타","","상수도전용","0","0","0","0","0","","0","0","N","92.58","","","",
"576","제과점영업","07_22_18_P","4261000","4261000-121-2003-00001","2003-05-14","","01","영업/정상","01","영업","","","","","033 344 8808","78.71","","강원특별자치도 횡성군 횡성읍 읍하리 112-20","강원특별자치도 횡성군 횡성읍 문정로 20","25233","뚜레쥬르 횡성점","2024-01-10 11:18:46","U","2024-01-12 02:40:00","제과점영업","287090.60417038","443515.636565843","제과점영업","0","0","주택가주변","자율","상수도전용","0","0","0","0","0","","0","0","N","78.71","","","",
"577","제과점영업","07_22_18_P","4261000","4261000-121-2009-00011","2009-09-08","","01","영업/정상","01","영업","","","","","033 345 7412","90.13","","강원특별자치도 횡성군 둔내면 자포곡리 409-11","강원특별자치도 횡성군 둔내면 둔내로 52-1","25264","파리바게뜨 강원둔내점","2019-10-28 09:27:45","I","2023-06-13 00:00:00","제과점영업","307463.505350058","446255.193749697","제과점영업","0","0","","","상수도전용","0","0","0","0","0","","0","0","N","90.13","","","",
"578","제과점영업","07_22_18_P","4261000","4261000-121-2009-00012","2009-12-04","","01","영업/정상","01","영업","","","","","","13.50","","강원특별자치도 횡성군 횡성읍 읍상리 271-2","강원특별자치도 횡성군 횡성읍 문정로 46","25231","파파브레드","2012-08-16 19:06:37","I","2023-06-13 00:00:00","제과점영업","287317.362925953","443404.39836269","제과점영업","0","0","","","상수도전용","0","0","0","0","0","","0","0","N","13.5","","","",
"579","제과점영업","07_22_18_P","4261000","4261000-121-2016-00001","2016-04-04","","01","영업/정상","01","영업","","","","","033 344 0404","20.23","","강원특별자치도 횡성군 횡성읍 읍상리 279-6","강원특별자치도 횡성군 횡성읍 읍상서로5번길 17","25232","횡성빵굽는마을","2016-04-14 10:45:29","I","2023-06-13 00:00:00","제과점영업","287236.72400732","443498.929610833","제과점영업","1","1","기타","","상수도전용","0","0","0","0","0","","0","0","N","20.23","","","",
"580","제과점영업","07_22_18_P","4261000","4261000-121-2017-00001","2017-07-14","","01","영업/정상","01","영업","","","","","033 343 9905","76.03","","강원특별자치도 횡성군 횡성읍 교항리 34","강원특별자치도 횡성군 횡성읍 횡성로 337","25235","파리바게트횡성축협하나로마트점","2017-08-03 19:03:55","I","2023-06-13 00:00:00","제과점영업","286738.518127161","442866.449811485","제과점영업","1","2","기타","","","0","0","0","0","0","","0","0","N","76.03","","","",
"581","제과점영업","07_22_18_P","4261000","4261000-121-2019-00002","2019-09-03","","01","영업/정상","01","영업","","","","","033 343 6600","77.05","","강원특별자치도 횡성군 횡성읍 교항리 31-1 외 1필지","강원특별자치도 횡성군 횡성읍 횡성로 343","25235","파앙","2024-09-12 14:49:09","U","2024-09-14 02:40:00","제과점영업","286809.509423975","442922.962163929","제과점영업","0","0","","","상수도전용","0","0","0","0","0","","0","0","N","77.05","","","",
"582","제과점영업","07_22_18_P","4261000","4261000-121-2020-00001","2020-04-01","","01","영업/정상","01","영업","","","","","","64.36","","강원특별자치도 횡성군 횡성읍 교항리 112-7","강원특별자치도 횡성군 횡성읍 교항로 10","25234","음메음메(ummeumme)","2020-05-12 09:29:59","I","2023-06-13 00:00:00","제과점영업","286815.088009385","443036.722476206","제과점영업","0","0","","","상수도전용","0","0","0","0","0","","0","0","N","64.36","","","",
"583","제과점영업","07_22_18_P","4261000","4261000-121-2020-00002","2020-05-29","","01","영업/정상","01","영업","","","","","","16.52","","강원특별자치도 횡성군 둔내면 둔방내리 91-8","강원특별자치도 횡성군 둔내면 경강로둔방6길 9","25265","마법사 뚝딱걸","2020-05-29 11:37:26","I","2023-06-13 00:00:00","제과점영업","307193.380081066","446328.741958249","제과점영업","0","0","기타","","상수도전용","0","0","0","0","0","","0","0","N","16.52","","","",
"584","제과점영업","07_22_18_P","4261000","4261000-121-2024-00001","2024-02-29","","01","영업/정상","01","영업","","","","","","81.90","","강원특별자치도 횡성군 횡성읍 읍상리 284-3","강원특별자치도 횡성군 횡성읍 삼일로 8, 1층","25232","I 베이커리","2024-02-29 10:26:40","I","2024-03-02 00:15:41","제과점영업","287185.930843059","443571.94737907","제과점영업","0","0","","","상수도전용","0","0","0","0","0","","0","0","N","81.9","","","",
"585","제과점영업","07_22_18_P","4271000","4271000-121-1996-00002","1996-11-05","","01","영업/정상","01","영업","","","","","033 3738500","191.06","","강원특별자치도 영월군 영월읍 하송리 254-12","강원특별자치도 영월군 영월읍 중앙1로 29","26234","파리바게트","2022-06-15 17:33:31","I","2023-06-13 00:00:00","제과점영업","330075.22244274","410110.198456167","제과점영업","0","0","","","","0","0","0","0","0","","0","0","N","191.06","","","",
"586","제과점영업","07_22_18_P","4271000","4271000-121-2003-00004","2003-12-16","","01","영업/정상","01","영업","","","","","033 3737773","44.00","","강원특별자치도 영월군 영월읍 하송리 251-2 (홈마트 내)","강원특별자치도 영월군 영월읍 중앙로 5-10","26234","홈마트베이커리","2020-11-26 15:41:17","I","2023-06-13 00:00:00","제과점영업","329961.246335626","410133.019258366","제과점영업","0","0","","","상수도전용","0","0","0","0","0","","0","0","N","44","","","",
"587","제과점영업","07_22_18_P","4271000","4271000-121-2008-00002","2008-08-20","","01","영업/정상","01","영업","","","","","033  3750404","132.00","","강원특별자치도 영월군 영월읍 영흥리 946-3","강원특별자치도 영월군 영월읍 중앙로 36","26236","뚜레쥬르 영월점","2017-11-13 15:10:12","I","2023-06-13 00:00:00","제과점영업","330254.0661126","410070.203270416","제과점영업","0","0","주택가주변","","상수도전용","0","0","0","0","0","","0","0","N","132","","","",
"588","제과점영업","07_22_18_P","4271000","4271000-121-2010-00001","2010-03-26","","01","영업/정상","01","영업","","","","","","25.00","","강원특별자치도 영월군 영월읍 영흥리 924-7","강원특별자치도 영월군 영월읍 제방안길 26","26236","빵굼터","2020-11-26 15:39:49","I","2023-06-13 00:00:00","제과점영업","330540.007871909","409936.453098165","제과점영업","0","0","","","","0","0","0","0","0","","0","0","N","25","","","",
"589","제과점영업","07_22_18_P","4271000","4271000-121-2010-00002","2010-11-19","","01","영업/정상","01","영업","","","","","033 3720477","23.77","","강원특별자치도 영월군 주천면 주천리 888-7","강원특별자치도 영월군 주천면 서강로 11","26203","빵고을","2021-12-14 17:24:48","I","2023-06-13 00:00:00","제과점영업","","","제과점영업","0","0","","","상수도전용","0","0","0","0","0","","0","0","N","23.77","","","",
"590","제과점영업","07_22_18_P","4271000","4271000-121-2013-00001","2013-04-17","","01","영업/정상","01","영업","","","","","","67.00","","강원특별자치도 영월군 영월읍 하송리 373-1","강원특별자치도 영월군 영월읍 하송로 126","26239","파리바게뜨 영월행복점","2022-06-15 17:27:23","I","2023-06-13 00:00:00","제과점영업","329424.911886774","409526.254057491","제과점영업","0","0","","","상수도전용","0","0","0","0","0","","0","0","N","67","","","",
"591","제과점영업","07_22_18_P","4271000","4271000-121-2013-00002","2013-05-13","","01","영업/정상","01","영업","","","","","033 373 7233","92.50","","강원특별자치도 영월군 영월읍 하송리 386-4","강원특별자치도 영월군 영월읍 하송로 115","26238","뚜레쥬르하송점","2013-05-13 15:36:20","I","2023-06-13 00:00:00","제과점영업","329548.237199604","409570.528643536","제과점영업","0","0","","","상수도전용","0","0","0","0","0","","0","0","N","92.5","","","",
"592","제과점영업","07_22_18_P","4271000","4271000-121-2023-00001","2023-02-01","","01","영업/정상","01","영업","","","","","","33.64","","강원특별자치도 영월군 영월읍 영흥리 979-4","강원특별자치도 영월군 영월읍 중앙로 51, 1층","26232","어느날 디저트","2023-02-01 17:02:34","I","2023-06-13 00:00:00","제과점영업","330419.808410224","410101.577156293","제과점영업","0","0","","","","0","0","0","0","0","","0","0","N","33.64","","","",
"593","제과점영업","07_22_18_P","4271000","4271000-121-2023-00002","2023-05-22","","01","영업/정상","01","영업","","","","","","56.00","","강원특별자치도 영월군 영월읍 영흥리 955-5","강원특별자치도 영월군 영월읍 중앙1로 53, 1층","26234","한쌤 베이커리","2023-05-22 10:30:19","I","2023-06-13 00:00:00","제과점영업","330077.416851245","410341.179914828","제과점영업","0","0","","","","0","0","0","0","0","","0","0","N","56","","","",
"594","제과점영업","07_22_18_P","4281000","4281000-121-2023-00005","2023-08-18","","01","영업/정상","01","영업","","","","","033 339 0504","10.00","","강원특별자치도 평창군 대관령면 용산리 425 알펜시아 리조트","강원특별자치도 평창군 대관령면 솔봉로 325, 인터콘티넨탈호텔 1층","25351","옥시라운지(제과점)","2023-08-21 15:04:23","U","2023-08-23 02:40:00","제과점영업","345786.815844836","462590.554819645","제과점영업","1","0","기타","","상수도전용","0","0","0","0","0","","0","0","N","10","","","",
"595","제과점영업","07_22_18_P","4281000","4281000-121-2023-00006","2023-08-18","","01","영업/정상","01","영업","","","","","033 339 0504","10.00","","강원특별자치도 평창군 대관령면 용산리 425 알펜시아 리조트","강원특별자치도 평창군 대관령면 솔봉로 325, 홀리데이 인 스위트 101동 1층","25351","웰컴센터(제과점)","2023-08-21 15:05:28","U","2023-08-23 02:40:00","제과점영업","345786.815844836","462590.554819645","제과점영업","1","0","기타","","상수도전용","0","0","0","0","0","","0","0","N","10","","","",
"596","제과점영업","07_22_18_P","4281000","4281000-121-2023-00007","2023-08-18","","01","영업/정상","01","영업","","","","","033 339 0504","10.00","","강원특별자치도 평창군 대관령면 용산리 425 알펜시아 리조트","강원특별자치도 평창군 대관령면 솔봉로 325, 홀리데이 인 스위트 203동 1층","25351","스키하우스(제과점)","2023-08-21 15:06:06","U","2023-08-23 02:40:00","제과점영업","345786.815844836","462590.554819645","제과점영업","1","0","기타","","상수도전용","0","0","0","0","0","","0","0","N","10","","","",
"597","제과점영업","07_22_18_P","4281000","4281000-121-2016-00002","2016-10-21","","01","영업/정상","01","영업","","","","","","96.00","","강원특별자치도 평창군 봉평면 창동리 286-4","강원특별자치도 평창군 봉평면 기풍2길 1","25303","빵프레","2021-06-04 09:08:05","I","2023-06-13 00:00:00","제과점영업","321645.328760797","457895.115982886","제과점영업","0","1","기타","","상수도전용","0","0","0","0","0","","0","0","N","96","","","",
"598","제과점영업","07_22_18_P","4281000","4281000-121-1990-00001","1990-05-30","","01","영업/정상","01","영업","","","","","033 332 0482","79.65","","강원특별자치도 평창군 대관령면 횡계리 365-32 1층 102호","강원특별자치도 평창군 대관령면 대관령로 98, 1층 102호","25345","파리바게뜨 횡계점","2025-02-12 11:29:37","U","2025-02-14 02:40:00","제과점영업","350528.477364549","464702.398747676","제과점영업","1","2","","","상수도전용","0","0","0","0","0","","0","0","N","79.65","","","",
"599","제과점영업","07_22_18_P","4281000","4281000-121-1994-00001","1994-12-14","","01","영업/정상","01","영업","","","","","","34.06","","강원특별자치도 평창군 봉평면 창동리 253-1 외 5필지","강원특별자치도 평창군 봉평면 기풍로 92 (봉평농협하나로마트 내)","25303","히삐히삐베이커리","2023-04-07 15:14:06","I","2023-06-13 00:00:00","제과점영업","321634.162766695","457386.376585843","제과점영업","0","0","","","상수도전용","0","0","0","0","0","","0","0","N","34.06","","","",
"600","제과점영업","07_22_18_P","4281000","4281000-121-1998-00005","1998-01-26","","01","영업/정상","01","영업","","","","","033 3305411","36.84","","강원특별자치도 평창군 진부면 221-1","강원특별자치도 평창군 진부면 진고개로 231","25322","켄싱턴평창제과점","2024-05-17 10:07:08","U","2024-05-19 02:40:00","제과점영업","340818.137507753","466311.107992923","제과점영업","0","0","","우수","지하수전용","0","0","0","0","0","","0","0","N","36.84","","","",
"601","제과점영업","07_22_18_P","4281000","4281000-121-2019-00001","2019-01-11","","01","영업/정상","01","영업","","","","","033 336 0045","161.24","","강원특별자치도 평창군 대관령면 횡계리 323-16","강원특별자치도 평창군 대관령면 횡계길 3","25344","루&루 베이커리","2023-12-19 10:21:04","U","2023-12-21 02:40:00","제과점영업","350598.957690428","464729.307032665","제과점영업","1","0","기타","기타","상수도전용","0","0","0","0","0","","0","0","Y","161.24","","","",
"602","제과점영업","07_22_18_P","4281000","4281000-121-2022-00001","2022-04-15","","01","영업/정상","01","영업","","","","","033  3360814","15.00","","강원특별자치도 평창군 대관령면 차항리 258-5","강원특별자치도 평창군 대관령면 경강로 4980, 대관령원예농협하나로마트 내","25340","더델리베이커리(1)","2022-04-15 16:43:03","I","2023-06-13 00:00:00","제과점영업","348167.262666055","466206.042431748","제과점영업","0","1","","","상수도전용","0","0","0","0","0","","0","0","N","15","","","",
"603","제과점영업","07_22_18_P","4281000","4281000-121-2022-00002","2022-05-02","","01","영업/정상","01","영업","","","","","","20.00","","강원특별자치도 평창군 대관령면 용산리 425 알펜시아 리조트","강원특별자치도 평창군 대관령면 솔봉로 325, 알펜시아 리조트","25351","엘림커피 바이 홀리데이인 리조트 제과점","2025-04-10 14:43:48","U","2025-04-12 02:40:00","제과점영업","345786.815844836","462590.554819645","제과점영업","0","3","","","상수도전용","0","0","0","0","0","","0","0","N","20","","","",
"604","제과점영업","07_22_18_P","4281000","4281000-121-2023-00001","2023-01-03","","01","영업/정상","01","영업","","","","","","93.21","","강원특별자치도 평창군 진부면 하진부리 155-7","강원특별자치도 평창군 진부면 진부중앙로 25","25333","NH베이커리카페(엔에이치베이커리카페)","2023-01-04 09:54:43","I","2023-06-13 00:00:00","제과점영업","337251.656203906","460273.770664932","제과점영업","0","0","","","상수도전용","0","0","0","0","0","","0","0","N","93.21","","","",
"605","제과점영업","07_22_18_P","4281000","4281000-121-2023-00002","2023-02-28","","01","영업/정상","01","영업","","","","","","1.05","","강원특별자치도 평창군 진부면 하진부리 155-2 진부농협중앙지점","강원특별자치도 평창군 진부면 진부중앙로 27, 진부농협중앙지점","25333","엔에이치(NH)베이커리","2023-02-28 13:06:17","I","2023-06-13 00:00:00","제과점영업","337264.433814652","460315.010722437","제과점영업","0","1","","","상수도전용","0","0","0","0","0","","0","0","N","1.05","","","",
"606","제과점영업","07_22_18_P","4281000","4281000-121-2023-00003","2023-03-10","","01","영업/정상","01","영업","","","","","033 335 5757","61.16","","강원특별자치도 평창군 대관령면 용산리 130 용평리조트","강원특별자치도 평창군 대관령면 올림픽로 715, 드래곤밸리호텔 지하1층","25352","용평제과점3","2025-09-08 08:55:29","U","2025-09-10 02:40:00","제과점영업","348259.144297804","461699.273918606","제과점영업","0","0","","","상수도전용","0","0","0","0","0","","0","0","N","61.16","","","",
"607","제과점영업","07_22_18_P","4281000","4281000-121-2023-00004","2023-04-25","","01","영업/정상","01","영업","","","","","","2.40","","강원특별자치도 평창군 대관령면 횡계리 354 제이마트","강원특별자치도 평창군 대관령면 올림픽로 171, 제이마트","25342","더델리베이커리 제이마트점","2023-04-25 15:07:07","I","2023-06-13 00:00:00","제과점영업","350846.006781605","464185.037749278","제과점영업","0","1","기타","","상수도전용","0","0","0","0","0","","0","0","N","2.4","","","",
"608","제과점영업","07_22_18_P","4281000","4281000-121-2004-00006","2004-11-26","","01","영업/정상","01","영업","","","","","","20.46","","강원특별자치도 평창군 평창읍 하리 137-57 외3필지","강원특별자치도 평창군 평창읍 백오로 68","25376","하나로베이커리","2024-12-03 15:27:30","U","2024-12-05 02:40:00","제과점영업","323387.159691995","430407.223417863","제과점영업","0","0","","","상수도전용","0","0","0","0","0","","0","0","N","20.46","","","",
"609","제과점영업","07_22_18_P","4281000","4281000-121-2007-00003","2007-12-26","","01","영업/정상","01","영업","","","","","033 336 0814","72.56","","강원특별자치도 평창군 대관령면 용산리 382-6","강원특별자치도 평창군 대관령면 솔봉로 278-9, 제1동 101호","25348","더델리 베이커리","2022-04-25 16:55:08","I","2023-06-13 00:00:00","제과점영업","346755.147262573","463637.758426583","제과점영업","1","1","기타","","상수도전용","0","0","0","0","0","","0","0","N","72.56","","","",
"610","제과점영업","07_22_18_P","4281000","4281000-121-2008-00001","2008-09-25","","01","영업/정상","01","영업","","","","","033 332 8228","91.40","","강원특별자치도 평창군 평창읍 하리 156-4","강원특별자치도 평창군 평창읍 백오로 104","25376","파리바게뜨 평창점","2014-01-07 15:13:54","I","2023-06-13 00:00:00","제과점영업","323572.301056068","430414.401557527","제과점영업","1","2","기타","","상수도전용","0","0","0","0","0","","0","0","N","91.4","","","",
"611","제과점영업","07_22_18_P","4281000","4281000-121-2009-00002","2009-04-20","","01","영업/정상","01","영업","","","","","033 330 6535","19.00","","강원특별자치도 평창군 봉평면 면온리 1095-1 휘닉스평창 블루동","강원특별자치도 평창군 봉평면 태기로 174, 휘닉스평창 블루동","25307","휘닉스베이커리","2024-10-04 09:45:14","U","2024-10-06 02:40:00","제과점영업","317177.713905004","454046.509523181","제과점영업","3","1","기타","","상수도전용","0","0","0","0","0","","0","0","N","19","","","",
"612","제과점영업","07_22_18_P","4281000","4281000-121-2009-00003","2009-04-27","","01","영업/정상","01","영업","","","","","033 335 5757","43.20","","강원특별자치도 평창군 대관령면 용산리 130 용평리조트","강원특별자치도 평창군 대관령면 올림픽로 715, 드래곤밸리호텔 지하1층","25352","용평제과점1","2025-09-08 08:54:29","U","2025-09-10 02:40:00","제과점영업","348259.144297804","461699.273918606","제과점영업","1","1","기타","","전용상수도(특정시설의 자가용 수도)","0","0","0","0","0","","0","0","N","43.2","","","",
"613","제과점영업","07_22_18_P","4281000","4281000-121-2009-00004","2009-04-27","","01","영업/정상","01","영업","","","","","033 335 5757","6.00","","강원특별자치도 평창군 대관령면 용산리 130 용평리조트","강원특별자치도 평창군 대관령면 올림픽로 715, 드래곤밸리호텔 1층","25352","용평제과점2","2025-09-08 08:54:58","U","2025-09-10 02:40:00","제과점영업","348259.144297804","461699.273918606","제과점영업","1","1","기타","","전용상수도(특정시설의 자가용 수도)","0","0","0","0","0","","0","0","N","6","","","",
"614","제과점영업","07_22_18_P","4281000","4281000-121-2010-00001","2010-05-04","","01","영업/정상","01","영업","","","","","033 333 1511","116.04","","강원특별자치도 평창군 진부면 하진부리 98-1","강원특별자치도 평창군 진부면 경강로 3615-1","25332","뚜레쥬르(진부중앙점)","2022-11-11 11:10:11","I","2023-06-13 00:00:00","제과점영업","337596.270787136","460600.956250499","제과점영업","1","1","기타","","상수도전용","0","0","0","0","0","","0","0","N","116.04","","","",
"615","제과점영업","07_22_18_P","4281000","4281000-121-2011-00001","2011-01-13","","01","영업/정상","01","영업","","","","","033 332 8280","112.75","","강원특별자치도 평창군 진부면 하진부리 100-11 1층 A동","강원특별자치도 평창군 진부면 진부중앙로 82, A동 1층","25332","파리바게뜨 강원진부점","2018-06-28 15:28:39","I","2023-06-13 00:00:00","제과점영업","337611.188232011","460702.816162708","제과점영업","0","1","기타","","상수도전용","0","0","0","0","0","","0","0","N","112.75","","","",
"616","제과점영업","07_22_18_P","4281000","4281000-121-2012-00001","2012-11-14","","01","영업/정상","01","영업","","","","","","25.50","","강원특별자치도 평창군 대화면 대화리 966-10 외 2필지, 1층","강원특별자치도 평창군 대화면 대화1길 14, 1층","25359","대화하나로베이커리","2013-11-01 14:41:36","I","2023-06-13 00:00:00","제과점영업","328545.513309076","445007.92587025","제과점영업","1","0","학교정화(상대)","","상수도전용","0","0","0","0","0","","0","0","N","25.5","","","",
"617","제과점영업","07_22_18_P","4281000","4281000-121-2013-00002","2013-07-31","","01","영업/정상","01","영업","","","","","033  3391308","59.65","","강원특별자치도 평창군 대관령면 용산리 200-3 알펜시아 리조트","강원특별자치도 평창군 대관령면 솔봉로 325, 알펜시아 리조트","25351","선큰델리","2023-07-11 17:48:39","U","2023-07-13 02:40:00","제과점영업","347678.59782019","462942.165520396","제과점영업","0","0","기타","","상수도전용","0","0","0","0","0","","0","0","N","59.65","","","",
"618","제과점영업","07_22_18_P","4281000","4281000-121-2013-00003","2013-07-31","","01","영업/정상","01","영업","","","","","033 3390000","39.50","","강원특별자치도 평창군 대관령면 용산리 200-3 알펜시아 리조트","강원특별자치도 평창군 대관령면 솔봉로 325, 알펜시아 리조트","25351","옥시델리","2023-07-11 17:51:04","U","2023-07-13 02:40:00","제과점영업","347678.59782019","462942.165520396","제과점영업","0","0","기타","","상수도전용","0","0","0","0","0","","0","0","N","39.5","","","",
"619","제과점영업","07_22_18_P","4281000","4281000-121-2025-00001","2025-03-26","","01","영업/정상","01","영업","","","","","033 3360814","1.00","","강원특별자치도 평창군 대관령면 횡계리 369-1 대관령농협 하나로마트","강원특별자치도 평창군 대관령면 대관령로 66, 대관령농협 하나로마트 1층","25345","더델리 베이커리 대관령농협점","2025-04-02 11:50:57","U","2025-04-04 02:40:00","제과점영업","350240.771130231","464825.771069434","제과점영업","0","1","","","","0","0","0","0","0","","0","0","N","1","","","",
"620","제과점영업","07_22_18_P","4291000","4291000-121-2009-00001","2009-02-02","","01","영업/정상","01","영업","","","","","033 563 0070","67.64","","강원특별자치도 정선군 정선읍 봉양리 342-3","강원특별자치도 정선군 정선읍 봉양6길 32","26130","파리바게뜨","2025-05-21 11:12:38","U","2025-05-23 02:40:00","제과점영업","347275.54807009","432218.348940744","제과점영업","0","0","","","","0","0","0","0","0","","0","0","N","67.64","","","",
"621","제과점영업","07_22_18_P","4291000","4291000-121-2010-00001","2010-11-22","","01","영업/정상","01","영업","","","","","033 592 9208","73.53","","강원특별자치도 정선군 고한읍 고한리 62-116","강원특별자치도 정선군 고한읍 고한로 151","26155","파리바게뜨 정선고한점","2023-07-14 10:24:32","U","2023-07-16 02:40:00","제과점영업","364448.898931401","412667.796664575","제과점영업","0","0","","","","0","0","0","0","0","","0","0","N","62.7","","","",
"622","제과점영업","07_22_18_P","4291000","4291000-121-2011-00001","2011-01-20","","01","영업/정상","01","영업","","","","","033 05917607","90.73","","강원특별자치도 정선군 사북읍 사북리 369-10","강원특별자치도 정선군 사북읍 사북중앙로 33","26153","파리바게트","2018-11-12 16:16:06","I","2023-06-13 00:00:00","제과점영업","361314.233641542","415470.179358953","제과점영업","0","0","기타","","상수도전용","0","0","0","0","0","","0","0","N","90.73","","","",
"623","제과점영업","07_22_18_P","4291000","4291000-121-2011-00002","2011-05-24","","01","영업/정상","01","영업","","","","","033 590 7155","73.94","","강원특별자치도 정선군 고한읍 산 1-139","강원특별자치도 정선군 고한읍 고한7길 399","26154","더브레드","2021-05-04 17:16:34","I","2023-06-13 00:00:00","제과점영업","363592.970612937","409600.862966256","제과점영업","0","0","","","","0","0","0","0","0","","0","0","N","73.94","","","",
"624","제과점영업","07_22_18_P","4291000","4291000-121-2019-00001","2019-07-24","","01","영업/정상","01","영업","","","","","","50.78","","강원특별자치도 정선군 정선읍 봉양리 69-9","강원특별자치도 정선군 정선읍 녹송로 57-11, 2층","26127","요나케이키","2019-08-09 11:19:18","I","2023-06-13 00:00:00","제과점영업","347862.070753021","432404.392314623","제과점영업","0","0","","","","0","0","0","0","0","","0","0","N","50.78","","","",
"625","제과점영업","07_22_18_P","4291000","4291000-121-2021-00001","2021-07-12","","01","영업/정상","01","영업","","","","","033 590 7631","37.50","","강원특별자치도 정선군 사북읍 사북리 424 강원랜드","강원특별자치도 정선군 사북읍 하이원길 265, 강원랜드","26154","운암정","2022-03-17 17:30:55","I","2023-06-13 00:00:00","제과점영업","361518.513221455","413851.267613498","제과점영업","0","0","","","","0","0","0","0","0","","0","0","N","37.5","","","",
"626","제과점영업","07_22_18_P","4291000","4291000-121-2021-00003","2021-11-03","","01","영업/정상","01","영업","","","","","033 590 7981","3.30","","강원특별자치도 정선군 고한읍 고한리 144-15","강원특별자치도 정선군 고한읍 하이원길 265-1, 마운틴탑, 3층","26154","구름담은 카페","2024-11-14 10:12:51","U","2024-11-16 02:40:00","제과점영업","362132.41883409","413191.345363797","제과점영업","0","0","","","","0","0","0","0","0","","0","0","N","3.3","","","",
"627","제과점영업","07_22_18_P","4291000","4291000-121-2022-00001","2022-03-17","","01","영업/정상","01","영업","","","","","","3.30","","강원특별자치도 정선군 고한읍 고한리 산 1-139 지하1층","","","하이랜드","2022-03-17 17:30:25","I","2023-06-13 00:00:00","제과점영업","","","제과점영업","0","0","","","상수도전용","0","0","0","0","0","","0","0","N","3.3","","","",
"628","제과점영업","07_22_18_P","4291000","4291000-121-2006-00002","2006-05-22","","01","영업/정상","01","영업","","","","","033 5928253","65.45","","강원특별자치도 정선군 고한읍 고한리 62-251","강원특별자치도 정선군 고한읍 고한4길 2","26155","이야기꽃","2021-01-13 13:44:57","I","2023-06-13 00:00:00","제과점영업","364417.658263998","412691.157612301","제과점영업","1","2","주택가주변","","상수도전용","0","0","0","0","0","","0","0","N","65.45","","","",
"629","제과점영업","07_22_18_P","4291000","4291000-121-2006-00003","2006-08-17","","01","영업/정상","01","영업","","","","","033 590 7601","947.82","","강원특별자치도 정선군 사북읍 사북리 424","강원특별자치도 정선군 사북읍 하이원길 265, 3층","26154","o.v(오브)","2021-06-24 10:51:46","I","2023-06-13 00:00:00","제과점영업","361518.513221455","413851.267613498","제과점영업","3","0","기타","","상수도전용","0","0","0","0","0","","0","0","Y","947.82","","","",
"630","제과점영업","07_22_18_P","4291000","4291000-121-2024-00002","2024-04-02","","01","영업/정상","01","영업","","","","","","24.32","","강원특별자치도 정선군 정선읍 봉양리 349-14","강원특별자치도 정선군 정선읍 봉양7길 45-1","26130","정선오일장 단팥빵 전문점(태양이네)","2024-04-02 12:11:48","I","2024-04-04 00:15:14","제과점영업","347431.075526395","432278.87372439","제과점영업","0","0","","","","0","0","0","0","0","","0","0","N","24.32","","","",
"631","제과점영업","07_22_18_P","4291000","4291000-121-2024-00003","2024-04-25","","01","영업/정상","01","영업","","","","","","53.88","","강원특별자치도 정선군 정선읍 봉양리 341-1","강원특별자치도 정선군 정선읍 봉양6길 27-1, 1층","26130","아리버거 베이커리","2024-04-25 15:37:28","I","2024-04-27 00:14:54","제과점영업","347242.933825907","432190.983629113","제과점영업","0","0","","","","0","0","0","0","0","","0","0","N","53.88","","","",
"632","제과점영업","07_22_18_P","4301000","4301000-121-1993-00018","1993-05-06","","01","영업/정상","01","영업","","","","","033 458 3838","29.75","","강원특별자치도 철원군 서면 1147-5","강원특별자치도 철원군 서면 와수로173번길 4-1","24059","르방베이커리","2023-01-04 10:21:41","I","2023-06-13 00:00:00","제과점영업","238295.504144786","526332.489897226","제과점영업","0","0","기타","","상수도전용","0","0","0","0","0","","0","0","N","29.75","","","",
"633","제과점영업","07_22_18_P","4301000","4301000-121-2000-00018","1995-12-08","","01","영업/정상","01","영업","","","","","033 4582032","57.00","","강원특별자치도 철원군 서면 와수리 1140-18","강원특별자치도 철원군 서면 와수로173번길 17","24059","파리바게트","2023-01-04 10:21:25","I","2023-06-13 00:00:00","제과점영업","238238.551233729","526289.605957509","제과점영업","0","0","기타","","상수도전용","0","0","0","0","0","","0","0","N","57","","","",
"634","제과점영업","07_22_18_P","4301000","4301000-121-2001-00052","1995-06-15","","01","영업/정상","01","영업","","","","","033 4559705","33.84","","강원특별자치도 철원군 동송읍 이평리 681-31","강원특별자치도 철원군 동송읍 금학로 219","24014","바게뜨베이커리","2012-07-06 13:48:13","I","2023-06-13 00:00:00","제과점영업","219011.539284445","522817.458458073","제과점영업","0","0","","","상수도전용","0","0","0","0","0","","0","0","N","33.84","","","",
"635","제과점영업","07_22_18_P","4301000","4301000-121-2001-00057","2001-09-14","","01","영업/정상","01","영업","","","","","033 4559797","26.35","","강원특별자치도 철원군 동송읍 이평리 679-22","강원특별자치도 철원군 동송읍 이평로 58","24011","하얏트베이커리","2023-01-09 09:49:56","I","2023-06-13 00:00:00","제과점영업","218990.40708517","522988.985602388","제과점영업","0","0","기타","","상수도전용","0","0","0","0","0","","0","0","N","26.35","","","",
"636","제과점영업","07_22_18_P","4301000","4301000-121-2003-00015","2003-08-26","","01","영업/정상","01","영업","","","","","033 4558211","127.37","","강원특별자치도 철원군 동송읍 이평리 705-18","강원특별자치도 철원군 동송읍 금학로 197-1","24018","파리바게뜨","2023-01-09 18:13:36","I","2023-06-13 00:00:00","제과점영업","219112.612408687","522631.064670832","제과점영업","1","1","기타","","상수도전용","0","0","0","0","0","","0","0","N","127.37","","","",
"637","제과점영업","07_22_18_P","4301000","4301000-121-2012-00001","2012-06-01","","01","영업/정상","01","영업","","","","","033 452 8240","71.48","","강원특별자치도 철원군 갈말읍 지포리 47-5","강원특별자치도 철원군 갈말읍 명성로149번길 2","24043","파리바게뜨신철원터미널점","2020-10-19 10:25:35","I","2023-06-13 00:00:00","제과점영업","226901.54156521","515844.015080406","제과점영업","0","0","","","상수도전용","0","0","0","0","0","","0","0","N","71.48","","","",
"638","제과점영업","07_22_18_P","4301000","4301000-121-2012-00002","2012-07-24","","01","영업/정상","01","영업","","","","","","42.83","","강원특별자치도 철원군 갈말읍 신철원리 678-2 갈말농협하나로마트내","강원특별자치도 철원군 갈말읍 삼부연로17번길 6","24042","이은영 빵공방","2021-07-23 10:14:32","I","2023-06-13 00:00:00","제과점영업","227095.273176759","515944.195278678","제과점영업","0","0","","","상수도전용","0","0","0","0","0","","0","0","N","42.83","","","",
"639","제과점영업","07_22_18_P","4301000","4301000-121-2017-00001","2017-08-30","","01","영업/정상","01","영업","","","","","033 4555144","39.43","","강원특별자치도 철원군 동송읍 이평리 713-7 713-15번지","강원특별자치도 철원군 동송읍 금학로 166","24017","(주)모락모락","2018-07-18 11:42:19","I","2023-06-13 00:00:00","제과점영업","219282.551970362","522349.350819831","제과점영업","0","0","","","상수도전용","0","0","0","0","0","","0","0","N","39.43","","","",
"640","제과점영업","07_22_18_P","4301000","4301000-121-2024-00002","2024-05-09","","01","영업/정상","01","영업","","","","","","66.24","","강원특별자치도 철원군 동송읍 이평리 854-64","강원특별자치도 철원군 동송읍 이평로 70-2, 1층","24012","푸키포키","2024-05-09 15:59:18","I","2024-05-11 00:14:42","제과점영업","218861.177475922","522950.677544476","제과점영업","0","1","기타","기타","","0","0","0","0","0","","0","0","N","66.24","","","",
"641","제과점영업","07_22_18_P","4301000","4301000-121-2024-00001","2024-03-20","","01","영업/정상","01","영업","","","","","033 4555144","110.28","","강원특별자치도 철원군 동송읍 이평리 713-7","강원특별자치도 철원군 동송읍 금학로 166","24017","(주)모락모락","2024-03-20 16:07:35","I","2024-03-22 00:15:24","제과점영업","219282.551970362","522349.350819831","제과점영업","0","0","","","상수도전용","0","0","0","0","0","","0","0","N","110.28","","","",
"642","제과점영업","07_22_18_P","4301000","4301000-121-2025-00001","2025-03-06","","01","영업/정상","01","영업","","","","","","45.77","","강원특별자치도 철원군 동송읍 이평리 704-16","강원특별자치도 철원군 동송읍 이평2로 14","24017","하이빵","2025-03-26 11:07:13","U","2025-03-28 02:40:00","제과점영업","219276.113407794","522598.469112606","제과점영업","0","0","","","상수도전용","0","0","0","0","0","","0","0","N","45.77","","","",
"643","제과점영업","07_22_18_P","4311000","4311000-121-2006-00003","2006-10-10","","01","영업/정상","01","영업","","","","","033 4417878","81.98","","강원특별자치도 화천군 화천읍 하리 48-16 외1필지(1,2층)","강원특별자치도 화천군 화천읍 중앙로 20","24127","뚜레쥬르","2021-08-18 18:05:57","I","2023-06-13 00:00:00","제과점영업","261863.936868652","511492.189636364","제과점영업","0","0","","","","0","0","0","0","0","","0","0","N","81.98","","","",
"644","제과점영업","07_22_18_P","4311000","4311000-121-2018-00003","2018-12-31","","01","영업/정상","01","영업","","","","","033 4429800","28.56","","강원특별자치도 화천군 화천읍 아리 220-2 좋은문구 옆","강원특별자치도 화천군 화천읍 산수화로1길 55-4","24119","커피나무","2022-12-06 20:49:25","I","2023-06-13 00:00:00","제과점영업","262128.538133989","511739.645420287","제과점영업","0","0","","","","0","0","0","0","0","","0","0","N","28.56","","","",
"645","제과점영업","07_22_18_P","4311000","4311000-121-1981-00005","1981-08-10","","01","영업/정상","01","영업","","","","","033 4414404","59.45","","강원특별자치도 화천군 사내면 사창리 456-13 1통3반","강원특별자치도 화천군 사내면 사내로 40-2","24154","파리바게트화천2호점","2021-08-18 18:05:19","I","2023-06-13 00:00:00","제과점영업","245679.749380612","507763.208963517","제과점영업","0","0","","","상수도전용","0","0","0","0","0","","0","0","N","59.45","","","",
"646","제과점영업","07_22_18_P","4311000","4311000-121-1994-00002","1994-12-27","","01","영업/정상","01","영업","","","","","033 4410082","45.00","","강원특별자치도 화천군 화천읍 아리 47-18 2통1반","강원특별자치도 화천군 화천읍 중앙로 15","24124","파리바게뜨","2021-08-18 18:05:42","I","2023-06-13 00:00:00","제과점영업","261854.251156344","511533.196325529","제과점영업","0","0","기타","","상수도전용","0","0","0","0","0","","0","0","N","45","","","",
"647","제과점영업","07_22_18_P","4321000","4321000-121-2007-00001","2007-10-15","","01","영업/정상","01","영업","","","","","033 482 9989","63.74","","강원특별자치도 양구군 양구읍 상리 333-1","강원특별자치도 양구군 양구읍 중앙길 18","24525","뚜레쥬르","2015-11-10 13:46:34","I","2023-06-13 00:00:00","제과점영업","286684.907892027","511996.03764134","제과점영업","0","0","","","상수도전용","0","0","0","0","0","","0","0","N","63.74","","","",
"648","제과점영업","07_22_18_P","4321000","4321000-121-2009-00001","2009-03-11","","01","영업/정상","01","영업","","","","","033 482 3030","92.40","","강원특별자치도 양구군 양구읍 상리 333-8","강원특별자치도 양구군 양구읍 중앙길 12","24525","파리바게트","2018-05-03 18:16:03","I","2023-06-13 00:00:00","제과점영업","286680.477114721","512025.733227393","제과점영업","1","1","","","상수도전용","0","0","0","0","0","","0","0","N","92.4","","","",
"649","제과점영업","07_22_18_P","4321000","4321000-121-2010-00001","2010-11-29","","01","영업/정상","01","영업","","","","","033 481 0555","36.99","","강원특별자치도 양구군 양구읍 상리 206-2","강원특별자치도 양구군 양구읍 청춘로 7","24542","케익하우스몽마","2021-05-12 13:16:48","I","2023-06-13 00:00:00","제과점영업","286645.487616296","511461.229153995","제과점영업","2","0","","","상수도전용","0","0","0","0","0","","0","0","N","36.99","","","",
"650","제과점영업","07_22_18_P","4321000","4321000-121-2018-00001","2018-07-16","","01","영업/정상","01","영업","","","","","033 481 9040","13.11","","강원특별자치도 양구군 양구읍 정림리 315-24","강원특별자치도 양구군 양구읍 박수근로257번길 2-9","24549","모퉁이","2019-01-28 11:02:18","I","2023-06-13 00:00:00","제과점영업","286102.923926848","510699.714621035","제과점영업","0","1","","","상수도전용","0","0","0","0","0","","0","0","N","13.11","","","",
"651","제과점영업","07_22_18_P","4321000","4321000-121-2019-00001","2019-07-25","","01","영업/정상","01","영업","","","","","","69.00","","강원특별자치도 양구군 양구읍 상리 575","강원특별자치도 양구군 양구읍 청춘로 73-20","24543","B&C 베이커리","2020-01-03 13:15:21","I","2023-06-13 00:00:00","제과점영업","286992.614945612","510884.931504575","제과점영업","0","0","","","상수도전용","0","0","0","0","0","","0","0","N","69","","","",
"652","제과점영업","07_22_18_P","4321000","4321000-121-2023-00001","2023-10-17","","01","영업/정상","01","영업","","","","","","49.50","","강원특별자치도 양구군 양구읍 상리 227-82","강원특별자치도 양구군 양구읍 해시계로 15","24532","케키코 KEKIKO","2023-10-17 10:52:21","I","2023-10-19 00:17:36","제과점영업","","","제과점영업","0","0","","","","0","0","0","0","0","","0","0","N","49.5","","","",
"653","제과점영업","07_22_18_P","4331000","4331000-121-1989-00001","1989-01-25","","01","영업/정상","01","영업","","","","","033 4617578","23.25","","강원특별자치도 인제군 기린면 현리 651-1","강원특별자치도 인제군 기린면 기린로 33-1","24659","독일제과","2022-11-29 17:51:10","I","2023-06-13 00:00:00","제과점영업","315718.28449672","495557.806089538","제과점영업","0","0","주택가주변","자율","상수도전용","0","0","0","0","0","","0","0","N","23.25","","","",
"654","제과점영업","07_22_18_P","4331000","4331000-121-2005-00002","2005-03-17","","01","영업/정상","01","영업","","","","","033 4619550","59.18","","강원특별자치도 인제군 북면 원통리 645-20","강원특별자치도 인제군 북면 원통로 172","24619","파리바게트","2021-03-08 14:59:26","I","2023-06-13 00:00:00","제과점영업","305470.935357527","513952.377468506","제과점영업","0","0","","","상수도전용","0","0","0","0","0","","0","0","N","59.18","","","",
"655","제과점영업","07_22_18_P","4331000","4331000-121-2005-00010","2005-10-04","","01","영업/정상","01","영업","","","","","033 4625145","42.00","","강원특별자치도 인제군 북면 한계리 1023-2","강원특별자치도 인제군 북면 미시령로 13","24607","용대찐빵","2023-06-15 10:00:29","U","2023-06-17 02:40:00","제과점영업","309918.217488325","516015.527269347","제과점영업","0","0","기타","자율","상수도전용","0","0","0","0","0","","0","0","N","42","","","",
"656","제과점영업","07_22_18_P","4331000","4331000-121-2010-00001","2010-01-20","","01","영업/정상","01","영업","","","","","033 461 2572","33.84","","강원특별자치도 인제군 인제읍 상동리 254-1","강원특별자치도 인제군 인제읍 비봉로 23","24635","빵실빵실 베이커리","2022-10-24 17:16:53","I","2023-06-13 00:00:00","제과점영업","302932.948705215","507827.115756409","제과점영업","0","0","기타","자율","상수도전용","0","0","0","0","0","","0","0","N","33.84","","","",
"657","제과점영업","07_22_18_P","4331000","4331000-121-2012-00001","2012-02-27","","01","영업/정상","01","영업","","","","","033 461 9025","38.70","","강원특별자치도 인제군 남면 신남리 344-2","강원특별자치도 인제군 남면 신남로58번길 13","24649","빵이 익어가는 작은마을 쁘숑","2017-01-05 11:03:14","I","2023-06-13 00:00:00","제과점영업","294944.339415395","496630.561962735","제과점영업","0","0","기타","자율","상수도전용","0","0","0","0","0","","0","0","N","38.7","","","",
"658","제과점영업","07_22_18_P","4331000","4331000-121-2014-00002","2014-11-28","","01","영업/정상","01","영업","","","","","","62.70","","강원특별자치도 인제군 인제읍 상동리 425-10","강원특별자치도 인제군 인제읍 비봉로44번길 26","24634","갈레트","2019-12-31 13:41:59","I","2023-06-13 00:00:00","제과점영업","302796.498133633","507507.208178265","제과점영업","0","0","","","상수도전용","0","0","0","0","0","","0","0","N","62.7","","","",
"659","제과점영업","07_22_18_P","4331000","4331000-121-2017-00001","2017-09-19","","01","영업/정상","01","영업","","","","","033 4639588","39.22","","강원특별자치도 인제군 인제읍 상동리 426-7","강원특별자치도 인제군 인제읍 인제로178번길 48","24634","베이커리 인제당","2022-04-11 10:53:39","I","2023-06-13 00:00:00","제과점영업","302891.10026627","507515.265711639","제과점영업","0","0","","","상수도전용","0","0","0","0","0","","0","0","N","39.22","","","",
"660","제과점영업","07_22_18_P","4331000","4331000-121-2019-00001","2019-02-20","","01","영업/정상","01","영업","","","","","033 463 6009","116.65","","강원특별자치도 인제군 인제읍 상동리 359-19","강원특별자치도 인제군 인제읍 비봉로 9-1","24635","파리바게트 인제점","2019-03-19 19:52:29","I","2023-06-13 00:00:00","제과점영업","302841.987710151","507927.974259613","제과점영업","0","0","","","상수도전용","0","0","0","0","0","","0","0","N","116.65","","","",
"661","제과점영업","07_22_18_P","4331000","4331000-121-2023-00001","2023-04-18","","01","영업/정상","01","영업","","","","","","40.00","","강원특별자치도 인제군 북면 원통리 658-45","강원특별자치도 인제군 북면 원통로147번길 45, 1층","24612","오식빵","2023-05-13 10:53:16","I","2023-06-13 00:00:00","제과점영업","305533.468920821","514144.633900799","제과점영업","0","0","","","상수도전용","0","0","0","0","0","","0","0","N","40","","","",
"662","제과점영업","07_22_18_P","4331000","4331000-121-2024-00003","2024-09-19","","01","영업/정상","01","영업","","","","","","150.67","","강원특별자치도 인제군 서화면 천도리 630-5","강원특별자치도 인제군 서화면 천도로 118","24601","천도빵집","2025-04-21 14:28:00","U","2025-04-23 02:40:00","제과점영업","305816.102386742","525095.648713553","제과점영업","0","0","","","","0","0","0","0","0","","0","0","N","150.67","","","",
"663","제과점영업","07_22_18_P","4331000","4331000-121-2024-00002","2024-08-14","","01","영업/정상","01","영업","","","","","","105.06","","강원특별자치도 인제군 기린면 현리 684-3","강원특별자치도 인제군 기린면 내린천로 4002-1","24659","삼일육십오도씨(3日65℃)","2024-08-14 15:43:17","I","2024-08-17 00:13:21","제과점영업","315626.132750262","495363.829033679","제과점영업","0","0","","","","0","0","0","0","0","","0","0","N","105.06","","","",
"664","제과점영업","07_22_18_P","4331000","4331000-121-2024-00001","2024-05-13","","01","영업/정상","01","영업","","","","","","18.40","","강원특별자치도 인제군 북면 원통리 731-26","강원특별자치도 인제군 북면 원통로147번길 25","24612","옥시기당","2024-05-23 13:09:03","U","2024-05-25 02:40:00","제과점영업","305389.883858865","513996.215803264","제과점영업","0","0","","","상수도전용","0","0","0","0","0","","0","0","N","18.4","","","",
"665","제과점영업","07_22_18_P","4331000","4331000-121-2025-00002","2025-08-25","","01","영업/정상","01","영업","","","","","","28.80","","강원특별자치도 인제군 남면 상수내리 250-2 해바라기마을 힐링쉼터","강원특별자치도 인제군 남면 상수내길 61, 해바라기마을 힐링쉼터","24647","수내뜰썬플라워","2025-08-25 11:53:20","I","2025-08-27 00:20:02","제과점영업","293084.412037343","496233.265719911","제과점영업","0","0","","","","0","0","0","0","0","","0","0","N","28.8","","","",
"666","제과점영업","07_22_18_P","4331000","4331000-121-2025-00001","2025-07-08","","01","영업/정상","01","영업","","","","","033462 4805","95.00","","강원특별자치도 인제군 북면 용대리 182-9 용대3리마을회관","강원특별자치도 인제군 북면 황태길 382, 용대3리마을회관 2층","24605","황태마을사회적협동조합","2025-07-22 13:03:47","U","2025-07-24 02:40:00","제과점영업","319852.918676916","525087.201210456","제과점영업","0","0","","","","0","0","0","0","0","","0","0","N","95","","","",
"667","제과점영업","07_22_18_P","4341000","4341000-121-2019-00001","2019-04-30","","01","영업/정상","01","영업","","","","","","22.54","","강원특별자치도 고성군 간성읍 하리 19-2","강원특별자치도 고성군 간성읍 간성로 65-1","24736","빵드림","2019-04-30 13:42:56","I","2023-06-13 00:00:00","제과점영업","328177.055446425","542814.419972091","제과점영업","0","0","","","상수도전용","0","0","0","0","0","","0","0","N","22.54","","","",
"668","제과점영업","07_22_18_P","4341000","4341000-121-2020-00001","2020-05-08","","01","영업/정상","01","영업","","","","","033 635 9399","89.91","","강원특별자치도 고성군 토성면 봉포리 40-19","강원특별자치도 고성군 토성면 동해대로 4830-5","24765","고성군 로컬푸드 베이커리","2022-12-20 13:39:26","I","2023-06-13 00:00:00","제과점영업","337379.542984254","527984.32083275","제과점영업","0","0","기타","","상수도전용","0","0","0","0","0","","0","0","N","89.91","","","",
"669","제과점영업","07_22_18_P","4341000","4341000-121-2021-00002","2021-06-24","","01","영업/정상","01","영업","","","","","","164.10","","강원특별자치도 고성군 토성면 천진리 1-6","강원특별자치도 고성군 토성면 토성로 111","24764","브레드 팜(Bread Farm) 빵농장고성점","2025-09-15 17:57:07","U","2025-09-17 02:40:00","제과점영업","336572.631035929","529209.336413841","제과점영업","0","0","","","상수도전용","0","0","0","0","0","","0","0","N","164.1","","","",
"670","제과점영업","07_22_18_P","4341000","4341000-121-2021-00003","2021-12-09","","01","영업/정상","01","영업","","","","","033 633 9616","106.95","","강원특별자치도 고성군 거진읍 거진리 427-18","강원특별자치도 고성군 거진읍 거탄진로 33-4, 1층","24720","금강산브레드","2021-12-09 11:53:43","I","2023-06-13 00:00:00","제과점영업","326610.040836425","549411.520135781","제과점영업","0","0","","","상수도전용","0","0","0","0","0","","0","0","N","106.95","","","",
"671","제과점영업","07_22_18_P","4341000","4341000-121-2022-00001","2022-02-23","","01","영업/정상","01","영업","","","","","033 633 5839","50.96","","강원특별자치도 고성군 토성면 봉포리 산 81-4","강원특별자치도 고성군 토성면 학사촌길 97","24764","쁘띠르뽀미에 토성농협점","2025-08-11 17:41:30","U","2025-08-13 02:40:00","제과점영업","336420.083901619","529116.179242901","제과점영업","0","0","","","","0","0","0","0","0","","0","0","N","50.96","","","",
"672","제과점영업","07_22_18_P","4341000","4341000-121-1987-00002","1987-09-04","","01","영업/정상","01","영업","","","","","033  6813773","84.00","","강원특별자치도 고성군 간성읍 신안리 225 김가네김밥","강원특별자치도 고성군 간성읍 간성로 43","24736","에펠제과점","2023-12-13 17:03:13","U","2023-12-15 02:40:00","제과점영업","328400.372106171","542784.118969578","제과점영업","0","0","","","상수도전용","0","0","0","0","0","","0","0","N","84","","","",
"673","제과점영업","07_22_18_P","4341000","4341000-121-1990-00002","1990-01-15","","01","영업/정상","01","영업","","","","","033  6314834","30.80","","강원특별자치도 고성군 죽왕면 오호리 181-3","강원특별자치도 고성군 죽왕면 동해대로 5892","24747","뉴욕제과점","2023-12-13 17:10:24","U","2023-12-15 02:40:00","제과점영업","333261.034481632","537252.255720856","제과점영업","0","0","","","상수도전용","0","0","0","0","0","","0","0","N","30.8","","","",
"674","제과점영업","07_22_18_P","4341000","4341000-121-2000-00009","2000-12-19","","01","영업/정상","01","영업","","","","","033 682 2316","52.30","","강원특별자치도 고성군 거진읍 거진리 281-5","강원특별자치도 고성군 거진읍 거진길 40","24717","파리바게트","2023-12-13 17:11:11","U","2023-12-15 02:40:00","제과점영업","326953.342564034","550349.053294211","제과점영업","0","0","기타","","상수도전용","0","0","0","0","0","","0","0","N","52.3","","","",
"675","제과점영업","07_22_18_P","4341000","4341000-121-2004-00004","2004-08-24","","01","영업/정상","01","영업","","","","","033 6818910","111.81","","강원특별자치도 고성군 간성읍 신안리 245","강원특별자치도 고성군 간성읍 간성로 37-1","24736","파리바게트","2019-01-11 10:06:08","I","2023-06-13 00:00:00","제과점영업","328453.612507812","542772.623608163","제과점영업","0","0","기타","","","0","0","0","0","0","","0","0","N","111.81","","","",
"676","제과점영업","07_22_18_P","4341000","4341000-121-2012-00001","2012-08-08","","01","영업/정상","01","영업","","","","","033 639 8441","99.72","","","강원특별자치도 고성군 토성면 미시령옛길 1153","24768","베이커리앤카페(BAKERY&CAFE)","2025-05-09 17:13:20","U","2025-05-11 02:40:00","제과점영업","331116.910496187","524073.824015649","제과점영업","0","0","","","","0","0","0","0","0","","0","0","N","99.72","","","",
"677","제과점영업","07_22_18_P","4341000","4341000-121-2013-00001","2013-03-26","","01","영업/정상","01","영업","","","","","033 639 8444","10.98","","","강원특별자치도 고성군 토성면 미시령옛길 1153","24768","스타트하우스 제과점","2025-05-09 17:07:48","U","2025-05-11 02:40:00","제과점영업","331116.910496187","524073.824015649","제과점영업","0","0","","","","0","0","0","0","0","","0","0","N","10.98","","","",
"678","제과점영업","07_22_18_P","4341000","4341000-121-2024-00001","2024-09-26","","01","영업/정상","01","영업","","","","","","13.00","","강원특별자치도 고성군 토성면 봉포리 381","강원특별자치도 고성군 토성면 광포1길 7, 105동 1층 102호","24765","정담은","2024-09-26 14:43:21","I","2024-09-28 00:12:44","제과점영업","336958.427900624","528399.701228777","제과점영업","0","0","","","","0","0","0","0","0","","0","0","N","13","","","",
"679","제과점영업","07_22_18_P","4341000","4341000-121-2025-00003","2025-06-12","","01","영업/정상","01","영업","","","","","","21.15","","강원특별자치도 고성군 죽왕면 문암진리 81-12","강원특별자치도 고성군 죽왕면 문암항2길 8-3","24752","고성무끼","2025-06-12 16:51:15","I","2025-06-15 00:20:02","제과점영업","335123.838572438","534357.832983344","제과점영업","0","0","","","","0","0","0","0","0","","0","0","N","21.15","","","",
"680","제과점영업","07_22_18_P","4341000","4341000-121-2025-00004","2025-06-12","","01","영업/정상","01","영업","","","","","","40.43","","강원특별자치도 고성군 죽왕면 문암진리 78","강원특별자치도 고성군 죽왕면 문암항2길 8-4","24752","무끼(mukki)","2025-06-12 16:51:47","I","2025-06-15 00:20:02","제과점영업","335117.261430326","534386.858586702","제과점영업","0","0","","","","0","0","0","0","0","","0","0","N","40.43","","","",
"681","제과점영업","07_22_18_P","4341000","4341000-121-2025-00002","2025-01-20","","01","영업/정상","01","영업","","","","","","87.24","","강원특별자치도 고성군 토성면 청간리 46-15","강원특별자치도 고성군 토성면 청간정길 43","24758","노메드","2025-01-20 11:26:16","I","2025-01-22 00:11:07","제과점영업","336150.09456738","530499.789683793","제과점영업","0","0","","","","0","0","0","0","0","","0","0","N","87.24","","","",
"682","제과점영업","07_22_18_P","4341000","4341000-121-2024-00002","2024-12-16","","01","영업/정상","01","영업","","","","","033 6330123","42.00","","강원특별자치도 고성군 토성면 천진리 179-12","강원특별자치도 고성군 토성면 토성로 123","24764","토성로 123 카페","2025-04-18 17:27:26","U","2025-04-20 02:40:00","제과점영업","336502.805936673","529299.836073234","제과점영업","0","0","","","","0","0","0","0","0","","0","0","N","84","","","",
"683","제과점영업","07_22_18_P","4341000","4341000-121-2025-00001","2025-01-20","","01","영업/정상","01","영업","","","","","","179.49","","강원특별자치도 고성군 토성면 청간리 46-12","강원특별자치도 고성군 토성면 청간정길 43-1","24758","노메드 고성","2025-01-20 11:22:01","I","2025-01-22 00:11:07","제과점영업","336136.874636933","530520.416161822","제과점영업","0","0","","","","0","0","0","0","0","","0","0","N","179.49","","","",
"684","제과점영업","07_22_18_P","4351000","4351000-121-2023-00001","2023-07-21","","01","영업/정상","01","영업","","","","","033671 5812","66.70","","강원특별자치도 양양군 강현면 물치리 126-11","강원특별자치도 양양군 강현면 물치천로 14","25061","물치 베이커리","2025-04-23 14:50:49","U","2025-04-25 02:40:00","제과점영업","340693.912244024","517983.699145683","제과점영업","0","0","","","","0","0","0","0","0","","0","0","N","66.7","","","",
"685","제과점영업","07_22_18_P","4351000","4351000-121-1989-00001","1989-05-04","","01","영업/정상","01","영업","","","","","033 6713006","71.41","","강원특별자치도 양양군 양양읍 남문리 18-7","강원특별자치도 양양군 양양읍 양양로 61-1","25030","고려당","2022-12-01 14:08:21","I","2023-06-13 00:00:00","제과점영업","342286.497554076","509294.254353904","제과점영업","1","1","기타","기타","상수도전용","0","0","0","0","0","","0","0","N","71.41","","","",
"686","제과점영업","07_22_18_P","4351000","4351000-121-1997-00002","1997-02-13","","01","영업/정상","01","영업","","","","","033 6718254","87.54","","강원특별자치도 양양군 양양읍 연창리 183-26","강원특별자치도 양양군 양양읍 양양로 17","25031","파리바게트","2018-10-31 14:16:34","I","2023-06-13 00:00:00","제과점영업","342635.740957177","509581.602444112","제과점영업","0","1","기타","기타","상수도전용","0","0","0","0","0","","0","0","N","87.54","","","",
"687","제과점영업","07_22_18_P","4351000","4351000-121-2003-00003","2003-07-12","","01","영업/정상","01","영업","","","","","033 6713379","42.33","","강원특별자치도 양양군 양양읍 남문리 40","강원특별자치도 양양군 양양읍 양양로 43","25030","빵과함께하는사람들","2021-08-03 14:37:14","I","2023-06-13 00:00:00","제과점영업","342430.986914891","509390.473041024","제과점영업","3","0","주택가주변","","","0","0","0","0","0","","0","0","N","42.33","","","",
"688","제과점영업","07_22_18_P","4351000","4351000-121-2010-00001","2010-09-02","","01","영업/정상","01","영업","","","","","033 673 2026","63.91","","강원특별자치도 양양군 양양읍 남문리 48-7 외7필지","강원특별자치도 양양군 양양읍 남문3길 11-2","25030","뚜레쥬르 양양점","2011-11-16 20:25:03","I","2023-06-13 00:00:00","제과점영업","342440.976985788","509273.536515933","제과점영업","1","1","기타","","상수도전용","0","0","0","0","0","","0","0","N","63.91","","","",
"689","제과점영업","07_22_18_P","4351000","4351000-121-2016-00001","2016-05-03","","01","영업/정상","01","영업","","","","","033 673 0009","58.46","","강원특별자치도 양양군 강현면 물치리 66-14","강원특별자치도 양양군 강현면 물치1길 29","25061","함's 베이커리","2016-05-03 13:21:27","I","2023-06-13 00:00:00","제과점영업","340837.954953035","518056.030998214","제과점영업","0","0","","","상수도전용","0","0","0","0","0","","0","0","N","58.46","","","",
"690","제과점영업","07_22_18_P","4351000","4351000-121-2017-00001","2017-12-26","","01","영업/정상","01","영업","","","","","033 670 3750","96.14","","강원특별자치도 양양군 손양면 오산리 23-4 대명쏠비치호텔&리조트","강원특별자치도 양양군 손양면 선사유적로 678, 대명쏠비치호텔&리조트 1층","25042","엘사보르 베이커리","2025-05-07 16:24:23","U","2025-05-09 02:40:00","제과점영업","346081.821183714","510801.113602134","제과점영업","0","0","기타","","상수도전용","0","0","0","0","0","","0","0","N","96.14","","","",
"691","제과점영업","07_22_18_P","4351000","4351000-121-2019-00001","2019-04-29","","01","영업/정상","01","영업","","","","","033 672 9204","69.86","","강원특별자치도 양양군 양양읍 남문리 46-8","강원특별자치도 양양군 양양읍 남문3길 11-5","25030","오빵쇼","2019-04-29 10:16:00","I","2023-06-13 00:00:00","제과점영업","342429.004503155","509315.659102254","제과점영업","0","0","","","","0","0","0","0","0","","0","0","N","69.86","","","",
"692","제과점영업","07_22_18_P","4351000","4351000-121-2019-00002","2019-04-30","","01","영업/정상","01","영업","","","","","033 670 7821","97.60","","강원특별자치도 양양군 손양면 동호리 510-6 외4필지","","","설해 베이커리","2025-06-18 14:22:49","U","2025-06-20 02:40:00","제과점영업","345737.057727645","506921.35106568","제과점영업","0","0","","","지하수전용","0","0","0","0","0","","0","0","N","97.6","","","",
"693","제과점영업","07_22_18_P","4351000","4351000-121-2019-00003","2019-12-11","","01","영업/정상","01","영업","","","","","","60.47","","강원특별자치도 양양군 양양읍 남문리 210-36","강원특별자치도 양양군 양양읍 일출로 570","25030","코코양양","2019-12-11 12:23:41","I","2023-06-13 00:00:00","제과점영업","342475.439522498","509199.918565099","제과점영업","0","0","","","","0","0","0","0","0","","0","0","N","60.47","","","",
"694","제과점영업","07_22_18_P","4351000","4351000-121-2020-00001","2020-04-20","","01","영업/정상","01","영업","","","","","","67.54","","강원특별자치도 양양군 양양읍 남문리 97-11","강원특별자치도 양양군 양양읍 양양로 70, 1층","25023","봉희당","2023-12-07 14:53:41","U","2023-12-09 02:40:00","제과점영업","342221.581967809","509286.970570374","제과점영업","0","0","","","","0","0","0","0","0","","0","0","N","67.54","","","",
"695","제과점영업","07_22_18_P","4351000","4351000-121-2021-00001","2021-01-08","","01","영업/정상","01","영업","","","","","","1042.49","","강원특별자치도 양양군 강현면 용호리 2-11","강원특별자치도 양양군 강현면 동해대로 3294 (지하1층~3층)","25004","바다뷰 제빵소","2025-10-24 16:22:54","U","2025-10-26 02:40:00","제과점영업","342039.079934104","515739.840359467","제과점영업","0","0","","","상수도전용","0","0","0","0","0","","0","0","Y","499.26","","","",
"696","제과점영업","07_22_18_P","4351000","4351000-121-2021-00002","2021-06-17","","01","영업/정상","01","영업","","","","","","113.80","","강원특별자치도 양양군 강현면 전진리 71","강원특별자치도 양양군 강현면 뒷나루1길 4","25004","컨센트릭 양양","2022-07-18 10:45:00","I","2023-06-13 00:00:00","제과점영업","342193.237134885","515101.988246582","제과점영업","0","0","","","상수도전용","0","0","0","0","0","","0","0","N","113.8","","","",
"697","제과점영업","07_22_18_P","4181000","4181000-121-2002-00002","2002-06-19","","03","폐업","02","폐업","2008-03-26","","","","033 2638859","70.77","","강원특별자치도 춘천시 칠전동 590-7 (1층)","","","종훈이네빵굽는작은마을","2006-10-09 00:00:00","I","2023-06-13 00:00:00","제과점영업","262680.317626698","482360.321654958","제과점영업","0","0","주택가주변","","상수도전용","0","0","0","0","0","","0","0","N","70.77","","","",
"698","제과점영업","07_22_18_P","4181000","4181000-121-2002-00003","2002-08-22","","03","폐업","02","폐업","2009-01-15","","","","033 2543304","32.48","","강원특별자치도 춘천시 석사동 00 주공5A 상가105호","","","빠리지엥 안병웅","2002-08-22 00:00:00","I","2023-06-13 00:00:00","제과점영업","","","제과점영업","0","0","아파트지역","","상수도전용","0","0","0","0","0","","0","0","N","32.48","","","",
"699","제과점영업","07_22_18_P","4181000","4181000-121-2002-00004","2002-10-23","","03","폐업","02","폐업","2009-08-26","","","","033 2448837","16.93","","강원특별자치도 춘천시 옥천동 1","","","고려당 한림대 특판점","2002-10-23 00:00:00","I","2023-06-13 00:00:00","제과점영업","264548.443504906","487261.17884438","제과점영업","0","0","기타","","상수도전용","0","0","0","0","0","","0","0","N","16.93","","","",
"700","제과점영업","07_22_18_P","4181000","4181000-121-2002-00005","2002-10-24","","03","폐업","02","폐업","2008-09-17","","","","033 2556008","67.61","","강원특별자치도 춘천시 효자동 315-1 (2동)","","","백령 베이커리","2002-10-24 00:00:00","I","2023-06-13 00:00:00","제과점영업","264699.215560367","485034.098772678","제과점영업","0","0","기타","","상수도전용","0","0","0","0","0","","0","0","N","67.61","","","",
"701","제과점영업","07_22_18_P","4181000","4181000-121-2002-00007","2002-10-28","","03","폐업","02","폐업","2007-04-11","","","","","38.80","","강원특별자치도 춘천시 석사동 663-7","","","동큐제과","2002-10-28 00:00:00","I","2023-06-13 00:00:00","제과점영업","265331.567652482","484163.111289087","제과점영업","0","0","주택가주변","","상수도전용","0","0","0","0","0","","0","0","N","38.8","","","",
"702","제과점영업","07_22_18_P","4181000","4181000-121-2002-00008","2002-11-05","","03","폐업","02","폐업","2006-12-28","","","","033 2412283","28.73","","강원특별자치도 춘천시 사농동 158-1 현대A상가103호","","","팡스케잌하우스","2004-04-29 00:00:00","I","2023-06-13 00:00:00","제과점영업","263467.723493815","490227.794403809","제과점영업","0","0","기타","","상수도전용","0","0","0","0","0","","0","0","N","28.73","","","",
"703","제과점영업","07_22_18_P","4181000","4181000-121-2002-00009","2002-12-04","","03","폐업","02","폐업","2007-04-11","","","","","26.32","","강원특별자치도 춘천시 후평동 807-11 (3동)","","","사브리나","2002-12-04 00:00:00","I","2023-06-13 00:00:00","제과점영업","266334.157127376","486259.621023237","제과점영업","0","0","주택가주변","","상수도전용","0","0","0","0","0","","0","0","N","26.32","","","",
"704","제과점영업","07_22_18_P","4181000","4181000-121-2002-00010","2002-05-18","","03","폐업","02","폐업","2011-12-06","","","","033 2559116","31.33","","강원특별자치도 춘천시 칠전동 0 대우2차A상가 103호","","","크라운베이커리","2003-07-22 00:00:00","I","2023-06-13 00:00:00","제과점영업","","","제과점영업","0","0","아파트지역","","상수도전용","0","0","0","0","0","","0","0","N","31.33","","","",
"705","제과점영업","07_22_18_P","4181000","4181000-121-2003-00001","2003-04-14","","03","폐업","02","폐업","2011-04-22","","","","033 2620441","52.92","","강원특별자치도 춘천시 석사동 818-1","","","뚜레쥬르석사점","2010-03-09 14:23:15","I","2023-06-13 00:00:00","제과점영업","265304.483032963","484025.866728842","제과점영업","0","0","기타","","상수도전용","0","0","0","0","0","","0","0","N","52.92","","","",
"706","제과점영업","07_22_18_P","4181000","4181000-121-2003-00002","2003-04-17","","03","폐업","02","폐업","2012-08-27","","","","033 256 0498","33.32","","강원특별자치도 춘천시 효자동 631-14","강원특별자치도 춘천시 백령로138번길 49 (효자동)","24287","케익하우스팡스","2011-11-24 13:05:22","I","2023-06-13 00:00:00","제과점영업","265494.815318604","485874.37179323","제과점영업","0","0","주택가주변","","상수도전용","0","0","0","0","0","","0","0","N","33.32","","","",
"707","제과점영업","07_22_18_P","4181000","4181000-121-2003-00004","2003-09-30","","03","폐업","02","폐업","2008-02-28","","","","033 2577336","32.55","","강원특별자치도 춘천시 후평동 67-54 (2동)","","","빵아저씨네베이커리","2003-09-30 00:00:00","I","2023-06-13 00:00:00","제과점영업","265649.487931353","486252.884378639","제과점영업","0","0","주택가주변","","","0","0","0","0","0","","0","0","N","32.55","","","",
"708","제과점영업","07_22_18_P","4181000","4181000-121-2003-00005","2003-10-08","","03","폐업","02","폐업","2017-03-03","","","","033 2640445","42.36","","강원특별자치도 춘천시 석사동 726-10","강원특별자치도 춘천시 후석로186번길 22-1 (석사동)","24320","뚜레쥬르(애막골점)","2011-11-25 17:34:39","I","2023-06-13 00:00:00","제과점영업","266341.963166157","485232.586449176","제과점영업","0","0","주택가주변","","상수도전용","0","0","0","0","0","","0","0","N","42.36","","","",
"709","제과점영업","07_22_18_P","4181000","4181000-121-2003-00006","2003-10-13","","03","폐업","02","폐업","2007-05-03","","","","033 2638481","81.45","","강원특별자치도 춘천시 석사동 818-5","","","그랜드피아노베이커리","2003-10-13 00:00:00","I","2023-06-13 00:00:00","제과점영업","265393.064862255","483997.38601415","제과점영업","1","2","주택가주변","","상수도전용","0","0","0","0","0","","0","0","N","81.45","","","",
"710","제과점영업","07_22_18_P","4181000","4181000-121-2004-00002","2004-08-20","","03","폐업","02","폐업","2010-04-15","","","","033 2631228","54.73","","강원특별자치도 춘천시 온의동 65-54","","","굿모닝베이커리","2006-11-06 00:00:00","I","2023-06-13 00:00:00","제과점영업","262772.875795003","485407.082025351","제과점영업","1","0","아파트지역","","상수도전용","0","0","0","0","0","","0","0","N","54.73","","","",
"711","제과점영업","07_22_18_P","4181000","4181000-121-2004-00003","2004-10-26","","03","폐업","02","폐업","2008-12-29","","","","033 2428070","50.16","","강원특별자치도 춘천시 퇴계동 917 (한진한성@상가104호105호)","","","블랑젤리베이커리","2006-11-29 00:00:00","I","2023-06-13 00:00:00","제과점영업","263499.773507302","484251.367449733","제과점영업","0","0","아파트지역","","상수도전용","0","0","0","0","0","","0","0","N","50.16","","","",
"712","제과점영업","07_22_18_P","4181000","4181000-121-2004-00004","2004-11-02","","03","폐업","02","폐업","2011-05-17","","","","033 2648877","86.58","","강원특별자치도 춘천시 석사동 885-2 (1층)","","","크라운베이커리&돌로미티아이스크림춘천퇴계점","2004-11-02 00:00:00","I","2023-06-13 00:00:00","제과점영업","265562.220370801","483586.548460211","제과점영업","2","3","아파트지역","","상수도전용","0","0","0","0","0","","0","0","N","86.58","","","",
"713","제과점영업","07_22_18_P","4181000","4181000-121-2004-00005","2004-12-28","","03","폐업","02","폐업","2005-11-01","","","","","34.80","","강원특별자치도 춘천시 석사동 431-3","","","윈베이커리","2004-12-28 00:00:00","I","2023-06-13 00:00:00","제과점영업","","","제과점영업","0","0","","","상수도전용","0","0","0","0","0","","0","0","N","34.8","","","",
"714","제과점영업","07_22_18_P","4181000","4181000-121-2005-00001","2005-08-18","","03","폐업","02","폐업","2008-01-16","","","","033 2510449","30.40","","강원특별자치도 춘천시 퇴계동 908-5 (1층)","","","크라운베이커리(남춘천점)","2005-08-18 00:00:00","I","2023-06-13 00:00:00","제과점영업","263934.748329976","484316.481623148","제과점영업","0","0","아파트지역","","상수도전용","0","0","0","0","0","","0","0","N","30.4","","","",
"715","제과점영업","07_22_18_P","4181000","4181000-121-2005-00002","2005-08-18","","03","폐업","02","폐업","2009-08-10","","","","033 2625105","55.90","","강원특별자치도 춘천시 석사동 880-4 (프라임타워101호)","","","뚜레쥬르(춘천에버빌점)","2005-08-18 00:00:00","I","2023-06-13 00:00:00","제과점영업","265419.195718634","483446.822404389","제과점영업","0","0","아파트지역","","상수도전용","0","0","0","0","0","","0","0","N","55.9","","","",
"716","제과점영업","07_22_18_P","4181000","4181000-121-2005-00003","2005-09-07","","03","폐업","02","폐업","2008-04-16","","","","","","","강원특별자치도 춘천시 효자동 179-1","","","프랑세스베이커리","2005-09-07 00:00:00","I","2023-06-13 00:00:00","제과점영업","264712.110272309","485604.191381465","제과점영업","0","0","","","","0","0","0","0","0","","0","0","N","0","","","",
"717","제과점영업","07_22_18_P","4181000","4181000-121-2005-00004","2005-09-21","","03","폐업","02","폐업","2008-11-10","","","","033 2630382","45.00","","강원특별자치도 춘천시 퇴계동 183-2","","","쉐프","2007-07-30 15:11:02","I","2023-06-13 00:00:00","제과점영업","264801.074897103","483830.326375031","제과점영업","0","0","기타","","상수도전용","0","0","0","0","0","","0","0","N","45","","","",
"718","제과점영업","07_22_18_P","4181000","4181000-121-1995-00004","1995-02-16","","03","폐업","02","폐업","2007-04-11","","","","033 2411259","17.82","","강원특별자치도 춘천시 퇴계동 0 현대APT상가 101호","","","춘천하이몬드 베이커리","2007-04-11 00:00:00","I","2023-06-13 00:00:00","제과점영업","","","제과점영업","0","0","","","상수도전용","0","0","0","0","0","","0","0","N","17.82","","","",
"719","제과점영업","07_22_18_P","4181000","4181000-121-1995-00005","1995-02-09","","03","폐업","02","폐업","2019-11-08","","","","033 2420419","41.76","","강원특별자치도 춘천시 우두동 1068-1","강원특별자치도 춘천시 충열로 32 (우두동, 동부@상가 106호)","24230","뚜레쥬르춘천사우점","2019-11-08 15:11:01","I","2023-06-13 00:00:00","제과점영업","264352.72118995","488666.419220623","제과점영업","0","0","","","상수도전용","0","0","0","0","0","","0","0","N","41.76","","","",
"720","제과점영업","07_22_18_P","4181000","4181000-121-1995-00006","1995-03-16","","03","폐업","02","폐업","2007-05-08","","","","033 2524455","76.96","","강원특별자치도 춘천시 운교동 206-5","","","파리바게트","2002-08-05 00:00:00","I","2023-06-13 00:00:00","제과점영업","264586.340983757","486270.51836814","제과점영업","0","0","","","상수도전용","0","0","0","0","0","","0","0","N","76.96","","","",
"721","제과점영업","07_22_18_P","4181000","4181000-121-1996-00001","1996-04-20","","03","폐업","02","폐업","2006-06-16","","","","033  561160","40.48","","강원특별자치도 춘천시 후평동 457-4","","","빵굽는마을 현대점","2002-07-10 00:00:00","I","2023-06-13 00:00:00","제과점영업","265963.224971731","486708.633192073","제과점영업","0","0","주택가주변","","상수도전용","0","0","0","0","0","","0","0","N","40.48","","","",
"722","제과점영업","07_22_18_P","4181000","4181000-121-1996-00002","1996-07-22","","03","폐업","02","폐업","2009-03-31","","","","033 2438626","32.67","","강원특별자치도 춘천시 온의동 65-44 65-54","","","원베이커리","2005-11-01 00:00:00","I","2023-06-13 00:00:00","제과점영업","262808.456357804","485405.244083934","제과점영업","0","0","아파트지역","","상수도전용","0","0","0","0","0","","0","0","N","32.67","","","",
"723","제과점영업","07_22_18_P","4181000","4181000-121-1997-00001","1997-06-05","","03","폐업","02","폐업","2007-07-05","","","","033 2434900","37.09","","강원특별자치도 춘천시 중앙로2가 115 2/1","","","신라명과춘천점","2005-03-28 00:00:00","I","2023-06-13 00:00:00","제과점영업","263884.921076082","486699.363249727","제과점영업","0","0","","","상수도전용","0","0","0","0","0","","0","0","N","37.09","","","",
"724","제과점영업","07_22_18_P","4181000","4181000-121-1998-00001","1998-12-28","","03","폐업","02","폐업","2007-02-27","","","","033 2415322","32.46","","강원특별자치도 춘천시 소양로2가 66-3","","","원베이커리","2003-03-24 00:00:00","I","2023-06-13 00:00:00","제과점영업","263804.593911626","487574.928117643","제과점영업","0","0","아파트지역","","상수도전용","0","0","0","0","0","","0","0","N","32.46","","","",
"725","제과점영업","07_22_18_P","4181000","4181000-121-1998-00002","1998-03-23","","03","폐업","02","폐업","2009-04-08","","","","033 2446644","51.71","","강원특별자치도 춘천시 효자동 192-1 (강원대학교천지관2층)","","","로마제과(강대내점)","2002-07-10 00:00:00","I","2023-06-13 00:00:00","제과점영업","265481.557982219","485420.871953344","제과점영업","0","0","기타","","상수도전용","0","0","0","0","0","","0","0","N","51.71","","","",
"726","제과점영업","07_22_18_P","4181000","4181000-121-1998-00003","1998-11-24","","03","폐업","02","폐업","2009-11-02","","","","033 2625933","54.69","","강원특별자치도 춘천시 석사동 722-5 그랜드아파트상가109,110호","","","마즈리제과","2002-07-10 00:00:00","I","2023-06-13 00:00:00","제과점영업","","","제과점영업","0","0","아파트지역","","상수도전용","0","0","0","0","0","","0","0","N","54.69","","","",
"727","제과점영업","07_22_18_P","4181000","4181000-121-1999-00001","1999-05-24","","03","폐업","02","폐업","2008-12-29","","","","033 2522283","112.00","","강원특별자치도 춘천시 후평동 687-21","","","마들렌과자점","2005-09-27 00:00:00","I","2023-06-13 00:00:00","제과점영업","265462.856440802","486691.504306525","제과점영업","0","0","주택가주변","","상수도전용","0","0","0","0","0","","0","0","N","112","","","",
"728","제과점영업","07_22_18_P","4181000","4181000-121-1999-00002","1999-11-29","","03","폐업","02","폐업","2007-02-23","","","","033 2522425","29.05","","강원특별자치도 춘천시 후평동 0 석사2지구 상가101호","","","후평빵굽는마을","2006-09-22 00:00:00","I","2023-06-13 00:00:00","제과점영업","","","제과점영업","0","0","아파트지역","","상수도전용","0","0","0","0","0","","0","0","N","29.05","","","",
"729","제과점영업","07_22_18_P","4181000","4181000-121-1999-00003","1999-12-23","","03","폐업","02","폐업","2006-09-11","","","","033 2630544","23.00","","강원특별자치도 춘천시 석사동 726-10","","","구떼드 마망","2002-07-10 00:00:00","I","2023-06-13 00:00:00","제과점영업","266341.963166157","485232.586449176","제과점영업","0","0","아파트지역","","상수도전용","0","0","0","0","0","","0","0","N","23","","","",
"730","제과점영업","07_22_18_P","4181000","4181000-121-2008-00003","2008-04-25","","03","폐업","02","폐업","2011-09-27","","","","033 243 5435","235.02","","강원특별자치도 춘천시 조양동 136-5 (1층)","","","바스키아(Basquia)","2009-11-18 15:48:57","I","2023-06-13 00:00:00","제과점영업","263966.683887103","486484.317405147","제과점영업","0","0","기타","","상수도전용","0","0","0","0","0","","0","0","N","235.02","","","",
"731","제과점영업","07_22_18_P","4181000","4181000-121-2008-00004","2008-04-25","","03","폐업","02","폐업","2012-06-14","","","","033 243 5435","61.74","","강원특별자치도 춘천시 조양동 34","강원특별자치도 춘천시 금강로 68-3 (조양동, 지하1층)","24353","바스키아(Basquia)","2011-11-25 17:41:52","I","2023-06-13 00:00:00","제과점영업","264033.833068137","486464.959442249","제과점영업","0","0","기타","","상수도전용","0","0","0","0","0","","0","0","N","61.74","","","",
"732","제과점영업","07_22_18_P","4181000","4181000-121-2008-00005","2008-07-17","","03","폐업","02","폐업","2010-11-05","","","","033 261 7370","39.81","","강원특별자치도 춘천시 퇴계동 188-6 외2필지(1층)","","","크라운베이커리(퇴계성림점)","2008-07-17 14:22:25","I","2023-06-13 00:00:00","제과점영업","264732.547697796","483702.804412051","제과점영업","0","0","아파트지역","","상수도전용","0","0","0","0","0","","0","0","N","39.81","","","",
"733","제과점영업","07_22_18_P","4181000","4181000-121-2008-00006","2008-12-11","","03","폐업","02","폐업","2018-07-06","","","","033 263 0449","48.21","","강원특별자치도 춘천시 퇴계동 164-3","강원특별자치도 춘천시 지석로 11 (퇴계동)","24413","신라명과철원축협하나로마트점","2018-07-06 15:47:47","I","2023-06-13 00:00:00","제과점영업","264838.52203719","483744.542704867","제과점영업","0","0","기타","","상수도전용","0","0","0","0","0","","0","0","N","48.21","","","",
"734","제과점영업","07_22_18_P","4181000","4181000-121-2008-00007","2008-12-16","","03","폐업","02","폐업","2022-03-23","","","","033 252 2049","3.00","","강원특별자치도 춘천시 소양로3가 110-1","강원특별자치도 춘천시 소양로 118 (소양로3가, 춘천농협하나로마트소양로점)","24272","거북당(소양점)","2022-03-23 17:26:50","I","2023-06-13 00:00:00","제과점영업","263597.187815591","487019.948940286","제과점영업","0","0","주택가주변","","상수도전용","0","0","0","0","0","","0","0","N","3","","","",
"735","제과점영업","07_22_18_P","4181000","4181000-121-2009-00001","2009-02-05","","03","폐업","02","폐업","2019-01-21","","","","","18.15","","강원특별자치도 춘천시 효자동 179-1","강원특별자치도 춘천시 미려골길 23 (효자동)","24340","슈케익하우스(효자점)","2019-02-14 15:38:53","I","2023-06-13 00:00:00","제과점영업","264712.110272309","485604.191381465","제과점영업","0","0","주택가주변","","상수도전용","0","0","0","0","0","","0","0","N","18.15","","","",
"736","제과점영업","07_22_18_P","4181000","4181000-121-2009-00003","2009-03-11","","03","폐업","02","폐업","2014-02-07","","","","033 241 0603","","","강원특별자치도 춘천시 효자동 176-73","강원특별자치도 춘천시 백령로 29 (효자동)","24342","훼미리마트","2011-11-24 13:08:13","I","2023-06-13 00:00:00","제과점영업","264860.415709485","485165.671788315","제과점영업","0","0","","","","0","0","0","0","0","","0","0","N","0","","","",
"737","제과점영업","07_22_18_P","4181000","4181000-121-2009-00004","2009-03-17","","03","폐업","02","폐업","2014-04-11","","","","033 257 5909","82.75","","강원특별자치도 춘천시 동면 만천리 587-3","강원특별자치도 춘천시 동면 만천로 91 (101호)","24216","뜌레쥬르(춘천만천점)","2013-04-24 14:00:07","I","2023-06-13 00:00:00","제과점영업","267124.888872612","486688.51800364","제과점영업","0","0","주택가주변","","상수도전용","0","0","0","0","0","","0","0","N","82.75","","","",
"738","제과점영업","07_22_18_P","4181000","4181000-121-2009-00005","2009-06-25","","03","폐업","02","폐업","2011-11-16","","","","033 256 8228","69.58","","강원특별자치도 춘천시 효자동 654-9 외6필지(107,108호)","","","파리바게트(메가씨티점)","2009-06-25 11:16:46","I","2023-06-13 00:00:00","제과점영업","264607.739384354","486205.143820709","제과점영업","0","0","유흥업소밀집지역","","상수도전용","0","0","0","0","0","","0","0","N","69.58","","","",
"739","제과점영업","07_22_18_P","4181000","4181000-121-2009-00006","2009-07-15","","03","폐업","02","폐업","2009-07-31","","","","","3.24","","강원특별자치도 춘천시 온의동 511 (춘천이마트1층매장내)","","","(주)조선호텔베이커리 데이앤데이춘천점2","2010-03-11 14:33:57","I","2023-06-13 00:00:00","제과점영업","263141.943193102","484821.289677657","제과점영업","0","0","","","","0","0","0","0","0","","0","0","N","3.24","","","",
"740","제과점영업","07_22_18_P","4181000","4181000-121-1999-00004","1999-01-23","","03","폐업","02","폐업","2017-09-12","","","","033 2624172","73.35","","강원특별자치도 춘천시 석사동 641-2","강원특별자치도 춘천시 후석로 67 (석사동)","24383","케익타운베이커리","2017-09-12 10:36:05","I","2023-06-13 00:00:00","제과점영업","265341.538214375","484426.175579745","제과점영업","0","0","주택가주변","","상수도전용","0","0","0","0","0","","0","0","N","73.35","","","",
"741","제과점영업","07_22_18_P","4181000","4181000-121-2000-00001","2000-10-14","","03","폐업","02","폐업","2007-07-05","","","","033 2550008","234.02","","강원특별자치도 춘천시 조양동 49-5 (1층,3층)","","","(주)대원당 명동점","2002-07-09 00:00:00","I","2023-06-13 00:00:00","제과점영업","264032.128601882","486539.801803821","제과점영업","0","0","기타","","상수도전용","0","0","0","0","0","","0","0","N","234.02","","","",
"742","제과점영업","07_22_18_P","4181000","4181000-121-2000-00002","2000-08-16","","03","폐업","02","폐업","2013-12-11","","","","033 254 9113","57.40","","강원특별자치도 춘천시 효자동 628-9","강원특별자치도 춘천시 서부대성로 235 (효자동)","24289","뚜레쥬르강원대후문점","2011-11-24 12:56:59","I","2023-06-13 00:00:00","제과점영업","265412.62486883","485865.894788895","제과점영업","0","0","기타","","상수도전용","0","0","0","0","0","","0","0","N","57.4","","","",
"743","제과점영업","07_22_18_P","4181000","4181000-121-2000-00003","2000-01-14","","03","폐업","02","폐업","2007-04-11","","","","033 2630995","30.03","","강원특별자치도 춘천시 석사동 796-5 (퀸스클럽매장내)","","","퀸스제과점","2007-04-11 00:00:00","I","2023-06-13 00:00:00","제과점영업","265058.766472028","484123.903138431","제과점영업","0","0","기타","","상수도전용","0","0","0","0","0","","0","0","N","30.03","","","",
"744","제과점영업","07_22_18_P","4181000","4181000-121-2000-00004","2000-10-04","","03","폐업","02","폐업","2007-09-27","","","","033 2618257","45.33","","강원특별자치도 춘천시 퇴계동 983-2 주공2차(A)상가 102호","","","빵굽는 아침","2002-07-11 00:00:00","I","2023-06-13 00:00:00","제과점영업","264862.666927956","484182.8773591","제과점영업","0","0","아파트지역","","상수도전용","0","0","0","0","0","","0","0","N","45.33","","","",
"745","제과점영업","07_22_18_P","4181000","4181000-121-2000-00005","2000-01-31","","03","폐업","02","폐업","2013-12-09","","","","","86.70","","강원특별자치도 춘천시 후평동 832-10","강원특별자치도 춘천시 후석로 251 (후평동)","24283","신라명과후평점","2011-11-24 12:59:08","I","2023-06-13 00:00:00","제과점영업","266122.94641328","485959.276487485","제과점영업","0","0","기타","","상수도전용","0","0","0","0","0","","0","0","N","86.7","","","",
"746","제과점영업","07_22_18_P","4181000","4181000-121-2001-00002","2001-09-14","","03","폐업","02","폐업","2006-03-09","","","","033 2402401","45.69","","강원특별자치도 춘천시 조양동 34 (미도파백화점내)","","","따삐오베이커리 춘천점","2002-07-09 00:00:00","I","2023-06-13 00:00:00","제과점영업","264033.833068137","486464.959442249","제과점영업","0","0","기타","","상수도전용","0","0","0","0","0","","0","0","N","45.69","","","",
"747","제과점영업","07_22_18_P","4181000","4181000-121-2001-00003","2001-09-26","","03","폐업","02","폐업","2006-04-11","","","","033 2440966","193.38","","강원특별자치도 춘천시 조양동 51-13 , 14","","","버거킹춘천점","2005-01-25 00:00:00","I","2023-06-13 00:00:00","제과점영업","263884.145676081","486505.392555398","제과점영업","0","0","기타","","상수도전용","0","0","0","0","0","","0","0","N","193.38","","","",
"748","제과점영업","07_22_18_P","4181000","4181000-121-2001-00004","2001-04-30","","03","폐업","02","폐업","2007-04-11","","","","033 2530089","19.50","","강원특별자치도 춘천시 후평동 845-1 (1동 세경3차A도상가내)","","","사랑을 담은 베이커리","2007-04-11 00:00:00","I","2023-06-13 00:00:00","제과점영업","265421.865196931","487250.934331144","제과점영업","0","0","아파트지역","","상수도전용","0","0","0","0","0","","0","0","N","19.5","","","",
"749","제과점영업","07_22_18_P","4181000","4181000-121-2022-00016","2022-10-11","","03","폐업","02","폐업","2023-08-09","","","","","54.09","","강원특별자치도 춘천시 효자동 305-48","강원특별자치도 춘천시 남춘로56번길 11-6, B동 103호 (효자동)","24373","크로도(crodo)","2023-08-09 13:09:00","U","2023-08-11 02:40:00","제과점영업","264553.092535363","485004.044422709","제과점영업","0","0","","","상수도전용","0","0","0","0","0","","0","0","N","54.09","","","",
"750","제과점영업","07_22_18_P","4181000","4181000-121-2022-00018","2022-11-10","","03","폐업","02","폐업","2024-05-13","","","","","48.00","","강원특별자치도 춘천시 석사동 762-5","강원특별자치도 춘천시 우석로38번길 121, 1층 (석사동)","24327","나인파티시에","2024-05-13 16:53:14","U","2024-05-15 02:40:00","제과점영업","266069.888312116","484705.284416384","제과점영업","0","0","","","상수도전용","0","0","0","0","0","","0","0","N","48","","","",
"751","제과점영업","07_22_18_P","4181000","4181000-121-2009-00008","2009-11-09","","03","폐업","02","폐업","2010-08-30","","","","","22.72","","강원특별자치도 춘천시 퇴계동 917 한성,한진상가지하","","","세경베이커리","2010-06-09 14:48:38","I","2023-06-13 00:00:00","제과점영업","263499.773507302","484251.367449733","제과점영업","0","0","","","","0","0","0","0","0","","0","0","N","22.72","","","",
"752","제과점영업","07_22_18_P","4181000","4181000-121-2009-00009","2009-11-10","","03","폐업","02","폐업","2010-12-23","","","","070 88681884","57.00","","강원특별자치도 춘천시 죽림동 189 (브라운상가) 2동 2106호","","","스위트슈가","2009-11-10 11:14:40","I","2023-06-13 00:00:00","제과점영업","263954.075694438","486406.885561246","제과점영업","0","0","기타","","상수도전용","0","0","0","0","0","","0","0","N","57","","","",
"753","제과점영업","07_22_18_P","4181000","4181000-121-2009-00010","2009-11-18","","03","폐업","02","폐업","2012-02-06","","","","033 252 9546","58.50","","강원특별자치도 춘천시 죽림동 189","강원특별자치도 춘천시 중앙로67번길 18 (죽림동, 브라운상가 3동 111호)","24354","유기농빵&허브쿠키","2011-11-25 17:44:28","I","2023-06-13 00:00:00","제과점영업","263954.075694438","486406.885561246","제과점영업","0","0","기타","","상수도전용","0","0","0","0","0","","0","0","N","58.5","","","",
"754","제과점영업","07_22_18_P","4181000","4181000-121-2010-00001","2010-02-02","","03","폐업","02","폐업","2018-12-21","","","","043 830 1000","91.94","","강원특별자치도 춘천시 온의동 6-25 (롯데마트춘천점)","강원특별자치도 춘천시 방송길 84 (온의동, 롯데마트춘천점)","24364","빠뮤춘천점","2018-12-21 13:23:28","I","2023-06-13 00:00:00","제과점영업","263109.175778889","485355.40305733","제과점영업","0","0","기타","","","0","0","0","0","0","","0","0","N","91.94","","","",
"755","제과점영업","07_22_18_P","4181000","4181000-121-2010-00002","2010-02-12","","03","폐업","02","폐업","2012-05-17","","","","033 263 5502","13.53","","강원특별자치도 춘천시 석사동 726-9","강원특별자치도 춘천시 후석로186번길 22 (석사동, 1층동측점포)","24320","코코호도석사점","2011-11-25 17:45:45","I","2023-06-13 00:00:00","제과점영업","266329.531799536","485232.26982451","제과점영업","0","0","주택가주변","","상수도전용","0","0","0","0","0","","0","0","N","13.53","","","",
"756","제과점영업","07_22_18_P","4181000","4181000-121-2010-00004","2010-03-22","","03","폐업","02","폐업","2018-08-13","","","","033 255 5981","28.60","","강원특별자치도 춘천시 후평동 811-4","강원특별자치도 춘천시 후석로258번길 30 (후평동)","24312","주영베이커리","2018-08-13 14:49:42","I","2023-06-13 00:00:00","제과점영업","266428.969939636","486032.625557505","제과점영업","0","0","주택가주변","","상수도전용","0","0","0","0","0","","0","0","N","28.6","","","",
"757","제과점영업","07_22_18_P","4181000","4181000-121-2010-00007","2010-05-04","","03","폐업","02","폐업","2022-05-02","","","","033 261 0458","54.54","","강원특별자치도 춘천시 퇴계동 971-5","강원특별자치도 춘천시 퇴계로 146 (퇴계동, 1층)","24377","뚜레쥬르(퇴계주공)","2022-05-02 14:20:05","I","2023-06-13 00:00:00","제과점영업","264640.754705726","484330.936446816","제과점영업","0","0","아파트지역","","상수도전용","0","0","0","0","0","","0","0","N","54.54","","","",
"758","제과점영업","07_22_18_P","4181000","4181000-121-2010-00008","2010-05-14","","03","폐업","02","폐업","2011-01-06","","","","033 269 8000","","","강원특별자치도 춘천시 퇴계동 144-1 (홈플러스춘천점내)","","","찰보리식품","2010-05-14 16:58:04","I","2023-06-13 00:00:00","제과점영업","","","제과점영업","0","0","","","","0","0","0","0","0","","0","0","N","0","","","",
"759","제과점영업","07_22_18_P","4181000","4181000-121-2010-00009","2010-06-07","","03","폐업","02","폐업","2010-07-15","","","","033 252 8504","0.00","","강원특별자치도 춘천시 온의동 511 (이마트춘천점내)","","","(주)조선호텔베이커리 데이앤데이 춘천점2","2010-06-07 11:33:25","I","2023-06-13 00:00:00","제과점영업","263141.943193102","484821.289677657","제과점영업","0","0","기타","","","0","0","0","0","0","","0","0","N","0","","","",
"760","제과점영업","07_22_18_P","4181000","4181000-121-2010-00010","2010-06-09","","03","폐업","02","폐업","2017-12-15","","","","033 264 8202","75.40","","강원특별자치도 춘천시 석사동 818-3","강원특별자치도 춘천시 퇴계로 223 (석사동, 1층)","24390","파리바게뜨춘천봄내점","2017-12-15 10:59:42","I","2023-06-13 00:00:00","제과점영업","265351.154056248","484010.883830738","제과점영업","0","0","기타","","상수도전용","0","0","0","0","0","","0","0","N","75.4","","","",
"761","제과점영업","07_22_18_P","4181000","4181000-121-2010-00011","2010-08-23","","03","폐업","02","폐업","2011-08-16","","","","","5.81","","강원특별자치도 춘천시 후평동 845-1 세경@상가106호(우리마트내)","","","베스트제과점","2010-08-23 11:06:51","I","2023-06-13 00:00:00","제과점영업","265421.865196931","487250.934331144","제과점영업","0","0","아파트지역","","상수도전용","0","0","0","0","0","","0","0","N","5.81","","","",
"762","제과점영업","07_22_18_P","4181000","4181000-121-2010-00012","2010-10-08","","03","폐업","02","폐업","2020-01-10","","","","","47.45","","강원특별자치도 춘천시 석사동 880-3","강원특별자치도 춘천시 퇴계농공로 20 (석사동, 종로타워 102호)","24414","빚은에버빌점","2020-01-10 13:46:05","I","2023-06-13 00:00:00","제과점영업","265430.321877481","483479.866333666","제과점영업","0","0","주택가주변","","상수도전용","0","0","0","0","0","","0","0","N","47.45","","","",
"763","제과점영업","07_22_18_P","4181000","4181000-121-1972-00002","1972-07-13","","03","폐업","02","폐업","2013-07-24","","","","033 254 8187","72.42","","강원특별자치도 춘천시 효자동 679-16","강원특별자치도 춘천시 춘천로 85 (효자동)","","대원당","2011-10-30 12:32:20","I","2023-06-13 00:00:00","제과점영업","263785.420661817","485721.342282542","제과점영업","0","0","","","상수도전용","0","0","0","0","0","","0","0","N","72.42","","","",
"764","제과점영업","07_22_18_P","4181000","4181000-121-1983-00001","1983-05-12","","03","폐업","02","폐업","2007-03-07","","","","","34.32","","강원특별자치도 춘천시 효자동 667-1","","","빵맛나는세상","2007-03-09 00:00:00","I","2023-06-13 00:00:00","제과점영업","264381.095633816","485617.852598923","제과점영업","0","0","","","상수도전용","0","0","0","0","0","","0","0","N","34.32","","","",
"765","제과점영업","07_22_18_P","4181000","4181000-121-1984-00001","1984-05-29","","03","폐업","02","폐업","2011-12-06","","","","033  549553","47.36","","강원특별자치도 춘천시 운교동 167","강원특별자치도 춘천시 금강로 83 (운교동)","24352","캠토토스트춘천점","2011-11-18 09:27:24","I","2023-06-13 00:00:00","제과점영업","264164.831638014","486414.040752002","제과점영업","0","0","","","상수도전용","0","0","0","0","0","","0","0","N","47.36","","","",
"766","제과점영업","07_22_18_P","4181000","4181000-121-1984-00002","1984-02-16","","03","폐업","02","폐업","2006-12-04","","","","","23.98","","강원특별자치도 춘천시 효자동 757-14","","","서독제과","2002-10-11 00:00:00","I","2023-06-13 00:00:00","제과점영업","265180.276300152","486528.606721984","제과점영업","0","0","","","상수도전용","0","0","0","0","0","","0","0","N","23.98","","","",
"767","제과점영업","07_22_18_P","4181000","4181000-121-1985-00001","1985-07-06","","03","폐업","02","폐업","2006-02-28","","","","","40.45","","강원특별자치도 춘천시 우두동 400-5","","","솔로몬베이커리","2003-11-05 00:00:00","I","2023-06-13 00:00:00","제과점영업","264561.17098617","488875.754342415","제과점영업","0","0","","","상수도전용","0","0","0","0","0","","0","0","N","40.45","","","",
"768","제과점영업","07_22_18_P","4181000","4181000-121-1986-00001","1986-02-01","","03","폐업","02","폐업","2006-03-03","","","","","29.44","","강원특별자치도 춘천시 요선동 13-5","","","한아름과자","2002-07-08 00:00:00","I","2023-06-13 00:00:00","제과점영업","263896.466297884","486810.919826591","제과점영업","0","0","","","상수도전용","0","0","0","0","0","","0","0","N","29.44","","","",
"769","제과점영업","07_22_18_P","4181000","4181000-121-2006-00004","2006-06-05","","03","폐업","02","폐업","2021-02-16","","","","033 2412210","81.17","","강원특별자치도 춘천시 효자동 628-9","강원특별자치도 춘천시 서부대성로 235 (효자동)","24289","파리바게트강원대점","2021-02-16 13:08:37","I","2023-06-13 00:00:00","제과점영업","265412.62486883","485865.894788895","제과점영업","0","0","주택가주변","","상수도전용","0","0","0","0","0","","0","0","N","81.17","","","",
"770","제과점영업","07_22_18_P","4181000","4181000-121-2006-00005","2006-06-19","","03","폐업","02","폐업","2014-12-10","","","","033 2561160","25.60","","강원특별자치도 춘천시 후평동 457-5","강원특별자치도 춘천시 후석로326번길 11 (후평동, 1층)","24300","빵굽는마을","2011-11-24 13:00:06","I","2023-06-13 00:00:00","제과점영업","265976.466868199","486712.850048328","제과점영업","0","0","아파트지역","","상수도전용","0","0","0","0","0","","0","0","N","25.6","","","",
"771","제과점영업","07_22_18_P","4181000","4181000-121-2006-00006","2006-06-27","","03","폐업","02","폐업","2023-09-06","","","","","24.60","","강원특별자치도 춘천시 석사동 694","강원특별자치도 춘천시 남춘천새길 42 (석사동, 세경@상가 101호)","24381","세경베이커리","2023-09-06 11:20:14","U","2023-09-08 02:40:00","제과점영업","264807.241666538","484720.141657102","제과점영업","0","0","아파트지역","","상수도전용","0","0","0","0","0","","0","0","N","24.6","","","",
"772","제과점영업","07_22_18_P","4181000","4181000-121-2006-00008","2006-08-21","","03","폐업","02","폐업","2013-07-30","","","","033 2614436","48.50","","강원특별자치도 춘천시 동내면 거두리 929-2","강원특별자치도 춘천시 동내면 공지로 80 (신동농협하나로마트)","24404","하나로베이커리","2012-04-26 12:00:16","I","2023-06-13 00:00:00","제과점영업","266008.214362088","483806.24603867","제과점영업","0","0","주택가주변","","상수도전용","0","0","0","0","0","","0","0","N","48.5","","","",
"773","제과점영업","07_22_18_P","4181000","4181000-121-2007-00001","2007-01-22","","03","폐업","02","폐업","2014-01-02","","","","033 2542338","103.60","","강원특별자치도 춘천시 퇴계동 381-1","강원특별자치도 춘천시 영서로 2195 (퇴계동, 굿모닝마트)","24445","쥬벨베이커리","2011-11-24 13:13:46","I","2023-06-13 00:00:00","제과점영업","264048.38885859","484444.290618198","제과점영업","3","0","기타","","상수도전용","0","0","0","0","0","","0","0","N","103.6","","","",
"774","제과점영업","07_22_18_P","4181000","4181000-121-2007-00003","2007-03-12","","03","폐업","02","폐업","2010-04-07","","","","033 2441315","32.46","","강원특별자치도 춘천시 소양로2가 66-3","","","원베이커리","2007-03-12 00:00:00","I","2023-06-13 00:00:00","제과점영업","263804.593911626","487574.928117643","제과점영업","0","0","주택가주변","","상수도전용","0","0","0","0","0","","0","0","N","32.46","","","",
"775","제과점영업","07_22_18_P","4181000","4181000-121-2007-00005","2007-05-16","","03","폐업","02","폐업","2023-04-26","","","","033 2610092","32.38","","강원특별자치도 춘천시 석사동 888-3 (화인프라자 104,105호)","강원특별자치도 춘천시 퇴계농공로 19 (석사동, 화인프라자 104,105호)","24415","(주)쿱스토어강원석사점","2023-04-26 13:17:53","I","2023-06-13 00:00:00","제과점영업","265491.672679322","483465.568460441","제과점영업","0","0","아파트지역","","상수도전용","0","0","0","0","0","","0","0","N","32.38","","","",
"776","제과점영업","07_22_18_P","4181000","4181000-121-2007-00006","2007-05-17","","03","폐업","02","폐업","2009-01-14","","","","033 2428298","31.84","","강원특별자치도 춘천시 후평동 892 (석사2아파트 상가동 101호)","","","프랑세스베이커리","2007-05-17 00:00:00","I","2023-06-13 00:00:00","제과점영업","266369.24736244","485746.746893256","제과점영업","0","0","아파트지역","","","0","0","0","0","0","","0","0","N","31.84","","","",
"777","제과점영업","07_22_18_P","4181000","4181000-121-1987-00001","1987-03-26","","03","폐업","02","폐업","2024-08-05","","","","033 252 4516","21.12","","강원특별자치도 춘천시 소양로1가 95-10","강원특별자치도 춘천시 소양로 184-1, 1층 (소양로1가)","24249","영국베이커리","2024-08-05 10:54:00","U","2024-08-07 02:40:00","제과점영업","263731.567759224","487687.612250166","제과점영업","0","0","","","상수도전용","0","0","0","0","0","","0","0","N","21.12","","","",
"778","제과점영업","07_22_18_P","4181000","4181000-121-1989-00002","1989-09-07","","03","폐업","02","폐업","2016-03-07","","","","0332561324","24.22","","강원특별자치도 춘천시 우두동 1066 16통","강원특별자치도 춘천시 충열로 10-3 (우두동)","24231","허니문제과","2011-11-24 12:45:02","I","2023-06-13 00:00:00","제과점영업","264102.781670921","488873.098351129","제과점영업","0","0","기타","","상수도전용","0","0","0","0","0","","0","0","N","24.22","","","",
"779","제과점영업","07_22_18_P","4181000","4181000-121-1990-00001","1990-01-29","","03","폐업","02","폐업","2007-02-20","","","","033  517605","48.04","","강원특별자치도 춘천시 후평동 67-8 (2동)","","","크라운베이커리 후평분점","2002-07-09 00:00:00","I","2023-06-13 00:00:00","제과점영업","266038.764453269","486467.679997235","제과점영업","0","0","","","상수도전용","0","0","0","0","0","","0","0","N","48.04","","","",
"780","제과점영업","07_22_18_P","4181000","4181000-121-1992-00001","1992-10-27","","03","폐업","02","폐업","2007-04-11","","","","033 2622022","90.30","","강원특별자치도 춘천시 동산면 원창리 287-4 (2리)282-1,293-1번지","","","할레루야 과자점","2007-04-11 00:00:00","I","2023-06-13 00:00:00","제과점영업","268012.292179834","477150.097972331","제과점영업","0","0","","","상수도전용","0","0","0","0","0","","0","0","N","90.3","","","",
"781","제과점영업","07_22_18_P","4181000","4181000-121-1992-00002","1992-12-02","","03","폐업","02","폐업","2017-10-26","","","","033 2525929","42.84","","강원특별자치도 춘천시 후평동 891-11","강원특별자치도 춘천시 후석로228번길 5 (후평동)","24313","도너타임춘천점","2017-10-26 09:08:32","I","2023-06-13 00:00:00","제과점영업","266206.59769702","485751.067324088","제과점영업","0","0","","","상수도전용","0","0","0","0","0","","0","0","N","42.84","","","",
"782","제과점영업","07_22_18_P","4181000","4181000-121-1992-00003","1992-11-18","","03","폐업","02","폐업","2019-01-07","","","","033253 7494","37.50","","강원특별자치도 춘천시 후평동 869-15","강원특별자치도 춘천시 세실로 222 (후평동)","24307","스위스제과","2019-01-07 13:08:47","I","2023-06-13 00:00:00","제과점영업","266528.303940801","486300.14120828","제과점영업","0","0","","","상수도전용","0","0","0","0","0","","0","0","N","37.5","","","",
"783","제과점영업","07_22_18_P","4181000","4181000-121-1992-00004","1992-09-17","","03","폐업","02","폐업","2007-01-29","","","","033 2622942","52.30","","강원특별자치도 춘천시 석사동 705","","","원베이커리","2002-07-10 00:00:00","I","2023-06-13 00:00:00","제과점영업","265006.527733538","484654.279627469","제과점영업","0","0","","","상수도전용","0","0","0","0","0","","0","0","N","52.3","","","",
"784","제과점영업","07_22_18_P","4181000","4181000-121-1994-00002","1994-04-27","","03","폐업","02","폐업","2009-01-02","","","","033  555981","41.30","","강원특별자치도 춘천시 후평동 855 청실상가101호","","","주영베이커리","2002-07-09 00:00:00","I","2023-06-13 00:00:00","제과점영업","","","제과점영업","0","0","","","상수도전용","0","0","0","0","0","","0","0","N","41.3","","","",
"785","제과점영업","07_22_18_P","4181000","4181000-121-1994-00003","1994-06-18","","03","폐업","02","폐업","2014-10-29","","","","033 2566577","41.20","","강원특별자치도 춘천시 퇴계동 916-2","강원특별자치도 춘천시 춘주로 162 (퇴계동, 현대1차@상가 101호)","24452","빠리지엥","2011-11-24 12:49:48","I","2023-06-13 00:00:00","제과점영업","263811.794747063","484091.143059532","제과점영업","0","0","","","상수도전용","0","0","0","0","0","","0","0","N","41.2","","","",
"786","제과점영업","07_22_18_P","4181000","4181000-121-1995-00001","1995-04-24","","03","폐업","02","폐업","2006-12-28","","","","033 2417371","30.87","","강원특별자치도 춘천시 교동 151-15","","","정현균 베이커리","2002-07-09 00:00:00","I","2023-06-13 00:00:00","제과점영업","","","제과점영업","0","0","","","상수도전용","0","0","0","0","0","","0","0","N","30.87","","","",
"787","제과점영업","07_22_18_P","4181000","4181000-121-2021-00025","2021-10-29","","03","폐업","02","폐업","2023-11-06","","","","","23.23","","강원특별자치도 춘천시 남산면 광판리 591-42","강원특별자치도 춘천시 남산면 장터골길 32, 광판하나로마트","24466","베이커리하우스 광판점","2023-11-06 14:04:24","U","2023-11-08 02:40:00","제과점영업","262228.373716671","470416.055820449","제과점영업","0","0","기타","","","0","0","0","0","0","","0","0","N","23.23","","","",
"788","제과점영업","07_22_18_P","4181000","4181000-121-2021-00026","2021-11-08","","03","폐업","02","폐업","2023-12-19","","","","","46.45","","강원특별자치도 춘천시 남산면 창촌리 137-5 남산농협하나로마트","강원특별자치도 춘천시 남산면 한치로 119, 남산농협하나로마트 1층","24465","하나로베이커리","2023-12-19 16:12:59","U","2023-12-21 02:40:00","제과점영업","256980.20288539","476349.199509229","제과점영업","0","0","기타","","상수도전용","0","0","0","0","0","","0","0","N","46.45","","","",
"789","제과점영업","07_22_18_P","4181000","4181000-121-2010-00014","2010-11-02","","03","폐업","02","폐업","2011-05-18","","","","","16.20","","강원특별자치도 춘천시 온의동 29-3 외29필지(4동141호)","","","야벳","2010-12-02 16:19:15","I","2023-06-13 00:00:00","제과점영업","263022.696768823","485280.150631317","제과점영업","0","0","","","","0","0","0","0","0","","0","0","N","16.2","","","",
"790","제과점영업","07_22_18_P","4181000","4181000-121-2010-00015","2010-11-10","","03","폐업","02","폐업","2010-11-19","","","","033 253 8504","2.16","","강원특별자치도 춘천시 온의동 511 (1층 이마트내)","","","(주)조선호텔베이커리 데이앤데이춘천점2","2010-11-10 11:32:26","I","2023-06-13 00:00:00","제과점영업","263141.943193102","484821.289677657","제과점영업","0","0","","","","0","0","0","0","0","","0","0","N","2.16","","","",
"791","제과점영업","07_22_18_P","4181000","4181000-121-2010-00016","2010-11-26","","03","폐업","02","폐업","2020-12-15","","","","","25.00","","강원특별자치도 춘천시 후평동 555-4","강원특별자치도 춘천시 후석로 414 (후평동)","24232","하루에베이커리하나로마트후평점","2020-12-15 15:43:37","I","2023-06-13 00:00:00","제과점영업","265485.940826417","487398.11998959","제과점영업","0","0","","","","0","0","0","0","0","","0","0","N","25","","","",
"792","제과점영업","07_22_18_P","4181000","4181000-121-2022-00001","2022-01-28","","03","폐업","02","폐업","2023-11-23","","","","033 243 6101","56.40","","강원특별자치도 춘천시 사농동 808-5","강원특별자치도 춘천시 우두로 62, 1층 (사농동)","24221","파리바게트 춘천원예농협하나로마트점","2023-11-23 15:02:17","U","2023-11-25 02:40:00","제과점영업","264023.258343607","490209.433469564","제과점영업","0","0","","","상수도전용","0","0","0","0","0","","0","0","N","56.4","","","",
"793","제과점영업","07_22_18_P","4181000","4181000-121-2022-00003","2022-03-14","","03","폐업","02","폐업","2024-12-30","","","","","27.62","","강원특별자치도 춘천시 석사동 838-1","강원특별자치도 춘천시 새롬공원길9번길 6-10, 1층 102호 (석사동)","24394","어도어(adore)","2024-12-30 09:24:08","U","2025-01-01 02:40:00","제과점영업","265679.79111718","483715.04367211","제과점영업","0","0","기타","","상수도전용","0","0","0","0","0","","0","0","N","27.62","","","",
"794","제과점영업","07_22_18_P","4181000","4181000-121-2022-00005","2022-04-19","","03","폐업","02","폐업","2023-12-11","","","","","18.00","","강원특별자치도 춘천시 교동 124-4","강원특별자치도 춘천시 춘천로213번길 11, 1층 좌측호 (교동)","24261","오늘좋은날","2023-12-11 17:16:48","U","2023-12-13 02:40:00","제과점영업","264769.243428639","486450.043563451","제과점영업","0","0","","","상수도전용","0","0","0","0","0","","0","0","N","18","","","",
"795","제과점영업","07_22_18_P","4181000","4181000-121-2022-00010","2022-06-07","","03","폐업","02","폐업","2022-07-29","","","","","6.60","","강원특별자치도 춘천시 운교동 142-9","강원특별자치도 춘천시 춘천로 175-1, 1층 (운교동)","24350","거북당카페","2022-07-29 14:18:50","I","2023-06-13 00:00:00","제과점영업","264484.770050261","486253.254315027","제과점영업","0","0","기타","","상수도전용","0","0","0","0","0","","0","0","N","6.6","","","",
"796","제과점영업","07_22_18_P","4181000","4181000-121-2022-00012","2022-06-23","","03","폐업","02","폐업","2024-06-03","","","","","216.17","","강원특별자치도 춘천시 석사동 980","강원특별자치도 춘천시 후석로 120, 1층 107호 (석사동)","24326","파리바게트 NH농협타운점","2024-06-03 16:09:35","U","2024-06-05 02:40:00","제과점영업","265760.750878195","484782.142992886","제과점영업","0","0","","","상수도전용","0","0","0","0","0","","0","0","N","216.17","","","",
"797","제과점영업","07_22_18_P","4181000","4181000-121-2001-00005","2001-11-30","","03","폐업","02","폐업","2007-04-11","","","","033 2538086","15.20","","강원특별자치도 춘천시 후평동 691-1 (2동)","","","빵 굼터","2007-04-11 00:00:00","I","2023-06-13 00:00:00","제과점영업","265598.280731418","486704.055167391","제과점영업","0","0","아파트지역","","상수도전용","0","0","0","0","0","","0","0","N","15.2","","","",
"798","제과점영업","07_22_18_P","4181000","4181000-121-2005-00005","2005-09-30","","03","폐업","02","폐업","2008-12-30","","","","033 2436889","15.00","","강원특별자치도 춘천시 소양로3가 110-1 (춘천농협하나로마트)","","","새하얀풍차과자점","2005-09-30 00:00:00","I","2023-06-13 00:00:00","제과점영업","263597.187815591","487019.948940286","제과점영업","1","1","기타","","상수도전용","0","0","0","0","0","","0","0","N","15","","","",
"799","제과점영업","07_22_18_P","4181000","4181000-121-2005-00007","2005-10-24","","03","폐업","02","폐업","2006-11-30","","","","033 2557344","37.80","","강원특별자치도 춘천시 우두동 1051 (1층)","","","예지네빵나라","2005-10-24 00:00:00","I","2023-06-13 00:00:00","제과점영업","263976.778423701","488987.461431184","제과점영업","0","0","주택가주변","","상수도전용","0","0","0","0","0","","0","0","N","37.8","","","",
"800","제과점영업","07_22_18_P","4181000","4181000-121-2005-00008","2005-11-01","","03","폐업","02","폐업","2006-06-05","","","","","","","강원특별자치도 춘천시 퇴계동 381-1","","","이드프랑","2005-11-01 00:00:00","I","2023-06-13 00:00:00","제과점영업","264048.38885859","484444.290618198","제과점영업","0","0","기타","","상수도전용","0","0","0","0","0","","0","0","N","0","","","",
"801","제과점영업","07_22_18_P","4181000","4181000-121-2005-00009","2005-11-03","","03","폐업","02","폐업","2010-04-30","","","","033 2401052","11.25","","강원특별자치도 춘천시 온의동 511","","","주)신세계이마트춘천점(떡코너)","2010-03-11 09:59:40","I","2023-06-13 00:00:00","제과점영업","263141.943193102","484821.289677657","제과점영업","0","0","기타","","상수도전용","0","0","0","0","0","","0","0","N","11.25","","","",
"802","제과점영업","07_22_18_P","4181000","4181000-121-2006-00001","2006-01-27","","03","폐업","02","폐업","2007-06-21","","","","033 2550489","35.08","","강원특별자치도 춘천시 동내면 거두리 939-2 부영아파트 상가3호","","","크라운베이커리부영점","2006-01-27 00:00:00","I","2023-06-13 00:00:00","제과점영업","266237.994558798","483781.509505524","제과점영업","0","0","","","상수도전용","0","0","0","0","0","","0","0","N","35.08","","","",
"803","제과점영업","07_22_18_P","4181000","4181000-121-2006-00002","2006-02-06","","03","폐업","02","폐업","2009-07-17","","","","033 2539106","17.68","","강원특별자치도 춘천시 운교동 187-6","","","에델바이스","2006-02-06 00:00:00","I","2023-06-13 00:00:00","제과점영업","264570.475093178","486329.701361873","제과점영업","0","0","","","상수도전용","0","0","0","0","0","","0","0","N","17.68","","","",
"804","제과점영업","07_22_18_P","4181000","4181000-121-2006-00003","2006-06-01","","03","폐업","02","폐업","2010-10-25","","","","","21.09","","강원특별자치도 춘천시 후평동 555-4 외1필지(1동, 농협하나로마트)","","","동주베이커리","2007-03-05 00:00:00","I","2023-06-13 00:00:00","제과점영업","265485.940826417","487398.11998959","제과점영업","0","0","기타","","상수도전용","0","0","0","0","0","","0","0","N","21.09","","","",
"805","제과점영업","07_22_18_P","4181000","4181000-121-2007-00007","2007-07-09","","03","폐업","02","폐업","2018-12-21","","","","033 261 8131","86.19","","강원특별자치도 춘천시 석사동 27-2 외2필지(롯데쇼핑(주)롯데마트춘천점)","강원특별자치도 춘천시 세실로 108 (석사동, 롯데마트석사점)","24315","보네스뻬(석사점)","2018-12-21 13:27:35","I","2023-06-13 00:00:00","제과점영업","266737.880921009","485159.020559127","제과점영업","0","0","기타","","상수도전용","0","0","0","0","0","","0","0","N","86.19","","","",
"806","제과점영업","07_22_18_P","4181000","4181000-121-2007-00009","2007-08-22","","03","폐업","02","폐업","2020-02-04","","","","033 263 3989","81.45","","강원특별자치도 춘천시 동내면 거두리 926-5","강원특별자치도 춘천시 동내면 춘천순환로 70 (1층)","24404","뚜레쥬르(거두점)","2020-02-04 11:40:08","I","2023-06-13 00:00:00","제과점영업","266079.306539143","483901.979099313","제과점영업","0","0","주택가주변","","상수도전용","0","0","0","0","0","","0","0","N","81.45","","","",
"807","제과점영업","07_22_18_P","4181000","4181000-121-2007-00010","2007-10-12","","03","폐업","02","폐업","2016-08-12","","","","033 262 2942","8.00","","강원특별자치도 춘천시 석사동 705","강원특별자치도 춘천시 벌말길 111 (석사동, 1층)","24383","쎄븐일레븐제일점","2011-11-18 09:43:54","I","2023-06-13 00:00:00","제과점영업","265006.527733538","484654.279627469","제과점영업","0","0","아파트지역","","상수도전용","0","0","0","0","0","","0","0","N","8","","","",
"808","제과점영업","07_22_18_P","4181000","4181000-121-2007-00011","2007-11-01","","03","폐업","02","폐업","2020-11-27","","","","033 261 3607","68.44","","강원특별자치도 춘천시 퇴계동 187-5","강원특별자치도 춘천시 김유정로 1881 (퇴계동, 1층)","24432","뚜레쥬르퇴계점","2020-11-27 09:49:30","I","2023-06-13 00:00:00","제과점영업","264750.226310888","483790.551956667","제과점영업","0","0","주택가주변","","상수도전용","0","0","0","0","0","","0","0","N","68.44","","","",
"809","제과점영업","07_22_18_P","4181000","4181000-121-2007-00013","2007-12-06","","03","폐업","02","폐업","2017-05-22","","","","033 252 6777","55.51","","강원특별자치도 춘천시 후평동 701-8","강원특별자치도 춘천시 후석로 326 (후평동, 엠타워빌딩 105,106호)","24304","뚜레쥬르춘천후평점","2017-05-22 10:12:09","I","2023-06-13 00:00:00","제과점영업","265931.855070483","486647.974415337","제과점영업","0","0","기타","","상수도전용","0","0","0","0","0","","0","0","N","55.51","","","",
"810","제과점영업","07_22_18_P","4181000","4181000-121-2008-00001","2008-04-22","","03","폐업","02","폐업","2012-09-06","","","","033 254 3807","85.73","","강원특별자치도 춘천시 중앙로2가 1","강원특별자치도 춘천시 명동길 2 (중앙로2가)","24353","뚜레쥬르춘천명동점","2011-11-24 13:23:55","I","2023-06-13 00:00:00","제과점영업","263969.798519834","486632.352933608","제과점영업","0","0","기타","","상수도전용","0","0","0","0","0","","0","0","N","85.73","","","",
"811","제과점영업","07_22_18_P","4181000","4181000-121-2008-00002","2008-04-25","","03","폐업","02","폐업","2008-11-14","","","","033 2435435","10.50","","강원특별자치도 춘천시 조양동 136-5 (1층)","","","천안명품호두과자","2008-04-25 15:50:35","I","2023-06-13 00:00:00","제과점영업","263966.683887103","486484.317405147","제과점영업","0","0","기타","","상수도전용","0","0","0","0","0","","0","0","N","10.5","","","",
"812","제과점영업","07_22_18_P","4181000","4181000-121-2016-00024","2016-10-13","","03","폐업","02","폐업","2020-12-10","","","","033 252 5426","26.00","","강원특별자치도 춘천시 퇴계동 1018","강원특별자치도 춘천시 지석로 74-11, 퇴계시장형상가 A-12호 (퇴계동)","24420","아내들의작업실","2020-12-10 10:02:54","I","2023-06-13 00:00:00","제과점영업","265346.955057411","483293.365700144","제과점영업","0","0","기타","","상수도전용","0","0","0","0","0","","0","0","N","26","","","",
"813","제과점영업","07_22_18_P","4181000","4181000-121-2016-00025","2016-10-18","","03","폐업","02","폐업","2017-01-13","","","","","18.97","","강원특별자치도 춘천시 석사동 958-6","강원특별자치도 춘천시 스무숲3길 28, 1층 (석사동)","24416","유동부치아바타","2016-10-18 11:56:10","I","2023-06-13 00:00:00","제과점영업","266101.755608393","483052.701455506","제과점영업","0","0","기타","","상수도전용","0","0","0","0","0","","0","0","N","18.97","","","",
"814","제과점영업","07_22_18_P","4181000","4181000-121-2016-00026","2016-10-26","","03","폐업","02","폐업","2025-09-29","","","","033 253 8556","76.25","","강원특별자치도 춘천시 소양로2가 146-3","강원특별자치도 춘천시 금강로13번길 26, 2층 (소양로2가)","24272","티라미수","2025-09-29 16:53:26","U","2025-10-01 02:40:00","제과점영업","263729.414759763","487083.857741439","제과점영업","0","0","주택가주변","","상수도전용","0","0","0","0","0","","0","0","N","76.25","","","",
"815","제과점영업","07_22_18_P","4181000","4181000-121-2016-00027","2016-11-21","","03","폐업","02","폐업","2021-01-06","","","","033 241 0020","485.84","","강원특별자치도 춘천시 동면 월곡리 246 외1필지","강원특별자치도 춘천시 동면 금옥길 228, 1층","24211","그빵집","2021-01-06 11:02:01","I","2023-06-13 00:00:00","제과점영업","270783.171860065","491199.33958967","제과점영업","0","0","기타","","상수도전용","0","0","0","0","0","","0","0","N","485.84","","","",
"816","제과점영업","07_22_18_P","4181000","4181000-121-2016-00029","2016-12-12","","03","폐업","02","폐업","2017-09-26","","","","","36.31","","강원특별자치도 춘천시 온의동 587-3","강원특별자치도 춘천시 춘천로17번길 31, 1층 126호 (온의동, 더스위트캐슬)","24364","대왕통카스테라","2017-09-26 11:50:06","I","2023-06-13 00:00:00","제과점영업","263160.872805759","485210.738426853","제과점영업","0","0","기타","","상수도전용","0","0","0","0","0","","0","0","N","36.31","","","",
"817","제과점영업","07_22_18_P","4181000","4181000-121-2016-00030","2016-12-14","","03","폐업","02","폐업","2017-02-20","","","","","16.50","","강원특별자치도 춘천시 석사동 661-7","강원특별자치도 춘천시 효석로 145, 1층 (석사동)","24388","쿠키마루","2016-12-14 11:02:21","I","2023-06-13 00:00:00","제과점영업","265426.725610305","484078.297085719","제과점영업","0","0","기타","","상수도전용","0","0","0","0","0","","0","0","N","16.5","","","",
"818","제과점영업","07_22_18_P","4181000","4181000-121-2017-00001","2017-02-21","","03","폐업","02","폐업","2020-02-28","","","","","37.50","","강원특별자치도 춘천시 후평동 880-5","강원특별자치도 춘천시 세실로192번길 12-1, 1층 (후평동)","24307","제멜로스(GEMELOS)","2020-02-28 11:58:07","I","2023-06-13 00:00:00","제과점영업","266738.152890034","486052.285432973","제과점영업","0","0","기타","","상수도전용","0","0","0","0","0","","0","0","N","37.5","","","",
"819","제과점영업","07_22_18_P","4181000","4181000-121-2017-00002","2017-02-24","","03","폐업","02","폐업","2020-08-31","","","","","3.00","","강원특별자치도 춘천시 후평동 870","강원특별자치도 춘천시 후만로116번길 14, 1층 (후평동, 초록할인마트)","24307","케익나라(초록할인마트)","2020-08-31 17:29:55","I","2023-06-13 00:00:00","제과점영업","266582.407466342","486188.330988454","제과점영업","0","0","기타","","상수도전용","0","0","0","0","0","","0","0","N","3","","","",
"820","제과점영업","07_22_18_P","4181000","4181000-121-2017-00004","2017-05-18","","03","폐업","02","폐업","2019-12-26","","","","","39.39","","강원특별자치도 춘천시 교동 113-111","강원특별자치도 춘천시 춘천로213번길 25, 1층 (교동)","24261","갓구운갓빵","2019-12-26 16:32:01","I","2023-06-13 00:00:00","제과점영업","264766.402489747","486578.066996271","제과점영업","0","0","기타","","상수도전용","0","0","0","0","0","","0","0","N","39.39","","","",
"821","제과점영업","07_22_18_P","4181000","4181000-121-2018-00015","2018-08-24","","03","폐업","02","폐업","2018-12-17","","","","","3.30","","강원특별자치도 춘천시 낙원동 118-8","강원특별자치도 춘천시 중앙로 108, 드림수퍼내 1층 (낙원동)","24274","하루에베이커리중앙점","2018-12-17 15:43:57","I","2023-06-13 00:00:00","제과점영업","263535.46260752","486295.477462735","제과점영업","0","0","기타","","","0","0","0","0","0","","0","0","N","3.3","","","",
"822","제과점영업","07_22_18_P","4181000","4181000-121-2018-00017","2018-09-17","","03","폐업","02","폐업","2020-10-05","","","","033 257 0892","51.20","","강원특별자치도 춘천시 후평동 701-5","강원특별자치도 춘천시 보안길 59, 1층 (후평동)","24304","2018브레드","2020-10-05 15:28:27","I","2023-06-13 00:00:00","제과점영업","265965.402738825","486616.729254584","제과점영업","0","0","기타","","상수도전용","0","0","0","0","0","","0","0","N","51.2","","","",
"823","제과점영업","07_22_18_P","4181000","4181000-121-2018-00018","2018-10-18","","03","폐업","02","폐업","2020-12-08","","","","","53.47","","강원특별자치도 춘천시 석사동 750-7","강원특별자치도 춘천시 애막골길7번길 1, 1층 (석사동)","24323","꼬롱","2020-12-08 09:16:56","I","2023-06-13 00:00:00","제과점영업","265952.474605299","485006.107979443","제과점영업","0","0","","","상수도전용","0","0","0","0","0","","0","0","N","53.47","","","",
"824","제과점영업","07_22_18_P","4181000","4181000-121-2018-00019","2018-11-30","","03","폐업","02","폐업","2020-03-17","","","","070 44385758","11.25","","강원특별자치도 춘천시 온의동 511 이마트","강원특별자치도 춘천시 경춘로 2353, 이마트 1층 (온의동)","24435","토끼방앗간춘천점","2020-03-17 11:26:09","I","2023-06-13 00:00:00","제과점영업","263141.943193102","484821.289677657","제과점영업","0","0","","","상수도전용","0","0","0","0","0","","0","0","N","11.25","","","",
"825","제과점영업","07_22_18_P","4181000","4181000-121-2018-00020","2018-12-10","","03","폐업","02","폐업","2025-09-18","","","","","25.74","","강원특별자치도 춘천시 효자동 44-37","강원특별자치도 춘천시 성심로 82, 1층 (효자동)","24294","슬기네달고나","2025-09-18 09:57:57","U","2025-09-20 02:40:00","제과점영업","265220.712483456","486259.04557291","제과점영업","0","0","기타","","상수도전용","0","0","0","0","0","","0","0","N","25.74","","","",
"826","제과점영업","07_22_18_P","4181000","4181000-121-2018-00021","2018-12-17","","03","폐업","02","폐업","2020-12-15","","","","","3.30","","강원특별자치도 춘천시 효자동 317","강원특별자치도 춘천시 백령로 18, 호반마트내 1층 (효자동)","24343","하루에베이커리강대점","2020-12-15 15:49:50","I","2023-06-13 00:00:00","제과점영업","264806.524922451","485056.558115443","제과점영업","0","0","기타","","상수도전용","0","0","0","0","0","","0","0","N","3.3","","","",
"827","제과점영업","07_22_18_P","4181000","4181000-121-2019-00001","2019-01-02","","03","폐업","02","폐업","2020-10-30","","","","","78.14","","강원특별자치도 춘천시 후평동 735-19","강원특별자치도 춘천시 만천로205번길 15, 1층 (후평동)","24297","그랑드포레","2020-10-30 16:40:38","I","2023-06-13 00:00:00","제과점영업","266183.327083543","487353.966937001","제과점영업","0","0","","","상수도전용","0","0","0","0","0","","0","0","N","78.14","","","",
"828","제과점영업","07_22_18_P","4181000","4181000-121-2019-00004","2019-03-18","","03","폐업","02","폐업","2023-12-29","","","","","39.76","","강원특별자치도 춘천시 온의동 541","강원특별자치도 춘천시 충혼길44번길 3, 1층 (온의동)","24437","모먼트1호점","2023-12-29 15:53:14","U","2023-12-31 02:40:00","제과점영업","263333.350560635","484479.168975028","제과점영업","0","0","","","상수도전용","0","0","0","0","0","","0","0","N","39.76","","","",
"829","제과점영업","07_22_18_P","4181000","4181000-121-2019-00005","2019-03-18","","03","폐업","02","폐업","2022-07-28","","","","","74.08","","강원특별자치도 춘천시 온의동 130-11","강원특별자치도 춘천시 터미널길 8-2, 1층 (온의동)","24435","모먼트2호점","2022-07-28 16:05:56","I","2023-06-13 00:00:00","제과점영업","263219.71900971","485002.618074576","제과점영업","0","0","","","상수도전용","0","0","0","0","0","","0","0","N","74.08","","","",
"830","제과점영업","07_22_18_P","4181000","4181000-121-2019-00006","2019-03-18","","03","폐업","02","폐업","2019-04-10","","","","","86.19","","강원특별자치도 춘천시 석사동 27-2 롯데마트 석사점","강원특별자치도 춘천시 세실로 108, 롯데마트 석사점 1층 (석사동)","24315","파파브레드","2019-04-10 11:04:13","I","2023-06-13 00:00:00","제과점영업","266737.880921009","485159.020559127","제과점영업","0","0","","","상수도전용","0","0","0","0","0","","0","0","N","86.19","","","",
"831","제과점영업","07_22_18_P","4181000","4181000-121-2019-00008","2019-05-27","","03","폐업","02","폐업","2024-06-03","","","","","54.44","","강원특별자치도 춘천시 동내면 거두리 770-11","강원특별자치도 춘천시 동내면 춘천순환로94번길 31, 지하1층","24399","고르씨에","2024-06-03 11:50:31","U","2024-06-05 02:40:00","제과점영업","266436.097543651","483730.947768038","제과점영업","0","0","","","상수도전용","0","0","0","0","0","","0","0","N","54.44","","","",
"832","제과점영업","07_22_18_P","4181000","4181000-121-2019-00009","2019-05-27","","03","폐업","02","폐업","2020-06-01","","","","033 242 1042","70.50","","강원특별자치도 춘천시 온의동 587","강원특별자치도 춘천시 춘천로17번길 37, 2층 (온의동)","24364","헤세","2020-06-01 16:59:41","I","2023-06-13 00:00:00","제과점영업","263108.030301111","485251.71101301","제과점영업","0","0","기타","","상수도전용","0","0","0","0","0","","0","0","N","70.5","","","",
"833","제과점영업","07_22_18_P","4181000","4181000-121-2019-00010","2019-09-23","","03","폐업","02","폐업","2020-12-15","","","","","3.30","","강원특별자치도 춘천시 동내면 학곡리 62-6","강원특별자치도 춘천시 동내면 원창고개길 216, 지하1층","24408","하루에베이커리학곡점","2020-12-15 15:48:16","I","2023-06-13 00:00:00","제과점영업","267247.809255879","480860.55115254","제과점영업","0","0","기타","","상수도전용","0","0","0","0","0","","0","0","N","3.3","","","",
"834","제과점영업","07_22_18_P","4181000","4181000-121-2011-00006","2011-06-20","","03","폐업","02","폐업","2019-12-17","","","","033 252 0071","20.79","","강원특별자치도 춘천시 중앙로2가 37-1","강원특별자치도 춘천시 중앙로 71, 1층 (중앙로2가)","24354","빵집","2019-12-17 15:50:36","I","2023-06-13 00:00:00","제과점영업","263818.989477962","486499.015115582","제과점영업","0","0","기타","","상수도전용","0","0","0","0","0","","0","0","N","20.79","","","",
"835","제과점영업","07_22_18_P","4181000","4181000-121-2011-00008","2011-09-26","","03","폐업","02","폐업","2022-10-25","","","","033 250 7411","23.25","","강원특별자치도 춘천시 효자동 192-1","강원특별자치도 춘천시 강원대학길 1 (효자동, 60주년기념관)","24341","뚜레쥬르(강원대학교점)","2022-10-25 15:16:07","I","2023-06-13 00:00:00","제과점영업","265481.557982219","485420.871953344","제과점영업","0","0","학교정화(절대)","","상수도전용","0","0","0","0","0","","0","0","N","23.25","","","",
"836","제과점영업","07_22_18_P","4181000","4181000-121-2011-00009","2011-11-07","","03","폐업","02","폐업","2024-04-04","","","","033 251 0098","50.40","","강원특별자치도 춘천시 효자동 608-3","강원특별자치도 춘천시 도화길 3-1, 1층 (효자동)","24331","더베이커리(The bakery)","2024-04-08 10:28:33","U","2024-04-10 02:40:00","제과점영업","264859.370145672","486108.787432631","제과점영업","0","0","기타","","상수도전용","0","0","0","0","0","","0","0","N","50.4","","","",
"837","제과점영업","07_22_18_P","4181000","4181000-121-2011-00010","2011-11-14","","03","폐업","02","폐업","2016-02-19","","","","070 86005663","37.25","","강원특별자치도 춘천시 온의동 544-4","강원특별자치도 춘천시 충혼길52번길 9-1 (온의동, 1층 우측)","24438","제이미케익","2011-11-23 10:53:49","I","2023-06-13 00:00:00","제과점영업","263239.684860094","484426.344193616","제과점영업","0","0","학교정화(절대)","","상수도전용","0","0","0","0","0","","0","0","N","37.25","","","",
"838","제과점영업","07_22_18_P","4181000","4181000-121-2012-00001","2012-02-24","","03","폐업","02","폐업","2021-10-28","","","","","46.45","","강원특별자치도 춘천시 남산면 창촌리 137-5","강원특별자치도 춘천시 남산면 한치로 119","24465","하나로베이커리","2021-10-28 09:37:19","I","2023-06-13 00:00:00","제과점영업","256980.20288539","476349.199509229","제과점영업","0","0","기타","","상수도전용","0","0","0","0","0","","0","0","N","46.45","","","",
"839","제과점영업","07_22_18_P","4181000","4181000-121-2012-00002","2012-03-07","","03","폐업","02","폐업","2015-08-03","","","","","50.29","","강원특별자치도 춘천시 신북읍 율문리 318-44 (1층)","강원특별자치도 춘천시 신북읍 신북로 18 (1층)","24205","미라클베이커리","2013-08-27 16:28:45","I","2023-06-13 00:00:00","제과점영업","266031.719550582","491841.839517075","제과점영업","0","0","주택가주변","","상수도전용","0","0","0","0","0","","0","0","N","50.29","","","",
"840","제과점영업","07_22_18_P","4181000","4181000-121-2012-00003","2012-03-29","","03","폐업","02","폐업","2023-12-15","","","","033 251 8724","29.90","","강원특별자치도 춘천시 운교동 206-8","강원특별자치도 춘천시 춘천로 191 (운교동)","24350","갓구운빵굽터내","2023-12-15 11:47:00","U","2023-12-17 02:40:00","제과점영업","264628.950401302","486276.032412981","제과점영업","0","0","기타","","상수도전용","0","0","0","0","0","","0","0","N","29.9","","","",
"841","제과점영업","07_22_18_P","4181000","4181000-121-2012-00004","2012-05-17","","03","폐업","02","폐업","2015-02-12","","","","033 262 5933","31.92","","강원특별자치도 춘천시 석사동 728-3","강원특별자치도 춘천시 후석로186번길 6 (석사동)","24323","정베이커리","2014-03-10 10:20:23","I","2023-06-13 00:00:00","제과점영업","266174.982471759","485266.806590284","제과점영업","0","0","주택가주변","","","0","0","0","0","0","","0","0","N","31.92","","","",
"842","제과점영업","07_22_18_P","4181000","4181000-121-2012-00005","2012-06-04","","03","폐업","02","폐업","2014-04-22","","","","033 252 5609","34.07","","강원특별자치도 춘천시 운교동 136-1 (1층)","강원특별자치도 춘천시 춘천로 171 (운교동, 1층)","24350","베이커리파티","2012-06-19 19:35:38","I","2023-06-13 00:00:00","제과점영업","264449.151975653","486253.873927625","제과점영업","0","0","유흥업소밀집지역","","상수도전용","0","0","0","0","0","","0","0","N","34.07","","","",
"843","제과점영업","07_22_18_P","4181000","4181000-121-2012-00006","2012-06-14","","03","폐업","02","폐업","2017-12-14","","","","033 241 2430","11.75","","강원특별자치도 춘천시 후평동 743-12","강원특별자치도 춘천시 동광길 23 (후평동)","24296","동주베이커리","2017-12-14 16:11:45","I","2023-06-13 00:00:00","제과점영업","266054.959556459","487512.721893419","제과점영업","0","0","주택가주변","","상수도전용","0","0","0","0","0","","0","0","N","11.75","","","",
"844","제과점영업","07_22_18_P","4181000","4181000-121-2012-00008","2012-06-28","","03","폐업","02","폐업","2013-06-17","","","","","2.00","","강원특별자치도 춘천시 온의동 6-25","강원특별자치도 춘천시 방송길 84 (온의동)","24364","대연아이티씨(주)","2012-07-12 20:36:11","I","2023-06-13 00:00:00","제과점영업","263109.175778889","485355.40305733","제과점영업","0","0","기타","","","0","0","0","0","0","","0","0","N","2","","","",
"845","제과점영업","07_22_18_P","4181000","4181000-121-2014-00009","2014-07-04","","03","폐업","02","폐업","2020-10-07","","","","033 264 9779","80.90","","강원특별자치도 춘천시 석사동 840-14","강원특별자치도 춘천시 새롬공원길5번길 12, 1층 (석사동)","24394","힐로커피","2020-10-07 15:51:02","I","2023-06-13 00:00:00","제과점영업","265578.54400193","483687.421494207","제과점영업","0","0","기타","","상수도전용","0","0","0","0","0","","0","0","N","80.9","","","",
"846","제과점영업","07_22_18_P","4181000","4181000-121-2014-00010","2014-07-04","","03","폐업","02","폐업","2018-01-16","","","","033 255 2170","32.69","","강원특별자치도 춘천시 후평동 701-12 102호","강원특별자치도 춘천시 후석로326번길 5, 1층 102호 (후평동)","24299","퐁듀(후평점)","2018-01-16 10:06:15","I","2023-06-13 00:00:00","제과점영업","265920.32768946","486694.483729324","제과점영업","0","0","기타","","상수도전용","0","0","0","0","0","","0","0","N","32.69","","","",
"847","제과점영업","07_22_18_P","4181000","4181000-121-2014-00011","2014-07-04","","03","폐업","02","폐업","2017-12-14","","","","","10.80","","강원특별자치도 춘천시 소양로2가 183 e-편한아파트 상가동","강원특별자치도 춘천시 서부대성로 33, 상가동 (소양로2가, e-편한아파트)","24269","케익나라(e편한점)","2017-12-14 16:14:48","I","2023-06-13 00:00:00","제과점영업","263878.241313981","487229.601235969","제과점영업","0","0","주택가주변","","상수도전용","0","0","0","0","0","","0","0","N","10.8","","","",
"848","제과점영업","07_22_18_P","4181000","4181000-121-2014-00013","2014-07-23","","03","폐업","02","폐업","2014-08-07","","","","","13.20","","강원특별자치도 춘천시 온의동 511 1층","강원특별자치도 춘천시 경춘로 2341, 1층 (온의동)","24435","데이앤데이춘천점2","2017-08-11 15:23:39","I","2023-06-13 00:00:00","제과점영업","263141.943193102","484821.289677657","제과점영업","0","0","기타","","상수도전용","0","0","0","0","0","","0","0","N","13.2","","","",
"849","제과점영업","07_22_18_P","4181000","4181000-121-2014-00014","2014-11-27","","03","폐업","02","폐업","2017-04-24","","","","","6.44","","강원특별자치도 춘천시 후평동 754-4","강원특별자치도 춘천시 만천로 239, 1층 (후평동, MS마트내)","24296","케익나라(만천점)","2017-08-11 15:23:23","I","2023-06-13 00:00:00","제과점영업","266287.78595299","487761.668304929","제과점영업","0","0","기타","","상수도전용","0","0","0","0","0","","0","0","N","6.44","","","",
"850","제과점영업","07_22_18_P","4181000","4181000-121-2015-00001","2015-01-05","","03","폐업","02","폐업","2017-08-30","","","","","47.52","","강원특별자치도 춘천시 운교동 107-2","강원특별자치도 춘천시 운교길 2, 2층 (운교동)","24351","달콤상상","2017-08-30 16:12:39","I","2023-06-13 00:00:00","제과점영업","264319.570034186","486231.510344232","제과점영업","0","0","유흥업소밀집지역","","상수도전용","0","0","0","0","0","","0","0","N","47.52","","","",
"851","제과점영업","07_22_18_P","4181000","4181000-121-2015-00004","2015-08-03","","03","폐업","02","폐업","2017-02-10","","","","033 241 0353","50.29","","강원특별자치도 춘천시 신북읍 율문리 318-44","강원특별자치도 춘천시 신북읍 신북로 18, 1층","24205","미라클베이커리","2015-08-03 15:42:13","I","2023-06-13 00:00:00","제과점영업","266031.719550582","491841.839517075","제과점영업","0","0","기타","","상수도전용","0","0","0","0","0","","0","0","N","50.29","","","",
"852","제과점영업","07_22_18_P","4181000","4181000-121-2015-00005","2015-09-01","","03","폐업","02","폐업","2021-08-30","","","","033 261 1242","30.40","","강원특별자치도 춘천시 석사동 725-1","강원특별자치도 춘천시 우석로101번길 37, 1층 (석사동)","24320","오븐아트(Oven Art)","2021-08-30 15:03:14","I","2023-06-13 00:00:00","제과점영업","266443.17576386","485234.879872199","제과점영업","0","0","","","상수도전용","0","0","0","0","0","","0","0","N","30.4","","","",
"853","제과점영업","07_22_18_P","4181000","4181000-121-2015-00006","2015-09-15","","03","폐업","02","폐업","2021-01-26","","","","033 258 2000","67.80","","강원특별자치도 춘천시 효자동 17-1","강원특별자치도 춘천시 백령로 156, 1층 (효자동, 어린이병동)","24289","뚜레주르강원대병원점","2021-01-26 11:09:09","I","2023-06-13 00:00:00","제과점영업","265438.256393839","486072.554860519","제과점영업","0","0","기타","","상수도전용","0","0","0","0","0","","0","0","N","67.8","","","",
"854","제과점영업","07_22_18_P","4181000","4181000-121-2019-00011","2019-09-30","","03","폐업","02","폐업","2020-08-26","","","","033 263 4647","150.59","","강원특별자치도 춘천시 동내면 거두리 1062-2","강원특별자치도 춘천시 동내면 외솔길19번길 80-34, 1층","24401","유동부치아바타","2020-08-26 11:16:56","I","2023-06-13 00:00:00","제과점영업","266708.277938401","484167.842761172","제과점영업","0","0","기타","","상수도전용","0","0","0","0","0","","0","0","N","150.59","","","",
"855","제과점영업","07_22_18_P","4181000","4181000-121-2019-00012","2019-11-11","","03","폐업","02","폐업","2024-12-26","","","","","32.60","","강원특별자치도 춘천시 퇴계동 1240","강원특별자치도 춘천시 안마산로 115, A동 1층 104호 (퇴계동)","24448","병관이네과자점한숲점","2024-12-26 13:35:04","U","2024-12-28 02:40:00","제과점영업","264260.591704341","483777.59503768","제과점영업","0","0","기타","","상수도전용","0","0","0","0","0","","0","0","N","32.6","","","",
"856","제과점영업","07_22_18_P","4181000","4181000-121-2019-00013","2019-11-11","","03","폐업","02","폐업","2021-05-25","","","","","3.00","","강원특별자치도 춘천시 후평동 692-2","강원특별자치도 춘천시 춘천로 300, 원마트내 1층 (후평동)","24277","거북당후평점","2021-05-25 16:25:15","I","2023-06-13 00:00:00","제과점영업","265595.555467962","486760.924808177","제과점영업","0","0","기타","기타","상수도전용","0","0","0","0","0","","0","0","N","3","","","",
"857","제과점영업","07_22_18_P","4181000","4181000-121-2019-00014","2019-01-07","","03","폐업","02","폐업","2023-11-07","","","","","30.40","","강원특별자치도 춘천시 우두동 1096","강원특별자치도 춘천시 우두1길 25, 104호 (우두동)","24221","봄내베이킹","2023-11-07 17:23:14","U","2023-11-09 02:40:00","제과점영업","264874.807113703","490040.096831026","제과점영업","0","0","기타","","","0","0","0","0","0","","0","0","N","30.4","","","",
"858","제과점영업","07_22_18_P","4181000","4181000-121-2020-00001","2020-01-31","","03","폐업","02","폐업","2025-09-01","","","","","3.30","","강원특별자치도 춘천시 효자동 179-1 벨몽드마트","강원특별자치도 춘천시 미려골길 23, 벨몽드마트 1층 (효자동)","24340","쁘띠마망효자점","2025-09-01 10:30:05","U","2025-09-03 02:40:00","제과점영업","264712.110272309","485604.191381465","제과점영업","0","0","기타","","상수도전용","0","0","0","0","0","","0","0","N","3.3","","","",
"859","제과점영업","07_22_18_P","4181000","4181000-121-2020-00002","2020-02-04","","03","폐업","02","폐업","2021-01-06","","","","033 251 4350","595.36","","강원특별자치도 춘천시 동면 월곡리 264","강원특별자치도 춘천시 동면 금옥길 239, 1~3층","24211","그빵집시즌2","2021-03-08 20:21:12","I","2023-06-13 00:00:00","제과점영업","270791.93911628","491312.621219587","제과점영업","0","0","기타","","상수도전용","0","0","0","0","0","","0","0","N","595.36","","","",
"860","제과점영업","07_22_18_P","4181000","4181000-121-2020-00006","2020-03-11","","03","폐업","02","폐업","2021-03-24","","","","","32.00","","강원특별자치도 춘천시 죽림동 4-4","강원특별자치도 춘천시 중앙로77번길 39-2, 303호 (죽림동)","24353","동감춘천닭갈비빵","2021-03-24 14:41:27","I","2023-06-13 00:00:00","제과점영업","264096.655682719","486379.03263915","제과점영업","0","0","","","상수도전용","0","0","0","0","0","","0","0","N","32","","","",
"861","제과점영업","07_22_18_P","4181000","4181000-121-2020-00007","2020-03-26","","03","폐업","02","폐업","2024-12-16","","","","033 241 5556","72.00","","강원특별자치도 춘천시 퇴계동 1240","강원특별자치도 춘천시 안마산로 115, 이편한세상 춘천 한숲시티상가 A2동 1층 101,102호 (퇴계동)","24448","뚜레쥬르춘천한숲씨티점","2024-12-16 16:24:23","U","2024-12-18 02:40:00","제과점영업","264260.591704341","483777.59503768","제과점영업","0","0","기타","","상수도전용","0","0","0","0","0","","0","0","N","72","","","",
"862","제과점영업","07_22_18_P","4181000","4181000-121-2020-00010","2020-05-12","","03","폐업","02","폐업","2023-06-14","","","","033 252 8254","40.00","","강원특별자치도 춘천시 후평동 701-8","강원특별자치도 춘천시 후석로 326, 1층 109호 (후평동)","24304","빵장수단팥빵후평점","2023-06-14 16:57:21","U","2023-06-17 02:40:00","제과점영업","265931.855070483","486647.974415337","제과점영업","0","0","기타","","상수도전용","0","0","0","0","0","","0","0","N","40","","","",
"863","제과점영업","07_22_18_P","4181000","4181000-121-2020-00013","2020-07-13","","03","폐업","02","폐업","2023-06-15","","","","033 241 5999","193.23","","강원특별자치도 춘천시 신북읍 천전리 38-27","강원특별자치도 춘천시 신북읍 신샘밭로 763-1, 주건축물제1동 1,2층","24204","소소록","2023-06-15 10:20:28","U","2023-06-17 02:40:00","제과점영업","269704.83034584","492592.477067324","제과점영업","0","0","기타","","상수도전용","0","0","0","0","0","","0","0","Y","193.23","","","",
"864","제과점영업","07_22_18_P","4181000","4181000-121-2020-00014","2020-07-14","","03","폐업","02","폐업","2021-05-18","","","","033 241 5999","5.00","","강원특별자치도 춘천시 신북읍 천전리 38-26","강원특별자치도 춘천시 신북읍 신샘밭로 763, 통나무집 닭갈비내","24204","소소록1","2021-05-18 13:48:59","I","2023-06-13 00:00:00","제과점영업","269671.978131941","492558.379854347","제과점영업","0","0","기타","","상수도전용","0","0","0","0","0","","0","0","N","5","","","",
"865","제과점영업","07_22_18_P","4181000","4181000-121-2020-00015","2020-07-14","","03","폐업","02","폐업","2021-05-18","","","","033 241 5999","5.00","","강원특별자치도 춘천시 신북읍 천전리 97-1","강원특별자치도 춘천시 신북읍 신샘밭로 663, 통나무집닭갈비분점내 1층","24204","소소록3","2021-05-18 13:48:11","I","2023-06-13 00:00:00","제과점영업","268804.76873262","492243.370985301","제과점영업","0","0","기타","","상수도전용","0","0","0","0","0","","0","0","N","5","","","",
"866","제과점영업","07_22_18_P","4181000","4181000-121-1972-00001","1972-05-18","","03","폐업","02","폐업","2007-03-27","","","","","44.19","","강원특별자치도 춘천시 소양로1가 99-27 ,28,29,30","","","다모아 베이커리","2002-07-09 00:00:00","I","2023-06-13 00:00:00","제과점영업","263775.470769145","487971.692216174","제과점영업","0","0","","","상수도전용","0","0","0","0","0","","0","0","N","44.19","","","",
"867","제과점영업","07_22_18_P","4181000","4181000-121-2021-00006","2021-03-10","","03","폐업","02","폐업","2022-12-13","","","","033 255 8553","43.05","","강원특별자치도 춘천시 퇴계동 1170-8","강원특별자치도 춘천시 남춘로5번길 18-4, 1층 (퇴계동)","24369","위모꼬지","2022-12-13 15:24:15","I","2023-06-13 00:00:00","제과점영업","264018.094222426","484741.881445805","제과점영업","0","0","기타","","상수도전용","0","0","0","0","0","","0","0","N","43.05","","","",
"868","제과점영업","07_22_18_P","4181000","4181000-121-2021-00007","2021-03-19","","03","폐업","02","폐업","2023-07-27","","","","","3.30","","강원특별자치도 춘천시 온의동 65-44","강원특별자치도 춘천시 스포츠타운길 533 (예스마트 금호점) 1층 (온의동)","24429","하루에베이커리온의점","2023-07-27 13:20:45","U","2023-07-29 02:40:00","제과점영업","262808.456357804","485405.244083934","제과점영업","0","0","기타","","상수도전용","0","0","0","0","0","","0","0","N","3.3","","","",
"869","제과점영업","07_22_18_P","4181000","4181000-121-2021-00009","2021-04-21","","03","폐업","02","폐업","2024-05-31","","","","070 88380510","43.70","","강원특별자치도 춘천시 동내면 거두리 1022-2","강원특별자치도 춘천시 동내면 외솔길19번길 49-22, 1층","24400","키에이크(kake)","2024-05-31 09:33:14","U","2024-06-02 02:40:00","제과점영업","266555.474245106","484207.523623998","제과점영업","0","0","기타","","상수도전용","0","0","0","0","0","","0","0","N","43.7","","","",
"870","제과점영업","07_22_18_P","4181000","4181000-121-2021-00012","2021-06-17","","03","폐업","02","폐업","2023-10-04","","","","","36.00","","강원특별자치도 춘천시 효자동 613-11","강원특별자치도 춘천시 두하길 7, 1층 (효자동)","24294","맛나베이커리","2023-10-04 13:07:12","U","2023-10-06 02:40:00","제과점영업","265075.353292603","486109.602986629","제과점영업","0","0","아파트지역","기타","상수도전용","0","0","0","0","0","","0","0","N","36","","","",
"871","제과점영업","07_22_18_P","4181000","4181000-121-2021-00013","2021-07-01","","03","폐업","02","폐업","2023-12-08","","","","","57.74","","강원특별자치도 춘천시 퇴계동 111-23","강원특별자치도 춘천시 김유정로 1852-35, 5층 (퇴계동)","24422","지음스튜디오","2023-12-08 14:28:43","U","2023-12-10 02:40:00","제과점영업","264704.740434933","483439.991722211","제과점영업","0","0","주택가주변","기타","상수도전용","0","0","0","0","0","","0","0","N","57.74","","","",
"872","제과점영업","07_22_18_P","4181000","4181000-121-2021-00014","2021-07-09","","03","폐업","02","폐업","2024-11-08","","","","033 243 2111","149.97","","강원특별자치도 춘천시 동면 월곡리 246","강원특별자치도 춘천시 동면 금옥길 228, D동 1층","24211","달아실카페","2024-11-08 14:10:24","U","2024-11-10 02:40:00","제과점영업","270783.171860065","491199.33958967","제과점영업","0","0","기타","","상수도전용","0","0","0","0","0","","0","0","N","149.97","","","",
"873","제과점영업","07_22_18_P","4181000","4181000-121-2021-00016","2021-07-30","","03","폐업","02","폐업","2025-04-21","","","","","45.00","","강원특별자치도 춘천시 요선동 155-1","강원특별자치도 춘천시 서부대성로44번길 8, 1층 (요선동)","24271","플라베","2025-04-21 09:21:38","U","2025-04-23 02:40:00","제과점영업","263928.893227926","486932.757187726","제과점영업","0","0","기타","","상수도전용","0","0","0","0","0","","0","0","N","45","","","",
"874","제과점영업","07_22_18_P","4181000","4181000-121-2021-00017","2021-08-18","","03","폐업","02","폐업","2023-02-15","","","","070 41154650","88.54","","강원특별자치도 춘천시 근화동 797-5","강원특별자치도 춘천시 당간지주길 74, 1층 (근화동)","24241","주식회사프레즌트퍼펙트(레귤러커피바)","2023-02-15 16:18:08","I","2023-06-13 00:00:00","제과점영업","263585.371336082","487980.714652331","제과점영업","0","0","","","상수도전용","0","0","0","0","0","","0","0","N","88.54","","","",
"875","제과점영업","07_22_18_P","4181000","4181000-121-2021-00018","2021-08-18","","03","폐업","02","폐업","2022-12-30","","","","","10.00","","강원특별자치도 춘천시 동면 장학리 139-76","강원특별자치도 춘천시 동면 순환대로 1154-113, 1층","24212","주식회사프레즌트퍼펙트(구봉산pp)","2022-12-30 17:08:42","I","2023-06-13 00:00:00","제과점영업","268250.900720974","488076.519416888","제과점영업","0","0","","","상수도전용","0","0","0","0","0","","0","0","N","10","","","",
"876","제과점영업","07_22_18_P","4181000","4181000-121-2020-00016","2020-07-14","","03","폐업","02","폐업","2021-05-18","","","","033 241 5999","5.00","","강원특별자치도 춘천시 신북읍 천전리 97-5","강원특별자치도 춘천시 신북읍 신샘밭로 655, 봄고을 숯불닭갈비내 1층","24204","소소록2","2021-05-18 13:49:53","I","2023-06-13 00:00:00","제과점영업","268731.377764845","492228.3143781","제과점영업","0","0","기타","","상수도전용","0","0","0","0","0","","0","0","N","5","","","",
"877","제과점영업","07_22_18_P","4181000","4181000-121-2020-00018","2020-08-06","","03","폐업","02","폐업","2021-12-24","","","","033 241 5737","79.10","","강원특별자치도 춘천시 퇴계동 1143-2","강원특별자치도 춘천시 효자로14번길 15, 1층 (퇴계동)","24370","오맘스협동조합","2021-12-21 15:10:49","I","2023-06-13 00:00:00","제과점영업","264023.333318997","484986.475672852","제과점영업","0","0","기타","","상수도전용","0","0","0","0","0","","0","0","N","79.1","","","",
"878","제과점영업","07_22_18_P","4181000","4181000-121-2020-00019","2020-09-10","","03","폐업","02","폐업","2024-07-29","","","","","3.00","","강원특별자치도 춘천시 퇴계동 74-3","강원특별자치도 춘천시 안마산로 218, 킹마트내 (퇴계동)","24424","르방베이커리","2024-07-29 14:45:16","U","2024-07-31 02:40:00","제과점영업","264884.522330493","483232.18476341","제과점영업","0","0","기타","","상수도전용","0","0","0","0","0","","0","0","N","3","","","",
"879","제과점영업","07_22_18_P","4181000","4181000-121-2021-00019","2021-08-23","","03","폐업","02","폐업","2024-12-26","","","","","23.50","","강원특별자치도 춘천시 온의동 589-2","강원특별자치도 춘천시 방송길 104, 1층 104호 (온의동)","24364","병관이네과자점온의점","2024-12-26 13:34:12","U","2024-12-28 02:40:00","제과점영업","263367.468807365","485228.657869581","제과점영업","0","0","","","상수도전용","0","0","0","0","0","","0","0","N","23.5","","","",
"880","제과점영업","07_22_18_P","4181000","4181000-121-2021-00021","2021-09-10","","03","폐업","02","폐업","2024-11-08","","","","033 2421042","128.30","","강원특별자치도 춘천시 동면 월곡리 246","강원특별자치도 춘천시 동면 금옥길 228, 1층","24211","옥앳티","2024-11-08 14:09:01","U","2024-11-10 02:40:00","제과점영업","270783.171860065","491199.33958967","제과점영업","0","0","","","상수도전용","0","0","0","0","0","","0","0","N","128.3","","","",
"881","제과점영업","07_22_18_P","4181000","4181000-121-2020-00025","2020-12-15","","03","폐업","02","폐업","2024-12-04","","","","","49.87","","강원특별자치도 춘천시 동내면 거두리 929-2 신동농협 하나로마트","강원특별자치도 춘천시 동내면 공지로 80, 신동농협 하나로마트 1층","24404","베이커리하우스","2024-12-04 14:02:11","U","2024-12-06 02:40:00","제과점영업","266008.214362088","483806.24603867","제과점영업","0","0","기타","","상수도전용","0","0","0","0","0","","0","0","N","49.87","","","",
"882","제과점영업","07_22_18_P","4181000","4181000-121-2020-00026","2020-12-15","","03","폐업","02","폐업","2025-06-23","","","","","3.30","","강원특별자치도 춘천시 후평동 870","강원특별자치도 춘천시 후만로116번길 14, 초록마트내 1층 (후평동)","24307","하루에베이커리후평점","2025-06-23 15:22:05","U","2025-06-25 02:40:00","제과점영업","266582.407466342","486188.330988454","제과점영업","0","0","기타","","상수도전용","0","0","0","0","0","","0","0","N","3.3","","","",
"883","제과점영업","07_22_18_P","4181000","4181000-121-2020-00027","2020-12-15","","03","폐업","02","폐업","2024-11-19","","","","","3.30","","강원특별자치도 춘천시 우두동 381-19","강원특별자치도 춘천시 새청말길 27, 브로콜리우두점 1층 (우두동)","24229","하루에베이커리우두점","2024-11-19 13:55:46","U","2024-11-21 02:40:00","제과점영업","264756.5192309","488636.562273981","제과점영업","0","0","기타","","상수도전용","0","0","0","0","0","","0","0","N","3.3","","","",
"884","제과점영업","07_22_18_P","4181000","4181000-121-2020-00029","2020-12-15","","03","폐업","02","폐업","2022-01-04","","","","","3.30","","강원특별자치도 춘천시 동내면 거두리 827-1","강원특별자치도 춘천시 동내면 거두택지길 41-94, 하모니마트내 1층","24402","하루에베이커리거두점","2022-01-04 13:29:35","I","2023-06-13 00:00:00","제과점영업","266356.602107577","483933.48984562","제과점영업","0","0","기타","","상수도전용","0","0","0","0","0","","0","0","N","3.3","","","",
"885","제과점영업","07_22_18_P","4181000","4181000-121-2021-00002","2021-01-22","","03","폐업","02","폐업","2022-03-23","","","","033 252 2049","3.00","","강원특별자치도 춘천시 후평동 555-4 농협하나로마트","강원특별자치도 춘천시 후석로 414, 농협하나로마트 1층 (후평동)","24232","거북당춘천농협후평점","2022-03-23 17:25:29","I","2023-06-13 00:00:00","제과점영업","265485.940826417","487398.11998959","제과점영업","0","0","","","상수도전용","0","0","0","0","0","","0","0","N","3","","","",
"886","제과점영업","07_22_18_P","4181000","4181000-121-2021-00003","2021-02-15","","03","폐업","02","폐업","2022-08-29","","","","","23.00","","강원특별자치도 춘천시 퇴계동 1127","강원특별자치도 춘천시 퇴계로 129, 1층 (퇴계동)","24380","오늘","2022-08-29 15:15:49","I","2023-06-13 00:00:00","제과점영업","264546.650725102","484448.895966217","제과점영업","0","0","","","상수도전용","0","0","0","0","0","","0","0","N","23","","","",
"887","제과점영업","07_22_18_P","4181000","4181000-121-2021-00005","2021-03-05","","03","폐업","02","폐업","2023-12-12","","","","","26.88","","강원특별자치도 춘천시 옥천동 38-14","강원특별자치도 춘천시 서부대성로 67, 1층 103호 (옥천동)","24265","크림온(Cream on)","2023-12-12 09:24:27","U","2023-12-14 02:40:00","제과점영업","264179.339884216","486929.85407473","제과점영업","0","0","기타","","상수도전용","0","0","0","0","0","","0","0","N","26.88","","","",
"888","제과점영업","07_22_18_P","4181000","4181000-121-2017-00007","2017-08-18","","03","폐업","02","폐업","2018-04-03","","","","","3.00","","강원특별자치도 춘천시 우두동 381-19","강원특별자치도 춘천시 새청말길 27, 1층 (우두동, 브로콜리마켓)","24229","케익나라(브로콜리3호점)","2018-04-03 13:31:08","I","2023-06-13 00:00:00","제과점영업","264756.5192309","488636.562273981","제과점영업","0","0","기타","","상수도전용","0","0","0","0","0","","0","0","N","3","","","",
"889","제과점영업","07_22_18_P","4181000","4181000-121-2017-00008","2017-08-18","","03","폐업","02","폐업","2020-08-31","","","","","6.00","","강원특별자치도 춘천시 퇴계동 369-13","강원특별자치도 춘천시 남춘로 6 (퇴계동, 농민마트)","24377","케익나라(농민마트점)","2020-08-31 17:28:58","I","2023-06-13 00:00:00","제과점영업","264170.053576779","484622.162481084","제과점영업","0","0","기타","","상수도전용","0","0","0","0","0","","0","0","N","6","","","",
"890","제과점영업","07_22_18_P","4181000","4181000-121-2017-00009","2017-08-24","","03","폐업","02","폐업","2018-03-23","","","","","99.30","","강원특별자치도 춘천시 석사동 907-4","강원특별자치도 춘천시 스무숲1길 14, 1층 (석사동)","24416","아내들의작업실","2018-03-23 10:30:41","I","2023-06-13 00:00:00","제과점영업","265865.59","483335.38","제과점영업","0","0","","","상수도전용","0","0","0","0","0","","0","0","N","99.3","","","",
"891","제과점영업","07_22_18_P","4181000","4181000-121-2012-00010","2012-08-20","","03","폐업","02","폐업","2016-01-28","","","","","48.15","","강원특별자치도 춘천시 후평동 79-1","강원특별자치도 춘천시 후석로326번길 14 (후평동)","24302","케익나라","2014-03-04 16:40:25","I","2023-06-13 00:00:00","제과점영업","266034.226125793","486685.766212976","제과점영업","0","0","기타","","상수도전용","0","0","0","0","0","","0","0","N","48.15","","","",
"892","제과점영업","07_22_18_P","4181000","4181000-121-2012-00012","2012-10-19","","03","폐업","02","폐업","2016-02-12","","","","","27.93","","강원특별자치도 춘천시 퇴계동 79 퇴계타운상가(111호,117호)","강원특별자치도 춘천시 안마산로 213 (퇴계동)","24421","빵공장","2012-11-13 10:21:37","I","2023-06-13 00:00:00","제과점영업","264855.838698284","483301.263496797","제과점영업","0","0","아파트지역","","상수도전용","0","0","0","0","0","","0","0","N","27.93","","","",
"893","제과점영업","07_22_18_P","4181000","4181000-121-2013-00001","2013-01-22","","03","폐업","02","폐업","2017-04-24","","","","","6.32","","강원특별자치도 춘천시 후평동 754-4","강원특별자치도 춘천시 만천로 239, 1층 (후평동, MS마트내)","24296","따삐오베이커리","2017-04-24 14:34:05","I","2023-06-13 00:00:00","제과점영업","266287.78595299","487761.668304929","제과점영업","0","0","주택가주변","","","0","0","0","0","0","","0","0","N","6.32","","","",
"894","제과점영업","07_22_18_P","4181000","4181000-121-2013-00003","2013-04-01","","03","폐업","02","폐업","2013-12-09","","","","","30.64","","강원특별자치도 춘천시 약사동 159-1","강원특별자치도 춘천시 춘천로67번길 32 (약사동, 축산물종합할인마트내)","","호반베이커리","2013-04-01 11:56:49","I","2023-06-13 00:00:00","제과점영업","263443.702753856","485762.982417053","제과점영업","0","0","","","","0","0","0","0","0","","0","0","N","30.64","","","",
"895","제과점영업","07_22_18_P","4181000","4181000-121-2015-00008","2015-10-26","","03","폐업","02","폐업","2024-08-19","","","","033 242 7999","89.00","","강원특별자치도 춘천시 동면 장학리 1007-7","강원특별자치도 춘천시 동면 춘천순환로 613, 1층 101.102호 (청일빌딩)","24209","뚜레쥬르춘천장학점","2024-08-19 13:05:51","U","2024-08-21 02:40:00","제과점영업","266392.903214428","488129.366411296","제과점영업","0","0","기타","","상수도전용","0","0","0","0","0","","0","0","N","89","","","",
"896","제과점영업","07_22_18_P","4181000","4181000-121-2015-00009","2015-11-16","","03","폐업","02","폐업","2020-12-04","","","","","32.08","","강원특별자치도 춘천시 퇴계동 1067-1","강원특별자치도 춘천시 남춘로26번길 17, 1층 102호 (퇴계동)","24376","빠니에","2020-12-04 16:03:45","I","2023-06-13 00:00:00","제과점영업","264397.152263207","484697.838593089","제과점영업","0","0","기타","","상수도전용","0","0","0","0","0","","0","0","N","32.08","","","",
"897","제과점영업","07_22_18_P","4181000","4181000-121-2016-00003","2016-03-08","","03","폐업","02","폐업","2019-01-02","","","","","50.54","","강원특별자치도 춘천시 동내면 거두리 1121-3","강원특별자치도 춘천시 동내면 거두택지길 48, 1층","24399","더슈가","2019-01-02 14:10:25","I","2023-06-13 00:00:00","제과점영업","266507.000927666","483778.101180805","제과점영업","0","0","기타","","상수도전용","0","0","0","0","0","","0","0","N","50.54","","","",
"898","제과점영업","07_22_18_P","4181000","4181000-121-2018-00001","2018-01-02","","03","폐업","02","폐업","2018-11-22","","","","","40.00","","강원특별자치도 춘천시 후평동 701-8","강원특별자치도 춘천시 후석로 326, 1층 109호 (후평동)","24304","브레드에비뉴","2018-11-22 13:38:25","I","2023-06-13 00:00:00","제과점영업","265931.855070483","486647.974415337","제과점영업","0","0","","","상수도전용","0","0","0","0","0","","0","0","N","40","","","",
"899","제과점영업","07_22_18_P","4181000","4181000-121-2018-00002","2018-02-02","","03","폐업","02","폐업","2020-12-28","","","","","32.76","","강원특별자치도 춘천시 동면 장학리 234","강원특별자치도 춘천시 동면 춘천순환로 600, MS리테일 1층","24213","아뜰리에빠시옹","2020-12-28 15:51:11","I","2023-06-13 00:00:00","제과점영업","266540.279685759","488014.164781552","제과점영업","0","0","기타","","상수도전용","0","0","0","0","0","","0","0","N","32.76","","","",
"900","제과점영업","07_22_18_P","4181000","4181000-121-2018-00003","2018-03-02","","03","폐업","02","폐업","2020-12-09","","","","","55.90","","강원특별자치도 춘천시 석사동 880-4","강원특별자치도 춘천시 퇴계농공로 22, 1층 101호 (석사동)","24414","빵사부식빵공방춘천점","2020-12-09 15:08:55","I","2023-06-13 00:00:00","제과점영업","265419.195718634","483446.822404389","제과점영업","0","0","기타","","상수도전용","0","0","0","0","0","","0","0","N","55.9","","","",
"901","제과점영업","07_22_18_P","4181000","4181000-121-2018-00004","2018-03-12","","03","폐업","02","폐업","2019-11-11","","","","","3.00","","강원특별자치도 춘천시 효자동 641-5","강원특별자치도 춘천시 춘천로 197-1, 벨몽드마트 3층 (효자동)","24260","거북당(벨몽드점3층)","2019-11-11 15:58:41","I","2023-06-13 00:00:00","제과점영업","264685.969062866","486297.611528286","제과점영업","0","0","기타","","상수도전용","0","0","0","0","0","","0","0","N","3","","","",
"902","제과점영업","07_22_18_P","4181000","4181000-121-2018-00005","2018-04-05","","03","폐업","02","폐업","2020-12-15","","","","","3.30","","강원특별자치도 춘천시 퇴계동 1181-1","강원특별자치도 춘천시 퇴계로 26, 사랑마트내 1층 (퇴계동)","24368","하루에베이커리퇴계점","2020-12-15 15:51:27","I","2023-06-13 00:00:00","제과점영업","263670.380148987","485013.003104728","제과점영업","0","0","기타","","상수도전용","0","0","0","0","0","","0","0","N","3.3","","","",
"903","제과점영업","07_22_18_P","4181000","4181000-121-2018-00006","2018-04-05","","03","폐업","02","폐업","2019-02-19","","","","","3.30","","강원특별자치도 춘천시 석사동 695-4","강원특별자치도 춘천시 벌말길 106-1, 브로콜리석사점내 1층 (석사동)","24383","하루에베이커리석사점","2019-02-19 16:17:26","I","2023-06-13 00:00:00","제과점영업","265067.582914611","484649.634350022","제과점영업","0","0","기타","","상수도전용","0","0","0","0","0","","0","0","N","3.3","","","",
"904","제과점영업","07_22_18_P","4181000","4181000-121-2018-00007","2018-04-05","","03","폐업","02","폐업","2020-12-15","","","","","3.30","","강원특별자치도 춘천시 동내면 거두리 827-1","강원특별자치도 춘천시 동내면 거두택지길 41-94, 하모니마트내 나동 1층","24402","하루에베이커리거두점","2020-12-15 15:59:22","I","2023-06-13 00:00:00","제과점영업","266356.602107577","483933.48984562","제과점영업","0","0","기타","","상수도전용","0","0","0","0","0","","0","0","N","3.3","","","",
"905","제과점영업","07_22_18_P","4181000","4181000-121-2018-00008","2018-04-05","","03","폐업","02","폐업","2020-12-15","","","","","3.30","","강원특별자치도 춘천시 우두동 381-19","강원특별자치도 춘천시 새청말길 27, 브로콜리우두점 1층 (우두동)","24229","하루에베이커리우두점","2020-12-15 15:45:40","I","2023-06-13 00:00:00","제과점영업","264756.5192309","488636.562273981","제과점영업","0","0","기타","","상수도전용","0","0","0","0","0","","0","0","N","3.3","","","",
"906","제과점영업","07_22_18_P","4181000","4181000-121-2018-00010","2018-05-16","","03","폐업","02","폐업","2022-04-04","","","","033 251 3840","51.45","","강원특별자치도 춘천시 후평동 793-3","강원특별자치도 춘천시 후석로 299, 1층 (후평동)","24282","식빵공방후평점","2022-04-04 18:27:57","I","2023-06-13 00:00:00","제과점영업","266012.799105348","486396.096576303","제과점영업","0","0","기타","","상수도전용","0","0","0","0","0","","0","0","N","51.45","","","",
"907","제과점영업","07_22_18_P","4181000","4181000-121-2018-00011","2018-07-24","","03","폐업","02","폐업","2021-06-17","","","","","38.88","","강원특별자치도 춘천시 효자동 613-11","강원특별자치도 춘천시 두하길 7, 1층 (효자동)","24294","병관이네과자점","2021-06-17 11:50:41","I","2023-06-13 00:00:00","제과점영업","265075.353292603","486109.602986629","제과점영업","0","0","기타","","상수도전용","0","0","0","0","0","","0","0","N","38.88","","","",
"908","제과점영업","07_22_18_P","4181000","4181000-121-2018-00012","2018-08-01","","03","폐업","02","폐업","2019-02-28","","","","","40.50","","강원특별자치도 춘천시 후평동 67-3","강원특별자치도 춘천시 백령로 215, 상가4동 1층 105호 (후평동)","24279","브라운라이스베이커리2호점","2019-02-28 15:25:44","I","2023-06-13 00:00:00","제과점영업","265693.057162061","486379.781753926","제과점영업","0","0","","","상수도전용","0","0","0","0","0","","0","0","N","40.5","","","",
"909","제과점영업","07_22_18_P","4181000","4181000-121-2013-00004","2013-07-01","","03","폐업","02","폐업","2019-01-21","","","","","5.10","","강원특별자치도 춘천시 동면 지내리 140-1","강원특별자치도 춘천시 동면 가산로 72 (동면농협장학지점하나로마트내)","24211","슈케익하우스","2019-02-14 15:42:31","I","2023-06-13 00:00:00","제과점영업","268699.177947553","490021.097240959","제과점영업","0","0","기타","","상수도전용","0","0","0","0","0","","0","0","N","5.1","","","",
"910","제과점영업","07_22_18_P","4181000","4181000-121-2013-00005","2013-07-05","","03","폐업","02","폐업","2020-12-14","","","","","37.60","","강원특별자치도 춘천시 동내면 거두리 929-2 신동농협 하나로마트","강원특별자치도 춘천시 동내면 공지로 80, 신동농협 하나로마트 1,2층","24404","오상혁제빵소","2020-12-14 17:12:04","I","2023-06-13 00:00:00","제과점영업","266008.214362088","483806.24603867","제과점영업","0","0","기타","","","0","0","0","0","0","","0","0","N","37.6","","","",
"911","제과점영업","07_22_18_P","4181000","4181000-121-2013-00006","2013-07-12","","03","폐업","02","폐업","2015-12-16","","","","","26.37","","강원특별자치도 춘천시 후평동 847","강원특별자치도 춘천시 삭주로 110 (후평동)","24254","씨씨베이커리","2013-07-12 10:20:09","I","2023-06-13 00:00:00","제과점영업","265301.015445333","487074.907097902","제과점영업","0","0","","","상수도전용","0","0","0","0","0","","0","0","N","26.37","","","",
"912","제과점영업","07_22_18_P","4181000","4181000-121-2013-00007","2013-10-30","","03","폐업","02","폐업","2013-12-30","","","","033 252 5609","2.20","","강원특별자치도 춘천시 후평동 845-1 세경3차아파트 상가 우리마트세경점 내","강원특별자치도 춘천시 삭주로 125 (후평동, 세경3차아파트 상가 우리마트세경점 내)","24253","베이커리파티 이마트애브리데이우리마트세경점","2013-11-07 16:00:23","I","2023-06-13 00:00:00","제과점영업","265421.865196931","487250.934331144","제과점영업","0","0","","","상수도전용","0","0","0","0","0","","0","0","N","2.2","","","",
"913","제과점영업","07_22_18_P","4181000","4181000-121-2013-00009","2013-11-13","","03","폐업","02","폐업","2014-04-15","","","","","27.72","","강원특별자치도 춘천시 퇴계동 1017 춘천시너스카펠라복합빌딩 173,174호","강원특별자치도 춘천시 지석로 80 (퇴계동, 춘천시너스카펠라복합빌딩 173,174호)","24420","이지바이춘천점","2013-11-20 17:40:33","I","2023-06-13 00:00:00","제과점영업","265386.634330563","483368.251535269","제과점영업","0","0","기타","","상수도전용","0","0","0","0","0","","0","0","N","27.72","","","",
"914","제과점영업","07_22_18_P","4181000","4181000-121-2013-00010","2013-11-19","","03","폐업","02","폐업","2016-10-10","","","","033 252 5426","37.44","","강원특별자치도 춘천시 효자동 147-7","강원특별자치도 춘천시 효자로 118 (효자동)","24334","아내들의작업실","2013-12-11 15:11:40","I","2023-06-13 00:00:00","제과점영업","264524.157334097","485858.262407396","제과점영업","0","0","기타","","상수도전용","0","0","0","0","0","","0","0","N","37.44","","","",
"915","제과점영업","07_22_18_P","4181000","4181000-121-2013-00011","2013-11-20","","03","폐업","02","폐업","2019-05-08","","","","","5.60","","강원특별자치도 춘천시 동면 장학리 858-2 동면농협장학지점 내","강원특별자치도 춘천시 동면 춘천로 439 (동면농협장학지점 내)","24233","세경베이커리동면농협장학지점","2019-05-08 10:30:58","I","2023-06-13 00:00:00","제과점영업","266211.951580218","487984.69431696","제과점영업","0","0","","","상수도전용","0","0","0","0","0","","0","0","N","5.6","","","",
"916","제과점영업","07_22_18_P","4181000","4181000-121-2014-00001","2014-01-02","","03","폐업","02","폐업","2015-12-16","","","","033 242 3364","1.00","","강원특별자치도 춘천시 퇴계동 1152-2 씨씨마트일성점 내","강원특별자치도 춘천시 효자로 7-1 (퇴계동, 씨씨마트일성점 내)","24367","씨씨베이커리일성점","2014-01-02 13:10:42","I","2023-06-13 00:00:00","제과점영업","263814.739690008","485032.963469186","제과점영업","0","0","","","상수도전용","0","0","0","0","0","","0","0","N","1","","","",
"917","제과점영업","07_22_18_P","4181000","4181000-121-2014-00002","2014-01-02","","03","폐업","02","폐업","2015-12-16","","","","033 243 5906","1.80","","강원특별자치도 춘천시 효자동 19-12 씨씨마트강대점 내","강원특별자치도 춘천시 백령로 150 (효자동, 씨씨마트강대점 내)","24289","씨씨베이커리강대점","2014-01-02 13:33:30","I","2023-06-13 00:00:00","제과점영업","265343.823706048","486073.683894056","제과점영업","0","0","기타","","상수도전용","0","0","0","0","0","","0","0","N","1.8","","","",
"918","제과점영업","07_22_18_P","4181000","4181000-121-2012-00009","2012-08-09","","03","폐업","02","폐업","2021-10-28","","","","033 261 1934","16.10","","강원특별자치도 춘천시 남산면 광판리 591-42","강원특별자치도 춘천시 남산면 장터골길 32 (광판하나로마트내)","24466","하나로베이커리","2021-10-28 09:38:14","I","2023-06-13 00:00:00","제과점영업","262228.373716671","470416.055820449","제과점영업","0","0","기타","","상수도전용","0","0","0","0","0","","0","0","N","16.1","","","",
"919","제과점영업","07_22_18_P","4181000","4181000-121-2014-00003","2014-01-02","","03","폐업","02","폐업","2015-12-16","","","","033 244 8811","1.68","","강원특별자치도 춘천시 후평동 692-2","강원특별자치도 춘천시 춘천로 300 (후평동)","24277","씨씨베이커리포스코점","2014-01-02 13:44:45","I","2023-06-13 00:00:00","제과점영업","265595.555467962","486760.924808177","제과점영업","0","0","기타","","상수도전용","0","0","0","0","0","","0","0","N","1.68","","","",
"920","제과점영업","07_22_18_P","4181000","4181000-121-2016-00004","2016-03-10","","03","폐업","02","폐업","2017-02-07","","","","033 253 4575","57.46","","강원특별자치도 춘천시 퇴계동 1143-2 1층","강원특별자치도 춘천시 효자로14번길 15, 1층 (퇴계동)","24370","드림베이커리","2016-03-10 10:56:08","I","2023-06-13 00:00:00","제과점영업","264023.333318997","484986.475672852","제과점영업","0","0","기타","기타","상수도전용","0","0","0","0","0","","0","0","N","57.46","","","",
"921","제과점영업","07_22_18_P","4181000","4181000-121-2016-00005","2016-03-25","","03","폐업","02","폐업","2023-10-16","","","","033 243 2004","46.75","","강원특별자치도 춘천시 운교동 181-10","강원특별자치도 춘천시 춘천로 174-1, 1층 (운교동)","24329","브라운라이스베이커리","2023-10-17 13:56:29","U","2023-10-19 02:40:00","제과점영업","264471.528873769","486212.486467889","제과점영업","0","0","기타","","상수도전용","0","0","0","0","0","","0","0","N","46.75","","","",
"922","제과점영업","07_22_18_P","4181000","4181000-121-2016-00006","2016-06-15","","03","폐업","02","폐업","2025-09-23","","","","033 242 2045","23.59","","강원특별자치도 춘천시 효자동 692-1","강원특별자치도 춘천시 공지로 345, 1층 (효자동, 수협마트춘천점내)","24365","거북당(수협마트춘천점)","2025-10-09 12:18:21","U","2025-10-11 02:40:00","제과점영업","263982.973022046","485445.541011372","제과점영업","0","0","기타","","상수도전용","0","0","0","0","0","","0","0","N","23.59","","","",
"923","제과점영업","07_22_18_P","4181000","4181000-121-2016-00007","2016-08-18","","03","폐업","02","폐업","2022-03-16","","","","","31.15","","강원특별자치도 춘천시 죽림동 23-3","강원특별자치도 춘천시 중앙로77번길 17, 1층 (죽림동, 상가정면 좌측에서 세번째상가)","24354","꼬삔이식빵","2022-03-16 15:50:13","I","2023-06-13 00:00:00","제과점영업","263899.17757371","486368.236260813","제과점영업","0","0","기타","","상수도전용","0","0","0","0","0","","0","0","N","31.15","","","",
"924","제과점영업","07_22_18_P","4181000","4181000-121-2016-00008","2016-09-05","","03","폐업","02","폐업","2018-12-14","","","","","3.00","","강원특별자치도 춘천시 효자동 19-12","강원특별자치도 춘천시 백령로 150, 1층 (효자동, CC마트(일성점))","24289","르방베이커리(CC베이커리)","2018-12-14 14:50:39","I","2023-06-13 00:00:00","제과점영업","265343.823706048","486073.683894056","제과점영업","0","0","기타","","상수도전용","0","0","0","0","0","","0","0","N","3","","","",
"925","제과점영업","07_22_18_P","4181000","4181000-121-2016-00009","2016-09-05","","03","폐업","02","폐업","2018-12-14","","","","","3.00","","강원특별자치도 춘천시 후평동 692-2 1층, CC마트(포스코점)","강원특별자치도 춘천시 춘천로 300, 1층 (후평동, CC마트(포스코점))","24277","르방베이커리(CC베이커리)","2018-12-14 14:52:13","I","2023-06-13 00:00:00","제과점영업","265595.555467962","486760.924808177","제과점영업","0","0","기타","","상수도전용","0","0","0","0","0","","0","0","N","3","","","",
"926","제과점영업","07_22_18_P","4181000","4181000-121-2016-00011","2016-09-05","","03","폐업","02","폐업","2018-12-14","","","","","3.00","","강원특별자치도 춘천시 후평동 847 1층, (참좋은할인마트)","강원특별자치도 춘천시 삭주로 110, 1층 (후평동, 참좋은할인마트)","24254","르방베이커리(CC베이커리)","2018-12-14 14:55:24","I","2023-06-13 00:00:00","제과점영업","265301.015445333","487074.907097902","제과점영업","0","0","기타","","상수도전용","0","0","0","0","0","","0","0","N","3","","","",
"927","제과점영업","07_22_18_P","4181000","4181000-121-2016-00012","2016-09-05","","03","폐업","02","폐업","2018-12-14","","","","","3.00","","강원특별자치도 춘천시 효자동 317","강원특별자치도 춘천시 백령로 18, 1층 (효자동, 호반마트)","24343","르방베이커리(CC베이커리)","2018-12-14 14:53:37","I","2023-06-13 00:00:00","제과점영업","264806.524922451","485056.558115443","제과점영업","0","0","기타","","상수도전용","0","0","0","0","0","","0","0","N","3","","","",
"928","제과점영업","07_22_18_P","4181000","4181000-121-2016-00013","2016-09-09","","03","폐업","02","폐업","2018-04-03","","","","","3.00","","강원특별자치도 춘천시 동내면 거두리 827-1","강원특별자치도 춘천시 동내면 거두택지길 41-94, 1층 (하모니마트)","24402","케익나라(거두하모니마트)","2018-04-03 13:39:13","I","2023-06-13 00:00:00","제과점영업","266356.602107577","483933.48984562","제과점영업","0","0","기타","","상수도전용","0","0","0","0","0","","0","0","N","3","","","",
"929","제과점영업","07_22_18_P","4181000","4181000-121-2016-00014","2016-09-09","","03","폐업","02","폐업","2020-08-31","","","","","3.00","","강원특별자치도 춘천시 퇴계동 74-3","강원특별자치도 춘천시 안마산로 218, 1층 (퇴계동, 킹마트)","24424","케익나라(킹마트)","2020-08-31 17:27:53","I","2023-06-13 00:00:00","제과점영업","264884.522330493","483232.18476341","제과점영업","0","0","기타","","상수도전용","0","0","0","0","0","","0","0","N","3","","","",
"930","제과점영업","07_22_18_P","4181000","4181000-121-2016-00015","2016-09-09","","03","폐업","02","폐업","2018-04-03","","","","","3.00","","강원특별자치도 춘천시 석사동 695-4","강원특별자치도 춘천시 벌말길 106-1, 1층 (석사동, BS마트)","24383","케익나라(BS마트)","2018-04-03 13:42:48","I","2023-06-13 00:00:00","제과점영업","265067.582914611","484649.634350022","제과점영업","0","0","기타","","상수도전용","0","0","0","0","0","","0","0","N","3","","","",
"931","제과점영업","07_22_18_P","4181000","4181000-121-2016-00016","2016-09-09","","03","폐업","02","폐업","2018-04-03","","","","","3.00","","강원특별자치도 춘천시 퇴계동 1099","강원특별자치도 춘천시 남춘로36번길 144, 1층 (퇴계동, 하모니마트)","","케익나라(퇴계하모니마트)","2018-04-03 13:40:25","I","2023-06-13 00:00:00","제과점영업","264633.878609663","484610.304303138","제과점영업","0","0","기타","","상수도전용","0","0","0","0","0","","0","0","N","3","","","",
"932","제과점영업","07_22_18_P","4181000","4181000-121-2016-00017","2016-09-09","","03","폐업","02","폐업","2018-04-03","","","","","3.00","","강원특별자치도 춘천시 소양로3가 110-1","강원특별자치도 춘천시 소양로 118, 1층 (소양로3가, 하나로마트)","24272","케익나라(하나로마트)","2018-04-03 13:41:46","I","2023-06-13 00:00:00","제과점영업","263597.187815591","487019.948940286","제과점영업","0","0","기타","","상수도전용","0","0","0","0","0","","0","0","N","3","","","",
"933","제과점영업","07_22_18_P","4181000","4181000-121-2016-00018","2016-09-09","","03","폐업","02","폐업","2018-04-03","","","","","3.00","","강원특별자치도 춘천시 퇴계동 1181-1","강원특별자치도 춘천시 퇴계로 26, 1층 (퇴계동, 사랑할인마트)","24368","케익나라(사랑할인마트)","2018-04-03 13:44:05","I","2023-06-13 00:00:00","제과점영업","263670.380148987","485013.003104728","제과점영업","0","0","기타","","상수도전용","0","0","0","0","0","","0","0","N","3","","","",
"934","제과점영업","07_22_18_P","4181000","4181000-121-2016-00019","2016-09-09","","03","폐업","02","폐업","2020-01-08","","","","","3.00","","강원특별자치도 춘천시 동면 장학리 988","강원특별자치도 춘천시 동면 소양강로 102-1, 1층 (MS마트)","24209","케익나라((동면MS마트)","2020-01-08 12:06:18","I","2023-06-13 00:00:00","제과점영업","266063.909168702","488587.205891104","제과점영업","0","0","기타","","상수도전용","0","0","0","0","0","","0","0","N","3","","","",
"935","제과점영업","07_22_18_P","4181000","4181000-121-2016-00020","2016-09-09","","03","폐업","02","폐업","2020-01-08","","","","","3.00","","강원특별자치도 춘천시 우두동 707-1","강원특별자치도 춘천시 충열로79번길 37, 1층 (우두동, MS마트)","24226","케익나라(우두동MS마트)","2020-01-08 12:04:50","I","2023-06-13 00:00:00","제과점영업","264386.876770642","488839.474051973","제과점영업","0","0","기타","","상수도전용","0","0","0","0","0","","0","0","N","3","","","",
"936","제과점영업","07_22_18_P","4181000","4181000-121-2016-00021","2016-09-09","","03","폐업","02","폐업","2020-08-31","","","","","3.00","","강원특별자치도 춘천시 석사동 728-2","강원특별자치도 춘천시 후석로186번길 4, 1층 (석사동, MS마트)","24323","케익나라(석사동MS마트)","2020-08-31 17:18:12","I","2023-06-13 00:00:00","제과점영업","266156.952652406","485277.019661028","제과점영업","0","0","기타","","상수도전용","0","0","0","0","0","","0","0","N","3","","","",
"937","제과점영업","07_22_18_P","4181000","4181000-121-2016-00022","2016-09-12","","03","폐업","02","폐업","2022-06-16","","","","033 263 0435","44.00","","강원특별자치도 춘천시 퇴계동 1081","강원특별자치도 춘천시 남춘로26번길 20, 1층 103호 (퇴계동)","24376","빈베이커리","2022-06-20 13:01:44","I","2023-06-13 00:00:00","제과점영업","264380.513820218","484665.016503233","제과점영업","0","0","아파트지역","기타","상수도전용","0","0","0","0","0","","0","0","N","44","","","",
"938","제과점영업","07_22_18_P","4181000","4181000-121-2016-00023","2016-10-04","","03","폐업","02","폐업","2022-02-22","","","","","47.93","","강원특별자치도 춘천시 운교동 168-2","강원특별자치도 춘천시 금강로 97, 1층 (운교동)","24352","르브레드랩춘천점","2022-02-22 17:12:03","I","2023-06-13 00:00:00","제과점영업","264237.383428414","486305.637958033","제과점영업","0","0","","","상수도전용","0","0","0","0","0","","0","0","N","47.93","","","",
"939","제과점영업","07_22_18_P","4181000","4181000-121-2010-00017","2010-12-17","","03","폐업","02","폐업","2024-02-28","","","","033  2430050","60.32","","강원특별자치도 춘천시 퇴계동 673-1","강원특별자치도 춘천시 영서로 2260 (퇴계동, 남춘천역2층)","24368","파리바게뜨남춘천역사점","2024-02-28 13:50:07","U","2024-03-01 02:40:00","제과점영업","263570.279601565","484894.403465718","제과점영업","0","0","기타","","상수도전용","0","0","0","0","0","","0","0","N","60.32","","","",
"940","제과점영업","07_22_18_P","4181000","4181000-121-2011-00001","2011-01-17","","03","폐업","02","폐업","2013-03-22","","","","033 264 7760","39.15","","강원특별자치도 춘천시 석사동 729-1","강원특별자치도 춘천시 후석로186번길 18 (석사동)","24320","빚은춘천애막골점","2011-11-25 17:48:46","I","2023-06-13 00:00:00","제과점영업","266301.349393283","485232.149583047","제과점영업","0","0","","","","0","0","0","0","0","","0","0","N","39.15","","","",
"941","제과점영업","07_22_18_P","4181000","4181000-121-2011-00003","2011-05-02","","03","폐업","02","폐업","2016-03-31","","","","","16.12","","강원특별자치도 춘천시 중앙로2가 43-11","강원특별자치도 춘천시 중앙로 91-1 (중앙로2가, 1층)","24357","시장빵집","2011-11-24 13:28:00","I","2023-06-13 00:00:00","제과점영업","263691.091729416","486342.624180596","제과점영업","0","0","기타","","상수도전용","0","0","0","0","0","","0","0","N","16.12","","","",
"942","제과점영업","07_22_18_P","4181000","4181000-121-2011-00004","2011-05-02","","03","폐업","02","폐업","2012-01-12","","","","033 241 7979","10.30","","강원특별자치도 춘천시 효자동 17-9","강원특별자치도 춘천시 서부대성로239번길 21 (효자동, 1층)","24289","굿앤굿스","2011-11-24 13:10:02","I","2023-06-13 00:00:00","제과점영업","265525.49708092","486015.90339803","제과점영업","0","0","기타","","상수도전용","0","0","0","0","0","","0","0","N","10.3","","","",
"943","제과점영업","07_22_18_P","4181000","4181000-121-2014-00005","2014-02-14","","03","폐업","02","폐업","2019-05-07","","","","033 243 2235","103.60","","강원특별자치도 춘천시 퇴계동 381-1 롯데슈퍼춘천점 내","강원특별자치도 춘천시 영서로 2195 (퇴계동, 롯데슈퍼춘천점 내)","24445","까레몽롯데슈퍼점","2019-05-07 17:11:11","I","2023-06-13 00:00:00","제과점영업","264048.38885859","484444.290618198","제과점영업","0","0","주택가주변","","상수도전용","0","0","0","0","0","","0","0","N","103.6","","","",
"944","제과점영업","07_22_18_P","4181000","4181000-121-2014-00006","2014-03-04","","03","폐업","02","폐업","2020-12-09","","","","","53.97","","강원특별자치도 춘천시 석사동 818-8 엠에스마트내","강원특별자치도 춘천시 퇴계로 235 (석사동, 엠에스마트내)","24390","케익나라(봄내점)","2020-12-09 11:41:43","I","2023-06-13 00:00:00","제과점영업","265478.300037594","483969.81086687","제과점영업","0","0","기타","","상수도전용","0","0","0","0","0","","0","0","N","53.97","","","",
"945","제과점영업","07_22_18_P","4181000","4181000-121-2014-00007","2014-04-15","","03","폐업","02","폐업","2016-11-08","","","","","29.43","","강원특별자치도 춘천시 퇴계동 1017 춘천시너스카펠라복합빌딩 173,174호","강원특별자치도 춘천시 지석로 80, 173,174호 (퇴계동, 춘천시너스카펠라복합빌딩 )","24420","베이커리씨지(C.G.)","2014-04-15 13:43:33","I","2023-06-13 00:00:00","제과점영업","265386.634330563","483368.251535269","제과점영업","0","0","주택가주변","","상수도전용","0","0","0","0","0","","0","0","N","29.43","","","",
"946","제과점영업","07_22_18_P","4181000","4181000-121-2014-00008","2014-06-30","","03","폐업","02","폐업","2019-05-14","","","","033 255 4575","67.40","","강원특별자치도 춘천시 퇴계동 1143-2","강원특별자치도 춘천시 효자로14번길 15, 1층 (퇴계동)","24370","카페빅퇴계점(춘천지역자활센터)","2019-05-14 16:16:45","I","2023-06-13 00:00:00","제과점영업","264023.333318997","484986.475672852","제과점영업","0","0","주택가주변","","상수도전용","0","0","0","0","0","","0","0","N","67.4","","","",
"947","제과점영업","07_22_18_P","4181000","4181000-121-2024-00007","2024-09-02","","03","폐업","02","폐업","2025-04-02","","","","","3.00","","강원특별자치도 춘천시 퇴계동 74-3","강원특별자치도 춘천시 안마산로 218 (퇴계동)","24424","르방베이커리(양지마트)","2025-04-02 15:02:07","U","2025-04-04 02:40:00","제과점영업","264884.522330493","483232.18476341","제과점영업","0","0","","","","0","0","0","0","0","","0","0","N","3","","","",
"948","제과점영업","07_22_18_P","4181000","4181000-121-2024-00008","2024-10-08","","03","폐업","02","폐업","2024-10-13","","","","","0.00","","강원특별자치도 춘천시 남산면 백양리 29-1 엘리시안 강촌","강원특별자치도 춘천시 남산면 북한강변길 688, 엘리시안 강촌","24464","아라비스타","2024-10-14 04:15:10","U","2024-10-16 02:40:00","제과점영업","251021.728216938","480612.913126754","제과점영업","0","0","","","지하수전용","0","0","0","0","0","","0","0","N","0","","","",
"949","제과점영업","07_22_18_P","4181000","4181000-121-2024-00001","2024-04-02","","03","폐업","02","폐업","2024-06-27","","","","","6.50","","강원특별자치도 춘천시 동내면 학곡리 60-8","강원특별자치도 춘천시 동내면 원창고개길 211, 1층","24408","거북당제빵소(카페리움)","2024-06-27 15:19:08","U","2024-06-29 02:40:00","제과점영업","267139.623671005","480809.985303648","제과점영업","0","0","","","상수도전용","0","0","0","0","0","","0","0","N","6.5","","","",
"950","제과점영업","07_22_18_P","4181000","4181000-121-2024-00004","2024-05-03","","03","폐업","02","폐업","2025-01-09","","","","","3.30","","강원특별자치도 춘천시 소양로3가 110-1 춘천농협,하나로마트","강원특별자치도 춘천시 소양로 118, 춘천농협,하나로마트 1층 (소양로3가)","24272","거북당제빵소","2025-01-09 11:39:10","U","2025-01-11 02:40:00","제과점영업","263597.187815591","487019.948940286","제과점영업","0","0","","","상수도전용","0","0","0","0","0","","0","0","N","3.3","","","",
"951","제과점영업","07_22_18_P","4181000","4181000-121-2025-00033","2025-10-22","","03","폐업","02","폐업","2025-10-26","","","","","16.00","","강원특별자치도 춘천시 남산면 백양리 29-1 엘리시안 강촌","강원특별자치도 춘천시 남산면 북한강변길 688, 엘리시안 강촌","24464","하루에베이커리","2025-10-27 04:15:09","U","2025-10-29 02:40:00","제과점영업","251021.728216938","480612.913126754","제과점영업","0","0","","","","0","0","0","0","0","","0","0","N","16","","","",
"952","제과점영업","07_22_18_P","4181000","4181000-121-2025-00034","2025-10-23","","03","폐업","02","폐업","2025-10-26","","","","","16.00","","강원특별자치도 춘천시 남산면 백양리 29-1 엘리시안 강촌","강원특별자치도 춘천시 남산면 북한강변길 688, 엘리시안 강촌","24464","독일제과","2025-10-27 04:15:09","U","2025-10-29 02:40:00","제과점영업","251021.728216938","480612.913126754","제과점영업","0","0","","","","0","0","0","0","0","","0","0","N","16","","","",
"953","제과점영업","07_22_18_P","4181000","4181000-121-2025-00029","2025-10-21","","03","폐업","02","폐업","2025-10-26","","","","","16.00","","강원특별자치도 춘천시 남산면 백양리 29-1 엘리시안 강촌","강원특별자치도 춘천시 남산면 북한강변길 688, 엘리시안 강촌","24464","아라비스타","2025-10-27 04:15:09","U","2025-10-29 02:40:00","제과점영업","251021.728216938","480612.913126754","제과점영업","0","0","","","","0","0","0","0","0","","0","0","N","16","","","",
"954","제과점영업","07_22_18_P","4181000","4181000-121-2025-00030","2025-10-20","","03","폐업","02","폐업","2025-10-26","","","","","16.00","","강원특별자치도 춘천시 남산면 백양리 29-1 엘리시안 강촌","강원특별자치도 춘천시 남산면 북한강변길 688, 엘리시안 강촌","24464","유동부치아바타(주)","2025-10-27 04:15:09","U","2025-10-29 02:40:00","제과점영업","251021.728216938","480612.913126754","제과점영업","0","0","","","","0","0","0","0","0","","0","0","N","16","","","",
"955","제과점영업","07_22_18_P","4181000","4181000-121-2025-00031","2025-10-21","","03","폐업","02","폐업","2025-10-26","","","","","16.00","","강원특별자치도 춘천시 남산면 백양리 29-1 엘리시안 강촌","강원특별자치도 춘천시 남산면 북한강변길 688, 엘리시안 강촌","24464","르봉뺑","2025-10-27 04:15:09","U","2025-10-29 02:40:00","제과점영업","251021.728216938","480612.913126754","제과점영업","0","0","","","","0","0","0","0","0","","0","0","N","16","","","",
"956","제과점영업","07_22_18_P","4181000","4181000-121-2025-00032","2025-10-21","","03","폐업","02","폐업","2025-10-26","","","","","16.00","","강원특별자치도 춘천시 남산면 백양리 29-1 엘리시안 강촌","강원특별자치도 춘천시 남산면 북한강변길 688, 엘리시안 강촌","24464","베이킹스튜디오바우","2025-10-27 04:15:09","U","2025-10-29 02:40:00","제과점영업","251021.728216938","480612.913126754","제과점영업","0","0","","","","0","0","0","0","0","","0","0","N","16","","","",
"957","제과점영업","07_22_18_P","4181000","4181000-121-2025-00035","2025-10-24","","03","폐업","02","폐업","2025-10-26","","","","","16.00","","강원특별자치도 춘천시 남산면 백양리 29-1 엘리시안 강촌","강원특별자치도 춘천시 남산면 북한강변길 688, 엘리시안 강촌","24464","I베이커리","2025-10-27 04:15:09","U","2025-10-29 02:40:00","제과점영업","251021.728216938","480612.913126754","제과점영업","0","0","","","","0","0","0","0","0","","0","0","N","16","","","",
"958","제과점영업","07_22_18_P","4181000","4181000-121-2025-00036","2025-10-24","","03","폐업","02","폐업","2025-10-26","","","","","16.00","","강원특별자치도 춘천시 남산면 백양리 29-1 엘리시안 강촌","강원특별자치도 춘천시 남산면 북한강변길 688, 엘리시안 강촌","24464","팡파미유","2025-10-27 04:15:09","U","2025-10-29 02:40:00","제과점영업","251021.728216938","480612.913126754","제과점영업","0","0","","","","0","0","0","0","0","","0","0","N","16","","","",
"959","제과점영업","07_22_18_P","4181000","4181000-121-2025-00023","2025-08-29","","03","폐업","02","폐업","2025-08-31","","","","","5.30","","강원특별자치도 춘천시 죽림동 30-37","강원특별자치도 춘천시 중앙로77번길 24-2, 앞 판매대 (죽림동)","24355","수제과점","2025-09-01 04:15:11","U","2025-09-03 02:40:00","제과점영업","263933.412784374","486324.022444735","제과점영업","0","0","","","","0","0","0","0","0","","0","0","N","5.3","","","",
"960","제과점영업","07_22_18_P","4181000","4181000-121-2025-00025","2025-09-11","","03","폐업","02","폐업","2025-09-14","","","","","9.00","","강원특별자치도 춘천시 옥천동 111-1 춘천시청","강원특별자치도 춘천시 시청길 11, 춘천시청 (옥천동)","24347","베이킹스튜디오바우","2025-09-15 04:15:10","U","2025-09-17 02:40:00","제과점영업","","","제과점영업","0","0","","","","0","0","0","0","0","","0","0","N","9","","","",
"961","제과점영업","07_22_18_P","4181000","4181000-121-2025-00016","2025-06-18","","03","폐업","02","폐업","2025-06-22","","","","","1.50","","강원특별자치도 춘천시 신북읍 율문리 935-38","","","알로록공작소","2025-06-23 04:15:10","U","2025-06-25 02:40:00","제과점영업","265618.971333333","491540.104333334","제과점영업","0","0","","","","0","0","0","0","0","","0","0","N","1.5","","","",
"962","제과점영업","07_22_18_P","4181000","4181000-121-2025-00017","2025-06-18","","03","폐업","02","폐업","2025-06-22","","","","","1.50","","강원특별자치도 춘천시 신북읍 율문리 935-38","","","살루떼","2025-06-23 04:15:10","U","2025-06-25 02:40:00","제과점영업","265618.971333333","491540.104333334","제과점영업","0","0","","","","0","0","0","0","0","","0","0","N","1.5","","","",
"963","제과점영업","07_22_18_P","4181000","4181000-121-2025-00014","2025-05-22","","03","폐업","02","폐업","2025-05-25","","","","","0.00","","강원특별자치도 춘천시 남산면 백양리 29-1 엘리시안 강촌","강원특별자치도 춘천시 남산면 북한강변길 688, 엘리시안 강촌","24464","아라비스타","2025-05-26 04:15:10","U","2025-05-28 02:40:00","제과점영업","251021.728216938","480612.913126754","제과점영업","0","0","","","","0","0","0","0","0","","0","0","N","0","","","",
"964","제과점영업","07_22_18_P","4181000","4181000-121-2025-00019","2025-07-16","","03","폐업","02","폐업","2025-08-07","","","","","24.00","","강원특별자치도 춘천시 퇴계동 633-2 남춘천역","강원특별자치도 춘천시 영서로 2260, 남춘천역 맞이방 2층 (퇴계동)","24368","자유빵집남춘천역점","2025-08-07 16:45:32","U","2025-08-09 02:40:00","제과점영업","263625.127741107","484846.185099184","제과점영업","0","0","","","","0","0","0","0","0","","0","0","N","24","","","",
"965","제과점영업","07_22_18_P","4181000","4181000-121-2025-00011","2025-04-30","","03","폐업","02","폐업","2025-05-04","","","","","5.00","","강원특별자치도 춘천시 옥천동 111","","","노이스트브레드","2025-05-05 04:15:09","U","2025-05-08 02:40:00","제과점영업","264161.29074819","486774.225238428","제과점영업","0","0","","","","0","0","0","0","0","","0","0","N","5","","","",
"966","제과점영업","07_22_18_P","4181000","4181000-121-2023-00012","2023-11-13","","03","폐업","02","폐업","2025-01-09","","","","","16.50","","강원특별자치도 춘천시 운교동 182-6","강원특별자치도 춘천시 춘천로 183, 1층 (운교동)","24350","탐앤탐스","2025-01-09 11:37:38","U","2025-01-11 02:40:00","제과점영업","264558.179044811","486264.018895803","제과점영업","0","0","","","","0","0","0","0","0","","0","0","N","16.5","","","",
"967","제과점영업","07_22_18_P","4181000","4181000-121-2024-00011","2024-12-23","","03","폐업","02","폐업","2025-10-30","","","","","74.77","","강원특별자치도 춘천시 칠전동 543-6","강원특별자치도 춘천시 칠전서길 46-5, 1층 (칠전동)","24457","라이킷케이크(Likeat Cake)","2025-10-30 11:11:09","U","2025-11-01 02:40:00","제과점영업","262677.803224524","482524.113102083","제과점영업","0","0","","","상수도전용","0","0","0","0","0","","0","0","N","74.77","","","",
"968","제과점영업","07_22_18_P","4181000","4181000-121-2025-00002","2025-01-07","","03","폐업","02","폐업","2025-07-16","","","","","10.00","","강원특별자치도 춘천시 퇴계동 633-2 남춘천역","강원특별자치도 춘천시 영서로 2260, 남춘천역 2층 (퇴계동)","24368","자유빵집","2025-08-06 18:06:30","U","2025-08-08 02:40:00","제과점영업","263625.127741107","484846.185099184","제과점영업","0","0","","","상수도전용","0","0","0","0","0","","0","0","N","10","","","",
"969","제과점영업","07_22_18_P","4191000","4191000-121-1995-00028","1995-01-27","","03","폐업","02","폐업","2011-12-22","","","","033 7637375","0.00","","강원특별자치도 원주시 단구동 1467-0 대흥아파트 상가 103호","","","우리집베이커리","2006-08-22 00:00:00","I","2023-06-13 00:00:00","제과점영업","285423.892658947","424988.781750881","제과점영업","0","0","아파트지역","자율","상수도전용","0","0","0","0","0","","0","0","N","0","0","","",
"970","제과점영업","07_22_18_P","4191000","4191000-121-2024-00010","2024-10-08","","03","폐업","02","폐업","2024-10-12","","","","","","","강원특별자치도 원주시 반곡동 1899-8","","","쿠킹아트(혁신맥주페스티벌)","2024-10-13 04:15:09","U","2024-10-15 02:40:00","제과점영업","287241.287316348","425352.331023231","제과점영업","0","0","","","","0","0","0","0","0","","0","0","N","0","","","",
"971","제과점영업","07_22_18_P","4191000","4191000-121-2009-00030","2009-12-07","","03","폐업","02","폐업","2011-07-20","","","","033 744 0049","54.67","","강원특별자치도 원주시 우산동 818 한라비발디아파트상가 104,105호","","","뚜레쥬르우산점","2009-12-10 18:51:13","I","2023-06-13 00:00:00","제과점영업","282567.44901931","429444.977455848","제과점영업","0","0","","","상수도전용","0","0","0","0","0","","0","0","N","54.67","","","",
"972","제과점영업","07_22_18_P","4191000","4191000-121-2010-00001","2010-01-11","","03","폐업","02","폐업","2014-11-06","","","","033 734 0613","30.04","","강원특별자치도 원주시 일산동 192-5 지상1층","강원특별자치도 원주시 천사로 203-2, 지상1층 (일산동)","26417","유나케익스토리","2013-08-20 13:50:18","I","2023-06-13 00:00:00","제과점영업","283772.715024496","428089.955080651","제과점영업","0","0","기타","자율","상수도전용","0","0","0","0","0","","0","0","N","30.04","","","",
"973","제과점영업","07_22_18_P","4191000","4191000-121-2010-00003","2010-02-05","","03","폐업","02","폐업","2022-05-16","","","","033 730 2894","38.73","","강원특별자치도 원주시 지정면 월송리 1061-16 빌리지센터","강원특별자치도 원주시 지정면 오크밸리1길 70, 빌리지센터 1층","26357","골프빌리지오크카페제과점","2022-05-16 17:41:56","I","2023-06-13 00:00:00","제과점영업","272459.646983562","437204.631213169","제과점영업","0","0","기타","자율","간이상수도","0","0","0","0","0","","0","0","N","38.73","","","",
"974","제과점영업","07_22_18_P","4191000","4191000-121-2010-00004","2010-05-31","","03","폐업","02","폐업","2011-08-25","","","","","1.44","","강원특별자치도 원주시 무실동 1062-1 이마트내 지하1층","","","(주)조선호텔베이커리 행사매장","2010-06-10 16:29:35","I","2023-06-13 00:00:00","제과점영업","281366.703634706","424684.582635502","제과점영업","0","0","기타","자율","지하수전용","0","0","0","0","0","","0","0","N","1.44","","","",
"975","제과점영업","07_22_18_P","4191000","4191000-121-2010-00006","2010-07-27","","03","폐업","02","폐업","2015-07-29","","","","033 746 9518","22.88","","강원특별자치도 원주시 우산동 231-1 외2필지","강원특별자치도 원주시 우산초교길 25 (우산동, 외2필지)","26343","참살이베이커리(우산점)","2012-08-22 16:22:01","I","2023-06-13 00:00:00","제과점영업","283052.669893701","429883.779758896","제과점영업","0","0","","","상수도전용","0","0","0","0","0","","0","0","N","22.88","","","",
"976","제과점영업","07_22_18_P","4191000","4191000-121-2010-00007","2010-10-05","","03","폐업","02","폐업","2012-01-17","","","","033 761 5093","32.40","","강원특별자치도 원주시 판부면 서곡리 445-49","","","수베이커리","2010-11-17 20:36:39","I","2023-06-13 00:00:00","제과점영업","282992.961532958","424951.697504625","제과점영업","0","0","기타","자율","상수도전용","0","0","0","0","0","","0","0","N","32.4","","","",
"977","제과점영업","07_22_18_P","4191000","4191000-121-2010-00010","2010-12-13","","03","폐업","02","폐업","2021-07-28","","","","033 763 4876","61.61","","강원특별자치도 원주시 단구동 1512-2 광장빌딩1층 (113호,114호)","강원특별자치도 원주시 서원대로 408 (단구동,광장빌딩1층 (113호,114호))","26484","빚은원주단구점","2021-07-28 14:01:01","I","2023-06-13 00:00:00","제과점영업","284124.423574889","425753.203190806","제과점영업","0","4","기타","자율","상수도전용","0","0","0","0","0","","0","0","N","61.61","","","",
"978","제과점영업","07_22_18_P","4191000","4191000-121-2010-00011","2010-12-15","","03","폐업","02","폐업","2012-05-01","","","","","19.68","","강원특별자치도 원주시 관설동 1721-3 (1층)","강원특별자치도 원주시 단관길 197 (관설동,(1층))","26472","케잌세븐(cake7seven)","2011-01-14 10:20:28","I","2023-06-13 00:00:00","제과점영업","285275.743527722","424300.304911228","제과점영업","0","0","기타","자율","상수도전용","0","0","0","0","0","","0","0","N","19.68","","","",
"979","제과점영업","07_22_18_P","4191000","4191000-121-2010-00012","2010-12-22","","03","폐업","02","폐업","2011-01-19","","","","0337485603","112.50","","강원특별자치도 원주시 단구동 1679 단관청솔3차아파트상가동1(101,102호)","","","롯데쇼핑(주)롯데슈퍼샤니따삐오(단구점)","2011-01-24 21:49:47","I","2023-06-13 00:00:00","제과점영업","284548.975569643","424799.836046913","제과점영업","1","0","아파트지역","","상수도전용","0","0","0","0","0","","0","0","N","112.5","","","",
"980","제과점영업","07_22_18_P","4191000","4191000-121-2011-00001","2011-02-21","","03","폐업","02","폐업","2011-05-17","","","","033 732 8303","50.40","","강원특별자치도 원주시 문막읍 동화리 1542-10 (1층)","","","우리동네빵집","2011-04-07 16:59:46","I","2023-06-13 00:00:00","제과점영업","273428.760188737","424988.676559613","제과점영업","2","2","기타","자율","상수도전용","0","0","0","0","0","","0","0","N","50.4","","","",
"981","제과점영업","07_22_18_P","4191000","4191000-121-2011-00002","2011-02-28","","03","폐업","02","폐업","2015-10-13","","","","033 764 5225","35.75","","강원특별자치도 원주시 단구동 586-3 (103호)","강원특별자치도 원주시 관후길 46 (단구동,(103호))","26450","호이호이","2011-04-15 14:28:58","I","2023-06-13 00:00:00","제과점영업","284618.082691713","425638.838425981","제과점영업","0","1","기타","자율","상수도전용","0","0","0","0","0","","0","0","N","35.75","","","",
"982","제과점영업","07_22_18_P","4191000","4191000-121-2011-00003","2011-03-09","","03","폐업","02","폐업","2013-05-08","","","","","29.52","","강원특별자치도 원주시 개운동 441 개운1차한신휴플러스(아)상가1동106호","","","쁘띠앙쥬","2012-05-10 09:59:05","I","2023-06-13 00:00:00","제과점영업","284146.815688508","425993.009304842","제과점영업","1","1","아파트지역","기타","상수도전용","0","0","0","0","0","","0","0","N","29.52","","","",
"983","제과점영업","07_22_18_P","4191000","4191000-121-2011-00004","2011-03-15","","03","폐업","02","폐업","2018-11-29","","","","033 734 5545","60.80","","강원특별자치도 원주시 단구동 1606-4 외1필지","강원특별자치도 원주시 단구로 355 (단구동,외1필지)","26490","뚜레쥬르(프리미엄점)","2018-11-29 14:43:16","I","2023-06-13 00:00:00","제과점영업","284872.549213367","425115.13150316","제과점영업","1","2","기타","자율","상수도전용","0","0","0","0","0","","0","0","N","60.8","","","",
"984","제과점영업","07_22_18_P","4191000","4191000-121-2011-00005","2011-03-18","","03","폐업","02","폐업","2014-05-26","","","","","28.35","","강원특별자치도 원주시 중앙동 62-60 중앙시장 라동 49,50호","강원특별자치도 원주시 중앙시장길 6 (중앙동,중앙시장 라동 49,50호)","26428","바로구운빵(중앙점)","2012-06-01 14:49:12","I","2023-06-13 00:00:00","제과점영업","284064.184336251","428000.787992125","제과점영업","3","2","기타","자율","상수도전용","0","0","0","0","0","","0","0","N","28.35","","","",
"985","제과점영업","07_22_18_P","4191000","4191000-121-2011-00006","2011-04-07","","03","폐업","02","폐업","2013-03-08","","","","","30.36","","강원특별자치도 원주시 무실동 1642-6 신선마트(내)","강원특별자치도 원주시 시청로 102 (무실동,신선마트(내))","26391","빵사랑","2012-06-01 14:52:45","I","2023-06-13 00:00:00","제과점영업","282277.072547832","426350.884874672","제과점영업","0","0","기타","자율","상수도전용","0","0","0","0","0","","0","0","N","30.36","","","",
"986","제과점영업","07_22_18_P","4191000","4191000-121-2017-00009","2017-07-07","","03","폐업","02","폐업","2021-01-26","","","","","56.50","","강원특별자치도 원주시 무실동 1848-1","강원특별자치도 원주시 능라동길 30, 1층 114호 (무실동)","26392","마블랑제리","2021-01-26 13:38:14","I","2023-06-13 00:00:00","제과점영업","282235.507695038","426087.782289165","제과점영업","0","0","기타","자율","상수도전용","0","0","0","0","0","","0","0","N","56.5","","","",
"987","제과점영업","07_22_18_P","4191000","4191000-121-2017-00010","2017-08-07","","03","폐업","02","폐업","2024-01-24","","","","033 764 2306","35.67","","강원특별자치도 원주시 반곡동 1880-10 지하1층","강원특별자치도 원주시 양지로 26, 지하1층 (반곡동)","26465","빠네렌토원주점","2024-01-25 11:20:49","U","2024-01-27 02:40:00","제과점영업","286933.822944686","425186.306407447","제과점영업","0","0","기타","자율","상수도전용","0","0","0","0","0","","0","0","N","35.67","","","",
"988","제과점영업","07_22_18_P","4191000","4191000-121-2017-00011","2017-08-29","","03","폐업","02","폐업","2023-04-27","","","","031813 2300","52.00","","강원특별자치도 원주시 무실동 1857-24","강원특별자치도 원주시 능라동길 9, 지상1층 (무실동)","26392","자연드림(원주무실점)","2023-04-27 13:47:02","I","2023-06-13 00:00:00","제과점영업","282055.512950983","425957.588907224","제과점영업","0","0","기타","자율","상수도전용","0","0","0","0","0","","0","0","N","52","","","",
"989","제과점영업","07_22_18_P","4191000","4191000-121-2017-00012","2017-08-29","","03","폐업","02","폐업","2017-09-27","","","","0338132300","","","강원특별자치도 원주시 무실동 1857-24","강원특별자치도 원주시 능라동길 9, 1층 (무실동)","26392","자연드림(원주무실2호점)","2017-09-27 16:55:18","I","2023-06-13 00:00:00","제과점영업","282055.512950983","425957.588907224","제과점영업","0","0","","","","0","0","0","0","0","","0","0","N","0","","","",
"990","제과점영업","07_22_18_P","4191000","4191000-121-2017-00013","2017-08-30","","03","폐업","02","폐업","2025-08-26","","","","033 7439066","58.87","","강원특별자치도 원주시 일산동 97-3 외 21필지, 원주세브란스기독병원 후생관","강원특별자치도 원주시 일산로 20, 지상1층 (일산동, 원주세브란스기독병원 후생관)","26426","브레댄코원주연세의료원점","2025-08-26 09:06:39","U","2025-08-28 02:40:00","제과점영업","283743.070501419","427862.326128302","제과점영업","0","0","학교정화(절대)","기타","상수도전용","0","0","0","0","0","","0","0","N","58.87","","","",
"991","제과점영업","07_22_18_P","4191000","4191000-121-2017-00014","2017-11-20","","03","폐업","02","폐업","2021-03-04","","","","","63.00","","강원특별자치도 원주시 중앙동 59-10","강원특별자치도 원주시 원일로 122-1, 지상1층 (중앙동)","26428","빵사부식빵공방","2021-03-04 16:59:22","I","2023-06-13 00:00:00","제과점영업","283960.212224758","428023.771957032","제과점영업","0","0","기타","자율","상수도전용","0","0","0","0","0","","0","0","N","63","","","",
"992","제과점영업","07_22_18_P","4191000","4191000-121-2018-00001","2018-01-31","","03","폐업","02","폐업","2018-11-01","","","","033734 8345","40.32","","강원특별자치도 원주시 문막읍 건등리 194-3","강원특별자치도 원주시 문막읍 원문로 1625, 1층","26371","케익하우스밀레","2018-11-01 16:29:18","I","2023-06-13 00:00:00","제과점영업","273623.341039515","424426.02199957","제과점영업","0","0","기타","자율","상수도전용","0","0","0","0","0","","0","0","N","40.32","","","",
"993","제과점영업","07_22_18_P","4191000","4191000-121-2018-00013","2018-12-06","","03","폐업","02","폐업","2023-04-27","","","","0338134245","30.00","","강원특별자치도 원주시 행구동 1710-15","강원특별자치도 원주시 영랑길 4, 1층 (행구동)","26456","자연드림원주혁신점","2023-04-27 13:50:23","I","2023-06-13 00:00:00","제과점영업","286012.174229104","427028.683585293","제과점영업","0","0","기타","자율","상수도전용","0","0","0","0","0","","0","0","N","30","","","",
"994","제과점영업","07_22_18_P","4191000","4191000-121-2018-00014","2018-12-19","","03","폐업","02","폐업","2020-06-10","","","","033734 0092","45.45","","강원특별자치도 원주시 단계동 1106-4","강원특별자치도 원주시 백간공원길 14, 1층 102호 (단계동)","26422","세라비베이커리","2020-06-10 13:22:04","I","2023-06-13 00:00:00","제과점영업","282044.273192499","427876.344452767","제과점영업","0","0","기타","자율","상수도전용","0","0","0","0","0","","0","0","N","45.45","","","",
"995","제과점영업","07_22_18_P","4191000","4191000-121-2019-00002","2019-03-18","","03","폐업","02","폐업","2025-01-31","","","","033 7488375","45.54","","강원특별자치도 원주시 우산동 108-1 1층","강원특별자치도 원주시 우산로 94, 1층 (우산동)","26341","앙떼떼베이커리","2025-01-31 10:27:45","U","2025-02-02 02:40:00","제과점영업","282966.718680494","430328.029323743","제과점영업","0","0","기타","기타","상수도전용","0","0","0","0","0","","0","0","N","45.54","","","",
"996","제과점영업","07_22_18_P","4191000","4191000-121-2019-00003","2019-03-18","","03","폐업","02","폐업","2024-10-28","","","","","53.76","","강원특별자치도 원주시 소초면 의관리 461-1 공군8비장병복합체육관 1층","강원특별자치도 원주시 소초면 북원로 3223, 공군8비장병복합체육관 1층","26304","파리바게뜨원주기지점","2024-10-28 11:02:54","U","2024-10-30 02:40:00","제과점영업","285528.211077228","436756.416319138","제과점영업","0","0","기타","기타","상수도전용","0","0","0","0","0","","0","0","N","53.76","","","",
"997","제과점영업","07_22_18_P","4191000","4191000-121-2019-00004","2019-05-17","","03","폐업","02","폐업","2023-12-28","","","","","40.40","","강원특별자치도 원주시 무실동 1850-1","강원특별자치도 원주시 능라동길 42, 1층 106호 (무실동)","26392","오케이크","2023-12-28 16:54:52","U","2023-12-30 02:40:00","제과점영업","282280.547693665","426159.939676681","제과점영업","0","0","","","상수도전용","0","0","0","0","0","","0","0","N","40.4","","","",
"998","제과점영업","07_22_18_P","4191000","4191000-121-2019-00005","2019-05-28","","03","폐업","02","폐업","2021-01-14","","","","07077732511","30.24","","강원특별자치도 원주시 지정면 가곡리 1534 원주 롯데캐슬 더퍼스트 2차 상가동 921동 109호","강원특별자치도 원주시 지정면 가곡로 70-1, 원주 롯데캐슬 더퍼스트 2차 921동(상가동) 1층 109호","26352","네이키드베이커리(기업도시점)","2021-01-14 13:33:24","I","2023-06-13 00:00:00","제과점영업","277595.297948688","431117.008627866","제과점영업","0","0","","","상수도전용","0","0","0","0","0","","0","0","N","30.24","","","",
"999","제과점영업","07_22_18_P","4191000","4191000-121-2019-00010","2019-08-30","","03","폐업","02","폐업","2021-05-24","","","","","99.60","","강원특별자치도 원주시 중앙동 60-12","강원특별자치도 원주시 원일로 112, 1,2층 (중앙동)","26428","자미당중앙점","2021-05-24 16:11:22","I","2023-06-13 00:00:00","제과점영업","284001.551758841","427955.89948766","제과점영업","0","0","","","상수도전용","0","0","0","0","0","","0","0","N","99.6","","","",
"1000","제과점영업","07_22_18_P","4191000","4191000-121-2019-00011","2019-09-09","","03","폐업","02","폐업","2019-10-25","","","","033 7446200","11.20","","강원특별자치도 원주시 무실동 1062-1 1층","강원특별자치도 원주시 북원로 1928, E-MART 1층 (무실동)","26395","주)신세계푸드","2019-10-25 17:07:44","I","2023-06-13 00:00:00","제과점영업","281366.703634706","424684.582635502","제과점영업","0","0","","","상수도전용","0","0","0","0","0","","0","0","N","11.2","","","",
"1001","제과점영업","07_22_18_P","4191000","4191000-121-1999-00064","1999-11-26","","03","폐업","02","폐업","2008-01-23","","","","033 7640925","33.79","","강원특별자치도 원주시 개운동 384-42","","","케익앤드림","2001-10-12 00:00:00","I","2023-06-13 00:00:00","제과점영업","284670.078827731","427201.282452413","제과점영업","0","0","유흥업소밀집지역","자율","상수도전용","0","0","0","0","0","","0","0","N","33.79","","","",
"1002","제과점영업","07_22_18_P","4191000","4191000-121-2000-00050","2000-03-04","","03","폐업","02","폐업","2007-06-25","","","","0033 7462128","0.00","","강원특별자치도 원주시 우산동 131-1","","","빠리베이커리","2006-03-29 00:00:00","I","2023-06-13 00:00:00","제과점영업","283109.823227738","429324.921207288","제과점영업","0","1","아파트지역","자율","상수도전용","0","0","0","0","0","","0","0","N","0","","","",
"1003","제과점영업","07_22_18_P","4191000","4191000-121-1978-00002","1978-10-26","","03","폐업","02","폐업","2010-07-07","","","","033 7458585","0.00","","강원특별자치도 원주시 학성동 430-10","","","파리제과","2004-10-12 00:00:00","I","2023-06-13 00:00:00","제과점영업","283597.090706248","428637.719223077","제과점영업","0","0","주택가주변","자율","상수도전용","0","0","0","0","0","","0","0","N","0","0","","",
"1004","제과점영업","07_22_18_P","4191000","4191000-121-1980-00020","1980-08-04","","03","폐업","02","폐업","2006-03-13","","","","","58.43","","강원특별자치도 원주시 일산동 51-5","","","파리번제과","2001-10-12 00:00:00","I","2023-06-13 00:00:00","제과점영업","283885.058697396","428075.862866845","제과점영업","0","0","기타","자율","상수도전용","0","0","0","0","0","","0","0","N","58.43","0","","",
"1005","제과점영업","07_22_18_P","4191000","4191000-121-1981-00008","1981-05-18","","03","폐업","02","폐업","2006-01-17","","","","033 743 217","0.00","","강원특별자치도 원주시 학성동 208-1","","","노경철베이커리","2006-01-17 00:00:00","I","2023-06-13 00:00:00","제과점영업","","","제과점영업","0","0","주택가주변","자율","상수도전용","0","0","0","0","0","","0","0","N","0","0","","",
"1006","제과점영업","07_22_18_P","4191000","4191000-121-1981-00010","1981-09-16","","03","폐업","02","폐업","2007-06-11","","","","033 7448859","30.40","","강원특별자치도 원주시 우산동 101-2","","","데일리명과","2002-07-10 00:00:00","I","2023-06-13 00:00:00","제과점영업","283158.60126015","430380.879535287","제과점영업","0","0","주택가주변","자율","상수도전용","0","0","0","0","0","","0","0","N","30.4","0","","",
"1007","제과점영업","07_22_18_P","4191000","4191000-121-1985-00009","1985-07-03","","03","폐업","02","폐업","2006-02-10","","","","033 7440240","0.00","","강원특별자치도 원주시 단계동 0-0","","","단계오복제과","2001-10-15 00:00:00","I","2023-06-13 00:00:00","제과점영업","","","제과점영업","0","0","주택가주변","자율","상수도전용","0","0","0","0","0","","0","0","N","0","0","","",
"1008","제과점영업","07_22_18_P","4191000","4191000-121-1987-00018","1987-07-22","","03","폐업","02","폐업","2006-02-16","","","","033 7451413","15.12","","강원특별자치도 원주시 단구동 623-6","","","스마일제과점","2001-10-12 00:00:00","I","2023-06-13 00:00:00","제과점영업","284943.867508605","425712.023713906","제과점영업","0","0","주택가주변","자율","상수도전용","0","0","0","0","0","","0","0","N","15.12","0","","",
"1009","제과점영업","07_22_18_P","4191000","4191000-121-1989-00019","1989-03-04","","03","폐업","02","폐업","2020-10-12","","","","033 766 2311","0.00","","강원특별자치도 원주시 개운동 115-7","강원특별자치도 원주시 치악로 1787 (개운동)","26442","빵사랑굼터","2020-10-12 14:26:52","I","2023-06-13 00:00:00","제과점영업","284571.974802987","427096.482891635","제과점영업","0","0","주택가주변","자율","상수도전용","0","0","0","0","0","","0","0","N","0","0","","",
"1010","제과점영업","07_22_18_P","4191000","4191000-121-1989-00021","1989-10-16","","03","폐업","02","폐업","2014-09-30","","","","033 7424702","0.00","","강원특별자치도 원주시 원동 295","강원특별자치도 원주시 무실로 121 (원동)","26438","이동규과자점","2014-01-22 10:21:28","I","2023-06-13 00:00:00","제과점영업","283565.220405635","427117.631606004","제과점영업","0","0","아파트지역","자율","상수도전용","0","0","0","0","0","","0","0","N","0","0","","",
"1011","제과점영업","07_22_18_P","4191000","4191000-121-2005-00046","2005-07-01","","03","폐업","02","폐업","2010-04-06","","","","033 761 6927","62.45","","강원특별자치도 원주시 관설동 1455-5","","","앙토네카렘","2009-03-09 16:04:47","I","2023-06-13 00:00:00","제과점영업","285527.828092809","424512.731741867","제과점영업","0","0","주택가주변","자율","상수도전용","0","0","0","0","0","","0","0","N","62.45","","","",
"1012","제과점영업","07_22_18_P","4191000","4191000-121-2005-00047","2005-10-28","","03","폐업","02","폐업","2015-09-21","","","","","30.53","","강원특별자치도 원주시 단계동 111-34","강원특별자치도 원주시 원문로 162 (단계동)","26408","크라운베이커리(북원점)","2012-05-10 09:37:55","I","2023-06-13 00:00:00","제과점영업","282482.89482262","428630.960626942","제과점영업","0","0","주택가주변","자율","상수도전용","0","0","0","0","0","","0","0","N","30.53","","","",
"1013","제과점영업","07_22_18_P","4191000","4191000-121-2005-00048","2005-11-11","","03","폐업","02","폐업","2013-06-21","","","","033 7352635","49.38","","강원특별자치도 원주시 일산동 353-2 102호","","","쁘띠랑제","2012-05-10 10:35:54","I","2023-06-13 00:00:00","제과점영업","283503.579127463","427317.751710096","제과점영업","0","0","주택가주변","자율","상수도전용","0","0","0","0","0","","0","0","N","49.38","","","",
"1014","제과점영업","07_22_18_P","4191000","4191000-121-2006-00001","2006-01-25","","03","폐업","02","폐업","2007-12-21","","","","033 7642212","45.10","","강원특별자치도 원주시 단구동 1511-2 외1필지 스타월드 107호","","","크라운베이커리(스타월드점)","2007-12-14 19:02:38","I","2023-06-13 00:00:00","제과점영업","284012.197863588","425846.256339564","제과점영업","0","0","기타","자율","상수도전용","0","0","0","0","0","","0","0","N","45.1","","","",
"1015","제과점영업","07_22_18_P","4191000","4191000-121-2006-00002","2006-03-07","","03","폐업","02","폐업","2015-02-16","","","","033 7488982","29.09","","강원특별자치도 원주시 단계동 68-3","강원특별자치도 원주시 원문로100번길 68 (단계동)","26407","뚜레쥬르단계이마트점","2013-10-07 15:55:34","I","2023-06-13 00:00:00","제과점영업","282850.954554922","429272.009876045","제과점영업","1","0","기타","자율","상수도전용","0","0","0","0","0","","0","0","N","29.09","","","",
"1016","제과점영업","07_22_18_P","4191000","4191000-121-2006-00004","2006-06-09","","03","폐업","02","폐업","2006-10-25","","","","033 7349668","62.02","","강원특별자치도 원주시 태장동 1395-18","","","허니로니","2006-06-09 00:00:00","I","2023-06-13 00:00:00","제과점영업","","","제과점영업","0","0","주택가주변","자율","상수도전용","0","0","0","0","0","","0","0","N","62.02","","","",
"1017","제과점영업","07_22_18_P","4191000","4191000-121-2006-00005","2006-06-27","","03","폐업","02","폐업","2016-12-29","","","","","34.65","","강원특별자치도 원주시 단구동 223-1 외1필지(223-2)","","","쁘띠랑제제과점","2012-05-10 09:39:47","I","2023-06-13 00:00:00","제과점영업","285107.912235279","426332.77495312","제과점영업","1","0","기타","자율","상수도전용","0","0","0","0","0","","0","0","N","34.65","","","",
"1018","제과점영업","07_22_18_P","4191000","4191000-121-2006-00006","2006-08-10","","03","폐업","02","폐업","2008-10-29","","","","033 7457587","30.34","","강원특별자치도 원주시 태장동 128-1 외 5필지 태장동보렉스아파트 상가B동 101호","","","이동규 과자점","2006-08-10 00:00:00","I","2023-06-13 00:00:00","제과점영업","285016.968171511","429241.315585825","제과점영업","0","1","기타","자율","상수도전용","0","0","0","0","0","","0","0","N","30.34","","","",
"1019","제과점영업","07_22_18_P","4191000","4191000-121-2018-00012","2018-11-29","","03","폐업","02","폐업","2020-07-15","","","","","3.11","","강원특별자치도 원주시 무실동 1062-1 이마트","강원특별자치도 원주시 북원로 1928, 이마트 지하1층 (무실동)","26395","토끼방앗간원주점","2020-07-15 11:39:10","I","2023-06-13 00:00:00","제과점영업","281366.703634706","424684.582635502","제과점영업","0","0","기타","자율","","0","0","0","0","0","","0","0","N","3.11","","","",
"1020","제과점영업","07_22_18_P","4191000","4191000-121-2018-00002","2018-02-01","","03","폐업","02","폐업","2022-12-07","","","","","52.20","","강원특별자치도 원주시 명륜동 313 치악체육관","강원특별자치도 원주시 서원대로 279, 치악체육관 1층 (명륜동)","26447","이딸리망베이커리","2022-12-07 15:02:15","I","2023-06-13 00:00:00","제과점영업","283339.788761827","426738.128497696","제과점영업","0","0","기타","기타","상수도전용","0","0","0","0","0","","0","0","N","52.2","","","",
"1021","제과점영업","07_22_18_P","4191000","4191000-121-2018-00003","2018-03-12","","03","폐업","02","폐업","2019-11-21","","","","","32.00","","강원특별자치도 원주시 단구동 1064-16 1층, 우측상가","강원특별자치도 원주시 치악로1735번길 77, 1층 우측상가호 (단구동)","26446","하라떡공방","2019-11-21 16:00:08","I","2023-06-13 00:00:00","제과점영업","284439.942892979","426063.764889461","제과점영업","0","0","기타","자율","상수도전용","0","0","0","0","0","","0","0","N","32","","","",
"1022","제과점영업","07_22_18_P","4191000","4191000-121-2018-00004","2018-05-09","","03","폐업","02","폐업","2022-05-27","","","","07017237600","2.00","","강원특별자치도 원주시 무실동 1641-8 쎈터프라자","강원특별자치도 원주시 시청로 80, 쎈터프라자 1층 111~113호 (무실동)","26388","몽블랑제","2022-05-27 16:38:13","I","2023-06-13 00:00:00","제과점영업","282117.994326072","426481.829134012","제과점영업","0","0","기타","자율","상수도전용","0","0","0","0","0","","0","0","N","2","","","",
"1023","제과점영업","07_22_18_P","4191000","4191000-121-2018-00005","2018-05-16","","03","폐업","02","폐업","2018-05-31","","","","","","","강원특별자치도 원주시 무실동 1641-10","강원특별자치도 원주시 시청로 84, 1층 106호 (무실동)","26388","뚜레쥬르원주시청점","2018-05-31 16:58:09","I","2023-06-13 00:00:00","제과점영업","282169.220583111","426442.961504571","제과점영업","0","0","","","","0","0","0","0","0","","0","0","N","0","","","",
"1024","제과점영업","07_22_18_P","4191000","4191000-121-2018-00006","2018-06-15","","03","폐업","02","폐업","2018-07-10","","","","033744 6200","","","강원특별자치도 원주시 무실동 1062-1 이마트","강원특별자치도 원주시 북원로 1928, 이마트 지하1층 (무실동)","26395","이베이커리","2018-07-10 16:08:20","I","2023-06-13 00:00:00","제과점영업","281366.703634706","424684.582635502","제과점영업","0","0","","","","0","0","0","0","0","","0","0","N","0","","","",
"1025","제과점영업","07_22_18_P","4191000","4191000-121-2018-00007","2018-07-13","","03","폐업","02","폐업","2023-12-26","","","","","61.50","","강원특별자치도 원주시 관설동 1737-11 1층,일부","강원특별자치도 원주시 시청로 471-22, 1층 일부호 (관설동)","26472","브래드용","2023-12-26 15:57:55","U","2023-12-28 02:40:00","제과점영업","285100.6","424463.605","제과점영업","0","0","기타","자율","상수도전용","0","0","0","0","0","","0","0","N","61.5","","","",
"1026","제과점영업","07_22_18_P","4191000","4191000-121-2018-00008","2018-08-17","","03","폐업","02","폐업","2022-09-22","","","","","68.88","","강원특별자치도 원주시 반곡동 1875-2 1층,일부","강원특별자치도 원주시 봄마중길 2-2, 1층 일부호 (반곡동)","26465","스윗드림","2022-09-22 09:17:33","I","2023-06-13 00:00:00","제과점영업","286877.431131041","425308.78117234","제과점영업","0","0","주택가주변","자율","상수도전용","0","0","0","0","0","","0","0","N","68.88","","","",
"1027","제과점영업","07_22_18_P","4191000","4191000-121-2018-00010","2018-09-06","","03","폐업","02","폐업","2019-09-23","","","","","113.20","","강원특별자치도 원주시 반곡동 1842-4 1층","강원특별자치도 원주시 양지뜰3길 6, 1층 (반곡동)","26461","더브레드","2019-09-23 13:14:34","I","2023-06-13 00:00:00","제과점영업","286940.309543961","425411.851974977","제과점영업","0","0","주택가주변","자율","상수도전용","0","0","0","0","0","","0","0","N","113.2","","","",
"1028","제과점영업","07_22_18_P","4191000","4191000-121-2018-00011","2018-11-07","","03","폐업","02","폐업","2024-01-26","","","","033734 2180","47.20","","강원특별자치도 원주시 문막읍 동화리 1536-7","강원특별자치도 원주시 문막읍 왕건로 94, 1층","26367","브레드인스토리","2024-01-26 10:43:23","U","2024-01-28 02:40:00","제과점영업","273490.282374501","425381.609972151","제과점영업","0","0","아파트지역","자율","상수도전용","0","0","0","0","0","","0","0","N","47.2","","","",
"1029","제과점영업","07_22_18_P","4191000","4191000-121-2000-00055","2000-06-05","","03","폐업","02","폐업","2017-09-22","","","","033 7475006","35.12","","강원특별자치도 원주시 단계동 808-1","강원특별자치도 원주시 백간길 72 (단계동)","26420","뚜레쥬르(단계점)","2017-09-22 17:38:55","I","2023-06-13 00:00:00","제과점영업","282406.852736425","428094.957948485","제과점영업","0","0","아파트지역","자율","상수도전용","0","0","0","0","0","","0","0","N","35.12","","","",
"1030","제과점영업","07_22_18_P","4191000","4191000-121-2000-00058","2000-08-14","","03","폐업","02","폐업","2008-03-26","","","","033 7617444","25.56","","강원특별자치도 원주시 명륜동 802-0 성원A 상가가동 121호","","","크라운베이커리원동점","2003-06-29 00:00:00","I","2023-06-13 00:00:00","제과점영업","283383.087355804","427002.92589923","제과점영업","0","0","아파트지역","자율","상수도전용","0","0","0","0","0","","0","0","N","25.56","","","",
"1031","제과점영업","07_22_18_P","4191000","4191000-121-2000-00059","2000-08-22","","03","폐업","02","폐업","2010-06-24","","","","033 7630039","30.57","","강원특별자치도 원주시 단구동 1576-4","","","크라운베이커리(구곡점)","2007-11-05 17:02:16","I","2023-06-13 00:00:00","제과점영업","284108.541317057","424856.922449948","제과점영업","0","0","주택가주변","자율","상수도전용","0","0","0","0","0","","0","0","N","30.57","","","",
"1032","제과점영업","07_22_18_P","4191000","4191000-121-2000-00062","2000-10-31","","03","폐업","02","폐업","2008-01-14","","","","033 7422876","0.00","","강원특별자치도 원주시 태장동 1367-2","","","크라운베이커리태장점","2001-10-15 00:00:00","I","2023-06-13 00:00:00","제과점영업","283881.262506578","431864.708970199","제과점영업","0","0","아파트지역","자율","상수도전용","0","0","0","0","0","","0","0","N","0","","","",
"1033","제과점영업","07_22_18_P","4191000","4191000-121-2000-00090","2000-06-05","","03","폐업","02","폐업","2009-09-02","","","","033 7420114","","","강원특별자치도 원주시 단계동 857-2 ,3,4(지하1층)","","","대경베이커리","2008-08-26 14:42:54","I","2023-06-13 00:00:00","제과점영업","282365.121230523","427685.809028028","제과점영업","0","0","","","","0","0","0","0","0","","0","0","N","0","","","",
"1034","제과점영업","07_22_18_P","4191000","4191000-121-2001-00035","2001-05-28","","03","폐업","02","폐업","2014-08-20","","","","033 7423058","45.12","","강원특별자치도 원주시 흥업면 매지리 1496 외3필지연세대학교학생회관","강원특별자치도 원주시 흥업면 연세대길 1, 1층 (연세대학교학생회관)","26493","(주)동원홈푸드원주연세대점델리본","2014-03-17 15:54:44","I","2023-06-13 00:00:00","제과점영업","279854.561886195","420213.086562055","제과점영업","1","1","학교정화(절대)","자율","간이상수도","0","0","0","0","0","","0","0","N","45.12","","","",
"1035","제과점영업","07_22_18_P","4191000","4191000-121-2001-00036","2001-07-12","","03","폐업","02","폐업","2005-12-28","","","","033 7427316","75.14","","강원특별자치도 원주시 중앙동 105-3","","","케익하우스마듀","2005-12-24 00:00:00","I","2023-06-13 00:00:00","제과점영업","284174.412959252","427939.826701204","제과점영업","0","0","기타","자율","상수도전용","0","0","0","0","0","","0","0","N","75.14","","","",
"1036","제과점영업","07_22_18_P","4191000","4191000-121-2002-00013","2002-02-27","","03","폐업","02","폐업","2008-12-09","","","","033 7437004","98.46","","강원특별자치도 원주시 우산동 660","","","상지베이커리","2007-12-14 15:07:31","I","2023-06-13 00:00:00","제과점영업","282151.822954944","430257.366976729","제과점영업","0","0","","","","0","0","0","0","0","","0","0","N","98.46","","","",
"1037","제과점영업","07_22_18_P","4191000","4191000-121-2002-00045","2002-05-13","","03","폐업","02","폐업","2023-07-06","","","","033 7618250","29.97","","강원특별자치도 원주시 단구동 1510-2","강원특별자치도 원주시 서원대로 390 (단구동)","26484","브레드더더","2023-07-06 10:27:23","U","2023-07-08 02:40:00","제과점영업","283926.889858808","425917.747531297","제과점영업","0","0","기타","자율","상수도전용","0","0","0","0","0","","0","0","N","29.97","","","",
"1038","제과점영업","07_22_18_P","4191000","4191000-121-2002-00047","2002-05-20","","03","폐업","02","폐업","2015-02-16","","","","033 7445770","129.15","","강원특별자치도 원주시 일산동 161-12","강원특별자치도 원주시 원일로115번길 16 (일산동)","26427","뚜레쥬루","2012-05-10 10:45:32","I","2023-06-13 00:00:00","제과점영업","283843.201653556","427910.021512237","제과점영업","0","0","기타","자율","상수도전용","0","0","0","0","0","","0","0","N","129.15","","","",
"1039","제과점영업","07_22_18_P","4191000","4191000-121-2002-00048","2002-05-21","","03","폐업","02","폐업","2008-03-05","","","","","6.00","","강원특별자치도 원주시 중앙동 57 지하층11-3","","","자유베이커리","2002-05-21 00:00:00","I","2023-06-13 00:00:00","제과점영업","284005.234706843","428073.8236109","제과점영업","0","0","기타","자율","상수도전용","0","0","0","0","0","","0","0","N","6","","","",
"1040","제과점영업","07_22_18_P","4191000","4191000-121-2002-00065","2002-08-10","","03","폐업","02","폐업","2015-11-11","","","","033 7445123","58.40","","강원특별자치도 원주시 태장동 1373-4","강원특별자치도 원주시 흥양로51번길 9 (태장동)","26316","큰사랑베이커리","2012-05-10 10:44:42","I","2023-06-13 00:00:00","제과점영업","284315.850635371","431816.102614725","제과점영업","0","0","주택가주변","자율","상수도전용","0","0","0","0","0","","0","0","N","58.4","","","",
"1041","제과점영업","07_22_18_P","4191000","4191000-121-2002-00067","2002-08-24","","03","폐업","02","폐업","2013-10-02","","","","033 7640459","45.32","","강원특별자치도 원주시 원동 304-3","강원특별자치도 원주시 남산로48번길 29 (원동)","26433","이동규과자점2호점","2011-11-21 11:28:30","I","2023-06-13 00:00:00","제과점영업","283895.884088431","427081.74140142","제과점영업","0","0","주택가주변","자율","상수도전용","0","0","0","0","0","","0","0","N","45.32","","","",
"1042","제과점영업","07_22_18_P","4191000","4191000-121-2002-00074","2002-09-10","","03","폐업","02","폐업","2018-08-27","","","","033 7466100","51.03","","강원특별자치도 원주시 중앙동 118-9","강원특별자치도 원주시 원일로 88-2 (중앙동)","26428","하나로베이커리","2018-08-27 10:09:03","I","2023-06-13 00:00:00","제과점영업","284170.103082316","427834.903681968","제과점영업","0","0","기타","자율","상수도전용","0","0","0","0","0","","0","0","N","51.03","","","",
"1043","제과점영업","07_22_18_P","4191000","4191000-121-2002-00087","2002-10-09","","03","폐업","02","폐업","2006-03-06","","","","033 7649088","64.66","","강원특별자치도 원주시 개운동 445-21 19통2반","","","빤아미","2002-10-09 00:00:00","I","2023-06-13 00:00:00","제과점영업","284197.528325863","425935.343879896","제과점영업","0","0","주택가주변","자율","상수도전용","0","0","0","0","0","","0","0","N","64.66","","","",
"1044","제과점영업","07_22_18_P","4191000","4191000-121-1989-00023","1989-11-25","","03","폐업","02","폐업","2008-12-29","","","","00337637 081","37.80","","강원특별자치도 원주시 개운동 407-11","","","만나베이커리","2001-09-27 00:00:00","I","2023-06-13 00:00:00","제과점영업","284782.397131723","426757.956980956","제과점영업","0","0","주택가주변","자율","상수도전용","0","0","0","0","0","","0","0","N","37.8","0","","",
"1045","제과점영업","07_22_18_P","4191000","4191000-121-1990-00024","1990-04-17","","03","폐업","02","폐업","2006-12-26","","","","033 7466214","0.00","","강원특별자치도 원주시 명륜동 205-6","","","현대리아제과","2001-10-12 00:00:00","I","2023-06-13 00:00:00","제과점영업","","","제과점영업","0","0","아파트지역","자율","상수도전용","0","0","0","0","0","","0","0","N","0","0","","",
"1046","제과점영업","07_22_18_P","4191000","4191000-121-1991-00034","1991-01-11","","03","폐업","02","폐업","2006-03-21","","","","033 7311436","36.01","","강원특별자치도 원주시 단계동 147-13","","","김영대제과점","2001-10-15 00:00:00","I","2023-06-13 00:00:00","제과점영업","282793.486635181","428685.023401122","제과점영업","0","0","주택가주변","자율","상수도전용","0","0","0","0","0","","0","0","N","36.01","0","","",
"1047","제과점영업","07_22_18_P","4191000","4191000-121-1991-00035","1991-01-22","","03","폐업","02","폐업","2005-10-25","","","","033 7310391","50.34","","강원특별자치도 원주시 단계동 111-34","","","마니또베이커리","2001-10-15 00:00:00","I","2023-06-13 00:00:00","제과점영업","282482.89482262","428630.960626942","제과점영업","0","0","주택가주변","자율","상수도전용","0","0","0","0","0","","0","0","N","50.34","0","","",
"1048","제과점영업","07_22_18_P","4191000","4191000-121-2003-00002","2003-01-22","","03","폐업","02","폐업","2013-01-21","","","","033 7658288","52.13","","강원특별자치도 원주시 단구동 1515-1","강원특별자치도 원주시 남원로534번길 14 (단구동)","26484","파리바게뜨","2005-10-14 00:00:00","I","2023-06-13 00:00:00","제과점영업","283958.08003447","425838.465197836","제과점영업","0","0","주택가주변","자율","상수도전용","0","0","0","0","0","","0","0","N","52.13","","","",
"1049","제과점영업","07_22_18_P","4191000","4191000-121-2003-00015","2003-03-17","","03","폐업","02","폐업","2006-01-17","","","","","34.00","","강원특별자치도 원주시 봉산동 1128-26","","","리노베이커리","2006-01-17 00:00:00","I","2023-06-13 00:00:00","제과점영업","284736.680728104","427737.92680406","제과점영업","0","0","기타","자율","상수도전용","0","0","0","0","0","","0","0","N","34","","","",
"1050","제과점영업","07_22_18_P","4191000","4191000-121-2003-00019","2003-03-24","","03","폐업","02","폐업","2006-03-30","","","","033 7323325","61.55","","강원특별자치도 원주시 중앙동 63-1","","","던킨도너츠","2005-10-14 00:00:00","I","2023-06-13 00:00:00","제과점영업","284101.429843843","428039.856774107","제과점영업","0","0","기타","자율","상수도전용","0","0","0","0","0","","0","0","N","61.55","","","",
"1051","제과점영업","07_22_18_P","4191000","4191000-121-2003-00027","2003-04-24","","03","폐업","02","폐업","2013-05-22","","","","","60.73","","강원특별자치도 원주시 지정면 월송리 1061-16 빌리지센타","강원특별자치도 원주시 지정면 오크밸리1길 70 (빌리지센타)","26357","한솔개발(주)오크밸리제과점","2012-08-30 16:21:22","I","2023-06-13 00:00:00","제과점영업","272459.646983562","437204.631213169","제과점영업","0","0","기타","자율","간이상수도","0","0","0","0","0","","0","0","N","60.73","","","",
"1052","제과점영업","07_22_18_P","4191000","4191000-121-2003-00032","2003-05-14","","03","폐업","02","폐업","2020-12-15","","","","033 763 0085","32.96","","강원특별자치도 원주시 명륜동 845-5 피존상가2호","강원특별자치도 원주시 남원로 441-8 (명륜동,피존상가2호)","26482","뚜레쥬르(구곡점)","2020-12-15 13:04:50","I","2023-06-13 00:00:00","제과점영업","283277.935758467","425297.332124533","제과점영업","0","0","주택가주변","자율","상수도전용","0","0","0","0","0","","0","0","N","32.96","","","",
"1053","제과점영업","07_22_18_P","4191000","4191000-121-2003-00081","2003-11-27","","03","폐업","02","폐업","2015-05-21","","","","033 764 1633","44.31","","강원특별자치도 원주시 단구동 1589-4","강원특별자치도 원주시 단구로 418 (단구동)","26489","뚜레쥬르(단관점)","2014-01-22 10:27:54","I","2023-06-13 00:00:00","제과점영업","284364.526439607","424684.11669714","제과점영업","0","0","주택가주변","자율","상수도전용","0","0","0","0","0","","0","0","N","44.31","","","",
"1054","제과점영업","07_22_18_P","4191000","4191000-121-2004-00017","2004-04-09","","03","폐업","02","폐업","2008-03-26","","","","033 7618281","31.97","","강원특별자치도 원주시 명륜동 767-4","","","최주호베이커리","2007-12-17 20:59:07","I","2023-06-13 00:00:00","제과점영업","283219.204414798","426369.468312005","제과점영업","0","0","아파트지역","자율","상수도전용","0","0","0","0","0","","0","0","N","31.97","","","",
"1055","제과점영업","07_22_18_P","4191000","4191000-121-2004-00038","2004-07-13","","03","폐업","02","폐업","2006-02-23","","","","033 7476270","34.54","","강원특별자치도 원주시 봉산동 1197-9","","","진미손감자떡","2004-12-07 00:00:00","I","2023-06-13 00:00:00","제과점영업","285640.727314474","427140.235458514","제과점영업","0","0","주택가주변","자율","상수도전용","0","0","0","0","0","","0","0","N","34.54","","","",
"1056","제과점영업","07_22_18_P","4191000","4191000-121-2004-00041","2004-08-03","","03","폐업","02","폐업","2009-11-12","","","","","30.87","","강원특별자치도 원주시 문막읍 동화리 1536-7","","","아리베리커리(동화점)","2008-07-14 09:16:42","I","2023-06-13 00:00:00","제과점영업","273490.282374501","425381.609972151","제과점영업","0","0","주택가주변","자율","상수도전용","0","0","0","0","0","","0","0","N","30.87","","","",
"1057","제과점영업","07_22_18_P","4191000","4191000-121-2004-00042","2004-07-09","","03","폐업","02","폐업","2006-02-16","","","","033 7644664","27.00","","강원특별자치도 원주시 명륜동 261-3","","","빵사랑마을","2005-06-28 00:00:00","I","2023-06-13 00:00:00","제과점영업","284234.553817397","426690.948204252","제과점영업","0","0","주택가주변","자율","상수도전용","0","0","0","0","0","","0","0","N","27","","","",
"1058","제과점영업","07_22_18_P","4191000","4191000-121-2004-00046","2004-08-20","","03","폐업","02","폐업","2005-10-06","","","","033 7452475","39.25","","강원특별자치도 원주시 우산동 226-34 (1층)","","","빵이야기","2005-08-04 00:00:00","I","2023-06-13 00:00:00","제과점영업","282872.214659371","429990.724479473","제과점영업","0","0","기타","자율","상수도전용","0","0","0","0","0","","0","0","N","39.25","","","",
"1059","제과점영업","07_22_18_P","4191000","4191000-121-2004-00048","2004-08-30","","03","폐업","02","폐업","2012-12-10","","","","033 7430422","59.11","","강원특별자치도 원주시 무실동 1642-2 영신프라자 105호","강원특별자치도 원주시 시청로 96 (무실동,영신프라자 105호)","26391","뚜레쥬르무실점","2012-05-10 10:41:10","I","2023-06-13 00:00:00","제과점영업","282212.867026178","426408.618514418","제과점영업","0","0","기타","자율","상수도전용","0","0","0","0","0","","0","0","N","59.11","","","",
"1060","제과점영업","07_22_18_P","4191000","4191000-121-2006-00007","2006-08-14","","03","폐업","02","폐업","2008-11-05","","","","","52.84","","강원특별자치도 원주시 문막읍 문막리 254-2 (2호동)","","","크라운베이커리문막점","2006-08-14 00:00:00","I","2023-06-13 00:00:00","제과점영업","272297.442662205","423059.338331896","제과점영업","2","0","기타","자율","상수도전용","0","0","0","0","0","","0","0","N","52.84","","","",
"1061","제과점영업","07_22_18_P","4191000","4191000-121-2006-00008","2006-09-11","","03","폐업","02","폐업","2008-05-28","","","","033 7460459","46.65","","강원특별자치도 원주시 무실동 1641-5 에이스주차타워2 1층 115호","","","오틸리아베이커리","2006-09-11 00:00:00","I","2023-06-13 00:00:00","제과점영업","282054.307419082","426491.35127632","제과점영업","0","0","기타","자율","상수도전용","0","0","0","0","0","","0","0","N","46.65","","","",
"1062","제과점영업","07_22_18_P","4191000","4191000-121-2006-00009","2006-09-22","","03","폐업","02","폐업","2018-08-27","","","","033 7350082","36.98","","강원특별자치도 원주시 태장동 700-13 사러가플러스마트내","강원특별자치도 원주시 치악로 1979 (태장동,사러가플러스마트내)","26325","빵굽는마을","2018-08-27 10:11:54","I","2023-06-13 00:00:00","제과점영업","284688.348183387","428813.456160679","제과점영업","1","0","기타","자율","상수도전용","0","0","0","0","0","","0","0","N","36.98","","","",
"1063","제과점영업","07_22_18_P","4191000","4191000-121-2006-00010","2006-10-09","","03","폐업","02","폐업","2018-12-07","","","","","75.35","","강원특별자치도 원주시 개운동 398-14","강원특별자치도 원주시 치악로 1754 (개운동)","26444","좋은날","2018-12-07 15:05:01","I","2023-06-13 00:00:00","제과점영업","284680.639921608","426768.883106376","제과점영업","0","1","주택가주변","자율","상수도전용","0","0","0","0","0","","0","0","N","75.35","","","",
"1064","제과점영업","07_22_18_P","4191000","4191000-121-2006-00011","2006-12-13","","03","폐업","02","폐업","2009-08-26","","","","033 7624432","89.40","","강원특별자치도 원주시 명륜동 90-6","","","뚜레쥬르","2007-10-02 10:43:25","I","2023-06-13 00:00:00","제과점영업","284484.232581673","427116.557153232","제과점영업","1","0","기타","자율","상수도전용","0","0","0","0","0","","0","0","N","89.4","","","",
"1065","제과점영업","07_22_18_P","4191000","4191000-121-2007-00004","2007-09-05","","03","폐업","02","폐업","2015-12-15","","","","","45.70","","강원특별자치도 원주시 문막읍 문막리 249-5","강원특별자치도 원주시 문막읍 원문로 1883","26373","따삐오(문막점)","2015-10-29 15:54:34","I","2023-06-13 00:00:00","제과점영업","272253.039233403","423083.237544462","제과점영업","0","0","","","상수도전용","0","0","0","0","0","","0","0","N","45.7","","","",
"1066","제과점영업","07_22_18_P","4191000","4191000-121-2007-00005","2007-11-05","","03","폐업","02","폐업","2011-06-15","","","","033 732 0025","23.60","","강원특별자치도 원주시 태장동 1394-2","","","신라명과(태장점)","2007-12-04 14:33:25","I","2023-06-13 00:00:00","제과점영업","284050.120598476","431422.05520089","제과점영업","0","0","주택가주변","자율","상수도전용","0","0","0","0","0","","0","0","N","23.6","","","",
"1067","제과점영업","07_22_18_P","4191000","4191000-121-2007-00007","2007-12-03","","03","폐업","02","폐업","2009-12-29","","","","","46.18","","강원특별자치도 원주시 무실동 1661-1","","","느림보카카오","2007-12-12 10:13:26","I","2023-06-13 00:00:00","제과점영업","281542.043998661","426241.791187446","제과점영업","0","0","기타","자율","상수도전용","0","0","0","0","0","","0","0","N","46.18","","","",
"1068","제과점영업","07_22_18_P","4191000","4191000-121-2012-00013","2012-11-20","","03","폐업","02","폐업","2013-03-19","","","","","48.00","","강원특별자치도 원주시 우산동 102-18 2호","강원특별자치도 원주시 진광길 23, 1층 2호 (우산동)","26341","퍼스트베이커리","2012-11-20 14:29:47","I","2023-06-13 00:00:00","제과점영업","283179.927080022","430383.780655811","제과점영업","0","0","기타","자율","상수도전용","0","0","0","0","0","","0","0","N","48","","","",
"1069","제과점영업","07_22_18_P","4191000","4191000-121-2013-00001","2013-01-18","","03","폐업","02","폐업","2025-04-18","","","","","58.00","","강원특별자치도 원주시 학성동 991-2 축협하나로마트 내 1층","강원특별자치도 원주시 원일로 233, 지상1층 (학성동, 본관동)","26413","(주)빵굽는사람들원주축협점","2025-04-18 13:46:11","U","2025-04-20 02:40:00","제과점영업","283473.536558182","428693.830689917","제과점영업","0","0","기타","자율","상수도전용","0","0","0","0","0","","0","0","N","58","","","",
"1070","제과점영업","07_22_18_P","4191000","4191000-121-2013-00002","2013-01-25","","03","폐업","02","폐업","2023-11-20","","","","033 738 9000","66.00","","강원특별자치도 원주시 단계동 877-1 원주시외버스터미널 더블유시티","강원특별자치도 원주시 서원대로 171, 지상1층 (단계동, 원주시외버스터미널 더블유시티)","26436","뚜레쥬르원주터미널점","2023-11-20 11:52:39","U","2023-11-22 02:40:00","제과점영업","282420.45355925","427386.499314318","제과점영업","0","0","기타","자율","상수도전용","0","0","0","0","0","","0","0","N","66","","","",
"1071","제과점영업","07_22_18_P","4191000","4191000-121-2002-00107","2002-12-16","","03","폐업","02","폐업","2009-12-29","","","","033 7449168","33.40","","강원특별자치도 원주시 관설동 1713-2 외1필지 101호(단관청솔8차 상가)","","","크라운베이커리 단관점","2005-10-14 00:00:00","I","2023-06-13 00:00:00","제과점영업","285585.793888962","424297.389932818","제과점영업","0","0","아파트지역","자율","상수도전용","0","0","0","0","0","","0","0","N","33.4","","","",
"1072","제과점영업","07_22_18_P","4191000","4191000-121-2004-00049","2004-08-30","","03","폐업","02","폐업","2008-04-10","","","","033 7310289","44.36","","강원특별자치도 원주시 중앙동 62-49","","","뚜레쥬르중앙로점","2005-10-14 00:00:00","I","2023-06-13 00:00:00","제과점영업","284138.821518714","427948.492402827","제과점영업","0","0","기타","자율","상수도전용","0","0","0","0","0","","0","0","N","44.36","","","",
"1073","제과점영업","07_22_18_P","4191000","4191000-121-2005-00014","2005-02-15","","03","폐업","02","폐업","2017-01-24","","","","033 7436420","31.55","","강원특별자치도 원주시 태장동 산 56-4 조이프라자101호","강원특별자치도 원주시 흥양로18번길 35 (태장동,조이프라자101호)","26318","포토케익베이커하우스","2017-01-24 15:01:00","I","2023-06-13 00:00:00","제과점영업","284103.38992514","431338.475244019","제과점영업","0","0","","","","0","0","0","0","0","","0","0","N","31.55","","","",
"1074","제과점영업","07_22_18_P","4191000","4191000-121-2005-00024","2005-03-31","","03","폐업","02","폐업","2006-09-14","","","","","80.31","","강원특별자치도 원주시 관설동 1687-6","","","디저트앤케익","2006-04-21 00:00:00","I","2023-06-13 00:00:00","제과점영업","285292.534972869","424584.294962533","제과점영업","0","0","주택가주변","자율","상수도전용","0","0","0","0","0","","0","0","N","80.31","","","",
"1075","제과점영업","07_22_18_P","4191000","4191000-121-2005-00029","2005-04-27","","03","폐업","02","폐업","2006-12-12","","","","033 7669990","36.88","","강원특별자치도 원주시 단구동 1577-7","","","본베이커리","2005-05-17 00:00:00","I","2023-06-13 00:00:00","제과점영업","284126.231959595","424904.416971897","제과점영업","0","0","주택가주변","자율","","0","0","0","0","0","","0","0","N","36.88","","","",
"1076","제과점영업","07_22_18_P","4191000","4191000-121-2005-00030","2005-04-27","","03","폐업","02","폐업","2007-01-22","","","","033 7445232","57.02","","강원특별자치도 원주시 무실동 1642-1 보네르빌딩 106호","","","크라운베이커리(원주무실점)","2005-04-27 00:00:00","I","2023-06-13 00:00:00","제과점영업","282190.044209329","426388.415223633","제과점영업","0","0","기타","자율","상수도전용","0","0","0","0","0","","0","0","N","57.02","","","",
"1077","제과점영업","07_22_18_P","4191000","4191000-121-2005-00038","2005-06-03","","03","폐업","02","폐업","2005-11-11","","","","033 7643340","32.00","","강원특별자치도 원주시 단구동 626-2","","","철수베이커리","2005-06-03 00:00:00","I","2023-06-13 00:00:00","제과점영업","284963.689315892","425624.423710032","제과점영업","0","0","","","","0","0","0","0","0","","0","0","N","32","","","",
"1078","제과점영업","07_22_18_P","4191000","4191000-121-2011-00008","2011-09-14","","03","폐업","02","폐업","2021-10-28","","","","033 748 0822","77.05","","강원특별자치도 원주시 무실동 1782-3","강원특별자치도 원주시 무실본동길 2 (무실동)","26477","파리바게뜨(무실휴먼시아점)","2021-10-28 10:31:56","I","2023-06-13 00:00:00","제과점영업","282551.385971086","426575.79534019","제과점영업","0","0","기타","자율","상수도전용","0","0","0","0","0","","0","0","N","77.05","","","",
"1079","제과점영업","07_22_18_P","4191000","4191000-121-2011-00009","2011-10-04","","03","폐업","02","폐업","2018-10-02","","","","","22.52","","강원특별자치도 원주시 개운동 118-2 외 1필지","강원특별자치도 원주시 치악로 1781 (개운동,외 1필지)","26442","따삐오롯데슈퍼원주점","2018-10-02 11:51:55","I","2023-06-13 00:00:00","제과점영업","284548.772950682","427027.162385187","제과점영업","1","1","학교정화(절대)","자율","상수도전용","0","0","0","0","0","","0","0","N","22.52","","","",
"1080","제과점영업","07_22_18_P","4191000","4191000-121-2011-00010","2011-10-11","","03","폐업","02","폐업","2011-12-19","","","","033 744 6200","5.00","","강원특별자치도 원주시 무실동 1062-1 외 3필지","강원특별자치도 원주시 북원로 1928 (무실동)","26395","(주)조선호텔베이커리원주점행사매장","2012-01-18 14:40:27","I","2023-06-13 00:00:00","제과점영업","281366.703634706","424684.582635502","제과점영업","0","0","기타","자율","상수도전용","0","0","0","0","0","","0","0","N","5","","","",
"1081","제과점영업","07_22_18_P","4191000","4191000-121-2011-00011","2011-10-12","","03","폐업","02","폐업","2013-03-07","","","","","13.78","","강원특별자치도 원주시 행구동 1720-4 외2필지(D동1층)","","","행복을굽는","2012-05-10 10:02:02","I","2023-06-13 00:00:00","제과점영업","286170.952600101","426914.312282608","제과점영업","0","0","기타","자율","상수도전용","0","0","0","0","0","","0","0","N","13.78","","","",
"1082","제과점영업","07_22_18_P","4191000","4191000-121-2011-00012","2011-12-21","","03","폐업","02","폐업","2012-01-05","","","","033 744 6200","5.00","","강원특별자치도 원주시 무실동 1062-1 이마트1층","강원특별자치도 원주시 북원로 1928 (무실동, 이마트1층)","26395","(주)조선호텔베이커리행사매장","2012-01-18 14:15:26","I","2023-06-13 00:00:00","제과점영업","281366.703634706","424684.582635502","제과점영업","0","0","기타","자율","상수도전용","0","0","0","0","0","","0","0","N","5","","","",
"1083","제과점영업","07_22_18_P","4191000","4191000-121-2011-00013","2011-12-26","","03","폐업","02","폐업","2012-05-14","","","","033 749 2537","17.11","","강원특별자치도 원주시 단계동 1123 롯데마트 지하1층","강원특별자치도 원주시 봉화로 1 (단계동, 롯데마트 지하1층)","26437","검은아저씨가게","2012-03-28 16:39:50","I","2023-06-13 00:00:00","제과점영업","282120.73395865","427477.545400161","제과점영업","1","1","기타","자율","상수도전용","0","0","0","0","0","","0","0","N","17.11","","","",
"1084","제과점영업","07_22_18_P","4191000","4191000-121-2011-00014","2011-12-27","","03","폐업","02","폐업","2012-05-29","","","","02  26758131","108.30","","강원특별자치도 원주시 단계동 1123 롯데마트 지하1층","강원특별자치도 원주시 봉화로 1 (단계동, 롯데마트 지하1층)","26437","보네스뻬(원주점)","2012-03-30 11:29:24","I","2023-06-13 00:00:00","제과점영업","282120.73395865","427477.545400161","제과점영업","4","2","기타","자율","","0","0","0","0","0","","0","0","N","108.3","","","",
"1085","제과점영업","07_22_18_P","4191000","4191000-121-2012-00001","2012-01-17","","03","폐업","02","폐업","2013-03-07","","","","","20.88","","강원특별자치도 원주시 행구동 1720-4 외2필지","강원특별자치도 원주시 영랑길 26, C동 2층 (행구동)","26456","행복을굽는(분점)","2012-05-10 10:02:35","I","2023-06-13 00:00:00","제과점영업","286170.952600101","426914.312282608","제과점영업","0","0","기타","자율","상수도전용","0","0","0","0","0","","0","0","N","20.88","","","",
"1086","제과점영업","07_22_18_P","4191000","4191000-121-2012-00002","2012-02-07","","03","폐업","02","폐업","2012-02-24","","","","033 744 6200","","","강원특별자치도 원주시 무실동 1062-1","강원특별자치도 원주시 북원로 1928 (무실동)","26395","(주)조선호텔베이커리","2012-02-13 15:42:24","I","2023-06-13 00:00:00","제과점영업","281366.703634706","424684.582635502","제과점영업","0","0","","","","0","0","0","0","0","","0","0","N","0","","","",
"1087","제과점영업","07_22_18_P","4191000","4191000-121-2012-00003","2012-03-15","","03","폐업","02","폐업","2023-09-06","","","","033 745 1273","132.56","","강원특별자치도 원주시 단계동 876-5","강원특별자치도 원주시 서원대로 163 (단계동)","26436","파리바게뜨(원주터미널점)","2023-09-06 15:54:42","U","2023-09-08 02:40:00","제과점영업","282315.635616416","427345.392282396","제과점영업","0","5","유흥업소밀집지역","자율","상수도전용","0","0","0","0","0","","0","0","N","132.56","","","",
"1088","제과점영업","07_22_18_P","4191000","4191000-121-2012-00004","2012-03-28","","03","폐업","02","폐업","2013-04-24","","","","033 765 7720","29.07","","강원특별자치도 원주시 판부면 서곡리 1990-1","강원특별자치도 원주시 판부면 매봉길 17","26399","쇼콜라드쥬","2012-12-17 10:58:45","I","2023-06-13 00:00:00","제과점영업","283506.561419234","424806.01811117","제과점영업","0","0","기타","자율","상수도전용","0","0","0","0","0","","0","0","N","29.07","","","",
"1089","제과점영업","07_22_18_P","4191000","4191000-121-2013-00004","2013-03-08","","03","폐업","02","폐업","2023-03-24","","","","","90.32","","강원특별자치도 원주시 무실동 1844-4 101호","강원특별자치도 원주시 봉바위길 74, 지상1층 101호 (무실동)","26393","뚜레쥬르무실2지구점","2023-03-24 11:41:53","I","2023-06-13 00:00:00","제과점영업","282279.668429777","425831.932157904","제과점영업","3","3","기타","자율","상수도전용","0","0","0","0","0","","0","0","N","90.32","","","",
"1090","제과점영업","07_22_18_P","4191000","4191000-121-2013-00005","2013-04-29","","03","폐업","02","폐업","2015-10-13","","","","033 763 0495","41.42","","강원특별자치도 원주시 단구동 1475-1","강원특별자치도 원주시 치악로1534번길 6, 지상1층 (단구동)","26452","최상현베이커리","2013-05-24 17:39:44","I","2023-06-13 00:00:00","제과점영업","285508.628302153","424808.221382998","제과점영업","0","0","주택가주변","자율","상수도전용","0","0","0","0","0","","0","0","N","41.42","","","",
"1091","제과점영업","07_22_18_P","4191000","4191000-121-2013-00009","2013-06-14","","03","폐업","02","폐업","2020-01-02","","","","033 743 7088","54.48","","강원특별자치도 원주시 태장동 1400-5","강원특별자치도 원주시 현충로 305, 지상1층 (태장동)","26320","행복한베이커리","2020-01-02 13:36:18","I","2023-06-13 00:00:00","제과점영업","283854.480229643","431345.392101786","제과점영업","0","0","기타","자율","상수도전용","0","0","0","0","0","","0","0","N","54.48","","","",
"1092","제과점영업","07_22_18_P","4191000","4191000-121-2013-00010","2013-06-26","","03","폐업","02","폐업","2018-10-31","","","","","40.18","","강원특별자치도 원주시 문막읍 동화리 1536-7 1층,문막농협동화지점","강원특별자치도 원주시 문막읍 왕건로 94, 1층 (문막농협동화지점내)","26367","하나로베이커리동화점","2018-10-31 17:16:48","I","2023-06-13 00:00:00","제과점영업","273490.282374501","425381.609972151","제과점영업","0","0","아파트지역","자율","상수도전용","0","0","0","0","0","","0","0","N","40.18","","","",
"1093","제과점영업","07_22_18_P","4191000","4191000-121-2013-00011","2013-06-28","","03","폐업","02","폐업","2021-11-09","","","","","71.50","","강원특별자치도 원주시 단계동 1166 단계이안아파트상가동 101호,102호","강원특별자치도 원주시 모란1길 47, 지상1층 (단계동, 단계이안아파트상가동 101호,102호)","26406","뚜레쥬르단계이안점","2021-11-09 15:09:47","I","2023-06-13 00:00:00","제과점영업","282717.382013283","429113.463843873","제과점영업","0","0","기타","자율","상수도전용","0","0","0","0","0","","0","0","N","71.5","","","",
"1094","제과점영업","07_22_18_P","4191000","4191000-121-2013-00012","2013-07-31","","03","폐업","02","폐업","2015-10-07","","","","","30.74","","강원특별자치도 원주시 단계동 807-1","강원특별자치도 원주시 백간길 55 (단계동, 세경3차아파트상가 101호)","26410","좋은날단계점","2013-10-24 17:52:33","I","2023-06-13 00:00:00","제과점영업","282350.250504186","428239.899901682","제과점영업","0","0","기타","자율","상수도전용","0","0","0","0","0","","0","0","N","30.74","","","",
"1095","제과점영업","07_22_18_P","4191000","4191000-121-2013-00013","2013-08-05","","03","폐업","02","폐업","2024-01-26","","","","","21.12","","강원특별자치도 원주시 단계동 1095-1","강원특별자치도 원주시 봉화로 65, 1층 103호 (단계동, 봉화산이편한세상상가동)","26421","케익박스","2024-01-26 10:41:16","U","2024-01-28 02:40:00","제과점영업","282068.426658549","428070.191734705","제과점영업","0","0","기타","자율","상수도전용","0","0","0","0","0","","0","0","N","21.12","","","",
"1096","제과점영업","07_22_18_P","4191000","4191000-121-2013-00014","2013-11-04","","03","폐업","02","폐업","2016-09-28","","","","033 735 1075","28.80","","강원특별자치도 원주시 우산동 333-43 1층","강원특별자치도 원주시 진광길 28 (우산동, 1층)","26337","빵굼터","2016-05-02 16:39:01","I","2023-06-13 00:00:00","제과점영업","283146.203635661","430421.233755763","제과점영업","0","0","아파트지역","자율","상수도전용","0","0","0","0","0","","0","0","N","28.8","","","",
"1097","제과점영업","07_22_18_P","4191000","4191000-121-2013-00015","2013-11-25","","03","폐업","02","폐업","2018-12-14","","","","","33.36","","강원특별자치도 원주시 단구동 1580-1 1층","강원특별자치도 원주시 구곡길 57 (단구동, 1층)","26486","오븐놀이터(제과224)","2018-12-14 14:36:28","I","2023-06-13 00:00:00","제과점영업","284067.522700931","425053.676124815","제과점영업","0","0","기타","자율","상수도전용","0","0","0","0","0","","0","0","N","33.36","","","",
"1098","제과점영업","07_22_18_P","4191000","4191000-121-2020-00017","2020-08-18","","03","폐업","02","폐업","2022-12-14","","","","","38.76","","강원특별자치도 원주시 관설동 1785-10 1층","강원특별자치도 원주시 시청로 494-12, 1층 (관설동)","26469","브레드팜","2022-12-14 15:03:59","I","2023-06-13 00:00:00","제과점영업","285166.092418662","424110.907354159","제과점영업","0","0","","","상수도전용","0","0","0","0","0","","0","0","N","38.76","","","",
"1099","제과점영업","07_22_18_P","4191000","4191000-121-2012-00005","2012-04-13","","03","폐업","02","폐업","2012-08-13","","","","033 744 6200","5.00","","강원특별자치도 원주시 무실동 1062-1","강원특별자치도 원주시 북원로 1928 (무실동)","26395","(주)조선호텔베이커리","2012-05-14 14:02:29","I","2023-06-13 00:00:00","제과점영업","281366.703634706","424684.582635502","제과점영업","0","0","기타","자율","지하수전용","0","0","0","0","0","","0","0","N","5","","","",
"1100","제과점영업","07_22_18_P","4191000","4191000-121-2012-00006","2012-05-11","","03","폐업","02","폐업","2014-05-09","","","","033 731 8481","60.07","","강원특별자치도 원주시 문막읍 동화리 114 문막(하)휴게소가동","강원특별자치도 원주시 문막읍 원문로 1234, 1층 (문막(하)휴게소가동)","26364","문막(하)휴게소루머팡","2013-04-19 17:00:18","I","2023-06-13 00:00:00","제과점영업","275994.383805003","426302.575595956","제과점영업","0","0","기타","자율","지하수전용","0","0","0","0","0","","0","0","N","60.07","","","",
"1101","제과점영업","07_22_18_P","4191000","4191000-121-2012-00007","2012-05-14","","03","폐업","02","폐업","2014-06-09","","","","","17.11","","강원특별자치도 원주시 단계동 1123 롯데마트 지하1층","강원특별자치도 원주시 봉화로 1, 지하1층 (단계동)","26437","검은아저씨가게","2014-06-05 10:55:55","I","2023-06-13 00:00:00","제과점영업","282120.73395865","427477.545400161","제과점영업","1","1","기타","자율","상수도전용","0","0","0","0","0","","0","0","N","17.11","","","",
"1102","제과점영업","07_22_18_P","4191000","4191000-121-2012-00008","2012-05-29","","03","폐업","02","폐업","2018-12-10","","","","033 735 8131","108.30","","강원특별자치도 원주시 단계동 1123","강원특별자치도 원주시 봉화로 1 (단계동, 지하1층)","26437","롯데제과(주)베이커리원주점","2018-12-10 15:19:13","I","2023-06-13 00:00:00","제과점영업","282120.73395865","427477.545400161","제과점영업","4","2","기타","자율","","0","0","0","0","0","","0","0","Y","108.3","","","",
"1103","제과점영업","07_22_18_P","4191000","4191000-121-2012-00010","2012-08-08","","03","폐업","02","폐업","2021-08-17","","","","033 765 7874","27.90","","강원특별자치도 원주시 명륜동 710-3 행운아파트 상가동  1층 106호","강원특별자치도 원주시 예술관길 30, 행운아파트 상가동 지상1층 106호 (명륜동)","26479","슈톨렌","2021-08-17 13:55:32","I","2023-06-13 00:00:00","제과점영업","283374.714353191","426066.544557779","제과점영업","0","0","아파트지역","자율","상수도전용","0","0","0","0","0","","0","0","N","27.9","","","",
"1104","제과점영업","07_22_18_P","4191000","4191000-121-2012-00011","2012-11-05","","03","폐업","02","폐업","2022-07-18","","","","033 765 0054","37.87","","강원특별자치도 원주시 인동 264-21 외3필지 성지병원","강원특별자치도 원주시 원일로 22, 성지병원 1층 (인동)","26429","뚜레쥬르(성지병원점)","2022-07-18 15:06:52","I","2023-06-13 00:00:00","제과점영업","284484.959261583","427479.800413061","제과점영업","1","2","기타","자율","상수도전용","0","0","0","0","0","","0","0","N","37.87","","","",
"1105","제과점영업","07_22_18_P","4191000","4191000-121-2020-00020","2020-09-17","","03","폐업","02","폐업","2020-11-04","","","","","48.20","","강원특별자치도 원주시 무실동 1641-5 에이스주차타워2","강원특별자치도 원주시 시청로 76, 에이스주차타워2 114호 (무실동)","26388","베이커리궁무실","2020-11-04 17:24:08","I","2023-06-13 00:00:00","제과점영업","282054.307419082","426491.35127632","제과점영업","0","0","","","상수도전용","0","0","0","0","0","","0","0","N","48.2","","","",
"1106","제과점영업","07_22_18_P","4191000","4191000-121-2021-00002","2021-03-31","","03","폐업","02","폐업","2022-12-30","","","","","34.86","","강원특별자치도 원주시 단구동 267 현대아카데미프라자 117호","강원특별자치도 원주시 늘품로 187-58, 현대아카데미프라자 117호 (단구동)","26457","만월정","2022-12-30 17:52:30","I","2023-06-13 00:00:00","제과점영업","285374.856489138","426587.24417121","제과점영업","0","0","","","상수도전용","0","0","0","0","0","","0","0","N","34.86","","","",
"1107","제과점영업","07_22_18_P","4191000","4191000-121-2021-00003","2021-04-14","","03","폐업","02","폐업","2021-04-15","","","","","","","강원특별자치도 원주시 단구동 1648-1 1층","강원특별자치도 원주시 단관길 105, 1층 (단구동)","26490","브레드105","2021-04-15 14:50:39","I","2023-06-13 00:00:00","제과점영업","284865.157288282","424748.248150448","제과점영업","0","0","","","","0","0","0","0","0","","0","0","N","0","","","",
"1108","제과점영업","07_22_18_P","4191000","4191000-121-2021-00010","2021-07-28","","03","폐업","02","폐업","2022-09-15","","","","","131.76","","강원특별자치도 원주시 반곡동 1413-14 1층","강원특별자치도 원주시 반곡초교로 84, 1층 (반곡동)","26457","냠냠","2022-09-15 16:03:08","I","2023-06-13 00:00:00","제과점영업","286162.613825923","426352.993020879","제과점영업","0","0","","","상수도전용","0","0","0","0","0","","0","0","N","131.76","","","",
"1109","제과점영업","07_22_18_P","4191000","4191000-121-2019-00015","2019-12-19","","03","폐업","02","폐업","2020-06-22","","","","","42.75","","강원특별자치도 원주시 단구동 1026-26 동보 노빌리티타워 골드","강원특별자치도 원주시 서원대로 434, 동보 노빌리티타워 골드 1층 110호, 111호 (단구동)","26485","마리아쥬디저트","2020-06-22 17:05:43","I","2023-06-13 00:00:00","제과점영업","284326.406264379","425591.798715681","제과점영업","0","0","","","상수도전용","0","0","0","0","0","","0","0","N","42.75","","","",
"1110","제과점영업","07_22_18_P","4191000","4191000-121-2020-00001","2020-01-13","","03","폐업","02","폐업","2020-11-02","","","","033 7452120","34.91","","강원특별자치도 원주시 지정면 가곡리 1497-1","강원특별자치도 원주시 지정면 신지정로 322-1, 1층 107호","26353","미미고","2020-11-02 13:54:08","I","2023-06-13 00:00:00","제과점영업","277250.554294063","431515.699932934","제과점영업","0","0","","","상수도전용","0","0","0","0","0","","0","0","N","34.91","","","",
"1111","제과점영업","07_22_18_P","4191000","4191000-121-2020-00002","2020-01-17","","03","폐업","02","폐업","2021-12-13","","","","","91.49","","강원특별자치도 원주시 행구동 225","강원특별자치도 원주시 행구로 455, 1층 (행구동)","26455","예밀락453","2021-12-13 18:04:55","I","2023-06-13 00:00:00","제과점영업","289108.131778362","427453.666172006","제과점영업","0","0","","","","0","0","0","0","0","","0","0","N","91.49","","","",
"1112","제과점영업","07_22_18_P","4191000","4191000-121-2020-00003","2020-01-17","","03","폐업","02","폐업","2024-09-26","","","","033733 0453","185.60","","강원특별자치도 원주시 행구동 226-5","강원특별자치도 원주시 행구로 453, 1층 (행구동)","26455","오캄(OKLM)","2024-09-26 15:38:46","U","2024-09-28 02:40:00","제과점영업","289061.392490635","427471.025730677","제과점영업","0","0","","","상수도전용","0","0","0","0","0","","0","0","N","185.6","","","",
"1113","제과점영업","07_22_18_P","4191000","4191000-121-2020-00005","2020-02-19","","03","폐업","02","폐업","2023-06-20","","","","","39.53","","강원특별자치도 원주시 단계동 891-5","강원특별자치도 원주시 이화5길 36, 102호 (단계동)","26382","구움과자이화","2023-06-20 10:27:08","U","2023-06-22 02:40:00","제과점영업","282451.948993121","427004.583940412","제과점영업","0","0","","","상수도전용","0","0","0","0","0","","0","0","N","39.53","","","",
"1114","제과점영업","07_22_18_P","4191000","4191000-121-2020-00007","2020-03-16","","03","폐업","02","폐업","2023-06-21","","","","","98.89","","강원특별자치도 원주시 무실동 1668-1","강원특별자치도 원주시 섬밭들1길 34 (무실동)","26385","떡참들","2023-06-21 10:19:21","U","2023-06-23 02:40:00","제과점영업","281782.226038776","426026.099791164","제과점영업","0","0","","","상수도전용","0","0","0","0","0","","0","0","N","98.89","","","",
"1115","제과점영업","07_22_18_P","4191000","4191000-121-2020-00008","2020-03-19","","03","폐업","02","폐업","2022-10-27","","","","033 743 0067","29.70","","강원특별자치도 원주시 지정면 가곡리 1493 원주기업도시 라온프라이빗 상가동 104호","강원특별자치도 원주시 지정면 가곡로 134, 원주기업도시 라온프라이빗 상가동 104호","26352","떡참들 기업도시점","2022-10-27 13:13:44","I","2023-06-13 00:00:00","제과점영업","277379.389310467","431624.383212252","제과점영업","0","0","기타","","상수도전용","0","0","0","0","0","","0","0","N","29.7","","","",
"1116","제과점영업","07_22_18_P","4191000","4191000-121-2020-00010","2020-04-07","","03","폐업","02","폐업","2022-06-14","","","","033 7451601","46.80","","강원특별자치도 원주시 지정면 가곡리 1498-1","강원특별자치도 원주시 지정면 신지정로 316-1, 1층 104호","26353","아메르","2022-06-14 14:27:25","I","2023-06-13 00:00:00","제과점영업","277217.701894871","431483.205033936","제과점영업","0","0","기타","","상수도전용","0","0","0","0","0","","0","0","N","46.8","","","",
"1117","제과점영업","07_22_18_P","4191000","4191000-121-1991-00040","1991-12-12","","03","폐업","02","폐업","2010-11-22","","","","033 7469025","24.70","","강원특별자치도 원주시 우산동 201-34","","","청파리아우산분점","2001-10-15 00:00:00","I","2023-06-13 00:00:00","제과점영업","282796.727292393","430167.520486701","제과점영업","0","0","기타","자율","상수도전용","0","0","0","0","0","","0","0","N","24.7","0","","",
"1118","제과점영업","07_22_18_P","4191000","4191000-121-1992-00017","1992-01-23","","03","폐업","02","폐업","2008-01-29","","","","033 7420071","62.30","","강원특별자치도 원주시 명륜동 90-8","","","크라운베이커리명륜분점","2001-10-12 00:00:00","I","2023-06-13 00:00:00","제과점영업","284471.024813289","427097.697963673","제과점영업","0","0","기타","자율","상수도전용","0","0","0","0","0","","0","0","N","62.3","0","","",
"1119","제과점영업","07_22_18_P","4191000","4191000-121-1992-00022","1992-07-13","","03","폐업","02","폐업","2008-12-08","","","","033 7466242","20.72","","강원특별자치도 원주시 태장동 1367-1","","","파리바게뜨원주태장점","2001-10-15 00:00:00","I","2023-06-13 00:00:00","제과점영업","283882.566141961","431881.675701392","제과점영업","0","0","주택가주변","자율","상수도전용","0","0","0","0","0","","0","0","N","20.72","0","","",
"1120","제과점영업","07_22_18_P","4191000","4191000-121-1992-00025","1992-09-23","","03","폐업","02","폐업","2005-12-20","","","","033 7310226","30.31","","강원특별자치도 원주시 문막읍 건등리 194-3 214-2","","","한라명과","2001-10-12 00:00:00","I","2023-06-13 00:00:00","제과점영업","273623.341039515","424426.02199957","제과점영업","0","0","기타","자율","상수도전용","0","0","0","0","0","","0","0","N","30.31","0","","",
"1121","제과점영업","07_22_18_P","4191000","4191000-121-1993-00042","1993-02-24","","03","폐업","02","폐업","2009-09-29","","","","033 7636640","32.20","","강원특별자치도 원주시 일산동 247-162 ,229-1,257-6 국제아파트 상가동 109호","","","케잌파라","2007-08-09 11:05:47","I","2023-06-13 00:00:00","제과점영업","","","제과점영업","0","0","아파트지역","자율","상수도전용","0","0","0","0","0","","0","0","N","32.2","0","","",
"1122","제과점영업","07_22_18_P","4191000","4191000-121-1993-00043","1993-02-26","","03","폐업","02","폐업","2008-04-17","","","","033 7448325","25.97","","강원특별자치도 원주시 중앙동 62-33","","","쉐마땅뜨베이커리","2001-10-12 00:00:00","I","2023-06-13 00:00:00","제과점영업","284134.061587609","427954.332805229","제과점영업","0","0","기타","자율","상수도전용","0","0","0","0","0","","0","0","N","25.97","0","","",
"1123","제과점영업","07_22_18_P","4191000","4191000-121-1993-00044","1993-03-05","","03","폐업","02","폐업","2008-02-14","","","","00337468 877","32.55","","강원특별자치도 원주시 명륜동 408-0","","","크라운 베이커리 도영점","2001-10-12 00:00:00","I","2023-06-13 00:00:00","제과점영업","283499.859175004","426218.270035789","제과점영업","0","0","주택가주변","자율","상수도전용","0","0","0","0","0","","0","0","N","32.55","0","","",
"1124","제과점영업","07_22_18_P","4191000","4191000-121-1993-00054","1993-08-03","","03","폐업","02","폐업","2008-02-28","","","","","28.82","","강원특별자치도 원주시 단계동 789-8","","","그랑프리베이커리","2001-09-27 00:00:00","I","2023-06-13 00:00:00","제과점영업","282959.341547105","427446.224219496","제과점영업","0","0","주택가주변","자율","상수도전용","0","0","0","0","0","","0","0","N","28.82","0","","",
"1125","제과점영업","07_22_18_P","4191000","4191000-121-1993-00058","1993-08-27","","03","폐업","02","폐업","2008-02-11","","","","033 7480823","25.77","","강원특별자치도 원주시 중앙동 115-1","","","가나안제과","2001-10-12 00:00:00","I","2023-06-13 00:00:00","제과점영업","284092.789822211","427864.46782532","제과점영업","0","0","기타","자율","상수도전용","0","0","0","0","0","","0","0","N","25.77","0","","",
"1126","제과점영업","07_22_18_P","4191000","4191000-121-1994-00035","1994-03-03","","03","폐업","02","폐업","2006-03-08","","","","033 7324432","22.15","","강원특별자치도 원주시 태장동 329-22","","","케익이벤트","2006-03-02 00:00:00","I","2023-06-13 00:00:00","제과점영업","","","제과점영업","0","0","주택가주변","자율","상수도전용","0","0","0","0","0","","0","0","N","22.15","0","","",
"1127","제과점영업","07_22_18_P","4191000","4191000-121-1994-00037","1994-03-30","","03","폐업","02","폐업","2010-02-25","","","","","27.17","","강원특별자치도 원주시 관설동 1461-4","","","코롬방베이커리","2001-10-15 00:00:00","I","2023-06-13 00:00:00","제과점영업","285293.460648639","424868.749470363","제과점영업","0","0","주택가주변","자율","상수도전용","0","0","0","0","0","","0","0","N","27.17","0","","",
"1128","제과점영업","07_22_18_P","4191000","4191000-121-1994-00038","1994-04-12","","03","폐업","02","폐업","2009-02-04","","","","","31.28","","강원특별자치도 원주시 단구동 624-10","","","나맥제과단구점","2001-09-27 00:00:00","I","2023-06-13 00:00:00","제과점영업","284964.774292925","425741.181114844","제과점영업","0","0","주택가주변","자율","상수도전용","0","0","0","0","0","","0","0","N","31.28","0","","",
"1129","제과점영업","07_22_18_P","4191000","4191000-121-1994-00042","1994-06-15","","03","폐업","02","폐업","2006-02-15","","","","03377423601","27.75","","강원특별자치도 원주시 중앙동 14-1","","","가나안제과원주점","2005-02-04 00:00:00","I","2023-06-13 00:00:00","제과점영업","283872.095270579","428168.219601185","제과점영업","0","0","기타","자율","상수도전용","0","0","0","0","0","","0","0","N","27.75","0","","",
"1130","제과점영업","07_22_18_P","4191000","4191000-121-1994-00048","1994-09-08","","03","폐업","02","폐업","2008-02-05","","","","033 7425945","58.36","","강원특별자치도 원주시 명륜동 90-4","","","파리바케트남부점","2001-10-12 00:00:00","I","2023-06-13 00:00:00","제과점영업","284501.964776645","427139.63511567","제과점영업","0","0","기타","자율","상수도전용","0","0","0","0","0","","0","0","N","58.36","0","","",
"1131","제과점영업","07_22_18_P","4191000","4191000-121-1994-00064","1994-12-14","","03","폐업","02","폐업","2017-12-06","","","","033 7482307","61.98","","강원특별자치도 원주시 단구동 1655-5","강원특별자치도 원주시 단구로 394 (단구동)","26487","씨에프랑스","2017-12-06 16:35:51","I","2023-06-13 00:00:00","제과점영업","284641.428607427","424853.890743009","제과점영업","0","0","","자율","상수도전용","0","0","0","0","0","","0","0","N","61.98","","","",
"1132","제과점영업","07_22_18_P","4191000","4191000-121-1995-00030","1995-03-08","","03","폐업","02","폐업","2006-02-17","","","","033 7444664","0.00","","강원특별자치도 원주시 단계동 929-6","","","고려당단계점","2001-10-15 00:00:00","I","2023-06-13 00:00:00","제과점영업","282655.698029098","426774.591026489","제과점영업","0","0","주택가주변","자율","상수도전용","0","0","0","0","0","","0","0","N","0","0","","",
"1133","제과점영업","07_22_18_P","4191000","4191000-121-1995-00034","1995-04-24","","03","폐업","02","폐업","2007-05-07","","","","033 7329495","60.17","","강원특별자치도 원주시 우산동 235-1","","","빵굽는작은마을","2001-10-15 00:00:00","I","2023-06-13 00:00:00","제과점영업","282856.314814132","429911.496748743","제과점영업","0","0","주택가주변","자율","상수도전용","0","0","0","0","0","","0","0","N","60.17","0","","",
"1134","제과점영업","07_22_18_P","4191000","4191000-121-1995-00043","1995-07-07","","03","폐업","02","폐업","2016-12-05","","","","","0.00","","강원특별자치도 원주시 문막읍 문막리 252-0","강원특별자치도 원주시 문막읍 문막시장1길 44","26373","코끼리제과","2016-12-05 13:10:52","I","2023-06-13 00:00:00","제과점영업","272279.980370231","423008.388593442","제과점영업","0","0","주택가주변","자율","상수도전용","0","0","0","0","0","","0","0","N","0","0","","",
"1135","제과점영업","07_22_18_P","4191000","4191000-121-1995-00045","1995-07-07","","03","폐업","02","폐업","2008-09-22","","","","033 763 6803","0.00","","강원특별자치도 원주시 흥업면 흥업리 596-5","","","나폴레옹제과","2001-09-27 00:00:00","I","2023-06-13 00:00:00","제과점영업","281399.647748053","422637.022357458","제과점영업","0","0","주택가주변","자율","상수도전용","0","0","0","0","0","","0","0","N","0","0","","",
"1136","제과점영업","07_22_18_P","4191000","4191000-121-2013-00017","2013-12-27","","03","폐업","02","폐업","2018-12-28","","","","","0.00","","강원특별자치도 원주시 태장동 128-9 성호2차샤인힐즈아파트상가 101호","강원특별자치도 원주시 현충로58번길 71-1, 101호 (태장동, 성호2차샤인힐즈아파트상가)","26324","쿠키앤케익","2018-12-28 16:28:00","I","2023-06-13 00:00:00","제과점영업","284975.995154406","429484.823698785","제과점영업","0","0","기타","자율","상수도전용","0","0","0","0","0","","0","0","N","0","","","",
"1137","제과점영업","07_22_18_P","4191000","4191000-121-2014-00001","2014-02-19","","03","폐업","02","폐업","2017-10-18","","","","","56.26","","강원특별자치도 원주시 관설동 1765-5 지상1층","강원특별자치도 원주시 치악고교길 21-1, 지상1층 (관설동)","26469","맘마미아","2017-10-18 10:38:48","I","2023-06-13 00:00:00","제과점영업","285027.958074638","424219.835894718","제과점영업","0","0","기타","자율","상수도전용","0","0","0","0","0","","0","0","N","56.26","","","",
"1138","제과점영업","07_22_18_P","4191000","4191000-121-1995-00050","1995-10-05","","03","폐업","02","폐업","2017-01-24","","","","033 745 1793","0.00","","강원특별자치도 원주시 일산동 355-0","강원특별자치도 원주시 무실로 118 (일산동)","26434","고려당일산점","2017-01-24 15:03:14","I","2023-06-13 00:00:00","제과점영업","283481.65827846","427314.353433101","제과점영업","0","0","주택가주변","자율","상수도전용","0","0","0","0","0","","0","0","N","0","0","","",
"1139","제과점영업","07_22_18_P","4191000","4191000-121-1995-00052","1995-10-27","","03","폐업","02","폐업","2008-02-14","","","","033 7475898","28.12","","강원특별자치도 원주시 태장동 1388-10","","","명성당","2001-12-26 00:00:00","I","2023-06-13 00:00:00","제과점영업","283947.199288924","431539.960135589","제과점영업","0","0","주택가주변","자율","상수도전용","0","0","0","0","0","","0","0","N","28.12","0","","",
"1140","제과점영업","07_22_18_P","4191000","4191000-121-2008-00001","2008-02-15","","03","폐업","02","폐업","2009-10-14","","","","","42.30","","강원특별자치도 원주시 흥업면 매지리 1926-2","","","미경씨에프(C.F)","2008-02-28 10:08:55","I","2023-06-13 00:00:00","제과점영업","280709.662949364","420131.613923188","제과점영업","0","0","기타","자율","상수도전용","0","0","0","0","0","","0","0","N","42.3","","","",
"1141","제과점영업","07_22_18_P","4191000","4191000-121-2008-00003","2008-04-21","","03","폐업","02","폐업","2018-11-26","","","","033 732 8010","45.12","","강원특별자치도 원주시 태장동 1380-14","강원특별자치도 원주시 북원로 2698 (태장동)","26316","뚜레쥬르(태장2동점)","2018-11-26 15:00:50","I","2023-06-13 00:00:00","제과점영업","283863.846829742","431780.51190412","제과점영업","0","0","기타","자율","상수도전용","0","0","0","0","0","","0","0","N","45.12","","","",
"1142","제과점영업","07_22_18_P","4191000","4191000-121-2008-00005","2008-06-24","","03","폐업","02","폐업","2020-04-22","","","","","71.76","","강원특별자치도 원주시 반곡동 1805","강원특별자치도 원주시 늘품로 201 (반곡동)","26459","뚜레쥬르반곡현대점","2020-04-22 09:25:29","I","2023-06-13 00:00:00","제과점영업","285366.193270224","426297.745351932","제과점영업","0","0","기타","자율","상수도전용","0","0","0","0","0","","0","0","N","71.76","","","",
"1143","제과점영업","07_22_18_P","4191000","4191000-121-2008-00008","2008-10-15","","03","폐업","02","폐업","2011-09-20","","","","","46.90","","강원특별자치도 원주시 단계동 794-16","","","본베이킹하우스","2009-08-26 17:18:46","I","2023-06-13 00:00:00","제과점영업","283023.594959001","427299.958687574","제과점영업","0","0","기타","자율","상수도전용","0","0","0","0","0","","0","0","N","46.9","","","",
"1144","제과점영업","07_22_18_P","4191000","4191000-121-2009-00002","2009-04-29","","03","폐업","02","폐업","2021-10-13","","","","033 730 2817","3.42","","강원특별자치도 원주시 지정면 월송리 1016 외194필지오크밸리골프장오크티하우스","강원특별자치도 원주시 지정면 월송석화로 883, 1층 (오크밸리골프장오크티하우스)","26357","한솔개발주식회사(오크티하우스)","2021-10-13 14:42:26","I","2023-06-13 00:00:00","제과점영업","273387.408064752","435358.539333992","제과점영업","0","0","기타","자율","간이상수도","0","0","0","0","0","","0","0","N","3.42","","","",
"1145","제과점영업","07_22_18_P","4191000","4191000-121-2009-00003","2009-04-29","","03","폐업","02","폐업","2021-10-13","","","","033 730 2817","3.42","","강원특별자치도 원주시 지정면 월송리 1016 외194필지오크밸리골프장메이플티하우스","강원특별자치도 원주시 지정면 월송석화로 883, 1층 (오크밸리골프장메이플티하우스)","26357","오크밸리씨씨메이플티하우스제과점","2021-10-13 14:47:47","I","2023-06-13 00:00:00","제과점영업","273387.408064752","435358.539333992","제과점영업","0","0","기타","자율","간이상수도","0","0","0","0","0","","0","0","N","3.42","","","",
"1146","제과점영업","07_22_18_P","4191000","4191000-121-2009-00004","2009-04-29","","03","폐업","02","폐업","2016-12-19","","","","033 7305669","3.42","","강원특별자치도 원주시 지정면 월송리 995-16","강원특별자치도 원주시 지정면 오크밸리2길 250","26357","한솔개발주-퍼블릭티하우스","2015-01-21 16:23:59","I","2023-06-13 00:00:00","제과점영업","272712.999971269","434963.299074854","제과점영업","0","0","기타","자율","간이상수도","0","0","0","0","0","","0","0","N","3.42","","","",
"1147","제과점영업","07_22_18_P","4191000","4191000-121-2009-00005","2009-04-29","","03","폐업","02","폐업","2021-10-13","","","","033 730 2817","3.42","","강원특별자치도 원주시 지정면 월송리 1016 파인티하우스","강원특별자치도 원주시 지정면 월송석화로 883, 1층 (파인티하우스)","26357","오크밸리씨씨파인티하우스제과점","2021-10-13 14:49:28","I","2023-06-13 00:00:00","제과점영업","273387.408064752","435358.539333992","제과점영업","0","0","기타","자율","간이상수도","0","0","0","0","0","","0","0","N","3.42","","","",
"1148","제과점영업","07_22_18_P","4191000","4191000-121-2014-00005","2014-04-10","","03","폐업","02","폐업","2016-09-30","","","","033 733 5400","23.80","","강원특별자치도 원주시 우산동 88-1 외1필지,지상1층,주건축물제1동","강원특별자치도 원주시 북원로 2501, 지상1층 (우산동, 주건축물제1동)","26342","명과원","2015-06-25 16:24:38","I","2023-06-13 00:00:00","제과점영업","283222.078014548","429948.648225008","제과점영업","0","0","기타","자율","상수도전용","0","0","0","0","0","","0","0","N","23.8","","","",
"1149","제과점영업","07_22_18_P","4191000","4191000-121-2014-00006","2014-04-18","","03","폐업","02","폐업","2016-12-27","","","","","84.84","","강원특별자치도 원주시 무실동 1857-2 지상4층,법조타워,403호","강원특별자치도 원주시 능라동길 63, 지상4층 403호 (무실동, 법조타워)","26392","꽃부리영케이크(한국푸드공예연구소)","2015-03-10 16:23:20","I","2023-06-13 00:00:00","제과점영업","282437.807220583","426154.817544334","제과점영업","0","0","기타","자율","상수도전용","0","0","0","0","0","","0","0","N","84.84","","","",
"1150","제과점영업","07_22_18_P","4191000","4191000-121-2014-00007","2014-05-19","","03","폐업","02","폐업","2022-03-10","","","","","55.48","","강원특별자치도 원주시 무실동 1641-11","강원특별자치도 원주시 시청로 86, 1층 (무실동)","26388","더불어삶브레드팩토리","2022-03-10 11:25:25","I","2023-06-13 00:00:00","제과점영업","282154.688698479","426418.473118261","제과점영업","0","0","기타","자율","상수도전용","0","0","0","0","0","","0","0","N","55.48","","","",
"1151","제과점영업","07_22_18_P","4191000","4191000-121-2014-00009","2014-06-03","","03","폐업","02","폐업","2014-09-30","","","","","29.16","","강원특별자치도 원주시 중앙동 62-62","강원특별자치도 원주시 중앙시장길 6, 라동 10호 (중앙동, 중앙시장)","26428","맛있는빵내음2호","2014-06-27 10:14:26","I","2023-06-13 00:00:00","제과점영업","284051.461711189","427990.490799125","제과점영업","0","1","기타","자율","상수도전용","0","0","0","0","0","","0","0","N","29.16","","","",
"1152","제과점영업","07_22_18_P","4191000","4191000-121-2014-00010","2014-07-02","","03","폐업","02","폐업","2015-10-07","","","","","40.34","","강원특별자치도 원주시 관설동 1788-3","강원특별자치도 원주시 치악고교길 30-8, 지상1층 (관설동)","26469","아뜰리에마노","2014-07-14 11:15:47","I","2023-06-13 00:00:00","제과점영업","285087.604515307","424096.273060741","제과점영업","0","0","기타","자율","상수도전용","0","0","0","0","0","","0","0","N","40.34","","","",
"1153","제과점영업","07_22_18_P","4191000","4191000-121-2014-00012","2014-07-15","","03","폐업","02","폐업","2020-10-26","","","","","24.96","","강원특별자치도 원주시 중앙동 49-1 지상1층","강원특별자치도 원주시 중앙시장길 31, 지상1층 (중앙동)","26428","바로구운빵중앙점","2020-10-26 13:12:14","I","2023-06-13 00:00:00","제과점영업","284095.401084926","428085.047994929","제과점영업","0","0","기타","자율","상수도전용","0","0","0","0","0","","0","0","N","24.96","","","",
"1154","제과점영업","07_22_18_P","4191000","4191000-121-2015-00001","2015-03-04","","03","폐업","02","폐업","2016-07-14","","","","","53.56","","강원특별자치도 원주시 반곡동 1793-1","강원특별자치도 원주시 늘품로 187-54, 1층 (반곡동)","26457","행복한건강빵","2016-07-13 10:27:53","I","2023-06-13 00:00:00","제과점영업","285442.152538084","426559.460998442","제과점영업","0","0","기타","자율","상수도전용","0","0","0","0","0","","0","0","N","53.56","","","",
"1155","제과점영업","07_22_18_P","4191000","4191000-121-2015-00002","2015-03-17","","03","폐업","02","폐업","2016-04-11","","","","","23.50","","강원특별자치도 원주시 단계동 473-6 지상1층","강원특별자치도 원주시 원문로137번길 50, 지상1층 (단계동)","26410","카카오베이커리","2015-09-22 16:29:48","I","2023-06-13 00:00:00","제과점영업","282450.796667386","428264.082910708","제과점영업","0","0","기타","자율","상수도전용","0","0","0","0","0","","0","0","N","23.5","","","",
"1156","제과점영업","07_22_18_P","4191000","4191000-121-2022-00001","2022-04-15","","03","폐업","02","폐업","2023-08-01","","","","","34.64","","강원특별자치도 원주시 단계동 111-4 동보렉스3차아파트","강원특별자치도 원주시 원문로 156-2, 동보렉스3차아파트 1층 2호 (단계동)","26408","빵대장","2023-08-01 13:43:40","U","2023-08-03 02:40:00","제과점영업","282590.931915291","428679.055020517","제과점영업","0","0","","","상수도전용","0","0","0","0","0","","0","0","N","34.64","","","",
"1157","제과점영업","07_22_18_P","4191000","4191000-121-2016-00001","2016-03-04","","03","폐업","02","폐업","2019-02-12","","","","","50.88","","강원특별자치도 원주시 소초면 의관리 542-7 외1필지(542-8),지상1층,공군8비장병복합체육관","강원특별자치도 원주시 소초면 북원로 3223, 지상1층 (외1필지(542-8),공군8비장병복합체육관)","26304","파리바게트원주공군비행단점","2019-02-13 15:30:33","I","2023-06-13 00:00:00","제과점영업","285231.038666667","436853.887333333","제과점영업","0","0","기타","자율","상수도전용","0","0","0","0","0","","0","0","N","50.88","","","",
"1158","제과점영업","07_22_18_P","4191000","4191000-121-2009-00007","2009-04-29","","03","폐업","02","폐업","2021-10-13","","","","033 730 2817","3.42","","강원특별자치도 원주시 지정면 월송리 1016 외194필지 오크밸리골프장(체리티하우스)","강원특별자치도 원주시 지정면 월송석화로 883, 1층 (오크밸리골프장체리티하우스)","26357","한솔개발주식회사(체리티하우스)","2021-10-13 14:48:36","I","2023-06-13 00:00:00","제과점영업","273387.408064752","435358.539333992","제과점영업","0","0","기타","자율","간이상수도","0","0","0","0","0","","0","0","N","3.42","","","",
"1159","제과점영업","07_22_18_P","4191000","4191000-121-2009-00008","2009-04-29","","03","폐업","02","폐업","2021-06-03","","","","033730 2680","6.76","","강원특별자치도 원주시 지정면 월송리 1061-16 빌리지센터","강원특별자치도 원주시 지정면 오크밸리1길 70, 빌리지센터 1층","26357","더라운지제과점","2021-06-03 15:20:07","I","2023-06-13 00:00:00","제과점영업","272459.646983562","437204.631213169","제과점영업","0","0","기타","자율","간이상수도","0","0","0","0","0","","0","0","N","6.76","","","",
"1160","제과점영업","07_22_18_P","4191000","4191000-121-2009-00009","2009-04-29","","03","폐업","02","폐업","2021-10-13","","","","033 730 2817","3.42","","강원특별자치도 원주시 지정면 월송리 1016 오크밸리","강원특별자치도 원주시 지정면 오크밸리2길 58 (B동티하우스-2) 1층","26357","오크힐스씨씨힐티하우스제과점","2021-10-13 14:43:31","I","2023-06-13 00:00:00","제과점영업","273387.408064752","435358.539333992","제과점영업","0","0","기타","자율","간이상수도","0","0","0","0","0","","0","0","N","3.42","","","",
"1161","제과점영업","07_22_18_P","4191000","4191000-121-2015-00005","2015-05-26","","03","폐업","02","폐업","2016-10-25","","","","","27.20","","강원특별자치도 원주시 태장동 548 정암아파트판매시설동,지상1층 103호","강원특별자치도 원주시 흥양로 98, 지상1층 103호 (태장동, 정암아파트판매시설동)","26318","쑥쓰공방","2015-06-02 17:29:19","I","2023-06-13 00:00:00","제과점영업","284669.673069732","431529.828700931","제과점영업","0","1","기타","자율","상수도전용","0","0","0","0","0","","0","0","N","27.2","","","",
"1162","제과점영업","07_22_18_P","4191000","4191000-121-2015-00006","2015-05-29","","03","폐업","02","폐업","2019-08-02","","","","","61.15","","강원특별자치도 원주시 반곡동 2052-7","강원특별자치도 원주시 배울로 27 (반곡동)","26466","좋은아침베이커리(BAKERY)","2019-08-02 15:38:54","I","2023-06-13 00:00:00","제과점영업","286365.481139416","424689.906165475","제과점영업","0","0","","","","0","0","0","0","0","","0","0","N","61.15","","","",
"1163","제과점영업","07_22_18_P","4191000","4191000-121-2015-00008","2015-06-26","","03","폐업","02","폐업","2016-09-29","","","","","58.87","","강원특별자치도 원주시 일산동 97-3 지상1층","강원특별자치도 원주시 일산로 20, 지상1층 (일산동)","26426","브레댄코원주연세의료원점","2017-09-12 10:54:26","I","2023-06-13 00:00:00","제과점영업","283743.070501419","427862.326128302","제과점영업","1","0","학교정화(절대)","기타","상수도전용","0","0","0","0","0","","0","0","N","58.87","","","",
"1164","제과점영업","07_22_18_P","4191000","4191000-121-2015-00009","2015-09-04","","03","폐업","02","폐업","2018-03-30","","","","","39.01","","강원특별자치도 원주시 흥업면 흥업리 868-10 지상1층","강원특별자치도 원주시 흥업면 사제로 93, 지상1층","26404","컵케익앤스윗츠","2018-03-30 16:54:05","I","2023-06-13 00:00:00","제과점영업","280621.334729622","423044.328006654","제과점영업","0","0","기타","자율","상수도전용","0","0","0","0","0","","0","0","N","39.01","","","",
"1165","제과점영업","07_22_18_P","4191000","4191000-121-2015-00011","2015-10-12","","03","폐업","02","폐업","2016-12-29","","","","","27.61","","강원특별자치도 원주시 단구동 1515-7 1층","강원특별자치도 원주시 남원로 528-21 (단구동, 1층)","26484","네이키드 베이커리","2016-06-14 18:10:41","I","2023-06-13 00:00:00","제과점영업","284024.965699252","425752.87941592","제과점영업","0","0","주택가주변","자율","상수도전용","0","0","0","0","0","","0","0","N","27.61","","","",
"1166","제과점영업","07_22_18_P","4191000","4191000-121-2015-00012","2015-10-20","","03","폐업","02","폐업","2015-11-30","","","","","47.40","","강원특별자치도 원주시 문막읍 문막리 547-1 지상1층","강원특별자치도 원주시 문막읍 원문로 1811, 지상1층","26373","킹베이커리","2015-11-03 10:28:35","I","2023-06-13 00:00:00","제과점영업","272590.710527386","423441.749825809","제과점영업","0","0","기타","자율","상수도전용","0","0","0","0","0","","0","0","N","47.4","","","",
"1167","제과점영업","07_22_18_P","4191000","4191000-121-2015-00014","2015-12-24","","03","폐업","02","폐업","2016-08-31","","","","","30.00","","강원특별자치도 원주시 문막읍 문막리 249-5","강원특별자치도 원주시 문막읍 원문로 1883, 1층","26373","달인의꿈","2016-01-18 14:07:25","I","2023-06-13 00:00:00","제과점영업","272253.039233403","423083.237544462","제과점영업","0","0","기타","자율","상수도전용","0","0","0","0","0","","0","0","N","30","","","",
"1168","제과점영업","07_22_18_P","4191000","4191000-121-2022-00004","2022-10-07","","03","폐업","02","폐업","2025-07-03","","","","","93.24","","강원특별자치도 원주시 단구동 1669-10","강원특별자치도 원주시 단관길 114-6, 1층 (단구동)","26490","케익,꽃피어라","2025-07-03 14:58:33","U","2025-07-05 02:40:00","제과점영업","284883.250657063","424645.786889117","제과점영업","0","0","기타","기타","상수도전용","0","0","0","0","0","","0","0","N","93.24","","","",
"1169","제과점영업","07_22_18_P","4191000","4191000-121-2023-00002","2023-02-16","","03","폐업","02","폐업","2023-03-07","","","","","","","강원특별자치도 원주시 개운동 555-34","강원특별자치도 원주시 개운로 90, 길우엘린아파트 102호 (개운동)","26444","살포시","2023-03-07 14:00:07","I","2023-06-13 00:00:00","제과점영업","284977.23864852","426773.344655137","제과점영업","0","0","","","","0","0","0","0","0","","0","0","N","0","","","",
"1170","제과점영업","07_22_18_P","4191000","4191000-121-2023-00003","2023-03-21","","03","폐업","02","폐업","2025-09-26","","","","","34.81","","강원특별자치도 원주시 지정면 월송리 995-16 퍼블릭클럽하우스","강원특별자치도 원주시 지정면 오크밸리2길 250, 클럽하우스 1층","26357","운치제과점","2025-09-26 16:08:49","U","2025-09-28 02:40:00","제과점영업","272712.999971269","434963.299074854","제과점영업","0","0","기타","자율","상수도전용","0","0","0","0","0","","0","0","N","34.81","","","",
"1171","제과점영업","07_22_18_P","4191000","4191000-121-2016-00003","2016-04-18","","03","폐업","02","폐업","2018-11-23","","","","","33.93","","강원특별자치도 원주시 반곡동 1964-3 부영A상가 104호","강원특별자치도 원주시 양지로 160-2 (반곡동, 부영A상가 104호)","26460","베이커리쇼팡","2018-11-23 16:45:16","I","2023-06-13 00:00:00","제과점영업","287480.790588227","426358.656614188","제과점영업","0","0","학교정화(절대)","자율","상수도전용","0","0","0","0","0","","0","0","N","33.93","","","",
"1172","제과점영업","07_22_18_P","4191000","4191000-121-2016-00004","2016-04-22","","03","폐업","02","폐업","2016-11-25","","","","","29.16","","강원특별자치도 원주시 개운동 313-12 외 1필지, 지상2층","강원특별자치도 원주시 남원로606번길 11, 지상2층 (개운동, 외 1필지)","26446","다온베이커리","2016-05-11 17:39:04","I","2023-06-13 00:00:00","제과점영업","284332.333872122","426566.706115556","제과점영업","0","0","기타","자율","상수도전용","0","0","0","0","0","","0","0","N","29.16","","","",
"1173","제과점영업","07_22_18_P","4191000","4191000-121-2016-00006","2016-04-28","","03","폐업","02","폐업","2019-12-12","","","","","46.80","","강원특별자치도 원주시 단구동 1512-2 광장빌딩 106호","강원특별자치도 원주시 서원대로 408 (단구동, 광장빌딩 106호)","26484","빵장수단팥빵원주점","2019-12-12 09:41:18","I","2023-06-13 00:00:00","제과점영업","284124.423574889","425753.203190806","제과점영업","0","0","기타","자율","상수도전용","0","0","0","0","0","","0","0","N","46.8","","","",
"1174","제과점영업","07_22_18_P","4191000","4191000-121-1996-00046","1996-07-09","","03","폐업","02","폐업","2016-10-31","","","","033 7454276","54.45","","강원특별자치도 원주시 중앙동 0-0","","","코코모","2016-10-24 11:48:38","I","2023-06-13 00:00:00","제과점영업","","","제과점영업","0","0","기타","자율","상수도전용","0","0","0","0","0","","0","0","N","54.45","0","","",
"1175","제과점영업","07_22_18_P","4191000","4191000-121-1996-00048","1996-08-20","","03","폐업","02","폐업","2015-09-21","","","","033 7627073","26.20","","강원특별자치도 원주시 행구동 1850-0","강원특별자치도 원주시 행구로 287 (행구동)","26454","빵이있는곳","2014-01-22 10:23:23","I","2023-06-13 00:00:00","제과점영업","287444.789403979","427305.498748837","제과점영업","0","0","기타","자율","상수도전용","0","0","0","0","0","","0","0","N","26.2","0","","",
"1176","제과점영업","07_22_18_P","4191000","4191000-121-1997-00054","1997-03-17","","03","폐업","02","폐업","2007-04-02","","","","033 7355454","32.20","","강원특별자치도 원주시 문막읍 동화리 1543-0","","","고려당문막점","2001-10-12 00:00:00","I","2023-06-13 00:00:00","제과점영업","273356.702064022","425187.979236116","제과점영업","0","0","아파트지역","자율","상수도전용","0","0","0","0","0","","0","0","N","32.2","0","","",
"1177","제과점영업","07_22_18_P","4191000","4191000-121-1997-00056","1997-03-20","","03","폐업","02","폐업","2006-07-03","","","","033 7328080","29.43","","강원특별자치도 원주시 문막읍 문막리 254-2","","","크라운베이커리문막점","2005-04-07 00:00:00","I","2023-06-13 00:00:00","제과점영업","272297.442662205","423059.338331896","제과점영업","0","0","기타","자율","상수도전용","0","0","0","0","0","","0","0","N","29.43","0","","",
"1178","제과점영업","07_22_18_P","4191000","4191000-121-1997-00057","1997-03-24","","03","폐업","02","폐업","2007-01-30","","","","033 7431700","72.24","","강원특별자치도 원주시 학성동 357-0","","","신라명과한국철도유통원주역점","2006-05-22 00:00:00","I","2023-06-13 00:00:00","제과점영업","283612.564155004","428851.98122388","제과점영업","0","0","기타","자율","상수도전용","0","0","0","0","0","","0","0","N","72.24","0","","",
"1179","제과점영업","07_22_18_P","4191000","4191000-121-1997-00060","1997-04-19","","03","폐업","02","폐업","2015-09-16","","","","033 7427534","86.13","","강원특별자치도 원주시 우산동 89-4","강원특별자치도 원주시 우산초교길 3 (우산동)","26343","우리밀베이커리우산점","2012-05-10 10:40:29","I","2023-06-13 00:00:00","제과점영업","283207.899162257","429857.787011396","제과점영업","0","0","주택가주변","자율","상수도전용","0","0","0","0","0","","0","0","N","86.13","0","","",
"1180","제과점영업","07_22_18_P","4191000","4191000-121-1997-00063","1997-05-01","","03","폐업","02","폐업","2009-05-28","","","","033 7448457","0.00","","강원특별자치도 원주시 학성동 1002-11","","","브르망과자점","2001-10-15 00:00:00","I","2023-06-13 00:00:00","제과점영업","","","제과점영업","0","0","기타","자율","상수도전용","0","0","0","0","0","","0","0","N","0","0","","",
"1181","제과점영업","07_22_18_P","4191000","4191000-121-1997-00072","1997-09-25","","03","폐업","02","폐업","2017-01-24","","","","033 7422774","0.00","","강원특별자치도 원주시 학성동 275-1","강원특별자치도 원주시 원일로 183 (학성동)","26416","빵굼터베이커리","2017-01-24 15:04:49","I","2023-06-13 00:00:00","제과점영업","283686.077825929","428413.163980923","제과점영업","0","0","기타","자율","상수도전용","0","0","0","0","0","","0","0","N","0","0","","",
"1182","제과점영업","07_22_18_P","4191000","4191000-121-1997-00074","1997-10-10","","03","폐업","02","폐업","2005-12-26","","","","0033 7632885","30.71","","강원특별자치도 원주시 단구동 0-0 구곡지구 1차 현대A 상가1-106","","","영국베이커리","2005-12-26 00:00:00","I","2023-06-13 00:00:00","제과점영업","","","제과점영업","0","0","아파트지역","자율","상수도전용","0","0","0","0","0","","0","0","N","30.71","0","","",
"1183","제과점영업","07_22_18_P","4191000","4191000-121-1997-00076","1997-12-13","","03","폐업","02","폐업","2012-12-18","","","","033 7625248","0.00","","강원특별자치도 원주시 명륜동 553 단구 A 상가내 107호","강원특별자치도 원주시 예술관길 14 (명륜동,단구 A 상가내 107호)","26479","이딸리앙베이커리원주점","2012-05-10 10:54:49","I","2023-06-13 00:00:00","제과점영업","283481.810490076","426178.803029918","제과점영업","0","0","아파트지역","자율","상수도전용","0","0","0","0","0","","0","0","N","0","0","","",
"1184","제과점영업","07_22_18_P","4191000","4191000-121-1998-00063","1998-05-26","","03","폐업","02","폐업","2015-09-15","","","","033774 7093","26.25","","강원특별자치도 원주시 학성동 1113-6","","","만나베이커리","2012-08-22 16:19:52","I","2023-06-13 00:00:00","제과점영업","","","제과점영업","0","1","기타","자율","상수도전용","0","0","0","0","0","","0","0","N","26.25","","","",
"1185","제과점영업","07_22_18_P","4191000","4191000-121-1998-00070","1998-08-13","","03","폐업","02","폐업","2017-01-24","","","","033 7460880","20.40","","강원특별자치도 원주시 우산동 234-2","강원특별자치도 원주시 우산로 32 (우산동)","26343","파리번제과우산점","2017-01-24 15:06:06","I","2023-06-13 00:00:00","제과점영업","282900.934305789","429865.231325672","제과점영업","1","1","기타","자율","상수도전용","0","0","0","0","0","","0","0","N","20.4","","","",
"1186","제과점영업","07_22_18_P","4191000","4191000-121-1999-00050","1999-01-08","","03","폐업","02","폐업","2006-02-14","","","","033 7630101","25.20","","강원특별자치도 원주시 단구동 1589-1","","","강원베이커리","2001-10-12 00:00:00","I","2023-06-13 00:00:00","제과점영업","284184.197609424","424808.929799956","제과점영업","0","0","아파트지역","자율","상수도전용","0","0","0","0","0","","0","0","N","25.2","0","","",
"1187","제과점영업","07_22_18_P","4191000","4191000-121-1999-00055","1999-05-07","","03","폐업","02","폐업","2011-10-04","","","","033 7662311","38.56","","강원특별자치도 원주시 개운동 118-2 ,120-1","","","롯데브랑제리(원주점)","2009-03-12 17:15:38","I","2023-06-13 00:00:00","제과점영업","284548.772950682","427027.162385187","제과점영업","0","0","학교정화(절대)","자율","상수도전용","0","0","0","0","0","","0","0","N","38.56","0","","",
"1188","제과점영업","07_22_18_P","4191000","4191000-121-1999-00059","1999-06-17","","03","폐업","02","폐업","2009-06-04","","","","033 7611254","35.50","","강원특별자치도 원주시 단구동 186-11 선아APT상가 가동 101호","","","신라명과(단구점)","2007-06-12 00:00:00","I","2023-06-13 00:00:00","제과점영업","285015.002567964","425791.166068073","제과점영업","0","0","아파트지역","자율","상수도전용","0","0","0","0","0","","0","0","N","35.5","0","","",
"1189","제과점영업","07_22_18_P","4191000","4191000-121-1999-00061","1999-07-16","","03","폐업","02","폐업","2018-05-31","","","","033 7660820","","","강원특별자치도 원주시 명륜동 547-0","강원특별자치도 원주시 예술관길 15 (명륜동)","26481","파리바게트명륜점","2018-05-31 16:05:15","I","2023-06-13 00:00:00","제과점영업","283515.811263785","426087.314281882","제과점영업","0","0","아파트지역","자율","상수도전용","0","0","0","0","0","","0","0","N","0","0","","",
"1190","제과점영업","07_22_18_P","4191000","4191000-121-1999-00062","1999-09-17","","03","폐업","02","폐업","2011-07-11","","","","033 7347058","39.31","","강원특별자치도 원주시 문막읍 문막리 238-2","","","파리바게트문막점","2001-10-12 00:00:00","I","2023-06-13 00:00:00","제과점영업","272258.708332065","422915.745847414","제과점영업","0","0","기타","자율","상수도전용","0","0","0","0","0","","0","0","N","39.31","0","","",
"1191","제과점영업","07_22_18_P","4191000","4191000-121-2009-00010","2009-04-29","","03","폐업","02","폐업","2021-03-11","","","","033 730 2817","3.42","","강원특별자치도 원주시 지정면 월송리 1016 오크밸리","강원특별자치도 원주시 지정면 오크밸리2길 58, 스키및골프하우스 A동 1층","26357","오크힐스씨씨스타트하우스제과점","2021-03-11 15:17:12","I","2023-06-13 00:00:00","제과점영업","273387.408064752","435358.539333992","제과점영업","0","0","기타","자율","간이상수도","0","0","0","0","0","","0","0","N","3.42","","","",
"1192","제과점영업","07_22_18_P","4191000","4191000-121-2009-00011","2009-04-29","","03","폐업","02","폐업","2016-12-19","","","","","3.42","","강원특별자치도 원주시 지정면 판대리 577-2 B동티하우스-1","강원특별자치도 원주시 지정면 오크밸리2길 56 (B동티하우스-1)","26357","한솔개발주식회사(브릿지티하우스)","2015-01-21 16:31:14","I","2023-06-13 00:00:00","제과점영업","272000.036047268","434131.465949678","제과점영업","0","0","기타","자율","간이상수도","0","0","0","0","0","","0","0","N","3.42","","","",
"1193","제과점영업","07_22_18_P","4191000","4191000-121-2009-00012","2009-04-30","","03","폐업","02","폐업","2022-01-18","","","","033 765 0455","188.80","","강원특별자치도 원주시 단구동 1511-2 스타월드","강원특별자치도 원주시 서원대로 396, 스타월드 2층 208,209호 (단구동)","26484","빵굽는작은마을카페몽블랑","2022-01-18 11:21:27","I","2023-06-13 00:00:00","제과점영업","284012.197863588","425846.256339564","제과점영업","0","0","기타","자율","상수도전용","0","0","0","0","0","","0","0","Y","188.8","","","",
"1194","제과점영업","07_22_18_P","4191000","4191000-121-2009-00013","2009-05-06","","03","폐업","02","폐업","2012-11-30","","","","033 761 7901","16.58","","강원특별자치도 원주시 관설동 1679","강원특별자치도 원주시 단관길 145 (관설동)","26471","슈과자점","2012-04-27 14:49:47","I","2023-06-13 00:00:00","제과점영업","285178.756443694","424650.454118234","제과점영업","0","0","","","상수도전용","0","0","0","0","0","","0","0","N","16.58","","","",
"1195","제과점영업","07_22_18_P","4191000","4191000-121-2009-00014","2009-05-12","","03","폐업","02","폐업","2018-04-11","","","","033 734 8945","48.20","","강원특별자치도 원주시 무실동 1716-1 지상1층 101호","강원특별자치도 원주시 시청로 40-1, 지상1층 101호 (무실동)","26387","뚜레쥬르무실주공","2018-04-11 16:53:59","I","2023-06-13 00:00:00","제과점영업","281647.440192982","426677.940002147","제과점영업","0","0","기타","자율","상수도전용","0","0","0","0","0","","0","0","N","48.2","","","",
"1196","제과점영업","07_22_18_P","4191000","4191000-121-2009-00015","2009-06-22","","03","폐업","02","폐업","2020-04-20","","","","033 734 6168","99.02","","강원특별자치도 원주시 단계동 802-5","강원특별자치도 원주시 무실로 170 (단계동)","26434","뚜레쥬르(원동점)","2020-04-20 17:47:05","I","2023-06-13 00:00:00","제과점영업","283232.625319417","427027.66975589","제과점영업","0","0","기타","자율","상수도전용","0","0","0","0","0","","0","0","N","99.02","","","",
"1197","제과점영업","07_22_18_P","4191000","4191000-121-2009-00017","2009-07-02","","03","폐업","02","폐업","2010-12-13","","","","033 731 0289","41.21","","강원특별자치도 원주시 중앙동 28-4 (1층)","","","뚜레쥬르(중앙로점)","2009-07-23 13:29:56","I","2023-06-13 00:00:00","제과점영업","283917.022307256","428089.467706953","제과점영업","0","0","기타","자율","상수도전용","0","0","0","0","0","","0","0","N","41.21","","","",
"1198","제과점영업","07_22_18_P","4191000","4191000-121-2009-00018","2009-07-21","","03","폐업","02","폐업","2011-02-09","","","","","8.79","","강원특별자치도 원주시 무실동 1062-1 (지하1)","","","(주)조선호텔베이커리데이앤데이원주점2","2010-06-30 14:02:37","I","2023-06-13 00:00:00","제과점영업","281366.703634706","424684.582635502","제과점영업","0","0","","","지하수전용","0","0","0","0","0","","0","0","N","8.79","","","",
"1199","제과점영업","07_22_18_P","4191000","4191000-121-2009-00021","2009-08-18","","03","폐업","02","폐업","2011-10-18","","","","","58.79","","강원특별자치도 원주시 태장동 688-36","","","파리바게뜨(현대점)","2009-09-12 14:27:16","I","2023-06-13 00:00:00","제과점영업","284740.627081885","429229.391997274","제과점영업","0","0","기타","자율","상수도전용","0","0","0","0","0","","0","0","N","58.79","","","",
"1200","제과점영업","07_22_18_P","4191000","4191000-121-2009-00022","2009-08-28","","03","폐업","02","폐업","2010-04-15","","","","033 900 3800","41.25","","강원특별자치도 원주시 개운동 441 한신1차아파트상가 101-1","","","올리브베이커리","2009-09-03 09:08:33","I","2023-06-13 00:00:00","제과점영업","284146.815688508","425993.009304842","제과점영업","0","0","","","상수도전용","0","0","0","0","0","","0","0","N","41.25","","","",
"1201","제과점영업","07_22_18_P","4191000","4191000-121-2009-00023","2009-09-04","","03","폐업","02","폐업","2013-05-10","","","","033741 5460","46.99","","강원특별자치도 원주시 단계동 857-2","강원특별자치도 원주시 천사로 46 (단계동)","26436","신라명과(원주농협단계점)","2011-04-15 10:42:14","I","2023-06-13 00:00:00","제과점영업","282365.121230523","427685.809028028","제과점영업","0","0","기타","자율","상수도전용","0","0","0","0","0","","0","0","N","46.99","","","",
"1202","제과점영업","07_22_18_P","4191000","4191000-121-2009-00024","2009-09-08","","03","폐업","02","폐업","2013-11-08","","","","","41.70","","강원특별자치도 원주시 일산동 184-86 (3층)","강원특별자치도 원주시 원일로 151-1 (일산동,(3층))","26417","파티연","2012-06-01 14:48:12","I","2023-06-13 00:00:00","제과점영업","283774.088984962","428186.489968407","제과점영업","0","0","기타","자율","상수도전용","0","0","0","0","0","","0","0","N","41.7","","","",
"1203","제과점영업","07_22_18_P","4191000","4191000-121-2009-00025","2009-09-28","","03","폐업","02","폐업","2010-11-24","","","","033 763 1515","25.90","","강원특별자치도 원주시 단구동 1560-5 1층","","","더쿠키","2009-11-09 12:45:14","I","2023-06-13 00:00:00","제과점영업","283644.948701406","424962.590182219","제과점영업","0","0","기타","자율","상수도전용","0","0","0","0","0","","0","0","N","25.9","","","",
"1204","제과점영업","07_22_18_P","4191000","4191000-121-2009-00026","2009-11-12","","03","폐업","02","폐업","2010-10-05","","","","033 735 0093","49.66","","강원특별자치도 원주시 문막읍 문막리 239-5","","","빵또아","2009-11-24 11:19:22","I","2023-06-13 00:00:00","제과점영업","272269.690723018","422953.558934138","제과점영업","0","0","기타","자율","상수도전용","0","0","0","0","0","","0","0","N","49.66","","","",
"1205","제과점영업","07_22_18_P","4191000","4191000-121-2009-00028","2009-11-25","","03","폐업","02","폐업","2012-10-08","","","","033 766 0996","57.82","","강원특별자치도 원주시 단구동 1468-1","강원특별자치도 원주시 단구초교길 2 (단구동)","26452","시리안베이커리","2009-12-09 10:29:49","I","2023-06-13 00:00:00","제과점영업","285422.037325805","424838.096978126","제과점영업","0","0","주택가주변","기타","상수도전용","0","0","0","0","0","","0","0","N","57.82","","","",
"1206","제과점영업","07_22_18_P","4191000","4191000-121-2016-00008","2016-06-29","","03","폐업","02","폐업","2020-11-11","","","","","42.92","","강원특별자치도 원주시 명륜동 541 지상1층","강원특별자치도 원주시 남원로 531, 지상1층 (명륜동)","26480","훈이네마늘빵","2020-11-11 10:30:18","I","2023-06-13 00:00:00","제과점영업","283830.494644136","425956.412587402","제과점영업","0","0","기타","자율","상수도전용","0","0","0","0","0","","0","0","N","42.92","","","",
"1207","제과점영업","07_22_18_P","4191000","4191000-121-2016-00010","2016-09-08","","03","폐업","02","폐업","2018-12-17","","","","","69.92","","강원특별자치도 원주시 원동 5-1","강원특별자치도 원주시 원일로 67, 1층 (원동)","26431","르브래드랩","2018-12-17 13:31:56","I","2023-06-13 00:00:00","제과점영업","284221.098915815","427717.734049134","제과점영업","0","0","기타","자율","상수도전용","0","0","0","0","0","","0","0","N","69.92","","","",
"1208","제과점영업","07_22_18_P","4191000","4191000-121-2016-00013","2016-11-17","","03","폐업","02","폐업","2018-08-13","","","","033 7448950","54.24","","강원특별자치도 원주시 반곡동 1884-1 103호","강원특별자치도 원주시 혁신로 39, 1층 (반곡동, 103호)","26465","샤르망","2018-08-13 14:54:44","I","2023-06-13 00:00:00","제과점영업","286687.601805814","425147.761878579","제과점영업","0","0","기타","자율","상수도전용","0","0","0","0","0","","0","0","N","54.24","","","",
"1209","제과점영업","07_22_18_P","4191000","4191000-121-2016-00014","2016-11-17","","03","폐업","02","폐업","2019-08-13","","","","","17.07","","강원특별자치도 원주시 단계동 811-8 지상1층","강원특별자치도 원주시 금불4길 37, 지상1층 (단계동)","26423","달빛담아앙금플라워케이크","2019-08-13 13:28:24","I","2023-06-13 00:00:00","제과점영업","282576.417546346","427953.496129116","제과점영업","0","0","기타","자율","상수도전용","0","0","0","0","0","","0","0","N","17.07","","","",
"1210","제과점영업","07_22_18_P","4191000","4191000-121-2016-00015","2016-11-18","","03","폐업","02","폐업","2018-11-13","","","","033 733 0402","13.78","","강원특별자치도 원주시 중앙동 59-14 중앙빌딩 지상1층 102호","강원특별자치도 원주시 원일로 120, 지상1층 102호 (중앙동, 중앙빌딩 )","26428","튀김소보루와꽈배기","2018-11-13 17:05:16","I","2023-06-13 00:00:00","제과점영업","283967.319374904","428006.776464856","제과점영업","0","0","기타","자율","상수도전용","0","0","0","0","0","","0","0","N","13.78","","","",
"1211","제과점영업","07_22_18_P","4191000","4191000-121-2016-00016","2016-11-28","","03","폐업","02","폐업","2017-08-17","","","","","29.16","","강원특별자치도 원주시 개운동 313-12","강원특별자치도 원주시 남원로606번길 11 (개운동)","26446","아빠가만든빵","2017-08-17 14:28:21","I","2023-06-13 00:00:00","제과점영업","284332.333872122","426566.706115556","제과점영업","0","0","기타","자율","상수도전용","0","0","0","0","0","","0","0","N","29.16","","","",
"1212","제과점영업","07_22_18_P","4191000","4191000-121-2016-00017","2016-11-28","","03","폐업","02","폐업","2018-12-26","","","","","40.80","","강원특별자치도 원주시 우산동 88-1","강원특별자치도 원주시 북원로 2501 (우산동)","26342","명과원","2018-12-26 16:40:22","I","2023-06-13 00:00:00","제과점영업","283222.078014548","429948.648225008","제과점영업","0","0","기타","자율","상수도전용","0","0","0","0","0","","0","0","N","40.8","","","",
"1213","제과점영업","07_22_18_P","4191000","4191000-121-2017-00001","2017-02-22","","03","폐업","02","폐업","2024-03-14","","","","","37.80","","강원특별자치도 원주시 관설동 1689-19 1층, 102호","강원특별자치도 원주시 라옹정길 37-4, 1층 102호 (관설동)","26471","아만다스테이블","2024-03-14 11:42:31","U","2024-03-16 02:40:00","제과점영업","285222.640865242","424612.342881052","제과점영업","0","0","학교정화(상대)","자율","상수도전용","0","0","0","0","0","","0","0","N","37.8","","","",
"1214","제과점영업","07_22_18_P","4191000","4191000-121-2017-00002","2017-03-22","","03","폐업","02","폐업","2018-03-30","","","","033 766 1744","108.01","","강원특별자치도 원주시 단구동 1653-10 1층","강원특별자치도 원주시 토지길 37, 1층 (단구동)","26490","우케루치즈케이크","2018-03-30 10:00:59","I","2023-06-13 00:00:00","제과점영업","284723.021280905","424834.910781081","제과점영업","0","0","학교정화(상대)","자율","상수도전용","0","0","0","0","0","","0","0","N","108.01","","","",
"1215","제과점영업","07_22_18_P","4191000","4191000-121-2017-00003","2017-03-31","","03","폐업","02","폐업","2018-12-06","","","","","70.94","","강원특별자치도 원주시 중앙동 59-14 (외필지 59-13,59-16)","강원특별자치도 원주시 원일로 120, 1층 107호 (중앙동)","26428","민트박스원주점","2018-12-06 12:00:24","I","2023-06-13 00:00:00","제과점영업","283967.319374904","428006.776464856","제과점영업","0","0","기타","자율","상수도전용","0","0","0","0","0","","0","0","N","70.94","","","",
"1216","제과점영업","07_22_18_P","4191000","4191000-121-2017-00005","2017-05-24","","03","폐업","02","폐업","2019-05-23","","","","","33.50","","강원특별자치도 원주시 반곡동 1865-4 1층, 103호","강원특별자치도 원주시 봄마중길 18, 1층 (반곡동, 103호)","26465","밀-타래","2019-05-23 10:34:47","I","2023-06-13 00:00:00","제과점영업","286690.954206894","425322.40521514","제과점영업","0","0","주택가주변","자율","상수도전용","0","0","0","0","0","","0","0","N","33.5","","","",
"1217","제과점영업","07_22_18_P","4191000","4191000-121-2017-00006","2017-06-05","","03","폐업","02","폐업","2020-06-18","","","","033 742 7779","161.28","","강원특별자치도 원주시 반곡동 1924-6 1층, 104호","강원특별자치도 원주시 황금로 5, 1층 (반곡동, 104호)","26462","진선이네빵공장","2020-06-18 14:50:58","I","2023-06-13 00:00:00","제과점영업","287464.505999366","425554.380456029","제과점영업","0","0","기타","자율","상수도전용","0","0","0","0","0","","0","0","N","161.28","","","",
"1218","제과점영업","07_22_18_P","4191000","4191000-121-2017-00008","2017-07-06","","03","폐업","02","폐업","2023-12-13","","","","","33.60","","강원특별자치도 원주시 무실동 1641-5 에이스주차타워2","강원특별자치도 원주시 시청로 76, 에이스주차타워2 116호 (무실동)","26388","마시벤빵","2023-12-13 09:06:16","U","2023-12-15 02:40:00","제과점영업","282054.307419082","426491.35127632","제과점영업","0","0","기타","자율","상수도전용","0","0","0","0","0","","0","0","N","33.6","","","",
"1219","제과점영업","07_22_18_P","4191000","4191000-121-2024-00008","2024-07-16","","03","폐업","02","폐업","2024-11-13","","","","","34.37","","강원특별자치도 원주시 개운동 352-3","강원특별자치도 원주시 남원로602번길 12-5, 지하1층 (개운동)","26446","필모어베이크샵","2024-11-13 15:16:44","U","2024-11-15 02:40:00","제과점영업","284219.333000589","426385.442596185","제과점영업","0","0","기타","","상수도전용","0","0","0","0","0","","0","0","N","34.37","","","",
"1220","제과점영업","07_22_18_P","4191000","4191000-121-2025-00011","2025-10-01","","03","폐업","02","폐업","2025-10-19","","","","","","","강원특별자치도 원주시 지정면 간현리 1044 간현관광지 제3주차장 일원","","","간현제빵소(2025년제4회치악산고구마축제)","2025-10-20 04:15:11","U","2025-10-23 02:40:00","제과점영업","273916.606602352","429379.789833886","제과점영업","0","0","","","","0","0","0","0","0","","0","0","N","0","","","",
"1221","제과점영업","07_22_18_P","4201000","4201000-121-2021-00020","2021-10-19","","03","폐업","02","폐업","2025-04-10","","","","","75.00","","강원특별자치도 강릉시 포남동 1146-8","강원특별자치도 강릉시 경강로 2239, 1층 (포남동)","25546","테에나","2025-04-10 10:28:45","U","2025-04-12 02:40:00","제과점영업","368018.442681675","475211.053795255","제과점영업","0","0","","","","0","0","0","0","0","","0","0","N","75","","","",
"1222","제과점영업","07_22_18_P","4201000","4201000-121-2011-00001","2011-03-18","","03","폐업","02","폐업","2012-06-01","","","","033 643 2333","8.00","","강원특별자치도 강릉시 교동 1808-5","","","훼미리마트장미사거리점","2011-05-23 17:30:22","I","2023-06-13 00:00:00","제과점영업","365475.856409359","475762.592549419","제과점영업","0","0","주택가주변","자율","상수도전용","0","0","0","0","0","","0","0","N","8","","","",
"1223","제과점영업","07_22_18_P","4201000","4201000-121-2011-00002","2011-03-29","","03","폐업","02","폐업","2014-05-14","","","","033 662 1212","4.00","","강원특별자치도 강릉시 주문진읍 교항리 116-7","강원특별자치도 강릉시 주문진읍 주문로 7","25419","바이더웨이주문진점","2011-05-23 17:31:53","I","2023-06-13 00:00:00","제과점영업","360481.017392464","488442.558031027","제과점영업","0","1","기타","","상수도전용","0","0","0","0","0","","0","0","N","4","","","",
"1224","제과점영업","07_22_18_P","4201000","4201000-121-2011-00004","2011-04-29","","03","폐업","02","폐업","2023-05-03","","","","033 641 5974","32.00","","강원특별자치도 강릉시 금학동 2-4","강원특별자치도 강릉시 금성로 16 (금학동)","25540","바로구운빵","2023-05-03 16:12:18","I","2023-06-13 00:00:00","제과점영업","367254.674507367","474150.32345623","제과점영업","0","1","기타","","상수도전용","0","0","0","0","0","","0","0","N","32","","","",
"1225","제과점영업","07_22_18_P","4201000","4201000-121-2014-00003","2014-04-11","","03","폐업","02","폐업","2024-02-13","","","","","16.00","","강원특별자치도 강릉시 견소동 5","강원특별자치도 강릉시 경강로 2667, 1층 (견소동)","25556","베이커리가루강문점","2024-02-13 15:03:30","U","2024-02-15 02:40:00","제과점영업","371754.352587021","476038.352972226","제과점영업","0","0","기타","","상수도전용","0","0","0","0","0","","0","0","N","16","","","",
"1226","제과점영업","07_22_18_P","4201000","4201000-121-2014-00004","2014-04-24","","03","폐업","02","폐업","2018-12-19","","","","","3.00","","강원특별자치도 강릉시 교동 924-3","강원특별자치도 강릉시 강릉대로 149 (교동)","25505","원예하나로베이커리교동점","2018-12-19 17:20:34","I","2023-06-13 00:00:00","제과점영업","366218.438653356","474434.535044363","제과점영업","0","0","기타","","상수도전용","0","0","0","0","0","","0","0","N","3","","","",
"1227","제과점영업","07_22_18_P","4201000","4201000-121-2014-00005","2014-07-08","","03","폐업","02","폐업","2015-04-07","","","","033 651 7995","2.25","","강원특별자치도 강릉시 입암동 431","강원특별자치도 강릉시 율곡로2692번길 56 (입암동)","25583","팡파미유(롯데슈퍼점)","2014-07-08 10:11:28","I","2023-06-13 00:00:00","제과점영업","368411.478854135","473875.192732668","제과점영업","1","0","아파트지역","","상수도전용","0","0","0","0","0","","0","0","N","2.25","","","",
"1228","제과점영업","07_22_18_P","4201000","4201000-121-2014-00006","2014-09-04","","03","폐업","02","폐업","2015-01-28","","","","033 651 6227","32.47","","강원특별자치도 강릉시 초당동 135-6","강원특별자치도 강릉시 연당길 63, 1층 (초당동)","25470","빠띠쉐베이커리","2014-09-04 17:20:38","I","2023-06-13 00:00:00","제과점영업","368679.840720058","477388.240057233","제과점영업","0","0","아파트지역","","상수도전용","0","0","0","0","0","","0","0","N","32.47","","","",
"1229","제과점영업","07_22_18_P","4201000","4201000-121-2015-00004","2015-06-15","","03","폐업","02","폐업","2017-12-08","","","","","22.89","","강원특별자치도 강릉시 금학동 11-2","강원특별자치도 강릉시 금성로22번길 9 (금학동)","25540","반월당고로케","2017-12-08 14:12:10","I","2023-06-13 00:00:00","제과점영업","367141.81040261","474152.888518833","제과점영업","0","1","","","상수도전용","0","0","0","0","0","","0","0","N","22.89","","","",
"1230","제과점영업","07_22_18_P","4201000","4201000-121-2015-00006","2015-08-17","","03","폐업","02","폐업","2022-04-13","","","","","66.00","","강원특별자치도 강릉시 병산동 22","","","동성베이커리","2022-04-13 09:36:47","I","2023-06-13 00:00:00","제과점영업","371695.932661266","474084.818814513","제과점영업","0","0","기타","","상수도전용","0","0","0","0","0","","0","0","N","66","","","",
"1231","제과점영업","07_22_18_P","4201000","4201000-121-2015-00007","2015-08-18","","03","폐업","02","폐업","2023-08-21","","","","033 640 2037","74.97","","강원특별자치도 강릉시 지변동 123","강원특별자치도 강릉시 죽헌길 7 (지변동)","25457","생협제과점","2023-08-21 13:45:09","U","2023-08-23 02:40:00","제과점영업","364627.278082023","475810.449226925","제과점영업","0","0","학교정화(절대)","","상수도전용","0","0","0","0","0","","0","0","N","74.97","","","",
"1232","제과점영업","07_22_18_P","4201000","4201000-121-2015-00008","2015-09-17","","03","폐업","02","폐업","2018-12-12","","","","033 652 8800","64.50","","강원특별자치도 강릉시 두산동 100-2","강원특별자치도 강릉시 성덕로 186 (두산동)","25575","초콜릿마르","2018-12-12 15:36:02","I","2023-06-13 00:00:00","제과점영업","370284.191448289","474907.950908951","제과점영업","0","0","기타","","상수도전용","0","0","0","0","0","","0","0","N","64.5","","","",
"1233","제과점영업","07_22_18_P","4201000","4201000-121-2015-00009","2015-10-01","","03","폐업","02","폐업","2024-12-13","","","","","31.00","","강원특별자치도 강릉시 교동 1859-11","강원특별자치도 강릉시 율곡초교길43번길 15, 1층 (교동)","25513","아뜰리에비플라워케이크","2024-12-13 14:08:48","U","2024-12-15 02:40:00","제과점영업","365599.539108476","475284.599452146","제과점영업","0","0","주택가주변","","상수도전용","0","0","0","0","0","","0","0","N","31","","","",
"1234","제과점영업","07_22_18_P","4201000","4201000-121-2015-00010","2015-11-13","","03","폐업","02","폐업","2016-02-22","","","","","6.80","","강원특별자치도 강릉시 송정동 1008-7","강원특별자치도 강릉시 경강로 2398-10 (송정동)","25563","밀크앤허니","2015-11-13 10:16:10","I","2023-06-13 00:00:00","제과점영업","369334.629080122","475954.381315576","제과점영업","1","0","기타","","상수도전용","0","0","0","0","0","","0","0","N","6.8","","","",
"1235","제과점영업","07_22_18_P","4201000","4201000-121-2016-00001","2016-01-15","","03","폐업","02","폐업","2017-09-01","","","","","68.00","","강원특별자치도 강릉시 금학동 95-1 1층 3,4호","강원특별자치도 강릉시 신대학길 23, 1층 3,4호 (금학동)","25539","던킨도너츠강릉중앙점","2017-09-01 14:26:09","I","2023-06-13 00:00:00","제과점영업","366980.160853631","474014.897627175","제과점영업","0","0","","","","0","0","0","0","0","","0","0","N","68","","","",
"1236","제과점영업","07_22_18_P","4201000","4201000-121-2000-00026","2000-11-02","","03","폐업","02","폐업","2005-01-24","","","","033 6440959","26.64","","강원특별자치도 강릉시 입암동 49-7 106호","","","월드제과","2010-12-22 11:06:14","I","2023-06-13 00:00:00","제과점영업","368738.493326476","475295.073441554","제과점영업","2","1","아파트지역","","지하수전용","0","0","0","0","0","","0","0","N","26.64","","","",
"1237","제과점영업","07_22_18_P","4201000","4201000-121-2000-00027","2000-03-31","","03","폐업","02","폐업","2016-07-01","","","","033 6522855","61.40","","강원특별자치도 강릉시 입암동 106","강원특별자치도 강릉시 성덕포남로 67 (입암동)","25578","손병욱베이커리 2호점","2014-07-14 15:39:04","I","2023-06-13 00:00:00","제과점영업","368922.668215888","474826.620995997","제과점영업","0","0","기타","","상수도전용","0","0","0","0","0","","0","0","N","61.4","","","",
"1238","제과점영업","07_22_18_P","4201000","4201000-121-2000-00028","2000-05-30","","03","폐업","02","폐업","2003-12-26","","","","033 6451020","39.60","","강원특별자치도 강릉시 교동 133","","","이드프랑베이커리","2002-11-01 00:00:00","I","2023-06-13 00:00:00","제과점영업","367402.591473238","475164.328543092","제과점영업","0","0","기타","","상수도전용","0","0","0","0","0","","0","0","N","39.6","","","",
"1239","제과점영업","07_22_18_P","4201000","4201000-121-2000-00029","2000-01-21","","03","폐업","02","폐업","2006-01-16","","","","033 6454497","40.90","","강원특별자치도 강릉시 홍제동 63-3","","","임희근베이커리","2002-03-08 00:00:00","I","2023-06-13 00:00:00","제과점영업","366257.821506229","473842.422964127","제과점영업","1","2","기타","","상수도전용","0","0","0","0","0","","0","0","N","40.9","","","",
"1240","제과점영업","07_22_18_P","4201000","4201000-121-2000-00037","2000-05-26","","03","폐업","02","폐업","2001-02-14","","","","033 6620080","32.00","","강원특별자치도 강릉시 주문진읍 교항리 72-16","","","맘모스베이커리","2002-04-23 00:00:00","I","2023-06-13 00:00:00","제과점영업","360594.182979235","488091.264677854","제과점영업","0","0","주택가주변","","상수도전용","0","0","0","0","0","","0","0","N","32","","","",
"1241","제과점영업","07_22_18_P","4201000","4201000-121-2006-00001","2006-02-14","","03","폐업","02","폐업","2009-11-03","","","","033 6454497","27.30","","강원특별자치도 강릉시 홍제동 138-9","","","임희근베이커리","2006-02-14 00:00:00","I","2023-06-13 00:00:00","제과점영업","366147.211141403","473809.33450553","제과점영업","1","1","주택가주변","","상수도전용","0","0","0","0","0","","0","0","N","27.3","","","",
"1242","제과점영업","07_22_18_P","4201000","4201000-121-2006-00003","2006-05-15","","03","폐업","02","폐업","2007-11-12","","","","033 6513977","66.00","","강원특별자치도 강릉시 포남동 1175","","","윈도우넛도너츠","2006-05-15 00:00:00","I","2023-06-13 00:00:00","제과점영업","368296.068276914","475891.561510423","제과점영업","0","0","기타","","상수도전용","0","0","0","0","0","","0","0","N","66","","","",
"1243","제과점영업","07_22_18_P","4201000","4201000-121-2006-00004","2006-07-13","","03","폐업","02","폐업","2007-02-13","","","","033 6427888","33.15","","강원특별자치도 강릉시 입암동 557-1","","","본아베떼베이커리","2010-12-22 11:15:59","I","2023-06-13 00:00:00","제과점영업","368442.036207539","474735.590827508","제과점영업","1","1","주택가주변","","상수도전용","0","0","0","0","0","","0","0","N","33.15","","","",
"1244","제과점영업","07_22_18_P","4201000","4201000-121-2006-00005","2006-07-18","","03","폐업","02","폐업","2013-12-09","","","","033 641 8987","45.15","","강원특별자치도 강릉시 입암동 240-2 101호","강원특별자치도 강릉시 성덕로 316-15, 101호 (입암동)","25616","몹시","2011-08-11 14:58:10","I","2023-06-13 00:00:00","제과점영업","369187.050298317","474262.92521425","제과점영업","1","1","아파트지역","","상수도전용","0","0","0","0","0","","0","0","N","45.15","","","",
"1245","제과점영업","07_22_18_P","4201000","4201000-121-2006-00007","2006-09-11","","03","폐업","02","폐업","2008-10-23","","","","033 6457953","37.80","","강원특별자치도 강릉시 교동 1891-10","","","킴스쁘레","2006-09-11 00:00:00","I","2023-06-13 00:00:00","제과점영업","365108.468763214","475017.509550798","제과점영업","0","0","기타","","상수도전용","0","0","0","0","0","","0","0","N","37.8","","","",
"1246","제과점영업","07_22_18_P","4201000","4201000-121-2016-00002","2016-01-20","","03","폐업","02","폐업","2016-12-26","","","","","29.15","","강원특별자치도 강릉시 포남동 1292","강원특별자치도 강릉시 하평길 31 (포남동)","25566","돔베이커리2호점","2016-01-20 17:16:48","I","2023-06-13 00:00:00","제과점영업","368408.132156805","475968.018406903","제과점영업","0","1","아파트지역","","상수도전용","0","0","0","0","0","","0","0","N","29.15","","","",
"1247","제과점영업","07_22_18_P","4201000","4201000-121-2016-00003","2016-03-14","","03","폐업","02","폐업","2017-04-11","","","","","54.00","","강원특별자치도 강릉시 포남동 1254-6","강원특별자치도 강릉시 강릉대로547번길 4-6, 1층 (포남동)","25483","초코바닐라","2017-04-11 13:56:21","I","2023-06-13 00:00:00","제과점영업","368965.845303656","477137.853845043","제과점영업","0","1","주택가주변","","상수도전용","0","0","0","0","0","","0","0","N","54","","","",
"1248","제과점영업","07_22_18_P","4201000","4201000-121-2016-00004","2016-03-24","","03","폐업","02","폐업","2024-12-31","","","","033 610 3757","46.31","","강원특별자치도 강릉시 사천면 방동리 415","강원특별자치도 강릉시 사천면 방동길 38-1, 신관동 지하1층","25440","베즐리베이커리1호점","2024-12-31 10:38:43","U","2025-01-03 02:40:00","제과점영업","363580.205089049","481138.750877628","제과점영업","1","0","기타","","상수도전용","0","0","0","0","0","","0","0","N","46.31","","","",
"1249","제과점영업","07_22_18_P","4201000","4201000-121-2016-00005","2016-03-24","","03","폐업","02","폐업","2024-12-31","","","","033 610 3757","93.14","","강원특별자치도 강릉시 사천면 방동리 415","강원특별자치도 강릉시 사천면 방동길 38-1, 신관동 1층","25440","베즐리베이커리2호점","2024-12-31 10:39:17","U","2025-01-03 02:40:00","제과점영업","363580.205089049","481138.750877628","제과점영업","1","0","기타","","상수도전용","0","0","0","0","0","","0","0","N","93.14","","","",
"1250","제과점영업","07_22_18_P","4201000","4201000-121-2016-00027","2016-11-23","","03","폐업","02","폐업","2023-09-21","","","","","45.00","","강원특별자치도 강릉시 교동 1813-4","강원특별자치도 강릉시 하슬라로232번길 8-1 (교동)","25508","아블리스","2023-09-21 16:28:43","U","2023-09-23 02:40:00","제과점영업","365299.955361436","475862.740423682","제과점영업","0","1","주택가주변","","상수도전용","0","0","0","0","0","","0","0","N","45","","","",
"1251","제과점영업","07_22_18_P","4201000","4201000-121-2017-00001","2017-01-04","","03","폐업","02","폐업","2018-01-18","","","","","18.30","","강원특별자치도 강릉시 금학동 36-2","강원특별자치도 강릉시 신대학길 32 (금학동)","25540","대왕카스테라","2018-01-18 18:01:11","I","2023-06-13 00:00:00","제과점영업","367068.976374856","474050.386488473","제과점영업","1","0","유흥업소밀집지역","","상수도전용","0","0","0","0","0","","0","0","N","18.3","","","",
"1252","제과점영업","07_22_18_P","4201000","4201000-121-2017-00002","2017-01-06","","03","폐업","02","폐업","2022-08-12","","","","033 647 0807","43.40","","강원특별자치도 강릉시 사천면 미노리 494","강원특별자치도 강릉시 사천면 미노길 78-7","25439","누아베이커리사천점","2022-08-12 13:23:29","I","2023-06-13 00:00:00","제과점영업","362817.184454614","481751.168236877","제과점영업","1","0","기타","","상수도전용","0","0","0","0","0","","0","0","N","43.4","","","",
"1253","제과점영업","07_22_18_P","4201000","4201000-121-2017-00003","2017-01-24","","03","폐업","02","폐업","2017-12-15","","","","","47.17","","강원특별자치도 강릉시 홍제동 219-34","강원특별자치도 강릉시 강릉대로106번길 16 (홍제동)","25526","클레르","2017-12-15 16:58:57","I","2023-06-13 00:00:00","제과점영업","365915.179719391","474051.393112696","제과점영업","1","1","아파트지역","","상수도전용","0","0","0","0","0","","0","0","N","47.17","","","",
"1254","제과점영업","07_22_18_P","4201000","4201000-121-2017-00004","2017-02-03","","03","폐업","02","폐업","2022-02-28","","","","033 643 7179","7.50","","강원특별자치도 강릉시 회산동 195-21","강원특별자치도 강릉시 관솔길12번길 14-3 (회산동)","25599","폴라베어","2022-02-28 13:43:30","I","2023-06-13 00:00:00","제과점영업","364555.642638283","472472.77521789","제과점영업","0","0","기타","기타","상수도전용","0","0","0","0","0","","0","0","N","7.5","","","",
"1255","제과점영업","07_22_18_P","4201000","4201000-121-2017-00005","2017-02-09","","03","폐업","02","폐업","2018-12-11","","","","033 652 5151","39.87","","강원특별자치도 강릉시 입암동 238-5","강원특별자치도 강릉시 성덕로 328-18, 1층 107호 (입암동)","25616","다온베이커리","2018-12-11 17:31:53","I","2023-06-13 00:00:00","제과점영업","369128.418685073","474204.103504343","제과점영업","1","0","기타","","상수도전용","0","0","0","0","0","","0","0","N","39.87","","","",
"1256","제과점영업","07_22_18_P","4201000","4201000-121-2017-00006","2017-02-15","","03","폐업","02","폐업","2018-11-12","","","","","6.75","","강원특별자치도 강릉시 노암동 831-9","강원특별자치도 강릉시 노가니남길9번길 1 (노암동)","25591","우당탕탕삼형제네","2018-11-12 15:51:30","I","2023-06-13 00:00:00","제과점영업","367711.851186727","473228.253137864","제과점영업","0","1","기타","","상수도전용","0","0","0","0","0","","0","0","N","6.75","","","",
"1257","제과점영업","07_22_18_P","4201000","4201000-121-2017-00011","2017-06-27","","03","폐업","02","폐업","2022-11-29","","","","","20.70","","강원특별자치도 강릉시 포남동 1303","강원특별자치도 강릉시 하평6길 41 (포남동)","25565","브레드몽거","2022-11-29 17:18:43","I","2023-06-13 00:00:00","제과점영업","368799.259124564","476161.78511129","제과점영업","0","1","기타","기타","상수도전용","0","0","0","0","0","","0","0","N","20.7","","","",
"1258","제과점영업","07_22_18_P","4201000","4201000-121-2017-00015","2017-10-31","","03","폐업","02","폐업","2018-09-12","","","","","3.60","","강원특별자치도 강릉시 구정면 여찬리 163-1 강릉농협구정지점","강원특별자치도 강릉시 구정면 범일로 347","25622","라보엠2호점","2018-09-12 16:41:08","I","2023-06-13 00:00:00","제과점영업","365944.14569072","470281.426314729","제과점영업","0","0","기타","기타","상수도전용","0","0","0","0","0","","0","0","N","3.6","","","",
"1259","제과점영업","07_22_18_P","4201000","4201000-121-2017-00016","2017-12-18","","03","폐업","02","폐업","2019-08-27","","","","033 642 2120","33.78","","강원특별자치도 강릉시 금학동 51-3","강원특별자치도 강릉시 신대학길 24 (금학동)","25539","식빵고수","2019-08-27 15:07:38","I","2023-06-13 00:00:00","제과점영업","367004.288190195","474003.978063085","제과점영업","0","0","기타","","상수도전용","0","0","0","0","0","","0","0","N","33.78","","","",
"1260","제과점영업","07_22_18_P","4201000","4201000-121-2018-00003","2018-01-10","","03","폐업","02","폐업","2019-12-17","","","","","34.00","","강원특별자치도 강릉시 옥천동 369-1","강원특별자치도 강릉시 경강로 2201 (옥천동)","25549","구아빵","2019-12-17 15:07:22","I","2023-06-13 00:00:00","제과점영업","367774.906729797","474922.673360972","제과점영업","0","0","기타","기타","상수도전용","0","0","0","0","0","","0","0","N","34","","","",
"1261","제과점영업","07_22_18_P","4201000","4201000-121-2018-00004","2018-01-30","","03","폐업","02","폐업","2024-12-26","","","","","94.16","","강원특별자치도 강릉시 교동 1836-6","강원특별자치도 강릉시 하슬라로206번길 4-10, 1층 (교동)","25511","쎄라비","2024-12-26 14:35:41","U","2024-12-28 02:40:00","제과점영업","365213.303577121","475519.39438992","제과점영업","0","0","기타","기타","상수도전용","0","0","0","0","0","","0","0","N","94.16","","","",
"1262","제과점영업","07_22_18_P","4201000","4201000-121-2018-00005","2018-02-06","","03","폐업","02","폐업","2019-11-26","","","","","66.50","","강원특별자치도 강릉시 교동 1984 풍림아이원아파트","강원특별자치도 강릉시 화부산로40번길 29 (교동, 풍림아이원아파트)","25502","유어브레드","2019-11-26 17:21:36","I","2023-06-13 00:00:00","제과점영업","366463.859104553","474867.14246799","제과점영업","0","0","기타","기타","상수도전용","0","0","0","0","0","","0","0","N","66.5","","","",
"1263","제과점영업","07_22_18_P","4201000","4201000-121-2018-00006","2018-03-08","","03","폐업","02","폐업","2019-02-12","","","","033 648 0208","15.75","","강원특별자치도 강릉시 교동 949-12","강원특별자치도 강릉시 강릉대로 109 (교동)","25506","강릉커피콩빵교동점","2019-02-12 10:52:17","I","2023-06-13 00:00:00","제과점영업","365857.363480505","474229.869729882","제과점영업","0","0","주택가주변","기타","상수도전용","0","0","0","0","0","","0","0","N","15.75","","","",
"1264","제과점영업","07_22_18_P","4201000","4201000-121-2018-00007","2018-03-12","","03","폐업","02","폐업","2020-05-11","","","","033 646 1119","16.52","","강원특별자치도 강릉시 성남동 97-12","강원특별자치도 강릉시 곶감전길 1 (성남동)","25543","아리랑쿠키","2020-05-11 16:42:58","I","2023-06-13 00:00:00","제과점영업","367086.34668658","473959.886368128","제과점영업","0","0","기타","기타","상수도전용","0","0","0","0","0","","0","0","N","16.52","","","",
"1265","제과점영업","07_22_18_P","4201000","4201000-121-2018-00008","2018-04-04","","03","폐업","02","폐업","2019-03-20","","","","","28.40","","강원특별자치도 강릉시 회산동 608 서희스타힐스 리버파크 상가","강원특별자치도 강릉시 회산로 346, 서희스타힐스 리버파크 상가 (회산동)","25599","꽃,피움","2019-03-20 17:08:02","I","2023-06-13 00:00:00","제과점영업","364367.521087094","472275.689444087","제과점영업","0","1","기타","기타","상수도전용","0","0","0","0","0","","0","0","N","28.4","","","",
"1266","제과점영업","07_22_18_P","4201000","4201000-121-2018-00013","2018-06-11","","03","폐업","02","폐업","2019-07-04","","","","","62.09","","강원특별자치도 강릉시 교동 1862-1","강원특별자치도 강릉시 교동광장로 125, 1층 (교동)","25513","식빵고수","2019-07-04 15:28:42","I","2023-06-13 00:00:00","제과점영업","365466.668257208","475238.576171734","제과점영업","0","0","기타","기타","상수도전용","0","0","0","0","0","","0","0","N","62.09","","","",
"1267","제과점영업","07_22_18_P","4201000","4201000-121-2018-00014","2018-06-28","","03","폐업","02","폐업","2018-07-10","","","","","9.20","","강원특별자치도 강릉시 송정동 1008-7","강원특별자치도 강릉시 경강로 2398-10 (송정동)","25563","밀크앤허니","2018-07-13 13:23:31","I","2023-06-13 00:00:00","제과점영업","369334.629080122","475954.381315576","제과점영업","1","0","기타","기타","상수도전용","0","0","0","0","0","","0","0","N","9.2","","","",
"1268","제과점영업","07_22_18_P","4201000","4201000-121-2018-00015","2018-07-20","","03","폐업","02","폐업","2024-11-15","","","","","30.30","","강원특별자치도 강릉시 포남동 1312","강원특별자치도 강릉시 하평길 74, 1층 (포남동)","25569","빵앗간","2024-11-15 10:32:30","U","2024-11-17 02:40:00","제과점영업","368812.266737171","475932.154669826","제과점영업","0","0","기타","기타","상수도전용","0","0","0","0","0","","0","0","N","30.3","","","",
"1269","제과점영업","07_22_18_P","4201000","4201000-121-2018-00016","2018-07-27","","03","폐업","02","폐업","2023-02-09","","","","","3.50","","강원특별자치도 강릉시 교동 924-3","강원특별자치도 강릉시 강릉대로 149, 태양마트 1층 (교동)","25505","마레베이커리(솔올점)","2023-02-09 15:46:15","I","2023-06-13 00:00:00","제과점영업","366218.438653356","474434.535044363","제과점영업","0","1","기타","기타","상수도전용","0","0","0","0","0","","0","0","N","3.5","","","",
"1270","제과점영업","07_22_18_P","4201000","4201000-121-2018-00018","2018-09-06","","03","폐업","02","폐업","2023-11-24","","","","033 651 8795","25.10","","강원특별자치도 강릉시 포남동 1311-12","강원특별자치도 강릉시 하평4길 3, 1층 (포남동)","25565","강릉제빵소","2023-11-24 14:57:19","U","2023-11-26 02:40:00","제과점영업","368907.800726681","475911.921082713","제과점영업","0","0","기타","","상수도전용","0","0","0","0","0","","0","0","N","25.1","","","",
"1271","제과점영업","07_22_18_P","4201000","4201000-121-2006-00009","2006-11-08","","03","폐업","02","폐업","2007-07-23","","","","","40.75","","강원특별자치도 강릉시 포남동 1247-6","","","부메랑제과","2010-12-22 11:19:09","I","2023-06-13 00:00:00","제과점영업","368570.341073106","476768.399363601","제과점영업","1","1","주택가주변","","상수도전용","0","0","0","0","0","","0","0","N","40.75","","","",
"1272","제과점영업","07_22_18_P","4201000","4201000-121-2007-00001","2007-02-13","","03","폐업","02","폐업","2018-03-29","","","","033 661 5973","32.30","","강원특별자치도 강릉시 주문진읍 교항리 48-7","강원특별자치도 강릉시 주문진읍 연주로 306-1","25424","인정베이커리","2018-03-29 13:44:06","I","2023-06-13 00:00:00","제과점영업","","","제과점영업","1","1","학교정화(상대)","","상수도전용","0","0","0","0","0","","0","0","N","32.3","","","",
"1273","제과점영업","07_22_18_P","4201000","4201000-121-2007-00003","2007-02-26","","03","폐업","02","폐업","2009-11-18","","","","033 6424588","56.49","","강원특별자치도 강릉시 내곡동 108-10","","","본아베떼내곡점","2010-12-22 11:45:39","I","2023-06-13 00:00:00","제과점영업","366556.427216967","473152.567451995","제과점영업","0","0","주택가주변","","상수도전용","0","0","0","0","0","","0","0","N","56.49","","","",
"1274","제과점영업","07_22_18_P","4201000","4201000-121-2007-00004","2007-03-09","","03","폐업","02","폐업","2025-08-19","","","","033 6510435","57.60","","강원특별자치도 강릉시 입암동 708-1","강원특별자치도 강릉시 성덕포남로 53 (입암동)","25615","뚜레쥬르강릉입암점","2025-08-19 10:17:41","U","2025-08-21 02:40:00","제과점영업","369036.44008243","474739.132815298","제과점영업","1","1","기타","","상수도전용","0","0","0","0","0","","0","0","N","57.6","","","",
"1275","제과점영업","07_22_18_P","4201000","4201000-121-2007-00005","2007-07-10","","03","폐업","02","폐업","2008-09-22","","","","033 6538249","24.70","","강원특별자치도 강릉시 포남동 1293-1 상가207동 101호","","","거상푸드","2007-07-10 00:00:00","I","2023-06-13 00:00:00","제과점영업","368638.024909925","476079.651464047","제과점영업","1","1","아파트지역","","상수도전용","0","0","0","0","0","","0","0","N","24.7","","","",
"1276","제과점영업","07_22_18_P","4201000","4201000-121-2007-00006","2007-10-16","","03","폐업","02","폐업","2012-09-07","","","","","10.70","","강원특별자치도 강릉시 내곡동 624-1","","","지에스(GS)25편의점","2007-10-16 13:23:18","I","2023-06-13 00:00:00","제과점영업","365453.021384711","472436.325291295","제과점영업","0","1","주택가주변","","상수도전용","0","0","0","0","0","","0","0","N","10.7","","","",
"1277","제과점영업","07_22_18_P","4201000","4201000-121-2007-00007","2007-11-19","","03","폐업","02","폐업","2016-06-27","","","","033 655 5255","24.00","","강원특별자치도 강릉시 임당동 117-2","강원특별자치도 강릉시 경강로 2106, 103호 (임당동)","25540","호두스토리","2013-12-18 15:43:49","I","2023-06-13 00:00:00","제과점영업","367139.395198995","474208.39644644","제과점영업","0","0","","","","0","0","0","0","0","","0","0","N","24","","","",
"1278","제과점영업","07_22_18_P","4201000","4201000-121-2007-00008","2007-12-03","","03","폐업","02","폐업","2010-04-30","","","","033 6482667","56.44","","강원특별자치도 강릉시 내곡동 470-15","","","빵장수야곱","2007-12-03 15:31:06","I","2023-06-13 00:00:00","제과점영업","365782.689005459","473056.999874351","제과점영업","1","2","아파트지역","자율","상수도전용","0","0","0","0","0","","0","0","N","56.44","","","",
"1279","제과점영업","07_22_18_P","4201000","4201000-121-2008-00002","2008-05-08","","03","폐업","02","폐업","2021-01-25","","","","033 644 1556","3.63","","강원특별자치도 강릉시 지변동 280-2","강원특별자치도 강릉시 지변길 22 (지변동)","25457","지에스25강릉대점","2021-01-25 17:06:44","I","2023-06-13 00:00:00","제과점영업","364919.625602948","476147.995860637","제과점영업","1","1","주택가주변","자율","상수도전용","0","0","0","0","0","","0","0","N","3.63","","","",
"1280","제과점영업","07_22_18_P","4201000","4201000-121-2008-00003","2008-11-19","","03","폐업","02","폐업","2019-07-03","","","","033 534 0904","45.75","","강원특별자치도 강릉시 옥계면 현내리 361-1","강원특별자치도 강릉시 옥계면 현내시장길 71","25634","이주하베이커리","2019-07-03 16:38:59","I","2023-06-13 00:00:00","제과점영업","379686.139785905","458272.048525254","제과점영업","1","1","기타","기타","상수도전용","0","0","0","0","0","","0","0","N","45.75","","","",
"1281","제과점영업","07_22_18_P","4201000","4201000-121-2008-00004","2008-09-17","","03","폐업","02","폐업","2010-01-07","","","","033 642 5135","35.00","","강원특별자치도 강릉시 성남동 60-10","","","크라운베이커리중앙점","2008-09-17 09:35:02","I","2023-06-13 00:00:00","제과점영업","367168.196461387","474035.509635484","제과점영업","1","1","유흥업소밀집지역","자율","상수도전용","0","0","0","0","0","","0","0","N","35","","","",
"1282","제과점영업","07_22_18_P","4201000","4201000-121-2009-00001","2009-01-14","","03","폐업","02","폐업","2018-10-16","","","","033 644 3403","37.80","","강원특별자치도 강릉시 포남동 1071-9","강원특별자치도 강릉시 강릉대로443번길 12, 1층 2호 (포남동)","25485","리또","2018-10-16 16:57:00","I","2023-06-13 00:00:00","제과점영업","368330.458206282","476306.83867645","제과점영업","2","0","유흥업소밀집지역","자율","상수도전용","0","0","0","0","0","","0","0","N","37.8","","","",
"1283","제과점영업","07_22_18_P","4201000","4201000-121-2009-00002","2009-02-23","","03","폐업","02","폐업","2021-12-20","","","","033 6516663","36.30","","강원특별자치도 강릉시 입암동 183-2","강원특별자치도 강릉시 성덕로 277 (입암동)","25617","미라클","2021-12-20 16:04:59","I","2023-06-13 00:00:00","제과점영업","369540.076122659","474473.630253528","제과점영업","0","1","기타","기타","상수도전용","0","0","0","0","0","","0","0","N","36.3","","","",
"1284","제과점영업","07_22_18_P","4201000","4201000-121-2011-00005","2011-08-09","","03","폐업","02","폐업","2020-02-03","","","","033 653 8913","21.28","","강원특별자치도 강릉시 포남동 1208","강원특별자치도 강릉시 산양큰길 29 (포남동)","25481","우리동네베이커리","2020-02-03 16:07:39","I","2023-06-13 00:00:00","제과점영업","368735.768381611","476981.210756124","제과점영업","0","0","기타","","상수도전용","0","0","0","0","0","","0","0","N","21.28","","","",
"1285","제과점영업","07_22_18_P","4201000","4201000-121-2011-00006","2011-12-12","","03","폐업","02","폐업","2022-12-30","","","","070 40784930","48.00","","","강원특별자치도 강릉시 경포로463번안길 15, 103호 (저동, 현대아파트)","25461","제빵소463","2022-12-30 11:34:08","I","2023-06-13 00:00:00","제과점영업","367369.187372033","479399.387577234","제과점영업","0","0","아파트지역","기타","상수도전용","0","0","0","0","0","","0","0","N","48","","","",
"1286","제과점영업","07_22_18_P","4201000","4201000-121-2012-00001","2012-01-12","","03","폐업","02","폐업","2015-02-27","","","","033 642 1070","96.89","","강원특별자치도 강릉시 성내동 26","강원특별자치도 강릉시 경강로 2052, 2층 (성내동)","25538","듀팡알로","2012-01-12 17:15:47","I","2023-06-13 00:00:00","제과점영업","366735.118379163","473849.944381611","제과점영업","0","0","기타","기타","상수도전용","0","0","0","0","0","","0","0","N","96.89","","","",
"1287","제과점영업","07_22_18_P","4201000","4201000-121-2012-00002","2012-02-06","","03","폐업","02","폐업","2012-11-21","","","","","59.16","","강원특별자치도 강릉시 내곡동 464-8 103호","강원특별자치도 강릉시 범일로 637, 103호 (내곡동)","25603","베이커리빵마을","2012-02-06 15:01:39","I","2023-06-13 00:00:00","제과점영업","365851.390017499","472950.352769167","제과점영업","0","0","주택가주변","기타","","0","0","0","0","0","","0","0","N","59.16","","","",
"1288","제과점영업","07_22_18_P","4201000","4201000-121-2012-00005","2012-04-09","","03","폐업","02","폐업","2018-07-25","","","","","76.94","","강원특별자치도 강릉시 성남동 45-7","강원특별자치도 강릉시 율곡로 2789-1 (성남동)","25542","브래드폴","2018-07-25 11:21:37","I","2023-06-13 00:00:00","제과점영업","367468.741907282","474091.286422038","제과점영업","0","0","기타","","상수도전용","0","0","0","0","0","","0","0","N","76.94","","","",
"1289","제과점영업","07_22_18_P","4201000","4201000-121-2012-00006","2012-05-01","","03","폐업","02","폐업","2013-07-02","","","","033 641 8992","24.78","","강원특별자치도 강릉시 노암동 703-132","강원특별자치도 강릉시 임영로 57 (노암동)","25586","로사빵굽터","2012-05-01 11:30:07","I","2023-06-13 00:00:00","제과점영업","367102.477823259","473361.720203182","제과점영업","0","0","주택가주변","","상수도전용","0","0","0","0","0","","0","0","N","24.78","","","",
"1290","제과점영업","07_22_18_P","4201000","4201000-121-2012-00009","2012-08-14","","03","폐업","02","폐업","2022-11-09","","","","","67.49","","강원특별자치도 강릉시 사천면 방동리 415-11","강원특별자치도 강릉시 사천면 방동길 47","25440","팡파미유","2022-11-09 17:04:21","I","2023-06-13 00:00:00","제과점영업","363356.01721879","481098.581190087","제과점영업","0","0","기타","","상수도전용","0","0","0","0","0","","0","0","N","67.49","","","",
"1291","제과점영업","07_22_18_P","4201000","4201000-121-2012-00010","2012-12-17","","03","폐업","02","폐업","2015-02-02","","","","","43.62","","강원특별자치도 강릉시 입암동 708-3","강원특별자치도 강릉시 성덕포남로 45-8 (입암동)","25615","팡파미유","2014-07-04 14:40:59","I","2023-06-13 00:00:00","제과점영업","369074.501282615","474703.211255818","제과점영업","0","0","아파트지역","","상수도전용","0","0","0","0","0","","0","0","N","43.62","","","",
"1292","제과점영업","07_22_18_P","4201000","4201000-121-2013-00001","2013-01-09","","03","폐업","02","폐업","2020-07-14","","","","033 653 8422","23.45","","강원특별자치도 강릉시 견소동 268-48","강원특별자치도 강릉시 창해로 13 (견소동)","25556","비치팜제과","2020-07-14 14:13:52","I","2023-06-13 00:00:00","제과점영업","371317.128318728","476323.593584216","제과점영업","0","0","기타","","상수도전용","0","0","0","0","0","","0","0","N","23.45","","","",
"1293","제과점영업","07_22_18_P","4201000","4201000-121-2013-00002","2013-03-28","","03","폐업","02","폐업","2015-04-28","","","","","60.79","","강원특별자치도 강릉시 홍제동 164-19","강원특별자치도 강릉시 홍제로71번길 2 (홍제동)","25526","마놉","2013-03-28 15:37:08","I","2023-06-13 00:00:00","제과점영업","365957.637211842","474061.072521348","제과점영업","0","1","아파트지역","","상수도전용","0","0","0","0","0","","0","0","N","60.79","","","",
"1294","제과점영업","07_22_18_P","4201000","4201000-121-2013-00003","2013-04-25","","03","폐업","02","폐업","2018-11-05","","","","","17.30","","","강원특별자치도 강릉시 용지로 19, 상가동 1층 108호 (입암동)","25583","유기농행복한빵","2018-11-05 16:59:35","I","2023-06-13 00:00:00","제과점영업","368414.739042021","473988.120012389","제과점영업","0","0","아파트지역","","","0","0","0","0","0","","0","0","N","17.3","","","",
"1295","제과점영업","07_22_18_P","4201000","4201000-121-2013-00004","2013-05-16","","03","폐업","02","폐업","2020-12-04","","","","033 641 5893","78.91","","강원특별자치도 강릉시 노암동 706-15","강원특별자치도 강릉시 임영로 64, 1층 (노암동)","25587","뜨레주르 강릉 강남점","2020-12-04 16:09:13","I","2023-06-13 00:00:00","제과점영업","367132.623787118","473444.127973769","제과점영업","0","0","기타","","상수도전용","0","0","0","0","0","","0","0","N","78.91","","","",
"1296","제과점영업","07_22_18_P","4201000","4201000-121-2013-00005","2013-10-24","","03","폐업","02","폐업","2018-10-10","","","","033 655 2200","24.84","","강원특별자치도 강릉시 견소동 287-78","강원특별자치도 강릉시 창해로14번길 24 (견소동)","25556","에이엠브레드","2018-10-10 17:08:36","I","2023-06-13 00:00:00","제과점영업","371524.710765554","476214.176176327","제과점영업","0","0","기타","","상수도전용","0","0","0","0","0","","0","0","N","24.84","","","",
"1297","제과점영업","07_22_18_P","4201000","4201000-121-2013-00006","2013-11-20","","03","폐업","02","폐업","2014-04-24","","","","033 645 4540","2.52","","강원특별자치도 강릉시 강동면 정동진리 569-1","강원특별자치도 강릉시 강동면 헌화로 990-1","25631","(주)타임트레인제과","2013-11-20 19:02:49","I","2023-06-13 00:00:00","제과점영업","379656.470813302","466979.457377581","제과점영업","0","0","기타","","상수도전용","0","0","0","0","0","","0","0","N","2.52","","","",
"1298","제과점영업","07_22_18_P","4201000","4201000-121-1996-00010","1996-03-25","","03","폐업","02","폐업","2004-07-02","","","","033 6450344","32.20","","강원특별자치도 강릉시 노암동 311-2","","","고려당노암점","2002-05-24 00:00:00","I","2023-06-13 00:00:00","제과점영업","367407.865335716","473526.484897037","제과점영업","1","1","주택가주변","","상수도전용","0","0","0","0","0","","0","0","N","32.2","","","",
"1299","제과점영업","07_22_18_P","4201000","4201000-121-1996-00012","1996-04-12","","03","폐업","02","폐업","2004-04-13","","","","033 6517362","27.96","","강원특별자치도 강릉시 포남동 1060-7","","","원베이커리","2002-05-24 00:00:00","I","2023-06-13 00:00:00","제과점영업","368367.240510938","476442.661924844","제과점영업","0","0","기타","","상수도전용","0","0","0","0","0","","0","0","N","27.96","","","",
"1300","제과점영업","07_22_18_P","4201000","4201000-121-1996-00016","1996-05-11","","03","폐업","02","폐업","2019-04-01","","","","033 6620435","37.00","","강원특별자치도 강릉시 주문진읍 교항리 176","강원특별자치도 강릉시 주문진읍 장성로 51","25418","브레드원베이커리","2019-04-01 16:38:39","I","2023-06-13 00:00:00","제과점영업","360585.329048494","488873.227477369","제과점영업","0","0","기타","","상수도전용","0","0","0","0","0","","0","0","N","37","","","",
"1301","제과점영업","07_22_18_P","4201000","4201000-121-1996-00027","1996-07-26","","03","폐업","02","폐업","1998-03-09","","","","","","","강원특별자치도 강릉시 교동 825-19","","","빵장수야곱강일점","2002-06-25 00:00:00","I","2023-06-13 00:00:00","제과점영업","366588.842601175","475278.435732236","제과점영업","0","0","","","","0","0","0","0","0","","0","0","N","0","","","",
"1302","제과점영업","07_22_18_P","4201000","4201000-121-1997-00007","1997-03-26","","03","폐업","02","폐업","2004-04-19","","","","033 6478451","32.68","","강원특별자치도 강릉시 내곡동 621","","","마땡드블랑제관동대점","2002-05-24 00:00:00","I","2023-06-13 00:00:00","제과점영업","365494.43558727","472572.446398209","제과점영업","0","1","기타","","상수도전용","0","0","0","0","0","","0","0","N","32.68","","","",
"1303","제과점영업","07_22_18_P","4201000","4201000-121-1997-00009","1997-04-02","","03","폐업","02","폐업","2011-12-20","","","","033 6451716","29.23","","강원특별자치도 강릉시 노암동 703-132","","","제일베이커리","2002-10-12 00:00:00","I","2023-06-13 00:00:00","제과점영업","367102.477823259","473361.720203182","제과점영업","1","1","기타","","상수도전용","0","0","0","0","0","","0","0","N","29.23","","","",
"1304","제과점영업","07_22_18_P","4201000","4201000-121-1997-00013","1997-10-27","","03","폐업","02","폐업","2006-04-20","","","","033 6612288","47.70","","강원특별자치도 강릉시 주문진읍 주문리 363-5","","","신라명과주문진점","2002-05-27 00:00:00","I","2023-06-13 00:00:00","제과점영업","360790.619480018","489582.833031598","제과점영업","0","0","기타","","상수도전용","0","0","0","0","0","","0","0","N","47.7","","","",
"1305","제과점영업","07_22_18_P","4201000","4201000-121-1997-00017","1997-06-24","","03","폐업","02","폐업","2003-06-02","","","","033 6611686","52.53","","강원특별자치도 강릉시 주문진읍 주문리 323-6","","","크라운베이커리주문진점","2002-05-27 00:00:00","I","2023-06-13 00:00:00","제과점영업","360577.836130966","489146.308864058","제과점영업","0","0","기타","","상수도전용","0","0","0","0","0","","0","0","N","52.53","","","",
"1306","제과점영업","07_22_18_P","4201000","4201000-121-1997-00020","1997-07-14","","03","폐업","02","폐업","1999-06-30","","","","","","","강원특별자치도 강릉시 주문진읍 교항리 177-2","","","바네바베이커리","2002-06-14 00:00:00","I","2023-06-13 00:00:00","제과점영업","360537.148453813","488793.137213904","제과점영업","0","0","","","","0","0","0","0","0","","0","0","N","0","","","",
"1307","제과점영업","07_22_18_P","4201000","4201000-121-1997-00022","1997-03-25","","03","폐업","02","폐업","1999-08-26","","","","","","","강원특별자치도 강릉시 포남동 1115-12","","","최승화베이커리","2002-06-17 00:00:00","I","2023-06-13 00:00:00","제과점영업","367850.842766758","475579.670871783","제과점영업","0","0","","","","0","0","0","0","0","","0","0","N","0","","","",
"1308","제과점영업","07_22_18_P","4201000","4201000-121-1998-00013","1998-03-21","","03","폐업","02","폐업","2003-07-22","","","","033 6481966","68.53","","강원특별자치도 강릉시 옥천동 219-11","","","우리밀베이커리","2002-01-28 00:00:00","I","2023-06-13 00:00:00","제과점영업","367380.886345655","474827.56460459","제과점영업","1","1","기타","","상수도전용","0","0","0","0","0","","0","0","N","68.53","","","",
"1309","제과점영업","07_22_18_P","4201000","4201000-121-1998-00015","1998-04-30","","03","폐업","02","폐업","2013-04-08","","","","033 6478277","23.30","","강원특별자치도 강릉시 성남동 99-9","강원특별자치도 강릉시 중앙시장2길 19 (성남동)","25543","파리바게트강릉성남점","2002-05-24 00:00:00","I","2023-06-13 00:00:00","제과점영업","367126.520876725","473924.073034321","제과점영업","1","1","기타","","상수도전용","0","0","0","0","0","","0","0","N","23.3","","","",
"1310","제과점영업","07_22_18_P","4201000","4201000-121-1998-00017","1998-04-02","","03","폐업","02","폐업","2004-04-13","","","","033 6520089","18.32","","강원특별자치도 강릉시 초당동 98","","","고려당초당점","2002-03-04 00:00:00","I","2023-06-13 00:00:00","제과점영업","368739.94834245","477620.786524575","제과점영업","0","1","주택가주변","","상수도전용","0","0","0","0","0","","0","0","N","18.32","","","",
"1311","제과점영업","07_22_18_P","4201000","4201000-121-2001-00010","2001-11-23","","03","폐업","02","폐업","2004-04-13","","","","033 6532629","50.88","","강원특별자치도 강릉시 포남동 1169-5","","","아름다운베이커리","2002-01-07 00:00:00","I","2023-06-13 00:00:00","제과점영업","368229.127566158","475586.430512575","제과점영업","1","1","아파트지역","","상수도전용","0","0","0","0","0","","0","0","N","50.88","","","",
"1312","제과점영업","07_22_18_P","4201000","4201000-121-2001-00031","2001-07-13","","03","폐업","02","폐업","2004-01-12","","","","033 6437979","28.86","","강원특별자치도 강릉시 안현동 867-2 4통6반","","","호수의빵굼터","2002-11-18 00:00:00","I","2023-06-13 00:00:00","제과점영업","367618.856212266","479497.947177925","제과점영업","1","1","기타","","상수도전용","0","0","0","0","0","","0","0","N","28.86","","","",
"1313","제과점영업","07_22_18_P","4201000","4201000-121-2001-00032","2001-06-18","","03","폐업","02","폐업","2002-12-05","","","","033 6430904","53.10","","강원특별자치도 강릉시 사천면 방동리 415-12","","","르네상스베이커리","2002-01-28 00:00:00","I","2023-06-13 00:00:00","제과점영업","363348.334108558","481080.477308562","제과점영업","1","1","기타","","지하수전용","0","0","0","0","0","","0","0","N","53.1","","","",
"1314","제과점영업","07_22_18_P","4201000","4201000-121-2001-00033","2001-03-20","","03","폐업","02","폐업","2002-06-21","","","","033 6519858","36.87","","강원특별자치도 강릉시 포남동 1077-6","","","빵굽는집","2002-06-22 00:00:00","I","2023-06-13 00:00:00","제과점영업","368129.235273554","476168.268877442","제과점영업","1","1","주택가주변","","상수도전용","0","0","0","0","0","","0","0","N","36.87","","","",
"1315","제과점영업","07_22_18_P","4201000","4201000-121-2001-00034","2001-03-19","","03","폐업","02","폐업","2014-02-20","","","","033 6462668","29.18","","강원특별자치도 강릉시 금학동 51-1","강원특별자치도 강릉시 신대학길 26 (금학동)","25539","빵짓는농부","2013-07-09 10:22:00","I","2023-06-13 00:00:00","제과점영업","367015.839232391","474013.140653098","제과점영업","0","2","기타","","상수도전용","0","0","0","0","0","","0","0","N","29.18","","","",
"1316","제과점영업","07_22_18_P","4201000","4201000-121-2001-00039","2001-06-11","","03","폐업","02","폐업","2004-04-13","","","","033 6420004","31.39","","강원특별자치도 강릉시 포남동 1208","","","짱아베이커리","2002-08-14 00:00:00","I","2023-06-13 00:00:00","제과점영업","368735.768381611","476981.210756124","제과점영업","1","1","주택가주변","","상수도전용","0","0","0","0","0","","0","0","N","31.39","","","",
"1317","제과점영업","07_22_18_P","4201000","4201000-121-2001-00048","2001-05-30","","03","폐업","02","폐업","2004-02-26","","","","033 6463969","8.40","","강원특별자치도 강릉시 입암동 106","","","원마트분식","2002-05-24 00:00:00","I","2023-06-13 00:00:00","제과점영업","368922.668215888","474826.620995997","제과점영업","0","1","아파트지역","","상수도전용","0","0","0","0","0","","0","0","N","8.4","","","",
"1318","제과점영업","07_22_18_P","4201000","4201000-121-2001-00049","2001-05-08","","03","폐업","02","폐업","2006-03-13","","","","033 6465767","54.40","","강원특별자치도 강릉시 포남동 1005-245","","","좋은친구제과점","2005-05-16 00:00:00","I","2023-06-13 00:00:00","제과점영업","368162.787739112","475323.15058958","제과점영업","0","0","기타","","상수도전용","0","0","0","0","0","","0","0","N","54.4","","","",
"1319","제과점영업","07_22_18_P","4201000","4201000-121-2001-00055","2001-03-05","","03","폐업","02","폐업","2007-12-17","","","","033 6610654","29.43","","강원특별자치도 강릉시 주문진읍 교항리 72-16","","","하이몬드과자점","2005-02-24 00:00:00","I","2023-06-13 00:00:00","제과점영업","360594.182979235","488091.264677854","제과점영업","0","0","기타","","상수도전용","0","0","0","0","0","","0","0","N","29.43","","","",
"1320","제과점영업","07_22_18_P","4201000","4201000-121-2001-00056","2001-07-20","","03","폐업","02","폐업","2002-04-10","","","","033 6622281","39.60","","강원특별자치도 강릉시 주문진읍 교항리 184-31","","","파란풍차베이커리","2002-04-18 00:00:00","I","2023-06-13 00:00:00","제과점영업","360687.939778817","489082.284490928","제과점영업","0","0","기타","","상수도전용","0","0","0","0","0","","0","0","N","39.6","","","",
"1321","제과점영업","07_22_18_P","4201000","4201000-121-2002-00026","2002-05-28","","03","폐업","02","폐업","2009-02-11","","","","033 6621326","63.00","","강원특별자치도 강릉시 주문진읍 교항리 60-1","","","굿모닝베이커리","2002-06-11 00:00:00","I","2023-06-13 00:00:00","제과점영업","360585.382969294","487977.57416607","제과점영업","1","1","아파트지역","","상수도전용","0","0","0","0","0","","0","0","N","63","","","",
"1322","제과점영업","07_22_18_P","4201000","4201000-121-2002-00028","2002-06-17","","03","폐업","02","폐업","2010-03-10","","","","033 6455235","45.47","","강원특별자치도 강릉시 교동 1751-1 단지내 상가","","","리즈베이커리","2009-07-07 13:41:23","I","2023-06-13 00:00:00","제과점영업","365977.902234013","475563.289193877","제과점영업","1","1","아파트지역","","상수도전용","0","0","0","0","0","","0","0","N","45.47","","","",
"1323","제과점영업","07_22_18_P","4201000","4201000-121-2002-00030","2002-06-27","","03","폐업","02","폐업","2003-06-20","","","","033 6415246","54.57","","강원특별자치도 강릉시 강동면 정동진리 294-8","","","가나안제과정동점","2003-02-12 00:00:00","I","2023-06-13 00:00:00","제과점영업","379174.24308247","467235.513495212","제과점영업","1","1","주택가주변","","상수도전용","0","0","0","0","0","","0","0","N","54.57","","","",
"1324","제과점영업","07_22_18_P","4201000","4201000-121-2002-00034","2002-07-24","","03","폐업","02","폐업","2010-05-31","","","","033 6440989","75.37","","강원특별자치도 강릉시 강문동 302-1","","","고려당경포대분점","2002-07-24 00:00:00","I","2023-06-13 00:00:00","제과점영업","368369.746552623","479259.119478032","제과점영업","1","1","기타","","상수도전용","0","0","0","0","0","","0","0","N","75.37","","","",
"1325","제과점영업","07_22_18_P","4201000","4201000-121-2002-00036","2002-08-16","","03","폐업","02","폐업","2002-11-01","","","","033 6622835","31.44","","강원특별자치도 강릉시 주문진읍 교항리 72-16","","","맘모스베이커리","2002-10-17 00:00:00","I","2023-06-13 00:00:00","제과점영업","360594.182979235","488091.264677854","제과점영업","1","1","주택가주변","","상수도전용","0","0","0","0","0","","0","0","N","31.44","","","",
"1326","제과점영업","07_22_18_P","4201000","4201000-121-2002-00040","2002-09-19","","03","폐업","02","폐업","2018-06-26","","","","033 6418687","60.53","","강원특별자치도 강릉시 내곡동 522 외36필지","강원특별자치도 강릉시 범일로579번길 24 (내곡동,외36필지)","25601","뚜레쥬르(관동대점)","2018-06-26 16:02:02","I","2023-06-13 00:00:00","제과점영업","365136.451379883","472058.531076918","제과점영업","1","1","기타","","상수도전용","0","0","0","0","0","","0","0","N","60.53","","","",
"1327","제과점영업","07_22_18_P","4201000","4201000-121-2002-00043","2002-10-29","","03","폐업","02","폐업","2014-10-31","","","","033 6417195","15.40","","강원특별자치도 강릉시 노암동 399","강원특별자치도 강릉시 노암길42번길 17 (노암동)","25591","디시(D/C)마트제과","2013-12-18 14:43:41","I","2023-06-13 00:00:00","제과점영업","367598.883105931","473218.488966346","제과점영업","2","1","아파트지역","","상수도전용","0","0","0","0","0","","0","0","N","15.4","","","",
"1328","제과점영업","07_22_18_P","4201000","4201000-121-2002-00044","2002-11-07","","03","폐업","02","폐업","2005-01-07","","","","033 6444350","31.60","","강원특별자치도 강릉시 교동 1780 부영3차APT 상가내 103호","","","예인베이커리","2002-11-07 00:00:00","I","2023-06-13 00:00:00","제과점영업","365134.810899321","474750.675201422","제과점영업","1","1","아파트지역","","상수도전용","0","0","0","0","0","","0","0","N","31.6","","","",
"1329","제과점영업","07_22_18_P","4201000","4201000-121-2002-00046","2002-11-13","","03","폐업","02","폐업","2009-11-30","","","","","48.40","","강원특별자치도 강릉시 입암동 499-2","","","파란풍차베이커리","2002-11-13 00:00:00","I","2023-06-13 00:00:00","제과점영업","368207.066833942","474326.033974748","제과점영업","2","1","주택가주변","","상수도전용","0","0","0","0","0","","0","0","N","48.4","","","",
"1330","제과점영업","07_22_18_P","4201000","4201000-121-2009-00003","2009-03-06","","03","폐업","02","폐업","2016-03-02","","","","033 647 3942","49.00","","강원특별자치도 강릉시 노암동 324-31","강원특별자치도 강릉시 노가니길 9-1 (노암동)","25588","빵뜨레","2009-03-06 16:12:51","I","2023-06-13 00:00:00","제과점영업","367403.39764393","473558.844305282","제과점영업","1","1","주택가주변","자율","상수도전용","0","0","0","0","0","","0","0","N","49","","","",
"1331","제과점영업","07_22_18_P","4201000","4201000-121-2009-00005","2009-05-22","","03","폐업","02","폐업","2012-01-12","","","","033 642 5353","71.00","","강원특별자치도 강릉시 내곡동 53-13","","","손병욱베이커리내곡점","2009-05-22 09:38:29","I","2023-06-13 00:00:00","제과점영업","366287.868544554","473231.91861671","제과점영업","0","0","기타","","상수도전용","0","0","0","0","0","","0","0","N","71","","","",
"1332","제과점영업","07_22_18_P","4201000","4201000-121-2009-00006","2009-07-17","","03","폐업","02","폐업","2010-04-05","","","","033 641 4957","30.00","","강원특별자치도 강릉시 포남동 1215-6","","","강릉솔잎고구마빵","2009-07-17 09:23:22","I","2023-06-13 00:00:00","제과점영업","368793.458253583","476992.935341778","제과점영업","1","1","주택가주변","자율","상수도전용","0","0","0","0","0","","0","0","N","30","","","",
"1333","제과점영업","07_22_18_P","4201000","4201000-121-2009-00008","2009-09-07","","03","폐업","02","폐업","2011-09-23","","","","033 644 5623","79.31","","강원특별자치도 강릉시 노암동 618-6","","","함영우베이커리","2009-09-07 17:28:54","I","2023-06-13 00:00:00","제과점영업","366801.659365391","472945.33505741","제과점영업","1","1","주택가주변","","상수도전용","0","0","0","0","0","","0","0","N","79.31","","","",
"1334","제과점영업","07_22_18_P","4201000","4201000-121-2009-00009","2009-09-09","","03","폐업","02","폐업","2011-04-29","","","","033 642 4090","48.96","","강원특별자치도 강릉시 옥천동 189 (617호)","","","데어베이커리","2009-09-09 15:37:53","I","2023-06-13 00:00:00","제과점영업","367257.089561415","474274.357968797","제과점영업","1","1","유흥업소밀집지역","자율","상수도전용","0","0","0","0","0","","0","0","N","48.96","","","",
"1335","제과점영업","07_22_18_P","4201000","4201000-121-2013-00007","2013-11-20","","03","폐업","02","폐업","2021-12-07","","","","033 650 6390","16.21","","강원특별자치도 강릉시 포남동 1065-2","강원특별자치도 강릉시 강릉대로419번길 42 (포남동)","25478","그라찌에파티쉐","2021-12-07 11:48:42","I","2023-06-13 00:00:00","제과점영업","367961.096222131","476356.517469862","제과점영업","0","0","기타","","상수도전용","0","0","0","0","0","","0","0","N","16.21","","","",
"1336","제과점영업","07_22_18_P","4201000","4201000-121-2014-00001","2014-02-26","","03","폐업","02","폐업","2019-04-09","","","","033 646 2668","85.00","","강원특별자치도 강릉시 내곡동 470-15","강원특별자치도 강릉시 강변로 116 (내곡동)","25603","빵짓는농부","2019-04-09 17:33:59","I","2023-06-13 00:00:00","제과점영업","365782.689005459","473056.999874351","제과점영업","0","0","아파트지역","","상수도전용","0","0","0","0","0","","0","0","N","85","","","",
"1337","제과점영업","07_22_18_P","4201000","4201000-121-2014-00002","2014-03-03","","03","폐업","02","폐업","2015-02-02","","","","","3.61","","강원특별자치도 강릉시 입암동 238","강원특별자치도 강릉시 성덕로 316-17 (입암동)","25616","팡파미유GS마트점","2014-03-04 10:26:19","I","2023-06-13 00:00:00","제과점영업","369154.043307199","474270.517579524","제과점영업","0","0","아파트지역","","상수도전용","0","0","0","0","0","","0","0","N","3.61","","","",
"1338","제과점영업","07_22_18_P","4201000","4201000-121-1998-00019","1998-06-10","","03","폐업","02","폐업","2006-08-21","","","","033 6461858","40.21","","강원특별자치도 강릉시 내곡동 322-30","","","뉴동큐제과내곡점","2002-08-19 00:00:00","I","2023-06-13 00:00:00","제과점영업","365572.706013698","472452.186660178","제과점영업","1","1","주택가주변","","상수도전용","0","0","0","0","0","","0","0","N","40.21","","","",
"1339","제과점영업","07_22_18_P","4201000","4201000-121-1998-00040","1998-09-04","","03","폐업","02","폐업","1999-08-31","","","","","","","강원특별자치도 강릉시 주문진읍 교항리 72-16","","","맘모스제과","2002-06-18 00:00:00","I","2023-06-13 00:00:00","제과점영업","360594.182979235","488091.264677854","제과점영업","0","0","","","","0","0","0","0","0","","0","0","N","0","","","",
"1340","제과점영업","07_22_18_P","4201000","4201000-121-1998-00042","1998-07-25","","03","폐업","02","폐업","1998-11-02","","","","","","","강원특별자치도 강릉시 포남동 1208","","","월드컵제과","2002-06-20 00:00:00","I","2023-06-13 00:00:00","제과점영업","368735.768381611","476981.210756124","제과점영업","0","0","","","","0","0","0","0","0","","0","0","N","0","","","",
"1341","제과점영업","07_22_18_P","4201000","4201000-121-1999-00013","1999-04-24","","03","폐업","02","폐업","2003-02-25","","","","033 6450903","74.80","","강원특별자치도 강릉시 홍제동 992-2","","","빵굼터","2002-01-28 00:00:00","I","2023-06-13 00:00:00","제과점영업","365628.57567861","474112.762535793","제과점영업","1","1","기타","","상수도전용","0","0","0","0","0","","0","0","N","74.8","","","",
"1342","제과점영업","07_22_18_P","4201000","4201000-121-1999-00014","1999-11-19","","03","폐업","02","폐업","2002-10-09","","","","033 6463799","36.20","","강원특별자치도 강릉시 입암동 438-2","","","빵나라베이커리","2002-08-19 00:00:00","I","2023-06-13 00:00:00","제과점영업","368383.254147164","473910.51491313","제과점영업","1","1","주택가주변","","상수도전용","0","0","0","0","0","","0","0","N","36.2","","","",
"1343","제과점영업","07_22_18_P","4201000","4201000-121-1999-00016","1999-08-11","","03","폐업","02","폐업","2011-09-23","","","","033 6436663","61.18","","강원특별자치도 강릉시 포남동 1149-8","","","더델리","2007-09-21 10:35:40","I","2023-06-13 00:00:00","제과점영업","368218.133467002","475446.166795483","제과점영업","0","1","아파트지역","","상수도전용","0","0","0","0","0","","0","0","N","61.18","","","",
"1344","제과점영업","07_22_18_P","4201000","4201000-121-1999-00018","1999-02-25","","03","폐업","02","폐업","2019-06-14","","","","033 6468484","73.00","","강원특별자치도 강릉시 임당동 41-5","강원특별자치도 강릉시 토성로 157 (임당동)","25529","손병욱베이커리","2019-06-14 17:14:56","I","2023-06-13 00:00:00","제과점영업","366807.211482405","474257.510452652","제과점영업","2","1","기타","","상수도전용","0","0","0","0","0","","0","0","N","73","","","",
"1345","제과점영업","07_22_18_P","4201000","4201000-121-1999-00020","1999-01-18","","03","폐업","02","폐업","2004-03-02","","","","033 6432462","28.70","","강원특별자치도 강릉시 금학동 100-2","","","크라운베이커리중앙점","2003-06-24 00:00:00","I","2023-06-13 00:00:00","제과점영업","367045.158563565","474070.675254832","제과점영업","2","3","기타","","상수도전용","0","0","0","0","0","","0","0","N","28.7","","","",
"1346","제과점영업","07_22_18_P","4201000","4201000-121-2023-00010","2023-05-10","","03","폐업","02","폐업","2023-05-13","","","","","","","강원특별자치도 강릉시 초당동 57-17","강원특별자치도 강릉시 초당순두부길 86 (초당동)","25468","앤즈케이크","2023-05-14 04:15:08","I","2023-06-13 00:00:00","제과점영업","368683.902237262","478213.114755919","제과점영업","0","0","","","","0","0","0","0","0","","0","0","N","0","","","",
"1347","제과점영업","07_22_18_P","4201000","4201000-121-2003-00001","2003-01-03","","03","폐업","02","폐업","2006-05-30","","","","033 6410893","29.78","","강원특별자치도 강릉시 교동 1888-1 104","","","크라운베이커리교동점","2010-12-22 11:09:01","I","2023-06-13 00:00:00","제과점영업","365347.847291175","475109.939951098","제과점영업","1","2","아파트지역","","상수도전용","0","0","0","0","0","","0","0","N","29.78","","","",
"1348","제과점영업","07_22_18_P","4201000","4201000-121-2016-00006","2016-04-14","","03","폐업","02","폐업","2022-06-30","","","","","14.56","","강원특별자치도 강릉시 임당동 40-1","강원특별자치도 강릉시 문화의길 14-1, 1층 (임당동)","25532","테레사's파이","2022-06-30 15:47:14","I","2023-06-13 00:00:00","제과점영업","366881.909888836","474221.383621681","제과점영업","0","1","기타","","상수도전용","0","0","0","0","0","","0","0","N","14.56","","","",
"1349","제과점영업","07_22_18_P","4201000","4201000-121-2016-00007","2016-04-14","","03","폐업","02","폐업","2019-11-28","","","","033 652 3315","28.40","","강원특별자치도 강릉시 포남동 1164-11","강원특별자치도 강릉시 경강로2267번길 29 (포남동)","25545","(주)쿡앤베이커","2019-11-28 16:42:45","I","2023-06-13 00:00:00","제과점영업","367980.580738674","475609.057640121","제과점영업","1","0","주택가주변","","상수도전용","0","0","0","0","0","","0","0","N","28.4","","","",
"1350","제과점영업","07_22_18_P","4201000","4201000-121-2016-00008","2016-04-22","","03","폐업","02","폐업","2018-03-12","","","","","2.40","","강원특별자치도 강릉시 성남동 97-12","강원특별자치도 강릉시 곶감전길 1 (성남동)","25543","마카롱제과","2018-03-12 10:17:38","I","2023-06-13 00:00:00","제과점영업","367086.34668658","473959.886368128","제과점영업","0","0","기타","","상수도전용","0","0","0","0","0","","0","0","N","2.4","","","",
"1351","제과점영업","07_22_18_P","4201000","4201000-121-2016-00009","2016-04-22","","03","폐업","02","폐업","2024-07-01","","","","","7.00","","강원특별자치도 강릉시 교동 1802-9","강원특별자치도 강릉시 하슬라로232번길 3-2 (교동)","25508","맘스카롱","2024-07-01 14:13:45","U","2024-07-03 02:40:00","제과점영업","365263.597141707","475888.581098315","제과점영업","0","0","주택가주변","","상수도전용","0","0","0","0","0","","0","0","N","7","","","",
"1352","제과점영업","07_22_18_P","4201000","4201000-121-2016-00011","2016-05-24","","03","폐업","02","폐업","2021-10-21","","","","","67.30","","강원특별자치도 강릉시 홍제동 125-5","강원특별자치도 강릉시 토성로 61 (홍제동)","25536","에퓨베이커리","2021-10-21 16:10:41","I","2023-06-13 00:00:00","제과점영업","366025.568447897","473731.964794432","제과점영업","0","0","기타","기타","상수도전용","0","0","0","0","0","","0","0","N","67.3","","","",
"1353","제과점영업","07_22_18_P","4201000","4201000-121-2016-00015","2016-07-04","","03","폐업","02","폐업","2017-06-14","","","","","11.00","","강원특별자치도 강릉시 임당동 154-3","강원특별자치도 강릉시 임영로 144 (임당동)","25533","앤","2017-06-14 16:19:29","I","2023-06-13 00:00:00","제과점영업","366689.502411135","474089.84143134","제과점영업","1","1","기타","","상수도전용","0","0","0","0","0","","0","0","N","11","","","",
"1354","제과점영업","07_22_18_P","4201000","4201000-121-2016-00020","2016-08-24","","03","폐업","02","폐업","2020-01-23","","","","","15.60","","강원특별자치도 강릉시 구정면 제비리 608-1","강원특별자치도 강릉시 구정면 동해고속도로 346","25621","(주)서원구정(속초방향)휴게소로티번","2020-01-23 11:20:56","I","2023-06-13 00:00:00","제과점영업","363392.689341927","470558.629321542","제과점영업","1","0","기타","","상수도전용","0","0","0","0","0","","0","0","N","15.6","","","",
"1355","제과점영업","07_22_18_P","4201000","4201000-121-2016-00021","2016-09-28","","03","폐업","02","폐업","2019-07-02","","","","","5.00","","강원특별자치도 강릉시 포남동 1238","강원특별자치도 강릉시 성덕포남로200번길 10 (포남동)","25487","골목안풍경","2019-07-02 15:22:15","I","2023-06-13 00:00:00","제과점영업","368059.286325351","475855.481277074","제과점영업","0","1","주택가주변","","상수도전용","0","0","0","0","0","","0","0","N","5","","","",
"1356","제과점영업","07_22_18_P","4201000","4201000-121-2016-00024","2016-11-02","","03","폐업","02","폐업","2020-01-13","","","","","10.90","","강원특별자치도 강릉시 포남동 1148-8","강원특별자치도 강릉시 경강로 2263 (포남동)","25546","강릉빵다방","2020-01-13 15:49:36","I","2023-06-13 00:00:00","제과점영업","368170.083892262","475390.523625333","제과점영업","0","1","기타","","","0","0","0","0","0","","0","0","N","10.9","","","",
"1357","제과점영업","07_22_18_P","4201000","4201000-121-2016-00025","2016-11-04","","03","폐업","02","폐업","2020-09-11","","","","033 653 0079","10.30","","강원특별자치도 강릉시 강문동 154-10","강원특별자치도 강릉시 창해로 349-2 (강문동)","25467","홀리데이","2020-09-11 16:24:59","I","2023-06-13 00:00:00","제과점영업","368912.400468906","478607.863819776","제과점영업","1","1","기타","","상수도전용","0","0","0","0","0","","0","0","N","10.3","","","",
"1358","제과점영업","07_22_18_P","4201000","4201000-121-2018-00019","2018-10-05","","03","폐업","02","폐업","2020-08-19","","","","033 661 8613","32.90","","강원특별자치도 강릉시 주문진읍 교항리 114-3","강원특별자치도 강릉시 주문진읍 주문로 23","25419","주식회사교동빵집주문진점","2020-08-19 17:11:43","I","2023-06-13 00:00:00","제과점영업","360492.0886513","488602.625247689","제과점영업","1","0","기타","기타","상수도전용","0","0","0","0","0","","0","0","N","32.9","","","",
"1359","제과점영업","07_22_18_P","4201000","4201000-121-2018-00020","2018-10-19","","03","폐업","02","폐업","2020-08-04","","","","","113.50","","강원특별자치도 강릉시 홍제동 1024-1","강원특별자치도 강릉시 선수촌로63번길 30-14, 1층 101호 (홍제동)","25522","메타트론","2020-08-04 17:54:04","I","2023-06-13 00:00:00","제과점영업","364477.29807071","474413.776389615","제과점영업","0","0","기타","기타","상수도전용","0","0","0","0","0","","0","0","N","113.5","","","",
"1360","제과점영업","07_22_18_P","4201000","4201000-121-2018-00021","2018-10-26","","03","폐업","02","폐업","2021-06-28","","","","","23.60","","강원특별자치도 강릉시 남문동 135","강원특별자치도 강릉시 남문길 17-1, 1층 (남문동)","25538","카멜브레드","2021-06-28 15:56:52","I","2023-06-13 00:00:00","제과점영업","366740.974848741","473663.761022855","제과점영업","1","0","기타","기타","상수도전용","0","0","0","0","0","","0","0","N","23.6","","","",
"1361","제과점영업","07_22_18_P","4201000","4201000-121-2018-00022","2018-12-19","","03","폐업","02","폐업","2019-03-25","","","","","117.60","","강원특별자치도 강릉시 포남동 1278-23","강원특별자치도 강릉시 남강초교1길 24, 1층 (포남동)","25564","강릉빵다방","2019-03-26 09:38:28","I","2023-06-13 00:00:00","제과점영업","368939.287507952","475788.064985829","제과점영업","0","0","기타","기타","상수도전용","0","0","0","0","0","","0","0","N","117.6","","","",
"1362","제과점영업","07_22_18_P","4201000","4201000-121-2018-00023","2018-12-19","","03","폐업","02","폐업","2019-06-03","","","","033 645 7953","149.74","","강원특별자치도 강릉시 옥천동 145-2","강원특별자치도 강릉시 율곡로 2848, 1층 (옥천동)","25551","베이커리가루(옥천점)","2019-06-03 17:29:35","I","2023-06-13 00:00:00","제과점영업","367120.538085797","474551.609643627","제과점영업","0","0","기타","기타","상수도전용","0","0","0","0","0","","0","0","N","149.74","","","",
"1363","제과점영업","07_22_18_P","4201000","4201000-121-2018-00024","2018-12-21","","03","폐업","02","폐업","2021-10-27","","","","033 644 9200","37.70","","강원특별자치도 강릉시 교동 293-16","강원특별자치도 강릉시 화부산로 139, 1층 (교동)","25490","리블리히","2021-10-27 16:22:42","I","2023-06-13 00:00:00","제과점영업","366732.406822829","475390.902097962","제과점영업","0","1","기타","기타","상수도전용","0","0","0","0","0","","0","0","N","37.7","","","",
"1364","제과점영업","07_22_18_P","4201000","4201000-121-2019-00001","2019-01-29","","03","폐업","02","폐업","2025-09-03","","","","033 641 0819","64.10","","강원특별자치도 강릉시 옥천동 105-1","강원특별자치도 강릉시 옥천로19번길 19, 1층 (옥천동)","25555","베이커리홍시","2025-09-03 15:15:35","U","2025-09-05 02:40:00","제과점영업","367493.099084003","474347.601832032","제과점영업","0","0","기타","","","0","0","0","0","0","","0","0","N","64.1","","","",
"1365","제과점영업","07_22_18_P","4201000","4201000-121-2019-00002","2019-02-13","","03","폐업","02","폐업","2020-05-04","","","","","28.64","","강원특별자치도 강릉시 포남동 1105-2","강원특별자치도 강릉시 가작로 288, 1층 (포남동)","25487","바닐라즈(Vanillas)","2020-05-04 15:20:01","I","2023-06-13 00:00:00","제과점영업","367928.424650886","475910.606380557","제과점영업","0","0","","","","0","0","0","0","0","","0","0","N","28.64","","","",
"1366","제과점영업","07_22_18_P","4201000","4201000-121-2019-00003","2019-03-13","","03","폐업","02","폐업","2021-11-26","","","","","26.90","","강원특별자치도 강릉시 포남동 1105-1","강원특별자치도 강릉시 성덕포남로 216 (포남동)","25487","스트리트 216(street 216)","2021-11-26 15:02:42","I","2023-06-13 00:00:00","제과점영업","367906.911343153","475887.384121966","제과점영업","0","0","","","","0","0","0","0","0","","0","0","N","26.9","","","",
"1367","제과점영업","07_22_18_P","4201000","4201000-121-2019-00004","2019-03-21","","03","폐업","02","폐업","2020-05-28","","","","","80.30","","강원특별자치도 강릉시 교동 1817-3","강원특별자치도 강릉시 가작로 8-1, 1층 (교동)","25511","카페밀브레드","2020-05-28 09:21:23","I","2023-06-13 00:00:00","제과점영업","365282.811614341","475729.160882182","제과점영업","0","0","","","","0","0","0","0","0","","0","0","N","80.3","","","",
"1368","제과점영업","07_22_18_P","4201000","4201000-121-2019-00007","2019-05-21","","03","폐업","02","폐업","2022-09-02","","","","","29.30","","강원특별자치도 강릉시 회산동 130 힐스테이트강릉아파트","강원특별자치도 강릉시 회산로383번길 37, 106호 (회산동, 힐스테이트강릉아파트)","25598","허니핑크에프앤씨","2022-09-02 11:23:00","I","2023-06-13 00:00:00","제과점영업","364269.348874848","472606.272315108","제과점영업","0","0","","","","0","0","0","0","0","","0","0","N","29.3","","","",
"1369","제과점영업","07_22_18_P","4201000","4201000-121-2019-00009","2019-06-11","","03","폐업","02","폐업","2024-12-31","","","","033 610 3981","10.00","","강원특별자치도 강릉시 사천면 방동리 415 강릉아산병원","강원특별자치도 강릉시 사천면 방동길 38, 강릉아산병원 본관동 1층","25440","베즐리 본관점","2024-12-31 10:34:31","U","2025-01-03 02:40:00","제과점영업","363580.205089049","481138.750877628","제과점영업","0","0","기타","","상수도전용","0","0","0","0","0","","0","0","N","10","","","",
"1370","제과점영업","07_22_18_P","4201000","4201000-121-2019-00012","2019-07-09","","03","폐업","02","폐업","2020-11-11","","","","","31.00","","강원특별자치도 강릉시 입암동 498-1","강원특별자치도 강릉시 용지로 42 (입암동)","25580","빵가게살랑","2020-11-11 16:35:43","I","2023-06-13 00:00:00","제과점영업","368318.555614485","474267.228241237","제과점영업","0","0","","","","0","0","0","0","0","","0","0","N","31","","","",
"1371","제과점영업","07_22_18_P","4201000","4201000-121-2009-00010","2009-10-09","","03","폐업","02","폐업","2015-09-07","","","","033 655 7770","18.00","","강원특별자치도 강릉시 성남동 50","강원특별자치도 강릉시 금성로 21 (성남동)","25543","고향떡집","2012-02-08 14:58:36","I","2023-06-13 00:00:00","제과점영업","367255.878725242","474087.754397503","제과점영업","1","1","기타","","상수도전용","0","0","0","0","0","","0","0","N","18","","","",
"1372","제과점영업","07_22_18_P","4201000","4201000-121-2009-00011","2009-10-09","","03","폐업","02","폐업","2009-10-21","","","","033 653 1295","6.60","","강원특별자치도 강릉시 송정동 1008-7","","","데이앤데이강릉점2","2009-10-09 17:59:38","I","2023-06-13 00:00:00","제과점영업","369334.629080122","475954.381315576","제과점영업","1","0","기타","","상수도전용","0","0","0","0","0","","0","0","N","6.6","","","",
"1373","제과점영업","07_22_18_P","4201000","4201000-121-2009-00013","2009-11-04","","03","폐업","02","폐업","2023-11-07","","","","033 641 8789","27.30","","강원특별자치도 강릉시 홍제동 138-9","강원특별자치도 강릉시 새냉이길 2 (홍제동)","25526","오렌지베이커리","2023-11-07 13:47:46","U","2023-11-09 02:40:00","제과점영업","366147.211141403","473809.33450553","제과점영업","1","1","주택가주변","","상수도전용","0","0","0","0","0","","0","0","N","27.3","","","",
"1374","제과점영업","07_22_18_P","4201000","4201000-121-2009-00014","2009-11-11","","03","폐업","02","폐업","2013-02-18","","","","070 88662931","15.00","","강원특별자치도 강릉시 임당동 168-7","강원특별자치도 강릉시 임영로 156-3 (임당동)","25529","더슈가","2009-11-11 11:06:15","I","2023-06-13 00:00:00","제과점영업","366683.910139878","474210.801798355","제과점영업","0","11","주택가주변","","상수도전용","0","0","0","0","0","","0","0","N","15","","","",
"1375","제과점영업","07_22_18_P","4201000","4201000-121-2009-00015","2009-11-17","","03","폐업","02","폐업","2018-07-04","","","","","29.50","","강원특별자치도 강릉시 사천면 방동리 415","강원특별자치도 강릉시 사천면 방동길 38","25440","김성수베이커리","2018-07-04 17:00:35","I","2023-06-13 00:00:00","제과점영업","363580.205089049","481138.750877628","제과점영업","1","0","기타","","상수도전용","0","0","0","0","0","","0","0","N","29.5","","","",
"1376","제과점영업","07_22_18_P","4201000","4201000-121-2009-00017","2009-11-30","","03","폐업","02","폐업","2012-01-09","","","","033 649 8000","10.60","","강원특별자치도 강릉시 옥천동 189 홈플러스 2층","","","고향떡집","2009-11-30 15:15:30","I","2023-06-13 00:00:00","제과점영업","367257.089561415","474274.357968797","제과점영업","0","0","기타","","상수도전용","0","0","0","0","0","","0","0","N","10.6","","","",
"1377","제과점영업","07_22_18_P","4201000","4201000-121-2010-00001","2010-02-03","","03","폐업","02","폐업","2010-10-26","","","","033 661 4858","70.00","","강원특별자치도 강릉시 주문진읍 교항리 74-6","","","홍창빈베이커리","2010-04-12 12:47:48","I","2023-06-13 00:00:00","제과점영업","360569.990995732","488031.010822959","제과점영업","0","0","주택가주변","","상수도전용","0","0","0","0","0","","0","0","N","70","","","",
"1378","제과점영업","07_22_18_P","4201000","4201000-121-2010-00002","2010-02-17","","03","폐업","02","폐업","2010-03-03","","","","","6.60","","강원특별자치도 강릉시 송정동 1008-7 이마트내","","","(주)조선호텔베이커리 데이앤데이 강릉점2","2010-02-17 16:24:37","I","2023-06-13 00:00:00","제과점영업","369334.629080122","475954.381315576","제과점영업","0","0","기타","","상수도전용","0","0","0","0","0","","0","0","N","6.6","","","",
"1379","제과점영업","07_22_18_P","4201000","4201000-121-2010-00003","2010-04-12","","03","폐업","02","폐업","2010-04-22","","","","033 653 1295","2.00","","강원특별자치도 강릉시 송정동 1008-7 이마트내","","","데이앤데이강릉점2","2010-04-12 10:37:42","I","2023-06-13 00:00:00","제과점영업","369334.629080122","475954.381315576","제과점영업","1","0","주택가주변","","상수도전용","0","0","0","0","0","","0","0","N","2","","","",
"1380","제과점영업","07_22_18_P","4201000","4201000-121-2010-00004","2010-05-28","","03","폐업","02","폐업","2020-11-04","","","","070 40424772","28.21","","강원특별자치도 강릉시 임당동 94-5","강원특별자치도 강릉시 경강로2103번길 17-3 (임당동)","25532","윤하정베이킹스쿨","2020-11-04 13:35:47","I","2023-06-13 00:00:00","제과점영업","366947.466123969","474332.577638411","제과점영업","0","1","","","상수도전용","0","0","0","0","0","","0","0","N","28.21","","","",
"1381","제과점영업","07_22_18_P","4201000","4201000-121-2010-00005","2010-06-01","","03","폐업","02","폐업","2010-12-08","","","","","117.00","","강원특별자치도 강릉시 주문진읍 주문리 363-3","","","마들랜과자점","2010-06-03 10:01:34","I","2023-06-13 00:00:00","제과점영업","360801.606293494","489595.504441674","제과점영업","1","1","유흥업소밀집지역","자율","상수도전용","0","0","0","0","0","","0","0","N","117","","","",
"1382","제과점영업","07_22_18_P","4201000","4201000-121-2010-00006","2010-06-03","","03","폐업","02","폐업","2015-01-12","","","","033 653 1295","3.30","","강원특별자치도 강릉시 송정동 1008-7","강원특별자치도 강릉시 경강로 2398-10 (송정동)","25563","(주)조선호텔베이커리강릉점행사매장","2010-06-03 14:29:32","I","2023-06-13 00:00:00","제과점영업","369334.629080122","475954.381315576","제과점영업","0","0","기타","","상수도전용","0","0","0","0","0","","0","0","N","3.3","","","",
"1383","제과점영업","07_22_18_P","4201000","4201000-121-2010-00007","2010-12-03","","03","폐업","02","폐업","2012-01-20","","","","","98.00","","강원특별자치도 강릉시 성남동 97-1 2층","","","김인향손찰떡방","2011-05-23 17:31:03","I","2023-06-13 00:00:00","제과점영업","367112.266700228","473987.360312133","제과점영업","0","1","유흥업소밀집지역","","상수도전용","0","0","0","0","0","","0","0","N","98","","","",
"1384","제과점영업","07_22_18_P","4201000","4201000-121-2010-00008","2010-12-20","","03","폐업","02","폐업","2011-01-03","","","","033 653 1255","6.00","","강원특별자치도 강릉시 송정동 1008-7 지하1층","","","조선호텔베이커리","2010-12-20 12:56:11","I","2023-06-13 00:00:00","제과점영업","369334.629080122","475954.381315576","제과점영업","1","0","기타","","상수도전용","0","0","0","0","0","","0","0","N","6","","","",
"1385","제과점영업","07_22_18_P","4201000","4201000-121-2010-00009","2010-12-30","","03","폐업","02","폐업","2011-01-12","","","","","24.50","","강원특별자치도 강릉시 포남동 1148-3","","","곶감앤디자인","2010-12-30 16:52:03","I","2023-06-13 00:00:00","제과점영업","368165.928048903","475431.749241435","제과점영업","0","1","주택가주변","","상수도전용","0","0","0","0","0","","0","0","N","24.5","","","",
"1386","제과점영업","07_22_18_P","4201000","4201000-121-1999-00021","1999-11-29","","03","폐업","02","폐업","2008-03-31","","","","033 6517004","43.70","","강원특별자치도 강릉시 포남동 1305-2","","","크라운베이커리강릉일송점","2002-02-27 00:00:00","I","2023-06-13 00:00:00","제과점영업","368738.006069588","476093.364108423","제과점영업","1","1","주택가주변","","상수도전용","0","0","0","0","0","","0","0","N","43.7","","","",
"1387","제과점영업","07_22_18_P","4201000","4201000-121-1999-00022","1999-11-13","","03","폐업","02","폐업","2004-06-22","","","","033 6439191","34.60","","강원특별자치도 강릉시 성남동 45-9","","","크라운베이커리","2002-10-12 00:00:00","I","2023-06-13 00:00:00","제과점영업","367458.506742109","474097.120429283","제과점영업","0","2","기타","","상수도전용","0","0","0","0","0","","0","0","N","34.6","","","",
"1388","제과점영업","07_22_18_P","4201000","4201000-121-1999-00023","1999-12-17","","03","폐업","02","폐업","2002-05-10","","","","033 6455235","46.80","","강원특별자치도 강릉시 교동 6-3","","","태양제과점","2002-05-13 00:00:00","I","2023-06-13 00:00:00","제과점영업","","","제과점영업","1","1","주택가주변","","상수도전용","0","0","0","0","0","","0","0","N","46.8","","","",
"1389","제과점영업","07_22_18_P","4201000","4201000-121-1999-00024","1999-07-01","","03","폐업","02","폐업","2006-04-20","","","","033 6473196","67.20","","강원특별자치도 강릉시 교동 1006-1","","","프랑세즈과자점","2002-08-14 00:00:00","I","2023-06-13 00:00:00","제과점영업","366602.231252997","474460.64368251","제과점영업","2","1","주택가주변","","상수도전용","0","0","0","0","0","","0","0","N","67.2","","","",
"1390","제과점영업","07_22_18_P","4201000","4201000-121-1999-00026","1999-03-04","","03","폐업","02","폐업","2006-04-20","","","","033 6471201","37.50","","강원특별자치도 강릉시 금학동 30","","","뜨레쥬르체인점","2002-08-19 00:00:00","I","2023-06-13 00:00:00","제과점영업","367115.313050932","474031.332497978","제과점영업","2","1","기타","","상수도전용","0","0","0","0","0","","0","0","N","37.5","","","",
"1391","제과점영업","07_22_18_P","4201000","4201000-121-1999-00030","1999-08-18","","03","폐업","02","폐업","2014-04-07","","","","033 642 4588","38.00","","강원특별자치도 강릉시 노암동 747-2","강원특별자치도 강릉시 남부로125번길 14 (노암동)","25595","본아베떼베이커리","2009-11-19 08:57:35","I","2023-06-13 00:00:00","제과점영업","366843.974671777","472861.363635635","제과점영업","1","2","기타","","상수도전용","0","0","0","0","0","","0","0","N","38","","","",
"1392","제과점영업","07_22_18_P","4201000","4201000-121-1999-00031","1999-04-30","","03","폐업","02","폐업","2004-04-13","","","","033 6513744","43.30","","강원특별자치도 강릉시 입암동 592-2","","","뜨레쭈르곰마트","2002-03-07 00:00:00","I","2023-06-13 00:00:00","제과점영업","368675.857288062","475047.921060699","제과점영업","1","2","기타","","상수도전용","0","0","0","0","0","","0","0","N","43.3","","","",
"1393","제과점영업","07_22_18_P","4201000","4201000-121-1999-00033","1999-09-21","","03","폐업","02","폐업","2004-04-13","","","","033 6520026","21.00","","강원특별자치도 강릉시 포남동 1060","","","쵸이스베이커리 D.C마트점","2002-05-24 00:00:00","I","2023-06-13 00:00:00","제과점영업","368319.570496653","476525.155753112","제과점영업","1","1","기타","","상수도전용","0","0","0","0","0","","0","0","N","21","","","",
"1394","제과점영업","07_22_18_P","4201000","4201000-121-1999-00044","1999-05-19","","03","폐업","02","폐업","2001-02-13","","","","033 6524446","54.80","","강원특별자치도 강릉시 포남동 1210-4","","","소보루와뽀글이","2002-04-23 00:00:00","I","2023-06-13 00:00:00","제과점영업","368911.519304051","477078.311348675","제과점영업","0","0","주택가주변","","상수도전용","0","0","0","0","0","","0","0","N","54.8","","","",
"1395","제과점영업","07_22_18_P","4201000","4201000-121-2000-00014","2000-07-14","","03","폐업","02","폐업","2005-10-05","","","","033 6530492","28.12","","강원특별자치도 강릉시 입암동 0 6주공상가 101호","","","빵집이야기","2002-08-19 00:00:00","I","2023-06-13 00:00:00","제과점영업","","","제과점영업","1","1","기타","","상수도전용","0","0","0","0","0","","0","0","N","28.12","","","",
"1396","제과점영업","07_22_18_P","4201000","4201000-121-2000-00015","2000-12-19","","03","폐업","02","폐업","2005-05-31","","","","033 6510904","39.46","","강원특별자치도 강릉시 포남동 1293-1","","","빵아저씨쿠키아줌마","2002-08-19 00:00:00","I","2023-06-13 00:00:00","제과점영업","368638.024909925","476079.651464047","제과점영업","1","1","아파트지역","","상수도전용","0","0","0","0","0","","0","0","N","39.46","","","",
"1397","제과점영업","07_22_18_P","4201000","4201000-121-2000-00016","2000-10-12","","03","폐업","02","폐업","2005-10-31","","","","033 6473366","49.00","","강원특별자치도 강릉시 교동 928-4","","","쁘띠그랑","2002-05-24 00:00:00","I","2023-06-13 00:00:00","제과점영업","366184.938704209","474564.191927999","제과점영업","1","1","주택가주변","","상수도전용","0","0","0","0","0","","0","0","N","49","","","",
"1398","제과점영업","07_22_18_P","4201000","4201000-121-2000-00019","2000-09-08","","03","폐업","02","폐업","2003-01-15","","","","033 6421982","75.72","","강원특별자치도 강릉시 금학동 56-2","","","고려당강릉분점","2002-03-04 00:00:00","I","2023-06-13 00:00:00","제과점영업","367025.124539602","473944.27671793","제과점영업","1","1","기타","","상수도전용","0","0","0","0","0","","0","0","N","75.72","","","",
"1399","제과점영업","07_22_18_P","4201000","4201000-121-2000-00020","2000-05-12","","03","폐업","02","폐업","2002-12-04","","","","033 6470495","21.30","","강원특별자치도 강릉시 포남동 1152-5","","","그랜드제과","2002-03-04 00:00:00","I","2023-06-13 00:00:00","제과점영업","367981.614430593","475378.573106241","제과점영업","1","1","기타","","상수도전용","0","0","0","0","0","","0","0","N","21.3","","","",
"1400","제과점영업","07_22_18_P","4201000","4201000-121-2000-00021","2000-05-22","","03","폐업","02","폐업","2006-11-03","","","","033 6410205","33.60","","강원특별자치도 강릉시 교동 1747 부영상가1층101","","","골든베이커리","2002-05-24 00:00:00","I","2023-06-13 00:00:00","제과점영업","365892.988335004","475832.451587915","제과점영업","1","1","기타","","상수도전용","0","0","0","0","0","","0","0","N","33.6","","","",
"1401","제과점영업","07_22_18_P","4201000","4201000-121-2000-00022","2000-12-04","","03","폐업","02","폐업","2018-01-04","","","","033 6445980","32.16","","강원특별자치도 강릉시 성남동 53-16","강원특별자치도 강릉시 중앙시장1길 11, 1층 (성남동)","25543","강릉제과점","2018-01-04 10:43:27","I","2023-06-13 00:00:00","제과점영업","367267.111133172","474028.557848577","제과점영업","0","2","기타","","상수도전용","0","0","0","0","0","","0","0","N","32.16","","","",
"1402","제과점영업","07_22_18_P","4201000","4201000-121-2000-00024","2000-04-28","","03","폐업","02","폐업","2013-04-08","","","","033 6477824","49.70","","강원특별자치도 강릉시 지변동 123","강원특별자치도 강릉시 죽헌길 7 (지변동)","25457","동큐제과강릉대점","2005-03-11 00:00:00","I","2023-06-13 00:00:00","제과점영업","364627.278082023","475810.449226925","제과점영업","0","0","기타","","상수도전용","0","0","0","0","0","","0","0","N","49.7","","","",
"1403","제과점영업","07_22_18_P","4201000","4201000-121-2000-00025","2000-08-24","","03","폐업","02","폐업","2003-05-09","","","","033 6513941","31.29","","강원특별자치도 강릉시 초당동 150-1","","","쁘띠그랑","2002-03-07 00:00:00","I","2023-06-13 00:00:00","제과점영업","368676.30930562","477456.201445237","제과점영업","0","0","기타","","상수도전용","0","0","0","0","0","","0","0","N","31.29","","","",
"1404","제과점영업","07_22_18_P","4201000","4201000-121-2003-00006","2003-03-21","","03","폐업","02","폐업","2004-01-20","","","","033 6453182","22.50","","강원특별자치도 강릉시 포남동 1152-5","","","그랜드제과","2010-12-22 11:11:16","I","2023-06-13 00:00:00","제과점영업","367981.614430593","475378.573106241","제과점영업","1","2","기타","","상수도전용","0","0","0","0","0","","0","0","N","22.5","","","",
"1405","제과점영업","07_22_18_P","4201000","4201000-121-2003-00012","2003-06-02","","03","폐업","02","폐업","2005-09-06","","","","033 6618668","56.40","","강원특별자치도 강릉시 주문진읍 주문리 312-33","","","양지베이커리","2010-12-22 11:11:59","I","2023-06-13 00:00:00","제과점영업","360844.038201877","489575.4921571","제과점영업","2","2","유흥업소밀집지역","","상수도전용","0","0","0","0","0","","0","0","N","56.4","","","",
"1406","제과점영업","07_22_18_P","4201000","4201000-121-2003-00016","2003-07-09","","03","폐업","02","폐업","2011-03-10","","","","033 5340510","43.52","","강원특별자치도 강릉시 옥계면 현내리 362-26","","","부메랑제과","2010-12-28 17:57:20","I","2023-06-13 00:00:00","제과점영업","379670.499566958","458309.909530203","제과점영업","2","1","기타","","상수도전용","0","0","0","0","0","","0","0","N","43.52","","","",
"1407","제과점영업","07_22_18_P","4201000","4201000-121-2003-00021","2003-07-14","","03","폐업","02","폐업","2012-06-07","","","","","60.58","","강원특별자치도 강릉시 주문진읍 교항리 190-1","","","파리바게뜨","2010-12-22 11:13:13","I","2023-06-13 00:00:00","제과점영업","360542.384831796","489090.008512807","제과점영업","1","2","기타","","상수도전용","0","0","0","0","0","","0","0","N","60.58","","","",
"1408","제과점영업","07_22_18_P","4201000","4201000-121-2003-00028","2003-11-05","","03","폐업","02","폐업","2020-06-15","","","","033 652 7953","103.00","","강원특별자치도 강릉시 포남동 1187-16","강원특별자치도 강릉시 하평길 50 (포남동)","25568","돔베이커리","2020-06-15 18:46:34","I","2023-06-13 00:00:00","제과점영업","368574.931300053","475882.754224347","제과점영업","2","3","아파트지역","","상수도전용","0","0","0","0","0","","0","0","N","103","","","",
"1409","제과점영업","07_22_18_P","4201000","4201000-121-2003-00031","2003-11-21","","03","폐업","02","폐업","2007-01-11","","","","","28.35","","강원특별자치도 강릉시 주문진읍 교항리 178-9","","","하나로베이커리","2010-12-22 11:14:16","I","2023-06-13 00:00:00","제과점영업","360554.741295136","488798.521335603","제과점영업","0","1","주택가주변","","상수도전용","0","0","0","0","0","","0","0","N","28.35","","","",
"1410","제과점영업","07_22_18_P","4201000","4201000-121-2004-00012","2004-05-17","","03","폐업","02","폐업","2008-04-21","","","","033 6420127","36.85","","강원특별자치도 강릉시 포남동 1135-1","","","빵마을베이커리","2004-05-17 00:00:00","I","2023-06-13 00:00:00","제과점영업","367835.320632309","474997.028118011","제과점영업","1","1","기타","","상수도전용","0","0","0","0","0","","0","0","N","36.85","","","",
"1411","제과점영업","07_22_18_P","4201000","4201000-121-2004-00018","2004-08-16","","03","폐업","02","폐업","2016-09-01","","","","","15.68","","강원특별자치도 강릉시 포남동 892-15","강원특별자치도 강릉시 경강로2224번길 12-1 (포남동)","25548","차영동베이커리","2014-12-03 11:23:11","I","2023-06-13 00:00:00","제과점영업","367977.236127039","474924.162438968","제과점영업","1","1","아파트지역","","상수도전용","0","0","0","0","0","","0","0","N","15.68","","","",
"1412","제과점영업","07_22_18_P","4201000","4201000-121-2005-00001","2005-08-18","","03","폐업","02","폐업","2005-09-06","","","","033 6420352","15.99","","강원특별자치도 강릉시 포남동 1005-56","","","태산분식","2005-08-18 00:00:00","I","2023-06-13 00:00:00","제과점영업","368039.857978346","475020.325160034","제과점영업","0","1","아파트지역","","상수도전용","0","0","0","0","0","","0","0","N","15.99","","","",
"1413","제과점영업","07_22_18_P","4201000","4201000-121-2005-00005","2005-03-02","","03","폐업","02","폐업","2008-12-26","","","","033 6423220","19.76","","강원특별자치도 강릉시 옥천동 55-7","","","미진제과","2007-10-02 13:42:05","I","2023-06-13 00:00:00","제과점영업","367436.420394229","474197.483044184","제과점영업","1","1","기타","","상수도전용","0","0","0","0","0","","0","0","N","19.76","","","",
"1414","제과점영업","07_22_18_P","4201000","4201000-121-2005-00006","2005-03-02","","03","폐업","02","폐업","2006-11-09","","","","033 6450944","15.25","","강원특별자치도 강릉시 입암동 431","","","부메랑제과","2006-03-21 00:00:00","I","2023-06-13 00:00:00","제과점영업","368411.478854135","473875.192732668","제과점영업","1","1","아파트지역","","지하수전용","0","0","0","0","0","","0","0","N","15.25","","","",
"1415","제과점영업","07_22_18_P","4201000","4201000-121-2005-00024","2005-07-11","","03","폐업","02","폐업","2018-09-12","","","","","18.20","","강원특별자치도 강릉시 견소동 201","강원특별자치도 강릉시 경강로2539번길 11 (견소동)","25559","최성우베이커리","2018-09-12 16:48:07","I","2023-06-13 00:00:00","제과점영업","370637.363374805","476497.454471503","제과점영업","1","1","아파트지역","","상수도전용","0","0","0","0","0","","0","0","N","18.2","","","",
"1416","제과점영업","07_22_18_P","4201000","4201000-121-2005-00026","2005-12-23","","03","폐업","02","폐업","2011-03-21","","","","033 6620042","70.23","","강원특별자치도 강릉시 주문진읍 교항리 106-7","","","케익하우스커플","2005-12-23 00:00:00","I","2023-06-13 00:00:00","제과점영업","360455.931827152","488402.712968364","제과점영업","1","2","유흥업소밀집지역","","상수도전용","0","0","0","0","0","","0","0","N","70.23","","","",
"1417","제과점영업","07_22_18_P","4201000","4201000-121-2006-00002","2006-03-08","","03","폐업","02","폐업","2011-12-13","","","","","31.38","","강원특별자치도 강릉시 교동 1861-3","","","시루떡전문점","2008-12-23 12:58:22","I","2023-06-13 00:00:00","제과점영업","365617.124221952","475212.457737635","제과점영업","1","1","주택가주변","","상수도전용","0","0","0","0","0","","0","0","N","31.38","","","",
"1418","제과점영업","07_22_18_P","4201000","4201000-121-2009-00004","2009-05-07","","03","폐업","02","폐업","2012-05-16","","","","033 647 7824","85.44","","강원특별자치도 강릉시 지변동 123","","","파리바게트강릉대학점","2010-03-26 14:17:19","I","2023-06-13 00:00:00","제과점영업","364627.278082023","475810.449226925","제과점영업","0","2","학교정화(상대)","자율","상수도전용","0","0","0","0","0","","0","0","N","85.44","","","",
"1419","제과점영업","07_22_18_P","4201000","4201000-121-1999-00015","1999-08-11","","03","폐업","02","폐업","2006-03-03","","","","033 6472669","45.70","","강원특별자치도 강릉시 교동 825-19","","","빵장수야곱강일점","2002-08-19 00:00:00","I","2023-06-13 00:00:00","제과점영업","366588.842601175","475278.435732236","제과점영업","1","1","주택가주변","","상수도전용","0","0","0","0","0","","0","0","N","45.7","","","",
"1420","제과점영업","07_22_18_P","4201000","4201000-121-1996-00006","1996-04-25","","03","폐업","02","폐업","2013-01-31","","","","033 6471314","40.96","","강원특별자치도 강릉시 임당동 123-2","강원특별자치도 강릉시 경강로 2092-1 (임당동)","25540","신라명과중앙점","2002-01-28 00:00:00","I","2023-06-13 00:00:00","제과점영업","367030.702527507","474134.305000102","제과점영업","0","1","기타","","상수도전용","0","0","0","0","0","","0","0","N","40.96","","","",
"1421","제과점영업","07_22_18_P","4201000","4201000-121-2022-00017","2022-11-29","","03","폐업","02","폐업","2024-11-27","","","","","26.18","","강원특별자치도 강릉시 내곡동 625-7","강원특별자치도 강릉시 관대길15번길 6, 1층 (내곡동)","25602","메리골드디저트","2024-11-27 14:03:41","U","2024-11-29 02:40:00","제과점영업","365546.14376294","472448.042960531","제과점영업","0","0","기타","기타","상수도전용","0","0","0","0","0","","0","0","N","26.18","","","",
"1422","제과점영업","07_22_18_P","4201000","4201000-121-2022-00020","2022-12-29","","03","폐업","02","폐업","2024-12-26","","","","","22.70","","강원특별자치도 강릉시 옥천동 74-1","강원특별자치도 강릉시 율곡로 2810, 1층 (옥천동)","25554","캘리포니아도넛클럽강릉중앙점","2024-12-26 16:38:26","U","2024-12-28 02:40:00","제과점영업","367373.613239317","474267.078989844","제과점영업","0","0","","","상수도전용","0","0","0","0","0","","0","0","N","22.7","","","",
"1423","제과점영업","07_22_18_P","4201000","4201000-121-2023-00001","2023-01-03","","03","폐업","02","폐업","2024-06-24","","","","","43.20","","강원특별자치도 강릉시 성남동 51-107","강원특별자치도 강릉시 금성로13번길 19, 1,2층 (성남동)","25543","강릉커피콩빵중앙시장점","2024-06-24 15:55:20","U","2024-06-26 02:40:00","제과점영업","367397.050308112","474005.523309834","제과점영업","0","0","기타","기타","상수도전용","0","0","0","0","0","","0","0","N","43.2","","","",
"1424","제과점영업","07_22_18_P","4201000","4201000-121-2023-00002","2023-01-03","","03","폐업","02","폐업","2024-06-24","","","","","70.70","","강원특별자치도 강릉시 초당동 204","강원특별자치도 강릉시 난설헌로 178, 1층 (초당동)","25466","초당누카","2024-06-24 15:54:30","U","2024-06-26 02:40:00","제과점영업","368183.320115607","478073.195505314","제과점영업","0","0","기타","기타","상수도전용","0","0","0","0","0","","0","0","N","70.7","","","",
"1425","제과점영업","07_22_18_P","4201000","4201000-121-2023-00003","2023-01-26","","03","폐업","02","폐업","2024-01-02","","","","","101.20","","강원특별자치도 강릉시 사천면 사천진리 7","강원특별자치도 강릉시 사천면 진리해변길 61, 1층","25435","부성당","2024-01-02 15:15:25","U","2024-01-04 02:40:00","제과점영업","365010.554795217","483421.764858668","제과점영업","0","0","기타","","상수도전용","0","0","0","0","0","","0","0","N","101.2","","","",
"1426","제과점영업","07_22_18_P","4201000","4201000-121-2023-00004","2023-02-13","","03","폐업","02","폐업","2024-07-31","","","","","74.30","","강원특별자치도 강릉시 송정동 207-3","강원특별자치도 강릉시 경강로 2526 (송정동)","25561","좋은아침","2024-07-31 15:21:43","U","2024-08-02 02:40:00","제과점영업","370476.769363819","476356.039922187","제과점영업","0","0","기타","","상수도전용","0","0","0","0","0","","0","0","N","74.3","","","",
"1427","제과점영업","07_22_18_P","4201000","4201000-121-2019-00014","2019-08-27","","03","폐업","02","폐업","2023-08-23","","","","","22.12","","강원특별자치도 강릉시 입암동 662-279","강원특별자치도 강릉시 강중길 18-1, 1층 (입암동)","25584","피프티 에이커(50 ACRE)","2024-08-23 09:18:19","U","2024-08-25 02:40:00","제과점영업","367987.367134384","474006.070048235","제과점영업","0","0","","","상수도전용","0","0","0","0","0","","0","0","N","22.12","","","",
"1428","제과점영업","07_22_18_P","4201000","4201000-121-2019-00015","2019-09-23","","03","폐업","02","폐업","2021-11-15","","","","","252.68","","강원특별자치도 강릉시 송정동 331-8","강원특별자치도 강릉시 해안로 171 (송정동)","25557","파티쉐","2021-11-15 11:42:47","I","2023-06-13 00:00:00","제과점영업","369888.206462472","477363.566752635","제과점영업","0","0","","","","0","0","0","0","0","","0","0","N","252.68","","","",
"1429","제과점영업","07_22_18_P","4201000","4201000-121-2019-00016","2019-09-24","","03","폐업","02","폐업","2019-10-30","","","","","21.10","","강원특별자치도 강릉시 노암동 324-48","강원특별자치도 강릉시 노가니길 4-1 (노암동)","25587","빵굽는아저씨","2019-10-30 15:34:18","I","2023-06-13 00:00:00","제과점영업","367343.8895397","473595.907437885","제과점영업","0","0","","","","0","0","0","0","0","","0","0","N","21.1","","","",
"1430","제과점영업","07_22_18_P","4201000","4201000-121-2019-00018","2019-10-10","","03","폐업","02","폐업","2025-01-22","","","","","22.76","","강원특별자치도 강릉시 교동 907-19","강원특별자치도 강릉시 임영로 202, 2층 202호 (교동)","25503","사임당","2025-01-22 11:30:41","U","2025-01-24 02:40:00","제과점영업","366671.438972325","474639.707994491","제과점영업","0","0","기타","","상수도전용","0","0","0","0","0","","0","0","N","22.76","","","",
"1431","제과점영업","07_22_18_P","4201000","4201000-121-2019-00021","2019-10-16","","03","폐업","02","폐업","2020-12-24","","","","","16.90","","강원특별자치도 강릉시 옥천동 270-1","강원특별자치도 강릉시 옥천로 34, 1층 (옥천동)","25553","바우베이글","2020-12-24 16:52:58","I","2023-06-13 00:00:00","제과점영업","367542.337227761","474605.987674149","제과점영업","0","0","기타","","상수도전용","0","0","0","0","0","","0","0","N","16.9","","","",
"1432","제과점영업","07_22_18_P","4201000","4201000-121-1979-00002","1979-12-14","","03","폐업","02","폐업","2007-07-30","","","","033 6483339","31.12","","강원특별자치도 강릉시 옥천동 62-1","","","런던베이커리","2002-05-24 00:00:00","I","2023-06-13 00:00:00","제과점영업","367343.726581516","474224.499368467","제과점영업","1","1","기타","","상수도전용","0","0","0","0","0","","0","0","N","31.12","","","",
"1433","제과점영업","07_22_18_P","4201000","4201000-121-1980-00004","1980-03-04","","03","폐업","02","폐업","2003-12-18","","","","033 6414415","47.20","","강원특별자치도 강릉시 임당동 175-1","","","뉴우미제과","2002-09-13 00:00:00","I","2023-06-13 00:00:00","제과점영업","366645.084307724","474315.30997186","제과점영업","1","1","기타","","","0","0","0","0","0","","0","0","N","47.2","","","",
"1434","제과점영업","07_22_18_P","4201000","4201000-121-1982-00006","1982-06-24","","03","폐업","02","폐업","2003-10-13","","","","033 6416936","17.20","","강원특별자치도 강릉시 교동 825-27","","","강일제과","2002-03-06 00:00:00","I","2023-06-13 00:00:00","제과점영업","366600.116460626","475237.1277332","제과점영업","1","1","기타","","상수도전용","0","0","0","0","0","","0","0","N","17.2","","","",
"1435","제과점영업","07_22_18_P","4201000","4201000-121-1984-00006","1984-05-04","","03","폐업","02","폐업","2008-12-26","","","","","21.28","","강원특별자치도 강릉시 임당동 153-2","","","서부빵집","2004-07-27 00:00:00","I","2023-06-13 00:00:00","제과점영업","366697.591488438","474060.911158538","제과점영업","0","0","기타","","","0","0","0","0","0","","0","0","N","21.28","","","",
"1436","제과점영업","07_22_18_P","4201000","4201000-121-1984-00007","1984-01-28","","03","폐업","02","폐업","2004-04-13","","","","","27.00","","강원특별자치도 강릉시 성남동 45-45","","","원앙과자점","2002-02-07 00:00:00","I","2023-06-13 00:00:00","제과점영업","367443.731818119","474078.516232668","제과점영업","0","0","기타","","상수도전용","0","0","0","0","0","","0","0","N","27","","","",
"1437","제과점영업","07_22_18_P","4201000","4201000-121-1985-00008","1985-12-24","","03","폐업","02","폐업","2004-04-22","","","","033 6431989","42.90","","강원특별자치도 강릉시 성내동 8-1","","","뷔엔나제과","2002-05-24 00:00:00","I","2023-06-13 00:00:00","제과점영업","","","제과점영업","1","1","기타","","상수도전용","0","0","0","0","0","","0","0","N","42.9","","","",
"1438","제과점영업","07_22_18_P","4201000","4201000-121-1985-00009","1985-03-02","","03","폐업","02","폐업","2006-07-03","","","","033 6415245","24.64","","강원특별자치도 강릉시 교동 149-12","","","블랑쥬리베이커리","2004-04-06 00:00:00","I","2023-06-13 00:00:00","제과점영업","367175.82662312","474813.705863935","제과점영업","1","1","기타","","상수도전용","0","0","0","0","0","","0","0","N","24.64","","","",
"1439","제과점영업","07_22_18_P","4201000","4201000-121-1985-00012","1985-12-06","","03","폐업","02","폐업","1999-04-15","","","","","","","강원특별자치도 강릉시 내곡동 616-1","","","맘모스제과","2002-06-12 00:00:00","I","2023-06-13 00:00:00","제과점영업","365479.523849588","472600.472274962","제과점영업","0","0","","","","0","0","0","0","0","","0","0","N","0","","","",
"1440","제과점영업","07_22_18_P","4201000","4201000-121-1986-00006","1986-02-22","","03","폐업","02","폐업","2008-12-26","","","","033 6471908","28.80","","강원특별자치도 강릉시 옥천동 270-1","","","아몬드과자점","2007-02-13 00:00:00","I","2023-06-13 00:00:00","제과점영업","367542.337227761","474605.987674149","제과점영업","1","1","주택가주변","","상수도전용","0","0","0","0","0","","0","0","N","28.8","","","",
"1441","제과점영업","07_22_18_P","4201000","4201000-121-1986-00007","1986-05-22","","03","폐업","02","폐업","2004-05-06","","","","033 6468776","31.10","","강원특별자치도 강릉시 교동 941-25","","","뉴욕제과","2002-11-05 00:00:00","I","2023-06-13 00:00:00","제과점영업","366176.573470292","474448.259840133","제과점영업","1","1","기타","","상수도전용","0","0","0","0","0","","0","0","N","31.1","","","",
"1442","제과점영업","07_22_18_P","4201000","4201000-121-1986-00008","1986-11-07","","03","폐업","02","폐업","2012-12-18","","","","033 642 7888","17.70","","강원특별자치도 강릉시 교동 758-39","강원특별자치도 강릉시 화부산로 109 (교동)","25498","본아베떼베이커리(교동점)","2010-12-31 16:55:32","I","2023-06-13 00:00:00","제과점영업","366458.590449028","475292.867480512","제과점영업","1","1","기타","","상수도전용","0","0","0","0","0","","0","0","N","17.7","","","",
"1443","제과점영업","07_22_18_P","4201000","4201000-121-1987-00005","1987-07-23","","03","폐업","02","폐업","2008-12-26","","","","033  444105","26.66","","강원특별자치도 강릉시 교동 1001-4","","","정베이커리","2002-05-24 00:00:00","I","2023-06-13 00:00:00","제과점영업","366444.605372832","474418.39235313","제과점영업","0","0","기타","","상수도전용","0","0","0","0","0","","0","0","N","26.66","","","",
"1444","제과점영업","07_22_18_P","4201000","4201000-121-1987-00010","1987-10-06","","03","폐업","02","폐업","2007-02-15","","","","033 6610595","34.50","","강원특별자치도 강릉시 주문진읍 교항리 116-7","","","빵만드는작은마을","2002-05-27 00:00:00","I","2023-06-13 00:00:00","제과점영업","360481.017392464","488442.558031027","제과점영업","0","0","기타","","상수도전용","0","0","0","0","0","","0","0","N","34.5","","","",
"1445","제과점영업","07_22_18_P","4201000","4201000-121-1988-00003","1988-04-19","","03","폐업","02","폐업","2006-04-28","","","","033 6528472","29.02","","강원특별자치도 강릉시 포남동 1074-2","","","몽블랑제과","2002-08-19 00:00:00","I","2023-06-13 00:00:00","제과점영업","368318.48400098","476289.637662657","제과점영업","1","1","아파트지역","","상수도전용","0","0","0","0","0","","0","0","N","29.02","","","",
"1446","제과점영업","07_22_18_P","4201000","4201000-121-2020-00002","2020-02-04","","03","폐업","02","폐업","2022-10-18","","","","033 644 5992","16.89","","강원특별자치도 강릉시 사천면 사천진리 2-80","강원특별자치도 강릉시 사천면 진리해변길 69, 1층","25435","강릉커피콩빵본점","2022-10-18 16:18:19","I","2023-06-13 00:00:00","제과점영업","365096.981239912","483403.986690836","제과점영업","0","0","기타","기타","상수도전용","0","0","0","0","0","","0","0","N","16.89","","","",
"1447","제과점영업","07_22_18_P","4201000","4201000-121-2020-00004","2020-02-25","","03","폐업","02","폐업","2023-02-09","","","","","49.97","","강원특별자치도 강릉시 포남동 1208","강원특별자치도 강릉시 산양큰길 29, 강릉원예농협 초당점  1층 (포남동)","25481","마레베이커리(초당점)","2023-02-09 15:45:36","I","2023-06-13 00:00:00","제과점영업","368735.768381611","476981.210756124","제과점영업","0","0","기타","기타","상수도전용","0","0","0","0","0","","0","0","N","49.97","","","",
"1448","제과점영업","07_22_18_P","4201000","4201000-121-2020-00005","2020-02-28","","03","폐업","02","폐업","2024-11-07","","","","","30.70","","강원특별자치도 강릉시 초당동 128 초당현대아파트","강원특별자치도 강릉시 초당원길 26-2, 상가동 102호 (초당동, 초당현대아파트)","25469","동화과자점","2024-11-07 13:05:24","U","2024-11-09 02:40:00","제과점영업","368903.619189937","477425.290979438","제과점영업","0","0","기타","기타","상수도전용","0","0","0","0","0","","0","0","N","30.7","","","",
"1449","제과점영업","07_22_18_P","4201000","4201000-121-2020-00006","2020-02-28","","03","폐업","02","폐업","2024-11-07","","","","","2.80","","강원특별자치도 강릉시 초당동 309-1","강원특별자치도 강릉시 초당순두부길77번길 15, 나동 1층 (초당동)","25466","동화과자점2호점","2024-11-07 13:06:12","U","2024-11-09 02:40:00","제과점영업","368607.389258876","478233.653440319","제과점영업","0","0","기타","기타","상수도전용","0","0","0","0","0","","0","0","N","2.8","","","",
"1450","제과점영업","07_22_18_P","4201000","4201000-121-2020-00007","2020-03-17","","03","폐업","02","폐업","2020-07-29","","","","","55.66","","강원특별자치도 강릉시 사천면 판교리 502","강원특별자치도 강릉시 사천면 동해대로 3906, 1층","25435","앙뜰리에","2020-07-29 13:16:08","I","2023-06-13 00:00:00","제과점영업","362636.245919716","482699.835371666","제과점영업","0","0","기타","","상수도전용","0","0","0","0","0","","0","0","N","55.66","","","",
"1451","제과점영업","07_22_18_P","4201000","4201000-121-2020-00008","2020-04-01","","03","폐업","02","폐업","2021-12-07","","","","","30.65","","강원특별자치도 강릉시 교동 1983 강릉 교동 롯데캐슬 2단지","강원특별자치도 강릉시 화부산로111번길 24, 2층 203호 (교동, 강릉 교동 롯데캐슬 2단지)","25497","플레브(FleuReve)","2021-12-07 17:28:51","I","2023-06-13 00:00:00","제과점영업","366473.61396872","475525.459441203","제과점영업","0","0","기타","","상수도전용","0","0","0","0","0","","0","0","N","30.65","","","",
"1452","제과점영업","07_22_18_P","4201000","4201000-121-1990-00013","1990-11-08","","03","폐업","02","폐업","2004-02-04","","","","033 6626622","41.76","","강원특별자치도 강릉시 주문진읍 교항리 114-8","","","고려당분점","2004-02-04 00:00:00","I","2023-06-13 00:00:00","제과점영업","360481.870101242","488561.445398241","제과점영업","0","0","기타","","상수도전용","0","0","0","0","0","","0","0","N","41.76","","","",
"1453","제과점영업","07_22_18_P","4201000","4201000-121-1990-00015","1990-07-27","","03","폐업","02","폐업","1999-06-22","","","","","","","강원특별자치도 강릉시 임당동 126-3","","","크라운베이커리","2002-06-12 00:00:00","I","2023-06-13 00:00:00","제과점영업","367005.70696945","474105.490140165","제과점영업","0","0","","","","0","0","0","0","0","","0","0","N","0","","","",
"1454","제과점영업","07_22_18_P","4201000","4201000-121-1990-00017","1990-10-10","","03","폐업","02","폐업","1998-11-21","","","","","","","강원특별자치도 강릉시 옥천동 369-1","","","성심제과","2002-06-21 00:00:00","I","2023-06-13 00:00:00","제과점영업","367774.906729797","474922.673360972","제과점영업","0","0","","","","0","0","0","0","0","","0","0","N","0","","","",
"1455","제과점영업","07_22_18_P","4201000","4201000-121-1991-00006","1991-04-12","","03","폐업","02","폐업","2007-08-21","","","","033 6460582","30.26","","강원특별자치도 강릉시 포남동 1149-5","","","태극당","2003-02-13 00:00:00","I","2023-06-13 00:00:00","제과점영업","368266.475948294","475484.342387796","제과점영업","1","1","기타","","상수도전용","0","0","0","0","0","","0","0","N","30.26","","","",
"1456","제과점영업","07_22_18_P","4201000","4201000-121-1991-00007","1991-06-19","","03","폐업","02","폐업","2006-02-21","","","","033 6466697","47.70","","강원특별자치도 강릉시 포남동 1146-10","","","차영동베이커리","2002-05-24 00:00:00","I","2023-06-13 00:00:00","제과점영업","367996.097538825","475190.977172945","제과점영업","0","0","기타","","상수도전용","0","0","0","0","0","","0","0","N","47.7","","","",
"1457","제과점영업","07_22_18_P","4201000","4201000-121-1991-00009","1991-05-23","","03","폐업","02","폐업","2008-12-26","","","","033 6622835","77.49","","강원특별자치도 강릉시 주문진읍 교항리 48-16","","","노아베이커리","2005-06-09 00:00:00","I","2023-06-13 00:00:00","제과점영업","360652.542546528","487833.350322645","제과점영업","0","0","기타","","상수도전용","0","0","0","0","0","","0","0","N","77.49","","","",
"1458","제과점영업","07_22_18_P","4201000","4201000-121-1991-00012","1991-10-28","","03","폐업","02","폐업","1999-12-16","","","","","","","강원특별자치도 강릉시 홍제동 63-3","","","까치제과","2002-06-14 00:00:00","I","2023-06-13 00:00:00","제과점영업","366257.821506229","473842.422964127","제과점영업","0","0","","","","0","0","0","0","0","","0","0","N","0","","","",
"1459","제과점영업","07_22_18_P","4201000","4201000-121-1992-00003","1992-08-18","","03","폐업","02","폐업","2004-04-13","","","","033 6475942","29.90","","강원특별자치도 강릉시 입암동 662-25","","","금적제과","2002-03-04 00:00:00","I","2023-06-13 00:00:00","제과점영업","368041.976983474","474040.651708955","제과점영업","1","1","기타","","상수도전용","0","0","0","0","0","","0","0","N","29.9","","","",
"1460","제과점영업","07_22_18_P","4201000","4201000-121-1993-00007","1993-08-21","","03","폐업","02","폐업","2004-11-30","","","","033 6489875","20.72","","강원특별자치도 강릉시 내곡동 127-101","","","밀라노베이커리","2002-08-19 00:00:00","I","2023-06-13 00:00:00","제과점영업","","","제과점영업","0","0","아파트지역","","상수도전용","0","0","0","0","0","","0","0","N","20.72","","","",
"1461","제과점영업","07_22_18_P","4201000","4201000-121-1993-00008","1993-03-23","","03","폐업","02","폐업","2005-10-24","","","","033 6483131","85.21","","강원특별자치도 강릉시 임당동 119-2","","","신라명과","2002-08-14 00:00:00","I","2023-06-13 00:00:00","제과점영업","367105.324513075","474185.736166645","제과점영업","0","0","유흥업소밀집지역","","상수도전용","0","0","0","0","0","","0","0","N","85.21","","","",
"1462","제과점영업","07_22_18_P","4201000","4201000-121-1993-00010","1993-09-15","","03","폐업","02","폐업","1998-08-26","","","","","","","강원특별자치도 강릉시 성남동 267","","","마땡드블랑제강릉점","2002-06-24 00:00:00","I","2023-06-13 00:00:00","제과점영업","","","제과점영업","0","0","","","","0","0","0","0","0","","0","0","N","0","","","",
"1463","제과점영업","07_22_18_P","4201000","4201000-121-1994-00008","1994-07-09","","03","폐업","02","폐업","2009-12-28","","","","033 6527174","45.21","","강원특별자치도 강릉시 포남동 1147-3","","","크라운베이커리포남점","2002-10-28 00:00:00","I","2023-06-13 00:00:00","제과점영업","368108.426636589","475332.061217171","제과점영업","1","1","아파트지역","","상수도전용","0","0","0","0","0","","0","0","N","45.21","","","",
"1464","제과점영업","07_22_18_P","4201000","4201000-121-1995-00008","1995-10-14","","03","폐업","02","폐업","2008-03-26","","","","033 6513644","34.52","","강원특별자치도 강릉시 포남동 1215","","","베이커리가야","2002-01-28 00:00:00","I","2023-06-13 00:00:00","제과점영업","368847.873347232","477057.469186102","제과점영업","1","1","아파트지역","","상수도전용","0","0","0","0","0","","0","0","N","34.52","","","",
"1465","제과점영업","07_22_18_P","4201000","4201000-121-1989-00008","1989-09-09","","03","폐업","02","폐업","1999-07-08","","","","","","","강원특별자치도 강릉시 교동 162-136","","","수영제과","2002-06-12 00:00:00","I","2023-06-13 00:00:00","제과점영업","","","제과점영업","0","0","","","","0","0","0","0","0","","0","0","N","0","","","",
"1466","제과점영업","07_22_18_P","4201000","4201000-121-1989-00010","1989-01-19","","03","폐업","02","폐업","1998-02-06","","","","","","","강원특별자치도 강릉시 옥천동 219-11","","","김봉서베이커리","2002-06-25 00:00:00","I","2023-06-13 00:00:00","제과점영업","367380.886345655","474827.56460459","제과점영업","0","0","","","","0","0","0","0","0","","0","0","N","0","","","",
"1467","제과점영업","07_22_18_P","4201000","4201000-121-2021-00015","2021-09-28","","03","폐업","02","폐업","2023-05-04","","","","","26.86","","강원특별자치도 강릉시 송정동 1063 강릉송정한신더휴아파트","강원특별자치도 강릉시 경강로 2446, 강릉송정한신더휴아파트 2층 201호 (송정동)","25561","달다라다","2023-05-04 14:11:22","I","2023-06-13 00:00:00","제과점영업","369703.304170372","476251.053748762","제과점영업","0","0","기타","기타","상수도전용","0","0","0","0","0","","0","0","N","26.86","","","",
"1468","제과점영업","07_22_18_P","4201000","4201000-121-2021-00016","2021-09-28","","03","폐업","02","폐업","2023-12-12","","","","","26.90","","강원특별자치도 강릉시 초당동 155-3","강원특별자치도 강릉시 연당길 78, 2층 202호 (초당동)","25469","작은빵가게말랑","2023-12-12 15:02:20","U","2023-12-14 02:40:00","제과점영업","368658.962594817","477511.081699512","제과점영업","0","0","","","상수도전용","0","0","0","0","0","","0","0","N","26.9","","","",
"1469","제과점영업","07_22_18_P","4201000","4201000-121-2021-00018","2021-10-20","","03","폐업","02","폐업","2022-11-09","","","","","56.31","","강원특별자치도 강릉시 옥천동 105-1","강원특별자치도 강릉시 옥천로19번길 19, 1층 (옥천동)","25555","슈에베","2022-11-09 11:10:58","I","2023-06-13 00:00:00","제과점영업","367493.099084003","474347.601832032","제과점영업","0","0","기타","기타","상수도전용","0","0","0","0","0","","0","0","N","56.31","","","",
"1470","제과점영업","07_22_18_P","4201000","4201000-121-2022-00001","2022-02-11","","03","폐업","02","폐업","2022-05-16","","","","","","","강원특별자치도 강릉시 강문동 288-20","강원특별자치도 강릉시 난설헌로 249, 1층 (강문동)","25466","강릉초당순두부빵","2022-05-17 10:20:41","I","2023-06-13 00:00:00","제과점영업","368619.626437465","478616.655465762","제과점영업","0","0","","","","0","0","0","0","0","","0","0","N","0","","","",
"1471","제과점영업","07_22_18_P","4201000","4201000-121-2020-00009","2020-04-13","","03","폐업","02","폐업","2022-07-28","","","","","1.37","","강원특별자치도 강릉시 교동 1898-15","강원특별자치도 강릉시 정원로 78-9 (교동)","25516","교동빵집솔올점","2022-07-28 16:58:16","I","2023-06-13 00:00:00","제과점영업","364993.958948206","475092.310173116","제과점영업","0","0","","","","0","0","0","0","0","","0","0","N","1.37","","","",
"1472","제과점영업","07_22_18_P","4201000","4201000-121-2020-00010","2020-05-01","","03","폐업","02","폐업","2021-05-26","","","","","88.90","","강원특별자치도 강릉시 입암동 443-2","강원특별자치도 강릉시 용지로 23, 1층 102호 (입암동)","25582","빵드밀강릉점","2021-05-26 16:20:12","I","2023-06-13 00:00:00","제과점영업","368382.462345205","474067.899160633","제과점영업","0","0","기타","기타","상수도전용","0","0","0","0","0","","0","0","N","88.9","","","",
"1473","제과점영업","07_22_18_P","4201000","4201000-121-2020-00011","2020-05-12","","03","폐업","02","폐업","2021-11-29","","","","","10.79","","강원특별자치도 강릉시 금학동 21-1 포교당","강원특별자치도 강릉시 금성로 28-2, 포교당 1층 (금학동)","25540","연","2021-11-29 17:02:02","I","2023-06-13 00:00:00","제과점영업","367134.710675635","474089.867509274","제과점영업","0","0","기타","기타","상수도전용","0","0","0","0","0","","0","0","N","10.79","","","",
"1474","제과점영업","07_22_18_P","4201000","4201000-121-2020-00012","2020-06-02","","03","폐업","02","폐업","2022-12-07","","","","","28.00","","강원특별자치도 강릉시 교동 907-19","강원특별자치도 강릉시 임영로 202, 2층 201호 (교동)","25503","마카롱처럼","2022-12-07 13:33:02","I","2023-06-13 00:00:00","제과점영업","366671.438972325","474639.707994491","제과점영업","0","0","기타","","상수도전용","0","0","0","0","0","","0","0","N","28","","","",
"1475","제과점영업","07_22_18_P","4201000","4201000-121-2020-00013","2020-06-17","","03","폐업","02","폐업","2020-07-17","","","","","","","강원특별자치도 강릉시 송정동 1008-7","강원특별자치도 강릉시 경강로 2398-10, 1층 (송정동)","25563","(주)신세계푸드베이커리강릉점","2020-07-18 04:15:08","I","2023-06-13 00:00:00","제과점영업","369334.629080122","475954.381315576","제과점영업","0","0","","","","0","0","0","0","0","","0","0","N","0","","","",
"1476","제과점영업","07_22_18_P","4201000","4201000-121-2020-00015","2020-09-08","","03","폐업","02","폐업","2022-11-17","","","","","55.08","","강원특별자치도 강릉시 교동 1806-9","강원특별자치도 강릉시 하슬라로232번길 25-1, 1층 (교동)","25508","팡파미유(교동점)","2022-11-17 16:19:31","I","2023-06-13 00:00:00","제과점영업","365454.242013474","475896.833705644","제과점영업","0","0","기타","기타","상수도전용","0","0","0","0","0","","0","0","N","55.08","","","",
"1477","제과점영업","07_22_18_P","4201000","4201000-121-2020-00017","2020-09-16","","03","폐업","02","폐업","2023-05-23","","","","","32.60","","강원특별자치도 강릉시 포남동 1247-6","강원특별자치도 강릉시 산양길 22, 1층 (포남동)","25481","베이커리 툇마루","2023-05-23 17:26:00","I","2023-06-13 00:00:00","제과점영업","368570.341073106","476768.399363601","제과점영업","0","0","기타","기타","상수도전용","0","0","0","0","0","","0","0","N","32.6","","","",
"1478","제과점영업","07_22_18_P","4201000","4201000-121-2020-00019","2020-11-05","","03","폐업","02","폐업","2022-04-19","","","","","41.49","","강원특별자치도 강릉시 포남동 1187-5","강원특별자치도 강릉시 성덕포남로182번길 44, 1층 (포남동)","25568","올브래드","2022-04-19 11:22:03","I","2023-06-13 00:00:00","제과점영업","368505.189250669","475884.708512725","제과점영업","0","0","","","상수도전용","0","0","0","0","0","","0","0","N","41.49","","","",
"1479","제과점영업","07_22_18_P","4201000","4201000-121-2020-00020","2020-11-11","","03","폐업","02","폐업","2023-01-31","","","","","51.40","","강원특별자치도 강릉시 강문동 154-8","강원특별자치도 강릉시 창해로 351-1, 1층 (강문동)","25467","강릉당커피콩빵","2023-01-31 16:19:03","I","2023-06-13 00:00:00","제과점영업","368902.829154342","478610.925391822","제과점영업","0","0","기타","","상수도전용","0","0","0","0","0","","0","0","N","51.4","","","",
"1480","제과점영업","07_22_18_P","4201000","4201000-121-2020-00021","2020-11-19","","03","폐업","02","폐업","2021-12-03","","","","","15.46","","강원특별자치도 강릉시 금학동 52-1","강원특별자치도 강릉시 신대학길 22, 1층 (금학동)","25539","초당커초파이","2021-12-03 11:55:10","I","2023-06-13 00:00:00","제과점영업","366990.785152435","473990.053212802","제과점영업","0","0","기타","","상수도전용","0","0","0","0","0","","0","0","N","15.46","","","",
"1481","제과점영업","07_22_18_P","4201000","4201000-121-2021-00001","2021-02-03","","03","폐업","02","폐업","2025-02-10","","","","","97.48","","강원특별자치도 강릉시 유천동 759-7","강원특별자치도 강릉시 선수촌로 114, 1층 101호 (유천동)","25458","카페미티드","2025-02-10 11:10:46","U","2025-02-12 02:40:00","제과점영업","364757.870623081","474840.648129259","제과점영업","0","0","기타","","","0","0","0","0","0","","0","0","N","97.48","","","",
"1482","제과점영업","07_22_18_P","4201000","4201000-121-2021-00002","2021-02-26","","03","폐업","02","폐업","2024-08-26","","","","","35.68","","강원특별자치도 강릉시 교동 1890-1","강원특별자치도 강릉시 정원로 56, 1층 102호 (교동)","25515","캉캉케이크","2024-08-26 09:08:26","U","2024-08-28 02:40:00","제과점영업","365215.540885583","475012.642374049","제과점영업","0","0","","","상수도전용","0","0","0","0","0","","0","0","N","35.68","","","",
"1483","제과점영업","07_22_18_P","4201000","4201000-121-2021-00003","2021-03-10","","03","폐업","02","폐업","2024-12-19","","","","","32.64","","강원특별자치도 강릉시 옥천동 223 동부시장","강원특별자치도 강릉시 옥천로 48, 동부시장 1층 11호 (옥천동)","25552","앙큼(Ankum)","2024-12-19 09:08:14","U","2024-12-21 02:40:00","제과점영업","367443.601105971","474756.310270998","제과점영업","0","0","기타","","상수도전용","0","0","0","0","0","","0","0","N","32.64","","","",
"1484","제과점영업","07_22_18_P","4201000","4201000-121-2021-00005","2021-04-15","","03","폐업","02","폐업","2025-09-19","","","","033 642 0099","48.00","","강원특별자치도 강릉시 홍제동 1029-1","강원특별자치도 강릉시 선수촌로 78, 107호 (홍제동)","25522","코코호도 강릉유천점","2025-09-19 15:33:51","U","2025-09-21 02:40:00","제과점영업","364784.520097291","474458.64077777","제과점영업","0","0","기타","기타","상수도전용","0","0","0","0","0","","0","0","N","48","","","",
"1485","제과점영업","07_22_18_P","4201000","4201000-121-2022-00004","2022-04-05","","03","폐업","02","폐업","2024-12-26","","","","","30.09","","강원특별자치도 강릉시 성남동 55-12","강원특별자치도 강릉시 중앙시장2길 44, 1층 (성남동)","25543","다화과자집","2024-12-26 13:45:38","U","2024-12-28 02:40:00","제과점영업","367354.913600638","474003.649729485","제과점영업","0","0","기타","기타","상수도전용","0","0","0","0","0","","0","0","N","30.09","","","",
"1486","제과점영업","07_22_18_P","4201000","4201000-121-2022-00005","2022-04-13","","03","폐업","02","폐업","2024-12-26","","","","","49.42","","강원특별자치도 강릉시 홍제동 1029-1","강원특별자치도 강릉시 선수촌로 78, 태광프라자 1층 106호 (홍제동)","25522","캘리포니아도넛클럽강릉유천점","2024-12-26 16:36:57","U","2024-12-28 02:40:00","제과점영업","364784.520097291","474458.64077777","제과점영업","0","0","기타","기타","상수도전용","0","0","0","0","0","","0","0","N","49.42","","","",
"1487","제과점영업","07_22_18_P","4201000","4201000-121-1995-00010","1995-12-26","","03","폐업","02","폐업","2004-06-28","","","","033 6514776","41.94","","강원특별자치도 강릉시 노암동 708-1","","","신라명과강남점","2010-12-22 11:05:06","I","2023-06-13 00:00:00","제과점영업","367135.646204962","473420.314890763","제과점영업","0","2","아파트지역","","상수도전용","0","0","0","0","0","","0","0","N","41.94","","","",
"1488","제과점영업","07_22_18_P","4201000","4201000-121-1995-00011","1995-03-27","","03","폐업","02","폐업","2006-06-02","","","","033 6520088","43.12","","강원특별자치도 강릉시 포남동 113 일송상가","","","빵뜨락","2002-08-14 00:00:00","I","2023-06-13 00:00:00","제과점영업","368153.602329267","477484.978665707","제과점영업","0","0","아파트지역","","상수도전용","0","0","0","0","0","","0","0","N","43.12","","","",
"1489","제과점영업","07_22_18_P","4201000","4201000-121-1995-00015","1995-08-29","","03","폐업","02","폐업","2002-04-08","","","","033 6489389","22.33","","강원특별자치도 강릉시 노암동 248-2","","","큰베이커리","2002-04-08 00:00:00","I","2023-06-13 00:00:00","제과점영업","367811.490991319","473873.104864842","제과점영업","1","1","기타","","상수도전용","0","0","0","0","0","","0","0","N","22.33","","","",
"1490","제과점영업","07_22_18_P","4201000","4201000-121-1995-00016","1995-12-09","","03","폐업","02","폐업","2007-10-22","","","","033 6484112","22.99","","강원특별자치도 강릉시 교동 963-8","","","뉴밀라노베이커리","2006-03-17 00:00:00","I","2023-06-13 00:00:00","제과점영업","365968.225975759","474305.646798131","제과점영업","1","1","주택가주변","","상수도전용","0","0","0","0","0","","0","0","N","22.99","","","",
"1491","제과점영업","07_22_18_P","4201000","4201000-121-1995-00017","1995-11-02","","03","폐업","02","폐업","2021-11-01","","","","033 643 9119","72.89","","강원특별자치도 강릉시 홍제동 992-1","강원특별자치도 강릉시 하슬라로 27 (홍제동)","25519","신라명과터미널점","2021-11-01 16:29:58","I","2023-06-13 00:00:00","제과점영업","365503.379656422","474089.056243697","제과점영업","0","0","기타","","상수도전용","0","0","0","0","0","","0","0","N","72.89","","","",
"1492","제과점영업","07_22_18_P","4201000","4201000-121-1995-00019","1995-02-17","","03","폐업","02","폐업","2003-05-20","","","","033 6622281","64.24","","강원특별자치도 강릉시 주문진읍 주문리 312-33","","","파란풍차베이커리","2002-03-12 00:00:00","I","2023-06-13 00:00:00","제과점영업","360844.038201877","489575.4921571","제과점영업","0","0","기타","","상수도전용","0","0","0","0","0","","0","0","N","64.24","","","",
"1493","제과점영업","07_22_18_P","4201000","4201000-121-1995-00021","1995-03-17","","03","폐업","02","폐업","1999-11-16","","","","","","","강원특별자치도 강릉시 송정동 990-2","","","동큐제과송정점","2002-06-19 00:00:00","I","2023-06-13 00:00:00","제과점영업","","","제과점영업","0","0","","","","0","0","0","0","0","","0","0","N","0","","","",
"1494","제과점영업","07_22_18_P","4201000","4201000-121-1995-00025","1995-11-01","","03","폐업","02","폐업","1998-11-10","","","","","","","강원특별자치도 강릉시 홍제동 992-2","","","고려당고속터미널분점","2002-06-21 00:00:00","I","2023-06-13 00:00:00","제과점영업","365628.57567861","474112.762535793","제과점영업","0","0","","","","0","0","0","0","0","","0","0","N","0","","","",
"1495","제과점영업","07_22_18_P","4201000","4201000-121-1996-00007","1996-08-09","","03","폐업","02","폐업","2002-02-09","","","","033 6520609","","","강원특별자치도 강릉시 송정동 997-4","","","케익공방쁘띠랑쥬","2002-03-13 00:00:00","I","2023-06-13 00:00:00","제과점영업","","","제과점영업","2","1","아파트지역","","","0","0","0","0","0","","0","0","N","0","","","",
"1496","제과점영업","07_22_18_P","4201000","4201000-121-2022-00008","2022-06-24","","03","폐업","02","폐업","2024-11-26","","","","","22.56","","강원특별자치도 강릉시 주문진읍 교항리 48-218","강원특별자치도 강릉시 주문진읍 연주로 308-1","25424","루아제과","2024-11-26 16:24:53","U","2024-11-28 02:40:00","제과점영업","360650.405756523","487938.773749299","제과점영업","0","0","기타","기타","상수도전용","0","0","0","0","0","","0","0","N","22.56","","","",
"1497","제과점영업","07_22_18_P","4201000","4201000-121-2022-00010","2022-06-28","","03","폐업","02","폐업","2023-10-17","","","","","14.20","","강원특별자치도 강릉시 주문진읍 주문리 312-458","강원특별자치도 강릉시 주문진읍 해안로 1754, 2단지 1동","25413","카페맬굼2호점","2023-10-17 10:21:12","U","2023-10-19 02:40:00","제과점영업","360810.146554534","489230.93654123","제과점영업","0","0","기타","기타","상수도전용","0","0","0","0","0","","0","0","N","14.2","","","",
"1498","제과점영업","07_22_18_P","4201000","4201000-121-2022-00012","2022-08-09","","03","폐업","02","폐업","2022-08-15","","","","","","","강원특별자치도 강릉시 초당동 505 강릉녹색도시 체험센터","강원특별자치도 강릉시 난설헌로 131, 강릉녹색도시 체험센터 (초당동)","25466","김윤식케익부띠끄","2022-08-16 04:15:09","I","2023-06-13 00:00:00","제과점영업","367950.860927223","478141.732782199","제과점영업","0","0","","","","0","0","0","0","0","","0","0","N","0","","","",
"1499","제과점영업","07_22_18_P","4201000","4201000-121-2022-00014","2022-10-18","","03","폐업","02","폐업","2023-11-10","","","","","84.25","","강원특별자치도 강릉시 교동 140-16 117,118호","강원특별자치도 강릉시 강릉대로 285, 1층 (교동)","25491","오아오아(OAOA)","2023-11-10 09:04:51","U","2023-11-12 02:40:00","제과점영업","367333.631963043","475060.22888954","제과점영업","0","0","기타","기타","상수도전용","0","0","0","0","0","","0","0","N","84.25","","","",
"1500","제과점영업","07_22_18_P","4201000","4201000-121-2022-00015","2022-11-16","","03","폐업","02","폐업","2024-11-06","","","","","144.76","","강원특별자치도 강릉시 초당동 77-3","강원특별자치도 강릉시 강릉대로587번길 22, 1층 (초당동)","25468","강릉당커피콩빵초당점","2024-11-06 17:24:57","U","2024-11-08 02:40:00","제과점영업","368931.198644693","477577.741997686","제과점영업","0","0","","","상수도전용","0","0","0","0","0","","0","0","N","144.76","","","",
"1501","제과점영업","07_22_18_P","4201000","4201000-121-2022-00016","2022-11-24","","03","폐업","02","폐업","2024-11-12","","","","","35.20","","강원특별자치도 강릉시 내곡동 480-9","강원특별자치도 강릉시 범일로 597, 4-1호 (내곡동)","25602","베이크홀","2024-11-12 15:18:57","U","2024-11-14 02:40:00","제과점영업","365644.430838359","472599.756183272","제과점영업","0","0","기타","기타","상수도전용","0","0","0","0","0","","0","0","N","35.2","","","",
"1502","제과점영업","07_22_18_P","4201000","4201000-121-2021-00007","2021-05-31","","03","폐업","02","폐업","2025-03-24","","","","033 648 4559","28.86","","강원특별자치도 강릉시 성남동 62-1 강릉축협","강원특별자치도 강릉시 금성로23번길 10, 강릉축협 지하1층 (성남동)","25543","성남베이커리","2025-03-24 15:04:53","U","2025-03-26 02:40:00","제과점영업","367254.320038796","473995.821079947","제과점영업","0","0","기타","","상수도전용","0","0","0","0","0","","0","0","N","28.86","","","",
"1503","제과점영업","07_22_18_P","4201000","4201000-121-2024-00018","2024-09-24","","03","폐업","02","폐업","2024-10-28","","","","","","","강원특별자치도 강릉시 금학동 1-7 2024월화거리야시장","","","2024월화거리야시장(테에나)","2024-10-29 04:15:09","U","2024-10-31 02:40:00","제과점영업","367259.573037346","474181.27619586","제과점영업","0","0","","","","0","0","0","0","0","","0","0","N","0","","","",
"1504","제과점영업","07_22_18_P","4201000","4201000-121-2024-00019","2024-09-24","","03","폐업","02","폐업","2024-09-28","","","","","","","강원특별자치도 강릉시 유산동 160-1 2024강릉로컬푸드마켓","","","2024강릉로컬푸드마켓(감천당)","2024-09-29 04:15:09","U","2024-10-01 02:40:00","제과점영업","369003.950742812","472343.966333923","제과점영업","0","0","","","","0","0","0","0","0","","0","0","N","0","","","",
"1505","제과점영업","07_22_18_P","4201000","4201000-121-2024-00020","2024-10-18","","03","폐업","02","폐업","2024-10-20","","","","","","","강원특별자치도 강릉시 초당동 505 명주프리마켓","","","명주프리마켓 테에나","2024-10-21 04:15:09","U","2024-10-23 02:40:00","제과점영업","367950.860927223","478141.732782199","제과점영업","0","0","","","","0","0","0","0","0","","0","0","N","0","","","",
"1506","제과점영업","07_22_18_P","4201000","4201000-121-2024-00021","2024-10-18","","03","폐업","02","폐업","2024-10-27","","","","","","","강원특별자치도 강릉시 견소동 268-33 2024강릉커피축제","","","2024강릉커피축제 강릉샌드","2024-10-28 04:15:08","U","2024-10-30 02:40:00","제과점영업","371106.741604925","476578.557774321","제과점영업","0","0","","","","0","0","0","0","0","","0","0","N","0","","","",
"1507","제과점영업","07_22_18_P","4201000","4201000-121-2024-00022","2024-10-18","","03","폐업","02","폐업","2024-10-27","","","","","","","강원특별자치도 강릉시 견소동 268-33 2024강릉커피축제","","","2024강릉커피축제 쉐프조이","2024-10-28 04:15:08","U","2024-10-30 02:40:00","제과점영업","371106.741604925","476578.557774321","제과점영업","0","0","","","","0","0","0","0","0","","0","0","N","0","","","",
"1508","제과점영업","07_22_18_P","4201000","4201000-121-2024-00017","2024-08-26","","03","폐업","02","폐업","2024-09-27","","","","","","","강원특별자치도 강릉시 금학동 1-7 2024월화거리야시장","","","2024월화거리야시장(테에나)","2024-09-28 04:15:09","U","2024-09-30 02:40:00","제과점영업","367259.573037346","474181.27619586","제과점영업","0","0","","","","0","0","0","0","0","","0","0","N","0","","","",
"1509","제과점영업","07_22_18_P","4201000","4201000-121-2024-00024","2024-10-31","","03","폐업","02","폐업","2024-11-02","","","","","","","강원특별자치도 강릉시 초당동 505 2024 제4회 강릉환경교육페스티벌","강원특별자치도 강릉시 난설헌로 131, 강릉녹색도시 체험센터 (초당동)","25466","2024 제4회 강릉환경교육페스티벌 테에나","2024-11-03 04:15:09","U","2024-11-05 02:40:00","제과점영업","367950.860927223","478141.732782199","제과점영업","0","0","","","","0","0","0","0","0","","0","0","N","0","","","",
"1510","제과점영업","07_22_18_P","4201000","4201000-121-2024-00015","2024-07-23","","03","폐업","02","폐업","2024-08-27","","","","","","","강원특별자치도 강릉시 금학동 1-7 2024월화거리야시장","","","2024월화거리야시장(테에나)","2024-08-28 04:15:08","U","2024-08-30 02:40:00","제과점영업","367259.573037346","474181.27619586","제과점영업","0","0","","","","0","0","0","0","0","","0","0","N","0","","","",
"1511","제과점영업","07_22_18_P","4201000","4201000-121-2024-00016","2024-08-20","","03","폐업","02","폐업","2024-08-25","","","","","","","강원특별자치도 강릉시 명주동 49-1 제11회명주인형극제","","","제11회명주인형극제 빵굽는보혜씨","2024-08-26 04:15:09","U","2024-08-28 02:40:00","제과점영업","366497.629310641","473657.437230747","제과점영업","0","0","","","","0","0","0","0","0","","0","0","N","0","","","",
"1512","제과점영업","07_22_18_P","4201000","4201000-121-2024-00005","2024-04-23","","03","폐업","02","폐업","2024-05-26","","","","","","","강원특별자치도 강릉시 금학동 1-7 2024월화거리야시장","","","김성수제빵소","2024-05-27 04:15:08","U","2024-05-29 02:40:00","제과점영업","367259.573037346","474181.27619586","제과점영업","0","0","","","","0","0","0","0","0","","0","0","N","0","","","",
"1513","제과점영업","07_22_18_P","4201000","4201000-121-2024-00008","2024-05-16","","03","폐업","02","폐업","2024-05-18","","","","","","","강원특별자치도 강릉시 초당동 57-17","강원특별자치도 강릉시 초당순두부길 86 (초당동)","25468","초당미식로드축제초당도시락(앤즈케이크)","2024-05-19 04:15:08","U","2024-05-21 02:40:00","제과점영업","368683.902237262","478213.114755919","제과점영업","0","0","","","","0","0","0","0","0","","0","0","N","0","","","",
"1514","제과점영업","07_22_18_P","4201000","4201000-121-2024-00009","2024-05-22","","03","폐업","02","폐업","2024-06-27","","","","","","","강원특별자치도 강릉시 금학동 1-7 2024월화거리야시장","","","2024월화거리야시장(김성수제빵소)","2024-06-28 04:15:08","U","2024-06-30 02:40:00","제과점영업","367259.573037346","474181.27619586","제과점영업","0","0","","","","0","0","0","0","0","","0","0","N","0","","","",
"1515","제과점영업","07_22_18_P","4201000","4201000-121-2024-00011","2024-05-29","","03","폐업","02","폐업","2024-06-13","","","","","","","강원특별자치도 강릉시 남문동 67 2024강릉단오제","","","2024강릉단오제 쉐프조이(소상공인)","2024-06-14 04:15:09","U","2024-06-16 02:40:00","제과점영업","366544.319720565","473488.264705859","제과점영업","0","0","","","","0","0","0","0","0","","0","0","N","0","","","",
"1516","제과점영업","07_22_18_P","4201000","4201000-121-2024-00007","2024-04-29","","03","폐업","02","폐업","2025-07-18","","","","","10.00","","강원특별자치도 강릉시 금학동 1-1","강원특별자치도 강릉시 금성로12번길 6, 1층 101호 (금학동)","25541","쿠키스하우스2호점(COOKIES HOUSE)","2025-07-18 11:24:02","U","2025-07-20 02:40:00","제과점영업","367265.648206512","474199.518762055","제과점영업","0","0","기타","기타","상수도전용","0","0","0","0","0","","0","0","N","10","","","",
"1517","제과점영업","07_22_18_P","4201000","4201000-121-2025-00017","2025-10-27","","03","폐업","02","폐업","2025-10-28","","","","","34.00","","강원특별자치도 강릉시 교동 211-2","강원특별자치도 강릉시 명륜로 53-1, 101호 (교동)","25490","블루쉘커피","2025-10-28 11:28:11","I","2025-10-30 00:20:11","제과점영업","367148.417804079","475252.719367176","제과점영업","0","0","","","","0","0","0","0","0","","0","0","N","34","","","",
"1518","제과점영업","07_22_18_P","4201000","4201000-121-2025-00010","2025-05-27","","03","폐업","02","폐업","2025-06-03","","","","","","","강원특별자치도 강릉시 남문동 67 2025강릉단오제","","","2025강릉단오제 쉐프조이","2025-06-04 04:15:09","U","2025-06-06 02:40:00","제과점영업","366544.319720565","473488.264705859","제과점영업","0","0","","","","0","0","0","0","0","","0","0","N","0","","","",
"1519","제과점영업","07_22_18_P","4201000","4201000-121-2023-00021","2023-10-30","","03","폐업","02","폐업","2023-11-04","","","","","","","강원특별자치도 강릉시 교동 1874-3 교1동 주민센터 주차장","","","인비토","2023-11-05 04:15:08","U","2023-11-07 02:40:00","제과점영업","365106.429278334","475324.51053054","제과점영업","0","0","","","","0","0","0","0","0","","0","0","N","0","","","",
"1520","제과점영업","07_22_18_P","4201000","4201000-121-2023-00020","2023-10-24","","03","폐업","02","폐업","2023-10-29","","","","","","","강원특별자치도 강릉시 임당동 106-1 임당시장 월화거리","강원특별자치도 강릉시 경강로 2111, 임당시장 (임당동)","25532","강원옥","2023-10-30 04:15:09","U","2023-11-01 02:40:00","제과점영업","367138.851374293","474314.319568211","제과점영업","0","0","","","","0","0","0","0","0","","0","0","N","0","","","",
"1521","제과점영업","07_22_18_P","4201000","4201000-121-2023-00022","2023-11-23","","03","폐업","02","폐업","2023-12-18","","","","","27.00","","강원특별자치도 강릉시 내곡동 123-10","강원특별자치도 강릉시 남산초교길25번길 1, 1층 (내곡동)","25585","키키스쿠키","2023-12-18 15:32:56","U","2023-12-20 02:40:00","제과점영업","366624.852040056","473115.252060805","제과점영업","0","0","","","상수도전용","0","0","0","0","0","","0","0","N","27","","","",
"1522","제과점영업","07_22_18_P","4201000","4201000-121-2023-00015","2023-10-10","","03","폐업","02","폐업","2023-10-15","","","","","","","강원특별자치도 강릉시 초당동 459-28","","","앤즈케이크(Anne's cake)","2023-10-16 04:15:09","U","2023-10-18 02:40:00","제과점영업","368039.732310411","478982.961257691","제과점영업","0","0","","","","0","0","0","0","0","","0","0","N","0","","","",
"1523","제과점영업","07_22_18_P","4201000","4201000-121-2023-00016","2023-10-10","","03","폐업","02","폐업","2023-10-15","","","","","","","강원특별자치도 강릉시 포남동 250-2 강릉스피드스케이팅경기장","강원특별자치도 강릉시 수리골길 100, 강릉스피드스케이팅경기장 (포남동)","25472","살롱드마카롱&플라워","2023-10-16 04:15:09","U","2023-10-18 02:40:00","제과점영업","","","제과점영업","0","0","","","","0","0","0","0","0","","0","0","N","0","","","",
"1524","제과점영업","07_22_18_P","4201000","4201000-121-2023-00017","2023-10-10","","03","폐업","02","폐업","2023-10-15","","","","","","","강원특별자치도 강릉시 포남동 250-2 강릉스피드스케이팅경기장","강원특별자치도 강릉시 수리골길 100, 강릉스피드스케이팅경기장 (포남동)","25472","쉐프조이","2023-10-16 04:15:09","U","2023-10-18 02:40:00","제과점영업","","","제과점영업","0","0","","","","0","0","0","0","0","","0","0","N","0","","","",
"1525","제과점영업","07_22_18_P","4201000","4201000-121-2023-00018","2023-10-10","","03","폐업","02","폐업","2023-10-15","","","","","","","강원특별자치도 강릉시 포남동 250-2 강릉스피드스케이팅경기장","강원특별자치도 강릉시 수리골길 100, 강릉스피드스케이팅경기장 (포남동)","25472","빵굽는보혜씨","2023-10-16 04:15:09","U","2023-10-18 02:40:00","제과점영업","","","제과점영업","0","0","","","","0","0","0","0","0","","0","0","N","0","","","",
"1526","제과점영업","07_22_18_P","4211000","4211000-121-2002-00001","2002-02-25","","03","폐업","02","폐업","2014-06-02","","","","5351008","39.80","","강원특별자치도 동해시 부곡동 66-28","강원특별자치도 동해시 발한로 71 (부곡동)","25732","빵이야기","2014-06-11 11:27:13","I","2023-06-13 00:00:00","제과점영업","385678.473291773","450576.045926966","제과점영업","0","0","","","상수도전용","0","0","0","0","0","","0","0","N","39.8","","","",
"1527","제과점영업","07_22_18_P","4211000","4211000-121-2018-00001","2018-02-14","","03","폐업","02","폐업","2023-12-28","","","","050714440981","89.60","","강원특별자치도 동해시 천곡동 961-20","강원특별자치도 동해시 감추4길 40-4, 1층 (천곡동)","25777","청년마카롱∥","2023-12-28 16:04:52","U","2023-12-30 02:40:00","제과점영업","387250.027776216","448338.888717587","제과점영업","0","0","","","상수도전용","0","0","0","0","0","","0","0","N","89.6","","","",
"1528","제과점영업","07_22_18_P","4211000","4211000-121-2018-00002","2018-05-17","","03","폐업","02","폐업","2021-05-10","","","","033 5310013","50.40","","강원특별자치도 동해시 발한동 597-31 다호","강원특별자치도 동해시 발한로 81, 1층 다호 (발한동)","25732","수(手)과자점","2021-05-10 17:00:47","I","2023-06-13 00:00:00","제과점영업","385665.115891456","450662.520942848","제과점영업","0","0","","","상수도전용","0","0","0","0","0","","0","0","N","50.4","","","",
"1529","제과점영업","07_22_18_P","4211000","4211000-121-2018-00003","2018-05-21","","03","폐업","02","폐업","2019-12-26","","","","","14.58","","강원특별자치도 동해시 천곡동 831 동해이마트","강원특별자치도 동해시 천곡로 100, 동해이마트 1층 (천곡동)","25769","(주)신세계푸드 이베이커리 동해점(Ⅱ)","2019-12-26 16:46:02","I","2023-06-13 00:00:00","제과점영업","387085.790410418","448958.829445114","제과점영업","0","0","","","상수도전용","0","0","0","0","0","","0","0","N","14.58","","","",
"1530","제과점영업","07_22_18_P","4211000","4211000-121-2018-00004","2018-11-19","","03","폐업","02","폐업","2021-08-24","","","","033 5313200","40.80","","강원특별자치도 동해시 동회동 108-1 1층 103호","강원특별자치도 동해시 효자남길 33, 1층 103호 (동회동)","25806","보뇌르베이커리2호점","2021-08-24 13:12:02","I","2023-06-13 00:00:00","제과점영업","386385.313220588","445092.051958037","제과점영업","0","0","주택가주변","","상수도전용","0","0","0","0","0","","0","0","N","40.8","","","",
"1531","제과점영업","07_22_18_P","4211000","4211000-121-2019-00001","2019-03-15","","03","폐업","02","폐업","2020-09-04","","","","","77.69","","강원특별자치도 동해시 평릉동 318-1 현웅빌딩","강원특별자치도 동해시 평릉길 32, 현웅빌딩 1층 105호 (평릉동)","25749","자작나무숲베이커리앤카페","2020-09-04 16:05:35","I","2023-06-13 00:00:00","제과점영업","385722.685575503","449455.849584195","제과점영업","0","0","","","상수도전용","0","0","0","0","0","","0","0","N","77.69","","","",
"1532","제과점영업","07_22_18_P","4211000","4211000-121-2020-00002","2020-04-06","","03","폐업","02","폐업","2024-07-04","","","","033 5350455","142.22","","강원특별자치도 동해시 평릉동 467-8 동화빌","강원특별자치도 동해시 평원6길 21, 1층 (평릉동)","25752","동화속베이커리&카페","2024-07-04 17:45:12","U","2024-07-06 02:40:00","제과점영업","387001.677051159","449652.325007206","제과점영업","0","0","기타","","상수도전용","0","0","0","0","0","","0","0","N","142.22","","","",
"1533","제과점영업","07_22_18_P","4211000","4211000-121-2020-00003","2020-05-26","","03","폐업","02","폐업","2025-07-22","","","","033 5219244","63.00","","강원특별자치도 동해시 동회동 66-4 동보상가 나동 3호","강원특별자치도 동해시 효자남길 26-1, 동보상가 나동 3호 (동회동)","25808","교동빵집","2025-07-22 11:44:46","U","2025-07-24 02:40:00","제과점영업","386471.466984915","445005.947147876","제과점영업","0","0","학교정화(상대)","","상수도전용","0","0","0","0","0","","0","0","N","63","","","",
"1534","제과점영업","07_22_18_P","4211000","4211000-121-2020-00004","2020-08-28","","03","폐업","02","폐업","2022-09-16","","","","033 5328000","60.30","","강원특별자치도 동해시 평릉동 313-10 103호","강원특별자치도 동해시 평릉1길 28, 1층 103호 (평릉동)","25747","에그존앤샌드베이","2022-09-16 09:34:21","I","2023-06-13 00:00:00","제과점영업","385714.387203526","449515.889707747","제과점영업","0","0","아파트지역","","상수도전용","0","0","0","0","0","","0","0","N","60.3","","","",
"1535","제과점영업","07_22_18_P","4211000","4211000-121-2020-00006","2020-12-10","","03","폐업","02","폐업","2021-09-14","","","","","44.12","","강원특별자치도 동해시 쇄운동 7-5","강원특별자치도 동해시 청운1길 56, 1층 (쇄운동)","25810","호셰프","2021-09-14 16:50:36","I","2023-06-13 00:00:00","제과점영업","386507.605811526","444711.470487815","제과점영업","0","0","아파트지역","","상수도전용","0","0","0","0","0","","0","0","N","44.12","","","",
"1536","제과점영업","07_22_18_P","4211000","4211000-121-2021-00002","2021-10-07","","03","폐업","02","폐업","2023-03-06","","","","","23.06","","강원특별자치도 동해시 평릉동 453-3","강원특별자치도 동해시 하평로 72, 1층 105호 (평릉동)","25751","씨앗베이커리","2023-03-06 10:07:33","I","2023-06-13 00:00:00","제과점영업","386710.512005347","449806.488185313","제과점영업","0","0","주택가주변","","상수도전용","0","0","0","0","0","","0","0","N","23.06","","","",
"1537","제과점영업","07_22_18_P","4211000","4211000-121-2021-00003","2021-10-22","","03","폐업","02","폐업","2022-12-01","","","","","31.85","","강원특별자치도 동해시 천곡동 1046","강원특별자치도 동해시 한섬로 10, 1층 (천곡동)","25773","빵만드는남자","2022-12-01 09:20:44","I","2023-06-13 00:00:00","제과점영업","386024.602781112","448448.922570059","제과점영업","0","0","주택가주변","","상수도전용","0","0","0","0","0","","0","0","N","31.85","","","",
"1538","제과점영업","07_22_18_P","4211000","4211000-121-2022-00002","2022-04-12","","03","폐업","02","폐업","2023-12-28","","","","","31.93","","강원특별자치도 동해시 천곡동 1062 삼양상가 109호","강원특별자치도 동해시 대학로 14, 1층 109호 (천곡동)","25768","꾸덕꾸덕 치즈케이크","2023-12-28 13:12:57","U","2023-12-30 02:40:00","제과점영업","386786.417454008","448702.79196657","제과점영업","0","0","유흥업소밀집지역","","상수도전용","0","0","0","0","0","","0","0","N","31.93","","","",
"1539","제과점영업","07_22_18_P","4211000","4211000-121-2023-00001","2023-05-16","","03","폐업","02","폐업","2024-12-19","","","","","18.00","","강원특별자치도 동해시 동회동 175-6 꽃가람","강원특별자치도 동해시 효자남길 62, 1층 (동회동)","25806","오아 케이크","2024-12-19 16:12:43","U","2024-12-21 02:40:00","제과점영업","386403.029118424","445358.666254355","제과점영업","0","0","기타","","상수도전용","0","0","0","0","0","","0","0","N","18","","","",
"1540","제과점영업","07_22_18_P","4211000","4211000-121-2010-00004","2010-12-06","","03","폐업","02","폐업","2010-12-15","","","","","3.70","","강원특별자치도 동해시 천곡동 831","","","(주)조선호텔베이커리 데이앤데이 동해점2","2010-12-06 14:39:38","I","2023-06-13 00:00:00","제과점영업","387085.790410418","448958.829445114","제과점영업","0","0","기타","","상수도전용","0","0","0","0","0","","0","0","N","3.7","","","",
"1541","제과점영업","07_22_18_P","4211000","4211000-121-2011-00001","2011-03-03","","03","폐업","02","폐업","2015-12-09","","","","033 5323532","82.36","","강원특별자치도 동해시 천곡동 1077-10 삼양타워3차 102,103호","강원특별자치도 동해시 한섬로 61-15, 102,103호 (천곡동, 삼양타워3차)","25761","빚은 강원동해점","2014-04-30 14:33:17","I","2023-06-13 00:00:00","제과점영업","386616.799572137","448643.895995311","제과점영업","0","0","기타","","상수도전용","0","0","0","0","0","","0","0","N","82.36","","","",
"1542","제과점영업","07_22_18_P","4211000","4211000-121-2011-00002","2011-05-16","","03","폐업","02","폐업","2011-06-17","","","","","6.00","","강원특별자치도 동해시 천곡동 831 (주)이마트동해점 1층","","","(주)조선호텔베이커리(와플)","2011-05-16 16:00:35","I","2023-06-13 00:00:00","제과점영업","387085.790410418","448958.829445114","제과점영업","0","0","","","","0","0","0","0","0","","0","0","N","6","","","",
"1543","제과점영업","07_22_18_P","4211000","4211000-121-2011-00004","2011-06-29","","03","폐업","02","폐업","2011-07-21","","","","033 5333958","1.08","","강원특별자치도 동해시 천곡동 831 번지 이마트동해점 1층","","","(주)조선호텔베이커리(도넛)","2011-06-29 16:53:41","I","2023-06-13 00:00:00","제과점영업","387085.790410418","448958.829445114","제과점영업","0","0","기타","","상수도전용","0","0","0","0","0","","0","0","N","1.08","","","",
"1544","제과점영업","07_22_18_P","4211000","4211000-121-2011-00005","2011-06-30","","03","폐업","02","폐업","2015-04-16","","","","033 5210285","30.24","","강원특별자치도 동해시 쇄운동 109-3","강원특별자치도 동해시 효자남길 27-6 (쇄운동)","25807","맘스베이킹","2014-04-30 14:39:08","I","2023-06-13 00:00:00","제과점영업","386224.747379172","445032.03718935","제과점영업","0","0","학교정화(상대)","","상수도전용","0","0","0","0","0","","0","0","N","30.24","","","",
"1545","제과점영업","07_22_18_P","4211000","4211000-121-2012-00003","2012-10-16","","03","폐업","02","폐업","2021-09-14","","","","033 5341237","50.00","","강원특별자치도 동해시 천곡동 856 이주민상가 10,65호","강원특별자치도 동해시 중앙로 234, 이주민상가 1층 10,65호 (천곡동)","25769","보뇌르베이커리","2021-09-14 15:34:13","I","2023-06-13 00:00:00","제과점영업","386927.673523156","448667.134954151","제과점영업","0","0","기타","","상수도전용","0","0","0","0","0","","0","0","N","50","","","",
"1546","제과점영업","07_22_18_P","4211000","4211000-121-2013-00002","2013-08-06","","03","폐업","02","폐업","2022-06-20","","","","033 5358289","74.88","","강원특별자치도 동해시 평릉동 448 1층 105호,106호","강원특별자치도 동해시 평원로 110, 1층 105,106호 (평릉동, 동해해안사랑으로부영 상가동)","25737","파리바게뜨동해평릉점","2022-06-20 14:17:19","I","2023-06-13 00:00:00","제과점영업","386778.668029596","449993.232711718","제과점영업","0","0","주택가주변","","상수도전용","0","0","0","0","0","","0","0","N","74.88","","","",
"1547","제과점영업","07_22_18_P","4211000","4211000-121-2013-00003","2013-08-07","","03","폐업","02","폐업","2013-08-16","","","","033533 3958","12.00","","강원특별자치도 동해시 천곡동 831 1층","강원특별자치도 동해시 천곡로 100, 1층 (천곡동, 이마트동해점)","25769","신세계에스브이엔베이커리2","2013-08-07 14:15:27","I","2023-06-13 00:00:00","제과점영업","387085.790410418","448958.829445114","제과점영업","0","0","기타","","상수도전용","0","0","0","0","0","","0","0","N","12","","","",
"1548","제과점영업","07_22_18_P","4211000","4211000-121-2013-00004","2013-11-07","","03","폐업","02","폐업","2016-11-02","","","","","36.13","","강원특별자치도 동해시 천곡동 802-4 1층 105호","강원특별자치도 동해시 천곡로 67, 1층 105호 (천곡동)","25759","브레드칸","2013-11-07 11:28:49","I","2023-06-13 00:00:00","제과점영업","386691.680914314","448946.777698166","제과점영업","0","0","기타","","상수도전용","0","0","0","0","0","","0","0","N","36.13","","","",
"1549","제과점영업","07_22_18_P","4211000","4211000-121-2014-00001","2014-12-10","","03","폐업","02","폐업","2019-03-13","","","","033 5215515","41.04","","강원특별자치도 동해시 동회동 81","강원특별자치도 동해시 효자남길 20 (동회동, 태화마트)","25808","동트는빵집","2019-03-13 17:21:49","I","2023-06-13 00:00:00","제과점영업","386444.674673286","444954.934285399","제과점영업","0","0","아파트지역","","상수도전용","0","0","0","0","0","","0","0","N","41.04","","","",
"1550","제과점영업","07_22_18_P","4211000","4211000-121-2015-00003","2015-07-10","","03","폐업","02","폐업","2018-08-07","","","","070 77969705","30.00","","강원특별자치도 동해시 동회동 442 대동아파트상가동 1층 14,15호","강원특별자치도 동해시 청운1길 29, 1층 14,15호 (동회동, 대동아파트상가동)","25807","미세스마카롱","2018-08-07 13:33:22","I","2023-06-13 00:00:00","제과점영업","386177.814049483","444870.370953969","제과점영업","0","0","아파트지역","","상수도전용","0","0","0","0","0","","0","0","N","30","","","",
"1551","제과점영업","07_22_18_P","4211000","4211000-121-2017-00001","2017-01-03","","03","폐업","02","폐업","2019-01-17","","","","050714440981","18.81","","강원특별자치도 동해시 부곡동 117-1 가동 104호","강원특별자치도 동해시 부곡3길 20-8, 가동 104호 (부곡동)","25735","청년마카롱","2019-01-17 17:46:56","I","2023-06-13 00:00:00","제과점영업","386216.394778427","450405.890077306","제과점영업","0","0","기타","","상수도전용","0","0","0","0","0","","0","0","N","18.81","","","",
"1552","제과점영업","07_22_18_P","4211000","4211000-121-2017-00002","2017-01-31","","03","폐업","02","폐업","2017-11-17","","","","033 532 3410","38.88","","강원특별자치도 동해시 천곡동 802-4","강원특별자치도 동해시 천곡로 67, 1층 (천곡동)","25759","라오제 대왕카스테라","2017-11-17 17:31:45","I","2023-06-13 00:00:00","제과점영업","386691.680914314","448946.777698166","제과점영업","0","0","","","상수도전용","0","0","0","0","0","","0","0","N","38.88","","","",
"1553","제과점영업","07_22_18_P","4211000","4211000-121-2001-00001","1993-07-16","","03","폐업","02","폐업","2008-03-12","","","","033 5351204","65.95","","강원특별자치도 동해시 천곡동 1061","","","파리바게뜨동해점","2003-09-01 00:00:00","I","2023-06-13 00:00:00","제과점영업","386777.564549742","448726.86736624","제과점영업","0","0","","","상수도전용","0","0","0","0","0","","0","0","N","65.95","","","",
"1554","제과점영업","07_22_18_P","4211000","4211000-121-2001-00002","2001-08-28","","03","폐업","02","폐업","2006-09-11","","","","033 5336789","54.57","","강원특별자치도 동해시 발한동 16-14 7통5반","","","스마일제과","2001-08-28 00:00:00","I","2023-06-13 00:00:00","제과점영업","386256.16707065","451823.039737168","제과점영업","0","0","","","상수도전용","0","0","0","0","0","","0","0","N","54.57","","","",
"1555","제과점영업","07_22_18_P","4211000","4211000-121-2001-00003","2001-08-28","","03","폐업","02","폐업","2009-03-09","","","","","23.04","","강원특별자치도 동해시 발한동 16 8통4반","","","소문난빵집","2001-08-28 00:00:00","I","2023-06-13 00:00:00","제과점영업","","","제과점영업","0","0","","","상수도전용","0","0","0","0","0","","0","0","N","23.04","","","",
"1556","제과점영업","07_22_18_P","4211000","4211000-121-2001-00004","2001-08-28","","03","폐업","02","폐업","2020-10-06","","","","033 5211450","49.51","","강원특별자치도 동해시 송정동 849-2 7통3반","강원특별자치도 동해시 동해항2길 2 (송정동)","25787","솔로몬제과","2020-10-06 14:05:51","I","2023-06-13 00:00:00","제과점영업","387997.350262339","446139.59336637","제과점영업","0","0","기타","","상수도전용","0","0","0","0","0","","0","0","N","49.51","","","",
"1557","제과점영업","07_22_18_P","4211000","4211000-121-2001-00005","2001-08-28","","03","폐업","02","폐업","2010-05-07","","","","033 5215035","53.14","","강원특별자치도 동해시 북평동 13-3","","","스마일제과북평점","2005-04-20 00:00:00","I","2023-06-13 00:00:00","제과점영업","387987.601992452","444437.537237849","제과점영업","0","0","","","상수도전용","0","0","0","0","0","","0","0","N","53.14","","","",
"1558","제과점영업","07_22_18_P","4211000","4211000-121-2001-00006","2001-08-28","","03","폐업","02","폐업","2009-03-09","","","","033 5327174","31.68","","강원특별자치도 동해시 발한동 219-5","","","시민빵집","2001-08-28 00:00:00","I","2023-06-13 00:00:00","제과점영업","386041.551458151","451448.893618302","제과점영업","0","0","","","상수도전용","0","0","0","0","0","","0","0","N","31.68","","","",
"1559","제과점영업","07_22_18_P","4211000","4211000-121-2001-00007","2001-08-28","","03","폐업","02","폐업","2017-09-26","","","","033 5327246","44.45","","강원특별자치도 동해시 발한동 597-31","강원특별자치도 동해시 발한로 81 (발한동)","25732","마카롱 하우스","2017-09-26 15:05:39","I","2023-06-13 00:00:00","제과점영업","385665.115891456","450662.520942848","제과점영업","0","0","","","상수도전용","0","0","0","0","0","","0","0","N","44.45","","","",
"1560","제과점영업","07_22_18_P","4211000","4211000-121-2001-00008","2001-08-28","","03","폐업","02","폐업","2009-11-05","","","","033 5355234","36.12","","강원특별자치도 동해시 천곡동 1058 - 16번지","","","천곡베이커리","2003-02-10 00:00:00","I","2023-06-13 00:00:00","제과점영업","","","제과점영업","0","0","","","상수도전용","0","0","0","0","0","","0","0","N","36.12","","","",
"1561","제과점영업","07_22_18_P","4211000","4211000-121-2001-00009","2001-08-28","","03","폐업","02","폐업","2011-06-13","","","","033 5332753","31.45","","강원특별자치도 동해시 천곡동 1046","","","몽쉘베이커리","2008-08-22 16:00:45","I","2023-06-13 00:00:00","제과점영업","386024.602781112","448448.922570059","제과점영업","0","0","","","상수도전용","0","0","0","0","0","","0","0","N","31.45","","","",
"1562","제과점영업","07_22_18_P","4211000","4211000-121-2001-00010","2001-08-28","","03","폐업","02","폐업","2014-06-02","","","","033 5318855","49.25","","강원특별자치도 동해시 천곡동 1078-4","강원특별자치도 동해시 천곡로 56 (천곡동)","25761","크라운베이커리중앙점","2014-06-11 11:26:29","I","2023-06-13 00:00:00","제과점영업","386566.886550599","448915.044762052","제과점영업","0","0","","","상수도전용","0","0","0","0","0","","0","0","N","49.25","","","",
"1563","제과점영업","07_22_18_P","4211000","4211000-121-2001-00011","2001-08-28","","03","폐업","02","폐업","2008-09-02","","","","033 5327947","36.74","","강원특별자치도 동해시 발한동 19","","","크라운베이커리","2001-08-28 00:00:00","I","2023-06-13 00:00:00","제과점영업","","","제과점영업","0","0","","","상수도전용","0","0","0","0","0","","0","0","N","36.74","","","",
"1564","제과점영업","07_22_18_P","4211000","4211000-121-2001-00012","2001-08-28","","03","폐업","02","폐업","2018-08-30","","","","033 5338816","113.58","","강원특별자치도 동해시 천곡동 1052-14 1층","강원특별자치도 동해시 한섬로 23, 1층 (천곡동)","25766","정인근베이커리","2018-08-30 17:04:36","I","2023-06-13 00:00:00","제과점영업","386145.537317127","448497.349534231","제과점영업","0","0","","","상수도전용","0","0","0","0","0","","0","0","N","113.58","","","",
"1565","제과점영업","07_22_18_P","4211000","4211000-121-2001-00013","2001-08-29","","03","폐업","02","폐업","2011-12-09","","","","033 5215436","32.13","","강원특별자치도 동해시 동회동 442","강원특별자치도 동해시 청운로 78, 27,28호 (동회동, 대동상가)","25807","크라운베이커리 동해대동점","2011-11-18 11:24:56","I","2023-06-13 00:00:00","제과점영업","386177.814049483","444870.370953969","제과점영업","0","0","","","상수도전용","0","0","0","0","0","","0","0","N","32.13","","","",
"1566","제과점영업","07_22_18_P","4211000","4211000-121-2001-00015","2001-08-29","","03","폐업","02","폐업","2014-12-31","","","","033 5355377","79.54","","강원특별자치도 동해시 발한동 6-8 , 7-9, 5-18번지","강원특별자치도 동해시 중앙시장길 2-1 (발한동)","25715","모닝베이커리","2012-01-25 15:26:34","I","2023-06-13 00:00:00","제과점영업","386344.819498584","451883.961792167","제과점영업","0","0","","","상수도전용","0","0","0","0","0","","0","0","N","79.54","","","",
"1567","제과점영업","07_22_18_P","4211000","4211000-121-2001-00016","2001-08-29","","03","폐업","02","폐업","2019-12-27","","","","033 5329545","34.32","","강원특별자치도 동해시 발한동 702-37","강원특별자치도 동해시 발한로 183 (발한동)","25721","홈베이커리","2019-12-27 16:19:33","I","2023-06-13 00:00:00","제과점영업","386104.46133911","451529.645787732","제과점영업","0","0","","","상수도전용","0","0","0","0","0","","0","0","N","34.32","","","",
"1568","제과점영업","07_22_18_P","4211000","4211000-121-2001-00020","2001-08-30","","03","폐업","02","폐업","2008-06-17","","","","033 5358037","128.82","","강원특별자치도 동해시 천곡동 1074-1","","","롯데리아","2001-08-30 00:00:00","I","2023-06-13 00:00:00","제과점영업","386779.924547382","448795.2727287","제과점영업","0","0","유흥업소밀집지역","","상수도전용","0","0","0","0","0","","0","0","N","128.82","","","",
"1569","제과점영업","07_22_18_P","4211000","4211000-121-2001-00021","2001-08-30","","03","폐업","02","폐업","2009-03-09","","","","033 5321709","18.87","","강원특별자치도 동해시 발한동 297-6","","","묵호빵집","2001-08-30 00:00:00","I","2023-06-13 00:00:00","제과점영업","386204.21660954","451922.395661365","제과점영업","0","0","","","상수도전용","0","0","0","0","0","","0","0","N","18.87","","","",
"1570","제과점영업","07_22_18_P","4211000","4211000-121-2001-00022","2001-08-30","","03","폐업","02","폐업","2005-10-25","","","","033 5336209","12.61","","강원특별자치도 동해시 천곡동 942","","","메종브레드","2001-08-30 00:00:00","I","2023-06-13 00:00:00","제과점영업","387364.862935738","448530.798942451","제과점영업","0","0","","","상수도전용","0","0","0","0","0","","0","0","N","12.61","","","",
"1571","제과점영업","07_22_18_P","4211000","4211000-121-2001-00023","2001-08-30","","03","폐업","02","폐업","2016-10-28","","","","033 5336789","54.12","","강원특별자치도 동해시 이도동 276","강원특별자치도 동해시 이원길 177 (이도동)","25818","스마일베이커리피자투어","2012-04-27 15:47:34","I","2023-06-13 00:00:00","제과점영업","386745.3805227","444076.975373281","제과점영업","0","0","아파트지역","","상수도전용","0","0","0","0","0","","0","0","N","54.12","","","",
"1572","제과점영업","07_22_18_P","4211000","4211000-121-2001-00024","2001-07-04","","03","폐업","02","폐업","2011-10-07","","","","033 5212555","51.63","","강원특별자치도 동해시 이도동 276 , 288-4, 277, 726-21번지","","","가나안명가이도점","2005-07-01 00:00:00","I","2023-06-13 00:00:00","제과점영업","386745.3805227","444076.975373281","제과점영업","0","0","","","상수도전용","0","0","0","0","0","","0","0","N","51.63","","","",
"1573","제과점영업","07_22_18_P","4211000","4211000-121-2001-00026","2001-08-29","","03","폐업","02","폐업","2009-03-09","","","","","29.77","","강원특별자치도 동해시 이도동 155","","","도나피자","2008-10-13 14:11:56","I","2023-06-13 00:00:00","제과점영업","386717.696428473","443878.992976255","제과점영업","0","0","","","상수도전용","0","0","0","0","0","","0","0","N","29.77","","","",
"1574","제과점영업","07_22_18_P","4211000","4211000-121-2001-00027","2001-08-30","","03","폐업","02","폐업","2008-01-17","","","","033 5353082","129.96","","강원특별자치도 동해시 천곡동 1085-1","","","도미노피자동해점","2007-12-24 10:17:34","I","2023-06-13 00:00:00","제과점영업","386139.71019431","449085.131455099","제과점영업","0","0","","","상수도전용","0","0","0","0","0","","0","0","N","129.96","","","",
"1575","제과점영업","07_22_18_P","4211000","4211000-121-2001-00028","2001-08-30","","03","폐업","02","폐업","2008-03-21","","","","033 5225443","44.65","","강원특별자치도 동해시 효가동 176-5","","","피자피자동해점","2001-08-30 00:00:00","I","2023-06-13 00:00:00","제과점영업","386513.368794181","445677.758217973","제과점영업","0","0","","","상수도전용","0","0","0","0","0","","0","0","N","44.65","","","",
"1576","제과점영업","07_22_18_P","4211000","4211000-121-2003-00001","2003-01-27","","03","폐업","02","폐업","2011-08-16","","","","5338907","45.39","","강원특별자치도 동해시 천곡동 1077,1077-1 번지 삼성상가 104호, 205호","","","뚜레주르동해천곡점","2003-01-27 00:00:00","I","2023-06-13 00:00:00","제과점영업","386655.243900484","448834.043241758","제과점영업","0","0","아파트지역","","상수도전용","0","0","0","0","0","","0","0","N","45.39","","","",
"1577","제과점영업","07_22_18_P","4211000","4211000-121-2003-00002","2003-04-02","","03","폐업","02","폐업","2018-02-12","","","","033  5328761","48.12","","강원특별자치도 동해시 천곡동 941 매트로마트 상가내 113,114,115호","강원특별자치도 동해시 동굴로 147, 113,114호 (천곡동)","25770","매트로베이커리","2018-02-12 16:36:25","I","2023-06-13 00:00:00","제과점영업","387316.573717286","448511.524472683","제과점영업","0","0","기타","","상수도전용","0","0","0","0","0","","0","0","N","48.12","","","",
"1578","제과점영업","07_22_18_P","4211000","4211000-121-2003-00003","2003-05-07","","03","폐업","02","폐업","2008-03-24","","","","5211180","54.00","","강원특별자치도 동해시 쇄운동 1-8 ,동회동86-8번지","","","프레세르","2003-06-14 00:00:00","I","2023-06-13 00:00:00","제과점영업","","","제과점영업","0","0","아파트지역","","상수도전용","0","0","0","0","0","","0","0","N","54","","","",
"1579","제과점영업","07_22_18_P","4211000","4211000-121-2003-00004","2003-07-22","","03","폐업","02","폐업","2007-10-23","","","","","58.73","","강원특별자치도 동해시 천곡동 1060-2 번지, 센트로빌상가 113호","","","크라운베이커리센트로빌점","2003-10-02 00:00:00","I","2023-06-13 00:00:00","제과점영업","386652.211273402","448572.862310602","제과점영업","0","0","아파트지역","","상수도전용","0","0","0","0","0","","0","0","N","58.73","","","",
"1580","제과점영업","07_22_18_P","4211000","4211000-121-2003-00005","2003-07-24","","03","폐업","02","폐업","2008-03-27","","","","033 5336789","61.92","","강원특별자치도 동해시 천곡동 1061 번지, 골든타워 102호","","","스마일제과1호점","2004-12-06 00:00:00","I","2023-06-13 00:00:00","제과점영업","386777.564549742","448726.86736624","제과점영업","0","0","유흥업소밀집지역","","상수도전용","0","0","0","0","0","","0","0","N","61.92","","","",
"1581","제과점영업","07_22_18_P","4211000","4211000-121-2004-00002","2004-04-14","","03","폐업","02","폐업","2009-03-09","","","","033 5326253","39.85","","강원특별자치도 동해시 송정동 811-1 번지","","","빵굽는마을","2004-04-14 00:00:00","I","2023-06-13 00:00:00","제과점영업","387998.276897906","445891.371697265","제과점영업","0","0","주택가주변","","상수도전용","0","0","0","0","0","","0","0","N","39.85","","","",
"1582","제과점영업","07_22_18_P","4211000","4211000-121-2004-00003","2004-09-10","","03","폐업","02","폐업","2008-04-11","","","","033 5322175","27.88","","강원특별자치도 동해시 천곡동 964-9","","","피자칩","2005-06-09 00:00:00","I","2023-06-13 00:00:00","제과점영업","387181.577883062","448121.493176584","제과점영업","0","0","","","상수도전용","0","0","0","0","0","","0","0","N","27.88","","","",
"1583","제과점영업","07_22_18_P","4211000","4211000-121-2005-00001","2005-11-22","","03","폐업","02","폐업","2007-11-21","","","","033 5321709","96.00","","강원특별자치도 동해시 발한동 39-16.20.21","","","청포도과자점","2005-11-22 00:00:00","I","2023-06-13 00:00:00","제과점영업","","","제과점영업","0","0","","","상수도전용","0","0","0","0","0","","0","0","N","96","","","",
"1584","제과점영업","07_22_18_P","4211000","4211000-121-2006-00001","2006-02-01","","03","폐업","02","폐업","2009-11-27","","","","033 5219945","46.00","","강원특별자치도 동해시 동회동 81 태화마트","","","태화베이커리","2006-08-10 00:00:00","I","2023-06-13 00:00:00","제과점영업","386444.674673286","444954.934285399","제과점영업","0","0","아파트지역","기타","상수도전용","0","0","0","0","0","","0","0","N","46","","","",
"1585","제과점영업","07_22_18_P","4211000","4211000-121-2006-00002","2006-09-12","","03","폐업","02","폐업","2009-11-20","","","","033 5330436","57.74","","강원특별자치도 동해시 발한동 18-1 1층","","","스마일베이커리발한점","2006-09-12 00:00:00","I","2023-06-13 00:00:00","제과점영업","386286.524276978","451787.65186391","제과점영업","0","0","","","","0","0","0","0","0","","0","0","N","57.74","","","",
"1586","제과점영업","07_22_18_P","4211000","4211000-121-2006-00003","2006-10-10","","03","폐업","02","폐업","2009-02-13","","","","","66.50","","강원특별자치도 동해시 천곡동 485-20 신웅빌딩 101호","","","굿모닝베이커리","2008-04-11 11:02:19","I","2023-06-13 00:00:00","제과점영업","385734.334437126","449355.559730219","제과점영업","0","0","","","상수도전용","0","0","0","0","0","","0","0","N","66.5","","","",
"1587","제과점영업","07_22_18_P","4211000","4211000-121-2007-00001","2007-04-02","","03","폐업","02","폐업","2013-03-04","","","","","57.27","","강원특별자치도 동해시 부곡동 126-1 삼정상가(아)상가 201-4호","강원특별자치도 동해시 임항로 55, 201-4호 (부곡동, 삼정상가(아)상가)","25730","행복한빵아저씨","2012-08-11 11:21:55","I","2023-06-13 00:00:00","제과점영업","386222.248080578","450626.394210818","제과점영업","0","0","","","상수도전용","0","0","0","0","0","","0","0","N","57.27","","","",
"1588","제과점영업","07_22_18_P","4211000","4211000-121-2009-00001","2009-07-22","","03","폐업","02","폐업","2009-08-24","","","","033 5333958","3.00","","강원특별자치도 동해시 천곡동 831 ,E마트내 1층","","","(주)조선호텔베이커리 데이앤데이 동해점2","2009-07-22 13:00:57","I","2023-06-13 00:00:00","제과점영업","387085.790410418","448958.829445114","제과점영업","0","0","기타","","상수도전용","0","0","0","0","0","","0","0","N","3","","","",
"1589","제과점영업","07_22_18_P","4211000","4211000-121-2009-00003","2009-11-09","","03","폐업","02","폐업","2009-11-29","","","","033 5333958","6.00","","강원특별자치도 동해시 천곡동 831 동해이마트 1층","","","(주)조선호텔베이커리데이앤데이동해2호점","2009-12-16 10:50:15","I","2023-06-13 00:00:00","제과점영업","387085.790410418","448958.829445114","제과점영업","1","0","기타","","상수도전용","0","0","0","0","0","","0","0","N","6","","","",
"1590","제과점영업","07_22_18_P","4211000","4211000-121-2009-00004","2009-11-27","","03","폐업","02","폐업","2014-12-31","","","","033 5355234","36.54","","강원특별자치도 동해시 천곡동 1058-16","강원특별자치도 동해시 한섬로 59 (천곡동)","25766","천곡베이커리","2011-11-21 10:05:14","I","2023-06-13 00:00:00","제과점영업","386505.791908088","448527.899809091","제과점영업","1","0","주택가주변","","상수도전용","0","0","0","0","0","","0","0","N","36.54","","","",
"1591","제과점영업","07_22_18_P","4211000","4211000-121-2010-00001","2010-03-11","","03","폐업","02","폐업","2011-06-20","","","","033 533 9905","34.94","","강원특별자치도 동해시 천곡동 1079-2","","","빵굽는하루","2010-03-11 15:16:36","I","2023-06-13 00:00:00","제과점영업","386399.661582362","448974.504359429","제과점영업","0","0","","","","0","0","0","0","0","","0","0","N","34.94","","","",
"1592","제과점영업","07_22_18_P","4211000","4211000-121-2010-00002","2010-04-28","","03","폐업","02","폐업","2010-07-12","","","","033 533 3958","6.00","","강원특별자치도 동해시 천곡동 831 이마트동해점 1층(4-2호)","","","(주)조선호텔베이커리(동해2호점)","2010-04-28 11:25:50","I","2023-06-13 00:00:00","제과점영업","387085.790410418","448958.829445114","제과점영업","0","0","","","","0","0","0","0","0","","0","0","N","6","","","",
"1593","제과점영업","07_22_18_P","4211000","4211000-121-2010-00003","2010-08-18","","03","폐업","02","폐업","2010-09-27","","","","033 533 3958","6.00","","강원특별자치도 동해시 천곡동 831 이마트동해점 1층 (4-2호)","","","(주)조선호텔베이커리동해점행사매장","2010-08-18 15:07:10","I","2023-06-13 00:00:00","제과점영업","387085.790410418","448958.829445114","제과점영업","0","0","","","","0","0","0","0","0","","0","0","N","6","","","",
"1594","제과점영업","07_22_18_P","4211000","4211000-121-2024-00001","2024-03-22","","03","폐업","02","폐업","2024-04-04","","","","","","","강원특별자치도 동해시 천곡동 831 동해이마트","강원특별자치도 동해시 천곡로 100, 동해이마트 1층 (천곡동)","25769","(주)신세계푸드베이커리동해점2","2024-04-05 04:15:09","U","2024-04-07 02:40:00","제과점영업","387085.790410418","448958.829445114","제과점영업","0","0","","","","0","0","0","0","0","","0","0","N","0","","","",
"1595","제과점영업","07_22_18_P","4211000","4211000-121-2023-00002","2023-11-03","","03","폐업","02","폐업","2024-04-23","","","","","64.70","","강원특별자치도 동해시 평릉동 293 동해푸르지오","강원특별자치도 동해시 평릉1길 39, 1층 101호 (평릉동, 동해푸르지오)","25748","파랑새39","2024-04-23 09:08:21","U","2024-04-25 02:40:00","제과점영업","385535.312634441","449552.686120825","제과점영업","0","0","기타","","상수도전용","0","0","0","0","0","","0","0","N","64.7","","","",
"1596","제과점영업","07_22_18_P","4221000","4221000-121-2022-00002","2022-06-21","","03","폐업","02","폐업","2022-07-14","","","","033 553 5500","82.03","","강원특별자치도 태백시 소도동 345","강원특별자치도 태백시 태백산로 4761, 1층 호텔로비호 (소도동)","26043","태백호텔 베이커리","2022-07-14 09:53:29","I","2023-06-13 00:00:00","제과점영업","374119.791056352","405208.468515074","제과점영업","0","0","","","","0","0","0","0","0","","0","0","N","82.03","","","",
"1597","제과점영업","07_22_18_P","4221000","4221000-121-2002-00003","2002-03-15","","03","폐업","02","폐업","2008-11-17","","","","033552 8704","30.88","","강원특별자치도 태백시 황지동 662","","","봉주르베이커리","2006-12-26 00:00:00","I","2023-06-13 00:00:00","제과점영업","376026.920538997","408769.773874892","제과점영업","0","0","","","상수도전용","0","0","0","0","0","","0","0","N","30.88","","","",
"1598","제과점영업","07_22_18_P","4221000","4221000-121-2002-00005","2002-04-19","","03","폐업","02","폐업","2006-02-22","","","","5530109","32.09","","강원특별자치도 태백시 황지동 41-27 1통1반","","","고려당","2005-10-11 00:00:00","I","2023-06-13 00:00:00","제과점영업","376859.043250915","409663.983674857","제과점영업","0","0","","","상수도전용","0","0","0","0","0","","0","0","N","32.09","","","",
"1599","제과점영업","07_22_18_P","4221000","4221000-121-2004-00011","2004-09-21","","03","폐업","02","폐업","2006-09-19","","","","033 5541040","33.87","","강원특별자치도 태백시 황지동 200-26","","","원 베이커리","2005-10-04 00:00:00","I","2023-06-13 00:00:00","제과점영업","376460.158282674","407946.301990225","제과점영업","0","0","기타","기타","상수도전용","0","0","0","0","0","","0","0","N","33.87","","","",
"1600","제과점영업","07_22_18_P","4221000","4221000-121-2004-00015","2004-11-25","","03","폐업","02","폐업","2009-06-08","","","","033 5525000","36.75","","강원특별자치도 태백시 황지동 90-13","","","케잌하우스","2007-09-27 13:48:47","I","2023-06-13 00:00:00","제과점영업","","","제과점영업","0","0","","","상수도전용","0","0","0","0","0","","0","0","N","36.75","","","",
"1601","제과점영업","07_22_18_P","4221000","4221000-121-2006-00001","2006-10-18","","03","폐업","02","폐업","2006-10-23","","","","033 5801051","","","강원특별자치도 태백시 화전동 113","","","이마트(베이커리)","2006-10-18 00:00:00","I","2023-06-13 00:00:00","제과점영업","374110.235734391","412725.109444359","제과점영업","0","0","","","","0","0","0","0","0","","0","0","N","0","","","",
"1602","제과점영업","07_22_18_P","4221000","4221000-121-2008-00001","2008-01-28","","03","폐업","02","폐업","2022-02-03","","","","033 552 7006","56.17","","강원특별자치도 태백시 황지동 39-58","강원특별자치도 태백시 황지로 166-1 (황지동)","26011","뚜레쥬르태백중앙점","2022-02-03 15:29:47","I","2023-06-13 00:00:00","제과점영업","376800.054154147","409811.544823841","제과점영업","0","0","","","상수도전용","0","0","0","0","0","","0","0","N","56.17","","","",
"1603","제과점영업","07_22_18_P","4221000","4221000-121-2008-00002","2008-10-02","","03","폐업","02","폐업","2013-01-15","","","","033 580 7831","104.83","","강원특별자치도 태백시 황지동 산 176-28 오투콘도&리조트","강원특별자치도 태백시 서학로 861 (황지동,오투콘도&리조트)","26010","로비라운지","2012-09-27 15:47:59","I","2023-06-13 00:00:00","제과점영업","","","제과점영업","0","0","","","상수도전용","0","0","0","0","0","","0","0","N","104.83","","","",
"1604","제과점영업","07_22_18_P","4221000","4221000-121-2008-00003","2008-10-27","","03","폐업","02","폐업","2023-02-02","","","","033 552 8704","41.69","","강원특별자치도 태백시 황지동 200-26","강원특별자치도 태백시 번영로 144 (황지동)","26038","봉주르베이커리2호점","2023-02-03 09:27:11","I","2023-06-13 00:00:00","제과점영업","376460.158282674","407946.301990225","제과점영업","0","0","","","상수도전용","0","0","0","0","0","","0","0","N","41.69","","","",
"1605","제과점영업","07_22_18_P","4221000","4221000-121-2010-00002","2010-06-03","","03","폐업","02","폐업","2010-06-30","","","","033 552 3462","","","강원특별자치도 태백시 화전동 113 이마트태백점","","","(주)조선호텔베이커리 이마트행사매장","2010-07-01 09:22:43","I","2023-06-13 00:00:00","제과점영업","374110.235734391","412725.109444359","제과점영업","0","0","","","","0","0","0","0","0","","0","0","N","0","","","",
"1606","제과점영업","07_22_18_P","4221000","4221000-121-2012-00001","2012-01-20","","03","폐업","02","폐업","2012-02-10","","","","","","","강원특별자치도 태백시 화전동 113","강원특별자치도 태백시 굴거랑길 4 (화전동)","26003","(주)조선호텔베이커리 이마트 행사매장","2012-01-20 16:10:27","I","2023-06-13 00:00:00","제과점영업","374110.235734391","412725.109444359","제과점영업","0","0","","","","0","0","0","0","0","","0","0","N","0","","","",
"1607","제과점영업","07_22_18_P","4221000","4221000-121-2015-00001","2015-04-21","","03","폐업","02","폐업","2019-12-05","","","","033 552 3740","58.90","","강원특별자치도 태백시 황지동 253-181","강원특별자치도 태백시 황지로 177-1 (황지동)","26008","뉴욕베이커리","2019-12-05 16:29:47","I","2023-06-13 00:00:00","제과점영업","376697.103840258","409876.27598618","제과점영업","0","0","기타","기타","상수도전용","0","0","0","0","0","","0","0","N","58.9","","","",
"1608","제과점영업","07_22_18_P","4221000","4221000-121-2017-00001","2017-03-06","","03","폐업","02","폐업","2020-12-17","","","","","43.50","","강원특별자치도 태백시 황지동 662 청솔아파트 상가 111동 102호","강원특별자치도 태백시 해지개길 4 (황지동)","26032","브레드밍(BREADMING)","2020-12-17 16:11:36","I","2023-06-13 00:00:00","제과점영업","376026.920538997","408769.773874892","제과점영업","0","0","","","","0","0","0","0","0","","0","0","N","43.5","","","",
"1609","제과점영업","07_22_18_P","4221000","4221000-121-2000-00005","2000-06-02","","03","폐업","02","폐업","2012-11-22","","","","033 5537705","10.79","","강원특별자치도 태백시 황지동 274-75","강원특별자치도 태백시 연지로33번길 23 (황지동)","26026","태화베이커리","2005-09-13 00:00:00","I","2023-06-13 00:00:00","제과점영업","376640.057745126","410230.979960899","제과점영업","0","0","기타","지도","상수도전용","0","0","0","0","0","","0","0","N","10.79","","","",
"1610","제과점영업","07_22_18_P","4221000","4221000-121-2021-00001","2021-12-30","","03","폐업","02","폐업","2024-06-07","","","","","46.00","","강원특별자치도 태백시 황지동 400-11","강원특별자치도 태백시 대학길 66, 1층 1호 (황지동)","26034","달보드레","2024-06-07 09:25:41","U","2024-06-09 02:40:00","제과점영업","375758.607208535","408302.420540795","제과점영업","0","0","","","상수도전용","0","0","0","0","0","","0","0","N","46","","","",
"1611","제과점영업","07_22_18_P","4221000","4221000-121-1977-00001","1977-09-27","","03","폐업","02","폐업","2007-04-09","","","","033 5523058","62.28","","강원특별자치도 태백시 황지동 41-3 1통1반","","","맛나제과","2005-10-04 00:00:00","I","2023-06-13 00:00:00","제과점영업","376838.491506108","409713.982539079","제과점영업","0","0","","","상수도전용","0","0","0","0","0","","0","0","N","62.28","","","",
"1612","제과점영업","07_22_18_P","4221000","4221000-121-1982-00001","1982-12-10","","03","폐업","02","폐업","2008-12-18","","","","033 5523730","","","강원특별자치도 태백시 황지동 11-12 11통2반","","","뉴욕제과","2005-10-04 00:00:00","I","2023-06-13 00:00:00","제과점영업","","","제과점영업","0","0","","","상수도전용","0","0","0","0","0","","0","0","N","0","","","",
"1613","제과점영업","07_22_18_P","4221000","4221000-121-1992-00001","1992-08-19","","03","폐업","02","폐업","2006-12-26","","","","033 5536611","53.26","","강원특별자치도 태백시 황지동 40-26 1통3반","","","크라운베이커리","2005-09-13 00:00:00","I","2023-06-13 00:00:00","제과점영업","","","제과점영업","0","0","기타","지도","상수도전용","0","0","0","0","0","","0","0","N","53.26","","","",
"1614","제과점영업","07_22_18_P","4221000","4221000-121-2025-00002","2025-09-30","","03","폐업","02","폐업","2025-10-09","","","","","","","강원특별자치도 태백시 황지동 269-1 먹거리길일원","강원특별자치도 태백시 먹거리길 17, 먹거리길일원 (황지동)","26007","모찌와브레드","2025-10-10 04:15:13","U","2025-10-12 02:40:00","제과점영업","376339.113848416","410165.53665952","제과점영업","0","0","","","","0","0","0","0","0","","0","0","N","0","","","",
"1615","제과점영업","07_22_18_P","4231000","4231000-121-2007-00001","2007-04-03","","03","폐업","02","폐업","2011-12-12","","","","","","","강원특별자치도 속초시 교동 619-33","","","시루","2007-04-03 00:00:00","I","2023-06-13 00:00:00","제과점영업","337993.994228979","523957.65437821","제과점영업","0","0","","","","0","0","0","0","0","","0","0","N","0","","","",
"1616","제과점영업","07_22_18_P","4231000","4231000-121-2008-00001","2008-04-15","","03","폐업","02","폐업","2011-02-18","","","","033 637 9333","29.18","","강원특별자치도 속초시 청학동 486-301","","","좋은빵만들기","2008-04-15 14:33:04","I","2023-06-13 00:00:00","제과점영업","338641.372228388","523298.165487532","제과점영업","0","0","기타","","상수도전용","0","0","0","0","0","","0","0","N","29.18","","","",
"1617","제과점영업","07_22_18_P","4231000","4231000-121-2009-00001","2009-02-06","","03","폐업","02","폐업","2012-04-18","","","","033 638 7009","3.96","","강원특별자치도 속초시 조양동 590-1 설악빌리지 상가 1층","","","훼미리마트설악빌리지점(제과점)","2009-02-06 17:26:50","I","2023-06-13 00:00:00","제과점영업","","","제과점영업","0","0","","","상수도전용","0","0","0","0","0","","0","0","N","3.96","","","",
"1618","제과점영업","07_22_18_P","4231000","4231000-121-2009-00003","2009-04-08","","03","폐업","02","폐업","2012-11-14","","","","033 638 0458","70.48","","강원특별자치도 속초시 중앙동 475-5","","","뚜레쥬르(속초중앙점)","2010-04-19 15:29:54","I","2023-06-13 00:00:00","제과점영업","","","제과점영업","0","0","","","상수도전용","0","0","0","0","0","","0","0","N","70.48","","","",
"1619","제과점영업","07_22_18_P","4231000","4231000-121-2009-00004","2009-05-06","","03","폐업","02","폐업","2018-06-19","","","","","50.00","","강원특별자치도 속초시 조양동 1497-3","","","뚜레쥬르(부영점)","2018-06-19 13:37:03","I","2023-06-13 00:00:00","제과점영업","338294.441302821","522100.050993186","제과점영업","0","0","","","","0","0","0","0","0","","0","0","N","50","","","",
"1620","제과점영업","07_22_18_P","4231000","4231000-121-2009-00005","2009-07-08","","03","폐업","02","폐업","2009-10-28","","","","033 633 0387","9.90","","강원특별자치도 속초시 청호동 459-134 이마트내","","","(주)조선호텔베이커리 데이앤데이 속초점2","2009-07-08 16:28:55","I","2023-06-13 00:00:00","제과점영업","","","제과점영업","0","0","","","","0","0","0","0","0","","0","0","N","9.9","","","",
"1621","제과점영업","07_22_18_P","4231000","4231000-121-2009-00007","2009-12-03","","03","폐업","02","폐업","2010-02-17","","","","","","","강원특별자치도 속초시 청호동 459-134 이마트","","","(주)조선호텔베이커리","2009-12-03 17:46:09","I","2023-06-13 00:00:00","제과점영업","339761.153723826","522089.806016399","제과점영업","0","0","","","","0","0","0","0","0","","0","0","N","0","","","",
"1622","제과점영업","07_22_18_P","4231000","4231000-121-2010-00001","2010-02-11","","03","폐업","02","폐업","2023-06-23","","","","033 636 0823","49.46","","강원특별자치도 속초시 교동 619-74","강원특별자치도 속초시 미시령로 3387 (교동)","24820","뚜레쥬르(속초교동점)","2023-06-23 15:53:50","U","2023-06-25 02:40:00","제과점영업","338023.467284147","523829.306390512","제과점영업","0","0","","","","0","0","0","0","0","","0","0","N","49.46","","","",
"1623","제과점영업","07_22_18_P","4231000","4231000-121-2010-00002","2010-02-22","","03","폐업","02","폐업","2024-02-23","","","","033 635 3264","59.50","","강원특별자치도 속초시 교동 804-126","강원특별자치도 속초시 동해대로 4272 (교동)","24851","뚜레쥬르노학점","2024-02-23 15:46:26","U","2024-02-25 02:40:00","제과점영업","337794.369879167","522883.405627622","제과점영업","0","0","","","","0","0","0","0","0","","0","0","N","59.5","","","",
"1624","제과점영업","07_22_18_P","4231000","4231000-121-2010-00003","2010-03-05","","03","폐업","02","폐업","2010-03-22","","","","","9.90","","강원특별자치도 속초시 청호동 459-134 이마트내","","","데이앤데이속초점2","2010-03-05 11:20:15","I","2023-06-13 00:00:00","제과점영업","339761.153723826","522089.806016399","제과점영업","0","0","","","","0","0","0","0","0","","0","0","N","9.9","","","",
"1625","제과점영업","07_22_18_P","4231000","4231000-121-2010-00004","2010-03-30","","03","폐업","02","폐업","2011-05-24","","","","","38.58","","강원특별자치도 속초시 중앙동 471-4 농협하나로마트 내","","","이드프랑","2010-03-30 15:20:24","I","2023-06-13 00:00:00","제과점영업","339217.40641696","523592.327071737","제과점영업","0","0","","","","0","0","0","0","0","","0","0","N","38.58","","","",
"1626","제과점영업","07_22_18_P","4231000","4231000-121-2010-00006","2010-05-13","","03","폐업","02","폐업","2011-05-16","","","","","60.00","","강원특별자치도 속초시 조양동 1498-2","","","생쎄리뜨","2010-05-13 16:48:01","I","2023-06-13 00:00:00","제과점영업","338339.974552757","521995.523480661","제과점영업","0","0","","","","0","0","0","0","0","","0","0","N","60","","","",
"1627","제과점영업","07_22_18_P","4231000","4231000-121-2010-00007","2010-05-31","","03","폐업","02","폐업","2010-07-12","","","","","3.30","","강원특별자치도 속초시 청호동 459-134","","","(주)조선호텔베이커리행사매장","2010-05-31 10:10:33","I","2023-06-13 00:00:00","제과점영업","339761.153723826","522089.806016399","제과점영업","0","0","","","","0","0","0","0","0","","0","0","N","3.3","","","",
"1628","제과점영업","07_22_18_P","4231000","4231000-121-2010-00009","2010-07-14","","03","폐업","02","폐업","2010-08-16","","","","","","","강원특별자치도 속초시 청호동 459-134","","","(주)조선호텔베이커리데이앤데이속초점2","2010-07-14 17:08:14","I","2023-06-13 00:00:00","제과점영업","339761.153723826","522089.806016399","제과점영업","0","0","","","","0","0","0","0","0","","0","0","N","0","","","",
"1629","제과점영업","07_22_18_P","4231000","4231000-121-2010-00010","2010-09-13","","03","폐업","02","폐업","2023-01-02","","","","","48.77","","강원특별자치도 속초시 교동 673-1","강원특별자치도 속초시 동해대로 4202 (교동)","24854","빵굽는사람들","2023-01-02 13:37:07","I","2023-06-13 00:00:00","제과점영업","338253.717723804","522445.158586875","제과점영업","0","0","","","","0","0","0","0","0","","0","0","N","48.77","","","",
"1630","제과점영업","07_22_18_P","4231000","4231000-121-2010-00011","2010-11-17","","03","폐업","02","폐업","2011-04-15","","","","","8.00","","강원특별자치도 속초시 청호동 459-134 이마트내","","","(주)조선호텔베이커리데이앤데이속초점2","2010-11-17 16:56:15","I","2023-06-13 00:00:00","제과점영업","339761.153723826","522089.806016399","제과점영업","0","0","","","","0","0","0","0","0","","0","0","N","8","","","",
"1631","제과점영업","07_22_18_P","4231000","4231000-121-2010-00013","2010-12-16","","03","폐업","02","폐업","2012-04-17","","","","033 636 6279","31.50","","강원특별자치도 속초시 교동 804-89 대운빌딩 101호","강원특별자치도 속초시 동해대로 4280 (교동,대운빌딩 101호)","24851","우리생협 속초점","2010-12-16 15:52:07","I","2023-06-13 00:00:00","제과점영업","337721.897643655","522910.813439025","제과점영업","0","0","","","상수도전용","0","0","0","0","0","","0","0","N","31.5","","","",
"1632","제과점영업","07_22_18_P","4231000","4231000-121-2017-00003","2017-09-21","","03","폐업","02","폐업","2019-02-01","","","","033 635 3359","52.92","","강원특별자치도 속초시 교동 781-60","강원특별자치도 속초시 미시령로3359번길 20, 102호 (교동)","24820","티티팬미시령점","2019-02-01 11:00:54","I","2023-06-13 00:00:00","제과점영업","337846.12972941","523849.441926247","제과점영업","0","0","","","","0","0","0","0","0","","0","0","N","52.92","","","",
"1633","제과점영업","07_22_18_P","4231000","4231000-121-2017-00004","2017-09-29","","03","폐업","02","폐업","2019-06-03","","","","033 637 1101","33.92","","강원특별자치도 속초시 교동 768-18","강원특별자치도 속초시 만천길 10, 1호 (교동)","24852","허니네","2019-06-03 09:16:32","I","2023-06-13 00:00:00","제과점영업","337846.039383362","522954.59477071","제과점영업","0","0","","","","0","0","0","0","0","","0","0","N","33.92","","","",
"1634","제과점영업","07_22_18_P","4231000","4231000-121-2018-00001","2018-03-06","","03","폐업","02","폐업","2019-04-30","","","","","52.00","","강원특별자치도 속초시 교동 950-7","강원특별자치도 속초시 배움터길 10 (교동)","24863","달달한고백케이크샵","2019-04-30 13:35:22","I","2023-06-13 00:00:00","제과점영업","337524.370759931","522941.429086956","제과점영업","0","0","주택가주변","","","0","0","0","0","0","","0","0","N","52","","","",
"1635","제과점영업","07_22_18_P","4231000","4231000-121-2018-00002","2018-05-31","","03","폐업","02","폐업","2018-06-04","","","","","24.73","","강원특별자치도 속초시 중앙동 471-4 71,78호","강원특별자치도 속초시 중앙로147번길 16, 71,78호 (중앙동)","24832","봉주르속초과자점","2018-06-04 14:23:43","I","2023-06-13 00:00:00","제과점영업","339217.40641696","523592.327071737","제과점영업","0","0","","","","0","0","0","0","0","","0","0","N","24.73","","","",
"1636","제과점영업","07_22_18_P","4231000","4231000-121-2018-00003","2018-06-05","","03","폐업","02","폐업","2018-10-22","","","","033 637 4055","50.60","","강원특별자치도 속초시 조양동 1419-5","강원특별자치도 속초시 동해대로 3994 (조양동)","24885","밀빵집","2018-10-22 11:06:09","I","2023-06-13 00:00:00","제과점영업","339933.0421105","522031.94328055","제과점영업","0","0","","","","0","0","0","0","0","","0","0","N","50.6","","","",
"1637","제과점영업","07_22_18_P","4231000","4231000-121-2019-00001","2019-04-02","","03","폐업","02","폐업","2023-02-27","","","","","14.06","","강원특별자치도 속초시 중앙동 479-79","강원특별자치도 속초시 중앙로 137, 1층 (중앙동)","24835","온제과","2023-02-27 14:44:25","I","2023-06-13 00:00:00","제과점영업","339264.142558047","523444.004445689","제과점영업","0","0","","","","0","0","0","0","0","","0","0","N","14.06","","","",
"1638","제과점영업","07_22_18_P","4231000","4231000-121-2019-00004","2019-07-25","","03","폐업","02","폐업","2021-01-07","","","","","60.00","","강원특별자치도 속초시 조양동 1550-6","강원특별자치도 속초시 엑스포로1길 26, 102호 (조양동)","24872","오베르망","2021-01-07 14:50:40","I","2023-06-13 00:00:00","제과점영업","338990.072579843","522067.597752198","제과점영업","0","0","","","","0","0","0","0","0","","0","0","N","60","","","",
"1639","제과점영업","07_22_18_P","4231000","4231000-121-2019-00005","2019-08-19","","03","폐업","02","폐업","2022-08-29","","","","","108.87","","강원특별자치도 속초시 조양동 1548-5","강원특별자치도 속초시 엑스포로1길 35 (조양동)","24872","함스베이커리","2022-08-29 15:42:29","I","2023-06-13 00:00:00","제과점영업","338888.047898202","522028.943849285","제과점영업","0","0","","","","0","0","0","0","0","","0","0","N","108.87","","","",
"1640","제과점영업","07_22_18_P","4231000","4231000-121-2019-00007","2019-09-02","","03","폐업","02","폐업","2022-12-27","","","","","40.25","","강원특별자치도 속초시 조양동 1518-2","강원특별자치도 속초시 선사로1길 30-10, 1층 (조양동)","24890","설레다과자점","2022-12-27 17:13:21","I","2023-06-13 00:00:00","제과점영업","339180.495844155","521798.698552896","제과점영업","0","0","","","","0","0","0","0","0","","0","0","N","40.25","","","",
"1641","제과점영업","07_22_18_P","4231000","4231000-121-2019-00008","2019-11-29","","03","폐업","02","폐업","2021-06-07","","","","033 632 3457","31.13","","강원특별자치도 속초시 청학동 486-216","강원특별자치도 속초시 수복로 155 (청학동)","24834","스콘앤밀크","2021-06-07 13:19:28","I","2023-06-13 00:00:00","제과점영업","338836.893843192","523358.467654987","제과점영업","0","0","","","","0","0","0","0","0","","0","0","N","31.13","","","",
"1642","제과점영업","07_22_18_P","4231000","4231000-121-2020-00003","2020-05-06","","03","폐업","02","폐업","2021-01-06","","","","","21.09","","강원특별자치도 속초시 중앙동 471-4","강원특별자치도 속초시 중앙로147번길 16, 1층 53호 (중앙동)","24832","오베르망속초중앙시장점","2021-01-06 16:27:38","I","2023-06-13 00:00:00","제과점영업","339217.40641696","523592.327071737","제과점영업","0","0","","","","0","0","0","0","0","","0","0","N","21.09","","","",
"1643","제과점영업","07_22_18_P","4231000","4231000-121-2020-00005","2020-06-29","","03","폐업","02","폐업","2022-07-27","","","","","27.00","","강원특별자치도 속초시 장사동 24-1","강원특별자치도 속초시 미시령로2983번길 111 (장사동)","24801","뉴욕제과분점","2022-07-27 17:46:43","I","2023-06-13 00:00:00","제과점영업","333788.794285736","524104.959379777","제과점영업","0","0","","","","0","0","0","0","0","","0","0","N","27","","","",
"1644","제과점영업","07_22_18_P","4231000","4231000-121-2020-00006","2020-07-27","","03","폐업","02","폐업","2023-07-27","","","","","67.69","","강원특별자치도 속초시 조양동 1493-7","강원특별자치도 속초시 동해대로 3920, LB101~103호 (조양동)","24888","몽토랑속초점","2023-07-27 11:03:19","U","2023-07-29 02:40:00","제과점영업","340239.963068503","521419.360232933","제과점영업","0","0","","","","0","0","0","0","0","","0","0","N","67.69","","","",
"1645","제과점영업","07_22_18_P","4231000","4231000-121-2020-00007","2020-07-27","","03","폐업","02","폐업","2023-07-27","","","","","27.60","","강원특별자치도 속초시 조양동 1493-7","강원특별자치도 속초시 동해대로 3920, 28층 (조양동)","24888","몽토랑속초점","2023-07-27 11:04:34","U","2023-07-29 02:40:00","제과점영업","340239.963068503","521419.360232933","제과점영업","0","0","","","","0","0","0","0","0","","0","0","N","27.6","","","",
"1646","제과점영업","07_22_18_P","4231000","4231000-121-2020-00008","2020-11-18","","03","폐업","02","폐업","2024-12-12","","","","","9.60","","강원특별자치도 속초시 중앙동 471-4","강원특별자치도 속초시 중앙로147번길 16 (중앙동)","24832","단빵제빵소","2024-12-12 13:15:58","U","2024-12-14 02:40:00","제과점영업","339217.40641696","523592.327071737","제과점영업","0","0","","","","0","0","0","0","0","","0","0","N","9.6","","","",
"1647","제과점영업","07_22_18_P","4231000","4231000-121-2021-00004","2021-04-09","","03","폐업","02","폐업","2024-12-27","","","","","37.80","","강원특별자치도 속초시 도문동 1275","강원특별자치도 속초시 떡밭재로 25 (도문동)","24904","보름당","2024-12-27 13:47:24","U","2024-12-29 02:40:00","제과점영업","338923.288611331","519307.230926158","제과점영업","0","0","","","","0","0","0","0","0","","0","0","N","37.8","","","",
"1648","제과점영업","07_22_18_P","4231000","4231000-121-2021-00005","2021-06-14","","03","폐업","02","폐업","2023-04-26","","","","","16.47","","강원특별자치도 속초시 교동 1030 씨티프라디움","강원특별자치도 속초시 미시령로 3307, 지하1층 102호 (교동, 씨티프라디움)","24819","자연을담은빵","2023-04-26 10:15:21","I","2023-06-13 00:00:00","제과점영업","337374.097244971","523668.953599935","제과점영업","0","0","","","","0","0","0","0","0","","0","0","N","16.47","","","",
"1649","제과점영업","07_22_18_P","4231000","4231000-121-2021-00006","2021-07-12","","03","폐업","02","폐업","2022-12-27","","","","","44.24","","강원특별자치도 속초시 교동 943-15","강원특별자치도 속초시 밤골3길 4-6 (교동)","24862","연제과","2022-12-27 15:47:39","I","2023-06-13 00:00:00","제과점영업","337318.635566834","523093.976380485","제과점영업","0","0","","","","0","0","0","0","0","","0","0","N","44.24","","","",
"1650","제과점영업","07_22_18_P","4231000","4231000-121-2021-00007","2021-07-19","","03","폐업","02","폐업","2022-12-23","","","","","28.62","","강원특별자치도 속초시 교동 900","강원특별자치도 속초시 교동로7길 31 (교동)","24840","옴욤","2022-12-23 14:37:42","I","2023-06-13 00:00:00","제과점영업","338353.652729838","523769.400901141","제과점영업","0","0","","","","0","0","0","0","0","","0","0","N","28.62","","","",
"1651","제과점영업","07_22_18_P","4231000","4231000-121-2021-00008","2021-08-31","","03","폐업","02","폐업","2023-04-25","","","","","16.82","","강원특별자치도 속초시 조양동 1464-5","강원특별자치도 속초시 해오름로 171, 리센오션 B동 104호 (조양동)","24887","팡파미유속초해변점","2023-04-25 16:07:10","I","2023-06-13 00:00:00","제과점영업","340356.577539638","521922.440905375","제과점영업","0","0","","","","0","0","0","0","0","","0","0","N","16.82","","","",
"1652","제과점영업","07_22_18_P","4231000","4231000-121-2021-00009","2021-12-22","","03","폐업","02","폐업","2023-12-29","","","","","52.92","","강원특별자치도 속초시 조양동 662-7","강원특별자치도 속초시 청대로204번길 18, 1층 (조양동)","24880","파파스블랑제리","2023-12-29 11:05:00","U","2023-12-31 02:40:00","제과점영업","338250.795078766","521661.31708153","제과점영업","0","0","","","","0","0","0","0","0","","0","0","N","52.92","","","",
"1653","제과점영업","07_22_18_P","4231000","4231000-121-2022-00002","2022-04-06","","03","폐업","02","폐업","2025-09-25","","","","","346.22","","강원특별자치도 속초시 금호동 473-235","강원특별자치도 속초시 중앙로121번길 28, 140~146호 (금호동)","24833","카페빵선생속초점","2025-09-26 09:08:28","U","2025-09-28 02:40:00","제과점영업","339101.583488613","523440.599544996","제과점영업","0","0","","","","0","0","0","0","0","","0","0","N","346.22","","","",
"1654","제과점영업","07_22_18_P","4231000","4231000-121-2022-00003","2022-04-08","","03","폐업","02","폐업","2025-02-21","","","","","33.60","","강원특별자치도 속초시 조양동 1582 조양동 효성해링턴 플레이스","강원특별자치도 속초시 청대로 210, 115동 110호 (조양동, 조양동 효성해링턴 플레이스)","24877","땡글베이커리","2025-02-21 16:51:27","U","2025-02-23 02:40:00","제과점영업","338153.25113287","521688.241059638","제과점영업","0","0","","","","0","0","0","0","0","","0","0","N","33.6","","","",
"1655","제과점영업","07_22_18_P","4231000","4231000-121-2022-00004","2022-05-04","","03","폐업","02","폐업","2025-07-01","","","","","22.80","","강원특별자치도 속초시 중앙동 471-4","강원특별자치도 속초시 중앙로147번길 16, 1층 153호 (중앙동)","24832","오베르망속초중앙시장직영점","2025-07-01 13:46:19","U","2025-07-03 02:40:00","제과점영업","339217.40641696","523592.327071737","제과점영업","0","0","","","","0","0","0","0","0","","0","0","N","22.8","","","",
"1656","제과점영업","07_22_18_P","4231000","4231000-121-2022-00005","2022-07-19","","03","폐업","02","폐업","2024-12-10","","","","","32.01","","강원특별자치도 속초시 조양동 1500-3","강원특별자치도 속초시 동해대로 4139, 1층 4호 (조양동)","24874","텍스처제빵소","2024-12-10 16:16:40","U","2024-12-12 02:40:00","제과점영업","338482.082644934","521880.990200637","제과점영업","0","0","","","","0","0","0","0","0","","0","0","N","32.01","","","",
"1657","제과점영업","07_22_18_P","4231000","4231000-121-2023-00002","2023-02-07","","03","폐업","02","폐업","2023-10-10","","","","","55.38","","강원특별자치도 속초시 조양동 1321","강원특별자치도 속초시 조양로 47 (조양동)","24894","따따베","2023-10-10 15:14:56","U","2023-10-12 02:40:00","제과점영업","339732.217857015","521585.108386051","제과점영업","0","0","","","","0","0","0","0","0","","0","0","N","55.38","","","",
"1658","제과점영업","07_22_18_P","4231000","4231000-121-2023-00003","2023-03-27","","03","폐업","02","폐업","2024-12-09","","","","","31.26","","강원특별자치도 속초시 조양동 1390-2 속초 서희스타힐스 더베이 2차","강원특별자치도 속초시 동해대로 3961, 108호 (조양동, 속초 서희스타힐스 더베이 2차)","24893","재리네제빵소","2024-12-09 17:50:33","U","2024-12-11 02:40:00","제과점영업","340097.94220342","521797.497661971","제과점영업","0","0","","","","0","0","0","0","0","","0","0","N","31.26","","","",
"1659","제과점영업","07_22_18_P","4231000","4231000-121-2023-00004","2023-05-01","","03","폐업","02","폐업","2024-11-01","","","","","28.16","","강원특별자치도 속초시 교동 627-317","강원특별자치도 속초시 번영로43번길 18-2, 1층 (교동)","24842","아워코지플레이스(OurCozyPlace)","2024-11-01 15:40:51","U","2024-11-03 02:40:00","제과점영업","338466.151502392","523681.377923936","제과점영업","0","0","","","","0","0","0","0","0","","0","0","N","28.16","","","",
"1660","제과점영업","07_22_18_P","4231000","4231000-121-2023-00005","2023-05-04","","03","폐업","02","폐업","2024-12-17","","","","","13.12","","강원특별자치도 속초시 금호동 473-77","강원특별자치도 속초시 중앙로129번길 21 (금호동)","24835","속초정","2024-12-17 16:59:35","U","2024-12-19 02:40:00","제과점영업","339176.63523379","523481.055188045","제과점영업","0","0","","","","0","0","0","0","0","","0","0","N","13.12","","","",
"1661","제과점영업","07_22_18_P","4231000","4231000-121-2000-00008","2000-02-28","","03","폐업","02","폐업","2010-05-07","","","","033 6358586","","","강원특별자치도 속초시 조양동 1498-2","","","빵굼터","2006-11-29 00:00:00","I","2023-06-13 00:00:00","제과점영업","338339.974552757","521995.523480661","제과점영업","0","0","","","","0","0","0","0","0","","0","0","N","0","","","",
"1662","제과점영업","07_22_18_P","4231000","4231000-121-2001-00016","2001-03-28","","03","폐업","02","폐업","2010-03-02","","","","033 6379200","","","강원특별자치도 속초시 교동 835-1","","","크라운베이커리교동점","2003-12-16 00:00:00","I","2023-06-13 00:00:00","제과점영업","337870.812833234","522852.801091666","제과점영업","0","0","","","","0","0","0","0","0","","0","0","N","0","","","",
"1663","제과점영업","07_22_18_P","4231000","4231000-121-2002-00004","2002-03-05","","03","폐업","02","폐업","2006-07-31","","","","033 6326591","","","강원특별자치도 속초시 교동 1 상가106호","","","파리바게트교동점","2003-12-17 00:00:00","I","2023-06-13 00:00:00","제과점영업","","","제과점영업","0","0","","","","0","0","0","0","0","","0","0","N","0","","","",
"1664","제과점영업","07_22_18_P","4231000","4231000-121-2002-00010","2002-09-13","","03","폐업","02","폐업","2011-11-28","","","","033 6350430","","","강원특별자치도 속초시 금호동 482-18","","","동우베이커리","2003-12-17 00:00:00","I","2023-06-13 00:00:00","제과점영업","339118.609002232","523289.377609246","제과점영업","0","0","","","","0","0","0","0","0","","0","0","N","0","","","",
"1665","제과점영업","07_22_18_P","4231000","4231000-121-2004-00002","2004-04-08","","03","폐업","02","폐업","2005-11-14","","","","","","","강원특별자치도 속초시 금호동 625-254","","","플러스빵굼터","2004-04-08 00:00:00","I","2023-06-13 00:00:00","제과점영업","338491.550940702","523754.518714296","제과점영업","0","0","","","","0","0","0","0","0","","0","0","N","0","","","",
"1666","제과점영업","07_22_18_P","4231000","4231000-121-2005-00001","2005-01-19","","03","폐업","02","폐업","2007-01-16","","","","033 6360779","","","강원특별자치도 속초시 동명동 559-5","","","뉴욕제과분점","2005-08-03 00:00:00","I","2023-06-13 00:00:00","제과점영업","339147.864062036","524362.896102458","제과점영업","0","0","","","","0","0","0","0","0","","0","0","N","0","","","",
"1667","제과점영업","07_22_18_P","4231000","4231000-121-2005-00002","2005-02-24","","03","폐업","02","폐업","2011-10-17","","","","033 6360952","70.05","","강원특별자치도 속초시 교동 781","","","쉐프의꿈","2008-01-28 20:55:35","I","2023-06-13 00:00:00","제과점영업","337896.553608995","523918.645502102","제과점영업","0","0","","","상수도전용","0","0","0","0","0","","0","0","N","70.05","","","",
"1668","제과점영업","07_22_18_P","4231000","4231000-121-2005-00005","2005-05-03","","03","폐업","02","폐업","2014-12-01","","","","033 6370985","31.84","","강원특별자치도 속초시 조양동 1215-2 조양2주공@ 상가동 101호","강원특별자치도 속초시 온정로 26, 상가동 101호 (조양동,조양2주공@)","24896","빵이좋은사람들","2008-01-28 21:04:29","I","2023-06-13 00:00:00","제과점영업","339484.188341677","521603.66434196","제과점영업","0","0","","","상수도전용","0","0","0","0","0","","0","0","N","31.84","","","",
"1669","제과점영업","07_22_18_P","4231000","4231000-121-2005-00007","2005-07-27","","03","폐업","02","폐업","2020-05-25","","","","033 6362454","","","강원특별자치도 속초시 교동 984","강원특별자치도 속초시 먹거리1길 24 (교동)","24855","달인의꿈","2020-05-25 11:38:31","I","2023-06-13 00:00:00","제과점영업","337973.261219767","522442.29166075","제과점영업","0","0","","","상수도전용","0","0","0","0","0","","0","0","N","0","","","",
"1670","제과점영업","07_22_18_P","4231000","4231000-121-2005-00008","2005-08-23","","03","폐업","02","폐업","2011-11-28","","","","033 6326119","38.96","","강원특별자치도 속초시 중앙동 473-114","","","즉석빵할인매장","2008-01-28 21:11:04","I","2023-06-13 00:00:00","제과점영업","339181.52159092","523523.157685069","제과점영업","0","0","","","상수도전용","0","0","0","0","0","","0","0","N","38.96","","","",
"1671","제과점영업","07_22_18_P","4231000","4231000-121-2005-00009","2005-11-14","","03","폐업","02","폐업","2006-05-25","","","","033 6370094","47.60","","강원특별자치도 속초시 교동 635-44","","","임봉수베이커리","2008-01-28 21:24:10","I","2023-06-13 00:00:00","제과점영업","338540.919829587","523532.949742951","제과점영업","0","0","기타","","상수도전용","0","0","0","0","0","","0","0","N","47.6","","","",
"1672","제과점영업","07_22_18_P","4231000","4231000-121-2005-00010","2005-11-15","","03","폐업","02","폐업","2007-12-28","","","","","38.76","","강원특별자치도 속초시 금호동 625-254","","","쌩새리뜨베이커리","2008-01-28 21:26:19","I","2023-06-13 00:00:00","제과점영업","338491.550940702","523754.518714296","제과점영업","0","0","기타","","상수도전용","0","0","0","0","0","","0","0","N","38.76","","","",
"1673","제과점영업","07_22_18_P","4231000","4231000-121-2005-00011","2005-11-28","","03","폐업","02","폐업","2006-05-18","","","","033 6338894","19.50","","강원특별자치도 속초시 교동 781-60","","","케잌하우스","2005-11-28 00:00:00","I","2023-06-13 00:00:00","제과점영업","337846.12972941","523849.441926247","제과점영업","0","0","아파트지역","","상수도전용","0","0","0","0","0","","0","0","N","19.5","","","",
"1674","제과점영업","07_22_18_P","4231000","4231000-121-2005-00012","2005-12-08","","03","폐업","02","폐업","2007-12-10","","","","033 632 9933","41.41","","강원특별자치도 속초시 교동 619-34","","","케잌하우스몽마2호점","2007-04-04 00:00:00","I","2023-06-13 00:00:00","제과점영업","338051.191335317","523878.802681687","제과점영업","0","0","","","상수도전용","0","0","0","0","0","","0","0","N","41.41","","","",
"1675","제과점영업","07_22_18_P","4231000","4231000-121-2006-00001","2006-07-07","","03","폐업","02","폐업","2008-07-29","","","","","","","강원특별자치도 속초시 조양동 1490-155","","","에벤에셀","2006-07-07 00:00:00","I","2023-06-13 00:00:00","제과점영업","340327.823138677","521613.764427139","제과점영업","0","0","","","","0","0","0","0","0","","0","0","N","0","","","",
"1676","제과점영업","07_22_18_P","4231000","4231000-121-2006-00002","2006-10-24","","03","폐업","02","폐업","2007-01-02","","","","","","","강원특별자치도 속초시 금호동 482-18","","","정베이커리","2006-10-24 00:00:00","I","2023-06-13 00:00:00","제과점영업","339118.609002232","523289.377609246","제과점영업","0","0","","","","0","0","0","0","0","","0","0","N","0","","","",
"1677","제과점영업","07_22_18_P","4231000","4231000-121-2007-00002","2007-12-28","","03","폐업","02","폐업","2012-11-06","","","","033 633 4826","41.41","","강원특별자치도 속초시 교동 619-34","강원특별자치도 속초시 미시령로 3391 (교동)","24815","뉴욕제과 리빙마트점","2010-10-19 16:45:12","I","2023-06-13 00:00:00","제과점영업","338051.191335317","523878.802681687","제과점영업","0","0","","","상수도전용","0","0","0","0","0","","0","0","N","41.41","","","",
"1678","제과점영업","07_22_18_P","4231000","4231000-121-2011-00001","2011-01-17","","03","폐업","02","폐업","2013-08-16","","","","033 637 9333","46.06","","강원특별자치도 속초시 교동 766","강원특별자치도 속초시 만천3길 8 (교동)","24852","좋은빵만들기","2011-01-17 15:37:18","I","2023-06-13 00:00:00","제과점영업","337921.536289514","522957.895353149","제과점영업","0","0","","","","0","0","0","0","0","","0","0","N","46.06","","","",
"1679","제과점영업","07_22_18_P","4231000","4231000-121-2011-00003","2011-04-28","","03","폐업","02","폐업","2018-03-02","","","","637 3008","7.50","","강원특별자치도 속초시 교동 963","강원특별자치도 속초시 먹거리길 12 (교동)","24858","한상기 베이커리","2018-03-02 10:06:41","I","2023-06-13 00:00:00","제과점영업","337818.608403363","522646.1297583","제과점영업","0","0","","","","0","0","0","0","0","","0","0","N","7.5","","","",
"1680","제과점영업","07_22_18_P","4231000","4231000-121-2011-00005","2011-06-10","","03","폐업","02","폐업","2020-12-21","","","","033 637 6997","57.78","","강원특별자치도 속초시 조양동 1498-2","강원특별자치도 속초시 조양상가길 25 (조양동)","24874","빵이야기(굿모닝마트)","2020-12-21 15:25:38","I","2023-06-13 00:00:00","제과점영업","338339.974552757","521995.523480661","제과점영업","0","0","","","","0","0","0","0","0","","0","0","N","57.78","","","",
"1681","제과점영업","07_22_18_P","4231000","4231000-121-2011-00006","2011-08-02","","03","폐업","02","폐업","2011-11-03","","","","033 633 0387","9.00","","강원특별자치도 속초시 청호동 459-134","","","(주)조선호텔베이커리 2","2011-08-02 11:44:55","I","2023-06-13 00:00:00","제과점영업","339761.153723826","522089.806016399","제과점영업","0","0","","","","0","0","0","0","0","","0","0","N","9","","","",
"1682","제과점영업","07_22_18_P","4231000","4231000-121-2011-00007","2011-11-22","","03","폐업","02","폐업","2012-07-02","","","","033 632 6119","24.08","","강원특별자치도 속초시 교동 741-5","강원특별자치도 속초시 수복로 69 (교동)","24847","M베이커리","2011-11-22 14:58:30","I","2023-06-13 00:00:00","제과점영업","338097.74413995","522950.002378182","제과점영업","0","0","","","","0","0","0","0","0","","0","0","N","24.08","","","",
"1683","제과점영업","07_22_18_P","4231000","4231000-121-2012-00001","2012-02-08","","03","폐업","02","폐업","2012-05-02","","","","","5.76","","강원특별자치도 속초시 청호동 459-134","","","(주)조선호텔베이커리(2)","2012-02-08 17:56:08","I","2023-06-13 00:00:00","제과점영업","339761.153723826","522089.806016399","제과점영업","0","0","","","","0","0","0","0","0","","0","0","N","5.76","","","",
"1684","제과점영업","07_22_18_P","4231000","4231000-121-2012-00002","2012-02-29","","03","폐업","02","폐업","2015-04-17","","","","033 635 0112","50.40","","강원특별자치도 속초시 조양동 1499-2 부영아파트 주상가 108호","강원특별자치도 속초시 청대로204번길 39, 108호 (조양동, 부영아파트 주상가)","24876","이지바이","2012-02-29 14:56:58","I","2023-06-13 00:00:00","제과점영업","338282.129911374","521872.924685818","제과점영업","0","0","","","","0","0","0","0","0","","0","0","N","50.4","","","",
"1685","제과점영업","07_22_18_P","4231000","4231000-121-2012-00003","2012-06-18","","03","폐업","02","폐업","2018-10-19","","","","033 633 0387","6.00","","강원특별자치도 속초시 청호동 459-134","강원특별자치도 속초시 설악금강대교로 12 (청호동)","24885","신세계푸드","2018-10-19 16:11:28","I","2023-06-13 00:00:00","제과점영업","339761.153723826","522089.806016399","제과점영업","0","0","","","","0","0","0","0","0","","0","0","N","6","","","",
"1686","제과점영업","07_22_18_P","4231000","4231000-121-2013-00001","2013-08-16","","03","폐업","02","폐업","2016-08-11","","","","033 638 0633","15.00","","강원특별자치도 속초시 교동 766","강원특별자치도 속초시 만천3길 8 (교동)","24852","구름빵제과점","2015-02-13 10:57:15","I","2023-06-13 00:00:00","제과점영업","337921.536289514","522957.895353149","제과점영업","0","0","","","","0","0","0","0","0","","0","0","N","15","","","",
"1687","제과점영업","07_22_18_P","4231000","4231000-121-2014-00001","2014-07-02","","03","폐업","02","폐업","2015-01-02","","","","033 638 3335","31.71","","강원특별자치도 속초시 중앙동 471-4 중앙시장 상가 18호","강원특별자치도 속초시 중앙로147번길 16, 1층 18호 (중앙동, 중앙시장 상가)","24832","배가네","2014-07-02 16:24:35","I","2023-06-13 00:00:00","제과점영업","339217.40641696","523592.327071737","제과점영업","0","0","","","","0","0","0","0","0","","0","0","N","31.71","","","",
"1688","제과점영업","07_22_18_P","4231000","4231000-121-2016-00001","2016-03-04","","03","폐업","02","폐업","2016-06-30","","","","","72.57","","강원특별자치도 속초시 조양동 1093","","","뚜레쥬르속초조양점","2016-07-04 16:54:23","I","2023-06-13 00:00:00","제과점영업","","","제과점영업","0","0","","","","0","0","0","0","0","","0","0","N","72.57","","","",
"1689","제과점영업","07_22_18_P","4231000","4231000-121-2016-00002","2016-07-04","","03","폐업","02","폐업","2016-09-30","","","","","70.51","","강원특별자치도 속초시 조양동 1093","강원특별자치도 속초시 온정로 23 (조양동)","24897","뚜레쥬르속초조양점","2017-07-10 09:20:04","I","2023-06-13 00:00:00","제과점영업","339369.244927784","521555.680735312","제과점영업","0","0","","","","0","0","0","0","0","","0","0","N","70.51","","","",
"1690","제과점영업","07_22_18_P","4231000","4231000-121-2016-00004","2016-09-07","","03","폐업","02","폐업","2019-02-12","","","","","40.50","","강원특별자치도 속초시 교동 635-40","강원특별자치도 속초시 번영로31번길 2 (교동)","24843","교핀쿡","2019-02-12 13:27:03","I","2023-06-13 00:00:00","제과점영업","338488.220705295","523488.914088823","제과점영업","0","0","","","상수도전용","0","0","0","0","0","","0","0","N","40.5","","","",
"1691","제과점영업","07_22_18_P","4231000","4231000-121-2016-00006","2016-12-19","","03","폐업","02","폐업","2019-09-03","","","","","19.22","","강원특별자치도 속초시 중앙동 471-145","강원특별자치도 속초시 중앙시장로 109-1 (중앙동)","24826","웰빙하우스","2019-09-03 11:45:18","I","2023-06-13 00:00:00","제과점영업","339292.447426744","523614.367806001","제과점영업","0","0","","","","0","0","0","0","0","","0","0","N","19.22","","","",
"1692","제과점영업","07_22_18_P","4231000","4231000-121-1984-00004","1984-12-10","","03","폐업","02","폐업","2011-12-12","","","","033 6326036","","","강원특별자치도 속초시 중앙동 475-9","강원특별자치도 속초시 중앙시장로 117 (중앙동)","24826","중앙제과","2011-10-30 14:26:39","I","2023-06-13 00:00:00","제과점영업","339318.996053933","523594.522084621","제과점영업","0","0","","","","0","0","0","0","0","","0","0","N","0","","","",
"1693","제과점영업","07_22_18_P","4231000","4231000-121-1987-00003","1987-04-08","","03","폐업","02","폐업","2019-03-27","","","","033 6328767","","","강원특별자치도 속초시 동명동 465-18","강원특별자치도 속초시 중앙로 189 (동명동)","24826","독일제과","2019-03-27 09:29:08","I","2023-06-13 00:00:00","제과점영업","339417.466405768","523927.626232482","제과점영업","0","0","","","","0","0","0","0","0","","0","0","N","0","","","",
"1694","제과점영업","07_22_18_P","4231000","4231000-121-1988-00002","1988-06-07","","03","폐업","02","폐업","2007-04-12","","","","033 6321935","","","강원특별자치도 속초시 청학동 632-24","","","한아름제과","2003-12-16 00:00:00","I","2023-06-13 00:00:00","제과점영업","338562.567953219","523403.583561376","제과점영업","0","0","","","","0","0","0","0","0","","0","0","N","0","","","",
"1695","제과점영업","07_22_18_P","4231000","4231000-121-1989-00002","1989-04-17","","03","폐업","02","폐업","2006-05-12","","","","033 6323651","","","강원특별자치도 속초시 교동 664-77","","","제일당제과","2003-12-16 00:00:00","I","2023-06-13 00:00:00","제과점영업","338489.349882832","523087.256966301","제과점영업","0","0","","","","0","0","0","0","0","","0","0","N","0","","","",
"1696","제과점영업","07_22_18_P","4231000","4231000-121-1990-00003","1990-08-07","","03","폐업","02","폐업","2009-03-30","","","","033 6316452","","","강원특별자치도 속초시 중앙동 475-5","","","크라운베이커리","2003-12-16 00:00:00","I","2023-06-13 00:00:00","제과점영업","339313.0811549","523550.497940356","제과점영업","0","0","","","","0","0","0","0","0","","0","0","N","0","","","",
"1697","제과점영업","07_22_18_P","4231000","4231000-121-1991-00006","1991-10-12","","03","폐업","02","폐업","2009-04-24","","","","033 6315528","","","강원특별자치도 속초시 영랑동 110-2","","","정연선베이커리","2003-12-16 00:00:00","I","2023-06-13 00:00:00","제과점영업","339692.20228877","524651.753158991","제과점영업","0","0","","","","0","0","0","0","0","","0","0","N","0","","","",
"1698","제과점영업","07_22_18_P","4231000","4231000-121-1992-00006","1992-10-14","","03","폐업","02","폐업","2013-06-05","","","","033 6718550","","","강원특별자치도 속초시 조양동 1419-21","강원특별자치도 속초시 연포길 82 (조양동)","","조양케익타운분점","2013-06-20 11:21:15","I","2023-06-13 00:00:00","제과점영업","339865.78729009","521973.691680891","제과점영업","0","0","","","","0","0","0","0","0","","0","0","N","0","","","",
"1699","제과점영업","07_22_18_P","4231000","4231000-121-1995-00009","1995-08-22","","03","폐업","02","폐업","2018-05-21","","","","033 6333813","84.64","","강원특별자치도 속초시 조양동 1501","강원특별자치도 속초시 조양상가길 34, 103,107,108,109호 (조양동)","24875","빈스파파베이커리","2018-05-21 13:15:30","I","2023-06-13 00:00:00","제과점영업","338484.632342258","521799.808504864","제과점영업","0","0","","","","0","0","0","0","0","","0","0","N","84.64","","","",
"1700","제과점영업","07_22_18_P","4231000","4231000-121-1995-00010","1995-09-07","","03","폐업","02","폐업","2013-06-05","","","","033 6361433","","","강원특별자치도 속초시 교동 620-32 현대쇼핑프라자1층","강원특별자치도 속초시 미시령로 3395 (교동,현대쇼핑프라자1층)","24815","크라운현대분점","2013-06-20 11:21:35","I","2023-06-13 00:00:00","제과점영업","338083.352997041","523930.005860776","제과점영업","0","0","","","","0","0","0","0","0","","0","0","N","0","","","",
"1701","제과점영업","07_22_18_P","4231000","4231000-121-1998-00013","1998-12-28","","03","폐업","02","폐업","2005-11-23","","","","033 6363894","41.41","","강원특별자치도 속초시 교동 619-34","","","리빙빵굼터","2008-01-28 21:37:48","I","2023-06-13 00:00:00","제과점영업","338051.191335317","523878.802681687","제과점영업","0","0","","","상수도전용","0","0","0","0","0","","0","0","N","41.41","","","",
"1702","제과점영업","07_22_18_P","4231000","4231000-121-1999-00006","1999-02-10","","03","폐업","02","폐업","2006-10-24","","","","033 6369400","","","강원특별자치도 속초시 교동 800-8","","","킹베이커리","2003-12-16 00:00:00","I","2023-06-13 00:00:00","제과점영업","337565.599518491","523084.655778516","제과점영업","0","0","","","","0","0","0","0","0","","0","0","N","0","","","",
"1703","제과점영업","07_22_18_P","4231000","4231000-121-1999-00008","1999-08-09","","03","폐업","02","폐업","2013-03-22","","","","033 6372839","","","강원특별자치도 속초시 조양동 1292-2","","","월드빵장터","2006-01-10 00:00:00","I","2023-06-13 00:00:00","제과점영업","","","제과점영업","0","0","","","","0","0","0","0","0","","0","0","N","0","","","",
"1704","제과점영업","07_22_18_P","4231000","4231000-121-1999-00011","1999-09-06","","03","폐업","02","폐업","2007-05-30","","","","033 6374845","","","강원특별자치도 속초시 조양동 1499-1","","","크라운베이커리","2003-12-16 00:00:00","I","2023-06-13 00:00:00","제과점영업","338288.247827357","521992.820974344","제과점영업","0","0","","","","0","0","0","0","0","","0","0","N","0","","","",
"1705","제과점영업","07_22_18_P","4231000","4231000-121-1999-00012","1999-09-30","","03","폐업","02","폐업","2010-03-31","","","","033 6372369","","","강원특별자치도 속초시 금호동 479-3","","","파리바게트중앙점","2005-11-24 00:00:00","I","2023-06-13 00:00:00","제과점영업","339198.571335613","523395.703543498","제과점영업","0","0","","","","0","0","0","0","0","","0","0","N","0","","","",
"1706","제과점영업","07_22_18_P","4231000","4231000-121-2024-00007","2024-10-17","","03","폐업","02","폐업","2024-10-20","","","","","25.00","","강원특별자치도 속초시 청호동 1341-1","강원특별자치도 속초시 설악금강대교로 43 (청호동)","24885","금산명과","2024-10-21 04:15:09","U","2024-10-23 02:40:00","제과점영업","339590.868052988","522324.303975446","제과점영업","0","0","","","","0","0","0","0","0","","0","0","N","25","","","",
"1707","제과점영업","07_22_18_P","4231000","4231000-121-2023-00006","2023-11-07","","03","폐업","02","폐업","2024-12-27","","","","","2.16","","강원특별자치도 속초시 조양동 621","강원특별자치도 속초시 조양로 213 (조양동)","24877","보름당제이마트점","2024-12-27 14:16:12","U","2024-12-29 02:40:00","제과점영업","338092.086482948","521843.531246037","제과점영업","0","0","","","","0","0","0","0","0","","0","0","N","2.16","","","",
"1708","제과점영업","07_22_18_P","4231000","4231000-121-2021-00010","2021-01-13","","03","폐업","02","폐업","2025-05-26","","","","033 333 8800","28.00","","강원특별자치도 속초시 조양동 1321","강원특별자치도 속초시 조양로 47 (조양동)","24894","제이브레드(J-bread)","2025-05-26 13:23:35","U","2025-05-28 02:40:00","제과점영업","339732.217857015","521585.108386051","제과점영업","1","0","","","상수도전용","0","0","0","0","0","","0","0","N","28","","","",
"1709","제과점영업","07_22_18_P","4241000","4241000-121-1993-00004","1993-12-24","","03","폐업","02","폐업","2006-03-02","","","","033 5743653","32.83","","강원특별자치도 삼척시 남양동 55-4 6통3반","","","서울왕만두","2001-10-24 00:00:00","I","2023-06-13 00:00:00","제과점영업","391554.434447351","439972.918024365","제과점영업","0","0","","","","0","0","0","0","0","","0","0","N","32.83","","","",
"1710","제과점영업","07_22_18_P","4241000","4241000-121-2009-00001","2009-09-01","","03","폐업","02","폐업","2019-11-06","","","","003305756767","5.40","","강원특별자치도 삼척시 원덕읍 호산리 258-3","강원특별자치도 삼척시 원덕읍 삼척로 425","25961","씨유삼척호산점","2019-11-07 09:03:41","I","2023-06-13 00:00:00","제과점영업","407443.871068007","410703.945246694","제과점영업","1","1","기타","","상수도전용","0","0","0","0","0","","0","0","N","5.4","","","",
"1711","제과점영업","07_22_18_P","4241000","4241000-121-2009-00002","2009-12-17","","03","폐업","02","폐업","2012-01-11","","","","003306470451","13.20","","강원특별자치도 삼척시 당저동 33-3","강원특별자치도 삼척시 중앙로 258 (당저동)","25922","솔향고향식품","2011-11-25 17:05:14","I","2023-06-13 00:00:00","제과점영업","391815.78579528","440452.323948572","제과점영업","1","1","기타","","상수도전용","0","0","0","0","0","","0","0","N","13.2","","","",
"1712","제과점영업","07_22_18_P","4241000","4241000-121-2010-00001","2010-11-01","","03","폐업","02","폐업","2014-02-14","","","","5748762","29.60","","강원특별자치도 삼척시 남양동 55-6","강원특별자치도 삼척시 중앙시장길 53-10 (남양동)","","봉베이커리","2012-02-16 13:58:30","I","2023-06-13 00:00:00","제과점영업","391570.74866139","440037.409972943","제과점영업","1","1","기타","","상수도전용","0","0","0","0","0","","0","0","N","29.6","","","",
"1713","제과점영업","07_22_18_P","4241000","4241000-121-2011-00001","2011-03-22","","03","폐업","02","폐업","2012-02-21","","","","","5.25","","강원특별자치도 삼척시 당저동 34-4","강원특별자치도 삼척시 중앙로 257 (당저동)","25921","훼미리마트사랑점","2011-11-08 10:17:17","I","2023-06-13 00:00:00","제과점영업","391735.357646291","440424.36890915","제과점영업","1","1","주택가주변","","상수도전용","0","0","0","0","0","","0","0","N","5.25","","","",
"1714","제과점영업","07_22_18_P","4241000","4241000-121-2011-00002","2011-09-26","","03","폐업","02","폐업","2024-11-29","","","","","28.00","","강원특별자치도 삼척시 원덕읍 호산리 237 원덕농협하나로마트","강원특별자치도 삼척시 원덕읍 삼척로 436, 원덕농협 내 베이커리","25961","하나로베이커리","2024-11-29 11:50:30","U","2024-12-01 02:40:00","제과점영업","407419.986059194","410804.682617275","제과점영업","2","0","기타","","상수도전용","0","0","0","0","0","","0","0","N","28","","","",
"1715","제과점영업","07_22_18_P","4241000","4241000-121-2011-00003","2011-10-27","","03","폐업","02","폐업","2012-12-10","","","","5746886","92.34","","강원특별자치도 삼척시 교동 598-19","강원특별자치도 삼척시 중앙로 285 (교동)","25916","빚은삼척시청점","2012-12-10 15:53:59","I","2023-06-13 00:00:00","제과점영업","391577.208193145","440652.177047607","제과점영업","1","1","학교정화(상대)","","상수도전용","0","0","0","0","0","","0","0","N","92.34","","","",
"1716","제과점영업","07_22_18_P","4241000","4241000-121-2012-00001","2012-04-19","","03","폐업","02","폐업","2013-03-25","","","","","36.08","","강원특별자치도 삼척시 정상동 344-3 금강프라자 1층","강원특별자치도 삼척시 정상안길 97, 1층 (정상동, 금강프라자내)","25926","태화베이커리삼척점","2012-04-24 17:51:14","I","2023-06-13 00:00:00","제과점영업","392593.126887095","440411.382752103","제과점영업","1","1","학교정화(상대)","","상수도전용","0","0","0","0","0","","0","0","N","36.08","","","",
"1717","제과점영업","07_22_18_P","4241000","4241000-121-2004-00001","2004-01-02","","03","폐업","02","폐업","2008-12-16","","","","5737944","35.41","","강원특별자치도 삼척시 교동 744-1","","","프랑스와과자점","2008-11-24 09:28:49","I","2023-06-13 00:00:00","제과점영업","392416.364809451","440756.219950928","제과점영업","1","1","아파트지역","","상수도전용","0","0","0","0","0","","0","0","N","35.41","","","",
"1718","제과점영업","07_22_18_P","4241000","4241000-121-2012-00002","2012-11-26","","03","폐업","02","폐업","2016-10-12","","","","5734608","45.36","","강원특별자치도 삼척시 남양동 93","강원특별자치도 삼척시 중앙로 193 (남양동)","25920","더굿베이커리","2016-12-01 17:47:27","I","2023-06-13 00:00:00","제과점영업","391760.360514867","439793.839760076","제과점영업","1","1","기타","","상수도전용","0","0","0","0","0","","0","0","N","45.36","","","",
"1719","제과점영업","07_22_18_P","4241000","4241000-121-2014-00001","2014-05-23","","03","폐업","02","폐업","2017-09-14","","","","5737336","45.00","","강원특별자치도 삼척시 정상동 453-19","강원특별자치도 삼척시 척주로 123-1, 1층 (정상동)","25926","정라진찹쌀떡","2017-09-14 10:57:49","I","2023-06-13 00:00:00","제과점영업","392559.889408068","439986.152259022","제과점영업","1","1","아파트지역","","상수도전용","0","0","0","0","0","","0","0","N","45","","","",
"1720","제과점영업","07_22_18_P","4241000","4241000-121-1994-00007","1994-12-12","","03","폐업","02","폐업","2007-05-02","","","","033 5738249","88.44","","강원특별자치도 삼척시 남양동 328-1","","","파리바게트삼척점","2007-05-02 00:00:00","I","2023-06-13 00:00:00","제과점영업","391718.83038448","440174.786705498","제과점영업","0","0","기타","자율","상수도전용","0","0","0","0","0","","0","0","N","88.44","","","",
"1721","제과점영업","07_22_18_P","4241000","4241000-121-1994-00008","1994-12-22","","03","폐업","02","폐업","2006-11-30","","","","033 5720017","38.61","","강원특별자치도 삼척시 남양동 55-62 7통5반","","","신라명과삼척점","2001-12-14 00:00:00","I","2023-06-13 00:00:00","제과점영업","391762.677424488","439909.987632322","제과점영업","0","0","","","","0","0","0","0","0","","0","0","N","38.61","","","",
"1722","제과점영업","07_22_18_P","4241000","4241000-121-1995-00001","1995-10-26","","03","폐업","02","폐업","2016-11-21","","","","033 5410014","56.00","","강원특별자치도 삼척시 도계읍 전두리 50-4","강원특별자치도 삼척시 도계읍 도계로 244-1","25947","고려명과","2011-11-08 09:37:58","I","2023-06-13 00:00:00","제과점영업","381381.213579062","416344.837030353","제과점영업","2","1","기타","자율","상수도전용","0","0","0","0","0","","0","0","N","56","","","",
"1723","제과점영업","07_22_18_P","4241000","4241000-121-1995-00002","1995-12-12","","03","폐업","02","폐업","2009-09-21","","","","033 5738589","28.35","","강원특별자치도 삼척시 근덕면 교가리 660","","","이딸리앙베이커리근덕점","2001-12-05 00:00:00","I","2023-06-13 00:00:00","제과점영업","","","제과점영업","0","0","","","","0","0","0","0","0","","0","0","N","28.35","","","",
"1724","제과점영업","07_22_18_P","4241000","4241000-121-1995-00003","1995-01-16","","03","폐업","02","폐업","1999-08-26","","","","033 5746914","30.53","","강원특별자치도 삼척시 남양동 55-6 6통2반","","","밀리노베이커리","2001-08-17 00:00:00","I","2023-06-13 00:00:00","제과점영업","391570.74866139","440037.409972943","제과점영업","0","0","","","","0","0","0","0","0","","0","0","N","30.53","","","",
"1725","제과점영업","07_22_18_P","4241000","4241000-121-1995-00006","1995-08-03","","03","폐업","02","폐업","1999-01-26","","","","033 5748200","41.06","","강원특별자치도 삼척시 남양동 17-129 10통3반","","","신라명과","2001-08-17 00:00:00","I","2023-06-13 00:00:00","제과점영업","391420.370625494","440099.698295207","제과점영업","0","0","","","","0","0","0","0","0","","0","0","N","41.06","","","",
"1726","제과점영업","07_22_18_P","4241000","4241000-121-1996-00007","1996-05-10","","03","폐업","02","폐업","2009-07-06","","","","033 5732188","50.54","","강원특별자치도 삼척시 남양동 34-17 10통2반","","","크라운베이커리","2001-08-17 00:00:00","I","2023-06-13 00:00:00","제과점영업","391465.568206164","440078.857291624","제과점영업","0","0","기타","자율","상수도전용","0","0","0","0","0","","0","0","N","50.54","","","",
"1727","제과점영업","07_22_18_P","4241000","4241000-121-1997-00001","1997-08-27","","03","폐업","02","폐업","1999-06-24","","","","033 5410044","42.00","","강원특별자치도 삼척시 도계읍 도계리 373-10 1통12반","","","파리바게트도계점","2002-08-08 00:00:00","I","2023-06-13 00:00:00","제과점영업","381365.610558462","416888.369716589","제과점영업","0","0","유흥업소밀집지역","","상수도전용","0","0","0","0","0","","0","0","N","42","","","",
"1728","제과점영업","07_22_18_P","4241000","4241000-121-2014-00002","2014-12-19","","03","폐업","02","폐업","2020-01-08","","","","5731310","3.36","","강원특별자치도 삼척시 교동 781","강원특별자치도 삼척시 교동로 95, 근린생활동 (교동, 코아루타워아파트 )","25911","씨유삼척코아루타워점","2020-01-08 13:19:16","I","2023-06-13 00:00:00","제과점영업","392039.468840733","440975.393863976","제과점영업","0","1","아파트지역","","상수도전용","0","0","0","0","0","","0","0","N","3.36","","","",
"1729","제과점영업","07_22_18_P","4241000","4241000-121-2015-00002","2015-07-21","","03","폐업","02","폐업","2023-02-20","","","","","32.85","","강원특별자치도 삼척시 당저동 166-8 2층 나동 1호","강원특별자치도 삼척시 대학로 23, 나동 2층 1호 (당저동)","25917","러블리제이수제베이킹","2023-02-20 11:39:02","I","2023-06-13 00:00:00","제과점영업","391357.98554479","440097.362400533","제과점영업","0","1","","","상수도전용","0","0","0","0","0","","0","0","N","32.85","","","",
"1730","제과점영업","07_22_18_P","4241000","4241000-121-2015-00003","2015-08-06","","03","폐업","02","폐업","2019-06-27","","","","033 5740218","4.12","","강원특별자치도 삼척시 남양동 326","강원특별자치도 삼척시 척주로 18, 1층 (남양동)","25920","씨유삼척메트로점","2019-06-27 17:06:34","I","2023-06-13 00:00:00","제과점영업","391600.907306434","440164.30636203","제과점영업","0","1","","","상수도전용","0","0","0","0","0","","0","0","N","4.12","","","",
"1731","제과점영업","07_22_18_P","4241000","4241000-121-2015-00004","2015-09-14","","03","폐업","02","폐업","2023-11-22","","","","","31.68","","강원특별자치도 삼척시 정상동 452-3","강원특별자치도 삼척시 정상로 10-22 (정상동)","25926","숲케이크","2023-11-22 16:25:29","U","2023-11-24 02:40:00","제과점영업","392553.014153722","440036.859560407","제과점영업","0","1","","","상수도전용","0","0","0","0","0","","0","0","N","31.68","","","",
"1732","제과점영업","07_22_18_P","4241000","4241000-121-2015-00005","2015-10-26","","03","폐업","02","폐업","2018-09-06","","","","","48.33","","강원특별자치도 삼척시 교동 764-2","강원특별자치도 삼척시 청석로 42 (교동)","25923","제이슨브레드","2018-09-06 11:28:15","I","2023-06-13 00:00:00","제과점영업","392261.038637463","440612.038407316","제과점영업","1","0","주택가주변","","상수도전용","0","0","0","0","0","","0","0","N","48.33","","","",
"1733","제과점영업","07_22_18_P","4241000","4241000-121-2016-00002","2016-07-22","","03","폐업","02","폐업","2017-02-06","","","","","38.66","","강원특별자치도 삼척시 사직동 438-6","강원특별자치도 삼척시 사직로4길 28-7, 1층 (사직동)","25930","써니의꼼지락공방","2016-08-11 18:49:46","I","2023-06-13 00:00:00","제과점영업","391861.946941438","438851.772848177","제과점영업","0","1","기타","","상수도전용","0","0","0","0","0","","0","0","N","38.66","","","",
"1734","제과점영업","07_22_18_P","4241000","4241000-121-2016-00003","2016-11-18","","03","폐업","02","폐업","2021-11-19","","","","033 5730145","48.37","","강원특별자치도 삼척시 남양동 24-13","강원특별자치도 삼척시 척주로 11 (남양동)","25921","스마일베이커리","2021-11-19 15:35:36","I","2023-06-13 00:00:00","제과점영업","391543.442321973","440206.995641105","제과점영업","1","1","학교정화(상대)","","상수도전용","0","0","0","0","0","","0","0","N","48.37","","","",
"1735","제과점영업","07_22_18_P","4241000","4241000-121-2017-00001","2017-08-11","","03","폐업","02","폐업","2019-10-01","","","","","52.50","","강원특별자치도 삼척시 남양동 344-4","강원특별자치도 삼척시 남양길 41-80 (남양동)","25929","파리 노크","2019-10-01 15:08:06","I","2023-06-13 00:00:00","제과점영업","392083.855578201","440080.182865952","제과점영업","0","0","","","","0","0","0","0","0","","0","0","N","52.5","","","",
"1736","제과점영업","07_22_18_P","4241000","4241000-121-1979-00001","1979-05-12","","03","폐업","02","폐업","2000-02-17","","","","","","","강원특별자치도 삼척시 도계읍 전두리 1 1통4반","","","태극당","2001-10-24 00:00:00","I","2023-06-13 00:00:00","제과점영업","381292.077931141","416992.216006839","제과점영업","0","0","","","","0","0","0","0","0","","0","0","N","0","","","",
"1737","제과점영업","07_22_18_P","4241000","4241000-121-1984-00007","1984-03-26","","03","폐업","02","폐업","2022-02-17","","","","033 5721408","79.02","","강원특별자치도 삼척시 읍중동 2-33","강원특별자치도 삼척시 엑스포로 1 (읍중동)","25920","풍년제과","2022-02-17 13:44:01","I","2023-06-13 00:00:00","제과점영업","391411.194296603","439828.439683303","제과점영업","1","1","학교정화(상대)","","상수도전용","0","0","0","0","0","","0","0","N","79.02","","","",
"1738","제과점영업","07_22_18_P","4241000","4241000-121-1986-00001","1986-04-03","","03","폐업","02","폐업","2003-03-07","","","","033 5416606","33.54","","강원특별자치도 삼척시 도계읍 도계리 373-1 1통12반","","","예지베이커리","2001-08-16 00:00:00","I","2023-06-13 00:00:00","제과점영업","381356.05058256","416862.843281753","제과점영업","0","0","","","","0","0","0","0","0","","0","0","N","33.54","","","",
"1739","제과점영업","07_22_18_P","4241000","4241000-121-1989-00001","1989-10-12","","03","폐업","02","폐업","2003-03-24","","","","033 5745071","36.40","","강원특별자치도 삼척시 남양동 17-48 10통3반","","","고려당","2001-08-17 00:00:00","I","2023-06-13 00:00:00","제과점영업","391427.85535803","440005.981060299","제과점영업","0","0","","","","0","0","0","0","0","","0","0","N","36.4","","","",
"1740","제과점영업","07_22_18_P","4241000","4241000-121-1989-00002","1989-08-30","","03","폐업","02","폐업","2007-01-09","","","","033 5750575","34.00","","강원특별자치도 삼척시 남양동 343-5","","","브레드인브레드","2006-05-16 00:00:00","I","2023-06-13 00:00:00","제과점영업","392070.678352546","440195.377783299","제과점영업","0","2","아파트지역","","상수도전용","0","0","0","0","0","","0","0","N","34","","","",
"1741","제과점영업","07_22_18_P","4241000","4241000-121-1991-00001","1991-02-01","","03","폐업","02","폐업","2000-01-13","","","","033 5734957","29.08","","강원특별자치도 삼척시 남양동 17-3 8통1반","","","영동제과점","2001-08-17 00:00:00","I","2023-06-13 00:00:00","제과점영업","391412.466495809","440201.48591766","제과점영업","0","0","","","","0","0","0","0","0","","0","0","N","29.08","","","",
"1742","제과점영업","07_22_18_P","4241000","4241000-121-1992-00001","1992-08-04","","03","폐업","02","폐업","2004-05-17","","","","033 5722554","17.20","","강원특별자치도 삼척시 원덕읍 호산리 257-1 3통1반","","","가나안베이커리","2005-08-18 00:00:00","I","2023-06-13 00:00:00","제과점영업","407488.390566901","410737.213043854","제과점영업","0","0","기타","자율","상수도전용","0","0","0","0","0","","0","0","N","17.2","","","",
"1743","제과점영업","07_22_18_P","4241000","4241000-121-1992-00003","1992-07-31","","03","폐업","02","폐업","2000-10-18","","","","033 5740605","68.82","","강원특별자치도 삼척시 남양동 334-8 3통1반","","","맛나제과","2001-08-17 00:00:00","I","2023-06-13 00:00:00","제과점영업","391810.01045816","439721.913829708","제과점영업","0","0","","","","0","0","0","0","0","","0","0","N","68.82","","","",
"1744","제과점영업","07_22_18_P","4241000","4241000-121-1993-00003","1993-12-20","","03","폐업","02","폐업","2008-11-20","","","","033 5733327","65.68","","강원특별자치도 삼척시 남양동 329-8 10통4반","","","이딸리앙","2001-08-17 00:00:00","I","2023-06-13 00:00:00","제과점영업","391707.534831712","440015.119652942","제과점영업","0","0","기타","자율","상수도전용","0","0","0","0","0","","0","0","N","65.68","","","",
"1745","제과점영업","07_22_18_P","4241000","4241000-121-1994-00001","1994-11-09","","03","폐업","02","폐업","1998-06-19","","","","033 5415768","","","강원특별자치도 삼척시 도계읍 도계리 407-10 1통7반","","","맘모스제과","2001-08-16 00:00:00","I","2023-06-13 00:00:00","제과점영업","381473.436666165","416560.175492563","제과점영업","0","0","","","","0","0","0","0","0","","0","0","N","0","","","",
"1746","제과점영업","07_22_18_P","4241000","4241000-121-1994-00002","1994-08-24","","03","폐업","02","폐업","1995-11-29","","","","033 5724741","28.68","","강원특별자치도 삼척시 원덕읍 임원리 95-7 1통1반","","","최영수베이커리","2001-08-17 00:00:00","I","2023-06-13 00:00:00","제과점영업","407999.179805281","417085.16444674","제과점영업","0","0","","","","0","0","0","0","0","","0","0","N","28.68","","","",
"1747","제과점영업","07_22_18_P","4241000","4241000-121-1994-00006","1994-01-26","","03","폐업","02","폐업","2001-12-27","","","","033 5747404","52.25","","강원특별자치도 삼척시 남양동 33-8 10통1반","","","훼미리삼척점","2001-12-29 00:00:00","I","2023-06-13 00:00:00","제과점영업","391492.901182172","440149.517704533","제과점영업","0","0","","","","0","0","0","0","0","","0","0","N","52.25","","","",
"1748","제과점영업","07_22_18_P","4241000","4241000-121-1997-00013","1997-09-05","","03","폐업","02","폐업","2020-08-28","","","","033 5747858","31.34","","강원특별자치도 삼척시 교동 산 166","강원특별자치도 삼척시 중앙로 346 (교동, 삼척캠퍼스,학생회관)","25913","빵나드리","2020-08-28 17:53:28","I","2023-06-13 00:00:00","제과점영업","391252.884241855","441215.031332286","제과점영업","0","1","학교정화(절대)","","상수도전용","0","0","0","0","0","","0","0","N","31.34","","","",
"1749","제과점영업","07_22_18_P","4241000","4241000-121-1998-00008","1998-09-01","","03","폐업","02","폐업","2005-01-29","","","","033 5746603","45.20","","강원특별자치도 삼척시 남양동 326-5","","","빵굽는 마을","2001-08-17 00:00:00","I","2023-06-13 00:00:00","제과점영업","391673.454507728","440171.39344562","제과점영업","0","0","","","","0","0","0","0","0","","0","0","N","45.2","","","",
"1750","제과점영업","07_22_18_P","4241000","4241000-121-1998-00014","1998-02-10","","03","폐업","02","폐업","2000-03-07","","","","033 5731130","44.10","","강원특별자치도 삼척시 정상동 453-19 23통5반","","","이딸리앙베이커리","2001-08-20 00:00:00","I","2023-06-13 00:00:00","제과점영업","392559.889408068","439986.152259022","제과점영업","0","0","주택가주변","자율","상수도전용","0","0","0","0","0","","0","0","N","44.1","","","",
"1751","제과점영업","07_22_18_P","4241000","4241000-121-1999-00003","1999-11-25","","03","폐업","02","폐업","2004-12-28","","","","033 5411236","22.40","","강원특별자치도 삼척시 도계읍 흥전리 69-4 4통7반","","","맘모스제과","2001-12-05 00:00:00","I","2023-06-13 00:00:00","제과점영업","381106.074757955","414942.411012202","제과점영업","0","0","기타","자율","상수도전용","0","0","0","0","0","","0","0","N","22.4","","","",
"1752","제과점영업","07_22_18_P","4241000","4241000-121-1999-00014","1999-07-12","","03","폐업","02","폐업","2005-10-11","","","","033 5745415","42.08","","강원특별자치도 삼척시 남양동 55-67 7통6반","","","헨젤과그레텔","2002-01-15 00:00:00","I","2023-06-13 00:00:00","제과점영업","391681.161663016","439925.470644199","제과점영업","0","0","기타","자율","상수도전용","0","0","0","0","0","","0","0","N","42.08","","","",
"1753","제과점영업","07_22_18_P","4241000","4241000-121-1999-00019","1999-02-10","","03","폐업","02","폐업","2010-11-01","","","","","29.60","","강원특별자치도 삼척시 당저동 27-2 12통1반","","","봉베이커리","2011-04-02 14:00:39","I","2023-06-13 00:00:00","제과점영업","391727.999401591","440613.240005767","제과점영업","1","1","학교정화(절대)","","상수도전용","0","0","0","0","0","","0","0","N","29.6","","","",
"1754","제과점영업","07_22_18_P","4241000","4241000-121-1999-00020","1999-03-31","","03","폐업","02","폐업","2000-02-16","","","","033 5739944","10.44","","강원특별자치도 삼척시 성내동 27-2 12통1반","","","옛날도너츠","2001-08-20 00:00:00","I","2023-06-13 00:00:00","제과점영업","","","제과점영업","0","0","","","","0","0","0","0","0","","0","0","N","10.44","","","",
"1755","제과점영업","07_22_18_P","4241000","4241000-121-1999-00022","1999-07-26","","03","폐업","02","폐업","2005-01-29","","","","03 5760049","66.37","","강원특별자치도 삼척시 성내동 17-11 7통3반","","","펠리체베이커리","2001-08-20 00:00:00","I","2023-06-13 00:00:00","제과점영업","391308.573079923","439902.819167335","제과점영업","0","0","기타","자율","상수도전용","0","0","0","0","0","","0","0","N","66.37","","","",
"1756","제과점영업","07_22_18_P","4241000","4241000-121-2000-00002","2000-02-18","","03","폐업","02","폐업","2001-01-31","","","","033 5412507","48.30","","강원특별자치도 삼척시 도계읍 전두리 81-15 1통4반","","","태극당베이커리","2005-08-18 00:00:00","I","2023-06-13 00:00:00","제과점영업","","","제과점영업","0","0","","","","0","0","0","0","0","","0","0","N","48.3","","","",
"1757","제과점영업","07_22_18_P","4241000","4241000-121-2000-00003","2000-03-14","","03","폐업","02","폐업","2004-03-15","","","","033 5414458","29.64","","강원특별자치도 삼척시 도계읍 전두리 140-7","","","호상베이커리","2002-04-18 00:00:00","I","2023-06-13 00:00:00","제과점영업","381153.387952597","415511.322658372","제과점영업","0","0","","","","0","0","0","0","0","","0","0","N","29.64","","","",
"1758","제과점영업","07_22_18_P","4241000","4241000-121-2000-00014","2000-02-01","","03","폐업","02","폐업","2003-11-13","","","","033 5734957","30.40","","강원특별자치도 삼척시 남양동 17-3 8통1반","","","영동베이커리","2001-08-17 00:00:00","I","2023-06-13 00:00:00","제과점영업","391412.466495809","440201.48591766","제과점영업","0","0","","","","0","0","0","0","0","","0","0","N","30.4","","","",
"1759","제과점영업","07_22_18_P","4241000","4241000-121-2000-00020","2000-10-19","","03","폐업","02","폐업","2004-07-27","","","","033 5746914","29.00","","강원특별자치도 삼척시 남양동 55-6","","","밀라노베이커리","2001-08-20 00:00:00","I","2023-06-13 00:00:00","제과점영업","391570.74866139","440037.409972943","제과점영업","0","0","","","","0","0","0","0","0","","0","0","N","29","","","",
"1760","제과점영업","07_22_18_P","4241000","4241000-121-2001-00001","2001-02-02","","03","폐업","02","폐업","2005-01-20","","","","033 5412507","44.00","","강원특별자치도 삼척시 도계읍 전두리 81-15 1통4반","","","태극당베이커리","2004-06-10 00:00:00","I","2023-06-13 00:00:00","제과점영업","","","제과점영업","0","0","","","","0","0","0","0","0","","0","0","N","44","","","",
"1761","제과점영업","07_22_18_P","4241000","4241000-121-2002-00009","2002-05-22","","03","폐업","02","폐업","2003-07-03","","","","5541345","22.42","","강원특별자치도 삼척시 하장면 광동리 80-32","","","만두랑찐빵이랑","2002-05-22 00:00:00","I","2023-06-13 00:00:00","제과점영업","372170.075001589","429124.884954566","제과점영업","0","0","","","상수도전용","0","0","0","0","0","","0","0","N","22.42","","","",
"1762","제과점영업","07_22_18_P","4241000","4241000-121-2003-00001","2003-03-07","","03","폐업","02","폐업","2016-10-04","","","","5416606","33.00","","강원특별자치도 삼척시 도계읍 도계리 373-1","강원특별자치도 삼척시 도계읍 도계로 301","25947","고려명과도원점","2011-11-08 09:55:39","I","2023-06-13 00:00:00","제과점영업","381356.05058256","416862.843281753","제과점영업","0","1","기타","","상수도전용","0","0","0","0","0","","0","0","N","33","","","",
"1763","제과점영업","07_22_18_P","4241000","4241000-121-2003-00006","2003-04-30","","03","폐업","02","폐업","2017-02-22","","","","5731737","59.28","","강원특별자치도 삼척시 남양동 55-57","강원특별자치도 삼척시 진주로 9 (남양동)","25920","박영만베이커리","2014-02-14 16:12:35","I","2023-06-13 00:00:00","제과점영업","391436.110681377","439916.52784301","제과점영업","1","0","기타","","상수도전용","0","0","0","0","0","","0","0","N","59.28","","","",
"1764","제과점영업","07_22_18_P","4241000","4241000-121-2003-00011","2003-07-04","","03","폐업","02","폐업","2011-05-02","","","","033 5747100","35.32","","강원특별자치도 삼척시 남양동 32-1 삼일빌딩 가동 105호","","","뚜레쥬르삼척점","2011-05-02 18:13:42","I","2023-06-13 00:00:00","제과점영업","","","제과점영업","1","0","유흥업소밀집지역","","상수도전용","0","0","0","0","0","","0","0","N","35.32","","","",
"1765","제과점영업","07_22_18_P","4241000","4241000-121-2018-00003","2018-05-21","","03","폐업","02","폐업","2020-06-11","","","","","38.80","","강원특별자치도 삼척시 정상동 344-3 금강프라자","강원특별자치도 삼척시 정상안길 97, 금강프라자 221호 (정상동)","25926","마카모예롱","2020-06-11 16:55:06","I","2023-06-13 00:00:00","제과점영업","392593.126887095","440411.382752103","제과점영업","0","0","","","상수도전용","0","0","0","0","0","","0","0","N","38.8","","","",
"1766","제과점영업","07_22_18_P","4241000","4241000-121-2004-00005","2004-03-17","","03","폐업","02","폐업","2018-07-16","","","","033 5410241","34.28","","강원특별자치도 삼척시 도계읍 전두리 140-7","강원특별자치도 삼척시 도계읍 강원남부로 1336","25947","태화베이커리","2018-07-16 09:15:00","I","2023-06-13 00:00:00","제과점영업","381153.387952597","415511.322658372","제과점영업","1","0","기타","","상수도전용","0","0","0","0","0","","0","0","N","34.28","","","",
"1767","제과점영업","07_22_18_P","4241000","4241000-121-2004-00009","2004-05-17","","03","폐업","02","폐업","2006-03-13","","","","033 5722554","30.00","","강원특별자치도 삼척시 원덕읍 호산리 257-1 3통1반 2필지","","","가나안베이커리","2004-05-17 00:00:00","I","2023-06-13 00:00:00","제과점영업","407488.390566901","410737.213043854","제과점영업","0","0","기타","","상수도전용","0","0","0","0","0","","0","0","N","30","","","",
"1768","제과점영업","07_22_18_P","4241000","4241000-121-2005-00001","2005-03-19","","03","폐업","02","폐업","2005-12-30","","","","5720835","29.88","","강원특별자치도 삼척시 교동 744-2 삼척농협교동지점 하나로마트내","","","명가만두삼척1호점","2005-03-19 00:00:00","I","2023-06-13 00:00:00","제과점영업","392442.694293257","440739.532947748","제과점영업","3","1","아파트지역","","상수도전용","0","0","0","0","0","","0","0","N","29.88","","","",
"1769","제과점영업","07_22_18_P","4241000","4241000-121-2005-00002","2005-08-30","","03","폐업","02","폐업","2007-08-28","","","","","39.67","","강원특별자치도 삼척시 정상동 344-3 외 3필지 금강프라자내","","","홈마트베이커리","2005-08-30 00:00:00","I","2023-06-13 00:00:00","제과점영업","392593.126887095","440411.382752103","제과점영업","2","2","학교정화(절대)","","상수도전용","0","0","0","0","0","","0","0","N","39.67","","","",
"1770","제과점영업","07_22_18_P","4241000","4241000-121-2007-00001","2007-02-15","","03","폐업","02","폐업","2007-07-18","","","","5410186","20.30","","강원특별자치도 삼척시 도계읍 전두리 117-2 외2필지","","","빵굽는마을","2007-02-15 00:00:00","I","2023-06-13 00:00:00","제과점영업","381209.919419825","415774.90811148","제과점영업","2","1","기타","","상수도전용","0","0","0","0","0","","0","0","N","20.3","","","",
"1771","제과점영업","07_22_18_P","4241000","4241000-121-2007-00002","2007-04-16","","03","폐업","02","폐업","2010-11-12","","","","5741636","45.89","","강원특별자치도 삼척시 남양동 17-43","","","서영수베이커리","2009-05-26 10:54:27","I","2023-06-13 00:00:00","제과점영업","391424.050932239","440031.853884785","제과점영업","1","2","기타","","상수도전용","0","0","0","0","0","","0","0","N","45.89","","","",
"1772","제과점영업","07_22_18_P","4251000","4251000-121-1988-00001","1988-04-12","","03","폐업","02","폐업","2018-03-19","","","","033 432 0559","32.35","","강원특별자치도 홍천군 홍천읍 희망리 393","강원특별자치도 홍천군 홍천읍 홍천로 301","25135","나드리제과점","2018-03-19 15:43:45","I","2023-06-13 00:00:00","제과점영업","277429.017075472","465569.694035262","제과점영업","0","0","","","상수도전용","0","0","0","0","0","","0","0","N","32.35","","","",
"1773","제과점영업","07_22_18_P","4251000","4251000-121-1991-00001","1991-01-19","","03","폐업","02","폐업","2007-11-15","","","","033 4337088","38.37","","강원특별자치도 홍천군 홍천읍 신장대리 11-7","","","크라운베이커리","2001-09-28 00:00:00","I","2023-06-13 00:00:00","제과점영업","278041.166193912","465731.825806181","제과점영업","0","0","","","상수도전용","0","0","0","0","0","","0","0","N","38.37","","","",
"1774","제과점영업","07_22_18_P","4251000","4251000-121-1993-00001","1993-01-15","","03","폐업","02","폐업","2006-04-07","","","","033 4340304","84.44","","강원특별자치도 홍천군 홍천읍 진리 64-3","","","프랑세스제과점","2001-09-28 00:00:00","I","2023-06-13 00:00:00","제과점영업","278383.261666663","465892.77099958","제과점영업","0","0","","","상수도전용","0","0","0","0","0","","0","0","N","84.44","","","",
"1775","제과점영업","07_22_18_P","4251000","4251000-121-1994-00002","1994-07-11","","03","폐업","02","폐업","2007-12-28","","","","033 4340473","27.20","","강원특별자치도 홍천군 홍천읍 신장대리 8-1","","","모짜르트베이커리","2003-08-29 00:00:00","I","2023-06-13 00:00:00","제과점영업","278177.766240707","465825.469049478","제과점영업","0","0","","","상수도전용","0","0","0","0","0","","0","0","N","27.2","","","",
"1776","제과점영업","07_22_18_P","4251000","4251000-121-2022-00003","2022-09-08","","03","폐업","02","폐업","2025-05-02","","","","","62.49","","강원특별자치도 홍천군 홍천읍 연봉리 153","강원특별자치도 홍천군 홍천읍 연봉로6길 10","25145","베이커리하우스홍천점","2025-05-02 14:15:53","U","2025-05-04 02:40:00","제과점영업","277224.711415248","464852.59704506","제과점영업","0","0","","","상수도전용","0","0","0","0","0","","0","0","N","62.49","","","",
"1777","제과점영업","07_22_18_P","4251000","4251000-121-2016-00005","2016-12-29","","03","폐업","02","폐업","2023-03-13","","","","033 433 6679","3.30","","강원특별자치도 홍천군 홍천읍 갈마곡리 238","강원특별자치도 홍천군 홍천읍 갈마로3길 8","25131","킹베이커리","2023-03-13 15:39:49","I","2023-06-13 00:00:00","제과점영업","279244.664540618","466102.911176561","제과점영업","0","0","","","","0","0","0","0","0","","0","0","N","3.3","","","",
"1778","제과점영업","07_22_18_P","4251000","4251000-121-2017-00002","2017-08-14","","03","폐업","02","폐업","2023-03-13","","","","033 433 7076","3.00","","강원특별자치도 홍천군 홍천읍 진리 78","강원특별자치도 홍천군 홍천읍 너브내길 119","25132","로컬케익나라","2023-03-13 15:22:02","I","2023-06-13 00:00:00","제과점영업","278500.034663633","465807.701424748","제과점영업","0","0","","","상수도전용","0","0","0","0","0","","0","0","N","3","","","",
"1779","제과점영업","07_22_18_P","4251000","4251000-121-2017-00003","2017-11-02","","03","폐업","02","폐업","2022-01-04","","","","","18.72","","강원특별자치도 홍천군 홍천읍 태학리 270-38","강원특별자치도 홍천군 홍천읍 태학여내길 80-3","25126","烋cookie","2022-01-04 18:02:51","I","2023-06-13 00:00:00","제과점영업","279926.157726518","468211.634862923","제과점영업","0","0","","","상수도전용","0","0","0","0","0","","0","0","N","18.72","","","",
"1780","제과점영업","07_22_18_P","4251000","4251000-121-2018-00001","2018-02-19","","03","폐업","02","폐업","2023-03-13","","","","033 435 4985","1.00","","강원특별자치도 홍천군 홍천읍 연봉리 468-3 청솔아파트","강원특별자치도 홍천군 홍천읍 연봉서로 44, 청솔아파트 상가","25144","청솔빵집","2023-03-13 15:15:08","I","2023-06-13 00:00:00","제과점영업","277163.356660886","464585.321933548","제과점영업","0","0","","","상수도전용","0","0","0","0","0","","0","0","N","1","","","",
"1781","제과점영업","07_22_18_P","4251000","4251000-121-2018-00002","2018-03-07","","03","폐업","02","폐업","2019-06-12","","","","033 434 7800","16.28","","강원특별자치도 홍천군 북방면 상화계리 329-9","강원특별자치도 홍천군 북방면 홍천로 11","25115","모두의떡","2019-06-12 16:06:00","I","2023-06-13 00:00:00","제과점영업","275101.71330923","466887.718613674","제과점영업","0","0","기타","","상수도전용","0","0","0","0","0","","0","0","N","16.28","","","",
"1782","제과점영업","07_22_18_P","4251000","4251000-121-2018-00005","2018-07-02","","03","폐업","02","폐업","2023-05-22","","","","","10.00","","강원특별자치도 홍천군 서면 대곡리 57-6","강원특별자치도 홍천군 서면 한서로 2070","25103","K베이커리","2023-05-22 17:01:38","I","2023-06-13 00:00:00","제과점영업","258782.576946475","457896.753927689","제과점영업","0","0","","","","0","0","0","0","0","","0","0","N","10","","","",
"1783","제과점영업","07_22_18_P","4251000","4251000-121-2018-00006","2018-07-11","","03","폐업","02","폐업","2022-07-13","","","","","60.59","","강원특별자치도 홍천군 홍천읍 갈마곡리 23-33","강원특별자치도 홍천군 홍천읍 소옥개로 110, 홍천축협 하나로마트","25128","쁘띠마망","2022-07-13 13:10:14","I","2023-06-13 00:00:00","제과점영업","279582.227802722","466711.472769528","제과점영업","0","0","","","상수도전용","0","0","0","0","0","","0","0","N","60.59","","","",
"1784","제과점영업","07_22_18_P","4251000","4251000-121-2018-00007","2018-09-17","","03","폐업","02","폐업","2022-08-01","","","","033 435 0889","49.58","","강원특별자치도 홍천군 홍천읍 연봉리 156-7","강원특별자치도 홍천군 홍천읍 연봉로6길 2","25145","르방베이커리","2022-08-01 13:15:07","I","2023-06-13 00:00:00","제과점영업","277270.251342296","464868.842089319","제과점영업","0","0","","","상수도전용","0","0","0","0","0","","0","0","N","49.58","","","",
"1785","제과점영업","07_22_18_P","4251000","4251000-121-2019-00002","2019-10-31","","03","폐업","02","폐업","2023-07-11","","","","","27.00","","강원특별자치도 홍천군 홍천읍 신장대리 70-9","강원특별자치도 홍천군 홍천읍 번영로 30","25136","달곰샘마카롱","2023-07-11 14:46:18","U","2023-07-13 02:40:00","제과점영업","277864.530088836","465624.768185945","제과점영업","0","0","","","상수도전용","0","0","0","0","0","","0","0","N","27","","","",
"1786","제과점영업","07_22_18_P","4251000","4251000-121-2020-00001","2020-01-17","","03","폐업","02","폐업","2024-02-28","","","","033 435 0085","39.00","","강원특별자치도 홍천군 홍천읍 신장대리 62-1","강원특별자치도 홍천군 홍천읍 홍천로 344","25139","GS수퍼 홍천점 직영베이커리","2024-02-28 14:45:09","U","2024-03-01 02:40:00","제과점영업","277870.200862898","465464.803193958","제과점영업","0","0","","","상수도전용","0","0","0","0","0","","0","0","N","39","","","",
"1787","제과점영업","07_22_18_P","4251000","4251000-121-2009-00002","2009-05-18","","03","폐업","02","폐업","2012-07-09","","","","033 430 7660","32.57","","강원특별자치도 홍천군 서면 팔봉리 산126-16 대명비발디파크 파인동 지하1층","","","베이커리2","2012-03-27 16:11:44","I","2023-06-13 00:00:00","제과점영업","","","제과점영업","0","0","기타","","상수도전용","0","0","0","0","0","","0","0","N","32.57","","","",
"1788","제과점영업","07_22_18_P","4251000","4251000-121-2009-00003","2009-09-16","","03","폐업","02","폐업","2010-11-08","","","","033 434 1024","92.63","","강원특별자치도 홍천군 홍천읍 연봉리 470-17","","","케익아트","2009-09-16 15:11:21","I","2023-06-13 00:00:00","제과점영업","","","제과점영업","0","0","","","상수도전용","0","0","0","0","0","","0","0","N","92.63","","","",
"1789","제과점영업","07_22_18_P","4251000","4251000-121-2009-00004","2009-10-13","","03","폐업","02","폐업","2014-01-27","","","","033 434 0778","53.32","","강원특별자치도 홍천군 홍천읍 희망리 324-38","강원특별자치도 홍천군 홍천읍 신장대로 51","25136","크라운베이커리홍천점","2011-12-14 16:11:15","I","2023-06-13 00:00:00","제과점영업","277723.007400161","465700.754663135","제과점영업","0","0","","","상수도전용","0","0","0","0","0","","0","0","N","53.32","","","",
"1790","제과점영업","07_22_18_P","4251000","4251000-121-2010-00002","2010-07-16","","03","폐업","02","폐업","2013-01-18","","","","033 439 7158","5.76","","강원특별자치도 홍천군 서면 팔봉리 1278-11 소노펠리체(지하1층)","강원특별자치도 홍천군 서면 한치골길 지하 262 (소노펠리체)","","베이커리3","2012-03-27 16:20:37","I","2023-06-13 00:00:00","제과점영업","260173.247115994","461255.142360437","제과점영업","0","0","","","상수도전용","0","0","0","0","0","","0","0","N","5.76","","","",
"1791","제과점영업","07_22_18_P","4251000","4251000-121-2014-00001","2014-08-05","","03","폐업","02","폐업","2016-08-11","","","","070 74562808","44.80","","강원특별자치도 인제군 북면 원통리 462-1","강원특별자치도 인제군 북면 금강로 5","24618","빠리지앵느","2014-08-11 17:57:58","I","2023-06-13 00:00:00","제과점영업","305876.448934992","513856.691364662","제과점영업","0","0","","","상수도전용","0","0","0","0","0","","0","0","N","44.8","","","",
"1792","제과점영업","07_22_18_P","4251000","4251000-121-2015-00001","2015-05-08","","03","폐업","02","폐업","2023-05-22","","","","","4.00","","강원특별자치도 홍천군 서면 팔봉리 755-2","강원특별자치도 홍천군 서면 한치골길 716 (OK할인마트)","25101","OK베이커리","2023-05-22 17:02:41","I","2023-06-13 00:00:00","제과점영업","261359.905025334","463777.407702841","제과점영업","0","0","","","상수도전용","0","0","0","0","0","","0","0","N","4","","","",
"1793","제과점영업","07_22_18_P","4251000","4251000-121-2015-00003","2015-10-13","","03","폐업","02","폐업","2021-12-06","","","","","48.45","","강원특별자치도 홍천군 홍천읍 연봉리 471-18","강원특별자치도 홍천군 홍천읍 연봉서로3길 3","25146","꽃을담다","2021-12-06 14:04:39","I","2023-06-13 00:00:00","제과점영업","277199.79","464629.1","제과점영업","0","0","","","상수도전용","0","0","0","0","0","","0","0","N","48.45","","","",
"1794","제과점영업","07_22_18_P","4251000","4251000-121-2015-00004","2015-10-13","","03","폐업","02","폐업","2016-06-01","","","","","4.50","","강원특별자치도 홍천군 홍천읍 연봉리 502-2","강원특별자치도 홍천군 홍천읍 남산마을길3길 3","25147","르뽀미에연봉점","2017-09-17 18:55:37","I","2023-06-13 00:00:00","제과점영업","277870.631448737","464975.298133615","제과점영업","0","0","","","상수도전용","0","0","0","0","0","","0","0","N","4.5","","","",
"1795","제과점영업","07_22_18_P","4251000","4251000-121-2016-00002","2016-08-11","","03","폐업","02","폐업","2017-08-04","","","","","32.90","","강원특별자치도 홍천군 홍천읍 진리 21-11","강원특별자치도 홍천군 홍천읍 너브내길 119","25132","빠리지엥느","2017-08-04 11:36:51","I","2023-06-13 00:00:00","제과점영업","278500.034663633","465807.701424748","제과점영업","0","0","","","상수도전용","0","0","0","0","0","","0","0","N","32.9","","","",
"1796","제과점영업","07_22_18_P","4251000","4251000-121-1997-00008","1997-10-20","","03","폐업","02","폐업","2022-06-16","","","","033 4330458","26.12","","강원특별자치도 홍천군 홍천읍 희망리 157 (내고향마트내)","강원특별자치도 홍천군 홍천읍 희망로13길 9 (내고향마트내)","25123","내고향베이커리","2022-06-16 11:13:49","I","2023-06-13 00:00:00","제과점영업","278404.54265902","466207.649636001","제과점영업","0","0","","","상수도전용","0","0","0","0","0","","0","0","N","26.12","","","",
"1797","제과점영업","07_22_18_P","4251000","4251000-121-1999-00001","1999-02-12","","03","폐업","02","폐업","2012-12-20","","","","033 4320459","39.18","","강원특별자치도 홍천군 홍천읍 희망리 324-7","강원특별자치도 홍천군 홍천읍 꽃뫼로 75","25120","케익나라","2012-12-20 09:34:11","I","2023-06-13 00:00:00","제과점영업","277735.332186508","465786.41455618","제과점영업","0","0","","","상수도전용","0","0","0","0","0","","0","0","N","39.18","","","",
"1798","제과점영업","07_22_18_P","4251000","4251000-121-2000-00007","2002-03-29","","03","폐업","02","폐업","2010-10-22","","","","033 4327457","27.07","","강원특별자치도 홍천군 홍천읍 희망리 370-11 외6필지","","","파머스베이커리","2003-03-26 00:00:00","I","2023-06-13 00:00:00","제과점영업","","","제과점영업","0","0","","","상수도전용","0","0","0","0","0","","0","0","N","27.07","","","",
"1799","제과점영업","07_22_18_P","4251000","4251000-121-2001-00024","2001-08-27","","03","폐업","02","폐업","2009-03-18","","","","033 4357033","29.77","","강원특별자치도 홍천군 홍천읍 연봉리 156-7","","","쁘띠앙베이커리","2007-07-12 15:36:00","I","2023-06-13 00:00:00","제과점영업","277270.251342296","464868.842089319","제과점영업","0","0","","","상수도전용","0","0","0","0","0","","0","0","N","29.77","","","",
"1800","제과점영업","07_22_18_P","4251000","4251000-121-2002-00005","2002-04-27","","03","폐업","02","폐업","2010-05-28","","","","033 434 8311","59.00","","강원특별자치도 홍천군 서면 팔봉리 125-1","","","비발디베이커리","2009-04-10 14:47:58","I","2023-06-13 00:00:00","제과점영업","262772.350659299","465843.962768851","제과점영업","0","0","","","상수도전용","0","0","0","0","0","","0","0","N","59","","","",
"1801","제과점영업","07_22_18_P","4251000","4251000-121-2002-00010","2002-05-14","","03","폐업","02","폐업","2020-11-27","","","","033 4356225","53.04","","강원특별자치도 홍천군 홍천읍 신장대리 73-13","강원특별자치도 홍천군 홍천읍 홍천로6길 15","25136","뚜레쥬르제과점","2020-11-27 17:58:54","I","2023-06-13 00:00:00","제과점영업","277939.356693176","465688.694832981","제과점영업","0","0","","","상수도전용","0","0","0","0","0","","0","0","N","53.04","","","",
"1802","제과점영업","07_22_18_P","4251000","4251000-121-2002-00014","2002-10-04","","03","폐업","02","폐업","2013-05-22","","","","033 4320568","14.55","","강원특별자치도 홍천군 홍천읍 신장대리 5-3 나동 72호","강원특별자치도 홍천군 홍천읍 홍천로7길 22, 나동 72호","25137","송탄햄버거","2011-12-14 15:50:11","I","2023-06-13 00:00:00","제과점영업","278086.78842997","465792.77709058","제과점영업","0","0","","","상수도전용","0","0","0","0","0","","0","0","N","14.55","","","",
"1803","제과점영업","07_22_18_P","4251000","4251000-121-2003-00004","2003-03-03","","03","폐업","02","폐업","2005-08-31","","","","033 4322650","45.65","","강원특별자치도 홍천군 남면 양덕원리 203-1","","","고려제과","2003-09-26 00:00:00","I","2023-06-13 00:00:00","제과점영업","267792.082503384","457364.18798835","제과점영업","0","0","","","","0","0","0","0","0","","0","0","N","45.65","","","",
"1804","제과점영업","07_22_18_P","4251000","4251000-121-2003-00009","2003-05-07","","03","폐업","02","폐업","2013-09-12","","","","033 4326698","40.11","","강원특별자치도 홍천군 내면 창촌리 1596-5","강원특별자치도 홍천군 내면 창촌로 44-1","25171","행복베이커리","2011-12-14 15:53:04","I","2023-06-13 00:00:00","제과점영업","322387.75611216","475316.624646756","제과점영업","0","0","","","상수도전용","0","0","0","0","0","","0","0","N","40.11","","","",
"1805","제과점영업","07_22_18_P","4251000","4251000-121-2003-00013","2003-11-18","","03","폐업","02","폐업","2010-04-20","","","","033 4348978","31.65","","강원특별자치도 홍천군 홍천읍 신장대리 62-1","","","프라자베이커리","2003-11-18 00:00:00","I","2023-06-13 00:00:00","제과점영업","277870.200862898","465464.803193958","제과점영업","0","0","","","상수도전용","0","0","0","0","0","","0","0","N","31.65","","","",
"1806","제과점영업","07_22_18_P","4251000","4251000-121-2004-00007","2004-04-19","","03","폐업","02","폐업","2016-06-01","","","","033 432 1747","20.25","","강원특별자치도 홍천군 남면 양덕원리 194-6","강원특별자치도 홍천군 남면 양덕원2길 17","25108","르뽀미에홍천점","2015-05-08 17:03:01","I","2023-06-13 00:00:00","제과점영업","267785.43884265","457450.927676116","제과점영업","0","0","","","상수도전용","0","0","0","0","0","","0","0","N","20.25","","","",
"1807","제과점영업","07_22_18_P","4251000","4251000-121-2004-00017","2004-12-15","","03","폐업","02","폐업","2013-12-30","","","","0334327 187","21.76","","강원특별자치도 홍천군 남면 양덕원리 143-3","강원특별자치도 홍천군 남면 한서로 3394","25108","쉘몽드제과점","2013-11-21 14:22:40","I","2023-06-13 00:00:00","제과점영업","267729.887748816","457177.693941466","제과점영업","0","0","","","상수도전용","0","0","0","0","0","","0","0","N","21.76","","","",
"1808","제과점영업","07_22_18_P","4251000","4251000-121-2005-00001","2005-01-04","","03","폐업","02","폐업","2009-10-13","","","","0334320 445","32.57","","강원특별자치도 홍천군 홍천읍 연봉리 469-19","","","빵사랑굼터","2005-01-04 00:00:00","I","2023-06-13 00:00:00","제과점영업","","","제과점영업","0","0","","","상수도전용","0","0","0","0","0","","0","0","N","32.57","","","",
"1809","제과점영업","07_22_18_P","4251000","4251000-121-2005-00007","2005-06-22","","03","폐업","02","폐업","2016-12-21","","","","033 4332373","31.60","","강원특별자치도 홍천군 홍천읍 갈마곡리 187","강원특별자치도 홍천군 홍천읍 갈마로 12","25130","광수왕만두베이커리","2014-12-24 11:16:34","I","2023-06-13 00:00:00","제과점영업","279157.599913532","465920.027275644","제과점영업","0","0","아파트지역","","상수도전용","0","0","0","0","0","","0","0","N","31.6","","","",
"1810","제과점영업","07_22_18_P","4251000","4251000-121-2005-00008","2005-08-31","","03","폐업","02","폐업","2006-03-07","","","","033 4354949","27.60","","강원특별자치도 홍천군 홍천읍 신장대리 73-33","","","쉐프과자점","2005-08-31 00:00:00","I","2023-06-13 00:00:00","제과점영업","","","제과점영업","0","0","","","상수도전용","0","0","0","0","0","","0","0","N","27.6","","","",
"1811","제과점영업","07_22_18_P","4251000","4251000-121-2007-00001","2007-01-16","","03","폐업","02","폐업","2009-07-22","","","","033 4339171","43.74","","강원특별자치도 홍천군 홍천읍 연봉리 451-4","","","샤르망베이커리","2009-05-06 13:52:17","I","2023-06-13 00:00:00","제과점영업","277579.421590234","465218.371640041","제과점영업","0","0","","","상수도전용","0","0","0","0","0","","0","0","N","43.74","","","",
"1812","제과점영업","07_22_18_P","4251000","4251000-121-2007-00002","2007-05-30","","03","폐업","02","폐업","2016-12-19","","","","033 4327457","36.22","","강원특별자치도 홍천군 홍천읍 희망리 362-14","강원특별자치도 홍천군 홍천읍 홍천로 313","25136","한승연베이커리","2011-12-14 16:00:38","I","2023-06-13 00:00:00","제과점영업","277571.055864722","465517.776725053","제과점영업","0","0","주택가주변","","상수도전용","0","0","0","0","0","","0","0","N","36.22","","","",
"1813","제과점영업","07_22_18_P","4251000","4251000-121-2008-00001","2008-02-22","","03","폐업","02","폐업","2011-01-13","","","","033 432 0046","72.98","","강원특별자치도 홍천군 홍천읍 갈마곡리 443-6, 447-5","","","빵사랑베이커리","2008-02-26 16:47:54","I","2023-06-13 00:00:00","제과점영업","","","제과점영업","0","0","기타","","상수도전용","0","0","0","0","0","","0","0","N","72.98","","","",
"1814","제과점영업","07_22_18_P","4251000","4251000-121-2008-00002","2008-05-16","","03","폐업","02","폐업","2009-07-06","","","","033 432 0081","31.16","","강원특별자치도 홍천군 홍천읍 진리 53,53-1,64-1,107-29","","","장발장베이커리","2008-05-16 11:35:27","I","2023-06-13 00:00:00","제과점영업","","","제과점영업","0","0","","","상수도전용","0","0","0","0","0","","0","0","N","31.16","","","",
"1815","제과점영업","07_22_18_P","4261000","4261000-121-1981-00001","1981-04-01","","03","폐업","02","폐업","2010-06-30","","","","033 3432885","","","강원특별자치도 횡성군 횡성읍 읍상리 287","","","독일제과","2009-08-26 14:12:06","I","2023-06-13 00:00:00","제과점영업","287215.178411298","443577.827236006","제과점영업","0","0","","","상수도전용","0","0","0","0","0","","0","0","N","0","","","",
"1816","제과점영업","07_22_18_P","4261000","4261000-121-1994-00001","1994-12-21","","03","폐업","02","폐업","2008-12-19","","","","033 3432230","27.79","","강원특별자치도 횡성군 횡성읍 읍상리 277-3","","","성모제과","2001-09-20 00:00:00","I","2023-06-13 00:00:00","제과점영업","287192.946947993","443525.36593856","제과점영업","0","0","","","상수도전용","0","0","0","0","0","","0","0","N","27.79","","","",
"1817","제과점영업","07_22_18_P","4261000","4261000-121-2002-00001","2002-01-22","","03","폐업","02","폐업","2008-06-11","","","","033 7640634","32.48","","강원특별자치도 횡성군 횡성읍 읍하리 500-2","","","고려당포란재점","2002-01-22 00:00:00","I","2023-06-13 00:00:00","제과점영업","287083.10136165","444138.494526355","제과점영업","1","1","아파트지역","","상수도전용","0","0","0","0","0","","0","0","N","32.48","","","",
"1818","제과점영업","07_22_18_P","4261000","4261000-121-2004-00001","2004-06-17","","03","폐업","02","폐업","2016-03-15","","","","033 3438298","19.79","","강원특별자치도 횡성군 횡성읍 읍상리 386-13","강원특별자치도 횡성군 횡성읍 태기로 29","25221","월드하우스","2016-03-15 16:32:57","I","2023-06-13 00:00:00","제과점영업","287203.780662324","443693.265458422","제과점영업","2","1","주택가주변","","상수도전용","0","0","0","0","0","","0","0","N","19.79","","","",
"1819","제과점영업","07_22_18_P","4261000","4261000-121-2005-00001","2005-08-16","","03","폐업","02","폐업","2009-04-21","","","","033 3403000","70.20","","강원특별자치도 횡성군 둔내면 두원리 204","","","빵굽는집","2005-08-16 00:00:00","I","2023-06-13 00:00:00","제과점영업","310506.755038668","443916.785022628","제과점영업","0","0","","","상수도전용","0","0","0","0","0","","0","0","N","70.2","","","",
"1820","제과점영업","07_22_18_P","4261000","4261000-121-2007-00001","2007-02-12","","03","폐업","02","폐업","2010-11-08","","","","033 345 1223","32.00","","강원특별자치도 횡성군 횡성읍 읍하리 563-7","","","안데르센베이커리","2008-10-29 14:19:28","I","2023-06-13 00:00:00","제과점영업","286927.910263016","443376.216460958","제과점영업","2","0","기타","","상수도전용","0","0","0","0","0","","0","0","N","32","","","",
"1821","제과점영업","07_22_18_P","4261000","4261000-121-2008-00001","2008-03-31","","03","폐업","02","폐업","2020-01-20","","","","033 345 2618","63.43","","강원특별자치도 횡성군 횡성읍 읍상리 284-3","강원특별자치도 횡성군 횡성읍 삼일로 8","25232","뚜레쥬르 횡성점","2020-01-20 15:38:47","I","2023-06-13 00:00:00","제과점영업","287185.930843059","443571.94737907","제과점영업","0","3","기타","","상수도전용","0","0","0","0","0","","0","0","N","63.43","","","",
"1822","제과점영업","07_22_18_P","4261000","4261000-121-2022-00001","2022-07-06","","03","폐업","02","폐업","2024-12-26","","","","","66.30","","강원특별자치도 횡성군 안흥면 안흥리 34-2 예수재림교회","강원특별자치도 횡성군 안흥면 안흥동4길 21, 예수재림교회 B동","25271","그집식빵","2024-12-26 15:19:05","U","2024-12-28 02:40:00","제과점영업","302520.536532718","434745.633679692","제과점영업","0","0","","","상수도전용","0","0","0","0","0","","0","0","N","66.3","","","",
"1823","제과점영업","07_22_18_P","4261000","4261000-121-2009-00001","2009-03-27","","03","폐업","02","폐업","2009-04-14","","","","033 340 3000","1.86","","강원특별자치도 횡성군 둔내면 우용리 98-15","","","오스타베이커리(3)","2009-03-27 15:58:44","I","2023-06-13 00:00:00","제과점영업","309698.113666054","443404.077569229","제과점영업","1","1","기타","","상수도전용","0","0","0","0","0","","0","0","N","1.86","","","",
"1824","제과점영업","07_22_18_P","4261000","4261000-121-2009-00002","2009-03-27","","03","폐업","02","폐업","2009-04-14","","","","033 340 3000","2.77","","강원특별자치도 횡성군 둔내면 두원리 579-2","","","오스타베이커리(4)","2009-03-27 16:04:26","I","2023-06-13 00:00:00","제과점영업","309479.220496611","444173.879718854","제과점영업","1","1","기타","","상수도전용","0","0","0","0","0","","0","0","N","2.77","","","",
"1825","제과점영업","07_22_18_P","4261000","4261000-121-2009-00003","2009-04-21","","03","폐업","02","폐업","2014-01-22","","","","033 340 3000","70.20","","강원특별자치도 횡성군 둔내면 두원리 204","강원특별자치도 횡성군 둔내면 고원로 451","25263","스타시아베이커리","2012-02-08 13:10:53","I","2023-06-13 00:00:00","제과점영업","310506.755038668","443916.785022628","제과점영업","0","0","기타","","상수도전용","0","0","0","0","0","","0","0","N","70.2","","","",
"1826","제과점영업","07_22_18_P","4261000","4261000-121-2009-00004","2009-04-21","","03","폐업","02","폐업","2012-07-24","","","","033 340 1500","11.52","","강원특별자치도 횡성군 둔내면 우용리 15-4","강원특별자치도 횡성군 둔내면 조항로 360","25263","스타트베이커리","2012-02-08 13:11:19","I","2023-06-13 00:00:00","제과점영업","309117.487929418","441987.926509524","제과점영업","0","0","기타","","상수도전용","0","0","0","0","0","","0","0","N","11.52","","","",
"1827","제과점영업","07_22_18_P","4261000","4261000-121-2009-00005","2009-04-21","","03","폐업","02","폐업","2012-07-24","","","","033 340 1500","4.59","","강원특별자치도 횡성군 둔내면 조항리 150-18","","","오스타베이커리(1)","2011-01-04 17:41:31","I","2023-06-13 00:00:00","제과점영업","308619.852773447","441823.468281564","제과점영업","0","0","기타","","상수도전용","0","0","0","0","0","","0","0","N","4.59","","","",
"1828","제과점영업","07_22_18_P","4261000","4261000-121-2009-00006","2009-04-21","","03","폐업","02","폐업","2012-07-24","","","","033 340 1500","4.42","","강원특별자치도 횡성군 둔내면 조항리 70-11","","","오스타베이커리(2)","2011-01-04 17:36:53","I","2023-06-13 00:00:00","제과점영업","308832.268501481","441332.387578192","제과점영업","0","1","","","상수도전용","0","0","0","0","0","","0","0","N","4.42","","","",
"1829","제과점영업","07_22_18_P","4261000","4261000-121-2009-00007","2009-04-21","","03","폐업","02","폐업","2012-07-24","","","","033 340 1500","1.86","","강원특별자치도 횡성군 둔내면 우용리 98-15","","","오스타베이커리(3)","2011-01-04 17:33:17","I","2023-06-13 00:00:00","제과점영업","309698.113666054","443404.077569229","제과점영업","0","0","기타","","상수도전용","0","0","0","0","0","","0","0","N","1.86","","","",
"1830","제과점영업","07_22_18_P","4261000","4261000-121-2009-00008","2009-04-21","","03","폐업","02","폐업","2012-07-24","","","","033 340 1500","2.77","","강원특별자치도 횡성군 둔내면 두원리 579-2","","","오스타베이커리(4)","2011-01-04 17:27:44","I","2023-06-13 00:00:00","제과점영업","309479.220496611","444173.879718854","제과점영업","0","1","기타","","상수도전용","0","0","0","0","0","","0","0","N","2.77","","","",
"1831","제과점영업","07_22_18_P","4261000","4261000-121-2009-00009","2009-05-18","","03","폐업","02","폐업","2024-01-31","","","","033 342 4200","17.80","","강원특별자치도 횡성군 안흥면 소사리 1511","강원특별자치도 횡성군 안흥면 영동고속도로 153","25268","횡성(인천)휴게소 호두과자","2024-01-31 13:29:36","U","2024-02-02 02:40:00","제과점영업","300313.443160207","440896.610395171","제과점영업","0","1","기타","","지하수전용","0","0","0","0","0","","0","0","N","17.8","","","",
"1832","제과점영업","07_22_18_P","4261000","4261000-121-2009-00010","2009-07-08","","03","폐업","02","폐업","2009-12-01","","","","","13.50","","강원특별자치도 횡성군 횡성읍 읍상리 271-2","","","행복한 건강빵","2009-07-09 16:12:53","I","2023-06-13 00:00:00","제과점영업","","","제과점영업","0","0","기타","","상수도전용","0","0","0","0","0","","0","0","N","13.5","","","",
"1833","제과점영업","07_22_18_P","4261000","4261000-121-2010-00001","2010-12-21","","03","폐업","02","폐업","2012-04-18","","","","033 345 3547","28.70","","강원특별자치도 횡성군 횡성읍 읍하리 563-7","강원특별자치도 횡성군 횡성읍 앞들서로 16","25234","킹베이커리","2012-02-08 13:14:17","I","2023-06-13 00:00:00","제과점영업","286927.910263016","443376.216460958","제과점영업","0","0","","","상수도전용","0","0","0","0","0","","0","0","N","28.7","","","",
"1834","제과점영업","07_22_18_P","4261000","4261000-121-2011-00001","2011-03-28","","03","폐업","02","폐업","2012-07-24","","","","","140.40","","강원특별자치도 횡성군 둔내면 두원리 204","강원특별자치도 횡성군 둔내면 고원로 451","25263","임실치즈 피자","2012-04-12 09:31:18","I","2023-06-13 00:00:00","제과점영업","310506.755038668","443916.785022628","제과점영업","0","0","","","상수도전용","0","0","0","0","0","","0","0","N","140.4","","","",
"1835","제과점영업","07_22_18_P","4261000","4261000-121-2012-00001","2012-12-04","","03","폐업","02","폐업","2016-12-06","","","","","29.63","","강원특별자치도 횡성군 횡성읍 교항리 34","강원특별자치도 횡성군 횡성읍 횡성로 337","25235","빵굽는 사람들","2013-06-12 16:48:21","I","2023-06-13 00:00:00","제과점영업","286738.518127161","442866.449811485","제과점영업","0","0","","","상수도전용","0","0","0","0","0","","0","0","N","29.63","","","",
"1836","제과점영업","07_22_18_P","4261000","4261000-121-2014-00001","2014-06-26","","03","폐업","02","폐업","2018-07-12","","","","033 345 0749","99.61","","강원특별자치도 횡성군 횡성읍 읍하리 586-1","강원특별자치도 횡성군 횡성읍 앞들서로15번길 12","25234","블랙앤화이트","2018-07-12 13:30:14","I","2023-06-13 00:00:00","제과점영업","286842.31956527","443264.517217988","제과점영업","0","0","주택가주변","","상수도전용","0","0","0","0","0","","0","0","N","99.61","","","",
"1837","제과점영업","07_22_18_P","4261000","4261000-121-2019-00001","2019-01-21","","03","폐업","02","폐업","2019-05-31","","","","","90.00","","강원특별자치도 횡성군 횡성읍 읍상리 615-4","강원특별자치도 횡성군 횡성읍 읍마북로 6, 1층","25227","바림","2019-05-31 09:26:18","I","2023-06-13 00:00:00","제과점영업","287823.693420243","443511.052354626","제과점영업","0","1","","","상수도전용","0","0","0","0","0","","0","0","N","90","","","",
"1838","제과점영업","07_22_18_P","4271000","4271000-121-2023-00003","2023-07-19","","03","폐업","02","폐업","2023-08-09","","","","","90.13","","강원특별자치도 영월군 영월읍 하송리 53 레스트힐","강원특별자치도 영월군 영월읍 제방안길 64, 상가동 102호 (레스트힐)","26237","우리빵","2023-08-09 09:34:16","U","2023-08-11 02:40:00","제과점영업","330286.80952716","409646.193085025","제과점영업","0","0","","","","0","0","0","0","0","","0","0","N","90.13","","","",
"1839","제과점영업","07_22_18_P","4271000","4271000-121-1986-00003","1986-06-28","","03","폐업","02","폐업","2007-06-21","","","","033 3727673","","","강원특별자치도 영월군 주천면 주천리 1239-5 7통","","","뉴욕베이커리","2004-10-04 00:00:00","I","2023-06-13 00:00:00","제과점영업","312406.300344451","419540.4975377","제과점영업","0","0","","","","0","0","0","0","0","","0","0","N","0","","","",
"1840","제과점영업","07_22_18_P","4271000","4271000-121-1995-00003","1995-11-09","","03","폐업","02","폐업","2006-07-27","","","","033 3732002","","","강원특별자치도 영월군 영월읍 하송리 382-12","","","버스데이제과","2005-11-25 00:00:00","I","2023-06-13 00:00:00","제과점영업","329480.512371376","409574.917113482","제과점영업","0","0","","","","0","0","0","0","0","","0","0","N","0","","","",
"1841","제과점영업","07_22_18_P","4271000","4271000-121-1997-00004","1997-11-11","","03","폐업","02","폐업","2011-04-25","","","","033 3743595","19.20","","강원특별자치도 영월군 영월읍 영흥리 947-62","","","크라운베이커리","2008-11-28 14:04:24","I","2023-06-13 00:00:00","제과점영업","330223.155768461","410094.306365854","제과점영업","0","0","학교정화(상대)","","상수도전용","0","0","0","0","0","","0","0","N","19.2","","","",
"1842","제과점영업","07_22_18_P","4271000","4271000-121-1998-00003","1998-12-21","","03","폐업","02","폐업","2006-01-31","","","","033 3739229","","","강원특별자치도 영월군 영월읍 영흥리 940-3 3통","","","박상현베이커리","2004-12-08 00:00:00","I","2023-06-13 00:00:00","제과점영업","330394.65676689","410059.344007587","제과점영업","0","0","","","","0","0","0","0","0","","0","0","N","0","","","",
"1843","제과점영업","07_22_18_P","4271000","4271000-121-2000-00002","1969-01-13","","03","폐업","02","폐업","2013-03-04","","","","033 3742610","91.00","","강원특별자치도 영월군 영월읍 영흥리 987-6 5통","강원특별자치도 영월군 영월읍 영모전길 5","","동화케익속으로","2012-02-08 09:49:23","I","2023-06-13 00:00:00","제과점영업","330574.705739972","410109.800175847","제과점영업","0","0","","","","0","0","0","0","0","","0","0","N","91","","","",
"1844","제과점영업","07_22_18_P","4271000","4271000-121-2002-00001","2002-01-22","","03","폐업","02","폐업","2019-02-14","","","","033 3735534","27.70","","강원특별자치도 영월군 영월읍 영흥리 945-17","강원특별자치도 영월군 영월읍 중앙로 40","26236","프랑소와 빠띠시에","2019-02-14 15:17:55","I","2023-06-13 00:00:00","제과점영업","330285.517370025","410057.446725528","제과점영업","0","0","","","","0","0","0","0","0","","0","0","N","27.7","","","",
"1845","제과점영업","07_22_18_P","4271000","4271000-121-2004-00004","2004-11-17","","03","폐업","02","폐업","2010-02-24","","","","3753055","30.80","","강원특별자치도 영월군 영월읍 영흥리 924-7 하나로쇼핑타운","","","하나로빵굼터","2006-09-04 00:00:00","I","2023-06-13 00:00:00","제과점영업","330540.007871909","409936.453098165","제과점영업","1","2","기타","","상수도전용","0","0","0","0","0","","0","0","N","30.8","","","",
"1846","제과점영업","07_22_18_P","4271000","4271000-121-2005-00004","2005-06-13","","03","폐업","02","폐업","2009-06-23","","","","033 3721192","35.00","","강원특별자치도 영월군 한반도면 쌍용리 568-3","","","영월메밀찐빵","2005-06-13 00:00:00","I","2023-06-13 00:00:00","제과점영업","","","제과점영업","0","0","","","지하수전용","0","0","0","0","0","","0","0","N","35","","","",
"1847","제과점영업","07_22_18_P","4271000","4271000-121-2015-00001","2015-04-29","","03","폐업","02","폐업","2017-05-04","","","","","22.08","","강원특별자치도 영월군 영월읍 영흥리 977-1","강원특별자치도 영월군 영월읍 단종로 4, 1층 102호","26232","꽃피우다","2017-05-04 13:50:15","I","2023-06-13 00:00:00","제과점영업","330322.2517785","410115.619045448","제과점영업","0","0","","","상수도전용","0","0","0","0","0","","0","0","N","22.08","","","",
"1848","제과점영업","07_22_18_P","4271000","4271000-121-2017-00001","2017-07-17","","03","폐업","02","폐업","2021-08-12","","","","033 375 2828","57.90","","강원특별자치도 영월군 영월읍 하송리 184-39","강원특별자치도 영월군 영월읍 하송안길 16, 2층","26235","뿌카롱","2021-08-12 16:19:12","I","2023-06-13 00:00:00","제과점영업","329935.905977162","409797.106927163","제과점영업","0","0","","","상수도전용","0","0","0","0","0","","0","0","N","57.9","","","",
"1849","제과점영업","07_22_18_P","4271000","4271000-121-2022-00001","2022-10-07","","03","폐업","02","폐업","2023-12-28","","","","","30.00","","강원특별자치도 영월군 영월읍 영흥리 947-27","강원특별자치도 영월군 영월읍 중앙로 25-1","26233","마카오슈","2023-12-28 11:05:36","U","2023-12-30 02:40:00","제과점영업","330164.3361319","410096.631003628","제과점영업","0","0","","","","0","0","0","0","0","","0","0","N","30","","","",
"1850","제과점영업","07_22_18_P","4271000","4271000-121-2025-00002","2025-09-10","","03","폐업","02","폐업","2025-09-20","","","","","","","강원특별자치도 영월군 영월읍 영흥리 922-23","강원특별자치도 영월군 영월읍 제방안길 45, 영월 동강 둔치 일원","26237","어느날 디저트","2025-09-21 04:15:10","U","2025-09-23 02:40:00","제과점영업","330478.99899203","409799.966357427","제과점영업","0","0","","","","0","0","0","0","0","","0","0","N","0","","","",
"1851","제과점영업","07_22_18_P","4271000","4271000-121-2025-00001","2025-04-16","","03","폐업","02","폐업","2025-04-27","","","","","10.00","","강원특별자치도 영월군 영월읍 하송리 61-19 영월 동강둔치 단종문화제 행사장","","","어느날 디저트","2025-04-28 04:15:09","U","2025-04-30 02:40:00","제과점영업","330358.282496612","409476.314496484","제과점영업","0","0","","","","0","0","0","0","0","","0","0","N","10","","","",
"1852","제과점영업","07_22_18_P","4271000","4271000-121-2024-00002","2024-12-13","","03","폐업","02","폐업","2024-12-15","","","","","3.30","","강원특별자치도 영월군 주천면 주천리 1241-8","강원특별자치도 영월군 주천면 주천로89번길 12, 주천 도시재생지원센터","26203","어느날 디저트","2024-12-16 04:15:09","U","2024-12-18 02:40:00","제과점영업","312393.212353689","419619.284079474","제과점영업","0","0","","","","0","0","0","0","0","","0","0","N","3.3","","","",
"1853","제과점영업","07_22_18_P","4271000","4271000-121-2024-00001","2024-12-06","","03","폐업","02","폐업","2025-03-21","","","","","6.77","","강원특별자치도 영월군 영월읍 방절리 471-2","강원특별자치도 영월군 영월읍 청령포로 227","26226","주식회사 캠프온","2025-03-21 10:54:14","U","2025-03-23 02:40:00","제과점영업","327866.010045881","410043.097495365","제과점영업","0","0","","","상수도전용","0","0","0","0","0","","0","0","N","6.77","","","",
"1854","제과점영업","07_22_18_P","4281000","4281000-121-2014-00002","2014-09-24","","03","폐업","02","폐업","2018-04-24","","","","033 3325432","38.16","","강원특별자치도 평창군 평창읍 하리 72-1","강원특별자치도 평창군 평창읍 송학로 48","25376","행복을굽는베이커리","2018-04-24 15:34:03","I","2023-06-13 00:00:00","제과점영업","323333.758819602","430503.437134438","제과점영업","0","0","","","상수도전용","0","0","0","0","0","","0","0","N","38.16","","","",
"1855","제과점영업","07_22_18_P","4281000","4281000-121-2016-00001","2016-03-22","","03","폐업","02","폐업","2023-11-15","","","","","48.90","","강원특별자치도 평창군 평창읍 하리 55-2 외 3필지","강원특별자치도 평창군 평창읍 평창시장2길 11","25376","브레드 메밀","2023-11-15 15:09:41","U","2023-11-17 02:40:00","제과점영업","323497.894776267","430308.753374586","제과점영업","0","1","기타","","상수도전용","0","0","0","0","0","","0","0","N","48.9","","","",
"1856","제과점영업","07_22_18_P","4281000","4281000-121-2016-00003","2016-11-22","","03","폐업","02","폐업","2021-10-25","","","","033 3306349","110.00","","강원특별자치도 평창군 봉평면 면온리 1089-5 외 3필지","강원특별자치도 평창군 봉평면 태기로 174","25307","파리바게뜨 휘닉스평창점","2021-10-25 13:46:07","I","2023-06-13 00:00:00","제과점영업","317314.2327455","454027.993091729","제과점영업","1","0","기타","","상수도전용","0","0","0","0","0","","0","0","N","110","","","",
"1857","제과점영업","07_22_18_P","4281000","4281000-121-2017-00001","2017-09-11","","03","폐업","02","폐업","2019-02-15","","","","033 3320769","53.04","","강원특별자치도 평창군 용평면 백옥포리 334-2","강원특별자치도 평창군 용평면 금당계곡로 1925-6, 2동","25316","등매당제과","2019-02-15 10:12:58","I","2023-06-13 00:00:00","제과점영업","323664.919867011","452352.900078342","제과점영업","0","1","기타","","상수도전용","0","0","0","0","0","","0","0","N","53.04","","","",
"1858","제과점영업","07_22_18_P","4281000","4281000-121-2018-00001","2018-01-17","","03","폐업","02","폐업","2018-12-04","","","","033 3307777","60.35","","강원특별자치도 평창군 봉평면 면온리 922 지하1층","강원특별자치도 평창군 봉평면 태기로 228-95, 지하1층","25307","화이트델리","2018-12-04 14:00:45","I","2023-06-13 00:00:00","제과점영업","317721.075516227","453496.543743229","제과점영업","0","0","기타","","상수도전용","0","0","0","0","0","","0","0","N","60.35","","","",
"1859","제과점영업","07_22_18_P","4281000","4281000-121-1984-00002","1984-11-30","","03","폐업","02","폐업","2009-04-16","","","","3308332","43.76","","강원특별자치도 평창군 대관령면 용산리 132","","","용평리조트제과점","2005-04-08 00:00:00","I","2023-06-13 00:00:00","제과점영업","348164.878267833","461681.485181209","제과점영업","0","0","","","상수도전용","0","0","0","0","0","","0","0","N","43.76","","","",
"1860","제과점영업","07_22_18_P","4281000","4281000-121-1985-00001","1985-12-17","","03","폐업","02","폐업","2008-02-19","","","","3321500","21.66","","강원특별자치도 평창군 대화면 대화리 1001-38","","","대화베이커리","2005-06-13 00:00:00","I","2023-06-13 00:00:00","제과점영업","328600.91233388","445174.424535063","제과점영업","0","0","","","상수도전용","0","0","0","0","0","","0","0","N","21.66","","","",
"1861","제과점영업","07_22_18_P","4281000","4281000-121-1991-00001","1991-09-30","","03","폐업","02","폐업","2012-08-31","","","","3356677","39.76","","강원특별자치도 평창군 진부면 117-6","강원특별자치도 평창군 진부면 청송로 107","25332","크라운베이커리 진부점","2011-12-23 15:11:40","I","2023-06-13 00:00:00","제과점영업","337490.106291158","460505.034082981","제과점영업","0","0","","","상수도전용","0","0","0","0","0","","0","0","N","39.76","","","",
"1862","제과점영업","07_22_18_P","4281000","4281000-121-1993-00002","1991-05-30","","03","폐업","02","폐업","2013-02-21","","","","3335558","35.72","","강원특별자치도 평창군 평창읍 141-2","강원특별자치도 평창군 평창읍 백오로 83","25376","박태용베이커리","2013-02-21 11:15:56","I","2023-06-13 00:00:00","제과점영업","323456.71757149","430445.651721699","제과점영업","0","0","","","상수도전용","0","0","0","0","0","","0","0","N","35.72","","","",
"1863","제과점영업","07_22_18_P","4281000","4281000-121-1995-00003","1995-09-01","","03","폐업","02","폐업","2016-12-29","","","","3341815","26.55","","강원특별자치도 평창군 대화면 대화리 1001-74","","","빵굽는마을","2008-10-01 17:18:38","I","2023-06-13 00:00:00","제과점영업","","","제과점영업","0","0","","","상수도전용","0","0","0","0","0","","0","0","N","26.55","","","",
"1864","제과점영업","07_22_18_P","4281000","4281000-121-1999-00003","1999-09-02","","03","폐업","02","폐업","2008-10-22","","","","3333900","28.35","","강원특별자치도 평창군 평창읍 하리 157-10","","","크라운베이커리","2005-06-23 00:00:00","I","2023-06-13 00:00:00","제과점영업","323566.7418303","430441.867397368","제과점영업","0","0","","","상수도전용","0","0","0","0","0","","0","0","N","28.35","","","",
"1865","제과점영업","07_22_18_P","4281000","4281000-121-1999-00005","1999-11-20","","03","폐업","02","폐업","2009-07-07","","","","3330522","34.65","","강원특별자치도 평창군 평창읍 천변리 137-95","","","고려당","2001-08-07 00:00:00","I","2023-06-13 00:00:00","제과점영업","","","제과점영업","0","0","","","상수도전용","0","0","0","0","0","","0","0","N","34.65","","","",
"1866","제과점영업","07_22_18_P","4281000","4281000-121-2020-00001","2020-07-03","","03","폐업","02","폐업","2025-03-17","","","","","68.00","","강원특별자치도 평창군 대관령면 횡계리 369-1 대관령농협 하나로마트","강원특별자치도 평창군 대관령면 대관령로 66, 대관령농협 하나로마트","25345","대관령하나로베이커리","2025-03-17 15:16:55","U","2025-03-19 02:40:00","제과점영업","350240.771130231","464825.771069434","제과점영업","1","0","","","상수도전용","0","0","0","0","0","","0","0","N","68","","","",
"1867","제과점영업","07_22_18_P","4281000","4281000-121-2021-00001","2021-01-13","","03","폐업","02","폐업","2023-10-10","","","","033 333 8800","69.40","","강원특별자치도 평창군 대관령면 횡계리 331-11","강원특별자치도 평창군 대관령면 횡계2길 18","25344","제이브레드(J-bread)","2023-10-10 15:54:50","U","2023-10-12 02:40:00","제과점영업","350739.295063049","464845.776879007","제과점영업","1","0","","","상수도전용","0","0","0","0","0","","0","0","N","69.4","","","",
"1868","제과점영업","07_22_18_P","4281000","4281000-121-2002-00002","2002-09-13","","03","폐업","02","폐업","2007-12-14","","","","3359532","16.74","","강원특별자치도 평창군 대관령면 횡계리 366-15","","","하나로빵집","2005-06-13 00:00:00","I","2023-06-13 00:00:00","제과점영업","","","제과점영업","0","0","","","상수도전용","0","0","0","0","0","","0","0","N","16.74","","","",
"1869","제과점영업","07_22_18_P","4281000","4281000-121-2006-00001","2006-12-28","","03","폐업","02","폐업","2023-01-10","","","","3359605","19.78","","강원특별자치도 평창군 진부면 하진부리 155-2","강원특별자치도 평창군 진부면 진부중앙로 27","25333","하나로베이커리","2023-01-10 11:31:31","I","2023-06-13 00:00:00","제과점영업","337264.433814652","460315.010722437","제과점영업","1","1","","","상수도전용","0","0","0","0","0","","0","0","N","19.78","","","",
"1870","제과점영업","07_22_18_P","4281000","4281000-121-2007-00001","2007-02-14","","03","폐업","02","폐업","2008-11-18","","","","","41.00","","강원특별자치도 평창군 대관령면 횡계리 345-2","","","안제리나베이커리","2007-02-14 00:00:00","I","2023-06-13 00:00:00","제과점영업","","","제과점영업","1","1","","","상수도전용","0","0","0","0","0","","0","0","N","41","","","",
"1871","제과점영업","07_22_18_P","4281000","4281000-121-2007-00002","2007-11-29","","03","폐업","02","폐업","2012-11-06","","","","3348481","30.00","","강원특별자치도 평창군 대화면 998-2","강원특별자치도 평창군 대화면 대화1길 14","25359","대화농협하나로베이커리","2011-12-23 15:08:47","I","2023-06-13 00:00:00","제과점영업","328576.813937252","445019.544932321","제과점영업","0","0","기타","","상수도전용","0","0","0","0","0","","0","0","N","30","","","",
"1872","제과점영업","07_22_18_P","4281000","4281000-121-2009-00001","2009-04-20","","03","폐업","02","폐업","2018-05-31","","","","330 6000","59.65","","강원특별자치도 평창군 봉평면 면온리 1097-1 외 8필지","","","휘닉스파크베이커리1","2018-05-31 13:35:25","I","2023-06-13 00:00:00","제과점영업","","","제과점영업","3","1","기타","","상수도전용","0","0","0","0","0","","0","0","N","59.65","","","",
"1873","제과점영업","07_22_18_P","4281000","4281000-121-2009-00005","2009-10-06","","03","폐업","02","폐업","2011-06-24","","","","","68.46","","강원특별자치도 평창군 대관령면 횡계리 325-7","","","뚜레쥬르","2009-10-20 13:52:24","I","2023-06-13 00:00:00","제과점영업","350691.560650149","464701.376746047","제과점영업","1","0","","","상수도전용","0","0","0","0","0","","0","0","N","68.46","","","",
"1874","제과점영업","07_22_18_P","4281000","4281000-121-2011-00002","2011-09-05","","03","폐업","02","폐업","2014-11-05","","","","033 336 2145","95.51","","강원특별자치도 평창군 대관령면 횡계리 322-1 외 1필지","강원특별자치도 평창군 대관령면 장선길 33","25345","뚜레쥬르 대관령 횡계점","2014-01-07 15:15:11","I","2023-06-13 00:00:00","제과점영업","350549.637412613","464693.583140558","제과점영업","1","1","기타","","상수도전용","0","0","0","0","0","","0","0","N","95.51","","","",
"1875","제과점영업","07_22_18_P","4281000","4281000-121-2013-00001","2013-04-25","","03","폐업","02","폐업","2018-01-23","","","","033 3335558","31.28","","강원특별자치도 평창군 평창읍 하리 135-1 외 7필지","강원특별자치도 평창군 평창읍 백오1길 44","25376","씨에프랑스","2018-01-23 15:04:55","I","2023-06-13 00:00:00","제과점영업","323451.837376166","430496.730352471","제과점영업","1","0","","","상수도전용","0","0","0","0","0","","0","0","N","31.28","","","",
"1876","제과점영업","07_22_18_P","4281000","4281000-121-2014-00001","2014-07-01","","03","폐업","02","폐업","2017-11-10","","","","033 335 4583","71.93","","강원특별자치도 평창군 진부면 간평리 45","강원특별자치도 평창군 진부면 진고개로 351-16","25322","대관령빵체험학교","2017-11-10 15:54:29","I","2023-06-13 00:00:00","제과점영업","341022.463935718","467298.062807634","제과점영업","0","0","","","지하수전용","0","0","0","0","0","","0","0","N","71.93","","","",
"1877","제과점영업","07_22_18_P","4281000","4281000-121-1999-00009","1999-09-13","","03","폐업","02","폐업","2010-02-26","","","","3368204","32.06","","강원특별자치도 평창군 진부면 하진부리 136","","","파리바게뜨진부점","2005-06-23 00:00:00","I","2023-06-13 00:00:00","제과점영업","337427.53909896","460496.281981517","제과점영업","0","0","","","상수도전용","0","0","0","0","0","","0","0","N","32.06","","","",
"1878","제과점영업","07_22_18_P","4291000","4291000-121-2012-00001","2012-02-02","","03","폐업","02","폐업","2016-11-17","","","","","40.89","","강원특별자치도 정선군 임계면 241-38","강원특별자치도 정선군 임계면 백두대간로 1335-6","26113","나들가게 임계점","2012-02-02 15:24:17","I","2023-06-13 00:00:00","제과점영업","363354.1535861","445082.870434259","제과점영업","0","0","","","상수도전용","0","0","0","0","0","","0","0","N","40.89","","","",
"1879","제과점영업","07_22_18_P","4291000","4291000-121-2012-00002","2012-06-07","","03","폐업","02","폐업","2017-11-30","","","","033 590 6305","52.13","","강원특별자치도 정선군 사북읍 사북리 424","강원특별자치도 정선군 사북읍 하이원길 265","26154","카페체리","2017-11-30 10:37:06","I","2023-06-13 00:00:00","제과점영업","361518.513221455","413851.267613498","제과점영업","0","0","","","상수도전용","0","0","0","0","0","","0","0","N","52.13","","","",
"1880","제과점영업","07_22_18_P","4291000","4291000-121-2013-00001","2013-05-10","","03","폐업","02","폐업","2015-01-22","","","","033 563 3663","37.23","","강원특별자치도 정선군 임계면 송계리 758","강원특별자치도 정선군 임계면 서동로 4549, 1층","26110","빵향기가득한","2013-05-14 17:53:49","I","2023-06-13 00:00:00","제과점영업","363497.214779015","445264.881154387","제과점영업","0","0","","","","0","0","0","0","0","","0","0","N","37.23","","","",
"1881","제과점영업","07_22_18_P","4291000","4291000-121-2014-00001","2014-05-09","","03","폐업","02","폐업","2017-01-13","","","","","25.86","","강원특별자치도 정선군 사북읍 사북리 294-16","강원특별자치도 정선군 사북읍 파랑새길 6","26150","원베이커리","2014-05-09 09:30:03","I","2023-06-13 00:00:00","제과점영업","362033.117768964","414930.56978921","제과점영업","0","0","기타","","상수도전용","0","0","0","0","0","","0","0","N","25.86","","","",
"1882","제과점영업","07_22_18_P","4291000","4291000-121-2015-00001","2015-03-02","","03","폐업","02","폐업","2023-11-10","","","","033 562 7421","49.30","","강원특별자치도 정선군 북평면 북평리 684-2","강원특별자치도 정선군 북평면 북평6길 7-1","26101","아리아","2023-11-10 15:34:55","U","2023-11-12 02:40:00","제과점영업","347445.944190565","439829.840874228","제과점영업","0","0","","","상수도전용","0","0","0","0","0","","0","0","N","49.3","","","",
"1883","제과점영업","07_22_18_P","4291000","4291000-121-2018-00001","2018-07-24","","03","폐업","02","폐업","2021-02-01","","","","","16.00","","강원특별자치도 정선군 정선읍 애산리 432-478","강원특별자치도 정선군 정선읍 녹송로 8, 1층","26125","빵굽는마을","2021-02-01 15:44:53","I","2023-06-13 00:00:00","제과점영업","348128.757304023","432080.743563971","제과점영업","0","0","","","상수도전용","0","0","0","0","0","","0","0","N","16","","","",
"1884","제과점영업","07_22_18_P","4291000","4291000-121-2021-00002","2021-08-04","","03","폐업","02","폐업","2023-09-20","","","","","14.04","","강원특별자치도 정선군 정선읍 봉양리 346-4","강원특별자치도 정선군 정선읍 5일장길 41-6, 정선아리랑시장 청년몰 105호","26130","별빛공방","2023-09-20 13:46:53","U","2023-09-22 02:40:00","제과점영업","347399.91086556","432284.580069648","제과점영업","0","0","","","상수도전용","0","0","0","0","0","","0","0","N","14.04","","","",
"1885","제과점영업","07_22_18_P","4291000","4291000-121-2022-00002","2022-07-11","","03","폐업","02","폐업","2025-08-01","","","","","25.60","","강원특별자치도 정선군 고한읍 고한리 137-3","강원특별자치도 정선군 고한읍 물한리길 28","26155","빵굽는 야옹이","2025-08-01 18:01:13","U","2025-08-03 02:40:00","제과점영업","363015.286829253","413681.709144012","제과점영업","0","0","","","","0","0","0","0","0","","0","0","N","25.6","","","",
"1886","제과점영업","07_22_18_P","4291000","4291000-121-1978-00001","1978-11-22","","03","폐업","02","폐업","2008-01-02","","","","033591 3029","33.55","","강원특별자치도 정선군 고한읍 고한리 0 19통","","","태극당","2001-09-14 00:00:00","I","2023-06-13 00:00:00","제과점영업","","","제과점영업","0","0","기타","기타","상수도전용","0","0","0","0","0","","0","0","N","33.55","","","",
"1887","제과점영업","07_22_18_P","4291000","4291000-121-1985-00008","1985-10-26","","03","폐업","02","폐업","2005-11-09","","","","033 5922127","54.17","","강원특별자치도 정선군 사북읍 사북리 0 8통6반","","","제네바과자점","2001-09-14 00:00:00","I","2023-06-13 00:00:00","제과점영업","","","제과점영업","0","0","기타","기타","상수도전용","0","0","0","0","0","","0","0","N","54.17","","","",
"1888","제과점영업","07_22_18_P","4291000","4291000-121-1993-00001","1993-02-12","","03","폐업","02","폐업","2021-02-01","","","","033 5631909","49.12","","강원특별자치도 정선군 정선읍 봉양리 339-6","강원특별자치도 정선군 정선읍 정선로 1347","26130","빵굽는마을","2021-02-01 15:48:11","I","2023-06-13 00:00:00","제과점영업","347292.282855169","432168.082008052","제과점영업","0","0","기타","기타","상수도전용","0","0","0","0","0","","0","0","N","49.12","","","",
"1889","제과점영업","07_22_18_P","4291000","4291000-121-1993-00002","1993-04-29","","03","폐업","02","폐업","2006-02-03","","","","033 5926869","","","강원특별자치도 정선군 사북읍 사북리 369-25 3통","","","빵굽는마을","2003-08-19 00:00:00","I","2023-06-13 00:00:00","제과점영업","361291.309251743","415436.341536763","제과점영업","0","0","기타","기타","상수도전용","0","0","0","0","0","","0","0","N","0","","","",
"1890","제과점영업","07_22_18_P","4291000","4291000-121-2002-00006","2002-11-27","","03","폐업","02","폐업","2009-01-30","","","","033 5639790","29.04","","강원특별자치도 정선군 임계면 송계리 770-4","","","명일베이커리","2002-11-27 00:00:00","I","2023-06-13 00:00:00","제과점영업","","","제과점영업","1","1","기타","기타","상수도전용","0","0","0","0","0","","0","0","N","29.04","","","",
"1891","제과점영업","07_22_18_P","4291000","4291000-121-2004-00001","2004-04-19","","03","폐업","02","폐업","2009-04-20","","","","033 5634334","26.52","","강원특별자치도 정선군 정선읍 봉양리 324-28","","","크라운베이커리","2007-12-11 20:28:13","I","2023-06-13 00:00:00","제과점영업","","","제과점영업","0","0","","","상수도전용","0","0","0","0","0","","0","0","N","26.52","","","",
"1892","제과점영업","07_22_18_P","4291000","4291000-121-2004-00005","2004-08-23","","03","폐업","02","폐업","2009-01-20","","","","033 5623697","33.81","","강원특별자치도 정선군 북평면 북평리 684-2","","","빵뜨락","2004-08-23 00:00:00","I","2023-06-13 00:00:00","제과점영업","","","제과점영업","1","1","기타","","상수도전용","0","0","0","0","0","","0","0","N","33.81","","","",
"1893","제과점영업","07_22_18_P","4291000","4291000-121-2004-00006","2004-12-15","","03","폐업","02","폐업","2016-12-14","","","","033 5628080","150.00","","강원특별자치도 정선군 정선읍 봉양리 335-4","강원특별자치도 정선군 정선읍 봉양5길 26","26130","윤영호베이커리","2011-10-05 16:06:31","I","2023-06-13 00:00:00","제과점영업","347221.418985857","432119.43054329","제과점영업","1","1","기타","","상수도전용","0","0","0","0","0","","0","0","N","150","","","",
"1894","제과점영업","07_22_18_P","4291000","4291000-121-2005-00001","2005-01-03","","03","폐업","02","폐업","2019-11-14","","","","033 5910082","41.66","","강원특별자치도 정선군 사북읍 사북리 369-17","강원특별자치도 정선군 사북읍 사북중앙로 34-3","26153","뚜레쥬르","2019-11-14 10:58:50","I","2023-06-13 00:00:00","제과점영업","361332.789864268","415439.79573946","제과점영업","1","1","기타","","상수도전용","0","0","0","0","0","","0","0","N","41.66","","","",
"1895","제과점영업","07_22_18_P","4291000","4291000-121-2005-00005","2005-05-20","","03","폐업","02","폐업","2007-08-09","","","","033 5639060","33.88","","강원특별자치도 정선군 정선읍 봉양리 338-6","강원특별자치도 정선군 정선읍 정선로 1343-1","26130","샌드데이","2013-12-16 17:09:25","I","2023-06-13 00:00:00","제과점영업","347255.19454363","432163.426721265","제과점영업","0","1","기타","","상수도전용","0","0","0","0","0","","0","0","N","33.88","","","",
"1896","제과점영업","07_22_18_P","4291000","4291000-121-2006-00001","2006-02-13","","03","폐업","02","폐업","2012-06-01","","","","033 5925188","58.20","","강원특별자치도 정선군 사북읍 사북리 294-14","","","봉쥬르","2011-02-23 16:36:32","I","2023-06-13 00:00:00","제과점영업","361950.631295916","415051.856793276","제과점영업","0","0","","","상수도전용","0","0","0","0","0","","0","0","N","58.2","","","",
"1897","제과점영업","07_22_18_P","4291000","4291000-121-2006-00004","2006-12-05","","03","폐업","02","폐업","2011-12-13","","","","033 5907700","51.62","","강원특별자치도 정선군 고한읍 고한리 산 1-17 밸리","","","크라운베이커리","2008-11-19 13:09:53","I","2023-06-13 00:00:00","제과점영업","363682.230125753","411480.452935215","제과점영업","0","0","","","상수도전용","0","0","0","0","0","","0","0","N","51.62","","","",
"1898","제과점영업","07_22_18_P","4291000","4291000-121-2024-00004","2024-04-30","","03","폐업","02","폐업","2025-04-28","","","","","58.29","","강원특별자치도 정선군 정선읍 봉양리 342-1","강원특별자치도 정선군 정선읍 5일장길 20","26130","싱싱베이커리 정선","2025-04-28 09:55:50","U","2025-04-30 02:40:00","제과점영업","347283.629271577","432219.794707544","제과점영업","0","0","","","","0","0","0","0","0","","0","0","N","58.29","","","",
"1899","제과점영업","07_22_18_P","4291000","4291000-121-2024-00001","2024-02-28","","03","폐업","02","폐업","2024-05-27","","","","033 590 7601","99.90","","강원특별자치도 정선군 사북읍 사북리 424 강원랜드","강원특별자치도 정선군 사북읍 하이원길 265, 강원랜드 3층","26154","O.V2(오브2)","2024-05-27 09:46:31","U","2024-05-29 02:40:00","제과점영업","361518.513221455","413851.267613498","제과점영업","0","0","","","","0","0","0","0","0","","0","0","N","99.9","","","",
"1900","제과점영업","07_22_18_P","4301000","4301000-121-1989-00034","1989-10-10","","03","폐업","02","폐업","2006-01-03","","","","033 4554706","29.30","","강원특별자치도 철원군 동송읍 이평리 699-1","","","빵사랑","2002-12-11 00:00:00","I","2023-06-13 00:00:00","제과점영업","219200.542582105","522427.619327401","제과점영업","0","0","기타","","상수도전용","0","0","0","0","0","","0","0","N","29.3","","","",
"1901","제과점영업","07_22_18_P","4301000","4301000-121-1990-00032","1990-04-02","","03","폐업","02","폐업","2002-02-22","","","","033 4522753","29.40","","강원특별자치도 철원군 갈말읍 내대리 00 (2/1)","","","고려제과","2002-03-07 00:00:00","I","2023-06-13 00:00:00","제과점영업","","","제과점영업","0","0","기타","","","0","0","0","0","0","","0","0","N","29.4","","","",
"1902","제과점영업","07_22_18_P","4301000","4301000-121-1992-00032","1992-01-10","","03","폐업","02","폐업","2017-12-26","","","","033 4551061","54.98","","강원특별자치도 철원군 동송읍 이평리 683-23","강원특별자치도 철원군 동송읍 금학로 208","24015","뚜레쥬르동송점","2017-12-26 13:23:36","I","2023-06-13 00:00:00","제과점영업","219103.584402052","522733.862450258","제과점영업","0","0","기타","","상수도전용","0","0","0","0","0","","0","0","N","54.98","","","",
"1903","제과점영업","07_22_18_P","4301000","4301000-121-1993-00020","1993-10-19","","03","폐업","02","폐업","2001-03-30","","","","033 4550140","26.01","","강원특별자치도 철원군 동송읍 이평리 680-59","","","빵굽는마을","2001-11-08 00:00:00","I","2023-06-13 00:00:00","제과점영업","219089.004925002","522766.539290412","제과점영업","0","0","기타","","","0","0","0","0","0","","0","0","N","26.01","","","",
"1904","제과점영업","07_22_18_P","4301000","4301000-121-1994-00025","1994-10-01","","03","폐업","02","폐업","2006-11-21","","","","033 4526422","45.92","","강원특별자치도 철원군 갈말읍 신철원리 975-4 (2리)","","","정희문베이커리","2006-11-21 00:00:00","I","2023-06-13 00:00:00","제과점영업","226985.676713619","515898.701402462","제과점영업","0","0","기타","","","0","0","0","0","0","","0","0","N","45.92","","","",
"1905","제과점영업","07_22_18_P","4301000","4301000-121-1995-00019","1991-11-23","","03","폐업","02","폐업","2001-06-23","","","","033 4522387","49.61","","강원특별자치도 철원군 갈말읍 신철원리 709-1","","","뉴욕제과","2001-11-13 00:00:00","I","2023-06-13 00:00:00","제과점영업","227109.613139139","515867.901400812","제과점영업","0","0","기타","","","0","0","0","0","0","","0","0","N","49.61","","","",
"1906","제과점영업","07_22_18_P","4301000","4301000-121-1995-00023","1995-12-16","","03","폐업","02","폐업","2001-07-04","","","","033 4582101","21.20","","강원특별자치도 철원군 서면 와수리 1147-16 (2/2)","","","크라운베이커리","2001-11-13 00:00:00","I","2023-06-13 00:00:00","제과점영업","","","제과점영업","0","0","기타","","","0","0","0","0","0","","0","0","N","21.2","","","",
"1907","제과점영업","07_22_18_P","4301000","4301000-121-1997-00022","1997-03-13","","03","폐업","02","폐업","2001-03-19","","","","033 4552111","42.29","","강원특별자치도 철원군 동송읍 이평리 00 (12/6)","","","파리바게트","2001-11-07 00:00:00","I","2023-06-13 00:00:00","제과점영업","","","제과점영업","0","0","기타","","","0","0","0","0","0","","0","0","N","42.29","","","",
"1908","제과점영업","07_22_18_P","4301000","4301000-121-1998-00030","1998-05-06","","03","폐업","02","폐업","2000-03-20","","","","033 4554706","27.56","","강원특별자치도 철원군 동송읍 이평리 699-1","","","동송유통베이커리","2001-11-07 00:00:00","I","2023-06-13 00:00:00","제과점영업","219200.542582105","522427.619327401","제과점영업","0","0","기타","","","0","0","0","0","0","","0","0","N","27.56","","","",
"1909","제과점영업","07_22_18_P","4301000","4301000-121-1998-00047","1998-11-12","","03","폐업","02","폐업","2010-01-13","","","","033 4528345","52.29","","강원특별자치도 철원군 갈말읍 문혜리 895-37 ,5,32,34,38","","","빵집이야기","2003-11-03 00:00:00","I","2023-06-13 00:00:00","제과점영업","228029.609601012","520293.332276923","제과점영업","0","0","기타","자율","상수도전용","0","0","0","0","0","","0","0","N","52.29","","","",
"1910","제과점영업","07_22_18_P","4301000","4301000-121-1998-00050","1998-12-08","","03","폐업","02","폐업","2008-09-19","","","","033 4520089","38.64","","강원특별자치도 철원군 갈말읍 신철원리 685-5 (1층)","","","파리바게트","2001-11-07 00:00:00","I","2023-06-13 00:00:00","제과점영업","227069.441984034","515885.006044605","제과점영업","0","1","기타","자율","상수도전용","0","0","0","0","0","","0","0","N","38.64","","","",
"1911","제과점영업","07_22_18_P","4301000","4301000-121-1999-00030","1998-05-08","","03","폐업","02","폐업","2012-12-21","","","","033 4521180","30.70","","강원특별자치도 철원군 갈말읍 973-13","강원특별자치도 철원군 갈말읍 삼부연로 2-1","24048","크라운베이커리","2011-11-30 11:14:28","I","2023-06-13 00:00:00","제과점영업","226946.772399296","515815.176407661","제과점영업","0","0","기타","자율","상수도전용","0","0","0","0","0","","0","0","N","30.7","","","",
"1912","제과점영업","07_22_18_P","4301000","4301000-121-1999-00055","1999-07-14","","03","폐업","02","폐업","2006-02-03","","","","033 4556435","19.43","","강원특별자치도 철원군 동송읍 이평리 699-1","","","동송유통베이커리","2003-06-05 00:00:00","I","2023-06-13 00:00:00","제과점영업","219200.542582105","522427.619327401","제과점영업","0","0","주택가주변","","","0","0","0","0","0","","0","0","N","19.43","","","",
"1913","제과점영업","07_22_18_P","4301000","4301000-121-1999-00066","1999-12-09","","03","폐업","02","폐업","2001-02-16","","","","033 4520662","","","강원특별자치도 철원군 갈말읍 신철원리 973-17 (1리,1층)","","","안흥찐빵","2001-11-06 00:00:00","I","2023-06-13 00:00:00","제과점영업","226939.908753188","515801.771683682","제과점영업","0","0","","","","0","0","0","0","0","","0","0","N","0","","","",
"1914","제과점영업","07_22_18_P","4301000","4301000-121-2000-00008","2000-03-09","","03","폐업","02","폐업","2009-01-20","","","","033 4521176","19.37","","강원특별자치도 철원군 갈말읍 지포리 73-1 동산주택상가 101호","","","영빵집","2001-11-13 00:00:00","I","2023-06-13 00:00:00","제과점영업","226672.098745775","515929.539547598","제과점영업","0","0","학교정화(절대)","자율","상수도전용","0","0","0","0","0","","0","0","N","19.37","","","",
"1915","제과점영업","07_22_18_P","4301000","4301000-121-2000-00012","2000-02-15","","03","폐업","02","폐업","2001-10-30","","","","033 4521094","30.00","","강원특별자치도 철원군 갈말읍 군탄리 951-1","","","빵굽는집","2001-11-13 00:00:00","I","2023-06-13 00:00:00","제과점영업","226849.325474635","516310.822843469","제과점영업","0","0","기타","","","0","0","0","0","0","","0","0","N","30","","","",
"1916","제과점영업","07_22_18_P","4301000","4301000-121-2000-00036","2000-08-30","","03","폐업","02","폐업","2001-11-26","","","","033 4558006","0.00","","강원특별자치도 철원군 동송읍 이평리 682-10","","","제이베이커리","2001-12-07 00:00:00","I","2023-06-13 00:00:00","제과점영업","219049.068023784","522681.405224501","제과점영업","0","0","기타","","","0","0","0","0","0","","0","0","N","0","","","",
"1917","제과점영업","07_22_18_P","4301000","4301000-121-2000-00053","2000-03-20","","03","폐업","02","폐업","2001-08-18","","","","033 4588277","","","강원특별자치도 철원군 서면 와수리 1135-10 (1층)","","","훼미리베이커리","2001-11-06 00:00:00","I","2023-06-13 00:00:00","제과점영업","238202.847870273","526019.105520204","제과점영업","0","0","","","","0","0","0","0","0","","0","0","N","0","","","",
"1918","제과점영업","07_22_18_P","4301000","4301000-121-2001-00035","1998-08-29","","03","폐업","02","폐업","2022-06-17","","","","033 4587800","47.23","","강원특별자치도 철원군 갈말읍 지경리 72","강원특별자치도 철원군 갈말읍 청양로 87-1","24029","까베","2022-06-17 17:21:19","I","2023-06-13 00:00:00","제과점영업","230594.881601961","525895.013573785","제과점영업","0","0","기타","","상수도전용","0","0","0","0","0","","0","0","N","47.23","","","",
"1919","제과점영업","07_22_18_P","4301000","4301000-121-2001-00063","2001-12-01","","03","폐업","02","폐업","2003-12-26","","","","033 4580515","17.97","","강원특별자치도 철원군 서면 와수리 1140-12","","","빵이야기","2001-12-11 00:00:00","I","2023-06-13 00:00:00","제과점영업","238269.010820308","526259.821780121","제과점영업","0","0","기타","","상수도전용","0","0","0","0","0","","0","0","N","17.97","","","",
"1920","제과점영업","07_22_18_P","4301000","4301000-121-2002-00001","2002-03-08","","03","폐업","02","폐업","2008-11-27","","","","033 4520077","34.02","","강원특별자치도 철원군 갈말읍 신철원리 673-5","","","조성호과자점","2002-03-19 00:00:00","I","2023-06-13 00:00:00","제과점영업","227010.155802679","515867.964055554","제과점영업","0","0","기타","","상수도전용","0","0","0","0","0","","0","0","N","34.02","","","",
"1921","제과점영업","07_22_18_P","4301000","4301000-121-2002-00003","2002-04-30","","03","폐업","02","폐업","2002-06-26","","","","","","","강원특별자치도 철원군 동송읍 이평리 699-1","","","OK마트제과","2002-07-05 00:00:00","I","2023-06-13 00:00:00","제과점영업","219200.542582105","522427.619327401","제과점영업","0","0","","","","0","0","0","0","0","","0","0","N","0","","","",
"1922","제과점영업","07_22_18_P","4301000","4301000-121-2003-00006","2003-04-11","","03","폐업","02","폐업","2007-08-20","","","","033 4585356","41.24","","강원특별자치도 철원군 서면 자등리 728-14","","","베드로제과","2003-05-09 00:00:00","I","2023-06-13 00:00:00","제과점영업","236071.487670725","518166.729209885","제과점영업","1","1","기타","","지하수전용","0","0","0","0","0","","0","0","N","41.24","","","",
"1923","제과점영업","07_22_18_P","4301000","4301000-121-2003-00017","2003-12-18","","03","폐업","02","폐업","2007-10-23","","","","","21.78","","강원특별자치도 철원군 갈말읍 신철원리 640 ,632,639,633-2,4","","","그린베이커리","2003-12-18 00:00:00","I","2023-06-13 00:00:00","제과점영업","","","제과점영업","1","0","기타","","상수도전용","0","0","0","0","0","","0","0","N","21.78","","","",
"1924","제과점영업","07_22_18_P","4301000","4301000-121-2005-00001","2005-11-21","","03","폐업","02","폐업","2013-12-27","","","","033 4583325","23.04","","강원특별자치도 철원군 서면 와수리 1135-10","강원특별자치도 철원군 서면 와수로146번길 8-1","24058","빵굼터","2011-11-30 11:43:31","I","2023-06-13 00:00:00","제과점영업","238202.847870273","526019.105520204","제과점영업","0","0","기타","","상수도전용","0","0","0","0","0","","0","0","N","23.04","","","",
"1925","제과점영업","07_22_18_P","4301000","4301000-121-2007-00001","2007-02-08","","03","폐업","02","폐업","2007-11-01","","","","033 4555033","56.00","","강원특별자치도 철원군 동송읍 이평리 704-16 (단층)","","","(주)라파리쟌느","2007-02-08 00:00:00","I","2023-06-13 00:00:00","제과점영업","219276.113407794","522598.469112606","제과점영업","0","0","기타","","상수도전용","0","0","0","0","0","","0","0","N","56","","","",
"1926","제과점영업","07_22_18_P","4301000","4301000-121-2008-00001","2008-07-17","","03","폐업","02","폐업","2013-03-26","","","","","56.00","","강원특별자치도 철원군 동송읍 이평리 704-16 굿모닝마트 가동(오른쪽)","강원특별자치도 철원군 동송읍 이평2로 14","24017","쁘띠랑제","2011-11-30 11:45:02","I","2023-06-13 00:00:00","제과점영업","219276.113407794","522598.469112606","제과점영업","0","0","","","상수도전용","0","0","0","0","0","","0","0","N","56","","","",
"1927","제과점영업","07_22_18_P","4301000","4301000-121-2008-00002","2008-10-13","","03","폐업","02","폐업","2020-12-14","","","","033 4520600","85.87","","강원특별자치도 철원군 갈말읍 신철원리 688-3 , 4, 5","강원특별자치도 철원군 갈말읍 삼부연로 10","24049","뚜레쥬르(신철원점)","2020-12-14 17:01:42","I","2023-06-13 00:00:00","제과점영업","227011.884342815","515840.895491177","제과점영업","0","0","","","상수도전용","0","0","0","0","0","","0","0","N","85.87","","","",
"1928","제과점영업","07_22_18_P","4301000","4301000-121-2008-00003","2008-10-16","","03","폐업","02","폐업","2009-08-28","","","","033 4552555","74.56","","강원특별자치도 철원군 동송읍 이평리 854-16 (1층)","","","마숑베이커리","2008-10-16 11:26:26","I","2023-06-13 00:00:00","제과점영업","218877.519064807","522956.389369307","제과점영업","0","0","","","","0","0","0","0","0","","0","0","N","74.56","","","",
"1929","제과점영업","07_22_18_P","4301000","4301000-121-2009-00001","2009-09-08","","03","폐업","02","폐업","2011-12-30","","","","033 4524888","32.58","","강원특별자치도 철원군 갈말읍 지포리 1 SM마트내","강원특별자치도 철원군 갈말읍 명성로 187","24037","파리바게뜨","2011-11-30 11:49:00","I","2023-06-13 00:00:00","제과점영업","226855.969678903","516214.984394342","제과점영업","0","0","","","상수도전용","0","0","0","0","0","","0","0","N","32.58","","","",
"1930","제과점영업","07_22_18_P","4301000","4301000-121-2010-00001","2010-06-30","","03","폐업","02","폐업","2017-07-02","","","","033 4560620","58.07","","강원특별자치도 철원군 서면 자등리 744-13 제1동","강원특별자치도 철원군 서면 자등로 598","24062","궁베이커리","2019-12-20 16:17:58","I","2023-06-13 00:00:00","제과점영업","236156.479827319","518150.78622966","제과점영업","0","0","","","간이상수도","0","0","0","0","0","","0","0","N","58.07","","","",
"1931","제과점영업","07_22_18_P","4301000","4301000-121-2011-00001","2011-05-30","","03","폐업","02","폐업","2020-07-24","","","","","97.82","","강원특별자치도 철원군 서면 와수리 1140-15 1~2층","강원특별자치도 철원군 서면 와수로173번길 11-1","24059","뚜레쥬르","2020-07-24 11:08:00","I","2023-06-13 00:00:00","제과점영업","238259.541096994","526298.54947401","제과점영업","0","0","기타","","상수도전용","0","0","0","0","0","","0","0","N","97.82","","","",
"1932","제과점영업","07_22_18_P","4301000","4301000-121-2016-00001","2016-05-02","","03","폐업","02","폐업","2025-02-10","","","","","41.89","","강원특별자치도 철원군 동송읍 이평리 704-16 굿모닝마트 가동","강원특별자치도 철원군 동송읍 이평2로 14, 가동 (굿모닝마트)","24017","비어드파파(롯데G철원점)","2025-02-10 13:47:53","U","2025-02-12 02:40:00","제과점영업","219276.113407794","522598.469112606","제과점영업","0","0","","","상수도전용","0","0","0","0","0","","0","0","N","41.89","","","",
"1933","제과점영업","07_22_18_P","4301000","4301000-121-2018-00001","2018-01-16","","03","폐업","02","폐업","2020-01-15","","","","","","","강원특별자치도 철원군 철원읍 사요리 158-2","","","쌀꽈배기와 친구들","2020-01-15 11:14:32","I","2023-06-13 00:00:00","푸드트럭","217537.437620428","528017.185057942","푸드트럭","0","0","","","상수도전용","0","0","0","0","0","","0","0","N","0","","","",
"1934","제과점영업","07_22_18_P","4301000","4301000-121-2018-00002","2018-06-25","","03","폐업","02","폐업","2023-11-07","","","","","33.59","","강원특별자치도 철원군 동송읍 이평리 765-5","강원특별자치도 철원군 동송읍 금학로157번길 23-10, 1층","24020","신현미베이커리","2023-11-07 15:46:55","U","2023-11-09 02:40:00","제과점영업","219189.444904492","522014.739976414","제과점영업","0","0","기타","","상수도전용","0","0","0","0","0","","0","0","N","33.59","","","",
"1935","제과점영업","07_22_18_P","4301000","4301000-121-2019-00001","2019-03-22","","03","폐업","02","폐업","2019-09-28","","","","","9.00","","강원특별자치도 철원군 철원읍 관전리 3-5 노동당사","강원특별자치도 철원군 철원읍 금강산로 265, 노동당사","24001","DMZ마켓( 도란도란)","2019-12-10 11:47:48","I","2023-06-13 00:00:00","제과점영업","217614.541412659","528055.955282521","제과점영업","0","0","","","","0","0","0","0","0","","0","0","N","9","","","",
"1936","제과점영업","07_22_18_P","4301000","4301000-121-2019-00002","2019-03-27","","03","폐업","02","폐업","2019-09-28","","","","","9.00","","강원특별자치도 철원군 철원읍 관전리 3-5 노동당사","강원특별자치도 철원군 철원읍 금강산로 265, 노동당사","24001","DMZ마켓(모락모락)","2019-12-10 11:48:00","I","2023-06-13 00:00:00","제과점영업","217614.541412659","528055.955282521","제과점영업","0","0","","","","0","0","0","0","0","","0","0","N","9","","","",
"1937","제과점영업","07_22_18_P","4301000","4301000-121-2019-00003","2019-07-17","","03","폐업","02","폐업","2019-09-28","","","","","","","강원특별자치도 철원군 철원읍 관전리 3-5 노동당사","강원특별자치도 철원군 철원읍 금강산로 265, 노동당사","24001","DMZ마켓(열두광주리영농조합법인)","2019-12-10 11:48:11","I","2023-06-13 00:00:00","제과점영업","217614.541412659","528055.955282521","제과점영업","0","0","","","","0","0","0","0","0","","0","0","N","0","","","",
"1938","제과점영업","07_22_18_P","4301000","4301000-121-2019-00004","2019-07-26","","03","폐업","02","폐업","2019-08-04","","","","033 456 0631","","","강원특별자치도 철원군 김화읍 청양리 9-6","강원특별자치도 철원군 김화읍 호국로 6442, 다슬기축제장 일원","24055","다슬기축제(열두광주리영농조합법인)","2019-12-10 11:48:40","I","2023-06-13 00:00:00","제과점영업","236248.965780486","527247.55203622","제과점영업","0","0","","","","0","0","0","0","0","","0","0","N","0","","","",
"1939","제과점영업","07_22_18_P","4301000","4301000-121-2020-00001","2020-01-16","","03","폐업","02","폐업","2021-03-14","","","","","5.00","","강원특별자치도 철원군 동송읍 장흥리 2581 은하수교일원","","","푸드트럭(쌀꽈베기와 친구들)","2022-06-03 11:49:26","I","2023-06-13 00:00:00","푸드트럭","224243.101379096","521636.13569861","푸드트럭","0","0","","","","0","0","0","0","0","","0","0","N","5","","","",
"1940","제과점영업","07_22_18_P","4301000","4301000-121-2020-00002","2020-06-01","","03","폐업","02","폐업","2020-11-29","","","","","","","강원특별자치도 철원군 철원읍 관전리 3-5 노동당사","강원특별자치도 철원군 철원읍 금강산로 265, 노동당사 A21동","24001","DMZ마켓(17 도란도란)","2020-12-03 11:11:14","I","2023-06-13 00:00:00","제과점영업","217614.541412659","528055.955282521","제과점영업","0","0","","","","0","0","0","0","0","","0","0","N","0","","","",
"1941","제과점영업","07_22_18_P","4301000","4301000-121-2020-00003","2020-06-04","","03","폐업","02","폐업","2020-11-29","","","","","","","강원특별자치도 철원군 철원읍 관전리 3-5 노동당사","강원특별자치도 철원군 철원읍 금강산로 265, 노동당사 A9동","24001","DMZ마켓(16 (주)모락모락)","2020-12-03 11:11:53","I","2023-06-13 00:00:00","제과점영업","217614.541412659","528055.955282521","제과점영업","0","0","","","","0","0","0","0","0","","0","0","N","0","","","",
"1942","제과점영업","07_22_18_P","4301000","4301000-121-2020-00004","2020-06-05","","03","폐업","02","폐업","2020-11-29","","","","033 456 0631","9.00","","강원특별자치도 철원군 동송읍 장흥리 2581 은하수교일원","","","DMZ마켓(18  열두광주리 영농조합법인)","2020-12-03 11:11:35","I","2023-06-13 00:00:00","제과점영업","224243.101379096","521636.13569861","제과점영업","0","0","","","","0","0","0","0","0","","0","0","N","9","","","",
"1943","제과점영업","07_22_18_P","4301000","4301000-121-2020-00005","2020-06-23","","03","폐업","02","폐업","2022-03-31","","","","","37.52","","강원특별자치도 철원군 서면 와수리 945-5","강원특별자치도 철원군 서면 와수로198번길 8","24058","빅베이커리","2022-03-31 10:09:21","I","2023-06-13 00:00:00","제과점영업","238508.385380326","526444.384543702","제과점영업","0","0","기타","","","0","0","0","0","0","","0","0","N","37.52","","","",
"1944","제과점영업","07_22_18_P","4301000","4301000-121-2020-00006","2020-07-02","","03","폐업","02","폐업","2022-11-14","","","","","85.54","","강원특별자치도 철원군 갈말읍 지포리 135-2","강원특별자치도 철원군 갈말읍 명성로139번길 33-1","24045","쿠킹카페","2023-01-09 09:42:36","I","2023-06-13 00:00:00","제과점영업","226617.129648816","515768.119498887","제과점영업","0","0","기타","","상수도전용","0","0","0","0","0","","0","0","N","85.54","","","",
"1945","제과점영업","07_22_18_P","4301000","4301000-121-2021-00001","2021-03-22","","03","폐업","02","폐업","2021-12-26","","","","033 456 0631","0.00","","강원특별자치도 철원군 동송읍 장흥리 2721 A22","","","열두광주리영농조합법인","2022-02-04 13:25:22","I","2023-06-13 00:00:00","제과점영업","224149.630510255","521584.446677496","제과점영업","0","0","기타","","","0","0","0","0","0","","0","0","N","0","","","",
"1946","제과점영업","07_22_18_P","4301000","4301000-121-2021-00002","2021-03-22","","03","폐업","02","폐업","2021-12-26","","","","033 457 7776","0.00","","강원특별자치도 철원군 동송읍 장흥리 2721 A16","","","농협회사법인 대야잔평","2022-02-04 13:25:55","I","2023-06-13 00:00:00","제과점영업","224149.630510255","521584.446677496","제과점영업","0","0","기타","","","0","0","0","0","0","","0","0","N","0","","","",
"1947","제과점영업","07_22_18_P","4301000","4301000-121-2021-00003","2021-03-25","","03","폐업","02","폐업","2021-12-26","","","","","0.00","","강원특별자치도 철원군 동송읍 장흥리 2721 A2","","","도란도란","2022-02-04 13:26:11","I","2023-06-13 00:00:00","제과점영업","224149.630510255","521584.446677496","제과점영업","0","0","기타","","","0","0","0","0","0","","0","0","N","0","","","",
"1948","제과점영업","07_22_18_P","4301000","4301000-121-2022-00001","2022-03-18","","03","폐업","02","폐업","2022-11-27","","","","033 456 0631","9.00","","강원특별자치도 철원군 동송읍 장흥리 2721 A19","","","열두광주리영농조합법인(DMZ마켓)","2022-12-09 11:45:28","I","2023-06-13 00:00:00","제과점영업","224149.630510255","521584.446677496","제과점영업","1","1","기타","기타","","0","0","0","0","0","","0","0","N","9","","","",
"1949","제과점영업","07_22_18_P","4301000","4301000-121-2025-00002","2025-04-02","","03","폐업","02","폐업","2025-04-09","","","","","","","강원특별자치도 철원군 동송읍 이평리 704-16 롯데프레시","강원특별자치도 철원군 동송읍 이평2로 14, 롯데프레시","24017","(주)","2025-04-10 04:15:10","U","2025-04-12 02:40:00","제과점영업","219276.113407794","522598.469112606","제과점영업","0","0","","","","0","0","0","0","0","","0","0","N","0","","","",
"1950","제과점영업","07_22_18_P","4311000","4311000-121-1999-00002","1999-12-11","","03","폐업","02","폐업","2005-10-19","","","","033 4424042","27.00","","강원특별자치도 화천군 화천읍 하리 49-3","","","케익이벤트","2001-07-14 00:00:00","I","2023-06-13 00:00:00","제과점영업","261871.668512376","511478.03023223","제과점영업","0","0","기타","","상수도전용","0","0","0","0","0","","0","0","N","27","","","",
"1951","제과점영업","07_22_18_P","4311000","4311000-121-2000-00004","2000-10-09","","03","폐업","02","폐업","2002-05-21","","","","033 4418866","50.47","","강원특별자치도 화천군 화천읍 하리 39-28","","","샤갈의빵굽는마을","2002-05-21 00:00:00","I","2023-06-13 00:00:00","제과점영업","261649.045700623","511439.535775231","제과점영업","0","0","기타","","상수도전용","0","0","0","0","0","","0","0","N","50.47","","","",
"1952","제과점영업","07_22_18_P","4311000","4311000-121-2001-00005","2001-04-07","","03","폐업","02","폐업","2008-10-22","","","","033 4418107","34.80","","강원특별자치도 화천군 사내면 사창리 385-1","","","크라운베이커리 사창점","2001-07-15 00:00:00","I","2023-06-13 00:00:00","제과점영업","245793.083460983","507535.794950958","제과점영업","0","0","기타","","상수도전용","0","0","0","0","0","","0","0","N","34.8","","","",
"1953","제과점영업","07_22_18_P","4311000","4311000-121-2001-00008","2001-09-24","","03","폐업","02","폐업","2018-01-09","","","","033 4424442","44.43","","강원특별자치도 화천군 상서면 산양리 738-6","강원특별자치도 화천군 상서면 영서로 7719","24101","싸다빵집","2018-01-09 10:04:33","I","2023-06-13 00:00:00","제과점영업","257952.039838621","522920.008268755","제과점영업","0","0","기타","","상수도전용","0","0","0","0","0","","0","0","N","44.43","","","",
"1954","제과점영업","07_22_18_P","4311000","4311000-121-2002-00007","2002-11-21","","03","폐업","02","폐업","2010-09-30","","","","033 4423931","","","강원특별자치도 화천군 화천읍 하리 44-31","","","화천떡집","2004-09-23 00:00:00","I","2023-06-13 00:00:00","제과점영업","261768.901866714","511477.047801756","제과점영업","0","0","","","상수도전용","0","0","0","0","0","","0","0","N","0","","","",
"1955","제과점영업","07_22_18_P","4311000","4311000-121-2003-00005","2003-11-24","","03","폐업","02","폐업","2006-01-05","","","","","60.56","","강원특별자치도 화천군 화천읍 하리 44-48","","","뚜래주르","2004-11-01 00:00:00","I","2023-06-13 00:00:00","제과점영업","261807.618275843","511501.503948669","제과점영업","0","0","","","상수도전용","0","0","0","0","0","","0","0","N","60.56","","","",
"1956","제과점영업","07_22_18_P","4311000","4311000-121-2005-00003","2005-04-06","","03","폐업","02","폐업","2011-03-24","","","","033 4411447","25.48","","강원특별자치도 화천군 사내면 사창리 456-1","","","케익하우스in","2006-02-24 00:00:00","I","2023-06-13 00:00:00","제과점영업","245692.221038567","507755.115933924","제과점영업","0","0","기타","","상수도전용","0","0","0","0","0","","0","0","N","25.48","","","",
"1957","제과점영업","07_22_18_P","4311000","4311000-121-2006-00001","2006-01-05","","03","폐업","02","폐업","2007-11-09","","","","033 4424042","50.16","","강원특별자치도 화천군 화천읍 하리 44-1 외8필지","","","피자&케익","2007-01-24 00:00:00","I","2023-06-13 00:00:00","제과점영업","261798.468190009","511591.804842059","제과점영업","0","0","","","상수도전용","0","0","0","0","0","","0","0","N","50.16","","","",
"1958","제과점영업","07_22_18_P","4311000","4311000-121-2006-00002","2006-06-20","","03","폐업","02","폐업","2015-06-10","","","","033 4417601","","","강원특별자치도 화천군 사내면 사창리 420-12 외1","강원특별자치도 화천군 사내면 사내로2길 22 (외1)","24154","뚜레쥬르사내점","2010-03-22 14:55:37","I","2023-06-13 00:00:00","제과점영업","245796.530927165","507723.493164389","제과점영업","0","0","","","","0","0","0","0","0","","0","0","N","0","","","",
"1959","제과점영업","07_22_18_P","4311000","4311000-121-2009-00001","2009-01-19","","03","폐업","02","폐업","2010-12-28","","","","033 4427806","65.82","","강원특별자치도 화천군 화천읍 중리 249-2","","","새하얀 풍차 과자점","2009-03-06 11:16:50","I","2023-06-13 00:00:00","제과점영업","262003.650079931","511821.731245186","제과점영업","0","0","","","","0","0","0","0","0","","0","0","N","65.82","","","",
"1960","제과점영업","07_22_18_P","4311000","4311000-121-2013-00001","2013-06-25","","03","폐업","02","폐업","2016-08-04","","","","033 442 0034","25.05","","강원특별자치도 화천군 화천읍 하리 44-31","강원특별자치도 화천군 화천읍 중앙로4길 12, 가1동 1호","24129","바게트리빵집","2014-03-17 17:06:21","I","2023-06-13 00:00:00","제과점영업","261768.901866714","511477.047801756","제과점영업","0","0","","","상수도전용","0","0","0","0","0","","0","0","N","25.05","","","",
"1961","제과점영업","07_22_18_P","4311000","4311000-121-2013-00002","2013-12-18","","03","폐업","02","폐업","2014-11-24","","","","","30.64","","","강원특별자치도 화천군 화천읍 상승로 45-17","24121","천년베이커리","2013-12-24 17:29:16","I","2023-06-13 00:00:00","제과점영업","261602.06693796","511585.360995733","제과점영업","0","0","","","상수도전용","0","0","0","0","0","","0","0","N","30.64","","","",
"1962","제과점영업","07_22_18_P","4311000","4311000-121-2015-00001","2015-02-26","","03","폐업","02","폐업","2019-08-22","","","","","2.56","","강원특별자치도 화천군 사내면 사창리 905-22","강원특별자치도 화천군 사내면 사내로3길 79-3","24155","씨유 화천데시앙점","2019-08-22 14:51:45","I","2023-06-13 00:00:00","제과점영업","245021.062556669","507632.541358734","제과점영업","0","0","","","","0","0","0","0","0","","0","0","N","2.56","","","",
"1963","제과점영업","07_22_18_P","4311000","4311000-121-2016-00001","2016-01-06","","03","폐업","02","폐업","2022-06-22","","","","033 442 0555","30.36","","강원특별자치도 화천군 화천읍 하리 43-47","강원특별자치도 화천군 화천읍 중앙로2길 13","24129","몽마","2022-06-22 15:01:48","I","2023-06-13 00:00:00","제과점영업","261745.150126325","511517.235025656","제과점영업","0","0","","","상수도전용","0","0","0","0","0","","0","0","N","30.36","","","",
"1964","제과점영업","07_22_18_P","4311000","4311000-121-2016-00002","2016-06-02","","03","폐업","02","폐업","2018-07-06","","","","033 441 1223","","","강원특별자치도 화천군 화천읍 상리 33-17","강원특별자치도 화천군 화천읍 상승로5길 29-5","24117","달콤달달","2018-07-06 11:49:51","I","2023-06-13 00:00:00","제과점영업","261839.681301073","512102.476266716","제과점영업","0","0","","","","0","0","0","0","0","","0","0","N","0","","","",
"1965","제과점영업","07_22_18_P","4311000","4311000-121-2017-00001","2017-05-15","","03","폐업","02","폐업","2020-03-26","","","","","25.73","","강원특별자치도 화천군 화천읍 하리 49-6 나5동 36호","강원특별자치도 화천군 화천읍 중앙로4길 13-10, 나5동 36호","24127","화천빵굼터","2020-03-26 13:24:06","I","2023-06-13 00:00:00","제과점영업","261854.549205989","511453.694565676","제과점영업","0","0","","","","0","0","0","0","0","","0","0","N","25.73","","","",
"1966","제과점영업","07_22_18_P","4311000","4311000-121-2017-00002","2017-06-12","","03","폐업","02","폐업","2019-12-16","","","","","30.53","","강원특별자치도 화천군 사내면 사창리 457-3","강원특별자치도 화천군 사내면 사내로7길 3","24155","아리솔 아뜰리에","2019-12-16 13:35:31","I","2023-06-13 00:00:00","제과점영업","245626.195375882","507730.576168113","제과점영업","0","0","","","","0","0","0","0","0","","0","0","N","30.53","","","",
"1967","제과점영업","07_22_18_P","4311000","4311000-121-2018-00001","2018-04-09","","03","폐업","02","폐업","2023-12-29","","","","","66.41","","강원특별자치도 화천군 화천읍 상리 22-7 혜인빌","강원특별자치도 화천군 화천읍 상승로8길 25-13 (혜인빌)","24115","컴포어 화천점","2023-12-29 14:15:29","U","2023-12-31 02:40:00","제과점영업","261819.263662832","512271.385642291","제과점영업","0","0","","","","0","0","0","0","0","","0","0","N","66.41","","","",
"1968","제과점영업","07_22_18_P","4311000","4311000-121-2018-00002","2018-06-12","","03","폐업","02","폐업","2020-07-30","","","","","21.00","","강원특별자치도 화천군 화천읍 아리 245-4","강원특별자치도 화천군 화천읍 산수화로 6-1","24120","나의,케이크","2020-07-30 14:28:35","I","2023-06-13 00:00:00","제과점영업","261839.560268243","511792.455688468","제과점영업","0","0","","","","0","0","0","0","0","","0","0","N","21","","","",
"1969","제과점영업","07_22_18_P","4311000","4311000-121-2019-00001","2019-01-07","","03","폐업","02","폐업","2022-04-25","","","","","33.31","","강원특별자치도 화천군 화천읍 하리 47-2","강원특별자치도 화천군 화천읍 중앙로 13-1, 1층","24124","케이크 카페","2022-04-25 16:15:27","I","2023-06-13 00:00:00","제과점영업","261847.003117837","511540.009079789","제과점영업","0","0","기타","","","0","0","0","0","0","","0","0","N","33.31","","","",
"1970","제과점영업","07_22_18_P","4311000","4311000-121-1988-00001","1988-12-21","","03","폐업","02","폐업","2003-07-22","","","","033 4411447","","","강원특별자치도 화천군 사내면 사창리 456-1 1통3반","","","빵굽는마을","2001-07-14 00:00:00","I","2023-06-13 00:00:00","제과점영업","245692.221038567","507755.115933924","제과점영업","0","0","","","상수도전용","0","0","0","0","0","","0","0","N","0","","","",
"1971","제과점영업","07_22_18_P","4311000","4311000-121-1996-00001","1996-03-22","","03","폐업","02","폐업","2006-12-14","","","","033 4422663","23.81","","강원특별자치도 화천군 화천읍 하리 43-34 1통1반","","","크라운베이커리","2001-07-14 00:00:00","I","2023-06-13 00:00:00","제과점영업","261736.188140514","511527.831446092","제과점영업","0","0","기타","","상수도전용","0","0","0","0","0","","0","0","N","23.81","","","",
"1972","제과점영업","07_22_18_P","4321000","4321000-121-2006-00001","2006-06-26","","03","폐업","02","폐업","2010-10-27","","","","033 4810555","29.12","","강원특별자치도 양구군 양구읍 상리 206-2","","","한아름제과점","2008-12-15 15:14:39","I","2023-06-13 00:00:00","제과점영업","286645.487616296","511461.229153995","제과점영업","1","0","기타","","상수도전용","0","0","0","0","0","","0","0","N","29.12","","","",
"1973","제과점영업","07_22_18_P","4321000","4321000-121-2006-00002","2006-09-05","","03","폐업","02","폐업","2016-06-21","","","","033 481 1088","31.34","","강원특별자치도 양구군 양구읍 상리 262-3","강원특별자치도 양구군 양구읍 중심로 171","24533","슈케익하우스","2013-09-26 13:34:02","I","2023-06-13 00:00:00","제과점영업","286784.214159108","511883.543262283","제과점영업","0","0","","","상수도전용","0","0","0","0","0","","0","0","N","31.34","","","",
"1974","제과점영업","07_22_18_P","4321000","4321000-121-2012-00001","2012-12-12","","03","폐업","02","폐업","2019-12-11","","","","033 482 5263","40.00","","강원특별자치도 양구군 양구읍 상리 382-11","강원특별자치도 양구군 양구읍 비봉로 24","24537","노바 쌀케익 & 떡","2019-12-11 16:33:53","I","2023-06-13 00:00:00","제과점영업","286516.49662306","511709.523909335","제과점영업","1","1","","","상수도전용","0","0","0","0","0","","0","0","N","40","","","",
"1975","제과점영업","07_22_18_P","4321000","4321000-121-2013-00001","2013-09-12","","03","폐업","02","폐업","2019-07-05","","","","033 481 3535","66.09","","강원특별자치도 양구군 양구읍 상리 575","강원특별자치도 양구군 양구읍 청춘로 73-20","24543","거북당베이커리","2019-07-08 14:11:44","I","2023-06-13 00:00:00","제과점영업","286992.614945612","510884.931504575","제과점영업","2","1","","","상수도전용","0","0","0","0","0","","0","0","N","66.09","","","",
"1976","제과점영업","07_22_18_P","4321000","4321000-121-1964-00001","1964-11-27","","03","폐업","02","폐업","2007-03-09","","","","033 4812694","49.70","","강원특별자치도 양구군 양구읍 상리 269-20","","","고려제과","2003-02-19 00:00:00","I","2023-06-13 00:00:00","제과점영업","286713.611326706","511855.525311482","제과점영업","1","1","기타","","상수도전용","0","0","0","0","0","","0","0","N","49.7","","","",
"1977","제과점영업","07_22_18_P","4321000","4321000-121-1981-00004","1981-06-29","","03","폐업","02","폐업","2004-08-25","","","","033 4811213","26.52","","강원특별자치도 양구군 동면 팔랑리 1483-6","","","에브라임베이커리","2002-09-12 00:00:00","I","2023-06-13 00:00:00","제과점영업","291995.850082346","524312.537002272","제과점영업","0","1","기타","","지하수전용","0","0","0","0","0","","0","0","N","26.52","","","",
"1978","제과점영업","07_22_18_P","4321000","4321000-121-1992-00001","1992-12-02","","03","폐업","02","폐업","2010-03-25","","","","033 4812377","40.50","","강원특별자치도 양구군 양구읍 상리 270-5","","","크라운베이커리","2004-01-02 00:00:00","I","2023-06-13 00:00:00","제과점영업","286711.475776572","511905.051255276","제과점영업","1","0","기타","","상수도전용","0","0","0","0","0","","0","0","N","40.5","","","",
"1979","제과점영업","07_22_18_P","4321000","4321000-121-1997-00001","1997-06-09","","03","폐업","02","폐업","2010-01-18","","","","033 4813030","27.95","","강원특별자치도 양구군 양구읍 상리 227-87","","","파리바게뜨","2010-02-09 15:01:34","I","2023-06-13 00:00:00","제과점영업","286680.130094883","511890.750959194","제과점영업","0","1","기타","","상수도전용","0","0","0","0","0","","0","0","N","27.95","","","",
"1980","제과점영업","07_22_18_P","4321000","4321000-121-1998-00004","1998-10-23","","03","폐업","02","폐업","2002-05-27","","","","033 4823030","35.36","","강원특별자치도 양구군 양구읍 하리 79-10","","","거북당","2001-11-07 00:00:00","I","2023-06-13 00:00:00","제과점영업","","","제과점영업","1","0","기타","","상수도전용","0","0","0","0","0","","0","0","N","35.36","","","",
"1981","제과점영업","07_22_18_P","4321000","4321000-121-1999-00005","1999-01-07","","03","폐업","02","폐업","2012-10-16","","","","033 482 6600","36.64","","강원특별자치도 양구군 방산면 현리 29-12","강원특별자치도 양구군 방산면 장거리길 19","24502","모닝베이커리","2011-12-27 16:52:39","I","2023-06-13 00:00:00","제과점영업","283066.551273798","523299.996397511","제과점영업","0","1","기타","","상수도전용","0","0","0","0","0","","0","0","N","36.64","","","",
"1982","제과점영업","07_22_18_P","4321000","4321000-121-2000-00004","2000-10-02","","03","폐업","02","폐업","2004-05-18","","","","033 4819515","36.00","","강원특별자치도 양구군 양구읍 상리 334-5","","","바게뜨과자점","2003-02-17 00:00:00","I","2023-06-13 00:00:00","제과점영업","286654.118315075","511992.155096821","제과점영업","0","1","기타","","상수도전용","0","0","0","0","0","","0","0","N","36","","","",
"1983","제과점영업","07_22_18_P","4321000","4321000-121-2001-00002","2001-10-04","","03","폐업","02","폐업","2011-08-08","","","","033 4823775","24.20","","강원특별자치도 양구군 양구읍 상리 235 라3동2호","","","빵마을제과","2007-12-27 14:22:14","I","2023-06-13 00:00:00","제과점영업","286694.272778176","511710.181253394","제과점영업","0","1","기타","","상수도전용","0","0","0","0","0","","0","0","N","24.2","","","",
"1984","제과점영업","07_22_18_P","4321000","4321000-121-2002-00004","2002-08-21","","03","폐업","02","폐업","2012-08-24","","","","033 4820880","135.72","","강원특별자치도 양구군 양구읍 상리 214-1","강원특별자치도 양구군 양구읍 양록길 61","24526","르네상스베이커리","2012-06-22 11:50:44","I","2023-06-13 00:00:00","제과점영업","286545.645903849","511999.57060261","제과점영업","1","3","기타","","상수도전용","0","0","0","0","0","","0","0","N","135.72","","","",
"1985","제과점영업","07_22_18_P","4321000","4321000-121-2004-00004","2004-11-23","","03","폐업","02","폐업","2006-06-26","","","","033 4823600","27.90","","강원특별자치도 양구군 양구읍 상리 240-8","","","특별네","2004-11-23 00:00:00","I","2023-06-13 00:00:00","제과점영업","286755.006113855","511626.317265133","제과점영업","1","1","","","상수도전용","0","0","0","0","0","","0","0","N","27.9","","","",
"1986","제과점영업","07_22_18_P","4331000","4331000-121-1977-00001","1977-07-06","","03","폐업","02","폐업","2012-08-24","","","","033462 4556","","","강원특별자치도 인제군 서화면 천도리 4","","","태극당","2004-12-07 00:00:00","I","2023-06-13 00:00:00","제과점영업","310347.258142939","526870.931782933","제과점영업","0","0","","","상수도전용","0","0","0","0","0","","0","0","N","0","","","",
"1987","제과점영업","07_22_18_P","4331000","4331000-121-1991-00002","1991-06-05","","03","폐업","02","폐업","2009-10-07","","","","033 4616279","","","강원특별자치도 인제군 인제읍 상동리 295-3","","","시장피자","2005-05-17 00:00:00","I","2023-06-13 00:00:00","제과점영업","","","제과점영업","0","0","","","","0","0","0","0","0","","0","0","N","0","","","",
"1988","제과점영업","07_22_18_P","4331000","4331000-121-1991-00003","1991-11-06","","03","폐업","02","폐업","2015-09-24","","","","033 4616035","24.40","","강원특별자치도 인제군 남면 부평리 88-15","","","신남휴게소 과자점","2015-10-06 18:00:09","I","2023-06-13 00:00:00","제과점영업","","","제과점영업","0","0","기타","자율","상수도전용","0","0","0","0","0","","0","0","N","24.4","","","",
"1989","제과점영업","07_22_18_P","4331000","4331000-121-1992-00001","1992-01-29","","03","폐업","02","폐업","2005-03-17","","","","033 4619538","","","강원특별자치도 인제군 북면 원통리 645-20","","","파리바게트","2004-12-06 00:00:00","I","2023-06-13 00:00:00","제과점영업","305470.935357527","513952.377468506","제과점영업","0","0","","","","0","0","0","0","0","","0","0","N","0","","","",
"1990","제과점영업","07_22_18_P","4331000","4331000-121-1996-00003","1996-03-28","","03","폐업","02","폐업","2006-09-25","","","","033 4614549","52.20","","강원특별자치도 인제군 북면 원통리 655-10","","","크라운베이커리 원통점","2004-12-06 00:00:00","I","2023-06-13 00:00:00","제과점영업","305530.998261819","514051.366785944","제과점영업","0","0","기타","자율","상수도전용","0","0","0","0","0","","0","0","N","52.2","","","",
"1991","제과점영업","07_22_18_P","4331000","4331000-121-1999-00012","1999-08-21","","03","폐업","02","폐업","2006-03-29","","","","033 4610087","37.70","","강원특별자치도 인제군 인제읍 상동리 31-5","","","가야베이커리","2004-12-06 00:00:00","I","2023-06-13 00:00:00","제과점영업","302993.693972137","508120.741285697","제과점영업","0","0","주택가주변","자율","상수도전용","0","0","0","0","0","","0","0","N","37.7","","","",
"1992","제과점영업","07_22_18_P","4331000","4331000-121-2001-00007","2001-04-17","","03","폐업","02","폐업","2019-02-20","","","","033 4636009","44.25","","강원특별자치도 인제군 인제읍 상동리 359-2","","","파리바게트 인제점","2019-02-20 11:31:45","I","2023-06-13 00:00:00","제과점영업","","","제과점영업","0","0","주택가주변","자율","상수도전용","0","0","0","0","0","","0","0","N","44.25","","","",
"1993","제과점영업","07_22_18_P","4331000","4331000-121-2001-00008","2001-10-18","","03","폐업","02","폐업","2019-10-23","","","","033 461 8895","18.22","","강원특별자치도 인제군 북면 원통리 668-2","강원특별자치도 인제군 북면 원통로 197","24613","에이스제과","2019-10-23 14:58:50","I","2023-06-13 00:00:00","제과점영업","305609.194455911","514186.448092259","제과점영업","0","0","기타","자율","상수도전용","0","0","0","0","0","","0","0","N","18.22","","","",
"1994","제과점영업","07_22_18_P","4331000","4331000-121-2001-00014","2001-11-09","","03","폐업","02","폐업","2012-11-15","","","","033 4619083","","","강원특별자치도 인제군 기린면 현리 644-5","","","마운틴베이커리","2004-12-06 00:00:00","I","2023-06-13 00:00:00","제과점영업","315666.456083088","495474.402530448","제과점영업","0","0","","","상수도전용","0","0","0","0","0","","0","0","N","0","","","",
"1995","제과점영업","07_22_18_P","4331000","4331000-121-2001-00015","2001-02-22","","03","폐업","02","폐업","2009-03-30","","","","","","","강원특별자치도 인제군 기린면 현리 887","","","산악베이커리","2009-02-04 09:53:40","I","2023-06-13 00:00:00","제과점영업","315761.887238911","494494.868532087","제과점영업","0","0","","","","0","0","0","0","0","","0","0","N","0","","","",
"1996","제과점영업","07_22_18_P","4331000","4331000-121-2003-00004","2003-04-30","","03","폐업","02","폐업","2006-06-20","","","","03346200252","42.10","","강원특별자치도 인제군 북면 원통리 645-7","","","빵마을제과","2005-11-03 00:00:00","I","2023-06-13 00:00:00","제과점영업","","","제과점영업","0","0","주택가주변","","상수도전용","0","0","0","0","0","","0","0","N","42.1","","","",
"1997","제과점영업","07_22_18_P","4331000","4331000-121-2003-00011","2003-10-17","","03","폐업","02","폐업","2008-11-03","","","","461 0980","56.20","","강원특별자치도 인제군 인제읍 상동리 361-14","","","빵굽는 마을","2005-03-02 00:00:00","I","2023-06-13 00:00:00","제과점영업","","","제과점영업","0","0","","","상수도전용","0","0","0","0","0","","0","0","N","56.2","","","",
"1998","제과점영업","07_22_18_P","4331000","4331000-121-2004-00009","2004-12-03","","03","폐업","02","폐업","2008-12-22","","","","033 4615016","","","강원특별자치도 인제군 기린면 현리 639-3","","","기린농업협동조합 하나로마트","2005-04-29 00:00:00","I","2023-06-13 00:00:00","제과점영업","","","제과점영업","0","0","","","","0","0","0","0","0","","0","0","N","0","","","",
"1999","제과점영업","07_22_18_P","4331000","4331000-121-2004-00010","2004-01-08","","03","폐업","02","폐업","2006-05-30","","","","033 4627738","83.04","","강원특별자치도 인제군 북면 원통리 459-11","","","박가네 식당","2006-05-11 00:00:00","I","2023-06-13 00:00:00","제과점영업","","","제과점영업","0","0","","","지하수전용","0","0","0","0","0","","0","0","N","83.04","","","",
"2000","제과점영업","07_22_18_P","4331000","4331000-121-2004-00011","2004-04-02","","03","폐업","02","폐업","2005-11-24","","","","033 4637042","80.20","","강원특별자치도 인제군 인제읍 가아리 578","","","광치령 휴게음식점","2005-03-07 00:00:00","I","2023-06-13 00:00:00","제과점영업","297337.258928319","517003.01753746","제과점영업","0","0","","","지하수전용","0","0","0","0","0","","0","0","N","80.2","","","",
"2001","제과점영업","07_22_18_P","4331000","4331000-121-2004-00012","2004-04-02","","03","폐업","02","폐업","2006-06-12","","","","033 4618809","31.50","","강원특별자치도 인제군 남면 신남리 325-3, 325-8","","","신남떡볶이","2005-11-10 00:00:00","I","2023-06-13 00:00:00","제과점영업","","","제과점영업","0","0","","","상수도전용","0","0","0","0","0","","0","0","N","31.5","","","",
"2002","제과점영업","07_22_18_P","4331000","4331000-121-2005-00008","2005-09-14","","03","폐업","02","폐업","2008-01-25","","","","033 4616070","45.08","","강원특별자치도 인제군 남면 신남리 397-11","","","빵사랑터","2007-06-07 00:00:00","I","2023-06-13 00:00:00","제과점영업","","","제과점영업","0","0","","","상수도전용","0","0","0","0","0","","0","0","N","45.08","","","",
"2003","제과점영업","07_22_18_P","4331000","4331000-121-2005-00009","2005-05-17","","03","폐업","02","폐업","2006-05-30","","","","","221.90","","강원특별자치도 인제군 남면 어론리 514-2","","","만남의 광장","2005-05-18 00:00:00","I","2023-06-13 00:00:00","제과점영업","","","제과점영업","0","0","","","지하수전용","0","0","0","0","0","","0","0","N","221.9","","","",
"2004","제과점영업","07_22_18_P","4331000","4331000-121-2008-00001","2008-10-27","","03","폐업","02","폐업","2023-10-19","","","","033 461 7400","63.00","","강원특별자치도 인제군 인제읍 상동리 361-44","강원특별자치도 인제군 인제읍 인제로 195","24631","뚜레쥬르","2023-10-19 16:11:27","U","2023-10-21 02:40:00","제과점영업","302784.67266895","508028.138376686","제과점영업","0","0","기타","자율","상수도전용","0","0","0","0","0","","0","0","N","63","","","",
"2005","제과점영업","07_22_18_P","4331000","4331000-121-2009-00001","2009-12-29","","03","폐업","02","폐업","2015-01-26","","","","","58.96","","강원특별자치도 인제군 북면 원통리 645-81","강원특별자치도 인제군 북면 원통로 173-2","24612","뚜레쥬르원통점","2010-02-02 21:24:00","I","2023-06-13 00:00:00","제과점영업","305443.076706533","514000.601050277","제과점영업","0","0","기타","자율","상수도전용","0","0","0","0","0","","0","0","N","58.96","","","",
"2006","제과점영업","07_22_18_P","4331000","4331000-121-2011-00001","2011-01-21","","03","폐업","02","폐업","2012-01-10","","","","033 461 3280","35.00","","강원특별자치도 인제군 북면 원통리 715-6","","","허가네 빵집","2011-11-09 14:28:31","I","2023-06-13 00:00:00","제과점영업","305442.514735815","513736.939594595","제과점영업","0","0","기타","자율","상수도전용","0","0","0","0","0","","0","0","N","35","","","",
"2007","제과점영업","07_22_18_P","4331000","4331000-121-2014-00001","2014-08-05","","03","폐업","02","폐업","2016-08-11","","","","070 74562808","44.80","","강원특별자치도 인제군 북면 원통리 462-1","강원특별자치도 인제군 북면 금강로 5","24618","빠리지앵느","2014-08-11 17:57:58","I","2023-06-13 00:00:00","제과점영업","305876.448934992","513856.691364662","제과점영업","0","0","","","상수도전용","0","0","0","0","0","","0","0","N","44.8","","","",
"2008","제과점영업","07_22_18_P","4331000","4331000-121-2014-00003","2014-12-18","","03","폐업","02","폐업","2016-05-09","","","","033 4614922","31.77","","강원특별자치도 인제군 북면 원통리 656-5","강원특별자치도 인제군 북면 원통로 183","24612","멜리테","2015-01-29 17:50:28","I","2023-06-13 00:00:00","제과점영업","305508.806788781","514068.412371533","제과점영업","0","0","","","상수도전용","0","0","0","0","0","","0","0","N","31.77","","","",
"2009","제과점영업","07_22_18_P","4331000","4331000-121-2015-00001","2015-02-13","","03","폐업","02","폐업","2020-01-21","","","","","76.05","","강원특별자치도 인제군 북면 원통리 645-81","강원특별자치도 인제군 북면 원통로 173-2","24612","뚜레쥬르 원통점","2020-01-21 17:30:18","I","2023-06-13 00:00:00","제과점영업","305443.076706533","514000.601050277","제과점영업","0","0","","","상수도전용","0","0","0","0","0","","0","0","N","76.05","","","",
"2010","제과점영업","07_22_18_P","4331000","4331000-121-2018-00001","2018-04-10","","03","폐업","02","폐업","2019-06-25","","","","033 4625530","36.00","","강원특별자치도 인제군 인제읍 상동리 361-7","강원특별자치도 인제군 인제읍 인제로 200","24635","맛나 빵 이야기","2019-06-25 14:14:44","I","2023-06-13 00:00:00","제과점영업","302821.090412657","508007.67728122","제과점영업","0","0","","","상수도전용","0","0","0","0","0","","0","0","N","36","","","",
"2011","제과점영업","07_22_18_P","4331000","4331000-121-2019-00002","2019-08-14","","03","폐업","02","폐업","2019-08-18","","","","","25.00","","강원특별자치도 인제군 인제읍 남북리 817 인제다목적체육관","강원특별자치도 인제군 인제읍 비봉로44번길 113, 인제다목적체육관","24624","갈레트(락페스티벌)","2019-09-19 11:33:35","I","2023-06-13 00:00:00","제과점영업","302198.949515371","506798.690959924","제과점영업","0","0","","","","0","0","0","0","0","","0","0","N","25","","","",
"2012","제과점영업","07_22_18_P","4331000","4331000-121-2019-00003","2019-08-30","","03","폐업","02","폐업","2019-09-01","","","","02  67404793","18.00","","강원특별자치도 인제군 기린면 북리 516","강원특별자치도 인제군 기린면 상하답로 130, 인제스피디움 경기장일원(강원국제모터페스타)","24654","뚜레쥬르 슈퍼레이스","2019-09-19 11:34:08","I","2023-06-13 00:00:00","제과점영업","313347.093858807","500672.838290134","제과점영업","0","0","","","","0","0","0","0","0","","0","0","N","18","","","",
"2013","제과점영업","07_22_18_P","4331000","4331000-121-2025-00004","2025-10-15","","03","폐업","02","폐업","2025-10-19","","","","","","","강원특별자치도 인제군 인제읍 남북리 388 하늘내린센터","강원특별자치도 인제군 인제읍 비봉로44번길 100, 하늘내린센터","24624","옥시기당","2025-10-20 04:15:09","U","2025-10-23 02:40:00","제과점영업","302196.86161156","507078.279113904","제과점영업","0","0","","","","0","0","0","0","0","","0","0","N","0","","","",
"2014","제과점영업","07_22_18_P","4331000","4331000-121-2025-00003","2025-09-24","","03","폐업","02","폐업","2025-10-19","","","","","10.00","","강원특별자치도 인제군 북면 용대리 1795","강원특별자치도 인제군 북면 십이선녀탕길 16","24606","황태마을사회적협동조합","2025-10-20 04:15:09","U","2025-10-23 02:40:00","제과점영업","314412.527415987","521120.32452734","제과점영업","0","0","","","","0","0","0","0","0","","0","0","N","10","","","",
"2015","제과점영업","07_22_18_P","4341000","4341000-121-2006-00001","2006-05-30","","03","폐업","02","폐업","2014-04-16","","","","033 639 8441","10.20","","강원특별자치도 고성군 토성면 원암리 403-1","강원특별자치도 고성군 토성면 미시령옛길 1153","24768","대명베이커리","2013-10-01 14:59:41","I","2023-06-13 00:00:00","제과점영업","330773.968639857","524312.561018691","제과점영업","0","0","","","상수도전용","0","0","0","0","0","","0","0","N","10.2","","","",
"2016","제과점영업","07_22_18_P","4341000","4341000-121-2013-00003","2013-10-31","","03","폐업","02","폐업","2015-08-13","","","","","36.28","","강원특별자치도 고성군 간성읍 신안리 134","강원특별자치도 고성군 간성읍 탑동길 4-15","24737","코코의정원","2013-10-31 10:59:58","I","2023-06-13 00:00:00","제과점영업","328909.204306511","542646.6228761","제과점영업","0","0","기타","","상수도전용","0","0","0","0","0","","0","0","N","36.28","","","",
"2017","제과점영업","07_22_18_P","4341000","4341000-121-2016-00001","2016-04-08","","03","폐업","02","폐업","2021-08-09","","","","033 6361096","135.00","","강원특별자치도 고성군 토성면 용촌리 75-36","강원특별자치도 고성군 토성면 버리깨길 23","24770","바다정원 신관 베이커리","2021-08-09 13:14:35","I","2023-06-13 00:00:00","제과점영업","338524.332228789","526563.195487162","제과점영업","0","0","기타","","상수도전용","0","0","0","0","0","","0","0","N","135","","","",
"2018","제과점영업","07_22_18_P","4341000","4341000-121-2016-00002","2016-06-29","","03","폐업","02","폐업","2017-09-04","","","","","24.02","","강원특별자치도 고성군 토성면 천진리 161-2","강원특별자치도 고성군 토성면 천진1길 11","24764","빵굼터","2017-09-04 14:36:15","I","2023-06-13 00:00:00","제과점영업","336395.057543279","529342.359232352","제과점영업","0","0","","","상수도전용","0","0","0","0","0","","0","0","N","24.02","","","",
"2019","제과점영업","07_22_18_P","4341000","4341000-121-2017-00001","2017-09-04","","03","폐업","02","폐업","2022-01-25","","","","033 633 5839","29.39","","강원특별자치도 고성군 토성면 천진리 161-2","강원특별자치도 고성군 토성면 천진1길 11 (농협하나로마트 내)","24764","빵굼터","2022-01-26 09:26:20","I","2023-06-13 00:00:00","제과점영업","336395.057543279","529342.359232352","제과점영업","0","0","","","상수도전용","0","0","0","0","0","","0","0","N","29.39","","","",
"2020","제과점영업","07_22_18_P","4341000","4341000-121-2018-00001","2018-08-27","","03","폐업","02","폐업","2023-02-16","","","","","196.38","","강원특별자치도 고성군 죽왕면 가진리 271","강원특별자치도 고성군 죽왕면 가향길 2-10","24744","스퀘어루트 베이커리","2023-02-16 13:53:05","I","2023-06-13 00:00:00","제과점영업","331542.633899811","542413.359509692","제과점영업","0","0","","","","0","0","0","0","0","","0","0","N","196.38","","","",
"2021","제과점영업","07_22_18_P","4341000","4341000-121-2020-00002","2020-07-31","","03","폐업","02","폐업","2020-11-09","","","","033 636 1096","72.62","","강원특별자치도 고성군 토성면 용촌리 59-1 바다정원","강원특별자치도 고성군 토성면 버리깨길 31, 바다정원","24770","바다정원 캬라멜하우스 베이커리","2020-11-09 10:19:55","I","2023-06-13 00:00:00","제과점영업","338579.375531331","526521.904539731","제과점영업","0","0","","","상수도전용","0","0","0","0","0","","0","0","N","72.62","","","",
"2022","제과점영업","07_22_18_P","4341000","4341000-121-2020-00003","2020-11-10","","03","폐업","02","폐업","2022-01-04","","","","033 633 9616","67.00","","강원특별자치도 고성군 토성면 아야진리 158","강원특별자치도 고성군 토성면 아야진길 61-1","24756","금강산베이커리","2022-01-04 16:43:42","I","2023-06-13 00:00:00","제과점영업","335984.968782288","531186.476648068","제과점영업","0","0","주택가주변","","","0","0","0","0","0","","0","0","N","67","","","",
"2023","제과점영업","07_22_18_P","4341000","4341000-121-2021-00001","2021-06-16","","03","폐업","02","폐업","2025-09-26","","","","033 6317601","51.93","","강원특별자치도 고성군 토성면 봉포리 40-9 캔싱턴리조트","강원특별자치도 고성군 토성면 동해대로 4800, 캔싱턴리조트","24765","오하스(OHAS)","2025-09-26 10:44:17","U","2025-09-28 02:40:00","제과점영업","337573.921465005","527804.865006998","제과점영업","0","3","","","","0","0","0","0","0","","0","0","N","51.93","","","",
"2024","제과점영업","07_22_18_P","4341000","4341000-121-1991-00003","1991-05-13","","03","폐업","02","폐업","2013-10-21","","","","033 635 3800","9.12","","강원특별자치도 고성군 토성면 원암리 산 1-1","강원특별자치도 고성군 토성면 미시령옛길 383","24768","미시령제과점","2011-11-08 11:41:45","I","2023-06-13 00:00:00","제과점영업","325889.880390489","524529.279670187","제과점영업","0","0","","","지하수전용","0","0","0","0","0","","0","0","N","9.12","","","",
"2025","제과점영업","07_22_18_P","4341000","4341000-121-1995-00001","1995-06-22","","03","폐업","02","폐업","2014-03-13","","","","033 681 4458","38.73","","강원특별자치도 고성군 간성읍 신안리 254-17","강원특별자치도 고성군 간성읍 간성로 36","24734","크라운베이커리","2011-11-08 11:42:22","I","2023-06-13 00:00:00","제과점영업","328470.496607497","542811.666751036","제과점영업","0","0","","","상수도전용","0","0","0","0","0","","0","0","N","38.73","","","",
"2026","제과점영업","07_22_18_P","4341000","4341000-121-2000-00005","2000-10-21","","03","폐업","02","폐업","2010-04-30","","","","033 6820804","2.76","","강원특별자치도 고성군 현내면 마차진리 188","","","델리만쥬","2006-07-12 00:00:00","I","2023-06-13 00:00:00","제과점영업","323552.915264651","557789.727908658","제과점영업","0","0","기타","","상수도전용","0","0","0","0","0","","0","0","N","2.76","","","",
"2027","제과점영업","07_22_18_P","4341000","4341000-121-2001-00005","2001-08-13","","03","폐업","02","폐업","2014-10-08","","","","033 6821813","32.78","","강원특별자치도 고성군 거진읍 거진리 304-12","강원특별자치도 고성군 거진읍 거진길 29-1","24716","빵굽는마을","2011-11-10 10:03:40","I","2023-06-13 00:00:00","제과점영업","326895.152406101","550278.291046513","제과점영업","0","0","주택가주변","","상수도전용","0","0","0","0","0","","0","0","N","32.78","","","",
"2028","제과점영업","07_22_18_P","4341000","4341000-121-2003-00012","2003-08-19","","03","폐업","02","폐업","2010-01-20","","","","033 6316300","20.00","","강원특별자치도 고성군 토성면 용촌리 84","","","용촌휴양소빵집","2006-06-20 00:00:00","I","2023-06-13 00:00:00","제과점영업","337822.04132493","527517.724660447","제과점영업","0","0","","","상수도전용","0","0","0","0","0","","0","0","N","20","","","",
"2029","제과점영업","07_22_18_P","4341000","4341000-121-2007-00001","2007-05-07","","03","폐업","02","폐업","2015-08-11","","","","033 6339616","33.10","","강원특별자치도 고성군 토성면 아야진리 39-7","강원특별자치도 고성군 토성면 아야진해변길 81-2","24756","아야진빵굽는마을","2011-11-08 11:50:41","I","2023-06-13 00:00:00","제과점영업","336085.068482004","531090.502592735","제과점영업","0","0","","","상수도전용","0","0","0","0","0","","0","0","N","33.1","","","",
"2030","제과점영업","07_22_18_P","4341000","4341000-121-2010-00001","2010-11-16","","03","폐업","02","폐업","2016-06-28","","","","033 6335839","21.69","","강원특별자치도 고성군 토성면 천진리 161-2","강원특별자치도 고성군 토성면 천진1길 11","24764","빵굼터","2011-11-10 10:02:23","I","2023-06-13 00:00:00","제과점영업","336395.057543279","529342.359232352","제과점영업","0","0","","","상수도전용","0","0","0","0","0","","0","0","N","21.69","","","",
"2031","제과점영업","07_22_18_P","4341000","4341000-121-2013-00002","2013-06-24","","03","폐업","02","폐업","2017-09-18","","","","","3.00","","","강원특별자치도 고성군 간성읍 간성로 64-1","24735","GS25 고성간성점","2017-09-18 11:48:28","I","2023-06-13 00:00:00","제과점영업","328198.302120222","542848.725043546","제과점영업","0","0","","","","0","0","0","0","0","","0","0","N","3","","","",
"2032","제과점영업","07_22_18_P","4351000","4351000-121-1991-00001","1991-03-19","","03","폐업","02","폐업","2010-11-29","","","","033 6711017","36.20","","강원특별자치도 양양군 양양읍 남문리 16-32","","","크라운베이커리","2005-11-23 00:00:00","I","2023-06-13 00:00:00","제과점영업","342271.067568513","509323.045467926","제과점영업","1","0","기타","기타","상수도전용","0","0","0","0","0","","0","0","N","36.2","","","",
"2033","제과점영업","07_22_18_P","4351000","4351000-121-2000-00001","2000-03-02","","03","폐업","02","폐업","2007-11-22","","","","033 6718511","47.00","","강원특별자치도 양양군 양양읍 남문리 126-1 . 125. 124-4","","","김정식베이커리","2001-09-03 00:00:00","I","2023-06-13 00:00:00","제과점영업","342125.829444797","509228.096996741","제과점영업","1","0","기타","기타","상수도전용","0","0","0","0","0","","0","0","N","47","","","",
"2034","제과점영업","07_22_18_P","4351000","4351000-121-2004-00003","2004-11-30","","03","폐업","02","폐업","2014-04-11","","","","033 6738511","21.28","","강원특별자치도 양양군 양양읍 남문리 208-4","강원특별자치도 양양군 양양읍 남문5길 18","25030","보시엘드파리","2014-04-10 09:58:00","I","2023-06-13 00:00:00","제과점영업","342338.05875375","509132.155315039","제과점영업","0","0","기타","","상수도전용","0","0","0","0","0","","0","0","N","21.28","","","",
"2035","제과점영업","07_22_18_P","4351000","4351000-121-2006-00001","2006-06-09","","03","폐업","02","폐업","2007-04-04","","","","6729740","24.60","","강원특별자치도 양양군 양양읍 남문리 241-5","","","케잌하우스","2006-06-09 00:00:00","I","2023-06-13 00:00:00","제과점영업","","","제과점영업","0","0","주택가주변","기타","상수도전용","0","0","0","0","0","","0","0","N","24.6","","","",
"2036","제과점영업","07_22_18_P","4351000","4351000-121-2007-00001","2007-05-29","","03","폐업","02","폐업","2007-11-23","","","","033 6720464","27.33","","강원특별자치도 양양군 양양읍 남문리 241-5","","","플러스마트 베이커리","2007-05-29 00:00:00","I","2023-06-13 00:00:00","제과점영업","342174.703688994","509000.410204056","제과점영업","0","0","주택가주변","자율","상수도전용","0","0","0","0","0","","0","0","N","27.33","","","",
"2037","제과점영업","07_22_18_P","4351000","4351000-121-2007-00002","2007-12-24","","03","폐업","02","폐업","2011-12-05","","","","033 6703612","130.04","","강원특별자치도 양양군 손양면 오산리 23-16","","","엘 사보르","2009-07-02 13:44:09","I","2023-06-13 00:00:00","제과점영업","","","제과점영업","0","0","기타","자율","상수도전용","0","0","0","0","0","","0","0","N","130.04","","","",
"2038","제과점영업","07_22_18_P","4351000","4351000-121-2009-00001","2009-06-26","","03","폐업","02","폐업","2009-12-01","","","","033 670 3612","20.47","","강원특별자치도 양양군 손양면 오산리 23-16 지하1층","","","엘 사보르 1","2009-07-03 13:35:16","I","2023-06-13 00:00:00","제과점영업","","","제과점영업","0","0","기타","기타","상수도전용","0","0","0","0","0","","0","0","N","20.47","","","",
"2039","제과점영업","07_22_18_P","4351000","4351000-121-2009-00002","2009-07-21","","03","폐업","02","폐업","2011-04-27","","","","033 671 1664","2.95","","강원특별자치도 양양군 양양읍 남문리 29 천동빌딩(1층)","","","GS25","2009-11-19 16:05:24","I","2023-06-13 00:00:00","제과점영업","342361.779394766","509324.852072128","제과점영업","0","0","기타","기타","상수도전용","0","0","0","0","0","","0","0","N","2.95","","","",
"2040","제과점영업","07_22_18_P","4351000","4351000-121-2009-00003","2009-12-01","","03","폐업","02","폐업","2017-03-10","","","","033 670 3612","38.82","","강원특별자치도 양양군 손양면 오산리 23-16","강원특별자치도 양양군 손양면 선사유적로 678","25042","젤라떼리아","2014-12-31 14:15:14","I","2023-06-13 00:00:00","제과점영업","346016.137108715","510663.214814615","제과점영업","0","0","기타","우수","상수도전용","0","0","0","0","0","","0","0","N","38.82","","","",
"2041","제과점영업","07_22_18_P","4351000","4351000-121-2012-00001","2012-08-09","","03","폐업","02","폐업","2021-04-21","","","","","22.44","","강원특별자치도 양양군 양양읍 남문리 241-5","강원특별자치도 양양군 양양읍 남문로 1","25029","굿앤굿스제과점","2021-04-21 14:28:06","I","2023-06-13 00:00:00","제과점영업","342174.703688994","509000.410204056","제과점영업","2","0","","","","0","0","0","0","0","","0","0","N","22.44","","","",
"2042","제과점영업","07_22_18_P","4351000","4351000-121-2018-00001","2018-08-02","","03","폐업","02","폐업","2019-10-28","","","","033 671 7830","1.04","","강원특별자치도 양양군 양양읍 남문리 1-4","강원특별자치도 양양군 양양읍 군청길 71-1","25021","헤이카페","2019-10-28 14:51:36","I","2023-06-13 00:00:00","제과점영업","342597.874638693","509624.195316115","제과점영업","0","0","","","상수도전용","0","0","0","0","0","","0","0","N","1.04","","","",
"2043","제과점영업","07_22_18_P","4351000","4351000-121-2018-00002","2018-09-27","","03","폐업","02","폐업","2022-05-26","","","","","66.39","","강원특별자치도 양양군 양양읍 연창리 138-1","강원특별자치도 양양군 양양읍 관아길 18-21, 1층","25021","첫밀, meal","2022-05-26 15:29:11","I","2023-06-13 00:00:00","제과점영업","342544.743806936","509785.713531808","제과점영업","0","0","","","","0","0","0","0","0","","0","0","N","66.39","","","",
"2044","제과점영업","07_22_18_P","4351000","4351000-121-2021-00003","2021-10-19","","03","폐업","02","폐업","2023-08-30","","","","","82.40","","강원특별자치도 양양군 양양읍 내곡리 15-1 리건빌딩","강원특별자치도 양양군 양양읍 한고개길 17-19, 리건빌딩 109호110호","25060","테에나","2023-08-30 16:28:11","U","2023-09-01 02:40:00","제과점영업","341495.409841731","509643.784039954","제과점영업","0","0","","","","0","0","0","0","0","","0","0","N","82.4","","","",
