"번호","개방서비스명","개방서비스아이디","개방자치단체코드","관리번호","인허가일자","인허가취소일자","영업상태구분코드","영업상태명","상세영업상태코드","상세영업상태명","폐업일자","휴업시작일자","휴업종료일자","재개업일자","소재지전화","소재지면적","소재지우편번호","소재지전체주소","도로명전체주소","도로명우편번호","사업장명","최종수정시점","데이터갱신구분","데이터갱신일자","업태구분명","좌표정보x(epsg5174)","좌표정보y(epsg5174)","제조구분명","사업장부지용도구분명",
"1","고압가스업","09_28_05_P","4181000","2023418109302100004","2023-08-21","","01","영업/정상","01","영업중","","","","","","","","강원특별자치도 춘천시 우두동 293-1","","","춘천 반다비 국민체육센터","2024-12-26 16:50:35","U","2024-12-28 02:40:00","제조","265029.521749108","489208.898477281","냉동","",
"2","고압가스업","09_28_05_P","4181000","2023418109302100002","2023-08-01","","01","영업/정상","01","영업중","","","","","","","","강원특별자치도 춘천시 동내면 거두리 1154","강원특별자치도 춘천시 동내면 거두단지2길 60","24398","일동후디스(주)","2023-08-22 14:39:37","U","2023-08-24 02:40:00","제조","268902.889914903","485247.786910721","냉동","",
"3","고압가스업","09_28_05_P","4181000","2023418109302100003","2023-08-01","","01","영업/정상","01","영업중","","","","","","2110","","강원특별자치도 춘천시 삼천동 392-30 외 7필지","","","춘천시 삼천동 수소충전소","2024-07-18 10:29:22","U","2024-07-20 02:40:00","제조","","","충전","",
"4","고압가스업","09_28_05_P","4181000","2008418016602120082","2009-11-02","","01","영업/정상","01","영업중","","","","","","10000","","강원특별자치도 춘천시 남면 가정리 1256","강원특별자치도 춘천시 남면 약암길 109","","한화제약(주)","2009-11-02 18:46:40","I","2023-06-13 00:00:00","제조","249780.870802208","472527.593268109","냉동","전",
"5","고압가스업","09_28_05_P","4181000","2008418016602120083","2008-10-23","","01","영업/정상","01","영업중","","","","","","10000","","강원특별자치도 춘천시 퇴계동 729-5","강원특별자치도 춘천시 방송길 109 (퇴계동)","","한국방송춘천방송총국","2013-12-24 13:42:37","I","2023-06-13 00:00:00","제조","263459.272795312","485307.147462636","냉동","상업나지",
"6","고압가스업","09_28_05_P","4181000","2008418016602200036","2008-06-27","","01","영업/정상","01","영업중","","","","","","10000","","강원특별자치도 춘천시 효자동 685","강원특별자치도 춘천시 공지로 359  (효자동)","","현재자동차춘천지점","2008-06-27 17:52:07","I","2023-06-13 00:00:00","제조","263859.4568986","485538.790304595","냉동","",
"7","고압가스업","09_28_05_P","4181000","2009418016602100001","2009-11-11","","01","영업/정상","01","영업중","","","","","","1000","","강원특별자치도 춘천시 온의동 6","강원특별자치도 춘천시 방송길 84 (온의동)","","롯데쇼핑(주)롯데마트","2025-04-28 16:37:11","U","2025-04-30 02:40:00","제조","263109.175778889","485355.40305733","냉동","주.상복합용",
"8","고압가스업","09_28_05_P","4181000","2009418016602200001","2009-09-09","","01","영업/정상","01","영업중","","","","","","10000","","강원특별자치도 춘천시 서면 안보리 863","강원특별자치도 춘천시 서면 경춘로 771-79","","광림노인복지요양원","2013-12-24 16:11:42","I","2023-06-13 00:00:00","제조","252596.410085181","482189.566101269","냉동","기타",
"9","고압가스업","09_28_05_P","4181000","2010418016602200001","2010-05-31","","01","영업/정상","01","영업중","","","","","","1000","","강원특별자치도 춘천시 중앙로1가 80","강원특별자치도 춘천시 중앙로 45  (중앙로1가)","","제일은행춘천지점","2010-05-31 11:02:09","I","2023-06-13 00:00:00","제조","264007.77545753","486717.058924492","냉동","상업용",
"10","고압가스업","09_28_05_P","4181000","2011418016602200001","2011-01-28","","01","영업/정상","01","영업중","","","","","","1000","","강원특별자치도 춘천시 남산면 수동리 749","강원특별자치도 춘천시 남산면 버들1길 130-130","","(주)더존비즈온","2012-02-24 16:04:04","I","2023-06-13 00:00:00","제조","256145.940360649","472880.799707174","냉동","전",
"11","고압가스업","09_28_05_P","4181000","2011418023102100001","2011-08-11","","01","영업/정상","01","영업중","","","","2019-09-20","","","","강원특별자치도 춘천시 남산면 수동리 749","강원특별자치도 춘천시 남산면 버들1길 130","","(주)더존비즈온","2019-09-24 14:36:55","I","2023-06-13 00:00:00","제조","256145.940360649","472880.799707174","냉동","답기타",
"12","고압가스업","09_28_05_P","4181000","2011418023102100002","2011-03-21","","01","영업/정상","01","영업중","","","","","","","","강원특별자치도 춘천시 서면 당림리 601호","","","(주)풀무원춘천공장","2012-05-07 16:51:57","I","2023-06-13 00:00:00","제조","","","냉동","",
"13","고압가스업","09_28_05_P","4181000","2012418023102100001","2012-03-22","","01","영업/정상","01","영업중","","","","","","","","","강원특별자치도 춘천시 백령로 156 (효자동)","","강원대학교병원(어린이병원)","2020-04-17 12:33:44","I","2023-06-13 00:00:00","제조","265438.256393839","486072.554860519","냉동","",
"14","고압가스업","09_28_05_P","4181000","2012418023102100002","2012-07-17","","01","영업/정상","01","영업중","","","","","","16217","","강원특별자치도 춘천시 동면 만천리 1000 네이버 데이터센터","강원특별자치도 춘천시 동면 순환대로 1154-79, 네이버 데이터센터","24213","네이버(주)","2022-04-20 15:23:33","I","2023-06-13 00:00:00","저장소","267996.006696561","487689.545458462","","임야",
"15","고압가스업","09_28_05_P","4181000","2012418023102100003","2012-09-27","","01","영업/정상","01","영업중","","","","","","0","","강원특별자치도 춘천시 남산면 백양리 29-1","강원특별자치도 춘천시 남산면 북한강변길 688","","지에스건설(주)엘리시안 강촌","2013-12-24 11:47:14","I","2023-06-13 00:00:00","저장소","251021.728216938","480612.913126754","","지정되지않음",
"16","고압가스업","09_28_05_P","4181000","2012418023102100004","2012-10-25","","01","영업/정상","01","영업중","","","","2021-01-22","","1263","","강원특별자치도 춘천시 신북읍 유포리 산 18-5","","","(주)대성에너지","2024-04-15 17:39:54","U","2024-04-17 02:40:00","제조","","","충전","임야",
"17","고압가스업","09_28_05_P","4181000","2012418023102100006","2012-11-08","","01","영업/정상","01","영업중","","","","","","23513","","강원특별자치도 춘천시 동내면 거두리 1152","강원특별자치도 춘천시 동내면 거두단지2길 55","","(주)일화춘천GMP공장","2025-09-09 09:31:25","U","2025-09-11 02:40:00","제조","268710.68763737","485128.415621145","냉동","공업용",
"18","고압가스업","09_28_05_P","4181000","1986418001602200005","1986-06-27","","01","영업/정상","01","영업중","","","","","","","","강원특별자치도 춘천시 옥천동 1","강원특별자치도 춘천시 봉의산길22번길 29  (옥천동)","","한림대학교","2002-12-03 00:00:00","I","2023-06-13 00:00:00","제조","264548.443504906","487261.17884438","냉동","주거용",
"19","고압가스업","09_28_05_P","4181000","2002418001602200001","2002-09-13","","01","영업/정상","01","영업중","","","","","","","","강원특별자치도 춘천시 후평동 95","강원특별자치도 춘천시 수풍골길 7  (후평동)","","한국전력","2002-09-13 00:00:00","I","2023-06-13 00:00:00","제조","266048.761081114","487096.096452579","일반","주거기타",
"20","고압가스업","09_28_05_P","4181000","2003418001602100021","1994-03-23","","01","영업/정상","01","영업중","","","","","","","","강원특별자치도 춘천시 서면 당림리 432-5","강원특별자치도 춘천시 서면 당숲안길 157","","풀무원(주)","2013-12-24 16:14:11","I","2023-06-13 00:00:00","제조","253214.520164446","482649.796214332","냉동","지정되지않음",
"21","고압가스업","09_28_05_P","4181000","2003418001602100022","2003-06-02","","01","영업/정상","01","영업중","","","","","","","","강원특별자치도 춘천시 서면 당림리 432-1","강원특별자치도 춘천시 서면 당숲안길 157","","(주)풀무원얼음공장","2013-12-24 14:50:48","I","2023-06-13 00:00:00","제조","253214.520164446","482649.796214332","냉동","공업용",
"22","고압가스업","09_28_05_P","4181000","2003418001602100023","2003-06-02","","01","영업/정상","01","영업중","","","","","","","","강원특별자치도 춘천시 서면 당림리 601","강원특별자치도 춘천시 서면 당숲안길 157","","(주)피피이씨춘천","2024-11-14 14:11:38","U","2024-11-16 02:40:00","제조","253214.520164446","482649.796214332","냉동","공업용",
"23","고압가스업","09_28_05_P","4181000","2003418001602100025","2003-11-19","","01","영업/정상","01","영업중","","","","","","","","강원특별자치도 춘천시 효자동 17-1","강원특별자치도 춘천시 백령로 156 (효자동)","","강원대학교의과대학부속병원","2019-06-03 11:53:00","I","2023-06-13 00:00:00","저장소","265438.256393839","486072.554860519","일반","주거용",
"24","고압가스업","09_28_05_P","4181000","1989418001602200007","2007-09-19","","01","영업/정상","01","영업중","","","","2007-09-13","","","","강원특별자치도 춘천시 중앙로2가 18","강원특별자치도 춘천시 중앙로 59  (중앙로2가)","","삼성생명춘천지점","2007-09-19 15:21:02","I","2023-06-13 00:00:00","제조","263899.355895836","486584.600818895","냉동","주거용",
"25","고압가스업","09_28_05_P","4181000","1990418001602200011","1990-09-06","","01","영업/정상","01","영업중","","","","","","","","강원특별자치도 춘천시 효자동 709","강원특별자치도 춘천시 공지로 289 (효자동)","","(주)대양","2022-08-05 10:36:08","I","2023-06-13 00:00:00","제조","264417.559626624","485150.06239761","냉동","주거용",
"26","고압가스업","09_28_05_P","4181000","1995418001602100007","1995-12-04","","01","영업/정상","01","영업중","","","","","","","","강원특별자치도 춘천시 교동 150","강원특별자치도 춘천시 향교옆길 14-1 (교동)","","한림대학부속춘천성심병원","2018-06-14 09:51:39","I","2023-06-13 00:00:00","저장소","264589.311915727","486879.671351677","일반","주거용",
"27","고압가스업","09_28_05_P","4181000","1995418001602100014","1995-07-24","","01","영업/정상","01","영업중","","","","","","","","강원특별자치도 춘천시 서면 당림리 432-5","강원특별자치도 춘천시 서면 당숲안길 157","","(주)풀무원","2013-12-24 16:17:48","I","2023-06-13 00:00:00","제조","253214.520164446","482649.796214332","냉동","주거용",
"28","고압가스업","09_28_05_P","4181000","1996418001602100004","2010-04-23","","01","영업/정상","01","영업중","","","","","","","","강원특별자치도 춘천시 동산면 원창리 291-1","강원특별자치도 춘천시 동산면 영서로 1266","","춘천종합가스","2021-06-30 17:47:44","I","2023-06-13 00:00:00","판매","268092.51551825","477407.881630399","일반","주거용",
"29","고압가스업","09_28_05_P","4181000","1996418001602100005","1996-12-16","","01","영업/정상","01","영업중","","","","","","","","강원특별자치도 춘천시 근화동 792-5","강원특별자치도 춘천시 영서로 2634 (근화동)","","강변산소","2025-10-28 15:06:04","U","2025-10-30 02:40:00","판매","263345.831589034","487936.845210748","일반","주거용",
"30","고압가스업","09_28_05_P","4181000","1996418001602100015","1996-02-20","","01","영업/정상","01","영업중","","","","","","","","강원특별자치도 춘천시 남산면 백양리 산 2-5","강원특별자치도 춘천시 남산면 북한강변길 688","","지에스건설(주)엘리시안강촌","2019-02-21 16:26:23","I","2023-06-13 00:00:00","제조","251021.728216938","480612.913126754","일반","주거용",
"31","고압가스업","09_28_05_P","4181000","1997418001602200017","1997-03-14","","01","영업/정상","01","영업중","","","","","","","","강원특별자치도 춘천시 동면 감정리 186-1","강원특별자치도 춘천시 동면 가락재로 39-18","","소양정수장","2013-12-24 15:07:57","I","2023-06-13 00:00:00","제조","268126.242057812","489276.621579146","냉동","주거용",
"32","고압가스업","09_28_05_P","4181000","1998418001602100023","1998-11-06","","01","영업/정상","01","영업중","","","","","","","","강원특별자치도 춘천시 송암동 770-3","강원특별자치도 춘천시 스포츠타운길 113 (송암동)","","의암빙상장","2018-10-14 15:14:28","I","2023-06-13 00:00:00","제조","260420.565086014","483691.10029183","냉동","주거용",
"33","고압가스업","09_28_05_P","4181000","1998418001602200020","1998-01-19","","01","영업/정상","01","영업중","","","","","","","","강원특별자치도 춘천시 신북읍 용산리 703-2","강원특별자치도 춘천시 신북읍 영서로 3741","","한강수력원자력(주) 한강수력본부","2020-12-23 10:09:05","I","2023-06-13 00:00:00","제조","259047.482574461","496114.082673209","냉동","주거용",
"34","고압가스업","09_28_05_P","4181000","2005418001602100001","2005-02-05","","01","영업/정상","01","영업중","","","","","","","","강원특별자치도 춘천시 효자동 17-1","강원특별자치도 춘천시 백령로 156 (효자동)","","강원대학교병원","2025-03-25 18:00:21","U","2025-03-27 02:40:00","제조","265438.256393839","486072.554860519","냉동","상업.업무용",
"35","고압가스업","09_28_05_P","4181000","2005418001602200001","2005-06-01","","01","영업/정상","01","영업중","","","","","","","","강원특별자치도 춘천시 효자동 17-1","강원특별자치도 춘천시 백령로 156 (효자동)","","강원대학교 병원","2013-12-24 14:07:39","I","2023-06-13 00:00:00","제조","265438.256393839","486072.554860519","일반","주거용",
"36","고압가스업","09_28_05_P","4181000","2006418001602100001","2006-04-11","","01","영업/정상","01","영업중","","","","","","","","강원특별자치도 춘천시 퇴계동 1029","강원특별자치도 춘천시 지석로 88  (퇴계동)","","미래사랑","2006-04-11 00:00:00","I","2023-06-13 00:00:00","제조","265484.323107091","483357.389326855","냉동","주거기타",
"37","고압가스업","09_28_05_P","4181000","2007418016602100001","2009-04-22","","01","영업/정상","01","영업중","","","","","","","","강원특별자치도 춘천시 신동면 의암리 1007-1","강원특별자치도 춘천시 신동면 칠전동길 72","","두산큐벡스(주)","2024-02-02 10:22:02","U","2024-02-04 02:40:00","제조","263329.19876502","482733.108274384","냉동","지정되지않음",
"38","고압가스업","09_28_05_P","4181000","2007418016602200001","2007-11-30","","01","영업/정상","01","영업중","","","","","","0","","강원특별자치도 춘천시 동내면 거두리 1153","강원특별자치도 춘천시 동내면 거두단지2길 60","","일동후디스(주)","2013-12-24 13:48:56","I","2023-06-13 00:00:00","제조","268830.238891791","485195.41388557","냉동","업무용",
"39","고압가스업","09_28_05_P","4181000","2008418016602100001","2008-01-02","","01","영업/정상","01","영업중","","","","","","","","강원특별자치도 춘천시 후평동 198-60","강원특별자치도 춘천시 소양강로 56 (후평동)","","(주)유바이오로직스","2025-09-10 14:58:13","U","2025-09-12 02:40:00","제조","265531.579503655","488113.88506095","냉동","공업기타",
"40","고압가스업","09_28_05_P","4181000","2008418016602100009","2009-10-21","","01","영업/정상","01","영업중","","","","","","500","","강원특별자치도 춘천시 동면 만천리 694","강원특별자치도 춘천시 동면 금촌로 281","","백령특수가스","2014-04-22 18:16:59","I","2023-06-13 00:00:00","판매","267159.536629056","487115.636149151","","전",
"41","고압가스업","09_28_05_P","4181000","2008418016602120081","2008-10-07","","01","영업/정상","01","영업중","","","","","","3192","","강원특별자치도 춘천시 남산면 창촌리 300-7","강원특별자치도 춘천시 남산면 보매기길 68","","(주)엔지브이에스","2012-02-24 16:12:17","I","2023-06-13 00:00:00","제조","256372.069333436","475881.053970168","일반","공업용",
"42","고압가스업","09_28_05_P","4181000","2020418035802100003","2020-09-28","","01","영업/정상","01","영업중","","","","","","219.62","","강원특별자치도 춘천시 동내면 사암리 산 121-1 춘천휴게소","강원특별자치도 춘천시 동내면 영서로 1432, 춘천휴게소","24408","하이넷 춘천휴게소 수소충전소","2025-09-30 10:06:52","U","2025-10-02 02:40:00","제조","267388.620999565","479155.563019943","충전","",
"43","고압가스업","09_28_05_P","4181000","2020418035802200001","2020-06-04","","01","영업/정상","01","영업중","","","","","","","","강원특별자치도 춘천시 후평동 198-53","강원특별자치도 춘천시 소양강로 32, 바이오1동(공장) (후평동)","24232","(재)춘천바이오산업진흥원[바이오1동(공장)]","2022-10-27 18:07:54","I","2023-06-13 00:00:00","제조","265331.3469315","487999.802568208","냉동","",
"44","고압가스업","09_28_05_P","4181000","2021418035802200001","2021-03-24","","01","영업/정상","01","영업중","","","","","","","","강원특별자치도 춘천시 효자동 674-19 효자119안전센터","강원특별자치도 춘천시 효명길 8, 효자119안전센터 (효자동)","24337","춘천소방서(효자119안전센터)","2021-05-11 10:21:24","I","2023-06-13 00:00:00","제조","263841.40093725","485639.844503544","충전","",
"45","고압가스업","09_28_05_P","4181000","2022418035802100001","2022-04-07","","01","영업/정상","01","영업중","","","","","","","","강원특별자치도 춘천시 온의동 511 이마트","강원특별자치도 춘천시 경춘로 2353, 이마트 (온의동)","24435","(주)이마트 춘천점","2024-04-16 18:02:56","U","2024-04-18 02:40:00","제조","263141.943193102","484821.289677657","냉동","",
"46","고압가스업","09_28_05_P","4181000","2022418035802200001","2022-04-15","","01","영업/정상","01","영업중","","","","","","","","강원특별자치도 춘천시 동내면 거두리 1150","강원특별자치도 춘천시 동내면 거두단지2길 14 (주)휴온스푸디언스","24398","(주)휴온스엔","2025-06-19 16:51:42","U","2025-06-21 02:40:00","제조","268496.742442449","484983.738642153","냉동","",
"47","고압가스업","09_28_05_P","4181000","2022418040402200001","2022-10-28","","01","영업/정상","01","영업중","","","","","","","","강원특별자치도 춘천시 동산면 봉명리 1109-1","","","주식회사 지평주조","2024-04-05 14:41:55","U","2024-04-07 02:40:00","제조","268319.136369272","473802.830055637","냉동","",
"48","고압가스업","09_28_05_P","4181000","1998418001602200024","1998-11-06","","01","영업/정상","01","영업중","","","","","","","","강원특별자치도 춘천시 송암동 700-3","강원특별자치도 춘천시 스포츠타운길 113 (송암동)","","춘천실내빙상장","2013-12-24 14:56:46","I","2023-06-13 00:00:00","제조","260420.565086014","483691.10029183","냉동","주거용",
"49","고압가스업","09_28_05_P","4181000","2016418027902100002","2016-03-19","","01","영업/정상","01","영업중","","","","","","","","강원특별자치도 춘천시 동산면 봉명리 1105 춘천에너지 주식회사","강원특별자치도 춘천시 동산면 원무동길 82, 춘천에너지 주식회사","24410","춘천에너지 주식회사","2023-06-15 15:45:59","U","2023-06-17 02:40:00","저장소","268118.23016109","473984.849182499","","공업기타",
"50","고압가스업","09_28_05_P","4181000","2016418027902111111","2003-06-02","","01","영업/정상","01","영업중","","","","","","","","강원특별자치도 춘천시 서면 당림리 601","강원특별자치도 춘천시 서면 당숲안길 157","","(주)피피이씨춘천-얼음지점","2024-11-14 14:11:51","U","2024-11-16 02:40:00","제조","253214.520164446","482649.796214332","냉동","",
"51","고압가스업","09_28_05_P","4181000","2017418028602100001","2017-04-10","","01","영업/정상","01","영업중","","","","","","1480","","강원특별자치도 춘천시 동산면 원창리 826","","","88종합가스","2019-08-13 13:34:23","I","2023-06-13 00:00:00","판매","267220.100292509","476644.66770061","","위험시설",
"52","고압가스업","09_28_05_P","4181000","2018418028602200001","2018-01-16","","01","영업/정상","01","영업중","","","","","","","","강원특별자치도 춘천시 후평동 257-31 춘천소방서","강원특별자치도 춘천시 후석로 446, 춘천소방서 (후평동)","24232","춘천소방서(후평119안전센터)","2019-11-21 10:03:12","I","2023-06-13 00:00:00","제조","265304.467973869","487655.275836102","충전","",
"53","고압가스업","09_28_05_P","4181000","2018418028602200002","2018-03-22","","01","영업/정상","01","영업중","","","","","","","","강원특별자치도 춘천시 남산면 창촌리 610-27 강촌 119안전센터","강원특별자치도 춘천시 남산면 소주고개로 680, 강촌 119안전센터","24465","춘천소방서(강촌119안전센터)","2018-12-17 13:31:55","I","2023-06-13 00:00:00","제조","256973.456871003","476061.218101347","충전","",
"54","고압가스업","09_28_05_P","4181000","2018418028602200003","2018-05-02","","01","영업/정상","01","영업중","","","","","","","","강원특별자치도 춘천시 옥천동 111-1","강원특별자치도 춘천시 시청길 11 (옥천동)","24347","춘천시청사","2018-05-02 15:57:29","I","2023-06-13 00:00:00","제조","","","냉동","",
"55","고압가스업","09_28_05_P","4181000","2018418028602200004","2018-06-14","","01","영업/정상","01","영업중","","","","","","","","강원특별자치도 춘천시 동내면 거두리 1150","강원특별자치도 춘천시 동내면 거두단지2길 14","24398","(주)휴온스엔","2025-06-19 16:51:59","U","2025-06-21 02:40:00","제조","268496.742442449","484983.738642153","냉동","",
"56","고압가스업","09_28_05_P","4181000","2018418032302200001","2018-12-07","","01","영업/정상","01","영업중","","","","","","","","강원특별자치도 춘천시 소양로4가 1-4","강원특별자치도 춘천시 가연길16번길 16 (소양로4가)","24274","춘천소방서(소양119안전센터)","2024-07-24 09:06:53","U","2024-07-26 02:40:00","제조","263513.208937424","486510.849175367","충전","",
"57","고압가스업","09_28_05_P","4181000","2018418032302200002","2018-12-07","","01","영업/정상","01","영업중","","","","","","","","강원특별자치도 춘천시 신북읍 율문리 264-68","강원특별자치도 춘천시 신북읍 신북로 35","24206","춘천소방서(신북119안전센터)","2019-01-24 16:58:37","I","2023-06-13 00:00:00","제조","265977.009016627","492020.01547794","충전","",
"58","고압가스업","09_28_05_P","4181000","2018418035802200005","2018-02-07","","01","영업/정상","01","영업중","","","","","","","","강원특별자치도 춘천시 서면 당림리 601","강원특별자치도 춘천시 서면 당숲안길 157","24463","(주)피피이씨춘천-얼음지점","2024-11-12 15:44:17","U","2024-11-14 02:40:00","제조","253214.520164446","482649.796214332","냉동","",
"59","고압가스업","09_28_05_P","4181000","2019418032302100002","2019-02-25","","01","영업/정상","01","영업중","","","","","","","","강원특별자치도 춘천시 칠전동 358-7","강원특별자치도 춘천시 옛경춘로 409-14 (칠전동)","24239","삼성에스디에스(주)","2025-04-21 17:00:18","U","2025-04-23 02:40:00","제조","261658.175656919","482941.228462464","냉동","",
"60","고압가스업","09_28_05_P","4181000","2019418032302200002","2019-04-12","","01","영업/정상","01","영업중","","","","","","","","강원특별자치도 춘천시 신동면 정족리 1007-1 라데나클럽","강원특별자치도 춘천시 신동면 칠전동길 72, 라데나클럽","24412","두산큐벡스(주)","2024-02-02 10:18:17","U","2024-02-04 02:40:00","제조","263329.19876502","482733.108274384","냉동","",
"61","고압가스업","09_28_05_P","4181000","2019418035802200001","2019-08-27","","01","영업/정상","01","영업중","","","","","","","","강원특별자치도 춘천시 동내면 고은리 559-8 춘천소방서 석사119안전센터","강원특별자치도 춘천시 동내면 고은길 9, 춘천소방서 석사119안전센터","24399","춘천소방서(대룡119안전센터)","2025-05-26 18:05:22","U","2025-05-28 02:40:00","제조","267788.939086169","482900.367790532","충전","",
"62","고압가스업","09_28_05_P","4181000","2019418035802200002","2019-11-13","","01","영업/정상","01","영업중","","","","","","","","강원특별자치도 춘천시 신북읍 산천리 754","강원특별자치도 춘천시 신북읍 신북로 430-25","24203","육군제2218부대(12화생방대대)","2022-08-26 13:05:04","I","2023-06-13 00:00:00","제조","264705.629782714","495908.775587529","충전","",
"63","고압가스업","09_28_05_P","4181000","2020418035802100001","2005-12-12","","01","영업/정상","01","영업중","","","","","","","","강원특별자치도 춘천시 온의동 228","","","현대산업가스","2023-07-06 18:01:22","U","2023-07-08 02:40:00","판매","262942.860214667","484791.604379868","","",
"64","고압가스업","09_28_05_P","4181000","2020418035802100002","2020-07-15","","01","영업/정상","01","영업중","","2022-09-13","2022-11-09","","","2158","","강원특별자치도 춘천시 동내면 학곡리 849","강원특별자치도 춘천시 동내면 영서로 1632","24408","춘천 동내 수소충전소","2023-01-26 14:02:03","I","2023-06-13 00:00:00","제조","266784.971728675","480240.249664834","충전","",
"65","고압가스업","09_28_05_P","4181000","1984418001602200001","1984-05-26","","01","영업/정상","01","영업중","","","","","","","","강원특별자치도 춘천시 후평동 95","강원특별자치도 춘천시 수풍골길 7 (후평동)","","한국전력공사강원지사","2013-12-24 15:57:29","I","2023-06-13 00:00:00","제조","266048.761081114","487096.096452579","냉동","주거용",
"66","고압가스업","09_28_05_P","4181000","1985418001602100002","1985-08-29","","01","영업/정상","01","영업중","","","","","","","","강원특별자치도 춘천시 후평동 755","강원특별자치도 춘천시 춘천로426번길 9  (후평동)","","강원산소","2003-03-17 00:00:00","I","2023-06-13 00:00:00","저장소","266162.275985115","487817.483066587","일반","주거용",
"67","고압가스업","09_28_05_P","4181000","1985418001602200004","1985-07-19","","01","영업/정상","01","영업중","","","","","","","","강원특별자치도 춘천시 삼천동 238-3","강원특별자치도 춘천시 수변공원길 54 (삼천동)","","춘천문화방송(주)","2020-04-27 15:20:22","I","2023-06-13 00:00:00","제조","261823.333742905","486063.952881273","냉동","주거용",
"68","고압가스업","09_28_05_P","4181000","2024418109302100001","2024-07-17","","01","영업/정상","01","영업중","","","","","","73441","","강원특별자치도 춘천시 동내면 학곡리 848","","","춘천 액화수소충전소","2025-08-12 11:26:48","U","2025-08-14 02:40:00","제조","266882.526574301","480228.376458695","충전","",
"69","고압가스업","09_28_05_P","4181000","2025418109302200002","2025-05-26","","01","영업/정상","01","영업중","","","","","","","","강원특별자치도 춘천시 효자동 17-1 강원대학교병원","","","강원대학교병원","2025-05-28 17:28:38","U","2025-05-30 02:40:00","제조","265438.256393839","486072.554860519","냉동","",
"70","고압가스업","09_28_05_P","4181000","2023418109302100001","2023-08-01","","01","영업/정상","01","영업중","","","","","","","","강원특별자치도 춘천시 동내면 거두리 1154","","","일동후디스(주)","2023-12-08 08:45:40","I","2023-12-10 00:16:51","제조","268902.889914903","485247.786910721","냉동","",
"71","고압가스업","09_28_05_P","4181000","2023418109302100005","2023-11-07","","01","영업/정상","01","영업중","","","","","","","","강원특별자치도 춘천시 서면 당림리 601","","","(주)피피이씨춘천-얼음지점","2024-04-09 15:48:59","U","2024-04-11 02:40:00","제조","253214.520164446","482649.796214332","냉동","",
"72","고압가스업","09_28_05_P","4191000","2023419101202200005","2023-08-22","","01","영업/정상","01","영업중","","","","","","","","강원특별자치도 원주시 호저면 주산리 298","강원특별자치도 원주시 호저면 호매곡1길 51","26303","(주)중앙지엘에스","2023-08-22 17:46:22","I","2023-08-24 00:18:36","제조","282269.037719455","433322.792529521","냉동","",
"73","고압가스업","09_28_05_P","4191000","2004419011502100001","2011-02-23","","01","영업/정상","01","영업중","","","","","","","","강원특별자치도 원주시 문막읍 반계리 2239","강원특별자치도 원주시 문막읍 문막공단길 106","","(주)케이씨씨 문막공장","2022-08-23 10:24:03","I","2023-06-13 00:00:00","저장소","271042.401673491","421276.614809788","일반","공업용",
"74","고압가스업","09_28_05_P","4191000","2019419024502200002","2019-08-28","","01","영업/정상","01","영업중","","","","","","","","강원특별자치도 원주시 우산동 390 삼양식품공장","강원특별자치도 원주시 우산로 177, 삼양식품공장 (우산동)","26335","삼양식품(주)","2019-08-28 15:52:28","I","2023-06-13 00:00:00","제조","282952.964980929","431133.811000084","냉동","공업용",
"75","고압가스업","09_28_05_P","4191000","2019419024502200003","2019-11-04","","01","영업/정상","01","영업중","","","","","","","","강원특별자치도 원주시 반곡동 2047-14 건강보험심사평가원 2사옥","","","건강보험심사평가원","2020-05-26 16:49:30","I","2023-06-13 00:00:00","제조","286854.162022814","424752.027282695","냉동","",
"76","고압가스업","09_28_05_P","4191000","2019419024502200004","2019-11-04","","01","영업/정상","01","영업중","","","","","","","","강원특별자치도 원주시 소초면 수암리 1380 제36보병사단 화생방지원대(차양대)(우편물 흥양리 사서함 87-1호)","","","제36보병사단(육군제3139부대)","2024-04-15 09:45:15","U","2024-04-17 02:40:00","제조","286147.496111968","432313.19947232","충전","",
"77","고압가스업","09_28_05_P","4191000","2020419024502100001","2020-05-25","","01","영업/정상","01","영업중","","","","","","255","","강원특별자치도 원주시 지정면 가곡리 193","","","간현고압가스","2021-02-17 10:49:35","I","2023-06-13 00:00:00","판매","277249.603452703","428977.338060703","","",
"78","고압가스업","09_28_05_P","4191000","2020419024502100002","2020-06-18","","01","영업/정상","01","영업중","","","","2020-11-01","","","","강원특별자치도 원주시 지정면 가곡리 1283-1","강원특별자치도 원주시 지정면 조엄로 347-2, 설성식품 주식회사","26355","농업회사법인 설성식품 주식회사","2020-10-26 16:02:43","I","2023-06-13 00:00:00","제조","276485.455261985","430284.100944501","냉동","",
"79","고압가스업","09_28_05_P","4191000","2020419024502100004","2020-12-17","","01","영업/정상","01","영업중","","","","","","","","강원특별자치도 원주시 문막읍 동화리 114 문막하행휴게소","강원특별자치도 원주시 문막읍 원문로 1234, 문막하행휴게소","26364","하이넷 문막휴게소 수소충전소","2025-09-23 09:59:04","U","2025-09-25 02:40:00","제조","275994.383805003","426302.575595956","충전","",
"80","고압가스업","09_28_05_P","4191000","2021419024502100001","2021-03-29","","01","영업/정상","01","영업중","","","","","","2077","","강원특별자치도 원주시 문막읍 동화리 371-10","강원특별자치도 원주시 문막읍 원문로 1320","26365","강원도 원주 수소충전소","2022-07-11 10:54:56","I","2023-06-13 00:00:00","제조","275285.835360018","425851.762907573","충전","",
"81","고압가스업","09_28_05_P","4191000","2021419024502100002","2021-05-28","","01","영업/정상","01","영업중","","","","","","","","강원특별자치도 원주시 신림면 신림리 91-2 신림가스상사","강원특별자치도 원주시 신림면 신림골안길 69, 신림가스상사","26506","한양가스","2024-12-27 09:03:28","U","2024-12-29 02:40:00","판매","296627.216036124","414757.061465264","","",
"82","고압가스업","09_28_05_P","4191000","2021419024502100003","2021-07-19","","01","영업/정상","01","영업중","","","","","","","","강원특별자치도 원주시 문막읍 반계리 5-29","강원특별자치도 원주시 문막읍 문막공단길 216","26362","주식회사 안코바이오플라스틱스","2021-11-19 15:21:20","I","2023-06-13 00:00:00","제조","271512.94179592","421917.541436579","냉동","",
"83","고압가스업","09_28_05_P","4191000","2021419024502100004","2021-08-31","","01","영업/정상","01","영업중","","","","","","","","강원특별자치도 원주시 단계동 875","강원특별자치도 원주시 서원대로 149 (단계동)","26436","에스케이텔레콤(주)","2021-11-26 09:30:20","I","2023-06-13 00:00:00","제조","282214.601140101","427387.70582279","냉동","",
"84","고압가스업","09_28_05_P","4191000","2021419024502100005","2021-11-01","","01","영업/정상","01","영업중","","","","","","","","강원특별자치도 원주시 지정면 월송리 산 119","","","에이치디씨리조트 주식회사","2022-06-07 16:45:31","I","2023-06-13 00:00:00","저장소","","","","",
"85","고압가스업","09_28_05_P","4191000","2021419024502100006","2021-11-01","","01","영업/정상","01","영업중","","","","","","","","강원특별자치도 원주시 부론면 법천리 1473-6","강원특별자치도 원주시 부론면 법후로 52","26498","(주)디에스테크노","2022-05-30 13:11:04","I","2023-06-13 00:00:00","저장소","267013.622454513","412530.083139377","","",
"86","고압가스업","09_28_05_P","4191000","2021419024502100007","2021-12-20","","01","영업/정상","01","영업중","","2022-12-23","2024-12-20","","","","","강원특별자치도 원주시 귀래면 귀래리 177-6","","","덕진종합가스","2024-11-12 17:27:12","U","2024-11-14 02:40:00","판매","279441.542550442","413108.667752251","","",
"87","고압가스업","09_28_05_P","4191000","2021419024502200001","2021-03-23","","01","영업/정상","01","영업중","","","","","","","","강원특별자치도 원주시 태장동 1815 태장119안전센터","강원특별자치도 원주시 태장공단길 4, 태장119안전센터 (태장동)","26311","원주소방서(태장119안전센터)","2021-03-23 15:50:24","I","2023-06-13 00:00:00","제조","284294.075938504","433700.269354264","충전","",
"88","고압가스업","09_28_05_P","4191000","2021419024502200002","2021-03-23","","01","영업/정상","01","영업중","","","","","","","","강원특별자치도 원주시 반곡동 산 16-12","강원특별자치도 원주시 동부순환로 201 (반곡동)","26457","원주소방서(혁신119안전센터)","2021-03-23 15:40:35","I","2023-06-13 00:00:00","제조","286176.207020938","426153.505244935","충전","",
"89","고압가스업","09_28_05_P","4191000","2021419024502200003","2021-03-23","","01","영업/정상","01","영업중","","","","","","","","강원특별자치도 원주시 단구동 195-1 단구119안전센터","강원특별자치도 원주시 강변로 255, 단구119안전센터 (단구동)","26451","원주소방서(단구119안전센터)","2021-03-23 15:41:17","I","2023-06-13 00:00:00","제조","285144.699330999","425824.223752259","충전","",
"90","고압가스업","09_28_05_P","4191000","2021419024502200004","2021-09-17","","01","영업/정상","01","영업중","","","","","","","","강원특별자치도 원주시 호저면 만종리 58-3","","","육군 제5378부대","2025-05-02 16:15:13","U","2025-05-04 02:40:00","제조","281051.079423473","430026.152463506","충전","",
"91","고압가스업","09_28_05_P","4191000","2021419024502200005","2021-12-28","","01","영업/정상","01","영업중","","2023-06-20","2024-02-13","2024-02-14","","","","강원특별자치도 원주시 지정면 가곡리 1359-6 기업119안전센터","","","원주소방서(기업119안전센터)","2024-02-14 15:49:53","U","2024-02-16 02:40:00","제조","277172.593831451","430264.273158624","충전","",
"92","고압가스업","09_28_05_P","4191000","2022419024502100001","2022-02-08","","01","영업/정상","01","영업중","","","","","","","","강원특별자치도 원주시 소초면 평장리 907-4","강원특별자치도 원주시 소초면 현촌길 108","26305","주식회사 에버스","2024-02-29 14:24:23","U","2024-03-02 02:40:00","제조","287951.272781622","436333.781724325","냉동","",
"93","고압가스업","09_28_05_P","4191000","2015419024502200001","2015-06-01","","01","영업/정상","01","영업중","","","","","","","","강원특별자치도 원주시 반곡동 1914-1","강원특별자치도 원주시 세계로 2 (반곡동)","","한국광해광업공단","2022-01-18 15:21:26","I","2023-06-13 00:00:00","제조","287528.706313883","425075.409703903","냉동","",
"94","고압가스업","09_28_05_P","4191000","2016419024502100002","2016-01-26","","01","영업/정상","01","영업중","","","","","","","","강원특별자치도 원주시 문막읍 반계리 2274-1 해태가루비 문막공장","강원특별자치도 원주시 문막읍 반산1로 54, 해태가루비 문막공장","26362","해태가루비(주)제2공장","2020-05-27 13:54:34","I","2023-06-13 00:00:00","제조","270906.786406709","422059.380627097","냉동","공업용",
"95","고압가스업","09_28_05_P","4191000","2016419024502100003","2016-08-29","","01","영업/정상","01","영업중","","","","","","315","","강원특별자치도 원주시 태장동 1634","강원특별자치도 원주시 장수2로 42 (태장동)","","삼보가스","2016-11-16 11:21:16","I","2023-06-13 00:00:00","판매","284717.418206218","433767.717710643","","전",
"96","고압가스업","09_28_05_P","4191000","2017419024502100001","2017-04-03","","01","영업/정상","01","영업중","","","","","","","","","강원특별자치도 원주시 소초면 북원로 2955","","(주)한국인삼공사 원주공장","2025-04-11 17:28:48","U","2025-04-13 02:40:00","제조","284192.855174726","434485.025068688","냉동","",
"97","고압가스업","09_28_05_P","4191000","2017419024502100002","2017-05-02","","01","영업/정상","01","영업중","","","","","","","","강원특별자치도 원주시 지정면 판대리 577-1","강원특별자치도 원주시 지정면 오크밸리2길 56","26357","에이치디씨리조트(주)","2021-05-07 13:09:09","I","2023-06-13 00:00:00","저장소","271382.556177626","434267.186680372","","",
"98","고압가스업","09_28_05_P","4191000","2017419024502200001","2017-03-22","","01","영업/정상","01","영업중","","","","","","","","강원특별자치도 원주시 우산동 522","강원특별자치도 원주시 우산공단길 149 (우산동)","","경원산소","2017-03-22 16:04:16","I","2023-06-13 00:00:00","제조","282925.638312162","431517.939269166","충전","",
"99","고압가스업","09_28_05_P","4191000","2018419024502100001","2018-08-13","","01","영업/정상","01","영업중","","","","","","","","강원특별자치도 원주시 지정면 가곡리 1283-4","강원특별자치도 원주시 지정면 조엄로 321","26355","(주)제테마","2020-05-26 15:17:54","I","2023-06-13 00:00:00","제조","276540.53910349","430076.685669921","냉동","",
"100","고압가스업","09_28_05_P","4191000","2018419024502100002","2018-11-26","","01","영업/정상","01","영업중","","","","","","","","강원특별자치도 원주시 개운동 437 지방공사강원도원주의료원","강원특별자치도 원주시 서원대로 387, 지방공사강원도원주의료원 (개운동)","26448","원주의료원","2018-11-26 12:01:18","I","2023-06-13 00:00:00","저장소","284004.892022232","426080.573873519","","업무용",
"101","고압가스업","09_28_05_P","4191000","2018419024502200001","2018-03-19","","01","영업/정상","01","영업중","","","","","","","","강원특별자치도 원주시 무실동 1062-1 이마트","강원특별자치도 원주시 북원로 1928, 이마트 (무실동)","26395","(주)이마트 원주점","2020-04-24 17:42:37","I","2023-06-13 00:00:00","제조","281366.703634706","424684.582635502","냉동","상업용",
"102","고압가스업","09_28_05_P","4191000","2018419024502200002","2018-04-12","","01","영업/정상","01","영업중","","","","","","","","강원특별자치도 원주시 문막읍 문막리 225-7 문막119안전센터","강원특별자치도 원주시 문막읍 문막시장1길 90, 문막119안전센터","26373","원주소방서(문막119안전센터)","2021-03-31 10:56:29","I","2023-06-13 00:00:00","제조","272141.782605","422693.800417283","충전","업무용",
"103","고압가스업","09_28_05_P","4191000","2019419024502100001","2019-04-23","","01","영업/정상","01","영업중","","","","","","","","강원특별자치도 원주시 호저면 주산리 281","강원특별자치도 원주시 호저면 호매곡1길 82","26303","경원산소(주)제2영업소","2019-09-10 13:37:04","I","2023-06-13 00:00:00","판매","282067.365705625","433093.259914279","","기타",
"104","고압가스업","09_28_05_P","4191000","2019419024502100002","2019-05-24","","01","영업/정상","01","영업중","","","","","","","","강원특별자치도 원주시 반곡동 2047-14","강원특별자치도 원주시 입춘로 130, 건강보험심사평가원 2청사 (반곡동)","26465","건강보험심사평가원","2020-02-20 10:39:10","I","2023-06-13 00:00:00","제조","286854.162022814","424752.027282695","냉동","상업.업무용",
"105","고압가스업","09_28_05_P","4191000","2019419024502200001","2019-08-23","","01","영업/정상","01","영업중","","","","","","","","강원특별자치도 원주시 우산동 411-35 우산119안전센터","강원특별자치도 원주시 우산공단길 9, 우산119안전센터 (우산동)","26337","원주소방서(우산119안전센터)","2019-10-23 17:31:56","I","2023-06-13 00:00:00","제조","283351.851792668","430642.239568393","충전","",
"106","고압가스업","09_28_05_P","4191000","2022419024502200003","2022-03-11","","01","영업/정상","01","영업중","","","","","","","","강원특별자치도 원주시 우산동 405-15 유성화학㈜공장","강원특별자치도 원주시 우산공단길 8-33, 유성화학㈜공장 (우산동)","26336","유성씨앤에프(주)","2022-06-28 14:17:36","I","2023-06-13 00:00:00","제조","283338.704640429","431004.910110359","냉동","",
"107","고압가스업","09_28_05_P","4191000","2022419024502200004","2022-04-11","","01","영업/정상","01","영업중","","","","","","","","강원특별자치도 원주시 명륜동 832 명륜119안전센터","강원특별자치도 원주시 남원로 467, 명륜119안전센터 (명륜동)","26482","원주소방서(명륜119안전센터)","2022-10-12 14:54:42","I","2023-06-13 00:00:00","제조","283492.265505577","425411.964571717","충전","",
"108","고압가스업","09_28_05_P","4191000","2022419024502200005","2022-09-05","","01","영업/정상","01","영업중","","","","","","","","강원특별자치도 원주시 소초면 의관리 461-1","강원특별자치도 원주시 소초면 북원로 3223","26304","공군제8전투비행단(소방구조중대)","2022-12-14 15:50:30","I","2023-06-13 00:00:00","제조","285528.211077228","436756.416319138","충전","",
"109","고압가스업","09_28_05_P","4191000","2022419034302100001","2022-11-17","","01","영업/정상","01","영업중","","","","","","65603.8","","강원특별자치도 원주시 지정면 신평리 1085 (주)네오플램","강원특별자치도 원주시 지정면 기업도시로 1 (주)네오플램","26348","(주)네오플램","2025-09-08 09:34:16","U","2025-09-10 02:40:00","제조","278900.162229313","430890.89110687","일반","공업용",
"110","고압가스업","09_28_05_P","4191000","2023419034302100001","2023-04-11","","01","영업/정상","01","영업중","","","","","","","","강원특별자치도 원주시 문막읍 반계리 2262-7","","","(주)리뉴시스템","2023-04-11 16:30:45","I","2023-06-13 00:00:00","제조","271292.62615448","422578.88423503","냉동","",
"111","고압가스업","09_28_05_P","4191000","2018419024502200004","2018-12-03","","01","영업/정상","01","영업중","","","","","","","","강원특별자치도 원주시 흥업면 흥업리 1581 원주 소방서 흥업119안전센터","강원특별자치도 원주시 흥업면 북원로 1569-81, 원주 소방서 흥업119안전센터","26404","원주소방서(흥업119안전센터)","2019-01-17 15:12:58","I","2023-06-13 00:00:00","제조","280609.640243209","421653.075505872","충전","",
"112","고압가스업","09_28_05_P","4191000","1994419019802200002","1994-05-27","","01","영업/정상","01","영업중","","","","2020-12-04","","","","강원특별자치도 원주시 우산동 450-18","강원특별자치도 원주시 우두산길 52 (우산동)","","하이브 주식회사","2021-05-14 09:43:22","I","2023-06-13 00:00:00","제조","282994.044972167","431342.688538538","냉동","공업용",
"113","고압가스업","09_28_05_P","4191000","1997419007902100001","1997-06-17","","01","영업/정상","01","영업중","","","","","","","","강원특별자치도 원주시 지정면 간현리 906","","","삼현종합식품(주)","2019-07-29 12:48:19","I","2023-06-13 00:00:00","저장소","274312.78395201","428949.847482206","일반","특수토지",
"114","고압가스업","09_28_05_P","4191000","1997419007902100003","1997-03-05","","01","영업/정상","01","영업중","","","","","","","","강원특별자치도 원주시 태장동 1720-1","강원특별자치도 원주시 태장공단길 58 (태장동)","","(주)참존","2025-07-07 09:18:53","U","2025-07-09 02:40:00","제조","283521.334892492","434108.357139017","냉동","주상나지",
"115","고압가스업","09_28_05_P","4191000","1997419007902200001","2008-08-07","","01","영업/정상","01","영업중","","","","","","","","강원특별자치도 원주시 단계동 862","","","(주)송정","2016-07-20 10:54:56","I","2023-06-13 00:00:00","제조","282349.238533988","427573.993979604","냉동","연립",
"116","고압가스업","09_28_05_P","4191000","1998419007902100002","1998-02-24","","01","영업/정상","01","영업중","","","","","","","","강원특별자치도 원주시 신림면 신림리 98","강원특별자치도 원주시 신림면 마지동길 69","","신성가스","2017-07-05 15:01:49","I","2023-06-13 00:00:00","판매","296530.702328558","414980.256590122","일반","특수토지",
"117","고압가스업","09_28_05_P","4191000","1998419007902100003","1998-07-23","","01","영업/정상","01","영업중","","","","","","","","강원특별자치도 원주시 문막읍 반계리 99-1","강원특별자치도 원주시 문막읍 원문로 2142","","간현,린나이종합가스","2021-05-03 10:00:15","I","2023-06-13 00:00:00","판매","270570.268838913","422199.21994841","일반","특수토지",
"118","고압가스업","09_28_05_P","4191000","1999419007902100001","1999-06-17","","01","영업/정상","01","영업중","","","","","","","","강원특별자치도 원주시 신림면 신림리 158","강원특별자치도 원주시 신림면 신림황둔로 148","","대한예수교장로회명성교회","2018-10-04 13:23:58","I","2023-06-13 00:00:00","제조","296547.184549351","416352.730185153","냉동","특수토지",
"119","고압가스업","09_28_05_P","4191000","2000419007902100002","2010-11-11","","01","영업/정상","01","영업중","","","","","","","","강원특별자치도 원주시 문막읍 반계리 5-29","강원특별자치도 원주시 문막읍 문막공단길 216","","주식회사 안코바이오플라스틱스","2020-02-18 13:02:41","I","2023-06-13 00:00:00","제조","271512.94179592","421917.541436579","냉동","주상나지",
"120","고압가스업","09_28_05_P","4191000","2000419007902100003","2000-11-16","","01","영업/정상","01","영업중","","","","","","","","강원특별자치도 원주시 흥업면 매지리 산 221","강원특별자치도 원주시 흥업면 연세대길 1","","연세대학교 미래캠퍼스","2024-02-27 17:24:35","U","2024-02-29 02:40:00","제조","279802.842138498","420075.310262165","냉동","특수토지",
"121","고압가스업","09_28_05_P","4191000","2001419007902100001","2001-06-01","","01","영업/정상","01","영업중","","","","","","","","강원특별자치도 원주시 가현동 414-1","강원특별자치도 원주시 저금어지길 456 (가현동)","","우리손에프앤지 농업회사법인 (주)강원엘피씨","2024-03-28 10:33:40","U","2024-03-30 02:40:00","제조","282692.257451099","432485.622622449","냉동","주상나지",
"122","고압가스업","09_28_05_P","4191000","2001419007902200002","2001-12-06","","01","영업/정상","01","영업중","","","","","","","","강원특별자치도 원주시 문막읍 후용리 914","강원특별자치도 원주시 문막읍 법후로 862","","코웰식품(주)","2015-02-09 18:14:36","I","2023-06-13 00:00:00","제조","270629.635105976","418264.086047588","냉동","전기타",
"123","고압가스업","09_28_05_P","4191000","2004419011502100003","2004-05-07","","01","영업/정상","01","영업중","","","","","","","","강원특별자치도 원주시 소초면 수암리 761-1","강원특별자치도 원주시 소초면 바우실길 11","","정운가스","2020-07-07 09:47:22","I","2023-06-13 00:00:00","판매","287554.900120204","433233.135794559","일반","전",
"124","고압가스업","09_28_05_P","4191000","1979419007902100001","1979-09-15","","01","영업/정상","01","영업중","","","","","","","","강원특별자치도 원주시 개운동 382-6","강원특별자치도 원주시 개봉길 34  (개운동)","","현대가스상사","2007-09-10 10:26:46","I","2023-06-13 00:00:00","판매","284630.031383871","427258.775401795","일반","주거용",
"125","고압가스업","09_28_05_P","4191000","1987419007902100001","1987-08-31","","01","영업/정상","01","영업중","","","","","","","","강원특별자치도 원주시 일산동 162","강원특별자치도 원주시 일산로 20 (일산동)","","연세대학교원주세브란스기독병원","2020-04-13 17:13:41","I","2023-06-13 00:00:00","저장소","283684.602363569","427758.377832632","일반","연립",
"126","고압가스업","09_28_05_P","4191000","2004419011502100004","2004-07-30","","01","영업/정상","01","영업중","","","","","","","","강원특별자치도 원주시 호저면 만종리 614-4","강원특별자치도 원주시 호저면 운동들1길 4","","단계고압가스","2016-04-28 17:57:27","I","2023-06-13 00:00:00","판매","279636.625622361","428493.075139754","일반","단독",
"127","고압가스업","09_28_05_P","4191000","2004419011502100005","2004-09-03","","01","영업/정상","01","영업중","","","","","","","","강원특별자치도 원주시 소초면 수암리 761-4","강원특별자치도 원주시 소초면 바우실길 11","","대성종합가스","2013-12-18 15:45:08","I","2023-06-13 00:00:00","판매","287554.900120204","433233.135794559","일반","전",
"128","고압가스업","09_28_05_P","4191000","2004419011502100006","2009-12-15","","01","영업/정상","01","영업중","","","","","","","","강원특별자치도 원주시 관설동 674-1","강원특별자치도 원주시 치악로 1307 (관설동)","","원주천연가스버스충전소","2013-12-18 15:44:09","I","2023-06-13 00:00:00","제조","286674.644798431","422944.969112605","충전","주거용",
"129","고압가스업","09_28_05_P","4191000","2004419011502100007","2004-06-09","","01","영업/정상","01","영업중","","","","","","","","강원특별자치도 원주시 귀래면 운계리 858-3","강원특별자치도 원주시 귀래면 북원로 271","","남원주고압가스","2019-01-03 11:41:23","I","2023-06-13 00:00:00","판매","278372.742159381","409548.672083354","일반","기타",
"130","고압가스업","09_28_05_P","4191000","2004419011502200002","2004-02-11","","01","영업/정상","01","영업중","","","","","","","","강원특별자치도 원주시 우산동 660","강원특별자치도 원주시 상지대길 83 (우산동)","","상지대학교","2013-12-18 15:43:03","I","2023-06-13 00:00:00","제조","282151.822954944","430257.366976729","냉동","기타",
"131","고압가스업","09_28_05_P","4191000","2004419011502200004","2004-09-13","","01","영업/정상","01","영업중","","","","","","","","강원특별자치도 원주시 원동 79-1","강원특별자치도 원주시 원일로 37 (원동)","","한국방송공사원주방송국","2013-12-18 15:40:21","I","2023-06-13 00:00:00","제조","284328.457780452","427540.846294034","냉동","업무용",
"132","고압가스업","09_28_05_P","4191000","2005419011502100003","2005-12-16","","01","영업/정상","01","영업중","","","","","","","","강원특별자치도 원주시 부론면 노림리 924-1","강원특별자치도 원주시 부론면 견훤로 527","","(주)유진건철원주공장","2019-01-31 10:46:23","I","2023-06-13 00:00:00","저장소","268465.326645037","416832.218441222","일반","공업기타",
"133","고압가스업","09_28_05_P","4191000","2007419015302100001","2007-05-11","","01","영업/정상","01","영업중","","","","","","","","강원특별자치도 원주시 문막읍 동화리 1642-9","강원특별자치도 원주시 문막읍 동화공단로 94-1","","(주)아이센스","2024-01-25 09:58:14","U","2024-01-27 02:40:00","제조","274447.174699817","426318.780785674","냉동","공업용",
"134","고압가스업","09_28_05_P","4191000","2008419015302100001","2010-06-30","","01","영업/정상","01","영업중","","","","","","1656","","강원특별자치도 원주시 소초면 장양리 1772-1 외2필지","강원특별자치도 원주시 소초면 북원로 3118-1  (외2필지)","","장양리고정식CNG충전소","2010-06-30 11:38:49","I","2023-06-13 00:00:00","제조","285289.296554684","435916.97338828","충전","주차장등",
"135","고압가스업","09_28_05_P","4191000","2008419015302100002","2011-08-08","","01","영업/정상","01","영업중","","","","","","555","","강원특별자치도 원주시 문막읍 반계리 628-1","강원특별자치도 원주시 문막읍 원문로 2477","26361","형제에너지","2023-07-07 09:19:21","U","2023-07-09 02:40:00","판매","269125.197520423","420279.41351735","","기타",
"136","고압가스업","09_28_05_P","4191000","2008419015302200002","2009-09-24","","01","영업/정상","01","영업중","","","","","","","","강원특별자치도 원주시 호저면 만종리 684","강원특별자치도 원주시 호저면 감박산길 11","","한국전력공사 원주전력소","2015-02-09 09:03:41","I","2023-06-13 00:00:00","제조","279835.63510137","428190.362880116","냉동","지정되지않음",
"137","고압가스업","09_28_05_P","4191000","2009419019602100001","2009-08-14","","01","영업/정상","01","영업중","","","","","","48444","","강원특별자치도 원주시 지정면 월송리 1016","강원특별자치도 원주시 지정면 오크밸리1길 66","","에이치디씨리조트(주)","2021-05-07 13:06:56","I","2023-06-13 00:00:00","저장소","273387.408064752","435358.539333992","","골프장",
"138","고압가스업","09_28_05_P","4191000","2009419019602200002","2009-10-30","","01","영업/정상","01","영업중","","","","","","","","강원특별자치도 원주시 단계동 877-1","강원특별자치도 원주시 서원대로 171 (단계동)","","동신운수(주)","2015-02-09 09:01:29","I","2023-06-13 00:00:00","제조","282420.45355925","427386.499314318","냉동","주차장등",
"139","고압가스업","09_28_05_P","4191000","2009419019602200003","2009-10-30","","01","영업/정상","01","영업중","","","","","","","","강원특별자치도 원주시 문막읍 동화리 1676","강원특별자치도 원주시 문막읍 동화공단로 49","","삼아제약(주)","2018-07-11 09:52:10","I","2023-06-13 00:00:00","제조","274914.486276064","425936.016643458","냉동","",
"140","고압가스업","09_28_05_P","4191000","1987419007902100002","1987-07-02","","01","영업/정상","01","영업중","","","","","","","","강원특별자치도 원주시 우산동 산 5-6","강원특별자치도 원주시 우산로 323 (우산동)","","원주시상하수도사업소","2017-04-11 15:02:59","I","2023-06-13 00:00:00","저장소","282748.43365092","431642.242027883","일반","특수토지",
"141","고압가스업","09_28_05_P","4191000","1987419007902100003","1987-06-18","","01","영업/정상","01","영업중","","","","","","","","강원특별자치도 원주시 문막읍 건등리 403-8","강원특별자치도 원주시 문막읍 원평길 97","","문막가스","2007-09-10 10:22:57","I","2023-06-13 00:00:00","판매","272543.872884479","424931.073382739","일반","특수토지",
"142","고압가스업","09_28_05_P","4191000","1988419007902200002","1988-07-20","","01","영업/정상","01","영업중","","","","","","","","강원특별자치도 원주시 학성동 1023-70","강원특별자치도 원주시 학성길 67 (학성동)","","(주)문화방송","2020-05-13 15:50:43","I","2023-06-13 00:00:00","제조","283178.513980345","428433.350233919","냉동","주거용",
"143","고압가스업","09_28_05_P","4191000","1989419007902100001","2008-04-21","","01","영업/정상","01","영업중","","","","","","","","강원특별자치도 원주시 문막읍 반계리 5-12","강원특별자치도 원주시 문막읍 문막공단길 236","","토다머티리얼즈(주)","2025-06-02 09:26:40","U","2025-06-04 02:40:00","제조","271582.284846753","422083.178386107","일반","주상나지",
"144","고압가스업","09_28_05_P","4191000","1990419007902100001","1990-05-12","","01","영업/정상","01","영업중","","","","","","","","강원특별자치도 원주시 우산동 523-2","강원특별자치도 원주시 우산공단길 149 (우산동)","","경원산소(주)","2023-04-10 15:49:26","I","2023-06-13 00:00:00","제조","282925.638312162","431517.939269166","충전","주상나지",
"145","고압가스업","09_28_05_P","4191000","1992419007902200002","1992-10-15","","01","영업/정상","01","영업중","","","","","","","","강원특별자치도 원주시 태장동 1720-14","강원특별자치도 원주시 태장공단길 54-6 (태장동)","","(주)피디에이원주공장","2015-02-09 18:19:42","I","2023-06-13 00:00:00","제조","283761.415575466","434162.803464379","냉동","주상나지",
"146","고압가스업","09_28_05_P","4191000","1992419007902200003","1992-10-15","","01","영업/정상","01","영업중","","","","","","","","강원특별자치도 원주시 일산동 산 7-2","","","우보기업(주)","2015-02-09 18:21:52","I","2023-06-13 00:00:00","제조","","","냉동","연립",
"147","고압가스업","09_28_05_P","4191000","1993419007902100001","2010-04-07","","01","영업/정상","01","영업중","","","","","","","","강원특별자치도 원주시 문막읍 반계리 2238","강원특별자치도 원주시 문막읍 문막공단길 108","","(주)대우에스티","2024-04-17 11:12:04","U","2024-04-19 02:40:00","저장소","270801.453997758","421264.023748289","일반","주상나지",
"148","고압가스업","09_28_05_P","4191000","1993419007902100003","1993-06-05","","01","영업/정상","01","영업중","","","","","","","","강원특별자치도 원주시 지정면 판대리 165-8","","","나래가스","2022-05-30 09:56:36","I","2023-06-13 00:00:00","판매","270871.337032257","429819.513579888","일반","특수토지",
"149","고압가스업","09_28_05_P","4191000","2010419019802100001","2010-07-15","","01","영업/정상","01","영업중","","","","","","18","","강원특별자치도 원주시 소초면 의관리 사서함 323-14호 장비중대 액체산소반","강원특별자치도 원주시 소초면 북원로 3223","26304","공군제8전투비행단","2018-08-14 10:16:45","I","2023-06-13 00:00:00","제조","285528.211077228","436756.416319138","충전","임야",
"150","고압가스업","09_28_05_P","4191000","2011419019802100001","2011-02-16","","01","영업/정상","01","영업중","","","","","","","","강원특별자치도 원주시 지정면 간현리 250-1","강원특별자치도 원주시 지정면 지정로 69","","(주)보림","2012-11-04 11:36:39","I","2023-06-13 00:00:00","저장소","275077.991957186","427277.641672337","","공업용",
"151","고압가스업","09_28_05_P","4191000","2011419019802100002","2011-12-28","","01","영업/정상","01","영업중","","2024-12-16","2025-09-01","","","","","강원특별자치도 원주시 호저면 주산리 113-57","강원특별자치도 원주시 호저면 막골길 72-2","","(주)케이엠에프 원주지점","2025-09-04 15:24:41","U","2025-09-06 02:40:00","제조","282187.776630095","435569.530291194","냉동","",
"152","고압가스업","09_28_05_P","4191000","2012419019802100003","2012-05-17","","01","영업/정상","01","영업중","","","","","","","","강원특별자치도 원주시 관설동 1429-3","강원특별자치도 원주시 치악로 1489 (관설동)","","홈플러스(주)","2024-02-22 15:46:05","U","2024-02-24 02:40:00","제조","285677.402683418","424408.068770392","냉동","",
"153","고압가스업","09_28_05_P","4191000","2013419019802100001","2013-07-22","","01","영업/정상","01","영업중","","2021-08-24","2022-05-25","2022-05-26","","","","강원특별자치도 원주시 부론면 법천리 1473-6","강원특별자치도 원주시 부론면 법후로 52","26498","(주)디에스테크노","2025-04-23 13:42:31","U","2025-04-25 02:40:00","저장소","267013.622454513","412530.083139377","","공업기타",
"154","고압가스업","09_28_05_P","4191000","2013419019802100002","2013-11-25","","01","영업/정상","01","영업중","","","","","","","","","강원특별자치도 원주시 북원로 2541 (우산동)","","현대자동차(주)원주지점","2021-06-10 15:22:36","I","2023-06-13 00:00:00","제조","283297.788566799","430330.70906008","냉동","",
"155","고압가스업","09_28_05_P","4191000","2013419019802100003","2013-12-13","","01","영업/정상","01","영업중","","","","","","","","강원특별자치도 원주시 반곡동 1914-8 광물자원공사","강원특별자치도 원주시 혁신로 199 (반곡동)","26464","한국광해광업공단","2021-10-06 14:26:35","I","2023-06-13 00:00:00","저장소","287826.547466372","425315.151475342","","주거기타",
"156","고압가스업","09_28_05_P","4191000","2013419019802100004","2013-12-16","","01","영업/정상","01","영업중","","","","","","","","강원특별자치도 원주시 무실동 423-6","강원특별자치도 원주시 만대로 16-4 (무실동)","","원주시도시정보센터","2020-01-03 10:15:58","I","2023-06-13 00:00:00","저장소","","","","",
"157","고압가스업","09_28_05_P","4191000","2014419019802100001","2014-01-10","","01","영업/정상","01","영업중","","","","","","","","강원특별자치도 원주시 가현동 561-2","강원특별자치도 원주시 저금어지길 458 (가현동)","","에코바이오홀딩스(주)","2016-09-22 18:22:44","I","2023-06-13 00:00:00","제조","","","냉동","위험시설",
"158","고압가스업","09_28_05_P","4191000","2014419019802100002","2014-04-14","","01","영업/정상","01","영업중","","","","","","","","강원특별자치도 원주시 지정면 보통리 248","강원특별자치도 원주시 지정면 보통로 380","","주식회사 세종에너지충전소","2024-04-11 14:46:23","U","2024-04-13 02:40:00","판매","277472.933517555","426749.352532324","","",
"159","고압가스업","09_28_05_P","4191000","2014419024502100002","2014-10-25","","01","영업/정상","01","영업중","","","","","","","","","강원특별자치도 원주시 호저면 평천1길 45","","제일가스텍","2014-10-28 11:22:49","I","2023-06-13 00:00:00","판매","281517.455108767","436164.738128944","","",
"160","고압가스업","09_28_05_P","4191000","2014419024502100003","2014-11-20","","01","영업/정상","01","영업중","","","","","","","","강원특별자치도 원주시 소초면 장양리 1310 KT&G원주공장","강원특별자치도 원주시 소초면 북원로 2955, KT&G원주공장","26306","(주)한국인삼공사 원주공장","2025-04-11 14:07:30","U","2025-04-13 02:40:00","제조","284192.855174726","434485.025068688","냉동","",
"161","고압가스업","09_28_05_P","4191000","2015419024502100001","2015-02-05","","01","영업/정상","01","영업중","","","","","","","","강원특별자치도 원주시 반곡동 2047-10","강원특별자치도 원주시 혁신로 60 (반곡동)","","건강보험심사평가원","2019-01-04 16:21:51","I","2023-06-13 00:00:00","제조","286840.245475516","424949.644947987","냉동","",
"162","고압가스업","09_28_05_P","4191000","2015419024502100005","2015-04-17","","01","영업/정상","01","영업중","","","","","","","","강원특별자치도 원주시 반곡동 1894-5","서울특별시 마포구 독막로 311 (구수동)","","국민건강보험공단","2016-05-10 13:57:30","I","2023-06-13 00:00:00","제조","287434.577062236","425201.05351165","냉동","",
"163","고압가스업","09_28_05_P","4191000","2015419024502100007","2015-12-07","","01","영업/정상","01","영업중","","","","","","","","강원특별자치도 원주시 지정면 신평리 원주기업도시 산업4-2BL","강원특별자치도 원주시 지정면 신평로 34","","진양제약(주)","2016-06-30 13:26:10","I","2023-06-13 00:00:00","제조","278676.628939109","430899.821318716","냉동","지정되지않음",
"164","고압가스업","09_28_05_P","4191000","2014419019802100006","2014-04-13","","01","영업/정상","01","영업중","","","","","","","","강원특별자치도 원주시 지정면 보통리 248 248-4","강원특별자치도 원주시 지정면 보통로 380","","주식회사 세종에너지","2024-07-03 17:11:33","I","2024-07-05 00:13:56","제조","277472.933517555","426749.352532324","충전","",
"165","고압가스업","09_28_05_P","4191000","2024419112202100001","2024-08-05","","01","영업/정상","01","영업중","","","","","","","","강원특별자치도 원주시 문막읍 반계리 5-46","강원특별자치도 원주시 문막읍 문막공단길 202","26362","(주)지큐엘(1호기)","2024-12-02 15:30:00","U","2024-12-04 02:40:00","제조","271560.507522634","421821.202586794","냉동","",
"166","고압가스업","09_28_05_P","4191000","2024419112202100002","2024-08-05","","01","영업/정상","01","영업중","","","","","","","","강원특별자치도 원주시 문막읍 반계리 5-46","강원특별자치도 원주시 문막읍 문막공단길 202","26362","(주)지큐엘(2호기)","2024-12-02 15:22:45","U","2024-12-04 02:40:00","제조","271560.507522634","421821.202586794","냉동","",
"167","고압가스업","09_28_05_P","4191000","2024419112202100003","2024-08-05","","01","영업/정상","01","영업중","","","","","","","","강원특별자치도 원주시 문막읍 반계리 5-46","","","(주)지큐엘(3호기)","2024-12-02 15:23:31","U","2024-12-04 02:40:00","제조","","","냉동","",
"168","고압가스업","09_28_05_P","4191000","2024419112202100004","2024-08-05","","01","영업/정상","01","영업중","","","","","","","","강원특별자치도 원주시 문막읍 반계리 5-46","","","(주)지큐엘(4호기)","2024-12-02 15:24:11","U","2024-12-04 02:40:00","제조","","","냉동","",
"169","고압가스업","09_28_05_P","4191000","2024419112202100005","2024-08-05","","01","영업/정상","01","영업중","","","","","","","","강원특별자치도 원주시 문막읍 반계리 5-46","","","(주)지큐엘(5호기)","2024-12-02 15:24:49","U","2024-12-04 02:40:00","제조","","","냉동","",
"170","고압가스업","09_28_05_P","4191000","2024419101202100003","2024-06-04","","01","영업/정상","01","영업중","","","","","","","","강원특별자치도 원주시 문막읍 반계리 5-46","","","주식회사 지큐엘","2024-06-04 17:34:20","I","2024-06-06 00:14:21","저장소","","","","",
"171","고압가스업","09_28_05_P","4191000","2014419019802100004","2014-04-13","","01","영업/정상","01","영업중","","","","","","","","강원특별자치도 원주시 지정면 보통리 248 248-2","강원특별자치도 원주시 지정면 보통로 380","","DL에너지꿈드림LPG충전소","2024-04-08 08:50:53","I","2024-04-10 00:15:45","제조","277472.933517555","426749.352532324","충전","",
"172","고압가스업","09_28_05_P","4191000","2024419101202100002","2024-03-15","","01","영업/정상","01","영업중","","","","","","3949.17","","강원특별자치도 원주시 소초면 장양리 1783-1","","","원주장양 액화수소 자동차 충전소","2024-11-14 13:50:40","U","2024-11-16 02:40:00","제조","285352.687618371","435808.179985131","충전","",
"173","고압가스업","09_28_05_P","4191000","2025419112202200001","2025-04-16","","01","영업/정상","01","영업중","","","","","","","","강원특별자치도 원주시 우산동 390 삼양식품공장","강원특별자치도 원주시 우산로 177, 삼양식품공장 (우산동)","26335","삼양식품(주)","2025-05-13 15:54:06","U","2025-05-15 02:40:00","제조","282952.964980929","431133.811000084","냉동","",
"174","고압가스업","09_28_05_P","4191000","2014419019802100003","2014-04-13","","01","영업/정상","01","영업중","","","","","","","","강원특별자치도 원주시 지정면 보통리 251-1","강원특별자치도 원주시 지정면 보통로 380","26356","주식회사 세종에너지","2024-07-03 17:10:56","U","2024-07-05 02:40:00","제조","277480.105170014","426795.113225533","충전","",
"175","고압가스업","09_28_05_P","4191000","2024419112202100006","2024-12-03","","01","영업/정상","01","영업중","","","","","","","","강원특별자치도 원주시 명륜동 345 원주댄싱공연장","강원특별자치도 원주시 단구로 170, 원주댄싱공연장 (명륜동)","26447","하나스포텍(원주 댄싱공연장 야외임시빙상장)","2024-12-20 10:42:33","U","2024-12-22 02:40:00","제조","283813.128820164","426431.214815577","냉동","",
"176","고압가스업","09_28_05_P","4191000","2025419112202100001","2025-01-07","","01","영업/정상","01","영업중","","","","","","","","강원특별자치도 원주시 우산동 571-7","강원특별자치도 원주시 우두산길 56 (우산동)","26335","삼양제분 주식회사","2025-04-21 14:36:41","U","2025-04-23 02:40:00","제조","282895.744274382","431273.645324334","냉동","",
"177","고압가스업","09_28_05_P","4201000","1997420001902100003","1997-10-15","","01","영업/정상","01","영업중","","","","","","","","강원특별자치도 강릉시 강동면 모전리 258-1 대일가스","강원특별자치도 강릉시 강동면 아래장작골길 68, 대일가스","25627","(주)대일가스","2023-07-26 08:47:16","I","2023-07-28 00:18:47","제조","373249.256569388","470085.563149649","충전","특수토지",
"178","고압가스업","09_28_05_P","4201000","2023420101602200002","2023-08-08","","01","영업/정상","01","영업중","","","","","","","","강원특별자치도 강릉시 병산동 325","강원특별자치도 강릉시 공항길29번길 23 (병산동)","25617","강릉핀스리조트","2023-08-08 08:58:16","I","2023-08-10 00:18:35","제조","370825.385611815","475297.700061313","충전","",
"179","고압가스업","09_28_05_P","4201000","2023420101602200003","2023-08-08","","01","영업/정상","01","영업중","","","","","","","","강원특별자치도 강릉시 강문동 239-1","강원특별자치도 강릉시 창해로 379 (강문동)","25467","강릉스킨스쿠버","2023-08-08 08:58:23","I","2023-08-10 00:18:35","제조","368691.05357809","478795.625462788","충전","",
"180","고압가스업","09_28_05_P","4201000","2023420101602200001","2023-08-07","","01","영업/정상","01","영업중","","","","","","","","강원특별자치도 강릉시 안현동 206-1","","","경포다이브","2024-08-25 15:53:27","U","2024-08-27 02:40:00","제조","366886.777058598","480614.275997922","충전","",
"181","고압가스업","09_28_05_P","4201000","2023420101602200004","2023-08-08","","01","영업/정상","01","영업중","","","","","","","","강원특별자치도 강릉시 주문진읍 주문리 15-1","강원특별자치도 강릉시 주문진읍 해안로 1915","25408","더제이다이브","2023-08-08 08:58:32","I","2023-08-10 00:18:35","제조","360954.07145533","490323.470128096","충전","",
"182","고압가스업","09_28_05_P","4201000","2023420101602200005","2023-08-08","","01","영업/정상","01","영업중","","","","","","","","강원특별자치도 강릉시 연곡면 영진리 74-16","강원특별자치도 강릉시 연곡면 영진길 116","25430","영진아쿠아존","2023-08-08 08:58:38","I","2023-08-10 00:18:35","제조","362488.313654273","486624.610189784","충전","",
"183","고압가스업","09_28_05_P","4201000","2023420101602200006","2023-08-18","","01","영업/정상","01","영업중","","","","","","","","강원특별자치도 강릉시 사천면 사천진리 86-99","강원특별자치도 강릉시 사천면 진리항구길 43","25435","사천다이브리조트","2023-08-18 15:06:56","I","2023-08-20 00:19:02","제조","365015.976889088","483246.361848022","충전","",
"184","고압가스업","09_28_05_P","4201000","2023420101602200007","2023-08-18","","01","영업/정상","01","영업중","","","","","","","","강원특별자치도 강릉시 강동면 안인진리 89","강원특별자치도 강릉시 강동면 안인진길 35-10","25626","(주)에스프리레저강릉안인해양레포츠훈련장","2023-08-18 15:10:43","I","2023-08-20 00:19:02","제조","375251.541029485","472189.196652556","충전","",
"185","고압가스업","09_28_05_P","4201000","2023420101602200008","2023-08-18","","01","영업/정상","01","영업중","","","","","","","","강원특별자치도 강릉시 강동면 안인진리 314-2","강원특별자치도 강릉시 강동면 안인진길 47","25626","안인서브마린","2023-08-18 15:13:59","I","2023-08-20 00:19:02","제조","375258.46675352","472267.866977924","충전","",
"186","고압가스업","09_28_05_P","4201000","2023420101602200009","2023-08-29","","01","영업/정상","01","영업중","","","","","","","","강원특별자치도 강릉시 남항진동 산 7","","","강원소방 환동해특수대응단","2023-11-20 16:35:21","U","2023-11-22 02:40:00","제조","372011.91855491","475142.713297773","충전","",
"187","고압가스업","09_28_05_P","4201000","2001420001902100002","2001-02-12","","01","영업/정상","01","영업중","","","","","","","","강원특별자치도 강릉시 강동면 산성우리 195-10","강원특별자치도 강릉시 강동면 오이동길 15","25630","호인에너지","2024-10-22 10:06:43","U","2024-10-24 02:40:00","판매","377208.579993691","466484.873044588","일반","특수토지",
"188","고압가스업","09_28_05_P","4201000","2002420008502100001","2002-03-20","","01","영업/정상","01","영업중","","","","","","","","강원특별자치도 강릉시 강동면 모전리 576-3","","","동그린(주)-44호","2008-09-24 09:22:39","I","2023-06-13 00:00:00","제조","","","냉동","공업기타",
"189","고압가스업","09_28_05_P","4201000","2003420008502100001","2009-06-10","","01","영업/정상","01","영업중","","","","","","","","강원특별자치도 강릉시 강동면 모전리 576-3","","","동그린(주)","2009-06-10 18:34:38","I","2023-06-13 00:00:00","제조","","","냉동","기타",
"190","고압가스업","09_28_05_P","4201000","2003420008502100002","2003-04-25","","01","영업/정상","01","영업중","","","","","","","","강원특별자치도 강릉시 담산동 325-1","","","한솔가스","2008-10-24 17:34:21","I","2023-06-13 00:00:00","판매","","","일반","위험시설",
"191","고압가스업","09_28_05_P","4201000","2003420008502100017","2003-10-04","","01","영업/정상","01","영업중","","","","","","","","강원특별자치도 강릉시 교동 630-1","","","광명에너지","2008-10-24 17:21:36","I","2023-06-13 00:00:00","판매","","","일반","기타",
"192","고압가스업","09_28_05_P","4201000","1989420001902200003","1989-08-22","","01","영업/정상","01","영업중","","","","","","","","강원특별자치도 강릉시 포남동 1091-6 MBC강원영동","","","(주)MBC강원영동","2023-01-13 15:30:43","I","2023-06-13 00:00:00","제조","367722.755990056","475961.931485218","냉동","특수토지",
"193","고압가스업","09_28_05_P","4201000","1989420001902200004","2009-01-12","","01","영업/정상","01","영업중","","","","","","","","강원특별자치도 강릉시 임당동 139","강원특별자치도 강릉시 경강로 2071 (임당동)","","하나투자증권강릉지점","2019-11-01 14:16:53","I","2023-06-13 00:00:00","제조","366845.798884799","474049.42092843","냉동","특수토지",
"194","고압가스업","09_28_05_P","4201000","1990420001902100001","1990-03-06","","01","영업/정상","01","영업중","","","","","","","","강원특별자치도 강릉시 주문진읍 교항리 172-36","","","신흥냉동(주)","2000-07-25 00:00:00","I","2023-06-13 00:00:00","제조","","","일반","특수토지",
"195","고압가스업","09_28_05_P","4201000","1990420001902100002","2010-04-22","","01","영업/정상","01","영업중","","","","","","","","강원특별자치도 강릉시 주문진읍 주문리 372-16","강원특별자치도 강릉시 주문진읍 해안로 1730","","강릉시 수산업협동조합","2025-03-29 16:56:42","U","2025-03-31 02:40:00","제조","360808.845138828","489069.578501687","일반","특수토지",
"196","고압가스업","09_28_05_P","4201000","2005420008502100049","2005-08-01","","01","영업/정상","01","영업중","","","","","","","","강원특별자치도 강릉시 대전동 한국과학일반지방산업단지 가-17블럭","","","한국과학기술연구원","2005-08-02 00:00:00","I","2023-06-13 00:00:00","제조","","","냉동","기타",
"197","고압가스업","09_28_05_P","4201000","2007420011502100001","2010-06-08","","01","영업/정상","01","영업중","","","","2020-06-15","","","","강원특별자치도 강릉시 대전동 902-5","강원특별자치도 강릉시 과학단지로 106-71 (대전동)","25451","(주)코본","2024-05-16 17:06:11","U","2024-05-18 02:40:00","저장소","363615.542533891","479363.807605907","일반","공업용",
"198","고압가스업","09_28_05_P","4201000","2007420011502200001","2007-11-21","","01","영업/정상","01","영업중","","","","","","","","강원특별자치도 강릉시 강문동 136-1","강원특별자치도 강릉시 초당순두부길 124-11  (강문동)","","강릉초당두부","2007-11-21 17:31:53","I","2023-06-13 00:00:00","제조","368869.732473689","478386.706356591","일반","기타",
"199","고압가스업","09_28_05_P","4201000","2008420011502100001","2010-09-08","","01","영업/정상","01","영업중","","","","2012-01-19","","100","","강원특별자치도 강릉시 담산동 83-2 1군지사 18보급대대","","","동해안군지단 보급대","2023-06-28 13:08:08","U","2023-06-30 02:40:00","저장소","","","","기타",
"200","고압가스업","09_28_05_P","4201000","2008420011502200001","2008-02-29","","01","영업/정상","01","영업중","","","","","","","","강원특별자치도 강릉시 대전동 강릉지방과학산업단지 블럭 가-13-1","","","재단법인 강릉과학산업진흥원","2009-06-29 21:54:03","I","2023-06-13 00:00:00","제조","","","냉동","공업용",
"201","고압가스업","09_28_05_P","4201000","2009420011502100003","2010-11-08","","01","영업/정상","01","영업중","","","","","","992","","강원특별자치도 강릉시 교동 630-6","강원특별자치도 강릉시 종합운동장길 33 (교동)","","LP가스(주)","2020-03-06 14:01:32","I","2023-06-13 00:00:00","판매","366707.467977449","476392.955304372","","기타",
"202","고압가스업","09_28_05_P","4201000","2009420011502100004","2010-01-26","","01","영업/정상","01","영업중","","","","","","","","강원특별자치도 강릉시 강동면 안인리 200","강원특별자치도 강릉시 강동면 염전길 99","","한국남동발전(주) 영동본부","2015-12-28 17:43:23","I","2023-06-13 00:00:00","저장소","374465.213559881","472563.120995745","","기타",
"203","고압가스업","09_28_05_P","4201000","2009420020702100020","2009-01-08","","01","영업/정상","01","영업중","","","","","","","","강원특별자치도 강릉시 연곡면 258-21","강원특별자치도 강릉시 연곡면 동해대로 4080","","솔향가스","2017-01-20 14:10:29","I","2023-06-13 00:00:00","판매","362058.091506523","484231.937876289","","기타",
"204","고압가스업","09_28_05_P","4201000","2017420027002200002","2017-12-15","","01","영업/정상","01","영업중","","","","","","","","강원특별자치도 강릉시 홍제동 577 강릉소방서","강원특별자치도 강릉시 선수촌로 64-28, 강릉소방서 (홍제동)","25522","강릉소방서","2021-05-18 14:21:12","I","2023-06-13 00:00:00","제조","364965.84134201","474387.139364461","충전","",
"205","고압가스업","09_28_05_P","4201000","2018420030102200003","2018-07-01","","01","영업/정상","01","영업중","","","","","","","","강원특별자치도 강릉시 사천면 사천진리 86-150","강원특별자치도 강릉시 사천면 진리항구길 26-3","25435","보보스 해양수중","2019-06-11 15:34:51","I","2023-06-13 00:00:00","제조","365040.040983076","483038.969052401","일반","",
"206","고압가스업","09_28_05_P","4201000","2018420030102200004","2018-07-06","","01","영업/정상","01","영업중","","","","","","","","강원특별자치도 강릉시 사천면 사천진리 86-39","","","해원 다이브 리조트","2019-06-11 15:33:45","I","2023-06-13 00:00:00","제조","365018.565070046","483275.354143291","일반","",
"207","고압가스업","09_28_05_P","4201000","2018420030102200005","2018-07-06","","01","영업/정상","01","영업중","","","","","","","","강원특별자치도 강릉시 옥계면 금진리 124-2","","","고고고리조트","2019-12-20 10:10:25","I","2023-06-13 00:00:00","제조","380972.367673103","463165.896814427","일반","",
"208","고압가스업","09_28_05_P","4201000","2018420030102200006","2018-10-24","","01","영업/정상","01","영업중","","","","","","","","강원특별자치도 강릉시 연곡면 영진리 360-26 주문진소방파출소","강원특별자치도 강릉시 연곡면 연주로 226, 주문진소방파출소","25429","강릉소방서(연곡)","2019-06-10 16:20:33","I","2023-06-13 00:00:00","제조","361087.542233023","487288.587144906","일반","",
"209","고압가스업","09_28_05_P","4201000","2018420030102200007","2018-10-24","","01","영업/정상","01","영업중","","","","","","","","강원특별자치도 강릉시 옥계면 현내리 554-17 강릉소방서 옥계119안전센터","강원특별자치도 강릉시 옥계면 현내시장길 163, 강릉소방서 옥계119안전센터","25634","강릉소방서(옥계)","2024-07-21 19:46:39","U","2024-07-23 02:40:00","제조","379213.967962551","457494.745416264","일반","",
"210","고압가스업","09_28_05_P","4201000","2018420032602200001","2018-12-04","","01","영업/정상","01","영업중","","","","","","","","강원특별자치도 강릉시 옥천동 325 강릉소방서","강원특별자치도 강릉시 용지로 139, 강릉소방서 (옥천동)","25552","강릉소방서(옥천119안전센터)","2024-02-19 15:56:50","U","2024-02-21 02:40:00","제조","367554.129225508","474884.35980577","일반","",
"211","고압가스업","09_28_05_P","4201000","2019420032602100002","2019-02-14","","01","영업/정상","01","영업중","","","","","","","","강원특별자치도 강릉시 강동면 안인리 200","강원특별자치도 강릉시 강동면 염전길 99","25620","한국남동발전(주)영동에코발전본부1,2호기","2019-05-19 16:09:52","I","2023-06-13 00:00:00","저장소","374465.213559881","472563.120995745","","공업용",
"212","고압가스업","09_28_05_P","4201000","2019420032602100003","2019-10-10","","01","영업/정상","01","영업중","","","","","","","","강원특별자치도 강릉시 강동면 안인리 200","","","한국남동발전(주)영동에코발전본부 2호기","2020-07-16 10:21:49","I","2023-06-13 00:00:00","저장소","374465.213559881","472563.120995745","","",
"213","고압가스업","09_28_05_P","4201000","2019420032602200001","2019-05-11","","01","영업/정상","01","영업중","","","","","","","","강원특별자치도 강릉시 송정동 1008-7","강원특별자치도 강릉시 경강로 2398-10 (송정동)","25563","이마트 강릉점","2024-04-12 13:33:56","U","2024-04-14 02:40:00","제조","369334.629080122","475954.381315576","냉동","",
"214","고압가스업","09_28_05_P","4201000","2019420032602200002","2019-06-20","","01","영업/정상","01","영업중","","","","","","","","강원특별자치도 강릉시 주문진읍 주문리 265-25 주문진파출소","강원특별자치도 강릉시 주문진읍 해안로 1804, 주문진파출소","25411","강릉해양경찰서","2025-04-05 17:41:31","U","2025-04-07 02:40:00","제조","361065.612117498","489605.217760231","충전","",
"215","고압가스업","09_28_05_P","4201000","2021420032602100001","2021-01-26","","01","영업/정상","01","영업중","","","","","","17366","","강원특별자치도 강릉시 사천면 방동리 806-1","강원특별자치도 강릉시 사천면 과학단지로 136-10","25440","(주)미코세라믹스","2021-04-06 09:31:19","I","2023-06-13 00:00:00","저장소","363315.283363392","479831.045989609","","",
"216","고압가스업","09_28_05_P","4201000","1990420001902100003","1990-03-06","","01","영업/정상","01","영업중","","","","","","","","강원특별자치도 강릉시 주문진읍 주문리 1176","강원특별자치도 강릉시 주문진읍 원고개길 7","","오양수산(주)주문진공장","2004-03-25 00:00:00","I","2023-06-13 00:00:00","제조","359602.472876378","490732.413125561","일반","특수토지",
"217","고압가스업","09_28_05_P","4201000","1990420001902100007","1990-08-29","","01","영업/정상","01","영업중","","","","","","","","강원특별자치도 강릉시 주문진읍 교항리 577","강원특별자치도 강릉시 주문진읍 신리천로 256","","(주)용봉산소제조소","2000-07-25 00:00:00","I","2023-06-13 00:00:00","제조","358723.869026432","487487.78907608","일반","특수토지",
"218","고압가스업","09_28_05_P","4201000","1991420001902200001","1991-01-09","","01","영업/정상","01","영업중","","","","","","","","충청북도 충주시 주덕읍 신양리 869","","","(주)보승","2000-07-25 00:00:00","I","2023-06-13 00:00:00","제조","271920.717024322","385694.506889849","일반","특수토지",
"219","고압가스업","09_28_05_P","4201000","1991420001902200004","1991-03-30","","01","영업/정상","01","영업중","","","","","","","","강원특별자치도 강릉시 강동면 모전리 258-1","","","(주)대일가스","2000-07-25 00:00:00","I","2023-06-13 00:00:00","제조","","","일반","특수토지",
"220","고압가스업","09_28_05_P","4201000","1991420001902200005","1991-04-24","","01","영업/정상","01","영업중","","","","","","","","강원특별자치도 강릉시 강동면 산성우리 216","강원특별자치도 강릉시 강동면 오이동길 39","","(주)신성물산","2000-07-26 00:00:00","I","2023-06-13 00:00:00","제조","377421.853975531","466452.16186247","일반","특수토지",
"221","고압가스업","09_28_05_P","4201000","1991420001902200008","1991-09-18","","01","영업/정상","01","영업중","","","","","","","","강원특별자치도 강릉시 포남동 1255","강원특별자치도 강릉시 강릉대로 563  (포남동)","","한국전력공사강릉지사","2006-05-04 00:00:00","I","2023-06-13 00:00:00","제조","368971.140679008","477249.330912834","일반","특수토지",
"222","고압가스업","09_28_05_P","4201000","1992420001902100001","1992-03-08","","01","영업/정상","01","영업중","","","","","","","","강원특별자치도 강릉시 강동면 모전리 258-1 대일가스","강원특별자치도 강릉시 강동면 아래장작골길 68, 대일가스","25627","(주)대일가스","2022-12-08 11:35:01","I","2023-06-13 00:00:00","판매","373249.256569388","470085.563149649","일반","특수토지",
"223","고압가스업","09_28_05_P","4201000","1992420001902200004","1992-08-24","","01","영업/정상","01","영업중","","","","","","","","강원특별자치도 강릉시 임당동 129-2","","","동아호텔","2005-09-30 00:00:00","I","2023-06-13 00:00:00","제조","","","일반","특수토지",
"224","고압가스업","09_28_05_P","4201000","1992420001902200005","1992-11-02","","01","영업/정상","01","영업중","","","","","","","","강원특별자치도 강릉시 옥계면 조산리 1","강원특별자치도 강릉시 옥계면 동해대로 290-52","","한라시멘트주식회사","2016-05-29 13:03:33","I","2023-06-13 00:00:00","제조","381052.574194644","459910.740757427","일반","특수토지",
"225","고압가스업","09_28_05_P","4201000","1992420001902200006","1992-11-18","","01","영업/정상","01","영업중","","","","","","","","강원특별자치도 강릉시 난곡동 403","강원특별자치도 강릉시 동해대로3304번길 22-5  (난곡동)","","한국도로공사강릉지부","2006-06-07 00:00:00","I","2023-06-13 00:00:00","제조","365152.569852516","477678.77996779","일반","특수토지",
"226","고압가스업","09_28_05_P","4201000","1993420001902100001","1993-05-19","","01","영업/정상","01","영업중","","","","","","","","강원특별자치도 강릉시 강동면 안인진리 300-24","","","(주)미양냉동","2015-01-12 18:52:15","I","2023-06-13 00:00:00","제조","","","냉동","특수토지",
"227","고압가스업","09_28_05_P","4201000","2021420032602100005","2021-06-16","","01","영업/정상","01","영업중","","","","","","","","강원특별자치도 강릉시 강동면 안인리 134-10","강원특별자치도 강릉시 강동면 대동길 123","25620","강릉에코파워(주)","2023-02-02 12:38:05","I","2023-06-13 00:00:00","저장소","374165.518850006","472473.336250173","","",
"228","고압가스업","09_28_05_P","4201000","2021420032602100009","2021-12-23","","01","영업/정상","01","영업중","","","","","","","","강원특별자치도 강릉시 강동면 임곡리 15-3","","","강동바이오(주)","2023-01-20 11:06:13","I","2023-06-13 00:00:00","저장소","375451.507021696","467905.731455462","","",
"229","고압가스업","09_28_05_P","4201000","2021420032602200001","2021-04-02","","01","영업/정상","01","영업중","","","","","","","","강원특별자치도 강릉시 포남동 1294-2 강릉소방서포남119","강원특별자치도 강릉시 하평2길 23, 강릉소방서포남119 (포남동)","25566","강릉소방서(포남119안전센터)","2021-05-31 13:26:17","I","2023-06-13 00:00:00","제조","368476.827498612","476142.991162667","충전","",
"230","고압가스업","09_28_05_P","4201000","2021420032602200002","2021-04-02","","01","영업/정상","01","영업중","","","","","","","","강원특별자치도 강릉시 내곡동 428-3","강원특별자치도 강릉시 범일로 660 (내곡동)","25604","강릉소방서(내곡119안전센터)","2021-05-31 13:27:08","I","2023-06-13 00:00:00","제조","366046.412969906","473045.299721751","충전","",
"231","고압가스업","09_28_05_P","4201000","2021420032602200003","2021-05-11","","01","영업/정상","01","영업중","","","","","","","","강원특별자치도 강릉시 사천면 사천진리 27-5","","","마린플래닛","2021-06-28 17:36:41","I","2023-06-13 00:00:00","제조","364882.771337652","483378.476164363","충전","",
"232","고압가스업","09_28_05_P","4201000","2021420032602200004","2021-08-31","","01","영업/정상","01","영업중","","","","","","","","강원특별자치도 강릉시 노암동 779 한국폴리텍대학 강릉캠퍼스","강원특별자치도 강릉시 남산초교길 121, 한국폴리텍대학 강릉캠퍼스 (노암동)","25605","한국폴리텍대학 강릉캠퍼스","2021-12-31 10:17:05","I","2023-06-13 00:00:00","제조","366541.855123208","472210.503754541","충전","",
"233","고압가스업","09_28_05_P","4201000","2022420032602100001","2022-09-20","","01","영업/정상","01","영업중","","","","","","39692.34","","강원특별자치도 강릉시 홍제동 1001-1","강원특별자치도 강릉시 강릉대로 35 (홍제동)","25522","하이넷 강릉시청 수소충전소","2025-10-01 10:47:46","U","2025-10-03 02:40:00","제조","365365.29113658","473866.411802668","충전","",
"234","고압가스업","09_28_05_P","4201000","2022420032602200001","2022-09-21","","01","영업/정상","01","영업중","","","","2022-12-30","","","","강원특별자치도 강릉시 학동 15","","","공군제18전투비행단(소방구조중대)","2022-12-30 10:20:09","I","2023-06-13 00:00:00","제조","370190.002462792","473960.255921228","충전","",
"235","고압가스업","09_28_05_P","4201000","2023420032602100001","2023-01-27","","01","영업/정상","01","영업중","","","","","","","","강원특별자치도 강릉시 홍제동 1001 강릉시청","강원특별자치도 강릉시 강릉대로 33, 강릉시청 (홍제동)","25522","하이넷강릉홍제수소자동차충전소","2023-01-27 15:18:08","I","2023-06-13 00:00:00","제조","365285.615843898","473821.098924361","충전","",
"236","고압가스업","09_28_05_P","4201000","2012420011502200001","2012-03-06","","01","영업/정상","01","영업중","","","","","","","","강원특별자치도 강릉시 안현동 89-87","강원특별자치도 강릉시 해안로 536 (안현동)","","(주)승산-락카이샌드파인리조트","2014-02-26 17:56:19","I","2023-06-13 00:00:00","제조","367621.813148505","479943.433565044","냉동","",
"237","고압가스업","09_28_05_P","4201000","2012420011502200004","2012-03-06","","01","영업/정상","01","영업중","","","","","","","","강원특별자치도 강릉시 안현동 89-87","강원특별자치도 강릉시 해안로 536  (안현동)","","(주)승산-락카이샌드파인리조트","2012-05-11 14:47:06","I","2023-06-13 00:00:00","제조","367621.813148505","479943.433565044","냉동","",
"238","고압가스업","09_28_05_P","4201000","2013420011502100001","2014-05-12","","01","영업/정상","01","영업중","","","","","","","","강원특별자치도 강릉시 청량동 574-8","강원특별자치도 강릉시 율곡로2615번길 2642 (청량동)","","오투우주가스","2020-03-06 14:01:16","I","2023-06-13 00:00:00","판매","368592.575652164","473162.340933108","","기타",
"239","고압가스업","09_28_05_P","4201000","1994420001902200002","1994-08-20","","01","영업/정상","01","영업중","","","","","","","","강원특별자치도 강릉시 주문진읍 주문리 산 84-2","","","임페리얼관광호텔","2006-06-22 00:00:00","I","2023-06-13 00:00:00","제조","","","일반","특수토지",
"240","고압가스업","09_28_05_P","4201000","1995420001902100001","1995-09-22","","01","영업/정상","01","영업중","","","","","","","","강원특별자치도 강릉시 강동면 산성우리 148","강원특별자치도 강릉시 강동면 오이동길 58","","만진냉장","2011-07-15 16:10:30","I","2023-06-13 00:00:00","제조","377637.075773593","466339.297386748","일반","특수토지",
"241","고압가스업","09_28_05_P","4201000","1995420001902200002","1995-11-18","","01","영업/정상","01","영업중","","","","","","","","강원특별자치도 강릉시 회산동 81","","","(주)롯데주류비지 강릉공장","2019-01-22 19:42:35","I","2023-06-13 00:00:00","제조","364841.300220277","472602.96811287","일반","특수토지",
"242","고압가스업","09_28_05_P","4201000","2014420020702100004","2014-12-22","","01","영업/정상","01","영업중","","","","","","181336","","","강원특별자치도 강릉시 강동면 염전길 99","","한국남동발전(주)영동본부","2015-12-28 17:04:41","I","2023-06-13 00:00:00","저장소","374465.213559881","472563.120995745","","기타",
"243","고압가스업","09_28_05_P","4201000","2014420020702200001","2014-06-12","","01","영업/정상","01","영업중","","","","","","","","","강원특별자치도 강릉시 강릉대로419번길 42 (포남동)","","(의)강릉동인병원","2019-01-26 10:30:47","I","2023-06-13 00:00:00","제조","","","냉동","",
"244","고압가스업","09_28_05_P","4201000","2015420027002100002","2015-08-13","","01","영업/정상","01","영업중","","","","","","25.2","","강원특별자치도 강릉시 사천면 방동리 415","강원특별자치도 강릉시 사천면 방동길 38","","강릉아산병원","2022-01-07 16:59:09","I","2023-06-13 00:00:00","저장소","363580.205089049","481138.750877628","","기타",
"245","고압가스업","09_28_05_P","4201000","2016420027002100002","2018-04-17","","01","영업/정상","01","영업중","","","","","","","","강원특별자치도 강릉시 포남동 산 105 강릉하키센터","강원특별자치도 강릉시 수리골길 98, 강릉하키센터 (포남동)","25472","강릉 아이스하키Ⅱ주경기장","2019-09-11 15:03:18","I","2023-06-13 00:00:00","제조","","","","기타",
"246","고압가스업","09_28_05_P","4201000","2016420027002100004","2016-10-10","","01","영업/정상","01","영업중","","","","","","","","강원특별자치도 강릉시 교동 468-9","","","강원도청(아이스하키Ⅰ보조경기장)","2022-11-03 11:09:12","I","2023-06-13 00:00:00","제조","","","","",
"247","고압가스업","09_28_05_P","4201000","2016420027002100005","2016-10-10","","01","영업/정상","01","영업중","","2018-07-30","2019-07-30","","","","","강원특별자치도 강릉시 포남동 산 105 강릉하키센터","강원특별자치도 강릉시 수리골길 98, 강릉하키센터 (포남동)","25472","강원도청(아이스하키Ⅰ주경기장)","2025-09-26 15:58:30","U","2025-09-28 02:40:00","제조","","","","",
"248","고압가스업","09_28_05_P","4201000","2016420027002100006","2016-10-10","","01","영업/정상","01","영업중","","","","2023-02-10","","","","강원특별자치도 강릉시 교동 468-9","","","강원도청(스피드스케이팅경기장)","2023-02-10 11:29:52","I","2023-06-13 00:00:00","제조","","","","",
"249","고압가스업","09_28_05_P","4201000","2016420027002200001","2016-02-16","","01","영업/정상","01","영업중","","","","","","","","강원특별자치도 강릉시 사천면 방동리 808-12","강원특별자치도 강릉시 사천면 과학단지로 137-57","25440","(주)동원산업 강릉물류센터","2025-04-25 18:07:36","U","2025-04-27 02:40:00","제조","362946.462343472","480132.064466195","냉동","",
"250","고압가스업","09_28_05_P","4201000","1980420001902100001","1980-06-30","","01","영업/정상","01","영업중","","","","","","","","강원특별자치도 강릉시 옥천동 323-1","","","강릉제빙","2005-01-25 00:00:00","I","2023-06-13 00:00:00","제조","","","일반","특수토지",
"251","고압가스업","09_28_05_P","4201000","1987420001902100001","1987-09-11","","01","영업/정상","01","영업중","","","","","","","","강원특별자치도 강릉시 강동면 모전리 258-3","","","(주)대일가스","2013-04-23 17:40:01","I","2023-06-13 00:00:00","제조","","","충전","특수토지",
"252","고압가스업","09_28_05_P","4201000","1989420001902100001","2010-06-14","","01","영업/정상","01","영업중","","","","","","","","강원특별자치도 강릉시 포남동 산 161","","","의료법인 강릉동인병원","2019-01-28 16:00:07","I","2023-06-13 00:00:00","제조","","","일반","특수토지",
"253","고압가스업","09_28_05_P","4201000","1996420001902100001","1996-02-17","","01","영업/정상","01","영업중","","","","","","","","강원특별자치도 강릉시 강동면 모전리 576-3","","","동그린(주)-37호","2021-02-25 16:34:54","I","2023-06-13 00:00:00","제조","","","냉동","특수토지",
"254","고압가스업","09_28_05_P","4201000","1996420001902100004","1996-05-13","","01","영업/정상","01","영업중","","","","","","","","강원특별자치도 강릉시 사천면 방동리 415 강릉아산병원","강원특별자치도 강릉시 사천면 방동길 38, 강릉아산병원","25440","강릉아산병원","2022-01-07 16:59:23","I","2023-06-13 00:00:00","저장소","363580.205089049","481138.750877628","일반","특수토지",
"255","고압가스업","09_28_05_P","4201000","1996420001902100005","2009-03-19","","01","영업/정상","01","영업중","","","","","","","","강원특별자치도 강릉시 사천면 노동리 218","강원특별자치도 강릉시 사천면 한과마을길 58","","동림FOOD(동림식품)","2025-10-23 11:01:41","U","2025-10-25 02:40:00","제조","360942.927517","480334.500516586","냉동","특수토지",
"256","고압가스업","09_28_05_P","4201000","1996420001902200003","1996-03-12","","01","영업/정상","01","영업중","","","","","","","","강원특별자치도 강릉시 옥계면 산계리 280-1","","","한라시멘트주식회사","2016-05-29 13:04:32","I","2023-06-13 00:00:00","제조","","","일반","특수토지",
"257","고압가스업","09_28_05_P","4201000","1997420001902100001","1997-01-16","","01","영업/정상","01","영업중","","","","","","","","강원특별자치도 강릉시 포남동 1005-222","","","강릉산소판매상사","2005-02-22 00:00:00","I","2023-06-13 00:00:00","저장소","368371.081718599","475486.331743982","일반","특수토지",
"258","고압가스업","09_28_05_P","4201000","1997420001902100002","2009-09-08","","01","영업/정상","01","영업중","","","","2007-12-03","","1223","","강원특별자치도 강릉시 사천면 산대월리 540-5","강원특별자치도 강릉시 사천면 지재길 14","","(주)시민가스","2022-12-15 13:05:26","I","2023-06-13 00:00:00","판매","363942.600321426","479707.524858609","일반","특수토지",
"259","고압가스업","09_28_05_P","4201000","1997420001902100004","1997-03-20","","01","영업/정상","01","영업중","","","","","","","","강원특별자치도 강릉시 주문진읍 교항리 산 209","강원특별자치도 강릉시 주문진읍 금용길 71-3","","일등가스","2008-10-24 17:29:33","I","2023-06-13 00:00:00","판매","","","일반","특수토지",
"260","고압가스업","09_28_05_P","4201000","1998420001902100003","2008-02-13","","01","영업/정상","01","영업중","","","","","","","","강원특별자치도 강릉시 포남동 1065-2","","","의료법인 강릉동인병원","2019-01-28 16:00:35","I","2023-06-13 00:00:00","저장소","368128.297053246","476453.460359326","일반","특수토지",
"261","고압가스업","09_28_05_P","4201000","1998420001902200002","1998-06-30","","01","영업/정상","01","영업중","","","","","","","","강원특별자치도 강릉시 용강동 62-5","","","한국방송공사강릉방송국","2000-07-26 00:00:00","I","2023-06-13 00:00:00","제조","","","일반","특수토지",
"262","고압가스업","09_28_05_P","4201000","1999420001902100003","2010-03-15","","01","영업/정상","01","영업중","","","","2019-03-20","","","","강원특별자치도 강릉시 교동 630-4","","","강릉아이스링크","2023-02-15 10:17:22","I","2023-06-13 00:00:00","제조","","","냉동","특수토지",
"263","고압가스업","09_28_05_P","4201000","1999420001902100006","1999-10-08","","01","영업/정상","01","영업중","","","","","","","","강원특별자치도 강릉시 남문동 164-1","","","강원도강릉의료원","2011-09-15 20:54:38","I","2023-06-13 00:00:00","저장소","","","일반","특수토지",
"264","고압가스업","09_28_05_P","4201000","2001420001902100001","2001-02-05","","01","영업/정상","01","영업중","","","","","","","","강원특별자치도 강릉시 홍제동 278","","","신축시청사","2001-02-05 00:00:00","I","2023-06-13 00:00:00","제조","","","냉동","특수토지",
"265","고압가스업","09_28_05_P","4201000","2024420101602200002","2024-10-21","","01","영업/정상","01","영업중","","","","","","","","강원특별자치도 강릉시 연곡면 영진리 217","강원특별자치도 강릉시 연곡면 해안로 1375-3","25430","인투더씨","2025-07-07 17:29:39","U","2025-07-09 02:40:00","제조","362376.530910396","486189.161500112","충전","",
"266","고압가스업","09_28_05_P","4201000","2024420101602100005","2024-09-23","","01","영업/정상","01","영업중","","","","","","","","강원특별자치도 강릉시 송정동 259","","","디오션259피에프브이(주)","2024-09-23 09:22:53","I","2024-09-25 00:13:02","제조","369790.634001432","477652.308865978","냉동","",
"267","고압가스업","09_28_05_P","4201000","2024420101602100003","2024-09-03","","01","영업/정상","01","영업중","","","","2024-11-11","","","","강원특별자치도 강릉시 대전동 897-3","","","(재)강원테크노파크","2024-11-10 15:04:51","U","2024-11-12 02:40:00","제조","363454.615939535","479614.738631364","","",
"268","고압가스업","09_28_05_P","4201000","2024420101602100002","2024-08-13","","01","영업/정상","01","영업중","","","","","","","","강원특별자치도 강릉시 사천면 방동리 806-1","","","(주)미코세라믹스","2025-03-27 17:17:53","U","2025-03-29 02:40:00","저장소","363315.283363392","479831.045989609","","기타",
"269","고압가스업","09_28_05_P","4201000","2024420101602200001","2024-03-29","","01","영업/정상","01","영업중","","","","","","","","강원특별자치도 강릉시 연곡면 영진리 1","강원특별자치도 강릉시 연곡면 해안로 1421","25430","샤라웃리조트 앤 스쿠버","2024-03-29 09:25:07","I","2024-03-31 00:15:17","제조","362503.392090901","486600.672585481","충전","",
"270","고압가스업","09_28_05_P","4201000","2024420101602100004","2024-09-23","","01","영업/정상","01","영업중","","","","","","","","강원특별자치도 강릉시 송정동 259","","","디오션259피에프브이(주)","2025-08-25 15:34:31","I","2025-08-27 00:20:02","제조","369790.634001432","477652.308865978","냉동","",
"271","고압가스업","09_28_05_P","4201000","2024420101602100001","2024-01-09","","01","영업/정상","01","영업중","","","","","","","","강원특별자치도 강릉시 포남동 200","","","(주)아이스앤스포츠","2024-02-19 13:35:31","U","2024-02-21 02:40:00","제조","367158.062517168","476822.499426324","냉동","",
"272","고압가스업","09_28_05_P","4201000","2025420101602100003","2025-05-30","","01","영업/정상","01","영업중","","","","","","","","강원특별자치도 강릉시 강동면 임곡리 15-3","강원특별자치도 강릉시 강동면 임곡로 511","25629","강동바이오(주)","2025-05-30 10:46:51","I","2025-06-01 00:20:38","저장소","375451.507021696","467905.731455462","","",
"273","고압가스업","09_28_05_P","4201000","2025420101602200001","2025-04-14","","01","영업/정상","01","영업중","","","","","","","","강원특별자치도 강릉시 사천면 사천진리 86-148 동해해양경찰서 사천출장소","","","강릉해양경찰서(강릉구조대)","2025-05-28 16:36:22","U","2025-05-30 02:40:00","제조","365011.874779315","483061.898053569","충전","상업.업무용",
"274","고압가스업","09_28_05_P","4201000","2025420101602100002","2025-05-02","","01","영업/정상","01","영업중","","","","","","","","강원특별자치도 강릉시 주문진읍 교항리 184-126 강릉시수협","","","강릉시 수산업협동조합","2025-05-19 17:19:19","U","2025-05-21 02:40:00","제조","360807.319540485","489004.971225289","냉동","기타",
"275","고압가스업","09_28_05_P","4201000","2025420101602100001","2025-03-31","","01","영업/정상","01","영업중","","","","","","","","강원특별자치도 강릉시 사천면 방동리 804-4","강원특별자치도 강릉시 사천면 과학단지로 158-13","25440","(주)솔리드아이오닉스","2025-07-01 17:17:58","U","2025-07-03 02:40:00","저장소","363278.048316231","479969.394751477","","기타",
"276","고압가스업","09_28_05_P","4211000","2023421101702200002","2023-08-03","","01","영업/정상","01","영업중","","","","","","","","강원특별자치도 동해시 구미동 14-1 전천해양레포츠센터","강원특별자치도 동해시 갯목길 144, 전천해양레포츠센터 (구미동)","25790","행복한 해적","2023-09-06 10:55:16","U","2023-09-08 02:40:00","제조","389200.857833817","445208.199458565","충전","",
"277","고압가스업","09_28_05_P","4211000","2023421101702200003","2023-08-09","","01","영업/정상","01","영업중","","","","","","","","강원특별자치도 동해시 천곡동 970-41 동해산업개발","강원특별자치도 동해시 감추2길 33, 동해산업개발 (천곡동)","25778","씨베드","2023-10-21 12:03:41","U","2023-10-23 02:40:00","제조","387479.817509044","448260.827975","충전","",
"278","고압가스업","09_28_05_P","4211000","2023421101702200001","2023-07-28","","01","영업/정상","01","영업중","","","","","","","","강원특별자치도 동해시 추암동 1-5","강원특별자치도 동해시 촛대바위길 10, 추암다이브랜드 (추암동)","25790","추암다이브랜드","2023-09-04 12:59:15","U","2023-09-06 02:40:00","제조","390870.114989243","443964.998925818","충전","",
"279","고압가스업","09_28_05_P","4211000","2014421016702100001","2014-12-29","","01","영업/정상","01","영업중","","","","","","4369","","강원특별자치도 동해시 대구동 1-2 대일가스","강원특별자치도 동해시 동해대로 4491, 대일가스 (대구동)","25822","대일가스","2023-08-09 11:37:47","U","2023-08-11 02:40:00","제조","389986.57890539","442639.400696722","충전","위험시설",
"280","고압가스업","09_28_05_P","4211000","1995421000002100020","2008-12-17","","01","영업/정상","01","영업중","","","","","","","","강원특별자치도 동해시 동회동 442","강원특별자치도 동해시 청운1길 29 (동회동)","","동해남부재래시장 상인회","2020-09-08 13:45:23","I","2023-06-13 00:00:00","제조","386177.814049483","444870.370953969","냉동","아파트",
"281","고압가스업","09_28_05_P","4211000","2015421016702100002","2015-03-26","","01","영업/정상","01","영업중","","","","","","","","강원특별자치도 동해시 구호동 246 GS동해전력","강원특별자치도 동해시 공단4로 36, GS동해전력 (구호동)","25799","(주)지에스동해전력","2025-01-24 14:19:40","U","2025-01-26 02:40:00","저장소","389879.389447498","443866.815521936","","지정되지않음",
"282","고압가스업","09_28_05_P","4211000","2017421018102100001","2017-05-29","","01","영업/정상","01","영업중","","","","","","3299.7","","강원특별자치도 동해시 구호동 236-14","강원특별자치도 동해시 공단8로 42 (구호동)","25799","(주)진아스틸","2021-10-15 15:52:37","I","2023-06-13 00:00:00","저장소","388957.769948521","443844.330642788","","공업용",
"283","고압가스업","09_28_05_P","4211000","2017421018102200001","2017-12-19","","01","영업/정상","01","영업중","","","","2020-11-27","","6739","","강원특별자치도 동해시 천곡동 819 동해소방서","강원특별자치도 동해시 천곡로 120, 동해소방서 (천곡동)","25769","동해소방서(천곡119안전센터)","2023-07-04 15:25:47","U","2023-07-06 02:40:00","제조","387219.026739149","449030.139401399","충전","업무용",
"284","고압가스업","09_28_05_P","4211000","1980421000002100001","1980-04-01","","01","영업/정상","01","영업중","","","","","","","","강원특별자치도 동해시 망상동 9-1","강원특별자치도 동해시 일출로 521 (망상동)","","동진가스상사","2025-05-19 11:02:46","U","2025-05-21 02:40:00","판매","385943.741823726","455493.552468443","일반","기타",
"285","고압가스업","09_28_05_P","4211000","1980421000002100002","2009-06-24","","01","영업/정상","01","영업중","","","","","","4369","","강원특별자치도 동해시 대구동 1-2","강원특별자치도 동해시 동해대로 4491 (대구동)","","대일가스","2021-09-14 18:45:50","I","2023-06-13 00:00:00","판매","389986.57890539","442639.400696722","일반","위험시설",
"286","고압가스업","09_28_05_P","4211000","1982421000002100010","1982-06-30","","01","영업/정상","01","영업중","","","","2014-03-17","","","","강원특별자치도 동해시 묵호진동 15-85","강원특별자치도 동해시 일출로 88 (묵호진동)","","동해시수산업협동조합","2014-04-09 14:22:31","I","2023-06-13 00:00:00","제조","387014.763064087","451977.742952687","냉동","공업용",
"287","고압가스업","09_28_05_P","4211000","1993421000002100014","2010-12-23","","01","영업/정상","01","영업중","","","","","","","","","강원특별자치도 동해시 숫골길 17 (용정동)","","디비메탈 동해공장","2025-07-21 15:06:34","U","2025-07-23 02:40:00","저장소","387479.826237115","446593.159596979","일반","공업용",
"288","고압가스업","09_28_05_P","4211000","1994421000002100018","1994-09-09","","01","영업/정상","01","영업중","","","","","","","","강원특별자치도 동해시 묵호진동 15-104","강원특별자치도 동해시 일출로 92-26 (묵호진동)","","(주)이에프디","2025-05-21 08:58:30","U","2025-05-23 02:40:00","제조","386998.797664629","451848.657151322","냉동","공업용",
"289","고압가스업","09_28_05_P","4211000","1994421000002200000","1994-07-27","","01","영업/정상","01","영업중","","","","","","","","강원특별자치도 동해시 천곡동 809-1","강원특별자치도 동해시 평원로 15 (천곡동)","","동해시종합문화예술회관","2013-12-23 11:22:01","I","2023-06-13 00:00:00","제조","386908.029151144","449219.566540413","냉동","기타",
"290","고압가스업","09_28_05_P","4211000","1995421000002100019","1995-06-19","","01","영업/정상","01","영업중","","","","","","","","강원특별자치도 동해시 구호동 238-3","강원특별자치도 동해시 공단2로 37 (구호동)","","정우물산(주)","2022-06-09 17:35:59","I","2023-06-13 00:00:00","제조","389260.875970597","443444.039264456","냉동","공업용",
"291","고압가스업","09_28_05_P","4211000","1998421000002100002","2008-02-28","","01","영업/정상","01","영업중","","","","","","","","강원특별자치도 동해시 단봉동 278-2 외 5필지","강원특별자치도 동해시 동해대로 4755  (단봉동,외 5필지)","","대덕냉동","2012-01-17 14:25:43","I","2023-06-13 00:00:00","제조","387581.566519571","443522.440866738","냉동","공업용",
"292","고압가스업","09_28_05_P","4211000","2001421000002100001","2001-11-16","","01","영업/정상","01","영업중","","","","","","","","강원특별자치도 동해시 평릉동 134 동인병원","강원특별자치도 동해시 하평로 26 (평릉동,동인병원)","","의료법인 동해동인의료재단","2021-02-09 09:33:45","I","2023-06-13 00:00:00","저장소","386215.362120528","449619.01724887","일반","기타",
"293","고압가스업","09_28_05_P","4211000","2003421000002100003","2003-11-27","","01","영업/정상","01","영업중","","","","","","","","강원특별자치도 동해시 구호동 243","강원특별자치도 동해시 공단7로 72 (구호동)","","하모니수산(주)","2020-02-28 08:50:40","I","2023-06-13 00:00:00","제조","389433.315285525","443803.91333783","냉동","공업용",
"294","고압가스업","09_28_05_P","4211000","2004421009302200002","2004-08-24","","01","영업/정상","01","영업중","","","","","","","","강원특별자치도 동해시 천곡동 792","강원특별자치도 동해시 천곡로 23 (천곡동)","","한국전력공사 동해지점","2018-02-22 14:01:11","I","2023-06-13 00:00:00","제조","386274.663041514","449136.914984537","냉동","상업.업무용",
"295","고압가스업","09_28_05_P","4211000","2009421010602100002","2009-07-22","","01","영업/정상","01","영업중","","","","","","","","강원특별자치도 동해시 송정동 1377","강원특별자치도 동해시 대동로 215 (송정동)","","엘에스전선(주)동해공장","2022-10-26 17:26:34","I","2023-06-13 00:00:00","저장소","387338.478607348","445156.362756887","","",
"296","고압가스업","09_28_05_P","4211000","2011421013302100001","2011-08-29","","01","영업/정상","01","영업중","","","","2012-03-29","","1733.9","","강원특별자치도 동해시 구호동 242","강원특별자치도 동해시 공단2로 5 (구호동)","","주식회사 동화산업가스","2024-04-04 10:22:33","U","2024-04-06 02:40:00","제조","389493.623264872","443220.866156156","충전","공업용",
"297","고압가스업","09_28_05_P","4211000","2013421013902100001","2013-07-02","","01","영업/정상","01","영업중","","","","","","","","강원특별자치도 동해시 송정동 1686","강원특별자치도 동해시 대동로 215 (송정동)","","엘에스전선(주) 동해공장","2022-10-26 17:14:58","I","2023-06-13 00:00:00","제조","387338.478607348","445156.362756887","냉동","공업용",
"298","고압가스업","09_28_05_P","4211000","2018421019802200001","2018-11-09","","01","영업/정상","01","영업중","","","","2019-11-12","","","","강원특별자치도 동해시 송정동 1680-6 사서함 604-21(생존훈련장1)","강원특별자치도 동해시 대동로 430, 사서함 604-21(생존훈련장1) (송정동)","25779","해군제1함대사령부(생존훈련장1)","2019-11-12 10:50:15","I","2023-06-13 00:00:00","제조","388324.63524811","446704.772107645","충전","기타",
"299","고압가스업","09_28_05_P","4211000","2018421019802200002","2018-11-09","","01","영업/정상","01","영업중","","","","2019-11-12","","","","강원특별자치도 동해시 송정동 1680-6 사서함 604-21(생존훈련장2)","강원특별자치도 동해시 대동로 430, 사서함 604-21(생존훈련장2) (송정동)","25779","해군제1함대사령부(생존훈련장2)","2019-11-12 10:14:20","I","2023-06-13 00:00:00","제조","388324.63524811","446704.772107645","충전","기타",
"300","고압가스업","09_28_05_P","4211000","2018421019802200003","2018-12-04","","01","영업/정상","01","영업중","","","","","","","","강원특별자치도 동해시 발한동 1-5 묵호119소방안전센터","강원특별자치도 동해시 일출로 29, 묵호119소방안전센터 (발한동)","25715","동해소방서(묵호119안전센터)","2019-01-04 13:44:30","I","2023-06-13 00:00:00","제조","386438.24944731","452017.430686829","충전","기타",
"301","고압가스업","09_28_05_P","4211000","2019421021502200001","2019-08-28","","01","영업/정상","01","영업중","","","","2019-10-24","","","","강원특별자치도 동해시 동회동 101-1 북삼119안전센터","강원특별자치도 동해시 효자남길 33-10, 북삼119안전센터 (동회동)","25806","동해소방서(북삼119안전센터)","2025-05-20 10:13:01","U","2025-05-22 02:40:00","제조","386278.869642362","445094.27089974","충전","",
"302","고압가스업","09_28_05_P","4211000","2020421021502100001","2020-01-14","","01","영업/정상","01","영업중","","","","","","","","강원특별자치도 동해시 구호동 247-15","강원특별자치도 동해시 공단1로 177-15 (구호동)","25798","이도밸류동해 주식회사","2023-02-15 13:40:53","I","2023-06-13 00:00:00","제조","390276.989956469","444140.207600829","냉동","",
"303","고압가스업","09_28_05_P","4211000","2021421021502100001","2021-09-17","","01","영업/정상","01","영업중","","","","","","8406","","강원특별자치도 동해시 망상동 산3-1도, 산2-10도","","","(주)대청산업개발 동해(삼척)수소충전소","2023-12-26 16:06:33","U","2023-12-28 02:40:00","제조","","","충전","",
"304","고압가스업","09_28_05_P","4211000","2021421021502200002","2021-05-11","","01","영업/정상","01","영업중","","","","","","","","강원특별자치도 동해시 송정동 1680-6","강원특별자치도 동해시 대동로 430, 사서함 604-24 (송정동)","25779","해군제1함대사령부(3특전대대)","2025-07-14 10:37:50","U","2025-07-16 02:40:00","제조","388324.63524811","446704.772107645","충전","",
"305","고압가스업","09_28_05_P","4211000","2021421021502200003","2021-05-11","","01","영업/정상","01","영업중","","","","","","","","강원특별자치도 동해시 송정동 606-40","","","해군제1함대사령부(구조작전중대)","2021-09-15 12:13:40","I","2023-06-13 00:00:00","제조","388515.643275034","446313.477846598","충전","",
"306","고압가스업","09_28_05_P","4211000","2021421021502200004","2021-09-07","","01","영업/정상","01","영업중","","","","","","","","강원특별자치도 동해시 송정동 430","","","해군제1함대사령부(화생방지원대)","2024-02-08 10:58:03","U","2024-02-11 02:40:00","제조","385828.092844372","449749.733456491","충전","기타",
"307","고압가스업","09_28_05_P","4211000","2022421021502100001","2022-10-24","","01","영업/정상","01","영업중","","","","","","","","강원특별자치도 동해시 송정동 1686","강원특별자치도 동해시 대동로 215 (송정동)","25812","엘에스전선(주)","2023-05-08 17:48:24","I","2023-06-13 00:00:00","제조","387338.478607348","445156.362756887","냉동","",
"308","고압가스업","09_28_05_P","4211000","2022421021502100002","2022-10-26","","01","영업/정상","01","영업중","","","","","","","","강원특별자치도 동해시 송정동 1686","강원특별자치도 동해시 대동로 215 (송정동)","25812","엘에스전선(주)동해2공장","2023-05-08 17:48:40","I","2023-06-13 00:00:00","저장소","387338.478607348","445156.362756887","","",
"309","고압가스업","09_28_05_P","4211000","2022421021502200001","2022-05-13","","01","영업/정상","01","영업중","","","","","","","","강원특별자치도 동해시 발한동 80-310","강원특별자치도 동해시 임항로 130 (발한동)","25729","중앙해양특수구조단","2023-10-21 09:21:22","U","2023-10-23 02:40:00","제조","386702.497330492","450902.813416706","충전","",
"310","고압가스업","09_28_05_P","4211000","2024421101702100001","2024-11-11","","01","영업/정상","01","영업중","","","","","","","","강원특별자치도 동해시 천곡동 831 동해이마트","강원특별자치도 동해시 천곡로 100, 동해이마트 (천곡동)","25769","(주) 이마트 동해점","2025-06-02 16:34:43","U","2025-06-04 02:40:00","제조","387085.790410418","448958.829445114","냉동","",
"311","고압가스업","09_28_05_P","4211000","2011421013302100002","2011-08-29","","01","영업/정상","01","영업중","","","","","","","","강원특별자치도 동해시 구호동 242","강원특별자치도 동해시 공단2로 5 (구호동)","","주식회사 동화산업가스","2025-05-27 09:31:33","I","2025-05-29 00:20:10","판매","389493.623264872","443220.866156156","","",
"312","고압가스업","09_28_05_P","4211000","2025421106402200001","2025-07-17","","01","영업/정상","01","영업중","","","","","","","","강원특별자치도 동해시 송정동 1680-6","강원특별자치도 동해시 대동로 430, 사서함 604-24(6구조작전중대) (송정동)","25779","해군제1함대사령부(1기지방호전대)","2025-07-18 09:18:00","I","2025-07-20 00:20:22","제조","388324.63524811","446704.772107645","충전","",
"313","고압가스업","09_28_05_P","4211000","2025421106402100001","2025-03-31","","01","영업/정상","01","영업중","","","","","","","","강원특별자치도 동해시 구호동 223-20","","","(주)라이트브릿지 동해 수소 제조시설","2025-03-31 14:23:46","I","2025-04-02 00:10:23","제조","389200.88473743","444170.212123213","일반","",
"314","고압가스업","09_28_05_P","4221000","1988422001002100001","2010-05-13","","01","영업/정상","01","영업중","","","","","","","","강원특별자치도 태백시 장성동 195","강원특별자치도 태백시 보드미길 8 (장성동)","","근로복지공단 태백병원","2025-05-13 10:49:30","U","2025-05-15 02:40:00","저장소","378094.499102264","402124.576851536","일반","공업기타",
"315","고압가스업","09_28_05_P","4221000","1990422001002200001","1990-10-23","","01","영업/정상","01","영업중","","2007-08-10","2008-06-05","","","","","강원특별자치도 태백시 황지동 59-37","강원특별자치도 태백시 황지로 89 (황지동)","","태백빌딩","2016-10-27 09:31:50","I","2023-06-13 00:00:00","제조","376835.061424067","409087.466558112","냉동","상업.업무용",
"316","고압가스업","09_28_05_P","4221000","2004422001002200001","2004-04-19","","01","영업/정상","01","영업중","","","","","","","","강원특별자치도 태백시 통동 336-3","강원특별자치도 태백시 용정길 304 (통동)","","(주)고려노벨화약","2025-02-20 17:20:30","U","2025-02-22 02:40:00","제조","378057.394813556","412484.867603924","냉동","임야",
"317","고압가스업","09_28_05_P","4221000","2005422001002100001","2005-03-19","","01","영업/정상","01","영업중","","","","","","3539","","강원특별자치도 태백시 철암동 285-11","강원특별자치도 태백시 동태백로 607 (철암동)","","고려산소","2016-10-27 09:35:04","I","2023-06-13 00:00:00","판매","381398.260718393","404572.19575968","일반","공업기타",
"318","고압가스업","09_28_05_P","4221000","2009422001002100001","2009-01-28","","01","영업/정상","01","영업중","","","","","","","","강원특별자치도 태백시 황지동 산 174-2","강원특별자치도 태백시 구와우길 66 (황지동)","","한국수자원공사","2013-12-17 11:38:33","I","2023-06-13 00:00:00","저장소","376369.397848392","413954.957357845","","",
"319","고압가스업","09_28_05_P","4221000","2009422001002200001","2009-12-28","","01","영업/정상","01","영업중","","","","","","","","강원특별자치도 태백시 장성동 31","강원특별자치도 태백시 평화길 15 (장성동)","","한국안전체험관","2021-05-14 09:14:40","I","2023-06-13 00:00:00","제조","379917.555067592","401479.327499537","냉동","",
"320","고압가스업","09_28_05_P","4221000","2016422007202100001","2016-08-16","","01","영업/정상","01","영업중","","","","","","257","","강원특별자치도 태백시 통동 346-113","강원특별자치도 태백시 동태백로 1145 (통동)","","OK가스","2016-08-16 10:53:48","I","2023-06-13 00:00:00","판매","380373.384308944","408970.774337115","","기타",
"321","고압가스업","09_28_05_P","4221000","2017422007202200001","2017-12-15","","01","영업/정상","01","영업중","","","","","","","","강원특별자치도 태백시 소도동 1-2","강원특별자치도 태백시 버들치길 6 (소도동)","26043","태백소방서","2025-07-02 09:57:52","U","2025-07-04 02:40:00","제조","375703.327477416","406106.332338854","충전","",
"322","고압가스업","09_28_05_P","4221000","2017422007202200002","2017-12-18","","01","영업/정상","01","영업중","","","","","","","","강원특별자치도 태백시 동점동 산 2 강원도 소방학교","강원특별자치도 태백시 동태백로 289-48, 강원도 소방학교 (동점동)","26048","강원소방학교","2025-01-15 14:49:59","U","2025-01-17 02:40:00","제조","","","충전","",
"323","고압가스업","09_28_05_P","4221000","2018422009802200001","2018-10-30","","01","영업/정상","01","영업중","","","","","","","","강원특별자치도 태백시 철암동 335-8 철암119안전센타","강원특별자치도 태백시 동태백로 552, 철암119안전센타 (철암동)","26046","태백소방서(철암119안전센터)","2025-10-20 15:49:24","U","2025-10-23 02:40:00","제조","381610.265077403","404097.861745189","충전","",
"324","고압가스업","09_28_05_P","4221000","2019422009802200001","2019-08-27","","01","영업/정상","01","영업중","","","","","","","","강원특별자치도 태백시 장성동 147-24 장성119안전센터","강원특별자치도 태백시 석공길 16-9, 장성119안전센터 (장성동)","26052","태백소방서(장성119안전센터)","2025-10-20 15:44:19","U","2025-10-23 02:40:00","제조","378437.30877778","402067.93373187","충전","",
"325","고압가스업","09_28_05_P","4221000","2021422012202200001","2021-03-25","","01","영업/정상","01","영업중","","","","","","","","강원특별자치도 태백시 황지동 621-208 화전119안전센터","강원특별자치도 태백시 태백로 814, 화전119안전센터 (황지동)","26025","태백소방서(화전119안전센터)","2021-03-26 14:14:58","I","2023-06-13 00:00:00","제조","376138.398730017","410595.016155546","충전","",
"326","고압가스업","09_28_05_P","4221000","2021422012202200002","2021-08-09","","01","영업/정상","01","영업중","","","","","","","","강원특별자치도 태백시 황지동 77-4 한국광물자원공사","강원특별자치도 태백시 황지로 78, 한국광물자원공사 (황지동)","26021","한국광해광업공단 광산안전센터","2023-07-18 11:32:25","U","2023-07-20 02:40:00","제조","376941.675160692","408947.56886837","충전","",
"327","고압가스업","09_28_05_P","4221000","2024422105502100001","2024-11-11","","01","영업/정상","01","영업중","","","","","","","","강원특별자치도 태백시 동점동 531","강원특별자치도 태백시 태백로 2306-94 (동점동)","26049","(주)엔에스테크닉스","2025-01-23 16:04:25","U","2025-01-25 02:40:00","저장소","381584.797581231","399923.806379692","","",
"328","고압가스업","09_28_05_P","4231000","2022423010902200001","2022-01-26","","01","영업/정상","01","영업중","","","","","","","","강원특별자치도 속초시 동명동 300 춘천지방법원 속초지원","강원특별자치도 속초시 법대로 15, 춘천지방법원 속초지원 (동명동)","24822","춘천지방법원 속초지원","2022-11-02 14:45:56","I","2023-06-13 00:00:00","제조","339395.712995857","524544.813934658","냉동","",
"329","고압가스업","09_28_05_P","4231000","2022423010902200002","2022-04-12","","01","영업/정상","01","영업중","","","","","","","","강원특별자치도 속초시 동명동 383-1","강원특별자치도 속초시 설악금강대교로 206 (동명동)","24824","속초해양경찰서(구조대)","2022-06-20 14:17:52","I","2023-06-13 00:00:00","제조","339560.787891881","524084.337758822","충전","",
"330","고압가스업","09_28_05_P","4231000","2000423001002100003","1994-06-01","","01","영업/정상","01","영업중","","","","","","","","강원특별자치도 속초시 노학동 1073-21","강원특별자치도 속초시 학사평2길 20 (노학동)","","영북가스","2018-07-10 10:47:13","I","2023-06-13 00:00:00","제조","332616.067513986","523594.704820015","충전","공업기타",
"331","고압가스업","09_28_05_P","4231000","2000423001002100005","2007-12-26","","01","영업/정상","01","영업중","","2022-02-22","2023-02-21","2024-07-15","","","","강원특별자치도 속초시 교동 795-12","강원특별자치도 속초시 미시령로 3239 (교동)","","엘피속초대청(주)","2024-11-28 17:24:47","U","2024-11-30 02:40:00","판매","336742.530358175","523616.311861685","일반","공업기타",
"332","고압가스업","09_28_05_P","4231000","2000423001002100008","1977-06-03","","01","영업/정상","01","영업중","","","","","","","","강원특별자치도 속초시 청호동 459-32","강원특별자치도 속초시 청호로 65 (청호동)","","속초제빙","2014-02-10 16:19:14","I","2023-06-13 00:00:00","제조","339786.079068667","522626.204654553","냉동","공업기타",
"333","고압가스업","09_28_05_P","4231000","2002423001002200001","2002-09-24","","01","영업/정상","01","영업중","","","","","","","","강원특별자치도 속초시 노학동 산 244","강원특별자치도 속초시 도리원길 5 (노학동)","","동우대학","2013-12-26 17:03:10","I","2023-06-13 00:00:00","제조","335922.312166946","522296.889674921","일반","기타",
"334","고압가스업","09_28_05_P","4231000","2005423005102100001","2005-07-08","","01","영업/정상","01","영업중","","","","","","","","강원특별자치도 속초시 대포동 501","강원특별자치도 속초시 동해대로 3874-1 (대포동)","","중앙가스","2013-12-18 17:51:15","I","2023-06-13 00:00:00","판매","340351.828978937","520996.938288126","일반","전",
"335","고압가스업","09_28_05_P","4231000","2006423005102100003","2008-09-19","","01","영업/정상","01","영업중","","","","","","","","강원특별자치도 속초시 청호동 1341-13","강원특별자치도 속초시 설악금강대교로 67 (청호동)","","속초시수산업협동조합","2015-04-21 09:25:42","I","2023-06-13 00:00:00","제조","339601.510241967","522680.904514267","냉동","공업용",
"336","고압가스업","09_28_05_P","4231000","2010423005102100001","2010-02-10","","01","영업/정상","01","영업중","","2016-12-31","2017-12-30","2017-12-31","","","","강원특별자치도 속초시 노학동 746-96","","","설악파인리조트","2020-02-24 15:30:39","I","2023-06-13 00:00:00","제조","334748.677009013","522552.478010903","냉동","기타",
"337","고압가스업","09_28_05_P","4231000","2014423006402100001","2014-06-30","","01","영업/정상","01","영업중","","","","","","6611.7","","","강원특별자치도 속초시 농공단지길 115 (대포동)","","(주)대도F&D","2015-06-08 09:31:41","I","2023-06-13 00:00:00","제조","339687.588503676","520409.400523107","냉동","기타",
"338","고압가스업","09_28_05_P","4231000","2016423007802200001","2016-11-22","","01","영업/정상","01","영업중","","","","","","","","강원특별자치도 속초시 대포동 699-1","강원특별자치도 속초시 해오름로 62-23 (대포동)","","(주)호텔롯데","2016-11-22 13:40:08","I","2023-06-13 00:00:00","제조","340985.669411713","520939.574926983","냉동","",
"339","고압가스업","09_28_05_P","4231000","2017423007802200001","2017-12-13","","01","영업/정상","01","영업중","","","","","","","","강원특별자치도 속초시 노학동 720-11 속초소방서 119안전센터","강원특별자치도 속초시 미시령로 3226, 소방차고 (노학동)","24860","속초소방서","2021-04-01 14:24:07","I","2023-06-13 00:00:00","제조","336586.509416413","523460.183154911","충전","",
"340","고압가스업","09_28_05_P","4231000","2018423007802100001","2018-04-02","","01","영업/정상","01","영업중","","","","","","","","강원특별자치도 속초시 청호동 459-134 E마트","강원특별자치도 속초시 설악금강대교로 12, E마트 (청호동)","24885","(주)이마트속초점","2024-04-11 18:05:34","U","2024-04-13 02:40:00","제조","339761.153723826","522089.806016399","냉동","",
"341","고압가스업","09_28_05_P","4231000","2018423007802200001","2018-07-03","","01","영업/정상","01","영업중","","","","","","","","강원특별자치도 속초시 동명동 1-3","강원특별자치도 속초시 영랑해안길 18 (동명동)","24811","속초동명스쿠버","2023-11-30 14:18:23","U","2023-12-02 02:40:00","제조","340195.347966898","524551.85328093","충전","",
"342","고압가스업","09_28_05_P","4231000","2018423007802200002","2018-07-03","","01","영업/정상","01","영업중","","","","","","","","강원특별자치도 속초시 교동 664-201","강원특별자치도 속초시 중앙로46번길 56 (교동)","24838","속초마린","2019-06-19 10:57:53","I","2023-06-13 00:00:00","제조","338641.568631777","522858.966603129","충전","",
"343","고압가스업","09_28_05_P","4231000","2018423007802200003","2018-07-03","","01","영업/정상","01","영업중","","","","","","","","강원특별자치도 속초시 영랑동 148-140","강원특별자치도 속초시 영랑해안9길 7-1 (영랑동)","24808","속초스쿠버센터","2025-06-17 09:03:19","U","2025-06-19 02:40:00","제조","339479.251249981","525146.61889188","충전","",
"344","고압가스업","09_28_05_P","4231000","2020423010902100001","2020-11-25","","01","영업/정상","01","영업중","","","","","","2020","","강원특별자치도 속초시 장사동 395-4","강원특별자치도 속초시 동해대로 4521 (장사동)","24802","속초개인택시가스충전소 수소융합충전소","2025-08-29 17:52:00","U","2025-08-31 02:40:00","제조","336846.18035343","525003.227040025","충전","",
"345","고압가스업","09_28_05_P","4231000","2021423010902200001","2021-03-24","","01","영업/정상","01","영업중","","","","","","","","강원특별자치도 속초시 영랑동 179-11 영랑119안전센터","강원특별자치도 속초시 번영로 188, 영랑119안전센터 (영랑동)","24809","속초소방서(영랑119안전센터)","2021-03-24 11:10:52","I","2023-06-13 00:00:00","제조","339203.928697198","524803.127836935","충전","",
"346","고압가스업","09_28_05_P","4231000","2025423109702100001","2025-10-16","","01","영업/정상","01","영업중","","","","","","2977","","강원특별자치도 속초시 노학동 1000-332 종합운동장","강원특별자치도 속초시 관광로363번길 92, 종합운동장 (노학동)","24867","속초시설관리공단","2025-10-17 09:59:01","I","2025-10-19 00:20:09","제조","334420.499033792","522202.421996028","충전","",
"347","고압가스업","09_28_05_P","4231000","2023423101802100001","2023-12-28","","01","영업/정상","01","영업중","","","","","","539","","강원특별자치도 속초시 노학동 1000-601","강원특별자치도 속초시 바람꽃마을2길 39 (노학동)","24867","동방번개가스","2024-04-24 10:00:30","U","2024-04-26 02:40:00","판매","","","","지정되지않음",
"348","고압가스업","09_28_05_P","4241000","2023424100702100001","2023-08-16","","01","영업/정상","01","영업중","","","","","","","","강원특별자치도 삼척시 근덕면 상맹방리 362","강원특별자치도 삼척시 근덕면 심방금계길 201-24","25932","에이원테크(주)","2025-10-15 16:25:33","U","2025-10-17 02:40:00","제조","395236.868807318","434618.203780788","충전","",
"349","고압가스업","09_28_05_P","4241000","2023424100702200001","2023-07-26","","01","영업/정상","01","영업중","","","","","","","","강원특별자치도 삼척시 근덕면 덕산리 107-74 해양관광레져스포츠센터","강원특별자치도 삼척시 근덕면 덕산해변길 104","25934","강원대학교 삼척산학협력단","2025-03-11 09:08:06","U","2025-03-13 02:40:00","제조","398373.043026761","433905.874282579","충전","",
"350","고압가스업","09_28_05_P","4241000","2023424022702100003","2023-05-18","","01","영업/정상","01","영업중","","","","","","","","강원특별자치도 삼척시 조비동 324","강원특별자치도 삼척시 박걸남로 631-15 (조비동)","25931","(주)동화에너지","2025-05-26 17:58:20","U","2025-05-28 02:40:00","제조","390732.672524038","434682.453422779","충전","",
"351","고압가스업","09_28_05_P","4241000","2023424100702200002","2023-08-10","","01","영업/정상","01","영업중","","","","","","","","강원특별자치도 삼척시 근덕면 장호리 3-1","","","바다의 꿈","2023-12-21 17:48:24","U","2023-12-23 02:40:00","제조","405417.35928382","423177.040067341","충전","",
"352","고압가스업","09_28_05_P","4241000","2015424016502100002","2015-10-06","","01","영업/정상","01","영업중","","","","","","","","강원특별자치도 삼척시 갈천동 산 16-4","강원특별자치도 삼척시 수로부인길 453 (갈천동)","","(주)소노인터내셔널 삼척지점","2025-04-30 18:07:51","U","2025-05-02 02:40:00","제조","391420.652116354","443183.726638104","냉동","",
"353","고압가스업","09_28_05_P","4241000","2024424100702100001","2024-09-24","","01","영업/정상","01","영업중","","","","","","","","강원특별자치도 삼척시 원덕읍 호산리 산 1-3","강원특별자치도 삼척시 원덕읍 삼척로 734","25961","한국남부발전(주) 삼척빛드림본부","2024-09-24 14:25:30","I","2024-09-26 00:13:12","제조","407602.129757552","412379.695341186","일반","",
"354","고압가스업","09_28_05_P","4241000","1989424001002100002","1989-04-12","","01","영업/정상","01","영업중","","","","","","","","강원특별자치도 삼척시 교동 212-1","강원특별자치도 삼척시 하실길 103 (교동)","","죽서가스상사","2016-03-29 16:50:45","I","2023-06-13 00:00:00","판매","392086.572976356","441301.399443943","일반","특수토지",
"355","고압가스업","09_28_05_P","4241000","2022424022902100003","2022-07-14","","01","영업/정상","01","영업중","","","","","","","","강원특별자치도 삼척시 적노동 산 29-3","강원특별자치도 삼척시 박걸남로 906 (적노동)","25931","삼척블루파워(주)_CO2 1호기","2024-04-25 17:06:50","U","2024-04-27 02:40:00","저장소","392694.02063207","436344.38889505","","",
"356","고압가스업","09_28_05_P","4241000","2022424022902100004","2022-07-14","","01","영업/정상","01","영업중","","","","","","","","강원특별자치도 삼척시 적노동 산 29-3","강원특별자치도 삼척시 박걸남로 906 (적노동)","25931","삼척블루파워(주)_CO2 2호기","2024-06-20 14:00:59","U","2024-06-22 02:40:00","저장소","392694.02063207","436344.38889505","","",
"357","고압가스업","09_28_05_P","4241000","2023424022702100001","2023-02-27","","01","영업/정상","01","영업중","","","","","","","","강원특별자치도 삼척시 교동 265-1","강원특별자치도 삼척시 뒷나루길 77 (교동)","25909","삼척수소타운하우스","2024-08-27 10:37:03","U","2024-08-29 02:40:00","제조","392170.785509236","441707.107291364","일반","",
"358","고압가스업","09_28_05_P","4241000","2023424022702100002","2023-05-18","","01","영업/정상","01","영업중","","","","","","","","강원특별자치도 삼척시 조비동 324","","","(주)동화에너지","2023-05-19 09:41:55","I","2023-06-13 00:00:00","판매","390732.672524038","434682.453422779","","",
"359","고압가스업","09_28_05_P","4241000","1989424001002200002","1989-06-01","","01","영업/정상","01","영업중","","","","","","","","강원특별자치도 삼척시 정상동 247-3","강원특별자치도 삼척시 오십천로 559 (정상동)","","한국전력공사삼척지점","2013-12-31 13:10:30","I","2023-06-13 00:00:00","제조","392697.975290632","439134.195801733","냉동","주거용",
"360","고압가스업","09_28_05_P","4241000","1990424001002100001","1993-12-16","","01","영업/정상","01","영업중","","","","","","","","강원특별자치도 삼척시 미로면 하거노리 506-1,2","강원특별자치도 삼척시 미로면 하거노길 51","","해동가스(주)","2020-03-18 15:00:03","I","2023-06-13 00:00:00","제조","385835.153641379","436246.115355679","충전","특수토지",
"361","고압가스업","09_28_05_P","4241000","1990424001002100002","1990-04-02","","01","영업/정상","01","영업중","","","","","","","","강원특별자치도 삼척시 원덕읍 임원리 718-2","강원특별자치도 삼척시 원덕읍 삼척로 1294","","삼척농수산","2013-12-31 16:05:59","I","2023-06-13 00:00:00","제조","407574.451408668","417840.801882578","냉동","특수토지",
"362","고압가스업","09_28_05_P","4241000","1990424011302100003","1990-04-12","","01","영업/정상","01","영업중","","","","","","","","강원특별자치도 삼척시 근덕면 덕산리 430-1","강원특별자치도 삼척시 근덕면 방재로 773","","동화물산","2020-03-18 14:43:49","I","2023-06-13 00:00:00","제조","397512.128385659","433137.649913961","냉동","지정되지않음",
"363","고압가스업","09_28_05_P","4241000","1997424001002100003","1997-09-23","","01","영업/정상","01","영업중","","","","","","","","강원특별자치도 삼척시 도계읍 마교리 188","강원특별자치도 삼척시 도계읍 마교안길 13","","현대가스","2009-06-10 15:39:34","I","2023-06-13 00:00:00","판매","381830.077328284","418060.77070963","일반","특수토지",
"364","고압가스업","09_28_05_P","4241000","1998424001002100004","1998-01-05","","01","영업/정상","01","영업중","","","","","","","","강원특별자치도 삼척시 원덕읍 월천리 615-1","강원특별자치도 삼척시 원덕읍 가곡천로 3100-11","","호산가스","2013-12-31 13:08:04","I","2023-06-13 00:00:00","판매","407653.422790679","409751.615841194","일반","특수토지",
"365","고압가스업","09_28_05_P","4241000","2017424011302100001","2017-11-23","","01","영업/정상","01","영업중","","","","","","","","강원특별자치도 삼척시 남양동 55-9 삼척의료원","강원특별자치도 삼척시 오십천로 418, 삼척의료원 (남양동)","25920","강원특별자치도 삼척의료원","2023-07-17 18:08:36","U","2023-07-19 02:40:00","저장소","391434.820290382","439773.856200338","","",
"366","고압가스업","09_28_05_P","4241000","2017424011302200001","2017-12-13","","01","영업/정상","01","영업중","","","","2018-05-23","","","","강원특별자치도 삼척시 남양동 5-1 삼척소방서","강원특별자치도 삼척시 봉황로 101, 삼척소방서 (남양동)","25922","삼척소방서","2021-03-26 17:54:37","I","2023-06-13 00:00:00","제조","392043.324715188","440497.786305479","충전","기타",
"367","고압가스업","09_28_05_P","4241000","2018424019202200001","2018-01-25","","01","영업/정상","01","영업중","","","","","","","","강원특별자치도 삼척시 원덕읍 호산리 산 1-3","강원특별자치도 삼척시 원덕읍 삼척로 734","25961","한국남부발전(주) 삼척빛드림본부","2024-01-18 09:50:18","U","2024-01-20 02:40:00","제조","407602.129757552","412379.695341186","충전","",
"368","고압가스업","09_28_05_P","4241000","2018424019202200002","2018-07-16","","01","영업/정상","01","영업중","","","","","","","","강원특별자치도 삼척시 교동 374","강원특별자치도 삼척시 새천년도로 475-14 (교동)","25909","스쿠버 해양캠프","2020-03-23 16:38:15","I","2023-06-13 00:00:00","제조","392346.299042678","442432.381098847","충전","",
"369","고압가스업","09_28_05_P","4241000","2018424019202200003","2018-10-22","","01","영업/정상","01","영업중","","","","","","","","강원특별자치도 삼척시 도계읍 도계리 348-15 도계119안전센터","강원특별자치도 삼척시 도계읍 도계강변3길 16, 도계119안전센터","25947","삼척소방서(도계119안전센터)","2024-07-23 11:27:33","U","2024-07-25 02:40:00","제조","381462.655499217","417390.028569539","충전","",
"370","고압가스업","09_28_05_P","4241000","2019424019202100001","2019-04-02","","01","영업/정상","01","영업중","","","","","","","","강원특별자치도 삼척시 근덕면 상맹방리 362","강원특별자치도 삼척시 근덕면 심방금계길 201-24","25932","에이원테크(주)","2023-08-11 15:12:50","U","2023-08-13 02:40:00","제조","395236.868807318","434618.203780788","충전","답",
"371","고압가스업","09_28_05_P","4241000","2019424019202100002","2019-04-02","","01","영업/정상","01","영업중","","","","2021-05-14","","6228","","강원특별자치도 삼척시 근덕면 상맹방리 362 외 1필지","","","에이원테크(주)","2024-04-29 13:49:14","U","2024-05-01 02:40:00","판매","395236.868807318","434618.203780788","일반","전",
"372","고압가스업","09_28_05_P","4241000","2019424019202200001","2019-04-19","","01","영업/정상","01","영업중","","","","","","","","강원특별자치도 삼척시 근덕면 궁촌리 1152","강원특별자치도 삼척시 근덕면 공양왕길 185","25937","동해지방해양경찰청(해양경찰특공대)","2020-03-23 16:15:00","I","2023-06-13 00:00:00","제조","400594.587859277","427832.640893789","충전","",
"373","고압가스업","09_28_05_P","4241000","2019424020202200001","2019-08-26","","01","영업/정상","01","영업중","","","","","","","","강원특별자치도 삼척시 근덕면 교가리 361-2 근덕 119안전센터","강원특별자치도 삼척시 근덕면 교가길 37, 근덕 119안전센터","25933","삼척소방서(근덕119안전센터)","2020-03-18 17:23:55","I","2023-06-13 00:00:00","제조","397274.22230853","433222.917580743","충전","",
"374","고압가스업","09_28_05_P","4241000","2019424020202200002","2019-06-04","","01","영업/정상","01","영업중","","","","","","","","강원특별자치도 삼척시 정하동 41-186 동해해양경찰서삼척파출소","강원특별자치도 삼척시 이사부길 44, 동해해양경찰서삼척파출소 (정하동)","25925","동해해양결찰서(삼척파출소)","2020-03-23 16:32:59","I","2023-06-13 00:00:00","제조","394040.235246605","439513.336095188","충전","기타",
"375","고압가스업","09_28_05_P","4241000","2020424020202100001","2020-03-06","","01","영업/정상","01","영업중","","","","2020-07-24","","","","강원특별자치도 삼척시 오분동 126-3","강원특별자치도 삼척시 동해대로 3852 (오분동)","25930","원더플주식회사","2020-07-24 09:08:44","I","2023-06-13 00:00:00","제조","393139.395550879","438614.455705631","충전","",
"376","고압가스업","09_28_05_P","4241000","2021424022902100001","2021-12-13","","01","영업/정상","01","영업중","","","","","","7463","","강원특별자치도 삼척시 교동 798","강원특별자치도 삼척시 뒷나루길 137 (교동)","25909","디에이치투에너지(주)(삼척수소충전복합스테이션)","2025-05-13 15:25:40","U","2025-05-15 02:40:00","제조","392254.557215787","442044.352106207","충전","",
"377","고압가스업","09_28_05_P","4241000","2021424022902200001","2021-08-24","","01","영업/정상","01","영업중","","","","","","","","강원특별자치도 삼척시 적노동 산 29-3","강원특별자치도 삼척시 박걸남로 906 (적노동)","25931","삼척블루파워(주) 1호기","2024-04-25 09:08:35","U","2024-04-27 02:40:00","제조","392694.02063207","436344.38889505","냉동","",
"378","고압가스업","09_28_05_P","4241000","2021424022902200002","2021-08-24","","01","영업/정상","01","영업중","","","","","","","","강원특별자치도 삼척시 적노동 산 29-3","강원특별자치도 삼척시 박걸남로 906 (적노동)","25931","삼척블루파워(주) 2호기","2024-04-25 09:09:46","U","2024-04-27 02:40:00","제조","392694.02063207","436344.38889505","냉동","",
"379","고압가스업","09_28_05_P","4241000","2021424022902200003","2021-08-24","","01","영업/정상","01","영업중","","","","","","","","강원특별자치도 삼척시 적노동 산 29-3","강원특별자치도 삼척시 박걸남로 906 (적노동)","25931","삼척블루파워(주) 3호기","2024-04-25 09:12:05","U","2024-04-27 02:40:00","제조","392694.02063207","436344.38889505","냉동","",
"380","고압가스업","09_28_05_P","4241000","2021424022902200004","2021-12-09","","01","영업/정상","01","영업중","","","","","","","","강원특별자치도 삼척시 원덕읍 옥원리 56-1","","","삼척소방서(원덕119안전센터)","2022-09-20 17:38:16","I","2023-06-13 00:00:00","제조","406580.699910833","411863.397254577","충전","",
"381","고압가스업","09_28_05_P","4241000","2022424022902100001","2022-06-03","","01","영업/정상","01","영업중","","","","","","","","강원특별자치도 삼척시 적노동 산 29-3","강원특별자치도 삼척시 박걸남로 906 (적노동)","25931","삼척블루파워(주)_암모니아","2024-04-25 16:51:47","U","2024-04-27 02:40:00","저장소","392694.02063207","436344.38889505","","",
"382","고압가스업","09_28_05_P","4241000","2005424001002100001","2005-05-04","","01","영업/정상","01","영업중","","","","","","","","강원특별자치도 삼척시 근덕면 동막리 594-5","강원특별자치도 삼척시 근덕면 문의재로 3770","","교가가스","2025-01-20 10:14:08","U","2025-01-22 02:40:00","판매","398384.735833481","428372.776360516","일반","위험시설",
"383","고압가스업","09_28_05_P","4241000","2007424011302100001","2007-10-19","","01","영업/정상","01","영업중","","","","","","132","","강원특별자치도 삼척시 원덕읍 이천리 1291","강원특별자치도 삼척시 원덕읍 이천4길 281","","원덕가스","2025-09-01 17:36:57","U","2025-09-03 02:40:00","판매","401641.464710147","414394.52790651","","전",
"384","고압가스업","09_28_05_P","4241000","2010424011302100002","2010-08-31","","01","영업/정상","01","영업중","","","","2011-02-01","","","","강원특별자치도 삼척시 정하동 41-186 삼척수산업협동조합 냉동공장","강원특별자치도 삼척시 이사부길 54-8, 삼척수산업협동조합 냉동공장 (정하동)","25925","삼척수산업협동조합","2021-03-02 16:18:16","I","2023-06-13 00:00:00","제조","394040.235246605","439513.336095188","냉동","",
"385","고압가스업","09_28_05_P","4241000","2022424022902100002","2022-06-03","","01","영업/정상","01","영업중","","","","","","","","강원특별자치도 삼척시 적노동 산 29-3","강원특별자치도 삼척시 박걸남로 906 (적노동)","25931","삼척블루파워(주)_질소 실린더","2024-04-25 17:09:34","U","2024-04-27 02:40:00","저장소","392694.02063207","436344.38889505","","",
"386","고압가스업","09_28_05_P","4241000","2012424011302100002","2012-07-02","","01","영업/정상","01","영업중","","","","","","2879","","강원특별자치도 삼척시 원덕읍 옥원리 산 8-18","강원특별자치도 삼척시 원덕읍 삼척로 624","","삼척산업가스","2022-06-02 13:19:53","I","2023-06-13 00:00:00","제조","406856.468413207","412236.496128824","충전","",
"387","고압가스업","09_28_05_P","4241000","2012424011302100003","2012-07-10","","01","영업/정상","01","영업중","","","","2013-06-27","","","","강원특별자치도 삼척시 근덕면 교곡리 771-3","","","근덕가스","2016-06-10 10:56:20","I","2023-06-13 00:00:00","판매","394709.601870782","431355.959244949","","기타",
"388","고압가스업","09_28_05_P","4241000","2014424011302100001","2014-03-31","","01","영업/정상","01","영업중","","","","","","","","","강원특별자치도 삼척시 원덕읍 삼척로 734","","한국남부발전(주) 삼척빛드림본부","2025-05-12 18:03:32","U","2025-05-14 02:40:00","저장소","407602.129757552","412379.695341186","","",
"389","고압가스업","09_28_05_P","4241000","2014424011302100002","2014-04-21","","01","영업/정상","01","영업중","","","","","","","","","강원특별자치도 삼척시 원덕읍 호산해변길 18","","한국가스공사(삼척생산기지)","2020-01-10 10:15:25","I","2023-06-13 00:00:00","저장소","408063.674966936","410032.010875802","","",
"390","고압가스업","09_28_05_P","4241000","2014424011302200001","2014-01-07","","01","영업/정상","01","영업중","","","","","","","","","강원특별자치도 삼척시 원덕읍 삼척로 734","","한국남부발전(주) 삼척빛드림본부","2023-11-17 09:27:41","U","2023-11-19 02:40:00","제조","407602.129757552","412379.695341186","냉동","기타",
"391","고압가스업","09_28_05_P","4241000","2015424016502100001","2015-08-07","","01","영업/정상","01","영업중","","","","","","","","강원특별자치도 삼척시 원덕읍 호산리 산 1-3","강원특별자치도 삼척시 원덕읍 삼척로 734","25961","한국남부발전(주)삼척그린파워건설본부","2020-03-21 17:12:19","I","2023-06-13 00:00:00","저장소","407602.129757552","412379.695341186","","",
"392","고압가스업","09_28_05_P","4241000","2025424108702100002","2025-09-17","","01","영업/정상","01","영업중","","","","","","2440","","강원특별자치도 삼척시 갈천동 산 82-5","","","죽서가스상사","2025-09-17 19:37:53","I","2025-09-19 00:20:40","판매","391526.719363675","441694.070888265","","",
"393","고압가스업","09_28_05_P","4241000","2016424016502100002","2016-03-15","","01","영업/정상","01","영업중","","","","","","","","강원특별자치도 삼척시 원덕읍 호산리 산 1-3","강원특별자치도 삼척시 원덕읍 삼척로 734","25961","한국남부발전(주) 삼척빛드림본부(1B)","2023-11-21 09:20:24","U","2023-11-23 02:40:00","저장소","407602.129757552","412379.695341186","","기타",
"394","고압가스업","09_28_05_P","4241000","2016424016502100003","2016-03-15","","01","영업/정상","01","영업중","","","","","","","","강원특별자치도 삼척시 원덕읍 호산리 산 1-3","강원특별자치도 삼척시 원덕읍 삼척로 734","25961","한국남부발전(주) 삼척빛드림본부(1A)","2023-11-17 09:23:54","I","2023-11-19 00:17:10","저장소","407602.129757552","412379.695341186","","기타",
"395","고압가스업","09_28_05_P","4241000","2016424016502100004","2016-06-20","","01","영업/정상","01","영업중","","","","","","","","강원특별자치도 삼척시 원덕읍 호산리 산 1-3","강원특별자치도 삼척시 원덕읍 삼척로 734","25961","한국남부발전(주) 삼척빛드림본부(2B)","2023-11-17 09:22:48","I","2023-11-19 00:17:10","저장소","407602.129757552","412379.695341186","","",
"396","고압가스업","09_28_05_P","4241000","2016424016502100005","2016-06-20","","01","영업/정상","01","영업중","","","","2016-11-18","","","","강원특별자치도 삼척시 원덕읍 호산리 산 1-3","강원특별자치도 삼척시 원덕읍 삼척로 734","25961","한국남부발전(주) 삼척빛드림본부(2A)","2023-11-17 09:23:12","I","2023-11-19 00:17:10","저장소","407602.129757552","412379.695341186","","",
"397","고압가스업","09_28_05_P","4241000","2023424100702100002","2023-11-20","","01","영업/정상","01","영업중","","","","","","","","강원특별자치도 삼척시 사직동 114 삼표시멘트","강원특별자치도 삼척시 동양길 20, 삼표시멘트 (사직동)","25930","(주)삼표시멘트 삼척공장","2024-05-17 09:09:16","U","2024-05-19 02:40:00","저장소","392606.428518564","438473.157192767","","",
"398","고압가스업","09_28_05_P","4241000","2025424108702100001","2025-01-22","","01","영업/정상","01","영업중","","","","","","","","강원특별자치도 삼척시 교동 798","강원특별자치도 삼척시 뒷나루길 137 (교동)","25909","디에이치투에너지(주)","2025-01-22 11:37:59","I","2025-01-24 00:11:16","제조","392254.557215787","442044.352106207","일반","",
"399","고압가스업","09_28_05_P","4251000","2000425004202200931","2007-07-05","","01","영업/정상","01","영업중","","","","","","","","강원특별자치도 홍천군 홍천읍 연봉리 253-2","강원특별자치도 홍천군 홍천읍 무궁화로 81","","한국전력공사홍천지점","2012-08-06 16:04:41","I","2023-06-13 00:00:00","제조","277313.003177021","465143.353792477","냉동","연립",
"400","고압가스업","09_28_05_P","4251000","2000425004202200951","2010-06-18","","01","영업/정상","01","영업중","","","","","","","","강원특별자치도 홍천군 홍천읍 갈마곡리 489-4","강원특별자치도 홍천군 홍천읍 설악로 1792","","홍천문화예술회관","2010-09-08 13:54:31","I","2023-06-13 00:00:00","제조","278938.550418","465557.283073338","냉동","공업기타",
"401","고압가스업","09_28_05_P","4251000","2000425007702100001","2000-01-01","","01","영업/정상","01","영업중","","","","","","","","강원특별자치도 홍천군 북방면 소매곡리 35-5","","","(주)홍천리조트개발","2008-06-13 11:43:01","I","2023-06-13 00:00:00","저장소","","","","",
"402","고압가스업","09_28_05_P","4251000","2000425009602150009","1995-05-26","","01","영업/정상","01","영업중","","","","","","","","강원특별자치도 홍천군 홍천읍 갈마곡리 137","강원특별자치도 홍천군 홍천읍 공작산로 85","","대임상사","2011-11-09 14:35:29","I","2023-06-13 00:00:00","판매","279438.50083755","465766.190470123","","기타",
"403","고압가스업","09_28_05_P","4251000","2002425004202100001","2002-07-16","","01","영업/정상","01","영업중","","","","","","","","강원특별자치도 홍천군 홍천읍 희망리 238-6","강원특별자치도 홍천군 홍천읍 마지기로142번길 1-7","","홍천종합가스","2019-05-02 09:10:48","I","2023-06-13 00:00:00","판매","277842.073410947","467079.04521626","일반","기타",
"404","고압가스업","09_28_05_P","4251000","2003425004202100001","2003-04-17","","01","영업/정상","01","영업중","","","","","","","","강원특별자치도 홍천군 화촌면 성산리 454-3","강원특별자치도 홍천군 화촌면 성산로 131-2","","대원종합가스","2016-10-23 13:51:02","I","2023-06-13 00:00:00","판매","285043.907091948","474622.210590401","일반","주거기타",
"405","고압가스업","09_28_05_P","4251000","2007425007702100001","2007-11-12","","01","영업/정상","01","영업중","","","","","","330","","강원특별자치도 홍천군 서석면 검산리 614-5","강원특별자치도 홍천군 서석면 검산길 32","","서석가스","2023-01-10 19:48:33","I","2023-06-13 00:00:00","판매","308021.054908647","467554.797052927","","전",
"406","고압가스업","09_28_05_P","4251000","1997425004202100971","2010-04-07","","01","영업/정상","01","영업중","","","","","","","","강원특별자치도 홍천군 북방면 하화계리 936","강원특별자치도 홍천군 북방면 도둔길 49","","하이트진로 주식회사","2022-12-29 17:31:25","I","2023-06-13 00:00:00","제조","274091.131503479","465814.991902042","일반","전",
"407","고압가스업","09_28_05_P","4251000","2008425007702200001","2008-11-21","","01","영업/정상","01","영업중","","","","","","","","강원특별자치도 홍천군 홍천읍 상오안리 688-1","","","(주)비피도","2015-12-28 14:40:16","I","2023-06-13 00:00:00","제조","272951.644379974","461691.147958264","냉동","",
"408","고압가스업","09_28_05_P","4251000","2009425007702100001","2010-05-11","","01","영업/정상","01","영업중","","","","","","400","","강원특별자치도 홍천군 홍천읍 하오안리 227-3","강원특별자치도 홍천군 홍천읍 오안여내길 40","","대림에너지","2017-12-19 17:15:07","I","2023-06-13 00:00:00","판매","274973.222253194","463600.685720014","일반","주거나지",
"409","고압가스업","09_28_05_P","4251000","1987425009602187110","2010-12-22","","01","영업/정상","01","영업중","","2011-12-27","2011-12-28","2011-12-27","","","","강원특별자치도 홍천군 화촌면 성산리 856-1","강원특별자치도 홍천군 화촌면 산초울로 164-37","","화촌면 상수도","2011-12-27 13:58:37","I","2023-06-13 00:00:00","제조","285589.17671994","474605.233145961","특정","공업기타",
"410","고압가스업","09_28_05_P","4251000","2012425009602100002","2012-05-22","","01","영업/정상","01","영업중","","2012-07-09","2013-07-08","2012-07-25","","170","","강원특별자치도 홍천군 서면 어유포리 147-1","","","하나가스","2019-06-03 13:13:21","I","2023-06-13 00:00:00","판매","260767.688782998","467825.737239451","","전",
"411","고압가스업","09_28_05_P","4251000","2012425009602100003","2012-08-24","","01","영업/정상","01","영업중","","","","","","25000","","강원특별자치도 홍천군 화촌면 군업리 932","강원특별자치도 홍천군 화촌면 답연밭길 101","","국립대학법인 서울대학교(시스템면역의학연구소)","2012-08-24 17:09:29","I","2023-06-13 00:00:00","제조","289805.641695655","471556.116371846","냉동","기타",
"412","고압가스업","09_28_05_P","4251000","2012425009602200001","2012-06-15","","01","영업/정상","01","영업중","","","","","","3000","","강원특별자치도 홍천군 홍천읍 연봉리 113-21","강원특별자치도 홍천군 홍천읍 생명과학관길 36-16","","(주)화진바이오코스메틱","2017-11-17 17:40:44","I","2023-06-13 00:00:00","제조","277342.310922311","464322.27964296","냉동","공업기타",
"413","고압가스업","09_28_05_P","4251000","2014425009602100001","2014-07-01","","01","영업/정상","01","영업중","","","","","","","","강원특별자치도 홍천군 홍천읍 연봉리 100","강원특별자치도 홍천군 홍천읍 생명과학관길 94","","주식회사 씨티씨바이오","2019-04-29 14:25:00","I","2023-06-13 00:00:00","제조","","","냉동","",
"414","고압가스업","09_28_05_P","4251000","2015425012102100001","2015-11-04","","01","영업/정상","01","영업중","","","","","","","","강원특별자치도 홍천군 홍천읍 연봉리 100","","","(주)씨티씨바이오","2018-05-14 18:37:30","I","2023-06-13 00:00:00","제조","","","냉동","",
"415","고압가스업","09_28_05_P","4251000","2015425012102200001","2015-09-25","","01","영업/정상","01","영업중","","","","","","","","강원특별자치도 홍천군 홍천읍 연봉리 100","강원특별자치도 홍천군 홍천읍 생명과학관길 94","25142","(주)씨티씨바이오","2018-05-14 18:18:34","I","2023-06-13 00:00:00","제조","","","냉동","",
"416","고압가스업","09_28_05_P","4251000","2016425012102100001","2016-10-05","","01","영업/정상","01","영업중","","","","","","1326","","강원특별자치도 홍천군 화촌면 외삼포리 21","강원특별자치도 홍천군 화촌면 구룡령로 450","","대성 종합에너지","2019-09-23 20:51:13","I","2023-06-13 00:00:00","판매","287010.952678337","473299.953367302","","공업용",
"417","고압가스업","09_28_05_P","4251000","2017425012102200001","2017-12-14","","01","영업/정상","01","영업중","","","","","","","","강원특별자치도 홍천군 홍천읍 갈마곡리 133 홍천소방서","강원특별자치도 홍천군 홍천읍 공작산로 99, 홍천소방서","25150","홍천소방서","2018-10-25 14:37:25","I","2023-06-13 00:00:00","제조","279529.285361109","465843.787277118","충전","",
"418","고압가스업","09_28_05_P","4251000","2018425014302200001","2018-10-25","","01","영업/정상","01","영업중","","","","","","","","강원특별자치도 홍천군 서석면 풍암리 202-32","강원특별자치도 홍천군 서석면 풍암길2길 9","25166","홍천소방서(서석119안전센터)","2019-01-02 15:04:04","I","2023-06-13 00:00:00","제조","304645.8629781","468653.146972648","충전","",
"419","고압가스업","09_28_05_P","4251000","2019425014302100001","2019-07-01","","01","영업/정상","01","영업중","","","","","","","","강원특별자치도 홍천군 홍천읍 연봉리 511-1","","","주식회사 씨티씨백","2019-07-01 17:21:19","I","2023-06-13 00:00:00","제조","277679.264610562","464229.737691511","냉동","",
"420","고압가스업","09_28_05_P","4251000","2019425014302200001","2019-08-27","","01","영업/정상","01","영업중","","","","","","","","강원특별자치도 홍천군 남면 양덕원리 52-11 양덕원119안전센터","강원특별자치도 홍천군 남면 시동로 46, 양덕원119안전센터","25108","홍천소방서(양덕원119안전센터)","2025-05-26 08:54:48","U","2025-05-28 02:40:00","제조","","","충전","",
"421","고압가스업","09_28_05_P","4251000","2021425017202200001","2021-04-01","","01","영업/정상","01","영업중","","","","","","","","강원특별자치도 홍천군 서면 두미리 518-2","","","홍천소방서(팔봉119안전센터)","2021-05-11 11:48:07","I","2023-06-13 00:00:00","제조","258315.900916264","464411.054471482","충전","",
"422","고압가스업","09_28_05_P","4251000","2024425102202100001","2024-07-05","","01","영업/정상","01","영업중","","","","","","","","강원특별자치도 홍천군 서면 팔봉리 1290-2 대명비발디파크","강원특별자치도 홍천군 서면 한치골길 262, 대명비발디파크 1층","25102","㈜소노인터내셔널","2025-05-09 17:19:23","U","2025-05-11 02:40:00","제조","260030.280736472","460691.714032464","냉동","",
"423","고압가스업","09_28_05_P","4261000","2023426105702100001","2023-09-07","","01","영업/정상","01","영업중","","","","","","","","강원특별자치도 횡성군 우천면 상하가리 541","강원특별자치도 횡성군 우천면 우천산업단지로 75-13","25244","동원시스템즈(주)횡성공장","2023-09-07 14:15:34","I","2023-09-09 00:18:10","제조","293627.126992825","443355.930767678","냉동","",
"424","고압가스업","09_28_05_P","4261000","2023426105702200006","2023-07-12","","01","영업/정상","01","영업중","","","","","","","","강원특별자치도 횡성군 횡성읍 묵계리 43-2 대상(주) 종가집","강원특별자치도 횡성군 횡성읍 청용길 15, 대상(주) 종가집","25241","대상(주)","2023-07-12 16:26:22","I","2023-07-14 00:18:59","제조","286656.52975765","441635.851564271","냉동","",
"425","고압가스업","09_28_05_P","4261000","2005426000902200001","2009-07-06","","01","영업/정상","01","영업중","","","","","","","","강원특별자치도 횡성군 둔내면 현천리 81-3","강원특별자치도 횡성군 둔내면 강변로 975","","(주)국순당","2023-08-29 11:28:23","I","2023-08-31 00:18:26","제조","305799.662136806","443543.32699094","일반","기타",
"426","고압가스업","09_28_05_P","4261000","2006426000902100003","2006-11-17","","01","영업/정상","01","영업중","","","","","","","","강원특별자치도 횡성군 우천면 우항리 96-1","강원특별자치도 횡성군 우천면 서동로 265","","(자)정우에너지","2024-05-31 14:45:42","U","2024-06-02 02:40:00","판매","295681.819852492","439090.973458058","일반","전",
"427","고압가스업","09_28_05_P","4261000","2006426000902200001","2007-10-01","","01","영업/정상","01","영업중","","","","","","","","강원특별자치도 횡성군 서원면 석화리 646","강원특별자치도 횡성군 서원면 서원서로339번길 90","","성운개발(주)","2012-05-14 11:22:18","I","2023-06-13 00:00:00","제조","270074.975820994","442549.2407577","일반","기타",
"428","고압가스업","09_28_05_P","4261000","2007426004802100001","2007-10-30","","01","영업/정상","01","영업중","","","","","","1000","","강원특별자치도 횡성군 둔내면 두원리 204","강원특별자치도 횡성군 둔내면 고원로 451","","신안종합리조트(주)","2015-09-03 17:39:45","I","2023-06-13 00:00:00","저장소","310506.755038668","443916.785022628","","",
"429","고압가스업","09_28_05_P","4261000","2007426004802100002","2007-11-29","","01","영업/정상","01","영업중","","","","","","","","강원특별자치도 횡성군 둔내면 두원리 723","강원특별자치도 횡성군 둔내면 고원로341번길 60","25263","횡성에너지","2019-09-25 20:31:54","I","2023-06-13 00:00:00","판매","309384.484225569","445593.905273856","","",
"430","고압가스업","09_28_05_P","4261000","2008426005902100001","2008-07-21","","01","영업/정상","01","영업중","","","","","","","","강원특별자치도 횡성군 횡성읍 학곡리 543","강원특별자치도 횡성군 횡성읍 경강로 1553","25210","현대가스","2024-11-13 15:46:41","U","2024-11-15 02:40:00","판매","284330.391235722","445872.081995844","","",
"431","고압가스업","09_28_05_P","4261000","2012426006302100001","2012-04-23","","01","영업/정상","01","영업중","","","","2012-05-30","","","","강원특별자치도 횡성군 둔내면 현천리 113 국순당 횡성공장","강원특별자치도 횡성군 둔내면 강변로 975, 국순당 횡성공장","25266","주식회사 국순당","2020-04-17 09:20:30","I","2023-06-13 00:00:00","저장소","305714.621124456","443699.506729216","","",
"432","고압가스업","09_28_05_P","4261000","2012426006302100002","2012-06-18","","01","영업/정상","01","영업중","","","","2012-07-11","","","","강원특별자치도 횡성군 횡성읍 정암리 2","강원특별자치도 횡성군 횡성읍 정문로 88","","(주)아이엘케이","2024-02-19 10:47:43","U","2024-02-21 02:40:00","저장소","291673.931301995","441042.575029473","","공업용",
"433","고압가스업","09_28_05_P","4261000","2014426008802100001","2014-11-25","","01","영업/정상","01","영업중","","","","","","","","강원특별자치도 횡성군 둔내면 현천리 81-3","강원특별자치도 횡성군 둔내면 강변로 975","","(주)국순당","2020-04-21 17:14:38","I","2023-06-13 00:00:00","제조","305799.662136806","443543.32699094","냉동","",
"434","고압가스업","09_28_05_P","4261000","2017426008802100001","2017-12-11","","01","영업/정상","01","영업중","","","","","","","","강원특별자치도 횡성군 둔내면 현천리 113 국순당","강원특별자치도 횡성군 둔내면 강변로 975, 국순당","25266","(주)국순당","2020-04-21 17:14:59","I","2023-06-13 00:00:00","제조","305714.621124456","443699.506729216","냉동","지정되지않음",
"435","고압가스업","09_28_05_P","4261000","2017426008802200001","2017-12-12","","01","영업/정상","01","영업중","","","","2019-08-01","","","","강원특별자치도 횡성군 횡성읍 읍하리 476-5 횡성소방서","강원특별자치도 횡성군 횡성읍 문예로 157, 횡성소방서","25236","횡성소방서","2019-08-26 14:35:49","I","2023-06-13 00:00:00","제조","286077.872234339","443038.686764197","충전","기타",
"436","고압가스업","09_28_05_P","4261000","2018426008802200001","2018-10-24","","01","영업/정상","01","영업중","","","","","","","","강원특별자치도 횡성군 둔내면 우용리 649-13 둔내119안전센터","강원특별자치도 횡성군 둔내면 고원남로 42, 둔내119안전센터","25263","횡성소방서(둔내소방서119안전센터)","2025-05-23 14:17:42","U","2025-05-25 02:40:00","제조","307125.198217689","445610.494470898","충전","",
"437","고압가스업","09_28_05_P","4261000","2019426008802100001","2019-06-17","","01","영업/정상","01","영업중","","","","","","","","강원특별자치도 횡성군 우천면 상하가리 532","강원특별자치도 횡성군 우천면 우천산업단지로 37-6","25244","동원시스템즈(주)","2019-06-20 15:59:48","I","2023-06-13 00:00:00","저장소","293895.86419822","443437.169679595","","",
"438","고압가스업","09_28_05_P","4261000","2019426008802200001","2019-03-20","","01","영업/정상","01","영업중","","","","","","","","강원특별자치도 횡성군 우천면 정금리 246","강원특별자치도 횡성군 우천면 정포로 234","25245","(주)해성화공","2021-07-27 12:36:43","I","2023-06-13 00:00:00","제조","297539.165115489","447132.849323666","충전","",
"439","고압가스업","09_28_05_P","4261000","2019426008802200003","2019-08-22","","01","영업/정상","01","영업중","","","","","","","","강원특별자치도 횡성군 횡성읍 묵계리 43-2 대상(주) 종가집","강원특별자치도 횡성군 횡성읍 청용길 15, 대상(주) 종가집","25241","대상(주)","2019-10-22 17:49:13","I","2023-06-13 00:00:00","제조","286656.52975765","441635.851564271","냉동","",
"440","고압가스업","09_28_05_P","4261000","2019426008802200011","2019-08-26","","01","영업/정상","01","영업중","","","","","","","","강원특별자치도 횡성군 우천면 우항리 393-36","강원특별자치도 횡성군 우천면 서동로 199","25248","횡성소방서(우천119안전센터)","2025-10-20 17:29:42","U","2025-10-23 02:40:00","제조","","","충전","",
"441","고압가스업","09_28_05_P","4261000","2019426008802200012","2019-09-30","","01","영업/정상","01","영업중","","","","","","","","강원특별자치도 횡성군 우천면 법주리 725 넥스트바이오(주)","강원특별자치도 횡성군 우천면 우천제2농공단지로 65-10, 넥스트바이오(주)","25249","넥스트바이오(주)","2019-10-02 09:27:53","I","2023-06-13 00:00:00","제조","294086.00422436","439257.38657898","냉동","",
"442","고압가스업","09_28_05_P","4261000","2022426010502200001","2022-04-07","","01","영업/정상","01","영업중","","","","","","","","강원특별자치도 횡성군 우천면 하궁리 116-2","강원특별자치도 횡성군 우천면 경강로 3829","25245","강원도청(특수구조단)","2022-09-02 11:45:30","I","2023-06-13 00:00:00","제조","301380.291683539","444412.954927929","충전","",
"443","고압가스업","09_28_05_P","4261000","2022426010502200002","2022-04-07","","01","영업/정상","01","영업중","","","","","","","","강원특별자치도 횡성군 공근면 학담리 469-8","강원특별자치도 횡성군 공근면 영서로 130-5","25208","횡성소방서(공근119안전센터)","2022-04-07 15:29:17","I","2023-06-13 00:00:00","제조","","","충전","",
"444","고압가스업","09_28_05_P","4261000","2022426010502200003","2022-10-19","","01","영업/정상","01","영업중","","","","","","","","강원특별자치도 횡성군 우천면 하궁리 116-2","강원특별자치도 횡성군 우천면 경강로 3829","25245","특수대응단","2022-10-19 22:20:24","I","2023-06-13 00:00:00","제조","301380.291683539","444412.954927929","충전","",
"445","고압가스업","09_28_05_P","4261000","2022426010502200004","2022-10-21","","01","영업/정상","01","영업중","","","","","","","","강원특별자치도 횡성군 공근면 학담리 469-8","강원특별자치도 횡성군 공근면 영서로 130-5","25208","횡성소방서(","2022-10-21 18:47:58","I","2023-06-13 00:00:00","제조","","","충전","",
"446","고압가스업","09_28_05_P","4261000","1985426000902100001","1985-07-27","","01","영업/정상","01","영업중","","2005-12-27","2006-12-26","","","","","강원특별자치도 횡성군 횡성읍 읍상리 385-62","","","현대가스","2005-12-27 00:00:00","I","2023-06-13 00:00:00","저장소","","","일반","주거용",
"447","고압가스업","09_28_05_P","4261000","1989426000902100001","2016-12-15","","01","영업/정상","01","영업중","","","","2019-04-05","","","","강원특별자치도 횡성군 횡성읍 묵계리 43-2","강원특별자치도 횡성군 횡성읍 청용길 15","","대상주식회사","2025-03-14 10:44:25","U","2025-03-16 02:40:00","제조","286656.52975765","441635.851564271","냉동","공업용",
"448","고압가스업","09_28_05_P","4261000","1993426000902100001","1993-12-02","","01","영업/정상","01","영업중","","","","","","","","강원특별자치도 횡성군 서원면 유현리 산 189","","","우리유업(주)","2000-10-02 00:00:00","I","2023-06-13 00:00:00","제조","275758.540967526","447723.689936953","냉동","주거용",
"449","고압가스업","09_28_05_P","4261000","1994426000902100002","1994-02-04","","01","영업/정상","01","영업중","","","","","","","","강원특별자치도 횡성군 둔내면 우용리 227","","","형진가스","2004-04-14 00:00:00","I","2023-06-13 00:00:00","저장소","308708.956127131","444026.65663328","일반","특수토지",
"450","고압가스업","09_28_05_P","4261000","1995426000902100002","1995-12-08","","01","영업/정상","01","영업중","","","","","","","","강원특별자치도 횡성군 둔내면 현천리 1600-6","","","(주)도도화장품","2000-10-02 00:00:00","I","2023-06-13 00:00:00","제조","","","냉동","주거용",
"451","고압가스업","09_28_05_P","4261000","1995426000902100005","1998-08-08","","01","영업/정상","01","영업중","","","","","","","","강원특별자치도 횡성군 우천면 하대리 366","강원특별자치도 횡성군 우천면 하대길 102","","태양가스","2000-10-13 00:00:00","I","2023-06-13 00:00:00","저장소","295326.228827946","440069.999815673","일반","특수토지",
"452","고압가스업","09_28_05_P","4261000","1996426000902100004","2009-07-28","","01","영업/정상","01","영업중","","","","","","","","강원특별자치도 횡성군 횡성읍 마산리 308","강원특별자치도 횡성군 횡성읍 한우로 495","","대화제약","2024-04-25 14:53:03","U","2024-04-27 02:40:00","제조","288879.95156353","443499.275937033","냉동","주거용",
"453","고압가스업","09_28_05_P","4261000","1997426000902100006","1997-08-26","","01","영업/정상","01","영업중","","","","","","","","강원특별자치도 횡성군 우천면 양적리 37-31","","","파스퇴르식품(주)","2000-10-05 00:00:00","I","2023-06-13 00:00:00","제조","","","냉동","주.상복합용",
"454","고압가스업","09_28_05_P","4261000","2020426008802100001","2020-03-18","","01","영업/정상","01","영업중","","","","","","","","강원특별자치도 횡성군 우천면 상하가리 573","","","유성씨엔에프(주)","2020-07-24 14:50:10","I","2023-06-13 00:00:00","제조","293915.319009643","442903.35920088","냉동","공업용",
"455","고압가스업","09_28_05_P","4261000","2020426010202100002","2020-12-18","","01","영업/정상","01","영업중","","","","","","","","강원특별자치도 횡성군 우천면 상하가리 541","강원특별자치도 횡성군 우천면 우천산업단지로 75-13","25244","동원시스템즈 횡성공장","2020-12-18 15:37:22","I","2023-06-13 00:00:00","제조","293627.126992825","443355.930767678","냉동","",
"456","고압가스업","09_28_05_P","4261000","2020426010202200001","2020-07-16","","01","영업/정상","01","영업중","","","","","","","","강원특별자치도 횡성군 우천면 상하가리 541","강원특별자치도 횡성군 우천면 우천산업단지로 75-13","25244","동원시스템즈(주)횡성공장","2020-08-24 10:20:06","I","2023-06-13 00:00:00","제조","293627.126992825","443355.930767678","냉동","",
"457","고압가스업","09_28_05_P","4261000","1999426000902100001","2009-01-23","","01","영업/정상","01","영업중","","","","","","","","강원특별자치도 횡성군 안흥면 소사리 1334","강원특별자치도 횡성군 안흥면 봉화로 790","","롯데웰푸드 주식회사","2025-09-15 16:11:02","U","2025-09-17 02:40:00","저장소","300709.700909535","440517.716466947","냉동","특수토지",
"458","고압가스업","09_28_05_P","4261000","2000426000902100002","2000-05-18","","01","영업/정상","01","영업중","","","","","","","","강원특별자치도 횡성군 우천면 양적리 37-1","","","(주)디씨엔","2003-04-16 00:00:00","I","2023-06-13 00:00:00","판매","","","일반","주상기타",
"459","고압가스업","09_28_05_P","4261000","2001426000902200001","2001-04-06","","01","영업/정상","01","영업중","","","","","","","","강원특별자치도 횡성군 공근면 창봉리 652","강원특별자치도 횡성군 공근면 영서로 800","","(주)소모에너지 횡성공장","2023-02-22 09:52:11","I","2023-06-13 00:00:00","제조","282623.180513953","453127.771114394","일반","특수토지",
"460","고압가스업","09_28_05_P","4261000","2004426000902100001","2004-06-09","","01","영업/정상","01","영업중","","","","","","","","강원특별자치도 횡성군 둔내면 현천리 113 국순당 횡성공장","강원특별자치도 횡성군 둔내면 강변로 975, 국순당 횡성공장","25266","(주)국순당 횡성공장","2023-11-28 10:29:14","U","2023-11-30 02:40:00","제조","305714.621124456","443699.506729216","냉동","상업용",
"461","고압가스업","09_28_05_P","4261000","2004426000902100003","2004-12-24","","01","영업/정상","01","영업중","","","","","","3094","","강원특별자치도 횡성군 횡성읍 개전리 453","강원특별자치도 횡성군 횡성읍 태기로개전7길 9-6","","횡성가스상사","2020-05-18 21:09:45","I","2023-06-13 00:00:00","판매","289520.422768004","445347.07131204","일반","기타",
"462","고압가스업","09_28_05_P","4261000","2005426000902100002","2005-11-18","","01","영업/정상","01","영업중","","","","","","","","강원특별자치도 횡성군 횡성읍 송전리 5-1","","","한국수자원공사 횡성권관리단","2013-02-01 14:33:45","I","2023-06-13 00:00:00","저장소","","","일반","기타",
"463","고압가스업","09_28_05_P","4261000","2005426000902100003","2005-12-23","","01","영업/정상","01","영업중","","","","","","","","강원특별자치도 횡성군 둔내면 둔방내리 229-34","강원특별자치도 횡성군 둔내면 검두재길 71","","성우가스","2021-03-23 09:37:06","I","2023-06-13 00:00:00","판매","306121.67665067","447005.892126283","일반","전",
"464","고압가스업","09_28_05_P","4261000","2005426000902200002","2005-08-17","","01","영업/정상","01","영업중","","","","","","","","강원특별자치도 횡성군 횡성읍 읍상리 364","강원특별자치도 횡성군 횡성읍 북천서로 20","","횡성교회","2024-11-13 14:11:19","U","2024-11-15 02:40:00","제조","287436.056676025","443756.934567354","일반","지정되지않음",
"465","고압가스업","09_28_05_P","4261000","1984426000902100003","1994-02-04","","01","영업/정상","01","영업중","","","","","","1889.07","","강원특별자치도 횡성군 횡성읍 읍하리 285","","","횡성가스","2017-06-19 17:58:00","I","2023-06-13 00:00:00","저장소","","","일반","특수토지",
"466","고압가스업","09_28_05_P","4261000","2006426000902100002","2006-05-24","","01","영업/정상","01","영업중","","","","","","","","강원특별자치도 횡성군 우천면 산전리 137-2","","","이화성업(주)","2006-05-24 00:00:00","I","2023-06-13 00:00:00","판매","","","일반","공업용",
"467","고압가스업","09_28_05_P","4261000","2021426010202100001","2021-01-29","","01","영업/정상","01","영업중","","","","","","18078.2","","강원특별자치도 횡성군 우천면 상하가리 369","","","(주)팜클","2022-08-12 16:57:28","I","2023-06-13 00:00:00","제조","293320.010747957","443912.522675699","충전","공업용",
"468","고압가스업","09_28_05_P","4261000","2022426010502100001","2022-12-07","","01","영업/정상","01","영업중","","","","","","","","강원특별자치도 횡성군 횡성읍 묵계리 176","","","(주)횡성수소충전발전소","2023-08-14 09:31:59","U","2023-08-17 02:40:00","제조","286413.429043559","441741.837411736","충전","",
"469","고압가스업","09_28_05_P","4261000","2009426005902200001","2009-02-11","","01","영업/정상","01","영업중","","","","","","","","강원특별자치도 횡성군 횡성읍 마산리 308","강원특별자치도 횡성군 횡성읍 한우로 495","","대화제약(주)","2024-04-24 16:30:27","I","2024-04-26 00:14:55","제조","288879.95156353","443499.275937033","냉동","공업용",
"470","고압가스업","09_28_05_P","4261000","2025426107202100003","2025-06-25","","01","영업/정상","01","영업중","","","","","","","","강원특별자치도 횡성군 우천면 상하가리 488 (주)솔리비스","","","(주)솔리비스 횡성공장","2025-07-22 11:03:40","U","2025-07-24 02:40:00","저장소","293649.88291015","443515.815500038","","",
"471","고압가스업","09_28_05_P","4261000","2025426107202100001","2025-02-24","","01","영업/정상","01","영업중","","","","","","","","강원특별자치도 횡성군 우천면 상하가리 488","","","(주)솔리비스","2025-05-19 15:46:27","U","2025-05-21 02:40:00","제조","293649.88291015","443515.815500038","냉동","",
"472","고압가스업","09_28_05_P","4261000","2025426107202100002","2025-05-01","","01","영업/정상","01","영업중","","","","","","","","강원특별자치도 횡성군 횡성읍 묵계리 113-1","강원특별자치도 횡성군 횡성읍 횡성로 161","25239","(재)한국건설생활환경시험연구원","2025-05-01 15:58:44","I","2025-05-03 00:20:28","제조","286251.352555282","441155.595058492","냉동","",
"473","고압가스업","09_28_05_P","4271000","2015427007202100001","2015-12-24","","01","영업/정상","01","영업중","","","","","","489","","강원특별자치도 영월군 남면 북쌍리 280-58","","","서강종합가스","2020-07-30 17:38:46","I","2023-06-13 00:00:00","판매","324495.031789935","411924.453543328","","전",
"474","고압가스업","09_28_05_P","4271000","2016427007202100001","2016-04-18","","01","영업/정상","01","영업중","","","","","","","","강원특별자치도 영월군 한반도면 신천리 329-2","강원특별자치도 영월군 한반도면 서강로 659-4","","새주천가스상사","2022-04-11 10:27:14","I","2023-06-13 00:00:00","판매","317010.131432841","415947.422154106","","",
"475","고압가스업","09_28_05_P","4271000","2017427007702200001","2017-12-13","","01","영업/정상","01","영업중","","","","","","","","강원특별자치도 영월군 영월읍 하송리 288 영월소방서 119안전센터","강원특별자치도 영월군 영월읍 영월로 1863, 영월소방서 119안전센터","26235","영월소방서 영월119안전센터","2022-03-03 10:42:55","I","2023-06-13 00:00:00","제조","329449.267130944","410274.645286336","충전","",
"476","고압가스업","09_28_05_P","4271000","2018427007702200001","2018-10-23","","01","영업/정상","01","영업중","","","","","","","","강원특별자치도 영월군 주천면 주천리 1376-20 영월소방서주천119안전센터","강원특별자치도 영월군 주천면 송학주천로 1467-15, 영월소방서주천119안전센터","26203","영월소방서 주천119안전센터","2025-05-23 16:00:17","U","2025-05-25 02:40:00","제조","312551.175954097","419954.497859783","충전","",
"477","고압가스업","09_28_05_P","4271000","2019427007702200001","2019-04-29","","01","영업/정상","01","영업중","","","","","","","","강원특별자치도 영월군 영월읍 정양리 697-18 영월스포츠파크","강원특별자치도 영월군 영월읍 중앙로 411, 영월스포츠파크","26231","한국남부발전(주) 영월발전본부","2019-04-29 15:12:20","I","2023-06-13 00:00:00","제조","","","냉동","",
"478","고압가스업","09_28_05_P","4271000","2020427007702100001","2020-10-19","","01","영업/정상","01","영업중","","","","","","","","강원특별자치도 영월군 한반도면 쌍용리 126-4","강원특별자치도 영월군 한반도면 강원남로 330-54","26214","대성라임켐 주식회사","2025-07-29 18:17:05","U","2025-07-31 02:40:00","저장소","318129.502149236","407781.203845898","","",
"479","고압가스업","09_28_05_P","4271000","2020427007702100002","2020-11-02","","01","영업/정상","01","영업중","","","","","","","","강원특별자치도 영월군 주천면 주천리 1424-1","강원특별자치도 영월군 주천면 송학주천로 1467-51","26203","한국가스안전공사(에너지실증연구센터)","2021-02-03 15:00:58","I","2023-06-13 00:00:00","제조","312371.720546162","420352.828544643","일반","",
"480","고압가스업","09_28_05_P","4271000","2021427007702100001","2021-06-11","","01","영업/정상","01","영업중","","","","","","","","강원특별자치도 영월군 한반도면 쌍용리 700","","","쌍용C&E 영월공장","2021-09-07 15:38:45","I","2023-06-13 00:00:00","저장소","317347.502944123","410181.464799262","","",
"481","고압가스업","09_28_05_P","4271000","2021427007702200001","2021-04-01","","01","영업/정상","01","영업중","","","","","","","","강원도 영월군 중동면 녹전리 961-4 영월소방서중동119지역대","","26243","영월소방서 중동119안전센터","2021-04-01 09:51:58","I","2023-06-13 00:00:00","제조","349189.696946325","405840.703374841","충전","",
"482","고압가스업","09_28_05_P","4271000","2021427007702200002","2021-09-09","","01","영업/정상","01","영업중","","","","","","","","강원특별자치도 영월군 남면 북쌍리 산 107-3","강원특별자치도 영월군 남면 영월로 991","26215","육군 제8522부대","2024-12-06 15:29:52","U","2024-12-08 02:40:00","제조","324678.368659733","411783.245583575","충전","",
"483","고압가스업","09_28_05_P","4271000","1992427007202100004","1992-04-13","","01","영업/정상","01","영업중","","","","","","","","강원특별자치도 영월군 한반도면 신천리 855-3","","","현대시멘트 주식회사","2015-10-08 11:37:13","I","2023-06-13 00:00:00","제조","317787.555688641","415023.611981086","냉동","",
"484","고압가스업","09_28_05_P","4271000","2000427000902100002","1992-06-05","","01","영업/정상","01","영업중","","","","","","1649","","강원특별자치도 영월군 영월읍 덕포리 산 2-7","강원특별자치도 영월군 영월읍 영월로 2181-14","","동아산소","2016-02-17 10:48:19","I","2023-06-13 00:00:00","판매","","","일반","주거용",
"485","고압가스업","09_28_05_P","4271000","2000427000902100019","1994-11-19","","01","영업/정상","01","영업중","","","","","","","","강원특별자치도 영월군 한반도면 쌍용리 121-16","강원특별자치도 영월군 한반도면 토교로 9","26214","종합가스","2022-02-25 16:17:58","I","2023-06-13 00:00:00","판매","318611.188333538","408013.585755126","일반","주거용",
"486","고압가스업","09_28_05_P","4271000","2000427000902100022","1991-04-02","","01","영업/정상","01","영업중","","","","","","","","강원특별자치도 영월군 한반도면 신천리 476-3","강원특별자치도 영월군 한반도면 안새내길 14","26212","주천종합가스","2020-08-10 15:33:53","I","2023-06-13 00:00:00","판매","318076.779484109","415609.575711357","일반","주거용",
"487","고압가스업","09_28_05_P","4271000","2023427007702100001","2023-05-31","","01","영업/정상","01","영업중","","","","","","","","강원특별자치도 영월군 주천면 주천리 1424-1","강원특별자치도 영월군 주천면 송학주천로 1467-51","26203","한국가스안전공사 에너지안전실증연구센터","2023-05-31 10:31:01","I","2023-06-13 00:00:00","제조","312371.720546162","420352.828544643","","",
"488","고압가스업","09_28_05_P","4271000","2002427000902100001","2002-03-27","","01","영업/정상","01","영업중","","","","","","","","강원특별자치도 영월군 북면 마차리 1226","강원특별자치도 영월군 북면 봉래산로 803-48","","북면 대성가스","2013-10-22 15:34:34","I","2023-06-13 00:00:00","저장소","329085.164225527","416312.558313456","일반","주거나지",
"489","고압가스업","09_28_05_P","4271000","2004427004202200001","2004-08-25","","01","영업/정상","01","영업중","","","","","","","","강원특별자치도 영월군 영월읍 덕포리 686","강원특별자치도 영월군 영월읍 중앙로 239","","한국전력공사영월지점","2009-05-06 09:41:29","I","2023-06-13 00:00:00","제조","331265.56725198","408713.43590992","냉동","단독",
"490","고압가스업","09_28_05_P","4271000","2006427004202100001","2006-03-21","","01","영업/정상","01","영업중","","","","","","","","강원특별자치도 영월군 북면 마차리 797-2","강원특별자치도 영월군 북면 밤재로 425","","(주)대웅생명과학","2012-04-17 14:28:31","I","2023-06-13 00:00:00","제조","330476.091770223","419298.970529529","냉동","공업용",
"491","고압가스업","09_28_05_P","4271000","2008427005902100001","2008-11-04","","01","영업/정상","01","영업중","","","","","","498","","강원특별자치도 영월군 한반도면 쌍용리 568-1","강원특별자치도 영월군 한반도면 강원남로 267","","영월 LCNG충전소","2009-04-07 17:07:33","I","2023-06-13 00:00:00","제조","317299.303539356","408827.96304274","충전","",
"492","고압가스업","09_28_05_P","4271000","2010427005902100001","2010-05-19","","01","영업/정상","01","영업중","","","","","","","","강원특별자치도 영월군 영월읍 정양리 697-18","강원특별자치도 영월군 영월읍 중앙로 411","26231","한국남부발전(주) 영월빛드림본부","2024-01-05 17:07:43","U","2024-01-07 02:40:00","저장소","","","","",
"493","고압가스업","09_28_05_P","4271000","2010427005902100002","2010-07-20","","01","영업/정상","01","영업중","","","","","","","","강원특별자치도 영월군 영월읍 삼옥리 산 121-13","","","(주)동강시스타","2010-07-21 11:18:03","I","2023-06-13 00:00:00","저장소","334228.369991519","414061.767742215","","",
"494","고압가스업","09_28_05_P","4271000","2011427005902100001","2011-02-11","","01","영업/정상","01","영업중","","","","","","","","강원특별자치도 영월군 영월읍 삼옥리 121-13","","","(주)동강시스타","2011-02-11 18:01:51","I","2023-06-13 00:00:00","저장소","","","","",
"495","고압가스업","09_28_05_P","4271000","2011427005902200001","2011-05-09","","01","영업/정상","01","영업중","","","","","","","","강원특별자치도 영월군 영월읍 삼옥리 81","강원특별자치도 영월군 영월읍 사지막길 160","","에스엠 동강시스타","2024-03-06 16:11:51","U","2024-03-08 02:40:00","제조","334846.307548593","413956.405283142","냉동","",
"496","고압가스업","09_28_05_P","4271000","2024427104602100001","2024-10-28","","01","영업/정상","01","영업중","","","","","","","","강원특별자치도 영월군 영월읍 정양리 697-18","강원특별자치도 영월군 영월읍 중앙로 411","26231","한국남부발전(주) 영월빛드림본부","2024-12-06 15:30:22","U","2024-12-08 02:40:00","제조","","","일반","",
"497","고압가스업","09_28_05_P","4271000","2024427103902100001","2024-06-12","","01","영업/정상","01","영업중","","","","","","","","강원특별자치도 영월군 남면 토교리 113","","","(재)강원테크노파크","2024-06-14 10:28:09","I","2024-06-16 00:14:33","제조","318255.440619722","407583.275165831","","",
"498","고압가스업","09_28_05_P","4271000","2023427103902100001","2023-10-17","","01","영업/정상","01","영업중","","","","","","","","강원특별자치도 영월군 주천면 주천리 1424-1","강원특별자치도 영월군 주천면 송학주천로 1467-51","26203","한국가스안전공사 에너지안전실증연구센터","2023-10-18 10:00:03","I","2023-10-20 00:17:55","제조","312371.720546162","420352.828544643","","",
"499","고압가스업","09_28_05_P","4281000","2009428008302200003","2009-04-14","","01","영업/정상","01","영업중","","","","","","","","강원특별자치도 평창군 대관령면 용산리 233","강원특별자치도 평창군 대관령면 솔봉로 325","","케이에이치강원개발 주식회사","2023-07-18 14:52:33","I","2023-07-20 00:18:54","제조","347174.584279176","463546.405189068","냉동","",
"500","고압가스업","09_28_05_P","4281000","2005428004802100001","2010-02-04","","01","영업/정상","01","영업중","","2007-06-14","2007-12-14","","","","","강원특별자치도 평창군 용평면 속사리 239-17","","","장평가스","2013-12-31 17:36:44","I","2023-06-13 00:00:00","판매","331737.201243221","463055.037699934","일반","기타",
"501","고압가스업","09_28_05_P","4281000","2013428009402200006","2013-12-11","","01","영업/정상","01","영업중","","","","","","","","강원특별자치도 평창군 대화면 신리 1106-46 그린바이오과학기술원-교육행정동-4호기","","","국립대학법인 서울대학교","2013-12-11 17:58:07","I","2023-06-13 00:00:00","제조","","","냉동","",
"502","고압가스업","09_28_05_P","4281000","2013428009402200007","2013-12-11","","01","영업/정상","01","영업중","","","","","","","","강원특별자치도 평창군 대화면 신리 1106-46 그린바이오과학기술원-교육행정동-3호기","","","국립대학법인 서울대학교","2013-12-11 17:58:28","I","2023-06-13 00:00:00","제조","","","냉동","",
"503","고압가스업","09_28_05_P","4281000","2013428009402200008","2013-12-11","","01","영업/정상","01","영업중","","","","","","","","강원특별자치도 평창군 대화면 신리 1106-46 그린바이오과학기술원-교육행정동-1호기","","","국립대학법인 서울대학교","2013-12-11 18:00:29","I","2023-06-13 00:00:00","제조","","","냉동","",
"504","고압가스업","09_28_05_P","4281000","2015428009402100001","2015-06-26","","01","영업/정상","01","영업중","","","","","","","","강원특별자치도 평창군 대관령면 용산리 산 207","","","올림픽슬라이딩센터","2019-06-21 10:42:14","I","2023-06-13 00:00:00","제조","","","냉동","기타",
"505","고압가스업","09_28_05_P","4281000","2015428009402200001","2015-09-22","","01","영업/정상","01","영업중","","","","","","","","","강원특별자치도 평창군 봉평면 진조길 227-35","","해태에이치티비(주)(공장동전면좌측1)","2025-01-16 15:51:08","U","2025-01-18 02:40:00","제조","317288.170381763","450899.683548878","냉동","",
"506","고압가스업","09_28_05_P","4281000","2015428009402200002","2015-09-22","","01","영업/정상","01","영업중","","","","","","","","","강원특별자치도 평창군 봉평면 진조길 227-35","","해태에이치티비(주)(공장동전면좌측2)","2025-01-16 15:51:23","U","2025-01-18 02:40:00","제조","317288.170381763","450899.683548878","냉동","",
"507","고압가스업","09_28_05_P","4281000","2015428009402200003","2015-09-22","","01","영업/정상","01","영업중","","","","","","","","","강원특별자치도 평창군 봉평면 진조길 227-35","","해태에이치티비(주)(집진기실옥상)","2025-01-16 15:51:54","U","2025-01-18 02:40:00","제조","317288.170381763","450899.683548878","냉동","",
"508","고압가스업","09_28_05_P","4281000","2016428009402200000","2016-05-18","","01","영업/정상","01","영업중","","","","","","","","강원특별자치도 평창군 봉평면 면온리 922","강원특별자치도 평창군 봉평면 태기로 228-95","25307","더화이트호텔리조트","2023-05-01 13:09:32","I","2023-06-13 00:00:00","제조","317721.075516227","453496.543743229","일반","",
"509","고압가스업","09_28_05_P","4281000","2017428009402200001","2017-12-13","","01","영업/정상","01","영업중","","","","","","","","강원특별자치도 평창군 평창읍 후평리 737 평창소방서","강원특별자치도 평창군 평창읍 살구실길 10, 평창소방서","25372","평창소방서","2021-04-30 13:10:21","I","2023-06-13 00:00:00","제조","323000.447780766","431567.927150487","충전","",
"510","고압가스업","09_28_05_P","4281000","2018428009402100001","2018-10-16","","01","영업/정상","01","영업중","","","","","","1061.39","","강원특별자치도 평창군 대화면 대화리 1139","","","제일가스","2025-06-12 14:04:47","U","2025-06-15 02:40:00","판매","327790.714853816","445949.707130345","","전",
"511","고압가스업","09_28_05_P","4281000","2018428009402200001","2018-11-06","","01","영업/정상","01","영업중","","","","","","","","강원특별자치도 평창군 진부면 하진부리 9-1 평창소방서 진부안전센터","강원특별자치도 평창군 진부면 진부로 37, 평창소방서 진부안전센터","25327","평창소방서(진부119안전센터)","2024-08-09 13:48:19","U","2024-08-11 02:40:00","제조","338280.142205885","461432.680862185","충전","",
"512","고압가스업","09_28_05_P","4281000","2019428010902200001","2019-07-08","","01","영업/정상","01","영업중","","","","","","","","강원특별자치도 평창군 봉평면 진조리 227-3 해태음료","강원특별자치도 평창군 봉평면 진조길 227-35, 해태음료","25308","해태에이치티비(주)","2025-01-16 15:51:39","U","2025-01-18 02:40:00","제조","317200.841570524","450828.377691506","냉동","",
"513","고압가스업","09_28_05_P","4281000","2019428010902200002","2019-08-28","","01","영업/정상","01","영업중","","","","","","","","강원특별자치도 평창군 대관령면 횡계리 371-34 대관령119안전센터","강원특별자치도 평창군 대관령면 올림픽로 62-20, 대관령119안전센터","25347","평창소방서(대관령119안전센터)","2019-08-28 11:15:28","I","2023-06-13 00:00:00","제조","350045.352823889","464705.192958953","충전","",
"514","고압가스업","09_28_05_P","4281000","2020428012302100001","2020-11-06","","01","영업/정상","01","영업중","","","","","","14276","","강원특별자치도 평창군 대관령면 횡계리 14-297","강원특별자치도 평창군 대관령면 경강로 5754","25342","강원도 평창 대관령 수소충전소","2024-11-06 09:13:15","U","2024-11-08 02:40:00","제조","355040.445560128","466245.576961569","충전","기타",
"515","고압가스업","09_28_05_P","4281000","2021428012302200001","2021-04-07","","01","영업/정상","01","영업중","","","","","","","","강원특별자치도 평창군 봉평면 창동리 421-5 봉평119안전센터","강원특별자치도 평창군 봉평면 기풍로 107-6, 봉평119안전센터","25304","평창소방서(봉평119안전센터)","2021-12-23 18:09:21","I","2023-06-13 00:00:00","제조","321568.418322229","457597.819155017","충전","",
"516","고압가스업","09_28_05_P","4281000","2021428012302200002","2021-04-07","","01","영업/정상","01","영업중","","","","","","","","강원특별자치도 평창군 대화면 대화리 1161 대화119지역대","강원특별자치도 평창군 대화면 평창대로 934, 대화119지역대","25358","평창소방서(대화119안전센터)","2021-12-23 18:08:33","I","2023-06-13 00:00:00","제조","328513.504860274","445532.329143879","충전","",
"517","고압가스업","09_28_05_P","4281000","1985428000502200001","1985-05-28","","01","영업/정상","01","영업중","","","","","","","","강원특별자치도 평창군 대관령면 용산리 130","강원특별자치도 평창군 대관령면 올림픽로 715","","모나용평주식회사 드레곤밸리호텔2층","2025-01-15 13:21:31","U","2025-01-17 02:40:00","제조","348259.144297804","461699.273918606","냉동","특수토지",
"518","고압가스업","09_28_05_P","4281000","1990428000502200001","1990-02-07","","01","영업/정상","01","영업중","","","","","","","","강원특별자치도 평창군 대관령면 용산리 130","강원특별자치도 평창군 대관령면 올림픽로 715","","모나용평주식회사 볼링장","2025-01-15 13:19:42","U","2025-01-17 02:40:00","제조","348259.144297804","461699.273918606","냉동","특수토지",
"519","고압가스업","09_28_05_P","4281000","1991428000502100001","1991-10-26","","01","영업/정상","01","영업중","","","","","","","","강원특별자치도 평창군 평창읍 여만리 356-1","","","평창에너지","2020-07-10 09:34:58","I","2023-06-13 00:00:00","판매","323535.540875327","431684.097171081","일반","특수토지",
"520","고압가스업","09_28_05_P","4281000","1992428000502100001","2012-05-08","","01","영업/정상","01","영업중","","","","","","","","강원특별자치도 평창군 진부면 상진부리","강원특별자치도 평창군 진부면 경강로 3925-30","","(주)오리온","2022-07-22 14:57:04","I","2023-06-13 00:00:00","제조","339144.007303085","463304.034164043","냉동","특수토지",
"521","고압가스업","09_28_05_P","4281000","1995428000502100001","2009-02-26","","01","영업/정상","01","영업중","","","","","","","","강원특별자치도 평창군 봉평면 면온리 산 276","강원특별자치도 평창군 봉평면 태기로 174","","휘닉스중앙평창 주식회사","2024-11-20 18:07:03","U","2024-11-22 02:40:00","제조","317177.713905004","454046.509523181","냉동","특수토지",
"522","고압가스업","09_28_05_P","4281000","1998428000502100001","1998-03-19","","01","영업/정상","01","영업중","","","","","","","","강원특별자치도 평창군 진부면 송정리 1747-1","강원특별자치도 평창군 진부면 땅골길 14","","대성종합가스","2022-05-04 13:25:05","I","2023-06-13 00:00:00","판매","337700.618581777","459994.812807247","일반","특수토지",
"523","고압가스업","09_28_05_P","4281000","2000428000502100001","1987-03-13","","01","영업/정상","01","영업중","","","","2012-05-24","","809","","강원특별자치도 평창군 대화면 하안미리 582","강원특별자치도 평창군 대화면 가평로 181-4","","형제가스","2020-06-14 19:16:55","I","2023-06-13 00:00:00","판매","328994.431357805","439599.741229997","일반","전",
"524","고압가스업","09_28_05_P","4281000","2006428003902200001","2006-09-07","","01","영업/정상","01","영업중","","","","","","","","강원특별자치도 평창군 대관령면 용산리 130","강원특별자치도 평창군 대관령면 올림픽로 715","","모나용평주식회사 눈마을","2025-01-15 13:17:17","U","2025-01-17 02:40:00","제조","348259.144297804","461699.273918606","일반","지정되지않음",
"525","고압가스업","09_28_05_P","4281000","2006428004802100002","2006-03-16","","01","영업/정상","01","영업중","","","","","","","","강원특별자치도 평창군 대관령면 유천리 48-1","강원특별자치도 평창군 대관령면 높은다리길 2","","대관령가스","2007-12-21 14:28:15","I","2023-06-13 00:00:00","판매","345762.256946638","465699.251895736","일반","상업.업무용",
"526","고압가스업","09_28_05_P","4281000","2006428004802100003","2006-05-03","","01","영업/정상","01","영업중","","","","","","","","강원특별자치도 평창군 진부면 송정리 1099","강원특별자치도 평창군 진부면 면화동길 118","","우리가스","2018-04-19 19:05:41","I","2023-06-13 00:00:00","판매","339377.913907151","460638.509550217","일반","지정되지않음",
"527","고압가스업","09_28_05_P","4281000","2006428004802100004","2006-05-03","","01","영업/정상","01","영업중","","","","2021-01-01","","","","강원특별자치도 평창군 평창읍 주진리 124-1","강원특별자치도 평창군 평창읍 서동로 1833","25369","강원가스","2022-07-07 09:03:21","I","2023-06-13 00:00:00","판매","325356.067267959","435191.016692906","일반","지정되지않음",
"528","고압가스업","09_28_05_P","4281000","2008428008302100001","2008-07-17","","01","영업/정상","01","영업중","","","","","","","","강원특별자치도 평창군 대관령면 용산리 233","강원특별자치도 평창군 대관령면 솔봉로 325","","케이에이치강원개발 주식회사","2023-05-09 21:00:40","I","2023-06-13 00:00:00","제조","347174.584279176","463546.405189068","냉동","",
"529","고압가스업","09_28_05_P","4281000","2008428008302100002","2010-11-09","","01","영업/정상","01","영업중","","","","","","","","강원특별자치도 평창군 진부면 간평리 221-1 (켄싱턴플로라호텔 평창)","강원특별자치도 평창군 진부면 진고개로 231 ((켄싱턴플로라호텔 평창))","","(주)이랜드파크 켄싱턴호텔 평창","2018-10-18 09:28:50","I","2023-06-13 00:00:00","저장소","340818.137507753","466311.107992923","","",
"530","고압가스업","09_28_05_P","4281000","2009428008302200001","2009-12-08","","01","영업/정상","01","영업중","","","","","","","","강원특별자치도 평창군 대관령면 용산리 233","강원특별자치도 평창군 대관령면 솔봉로 325 (알펜시아리조트)","","케이에이치강원개발 주식회사","2023-07-18 14:52:46","U","2023-07-20 02:40:00","제조","347174.584279176","463546.405189068","냉동","",
"531","고압가스업","09_28_05_P","4281000","2010428008302200001","2010-06-15","","01","영업/정상","01","영업중","","","","","","","","강원특별자치도 평창군 대관령면 용산리 233","강원특별자치도 평창군 대관령면 솔봉로 325 (알펜시아리조트워터파크동)","","케이에이치강원개발 주식회사","2023-07-18 14:52:57","U","2023-07-20 02:40:00","제조","347174.584279176","463546.405189068","냉동","기타",
"532","고압가스업","09_28_05_P","4281000","2012428008302100001","2012-05-23","","01","영업/정상","01","영업중","","","","","","","","강원특별자치도 평창군 대화면 신리 1106-46 (그린바이오연구단지 사무실동)","","","서울대학교","2014-04-22 22:11:18","I","2023-06-13 00:00:00","제조","","","냉동","전",
"533","고압가스업","09_28_05_P","4281000","2013428009402100002","2013-02-08","","01","영업/정상","01","영업중","","","","","","","","강원특별자치도 평창군 대화면 신리 1106-46 그린바이오연구단지 교육행정동, 연구동","","","국립대학법인 서울대학교","2013-02-08 10:25:14","I","2023-06-13 00:00:00","제조","","","냉동","전",
"534","고압가스업","09_28_05_P","4281000","2013428009402100003","2013-05-24","","01","영업/정상","01","영업중","","","","","","","","강원특별자치도 평창군 진부면 상진부리","강원특별자치도 평창군 진부면 경강로 3925-30 (원료사업부-종자동)","","(주)오리온","2022-07-22 14:53:21","I","2023-06-13 00:00:00","제조","339144.007303085","463304.034164043","냉동","기타",
"535","고압가스업","09_28_05_P","4281000","2013428009402200001","2013-08-06","","01","영업/정상","01","영업중","","","","","","","","강원특별자치도 평창군 대화면 신리 1200 그린바이오첨단연구단지-첨단질병센터","","","서울대학교","2023-01-13 09:34:13","I","2023-06-13 00:00:00","제조","","","냉동","",
"536","고압가스업","09_28_05_P","4281000","2013428009402200003","2013-12-11","","01","영업/정상","01","영업중","","","","","","","","강원특별자치도 평창군 대화면 신리 1106-46 그린바이오과학기술원-교육행정동-2호기","","","국립대학법인 서울대학교","2013-12-11 18:01:38","I","2023-06-13 00:00:00","제조","","","냉동","",
"537","고압가스업","09_28_05_P","4281000","2013428009402200004","2013-12-11","","01","영업/정상","01","영업중","","","","","","","","강원특별자치도 평창군 대화면 신리 1106-46 그린바이오과학기술원-교육행정동-6호기","","","국립대학법인 서울대학교","2013-12-11 17:57:31","I","2023-06-13 00:00:00","제조","","","냉동","",
"538","고압가스업","09_28_05_P","4281000","2013428009402200005","2013-12-11","","01","영업/정상","01","영업중","","","","","","","","강원특별자치도 평창군 대화면 신리 1106-46 그린바이오과학기술원-교육행정동-5호기","","","국립대학법인 서울대학교","2013-12-11 17:57:50","I","2023-06-13 00:00:00","제조","","","냉동","",
"539","고압가스업","09_28_05_P","4281000","2024428109602100002","2024-11-07","","01","영업/정상","01","영업중","","","","","","3191","","강원특별자치도 평창군 대관령면 횡계리 14-291 ,14-452","","","강원도 평창 대관령 수소충전소 그린수소 공급 수전해설비","2024-11-07 15:33:49","I","2024-11-09 00:12:08","제조","355030.983020643","466327.614277097","일반","기타",
"540","고압가스업","09_28_05_P","4281000","2024428102402200001","2024-06-21","","01","영업/정상","01","영업중","","","","","","","","강원특별자치도 평창군 봉평면 면온리 1120 (주)휘닉스평창","","","휘닉스중앙평창 주식회사(호텔동)","2025-02-13 15:34:04","U","2025-02-15 02:40:00","제조","316185.177408679","453434.602026602","냉동","기타",
"541","고압가스업","09_28_05_P","4291000","2011429007202100001","2011-03-15","","01","영업/정상","01","영업중","","","","","","","","강원특별자치도 정선군 사북읍 사북리 424","강원특별자치도 정선군 사북읍 하이원길 265","","(주)강원랜드(강원랜드호텔)","2020-05-06 11:49:35","I","2023-06-13 00:00:00","제조","361518.513221455","413851.267613498","냉동","상업기타",
"542","고압가스업","09_28_05_P","4291000","2017429007202200001","2017-12-13","","01","영업/정상","01","영업중","","","","","","","","강원특별자치도 정선군 정선읍 봉양리 80 정선소방서","강원특별자치도 정선군 정선읍 녹송로 27, 정선소방서","26127","정선소방서(조양119안전센터)","2021-04-09 10:04:26","I","2023-06-13 00:00:00","제조","347993.824343236","432132.446264467","충전","",
"543","고압가스업","09_28_05_P","4291000","2018429007202200001","2018-05-31","","01","영업/정상","01","영업중","","","","","","","","강원특별자치도 정선군 사북읍 사북리 산 155-58 하이원 워터월드","강원특별자치도 정선군 사북읍 하이원길 175 (하이원 워터월드 제1호기)","26154","(주)강원랜드","2018-05-31 16:09:15","I","2023-06-13 00:00:00","제조","361192.676771488","413952.039713274","냉동","",
"544","고압가스업","09_28_05_P","4291000","2018429007202200002","2018-05-31","","01","영업/정상","01","영업중","","","","","","","","강원특별자치도 정선군 사북읍 사북리 산 155-58 하이원 워터월드","강원특별자치도 정선군 사북읍 하이원길 175 (하이원 워터월드 제2호기)","26154","(주)강원랜드","2018-05-31 16:11:08","I","2023-06-13 00:00:00","제조","361192.676771488","413952.039713274","냉동","",
"545","고압가스업","09_28_05_P","4291000","2018429007202200003","2018-05-31","","01","영업/정상","01","영업중","","","","","","","","강원특별자치도 정선군 사북읍 사북리 산 155-58 하이원 워터월드","강원특별자치도 정선군 사북읍 하이원길 175 (하이원 워터월드 제3호기)","26154","(주)강원랜드","2018-05-31 16:12:36","I","2023-06-13 00:00:00","제조","361192.676771488","413952.039713274","냉동","",
"546","고압가스업","09_28_05_P","4291000","2018429007202200004","2018-05-31","","01","영업/정상","01","영업중","","","","","","","","강원특별자치도 정선군 사북읍 사북리 산 155-58 하이원 워터월드","강원특별자치도 정선군 사북읍 하이원길 175 (하이원 워터월드 제4호기)","26154","(주)강원랜드","2018-05-31 16:17:58","I","2023-06-13 00:00:00","제조","361192.676771488","413952.039713274","냉동","",
"547","고압가스업","09_28_05_P","4291000","2018429007202200005","2018-05-31","","01","영업/정상","01","영업중","","","","","","","","강원특별자치도 정선군 사북읍 사북리 산 155-58 하이원 워터월드","강원특별자치도 정선군 사북읍 하이원길 175 (하이원 워터월드 제5호기)","26154","(주)강원랜드","2018-05-31 16:16:43","I","2023-06-13 00:00:00","제조","361192.676771488","413952.039713274","냉동","",
"548","고압가스업","09_28_05_P","4291000","2018429007202200006","2018-05-31","","01","영업/정상","01","영업중","","","","","","","","강원특별자치도 정선군 사북읍 사북리 산 155-58 하이원 워터월드","강원특별자치도 정선군 사북읍 하이원길 175 (하이원 워터월드 제6호기)","26154","(주)강원랜드","2018-05-31 16:14:27","I","2023-06-13 00:00:00","제조","361192.676771488","413952.039713274","냉동","",
"549","고압가스업","09_28_05_P","4291000","2018429007202200007","2018-05-31","","01","영업/정상","01","영업중","","","","","","","","강원특별자치도 정선군 사북읍 사북리 산 155-58 하이원 워터월드","강원특별자치도 정선군 사북읍 하이원길 175 (하이원 워터월드 제7호기)","26154","(주)강원랜드","2018-05-31 16:15:39","I","2023-06-13 00:00:00","제조","361192.676771488","413952.039713274","냉동","",
"550","고압가스업","09_28_05_P","4291000","2018429007202200008","2018-05-31","","01","영업/정상","01","영업중","","","","","","","","강원특별자치도 정선군 사북읍 사북리 산 155-58 하이원 워터월드","강원특별자치도 정선군 사북읍 하이원길 175 (하이원 워터월드 제8호기)","26154","(주)강원랜드","2018-05-31 16:18:59","I","2023-06-13 00:00:00","제조","361192.676771488","413952.039713274","냉동","",
"551","고압가스업","09_28_05_P","4291000","2018429007202200009","2018-05-31","","01","영업/정상","01","영업중","","","","","","","","강원특별자치도 정선군 사북읍 사북리 산 155-58 하이원 워터월드","강원특별자치도 정선군 사북읍 하이원길 175 (하이원 워터월드 제9호기)","26154","(주)강원랜드","2018-05-31 16:47:21","I","2023-06-13 00:00:00","제조","361192.676771488","413952.039713274","냉동","",
"552","고압가스업","09_28_05_P","4291000","2018429007202200010","2018-05-31","","01","영업/정상","01","영업중","","","","","","","","강원특별자치도 정선군 사북읍 사북리 산 155-58 하이원 워터월드","강원특별자치도 정선군 사북읍 하이원길 175 (하이원 워터월드 제10호기)","26154","(주)강원랜드","2018-05-31 16:43:09","I","2023-06-13 00:00:00","제조","361192.676771488","413952.039713274","냉동","",
"553","고압가스업","09_28_05_P","4291000","2018429007202200011","2018-05-31","","01","영업/정상","01","영업중","","","","","","","","강원특별자치도 정선군 사북읍 사북리 산 155-58 하이원 워터월드","강원특별자치도 정선군 사북읍 하이원길 175 (하이원 워터월드 제11호기)","26154","(주)강원랜드","2018-05-31 16:45:57","I","2023-06-13 00:00:00","제조","361192.676771488","413952.039713274","냉동","",
"554","고압가스업","09_28_05_P","4291000","2018429007202200012","2018-05-31","","01","영업/정상","01","영업중","","","","","","","","강원특별자치도 정선군 사북읍 사북리 산 155-58 하이원 워터월드","강원특별자치도 정선군 사북읍 하이원길 175 (하이원 워터월드 제12호기)","26154","(주)강원랜드","2018-05-31 16:44:30","I","2023-06-13 00:00:00","제조","361192.676771488","413952.039713274","냉동","",
"555","고압가스업","09_28_05_P","4291000","2018429007202200013","2018-10-30","","01","영업/정상","01","영업중","","","","","","","","강원특별자치도 정선군 사북읍 사북리 381-4 하이원119 안전센터","강원특별자치도 정선군 사북읍 하이원길 29, 하이원119 안전센터","26153","정선소방서(사북119안전센터)","2025-10-23 14:58:23","U","2025-10-25 02:40:00","제조","361073.58373738","415093.685323596","충전","",
"556","고압가스업","09_28_05_P","4291000","2018429007202200014","2018-12-11","","01","영업/정상","01","영업중","","","","","","","","강원특별자치도 정선군 고한읍 고한리 373-23","강원특별자치도 정선군 고한읍 강원남로 6455","26156","정선소방서(고한119안전센터)","2018-12-12 09:16:41","I","2023-06-13 00:00:00","제조","365958.997734292","411987.11158393","충전","",
"557","고압가스업","09_28_05_P","4291000","2021429011002200001","2021-03-30","","01","영업/정상","01","영업중","","","","","","","","강원특별자치도 정선군 임계면 송계리 774-7","강원특별자치도 정선군 임계면 송계4길 9","26110","정선소방서(임계119안전센터)","2021-04-09 10:03:25","I","2023-06-13 00:00:00","제조","363795.546577685","445266.950917115","충전","업무용",
"558","고압가스업","09_28_05_P","4291000","1989429000902100001","1989-09-09","","01","영업/정상","01","영업중","","","","","","","","강원특별자치도 정선군 정선읍 봉양리 430","강원특별자치도 정선군 정선읍 봉양1길 145","","근로복지공단 정선병원","2021-12-08 11:22:47","I","2023-06-13 00:00:00","저장소","346855.588954997","432530.667942067","일반","업무용",
"559","고압가스업","09_28_05_P","4291000","1995429000902100002","1995-10-08","","01","영업/정상","01","영업중","","","","","","","","강원특별자치도 정선군 고한읍 고한리 274-71","강원특별자치도 정선군 고한읍 고한로 284","26156","상신상사","2017-12-18 15:26:40","I","2023-06-13 00:00:00","판매","365493.824637413","412068.838645451","일반","업무용",
"560","고압가스업","09_28_05_P","4291000","1998429000902100002","1998-12-22","","01","영업/정상","01","영업중","","","","","","","","강원특별자치도 정선군 정선읍 덕송리 산 88-1","","","(주)정선종합가스","2021-09-27 17:41:26","I","2023-06-13 00:00:00","판매","347563.884012041","434569.529248321","일반","주상기타",
"561","고압가스업","09_28_05_P","4291000","2007429004002100001","2007-11-01","","01","영업/정상","01","영업중","","","","","","","","강원특별자치도 정선군 북평면 남평리 563-1","강원특별자치도 정선군 북평면 송석길 287-14","","한국가스공사","2021-12-08 11:19:10","I","2023-06-13 00:00:00","저장소","347366.407321761","438724.647356499","","상업.업무용",
"562","고압가스업","09_28_05_P","4291000","2008429004002200001","2008-10-30","","01","영업/정상","01","영업중","","2022-03-01","2022-06-30","","","","","강원특별자치도 정선군 사북읍 사북리 산 155-62","강원특별자치도 정선군 사북읍 하이원길 202","26154","(주)정선랜드 하이캐슬리조트","2022-04-29 10:10:54","I","2023-06-13 00:00:00","제조","361009.463361826","413098.581569649","냉동","상업용",
"563","고압가스업","09_28_05_P","4301000","2017430008502200001","2017-12-18","","01","영업/정상","01","영업중","","","","","","","","강원특별자치도 철원군 갈말읍 문혜리 888-3 철원소방서","강원특별자치도 철원군 갈말읍 태봉로 1504, 철원소방서","24031","철원소방서","2024-01-11 14:18:30","U","2024-01-13 02:40:00","제조","228285.183934466","520358.678536804","충전","",
"564","고압가스업","09_28_05_P","4301000","2018430008502200001","2018-10-23","","01","영업/정상","01","영업중","","","","2019-01-07","","","","강원특별자치도 철원군 서면 와수리 598-2 철원 소방서 김화119안전센터","강원특별자치도 철원군 서면 약수로 76, 철원 소방서 김화119안전센터","24057","철원소방서(김화119안전센터)","2019-01-07 11:11:52","I","2023-06-13 00:00:00","제조","238034.172085695","527049.818377473","충전","",
"565","고압가스업","09_28_05_P","4301000","2018430008502200002","2018-12-10","","01","영업/정상","01","영업중","","","","","","","","강원특별자치도 철원군 갈말읍 군탄리 931-4 갈말119안전센터","강원특별자치도 철원군 갈말읍 명성로 229, 갈말119안전센터","24034","철원소방서(갈말119안전센터)","2021-01-13 14:46:45","I","2023-06-13 00:00:00","제조","226840.678433301","516648.956504213","충전","",
"566","고압가스업","09_28_05_P","4301000","2019430008502100001","2019-03-25","","01","영업/정상","01","영업중","","","","2022-03-21","","","","강원특별자치도 철원군 갈말읍 문혜리 1236-9","강원특별자치도 철원군 갈말읍 아랫삼성길 38","24033","(주)현대가스텍 동송가스 지점","2022-06-24 09:30:17","I","2023-06-13 00:00:00","판매","227782.113141951","517672.743984504","","",
"567","고압가스업","09_28_05_P","4301000","2021430008502200001","2021-03-23","","01","영업/정상","01","영업중","","","","","","","","강원특별자치도 철원군 동송읍 이평리 854-3 철원소방서 동송119안전센터","강원특별자치도 철원군 동송읍 금학로251번길 17, 철원소방서 동송119안전센터","24012","철원소방서(동송119안전센터)","2024-07-18 11:35:49","U","2024-07-20 02:40:00","제조","218722.929788077","523006.226898131","충전","",
"568","고압가스업","09_28_05_P","4301000","2000430005502100001","2010-08-18","","01","영업/정상","01","영업중","","","","","","","","강원특별자치도 철원군 동송읍 이평리 676-1 5통","강원특별자치도 철원군 동송읍 금학로218번길 16","","안전가스","2025-07-15 17:57:54","U","2025-07-17 02:40:00","판매","219176.881536237","522865.629205694","일반","주거용",
"569","고압가스업","09_28_05_P","4301000","2000430005502100002","1988-06-07","","01","영업/정상","01","영업중","","","","","","762","","강원특별자치도 철원군 갈말읍 문혜리 656-1","","","형제가스","2025-10-22 16:40:45","U","2025-10-24 02:40:00","판매","229061.960011736","520094.622534679","일반","",
"570","고압가스업","09_28_05_P","4301000","2000430005502100003","1995-03-11","","01","영업/정상","01","영업중","","","","","","","","강원특별자치도 철원군 철원읍 화지리 105-2","강원특별자치도 철원군 철원읍 금학로 347","","한양가스","2017-12-11 09:14:56","I","2023-06-13 00:00:00","판매","218401.226952118","523939.828958814","일반","연립",
"571","고압가스업","09_28_05_P","4301000","2000430005502100004","1999-08-28","","01","영업/정상","01","영업중","","","","","","","","강원특별자치도 철원군 동송읍 대위리 0041-0017","강원특별자치도 철원군 동송읍 남수동길 1-10","","제일종합가스","2018-05-08 10:00:06","I","2023-06-13 00:00:00","판매","221820.21533631","525714.477953024","일반","특수토지",
"572","고압가스업","09_28_05_P","4301000","2004430005502100001","2010-07-16","","01","영업/정상","01","영업중","","","","","","","","강원특별자치도 철원군 갈말읍 강포리 83-32","강원특별자치도 철원군 갈말읍 호국로 4364","","(주)하이시스이엔지","2022-04-12 14:47:33","I","2023-06-13 00:00:00","판매","225542.597925869","512441.11231584","일반","주거기타",
"573","고압가스업","09_28_05_P","4301000","2004430005502100002","2010-04-07","","01","영업/정상","01","영업중","","","","2010-04-02","","","","강원특별자치도 철원군 서면 자등리 1251","강원특별자치도 철원군 서면 양지말1길 32","","영만케미칼","2017-05-15 18:12:18","I","2023-06-13 00:00:00","판매","235618.153569753","517174.738686034","일반","기타",
"574","고압가스업","09_28_05_P","4301000","2006430005502100001","2006-05-11","","01","영업/정상","01","영업중","","","","","","","","강원특별자치도 철원군 갈말읍 신철원리 1083-1","강원특별자치도 철원군 갈말읍 궁예로 708","","철원에너지, 철원가스","2015-03-23 09:46:23","I","2023-06-13 00:00:00","판매","227994.717241141","516752.235688668","일반","전기타",
"575","고압가스업","09_28_05_P","4301000","2012430006902200001","2012-06-11","","01","영업/정상","01","영업중","","","","","","","","강원특별자치도 철원군 갈말읍 군탄리 339","강원특별자치도 철원군 갈말읍 명성로 208","","철원병원","2017-12-14 11:20:49","I","2023-06-13 00:00:00","제조","226929.100240543","516412.772602971","냉동","",
"576","고압가스업","09_28_05_P","4311000","1985431000702100001","1985-02-06","","01","영업/정상","01","영업중","","","","","","","","강원특별자치도 화천군 화천읍 중리 191-24","강원특별자치도 화천군 화천읍 산수화로5길 24-4","","현대가스","2003-11-07 00:00:00","I","2023-06-13 00:00:00","저장소","262065.44504021","512050.399128881","일반","주거용",
"577","고압가스업","09_28_05_P","4311000","1995431000702100001","2012-09-14","","01","영업/정상","01","영업중","","","","","","","","강원특별자치도 화천군 사내면 사창리 849-15","강원특별자치도 화천군 사내면 포화로 1047-2","","삼천리가스","2013-03-11 14:07:41","I","2023-06-13 00:00:00","저장소","245328.404608519","506697.704177244","일반","주거용",
"578","고압가스업","09_28_05_P","4311000","1997431000702100001","1997-06-17","","01","영업/정상","01","영업중","","","","","","","","강원특별자치도 화천군 화천읍 중리 102-6","강원특별자치도 화천군 화천읍 산수화로 129","","화천종합가스","2015-04-08 17:10:07","I","2023-06-13 00:00:00","판매","262512.063937433","512808.702572891","일반","주거용",
"579","고압가스업","09_28_05_P","4311000","2002431000702100001","2002-07-03","","01","영업/정상","01","영업중","","","","","","","","강원특별자치도 화천군 사내면 사창리 469-5","","","한성종합가스","2002-07-03 00:00:00","I","2023-06-13 00:00:00","저장소","245490.710224619","507971.128441815","일반","기타",
"580","고압가스업","09_28_05_P","4311000","2008431005202200001","2008-11-12","","01","영업/정상","01","영업중","","","","","","9186","","강원특별자치도 화천군 화천읍 아리","","","화천군청","2008-11-12 15:10:22","I","2023-06-13 00:00:00","제조","","","냉동","주거용",
"581","고압가스업","09_28_05_P","4311000","2009431005202200002","2003-12-01","","01","영업/정상","01","영업중","","","","","","","","강원특별자치도 화천군 화천읍 하리 84-1","강원특별자치도 화천군 화천읍 상승로 91","","화천군문화예술회관","2009-01-12 17:47:52","I","2023-06-13 00:00:00","제조","261746.630965855","511994.483136227","냉동","",
"582","고압가스업","09_28_05_P","4311000","2013431005202100001","2013-12-16","","01","영업/정상","01","영업중","","","","","","900","","강원특별자치도 화천군 화천읍 하리 100-2","","","화천군청","2013-12-23 11:27:15","I","2023-06-13 00:00:00","제조","","","냉동","공업기타",
"583","고압가스업","09_28_05_P","4311000","2013431005202200001","2013-10-04","","01","영업/정상","01","영업중","","2013-10-04","2014-03-31","","","","","","강원특별자치도 화천군 화천읍 화천새싹길 45","","화천군청(서화산다목적광장)","2013-11-08 11:20:26","I","2023-06-13 00:00:00","제조","262035.363167137","511700.040517175","냉동","임야",
"584","고압가스업","09_28_05_P","4311000","2019431005202200001","2019-08-26","","01","영업/정상","01","영업중","","","","","","","","강원특별자치도 화천군 하남면 위라리 380","강원특별자치도 화천군 하남면 위라리길 47","24140","화천소방서(화천119안전센터)","2024-05-22 15:09:06","U","2024-05-24 02:40:00","제조","262513.162758639","510807.741140151","특정","",
"585","고압가스업","09_28_05_P","4311000","2021431005202200001","2021-03-30","","01","영업/정상","01","영업중","","","","","","","","강원특별자치도 화천군 사내면 문화마을1길 6 화천소방서 사내119안전센터","","","화천소방서(사내119안전센터)","2025-05-21 17:27:38","U","2025-05-23 02:40:00","제조","","","충전","",
"586","고압가스업","09_28_05_P","4311000","2021431005202200002","2021-05-04","","01","영업/정상","01","영업중","","","","","","","","강원특별자치도 화천군 화천읍 하리 26","강원특별자치도 화천군 화천읍 강변로 2-99, 화천군재난구조대","24130","화천군청(화천군재난구조대)","2021-05-04 17:59:55","I","2023-06-13 00:00:00","제조","261656.026763061","511260.864538466","충전","",
"587","고압가스업","09_28_05_P","4321000","1991432000702100003","1996-09-20","","01","영업/정상","01","영업중","","","","","","","","강원특별자치도 양구군 양구읍 송청리 62-21","강원특별자치도 양구군 양구읍 중심로 26-9","","강원가스설비","2016-03-25 10:42:20","I","2023-06-13 00:00:00","판매","287345.894496308","510609.560227129","일반","주거용",
"588","고압가스업","09_28_05_P","4321000","2017432004702100001","2017-09-22","","01","영업/정상","01","영업중","","","","","","6490","","강원특별자치도 양구군 양구읍 죽곡리 281-4","강원특별자치도 양구군 양구읍 죽곡로 15","24513","백두종합가스","2018-02-27 18:26:56","I","2023-06-13 00:00:00","판매","287993.902942625","514967.65751486","","",
"589","고압가스업","09_28_05_P","4321000","2019432006202200001","2019-08-28","","01","영업/정상","01","영업중","","","","","","","","강원특별자치도 양구군 양구읍 상리 109-6 양구소방서","강원특별자치도 양구군 양구읍 중심로 92, 양구소방서","24546","양구소방서(양구119안전센터)","2024-05-30 10:39:39","U","2024-06-01 02:40:00","제조","287129.944097785","511143.810243425","충전","",
"590","고압가스업","09_28_05_P","4321000","2021432007702200001","2021-09-10","","01","영업/정상","01","영업중","","","","","","","","강원특별자치도 양구군 양구읍 안대리 122-1","강원특별자치도 양구군 양구읍 박수근로 150","24518","육군 제7101부대","2025-05-28 16:22:11","U","2025-05-30 02:40:00","제조","286276.210186827","509640.516399398","충전","",
"591","고압가스업","09_28_05_P","4331000","2023433101202200001","2023-08-07","","01","영업/정상","01","영업중","","","","","","","","강원특별자치도 인제군 기린면 진동리 752-3 터널구조대","","","강원특별자치도 특수대응단","2023-11-09 15:52:19","U","2023-11-11 02:40:00","제조","322977.279464503","497500.310948833","충전","",
"592","고압가스업","09_28_05_P","4331000","2006433004102100001","2006-10-02","","01","영업/정상","01","영업중","","","","","","","","강원특별자치도 인제군 기린면 방동리 555","강원특별자치도 인제군 기린면 둔덕동길 45-2","","기린창암가스산소","2017-06-27 13:46:00","I","2023-06-13 00:00:00","판매","320409.321263305","495361.325741111","일반","전",
"593","고압가스업","09_28_05_P","4331000","2007433004102100001","2009-01-05","","01","영업/정상","01","영업중","","","","2019-08-14","","660","","강원특별자치도 인제군 인제읍 남북리 116-48","강원특별자치도 인제군 인제읍 살구미길 75-9","24638","인제산소","2019-08-14 14:43:30","I","2023-06-13 00:00:00","판매","302699.772950255","506476.11292327","일반","답",
"594","고압가스업","09_28_05_P","4331000","2007433004102100002","2007-09-05","","01","영업/정상","01","영업중","","","","","","300","","강원특별자치도 인제군 북면 용대리 1330-6","","","용대종합가스","2007-09-05 16:24:53","I","2023-06-13 00:00:00","판매","","","","전",
"595","고압가스업","09_28_05_P","4331000","2007433004102100003","2007-12-11","","01","영업/정상","01","영업중","","","","","","100","","강원특별자치도 인제군 인제읍 남북리 388","강원특별자치도 인제군 인제읍 비봉로44번길 100","","인제하늘내린센타","2007-12-14 11:51:07","I","2023-06-13 00:00:00","저장소","302196.86161156","507078.279113904","","주거용",
"596","고압가스업","09_28_05_P","4331000","2016433006402100001","2016-02-18","","01","영업/정상","01","영업중","","","","","","12247","","강원특별자치도 인제군 기린면 현리 692","강원특별자치도 인제군 기린면 내린천로 3990","","육군 제2307부대","2017-07-26 17:34:51","I","2023-06-13 00:00:00","저장소","315656.52717424","495155.917838861","","기타",
"597","고압가스업","09_28_05_P","4331000","2018433006402200001","2018-01-11","","01","영업/정상","01","영업중","","","","","","","","강원특별자치도 인제군 인제읍 남북리 813-1 인제소방서","강원특별자치도 인제군 인제읍 비봉로44번길 71, 인제소방서","24624","인제소방서","2021-04-01 10:25:38","I","2023-06-13 00:00:00","제조","302478.330208323","507150.98144237","충전","",
"598","고압가스업","09_28_05_P","4331000","2018433008102200001","2018-11-07","","01","영업/정상","01","영업중","","","","","","","","강원특별자치도 인제군 기린면 서리 3-1 기린119안전센터","강원특별자치도 인제군 기린면 대내로 34-14, 기린119안전센터","24663","인제소방서(기린119안전센터)","2019-01-17 13:44:51","I","2023-06-13 00:00:00","제조","315843.285693674","496630.228015927","일반","기타",
"599","고압가스업","09_28_05_P","4331000","2020433008102200001","2020-08-20","","01","영업/정상","01","영업중","","","","","","","","강원특별자치도 인제군 기린면 현리 527-1","강원특별자치도 인제군 기린면 한석산로 3110","24655","육군 제3135부대","2024-12-23 12:59:29","U","2024-12-25 02:40:00","제조","316711.304648422","497512.992857446","충전","",
"600","고압가스업","09_28_05_P","4331000","2021433008102100001","2021-06-04","","01","영업/정상","01","영업중","","","","","","","","강원특별자치도 인제군 상남면 하남리 375-2 외 5필지","","","하이넷 내린천휴게소 수소충전소","2025-09-26 11:42:08","U","2025-09-28 02:40:00","제조","313172.395564784","491279.920551217","충전","",
"601","고압가스업","09_28_05_P","4331000","2021433008102200001","2021-03-31","","01","영업/정상","01","영업중","","","","","","","","강원특별자치도 인제군 북면 원통리 401-3","강원특별자치도 인제군 북면 원통로 301","24614","인제소방서(원통119안전센터)","2021-05-07 18:11:53","I","2023-06-13 00:00:00","제조","306549.787862982","514604.097898663","충전","",
"602","고압가스업","09_28_05_P","4341000","2012434004302100001","2012-09-12","","01","영업/정상","01","영업중","","","","","","","","강원특별자치도 고성군 거진읍 송포리 573-1 고성군냉장냉동창고","강원특별자치도 고성군 거진읍 돌고개길 47-40, 고성군냉장냉동창고","24722","고성냉동수산","2023-07-17 16:01:31","U","2023-07-19 02:40:00","제조","","","냉동","기타",
"603","고압가스업","09_28_05_P","4341000","2012434004302100002","2012-11-23","","01","영업/정상","01","영업중","","","","","","23938","","강원특별자치도 고성군 죽왕면 공현진리 431-20","","","죽왕수산업 협동조합","2022-05-11 12:56:05","I","2023-06-13 00:00:00","제조","","","냉동","",
"604","고압가스업","09_28_05_P","4341000","2015434004302100001","2015-04-08","","01","영업/정상","01","영업중","","","","","","5290","","강원특별자치도 고성군 토성면 청간리 210-6 210-19,210-20","","","(주)세종영어조합법인(양식장)","2020-02-20 18:11:04","I","2023-06-13 00:00:00","저장소","335695.642406061","530504.941134056","","공업기타",
"605","고압가스업","09_28_05_P","4341000","2018434005902100001","2018-01-23","","01","영업/정상","01","영업중","","","","","","","","강원특별자치도 고성군 토성면 성천리 113","강원특별자치도 고성군 토성면 용원로 266","24769","교촌에프앤비(주)","2024-04-29 17:43:02","U","2024-05-01 02:40:00","저장소","335340.554174996","526176.397640723","","",
"606","고압가스업","09_28_05_P","4341000","2018434005902100002","2018-04-02","","01","영업/정상","01","영업중","","","","","","","","강원특별자치도 고성군 간성읍 장신리 329","강원특별자치도 고성군 간성읍 소똥령마을길 272","24741","영어조합법인 산","2025-10-31 13:42:43","U","2025-11-02 02:40:00","저장소","320858.229839176","539159.351064511","","",
"607","고압가스업","09_28_05_P","4341000","1989434003002100002","1989-05-26","","01","영업/정상","01","영업중","","","","","","","","강원특별자치도 고성군 간성읍 교동리 2","강원특별자치도 고성군 간성읍 진부령로 2803","","(주)대일가스고성지점","2023-02-14 16:34:06","I","2023-06-13 00:00:00","판매","326825.193876574","543427.092798971","일반","특수토지",
"608","고압가스업","09_28_05_P","4341000","1993434003002100006","1993-08-04","","01","영업/정상","01","영업중","","","","","","","","강원특별자치도 고성군 죽왕면 가진리 399","강원특별자치도 고성군 죽왕면 동해대로 6409","","(합)고성에너지","2023-09-25 11:55:17","U","2023-09-27 02:40:00","판매","331085.065743671","541860.957257898","일반","특수토지",
"609","고압가스업","09_28_05_P","4341000","2000434004302100001","2009-07-06","","01","영업/정상","01","영업중","","","","","","","","강원특별자치도 고성군 거진읍 거진리 22-51","강원특별자치도 고성군 거진읍 거탄진로 194","24713","고성군수산업협동조합","2023-07-17 18:02:08","U","2023-07-19 02:40:00","제조","327475.445261862","550540.336101014","냉동","",
"610","고압가스업","09_28_05_P","4341000","2002434003002100001","2010-07-01","","01","영업/정상","01","영업중","","","","","","","","강원특별자치도 고성군 현내면 초도리 151-4","강원특별자치도 고성군 현내면 금강산로 61-1","","대진가스","2020-04-14 10:05:44","I","2023-06-13 00:00:00","판매","324616.900225105","554391.650589729","일반","전",
"611","고압가스업","09_28_05_P","4341000","2004434003302100001","2004-04-13","","01","영업/정상","01","영업중","","","","2016-07-04","","","","강원특별자치도 고성군 토성면 아야진리 75-1","강원특별자치도 고성군 토성면 아야진소길 3","","아야진가스","2025-10-21 09:19:22","U","2025-10-23 02:40:00","판매","335750.715819809","530757.497772233","일반","기타",
"612","고압가스업","09_28_05_P","4341000","2004434003302200001","2004-07-16","","01","영업/정상","01","영업중","","","","","","","","강원특별자치도 고성군 죽왕면 삼포리 산134","","","(주)동광개발 설악썬밸리컨트리클럽","2021-01-26 14:12:51","I","2023-06-13 00:00:00","제조","","","냉동","임야",
"613","고압가스업","09_28_05_P","4341000","2004434003302200002","2004-07-16","","01","영업/정상","01","영업중","","","","","","","","강원특별자치도 고성군 죽왕면 삼포리 산 134","","","(주)동광개발 설악썬밸리컨트리클럽","2021-01-26 14:16:52","I","2023-06-13 00:00:00","제조","","","냉동","임야",
"614","고압가스업","09_28_05_P","4341000","2005434003302100003","2009-08-13","","01","영업/정상","01","영업중","","","","","","","","강원특별자치도 고성군 죽왕면 삼포리 산 134","","","(주)동광개발 설악선밸리콘도미니엄","2021-01-26 13:52:33","I","2023-06-13 00:00:00","제조","","","냉동","기타",
"615","고압가스업","09_28_05_P","4341000","2019434005902200005","2019-01-14","","01","영업/정상","01","영업중","","","","","","","","강원특별자치도 고성군 죽왕면 오호리 29-30 송지호다이빙리조트","강원특별자치도 고성군 죽왕면 심층수길 36-1, 송지호다이빙리조트","24747","송지호 I-PARK 리조트","2020-02-18 18:05:22","I","2023-06-13 00:00:00","제조","333604.487282366","537090.429684433","충전","",
"616","고압가스업","09_28_05_P","4341000","2019434005902200006","2019-01-18","","01","영업/정상","01","영업중","","","","","","","","강원특별자치도 고성군 거진읍 반암리 134","","","프렌즈반암리조트","2020-02-18 18:05:48","I","2023-06-13 00:00:00","제조","327617.033015943","547600.728641522","충전","",
"617","고압가스업","09_28_05_P","4341000","2019434006702200001","2019-05-29","","01","영업/정상","01","영업중","","","","","","","","강원특별자치도 고성군 죽왕면 문암진리 10-76","","","백도수중","2020-02-18 18:02:23","I","2023-06-13 00:00:00","제조","335385.731754839","534433.63810061","충전","",
"618","고압가스업","09_28_05_P","4341000","2020434006702200001","2020-11-17","","01","영업/정상","01","영업중","","","","","","","","강원특별자치도 고성군 토성면 성대리 산 229","","","국군제9965부대(5192/1)","2022-05-12 08:29:44","I","2023-06-13 00:00:00","제조","329947.267503578","528316.997686744","충전","",
"619","고압가스업","09_28_05_P","4341000","2020434006702200002","2020-11-17","","01","영업/정상","01","영업중","","","","","","","","강원특별자치도 고성군 토성면 성대리 산 229","","","국군제9965부대(5192/2)","2022-05-12 08:31:46","I","2023-06-13 00:00:00","제조","329947.267503578","528316.997686744","충전","",
"620","고압가스업","09_28_05_P","4341000","2021434007302200001","2021-04-02","","01","영업/정상","01","영업중","","","","","","","","강원특별자치도 고성군 거진읍 거진리 386-8 속초소방서거진119안전센터","강원특별자치도 고성군 거진읍 수외길 19, 고성소방서거진119안전센터","24718","고성소방서(거진119 안전센터)","2021-05-20 11:57:34","I","2023-06-13 00:00:00","제조","326753.831619597","549651.451709706","충전","",
"621","고압가스업","09_28_05_P","4341000","2021434007302200002","2021-05-25","","01","영업/정상","01","영업중","","","","","","","","강원특별자치도 고성군 거진읍 거진리 29-3","강원특별자치도 고성군 거진읍 거진항1길 47","24713","거진에코다이빙리조트","2023-07-10 09:39:49","U","2023-07-13 02:40:00","제조","327644.216685618","550482.336256241","충전","",
"622","고압가스업","09_28_05_P","4341000","2021434007302200003","2021-06-15","","01","영업/정상","01","영업중","","","","","","","","강원특별자치도 고성군 토성면 봉포리 1-9 봉포다이빙리조트","","","봉포다이브리조트","2023-08-08 20:16:58","U","2023-08-10 02:40:00","제조","337133.206280591","528710.792598366","충전","",
"623","고압가스업","09_28_05_P","4341000","2022434007302200001","2022-04-07","","01","영업/정상","01","영업중","","","","2023-01-20","","","","강원특별자치도 고성군 토성면 교암리 177-10 교암다이빙리조트","강원특별자치도 고성군 토성면 천학정길 12, 교암다이빙리조트","24755","교암다이브리조트","2024-06-05 18:09:05","U","2024-06-08 02:40:00","제조","335366.064595265","532893.90169637","충전","",
"624","고압가스업","09_28_05_P","4341000","2022434007302200002","2022-06-14","","01","영업/정상","01","영업중","","","","","","","","강원특별자치도 고성군 토성면 교암리 151-14","강원특별자치도 고성군 토성면 천학정길 39","24755","천학정스쿠버리조트","2025-09-08 14:20:45","U","2025-09-10 02:40:00","제조","335376.985568006","532967.836052453","충전","",
"625","고압가스업","09_28_05_P","4341000","2018434005902100007","2018-11-06","","01","영업/정상","01","영업중","","","","","","","","강원특별자치도 고성군 토성면 아야진리 253-15 고성소방서동광119안전센터","강원특별자치도 고성군 토성면 동해대로 5320, 고성소방서동광119안전센터","24756","고성소방서 동광119안전센터","2020-02-18 18:19:40","I","2023-06-13 00:00:00","제조","335480.181187639","532031.177274546","충전","",
"626","고압가스업","09_28_05_P","4341000","2018434005902200001","2018-01-03","","01","영업/정상","01","영업중","","","","","","","","강원특별자치도 고성군 간성읍 신안리 170 고성소방서","강원특별자치도 고성군 간성읍 수성로 37-11, 고성소방서","24737","고성소방서장","2020-02-18 18:18:08","I","2023-06-13 00:00:00","제조","328704.437823596","542549.988805149","충전","",
"627","고압가스업","09_28_05_P","4341000","2018434005902200002","2018-07-05","","01","영업/정상","01","영업중","","","","","","","","강원특별자치도 고성군 죽왕면 문암진리 134-83","강원특별자치도 고성군 죽왕면 교암2길 65","24752","문암 다이브리조트","2023-07-27 13:35:44","U","2023-07-29 02:40:00","제조","335442.047493333","533630.32903471","충전","",
"628","고압가스업","09_28_05_P","4341000","2018434005902200003","2018-07-05","","01","영업/정상","01","영업중","","","","","","","","강원특별자치도 고성군 토성면 천진리 111-4","강원특별자치도 고성군 토성면 천진해변길 46","24764","OK 다이브리조트","2019-05-16 18:14:01","I","2023-06-13 00:00:00","제조","336517.547927708","529756.631202505","충전","",
"629","고압가스업","09_28_05_P","4341000","2018434005902200004","2018-07-05","","01","영업/정상","01","영업중","","","","2023-06-12","","","","강원특별자치도 고성군 토성면 교암리 12-14","","","천학정 스쿠버리조트","2024-01-18 09:45:48","U","2024-01-20 02:40:00","제조","335235.52442618","533205.607708982","충전","",
"630","고압가스업","09_28_05_P","4341000","2018434005902200005","2018-07-05","","01","영업/정상","01","영업중","","","","","","","","강원특별자치도 고성군 토성면 아야진리 1-3 아야진스쿠버리조트","강원특별자치도 고성군 토성면 아야진해변길 106-1, 아야진스쿠버리조트","24756","아야진 다이브 리조트","2025-10-28 14:32:05","U","2025-10-30 02:40:00","제조","336202.411836662","531232.651360814","충전","",
"631","고압가스업","09_28_05_P","4341000","2018434005902200006","2018-07-05","","01","영업/정상","01","영업중","","","","","","","","강원특별자치도 고성군 죽왕면 문암진리 134-16","강원특별자치도 고성군 죽왕면 괘진길 65","24752","LF문암 다이브리조트","2019-05-16 18:12:49","I","2023-06-13 00:00:00","제조","335521.723309829","533730.516304201","충전","",
"632","고압가스업","09_28_05_P","4341000","2019434005902200001","2019-01-09","","01","영업/정상","01","영업중","","","","","","","","강원특별자치도 고성군 죽왕면 공현진리 431-20","강원특별자치도 고성군 죽왕면 공현진해변길 52","24745","로맨틱다이브센터&리조트","2019-02-24 23:04:43","I","2023-06-13 00:00:00","제조","332055.33190197","540149.239322673","충전","",
"633","고압가스업","09_28_05_P","4341000","2019434005902200002","2019-01-14","","01","영업/정상","01","영업중","","","","","","","","강원특별자치도 고성군 토성면 청간리 54-19","","","바다야놀자 청간정스쿠버 리조트","2020-02-18 18:06:40","I","2023-06-13 00:00:00","제조","336328.65035861","530403.40193776","충전","",
"634","고압가스업","09_28_05_P","4341000","2019434005902200003","2019-01-14","","01","영업/정상","01","영업중","","","","","","","","강원특별자치도 고성군 죽왕면 가진리 44-7","강원특별자치도 고성군 죽왕면 가진해변길 109-3","24744","백상어다이빙 리조트","2024-05-23 11:08:59","U","2024-05-25 02:40:00","제조","","","충전","",
"635","고압가스업","09_28_05_P","4341000","2019434005902200004","2019-01-14","","01","영업/정상","01","영업중","","","","","","","","강원특별자치도 고성군 거진읍 거진리 340-15","강원특별자치도 고성군 거진읍 거탄진로72번길 20","24713","거진에코다이빙 리조트","2019-03-05 13:27:53","I","2023-06-13 00:00:00","제조","326880.920742789","549855.662860746","충전","",
"636","고압가스업","09_28_05_P","4341000","2024434103002200002","2024-08-02","","01","영업/정상","01","영업중","","","","2024-10-04","","","","강원특별자치도 고성군 거진읍 거진리 22-1","","","속초해양경찰서(거진파출소)","2024-10-04 16:08:10","U","2024-10-06 02:40:00","제조","327019.562203919","550194.897880049","충전","",
"637","고압가스업","09_28_05_P","4341000","2024434103002200001","2024-01-29","","01","영업/정상","01","영업중","","","","","","","","강원특별자치도 고성군 현내면 제진리 207","","","해군제1함대사령부(108전대)","2024-02-15 09:38:06","U","2024-02-17 02:40:00","제조","322139.290949891","562225.019642077","충전","",
"638","고압가스업","09_28_05_P","4351000","2018435005002200010","2018-10-23","","01","영업/정상","01","영업중","","","","2020-06-26","","","","강원특별자치도 양양군 현북면 잔교리 23-1","","","양양소방서(현남북119안전센터)","2020-06-26 15:32:29","I","2023-06-13 00:00:00","제조","352529.729844331","500605.492334359","충전","",
"639","고압가스업","09_28_05_P","4351000","2019435006902200001","2019-03-18","","01","영업/정상","01","영업중","","","","2019-06-11","","","","강원특별자치도 양양군 현남면 남애리 2-81","","","남애 바닷속 체험 교육센타","2019-06-12 13:14:22","I","2023-06-13 00:00:00","제조","357136.078401208","495032.25333476","충전","단독",
"640","고압가스업","09_28_05_P","4351000","2019435006902200002","2019-03-19","","01","영업/정상","01","영업중","","","","","","","","강원특별자치도 양양군 현남면 인구리 630-2 인구리어촌계회관","강원특별자치도 양양군 현남면 인구항길 12, 인구리어촌계회관","25053","칸 스쿠버리조트","2019-12-18 14:01:42","I","2023-06-13 00:00:00","제조","354753.717635674","497857.929952267","충전","",
"641","고압가스업","09_28_05_P","4351000","2019435006902200003","2019-03-21","","01","영업/정상","01","영업중","","","","2019-06-11","","","","강원특별자치도 양양군 손양면 동호리 203-1","강원특별자치도 양양군 손양면 선사유적로 354","25042","동호 노리터 다이브 리조트","2025-02-10 13:12:28","U","2025-02-12 02:40:00","제조","347377.389659151","507869.175997075","충전","",
"642","고압가스업","09_28_05_P","4351000","2019435006902200004","2019-06-25","","01","영업/정상","01","영업중","","","","","","","","강원특별자치도 양양군 현남면 남애리 48-11","강원특별자치도 양양군 현남면 매바위길 83","25057","노라조","2019-12-18 13:59:49","I","2023-06-13 00:00:00","제조","357005.927932184","494736.273156395","충전","",
"643","고압가스업","09_28_05_P","4351000","2019435006902200005","2019-07-04","","01","영업/정상","01","영업중","","","","","","","","강원특별자치도 양양군 손양면 오산리 10","강원특별자치도 양양군 손양면 오산길 40","25042","오산다이브리조트","2019-07-04 10:04:56","I","2023-06-13 00:00:00","제조","346004.636184481","510949.533289905","충전","",
"644","고압가스업","09_28_05_P","4351000","2021435006902200001","2021-08-19","","01","영업/정상","01","영업중","","","","","","","","강원특별자치도 양양군 손양면 간리 산 31-1","","","육군 제1799부대","2023-07-10 16:15:45","U","2023-07-13 02:40:00","제조","","","충전","",
"645","고압가스업","09_28_05_P","4351000","2021435006902200002","2021-12-29","","01","영업/정상","01","영업중","","","","","","","","강원특별자치도 양양군 손양면 동호리 545 양양국제공항","강원특별자치도 양양군 손양면 공항로 201, 양양국제공항","25042","한국공항공사 양양공항","2021-12-29 16:19:30","I","2023-06-13 00:00:00","제조","345872.519696863","507531.05657781","충전","",
"646","고압가스업","09_28_05_P","4351000","2022435006902200001","2022-02-04","","01","영업/정상","01","영업중","","","","","","","","강원특별자치도 양양군 현남면 남애리 2-29","강원특별자치도 양양군 현남면 매바위길 105","25057","졸라스쿠버","2022-07-13 17:11:32","I","2023-06-13 00:00:00","제조","356863.806001187","494842.587423456","충전","",
"647","고압가스업","09_28_05_P","4351000","2022435006902200002","2022-05-17","","01","영업/정상","01","영업중","","","","","","","","강원특별자치도 양양군 현남면 남애리 48-11","강원특별자치도 양양군 현남면 매바위길 83","25057","딥브레스","2022-09-15 17:46:11","I","2023-06-13 00:00:00","제조","357005.927932184","494736.273156395","충전","",
"648","고압가스업","09_28_05_P","4351000","2022435006902200003","2022-06-07","","01","영업/정상","01","영업중","","","","","","","","강원특별자치도 양양군 강현면 정암리 561-5 강현119안전센터","강원특별자치도 양양군 강현면 장산1길 26, 강현119안전센터","25001","양양소방서(강현119안전센터)","2022-06-07 16:43:20","I","2023-06-13 00:00:00","제조","339977.364879231","517301.872784538","충전","",
"649","고압가스업","09_28_05_P","4351000","2018435005002200007","2018-07-05","","01","영업/정상","01","영업중","","","","","","","","강원특별자치도 양양군 현남면 남애리 58 고래사냥펜션","강원특별자치도 양양군 현남면 매바위길 77, 고래사냥펜션","25057","남애 스쿠버리조트","2019-06-20 16:42:32","I","2023-06-13 00:00:00","제조","357053.474899685","494709.278175672","충전","",
"650","고압가스업","09_28_05_P","4351000","2018435005002200008","2018-07-05","","01","영업/정상","01","영업중","","","","2019-06-11","","","","강원특별자치도 양양군 현남면 남애리 2-21 주문진횟집","강원특별자치도 양양군 현남면 안남애길 59, 주문진횟집","25057","라온다이브 레저스포츠","2019-06-11 17:11:43","I","2023-06-13 00:00:00","제조","356861.687439665","494968.567762919","충전","",
"651","고압가스업","09_28_05_P","4351000","2000435000502100003","1996-06-11","","01","영업/정상","01","영업중","","","","","","","","강원특별자치도 양양군 강현면 석교리 30","강원특별자치도 양양군 강현면 화채봉길 58","","강원가스","2018-08-13 09:42:27","I","2023-06-13 00:00:00","판매","338106.21601764","514627.321585259","일반","주거용",
"652","고압가스업","09_28_05_P","4351000","2000435000502100004","1994-08-24","","01","영업/정상","01","영업중","","","","","","","","강원특별자치도 양양군 현남면 죽리 116","강원특별자치도 양양군 현남면 죽리1길 61","25054","현남가스","2022-07-08 08:51:42","I","2023-06-13 00:00:00","판매","353082.388459943","497806.008459038","일반","상업.업무용",
"653","고압가스업","09_28_05_P","4351000","2000435000502100005","1999-09-30","","01","영업/정상","01","영업중","","","","","","","","강원특별자치도 양양군 양양읍 월리 33-1","강원특별자치도 양양군 양양읍 안산1길 26","","양양가스","2016-11-21 12:24:03","I","2023-06-13 00:00:00","판매","343163.2245018","509162.959146155","일반","다세대",
"654","고압가스업","09_28_05_P","4351000","2000435000502201537","1998-05-19","","01","영업/정상","01","영업중","","","","","","","","강원특별자치도 양양군 현남면 죽리 116","강원특별자치도 양양군 현남면 죽리1길 61","","현남가스","2016-11-21 12:24:36","I","2023-06-13 00:00:00","제조","353082.388459943","497806.008459038","일반","특수토지",
"655","고압가스업","09_28_05_P","4351000","2002435000502100001","2002-06-29","","01","영업/정상","01","영업중","","","","","","1653","","강원특별자치도 양양군 양양읍 임천리 425-3","","","현대가스","2025-09-11 11:33:14","U","2025-09-13 02:40:00","판매","339914.699820952","509503.75473253","일반","전",
"656","고압가스업","09_28_05_P","4351000","2003435000502100001","2003-05-23","","01","영업/정상","01","영업중","","","","","","","","강원특별자치도 양양군 현북면 상광정리 367","강원특별자치도 양양군 현북면 한재길 29","","하조가스","2016-11-21 12:22:45","I","2023-06-13 00:00:00","판매","348989.280355619","501847.623431292","일반","답",
"657","고압가스업","09_28_05_P","4351000","2009435005002200001","2011-01-21","","01","영업/정상","01","영업중","","","","","","","","강원특별자치도 양양군 서면 영덕리 213","강원특별자치도 양양군 서면 산얏골길 23-51","","한국수력원자력(주) 양양양수발전소","2016-11-21 12:21:31","I","2023-06-13 00:00:00","제조","334883.928379333","503106.909748459","냉동","",
"658","고압가스업","09_28_05_P","4351000","2013435005002100001","2013-11-12","","01","영업/정상","01","영업중","","","","","","1726","","강원특별자치도 양양군 손양면 상양혈리 235","강원특별자치도 양양군 손양면 돌문길 40","25045","동양산업","2025-10-31 14:05:31","U","2025-11-02 02:40:00","판매","345732.581812823","505510.208883539","","기타",
"659","고압가스업","09_28_05_P","4351000","2015435005002100001","2015-03-17","","01","영업/정상","01","영업중","","","","","","","","강원특별자치도 양양군 강현면 회룡리 11","","","장어촌","2020-02-18 17:07:26","I","2023-06-13 00:00:00","저장소","338714.037793792","515422.73970027","","",
"660","고압가스업","09_28_05_P","4351000","2017435005002200001","2017-12-15","","01","영업/정상","01","영업중","","","","","","","","강원특별자치도 양양군 양양읍 월리 328","강원특별자치도 양양군 양양읍 남대천로 33, 양양소방서","25032","양양소방서","2018-03-19 13:40:38","I","2023-06-13 00:00:00","제조","342307.127187129","508429.283645768","충전","",
"661","고압가스업","09_28_05_P","4351000","2018435005002200000","2018-03-26","","01","영업/정상","01","영업중","","","","","","","","","강원특별자치도 양양군 양양읍 포월새말길 23-25","25013","양양수산","2018-03-26 10:54:54","I","2023-06-13 00:00:00","제조","342551.396983103","511718.270129672","냉동","",
"662","고압가스업","09_28_05_P","4351000","2018435005002200001","2018-02-13","","01","영업/정상","01","영업중","","","","","","","","강원특별자치도 양양군 현남면 남애리 180-16","강원특별자치도 양양군 현남면 동해대로 252","25057","아쿠아갤러리","2018-03-13 14:31:57","I","2023-06-13 00:00:00","제조","357273.202463036","493811.96648808","충전","단독",
"663","고압가스업","09_28_05_P","4351000","2018435005002200003","2018-07-05","","01","영업/정상","01","영업중","","","","2019-06-11","","","","강원특별자치도 양양군 현남면 동산리 8 월드다이브리조트","강원특별자치도 양양군 현남면 동산큰길 44-33, 월드다이브리조트","25053","그랑불루","2019-06-11 17:11:05","I","2023-06-13 00:00:00","제조","354711.61649051","499004.677933329","충전","",
"664","고압가스업","09_28_05_P","4351000","2018435005002200004","2018-07-05","","01","영업/정상","01","영업중","","","","","","","","강원특별자치도 양양군 현북면 기사문리 116-1","강원특별자치도 양양군 현북면 동해대로 1300","25047","제이준다이브","2022-12-16 13:29:39","I","2023-06-13 00:00:00","제조","351825.246138685","502028.794238926","충전","",
"665","고압가스업","09_28_05_P","4351000","2018435005002200005","2018-07-05","","01","영업/정상","01","영업중","","","","2019-06-11","","","","강원특별자치도 양양군 현남면 인구리 635-1","강원특별자치도 양양군 현남면 인구길 28-29","25053","하슬라 스쿠버","2019-06-12 13:14:06","I","2023-06-13 00:00:00","제조","354750.513620515","497733.324820681","충전","",
"666","고압가스업","09_28_05_P","4351000","2018435005002200006","2018-07-05","","01","영업/정상","01","영업중","","","","","","","","강원특별자치도 양양군 현북면 기사문리 138-15","강원특별자치도 양양군 현북면 동해대로 1280","25047","38스쿠버","2023-09-19 16:13:41","U","2023-09-21 02:40:00","제조","351861.952726428","501821.938573047","충전","",
"667","고압가스업","09_28_05_P","4351000","2024435100902200003","2024-11-04","","01","영업/정상","01","영업중","","","","","","","","강원특별자치도 양양군 현남면 남애리 6-37","강원특별자치도 양양군 현남면 안남애길 33-5","25057","한스쿠버리조트","2024-12-17 16:10:15","U","2024-12-19 02:40:00","제조","356788.697532352","495153.350045117","충전","",
"668","고압가스업","09_28_05_P","4351000","2024435100902200002","2023-07-14","","01","영업/정상","01","영업중","","","","","","","","강원특별자치도 양양군 현북면 중광정리 2-2","강원특별자치도 양양군 현북면 동해대로 1509","25046","국가철도공단 강원본부","2024-10-08 16:29:05","U","2024-10-10 02:40:00","제조","350656.607472989","503645.774067109","냉동","",
"669","고압가스업","09_28_05_P","4351000","2024435100902200001","2024-01-30","","01","영업/정상","01","영업중","","","","","","","","강원특별자치도 양양군 현북면 하광정리 219","","","해군1함대사령부(108전대)","2025-07-04 15:59:17","U","2025-07-06 02:40:00","제조","351539.922063864","502833.774245507","충전","",
"670","고압가스업","09_28_05_P","4351000","2025435105402200001","2025-01-13","","01","영업/정상","01","영업중","","","","","","","","강원특별자치도 양양군 손양면 동호리 539-4 양양항공대","","","동해지방해양결찰청(양양항공대)","2025-05-01 13:17:33","U","2025-05-03 02:40:00","제조","345943.134483549","508039.823281537","충전","",
"671","고압가스업","09_28_05_P","4181000","2008418016602100002","2010-09-09","","02","휴업","02","휴업","","2010-09-08","2011-09-08","","","","","강원특별자치도 춘천시 퇴계동 1017","강원특별자치도 춘천시 지석로 80  (퇴계동)","","투탑시티씨네마","2010-09-09 13:47:04","I","2023-06-13 00:00:00","제조","265386.634330563","483368.251535269","냉동","업무용",
"672","고압가스업","09_28_05_P","4181000","2016418027902100005","2016-06-03","","02","휴업","02","휴업","","2025-04-16","2026-04-15","","","991","","강원특별자치도 춘천시 동내면 학곡리 80-5","","","유일종합에너지","2025-04-17 09:46:24","U","2025-04-19 02:40:00","판매","267179.49609387","480736.094293377","","",
"673","고압가스업","09_28_05_P","4191000","2020419024502100003","2020-11-11","","02","휴업","02","휴업","","2022-09-08","2025-12-31","","","","","강원특별자치도 원주시 호저면 주산리 113-76","","","(주)케이엠에프 원주지점","2025-07-24 17:33:28","U","2025-07-26 02:40:00","제조","282191.049428035","435510.567422013","냉동","",
"674","고압가스업","09_28_05_P","4191000","2016419024502100004","2016-11-07","","02","휴업","02","휴업","","2022-10-30","2023-11-19","2023-11-20","","385","","강원특별자치도 원주시 호저면 주산리 749-19","강원특별자치도 원주시 호저면 호저로 634","26303","탑에너지","2023-11-16 13:18:58","U","2023-11-18 02:40:00","판매","281522.540968012","436616.999228815","","답",
"675","고압가스업","09_28_05_P","4191000","2017419024502100003","2017-10-13","","02","휴업","02","휴업","","2025-06-11","2026-06-10","","","","","강원특별자치도 원주시 태장동 1632","","","현대가스상사","2025-06-12 09:48:45","U","2025-06-15 02:40:00","제조","284743.748208941","433740.891358829","충전","",
"676","고압가스업","09_28_05_P","4191000","2017419024502200006","2017-12-14","","02","휴업","02","휴업","","2021-06-22","2022-06-21","","","","","강원특별자치도 원주시 명륜동 671 원주소방서","강원특별자치도 원주시 남원로 487, 원주소방서 (명륜동)","26482","원주소방서","2021-06-22 16:03:29","I","2023-06-13 00:00:00","제조","283621.724073426","425572.13469855","충전","",
"677","고압가스업","09_28_05_P","4191000","1997419007902100005","2010-02-24","","02","휴업","02","휴업","","2018-04-24","2032-04-30","","","","","강원특별자치도 원주시 흥업면 흥업리 산 91 외 7필지","강원특별자치도 원주시 흥업면 승안동길 7-15","","(주)구들택 원주냉장지점","2018-04-24 10:03:26","I","2023-06-13 00:00:00","제조","279585.071708134","423639.888346062","냉동","특수토지",
"678","고압가스업","09_28_05_P","4191000","2002419007902200001","2009-09-02","","02","휴업","02","휴업","","2009-09-02","2010-09-02","","","","","강원특별자치도 원주시 문막읍 반계리 2236","강원특별자치도 원주시 문막읍 문막공단길 75","","(주)SKM","2012-11-16 16:53:25","I","2023-06-13 00:00:00","제조","271326.003121011","421685.860361495","냉동","공업용",
"679","고압가스업","09_28_05_P","4191000","1983419007902100002","1983-01-26","","02","휴업","02","휴업","","2025-02-28","2026-02-27","","","","","강원특별자치도 원주시 태장동 1317-1","강원특별자치도 원주시 북원로 2630-11 (태장동)","","우일가스","2025-03-17 14:49:39","U","2025-03-19 02:40:00","판매","283853.396578829","431052.687374025","일반","주상나지",
"680","고압가스업","09_28_05_P","4191000","2007419015302200001","2007-06-27","","02","휴업","02","휴업","","2025-03-24","2026-03-23","","","","","강원특별자치도 원주시 태장동 1720-9","","","동국생명과학(주)","2025-03-21 11:19:02","U","2025-03-23 02:40:00","제조","283641.694048099","434137.49438936","냉동","공업기타",
"681","고압가스업","09_28_05_P","4191000","1989419007902100002","2010-12-14","","02","휴업","02","휴업","","2015-01-12","2024-01-12","","","","","강원특별자치도 원주시 평원동 184-5","강원특별자치도 원주시 평원로 90-8 (평원동)","","삼능산업(주)","2019-04-19 15:33:02","I","2023-06-13 00:00:00","제조","284099.747192188","428318.164133249","냉동","연립",
"682","고압가스업","09_28_05_P","4191000","1990419007902200002","1990-09-12","","02","휴업","02","휴업","","2023-11-14","2024-11-13","","","","","강원특별자치도 원주시 우산동 316-9","강원특별자치도 원주시 우산로 122 (우산동)","","한국전력공사원주지점","2023-11-15 11:08:14","U","2023-11-17 02:40:00","제조","283039.239484477","430502.888747313","냉동","주거용",
"683","고압가스업","09_28_05_P","4191000","1994419007902100001","1994-04-23","","02","휴업","02","휴업","","2002-04-02","2007-09-10","","","","","강원특별자치도 원주시 행구동 1008-1","강원특별자치도 원주시 행구덕현길 39-15  (행구동)","","마이스터(주)","2007-09-10 11:37:28","I","2023-06-13 00:00:00","판매","288537.594875693","426874.297003489","일반","특수토지",
"684","고압가스업","09_28_05_P","4191000","2012419019802100002","2012-04-20","","02","휴업","02","휴업","","2017-03-22","2020-12-31","","","","","강원특별자치도 원주시 태장동 1720-24","강원특별자치도 원주시 태장공단길 42-4 (태장동)","","(주)썬코어 원주공장","2017-03-24 11:05:41","I","2023-06-13 00:00:00","저장소","283943.692067417","434068.603079777","","",
"685","고압가스업","09_28_05_P","4191000","2013419019802200001","2013-08-16","","02","휴업","02","휴업","","2022-03-01","2029-12-31","","","","","강원특별자치도 원주시 문막읍 건등리 -383 1통","강원특별자치도 원주시 문막읍 왕건로 49","","삼양식품(주)","2022-03-14 10:52:55","I","2023-06-13 00:00:00","제조","273342.621392848","425012.822997027","냉동","",
"686","고압가스업","09_28_05_P","4191000","2013419019802200004","2013-09-09","","02","휴업","02","휴업","","2022-03-01","2029-12-31","","","","","강원특별자치도 원주시 문막읍 건등리 383 (주)삼양식품","강원특별자치도 원주시 문막읍 왕건로 49 (주)삼양식품","26368","삼양식품(주)","2022-03-14 10:53:57","I","2023-06-13 00:00:00","제조","273342.621392848","425012.822997027","냉동","공업용",
"687","고압가스업","09_28_05_P","4191000","2018419024502100003","2018-12-17","","02","휴업","02","휴업","","2025-06-11","2026-06-10","","","","","강원특별자치도 원주시 태장동 1632","강원특별자치도 원주시 장수2로 38-6 (태장동)","26312","현대가스상사","2025-06-12 09:48:29","I","2025-06-15 00:20:02","판매","284743.748208941","433740.891358829","","",
"688","고압가스업","09_28_05_P","4191000","2017419024502200005","2017-11-07","","02","휴업","02","휴업","","2025-03-24","2026-03-23","","","","","강원특별자치도 원주시 태장동 1720-9 동국정밀화학(주)","","","동국생명과학(주)","2025-03-21 11:21:15","I","2025-03-23 00:10:24","제조","283641.694048099","434137.49438936","냉동","",
"689","고압가스업","09_28_05_P","4201000","2010420011502100002","2011-01-25","","02","휴업","02","휴업","","2025-01-15","2026-01-14","","","871040","","서울특별시 종로구 도렴동 정부중앙청사별관","","","공군 제18전투비행단 장비정비대대","2025-01-15 09:07:27","U","2025-01-17 02:40:00","제조","","","충전","",
"690","고압가스업","09_28_05_P","4201000","2018420030102200002","2018-07-06","","02","휴업","02","휴업","","2024-12-02","2025-06-30","","","","","강원특별자치도 강릉시 주문진읍 교항리 80-84","","","주문진스쿠버","2024-12-02 15:02:09","U","2024-12-04 02:40:00","제조","361000.343205619","488244.733338524","일반","",
"691","고압가스업","09_28_05_P","4201000","2019420032602200003","2019-07-03","","02","휴업","02","휴업","","2023-03-16","2024-03-15","","","","","강원특별자치도 강릉시 홍제동 577 강릉소방서","","","강릉소방서 경포수난전문의용소방대","2023-03-16 15:42:00","I","2023-06-13 00:00:00","제조","364965.84134201","474387.139364461","충전","",
"692","고압가스업","09_28_05_P","4201000","1991420001902100007","1991-05-10","","02","휴업","02","휴업","","2022-12-07","2023-12-06","","","","","강원특별자치도 강릉시 옥계면 현내리 939-2","","","옥계가스","2022-12-07 17:20:02","I","2023-06-13 00:00:00","판매","","","일반","특수토지",
"693","고압가스업","09_28_05_P","4201000","2012420011502111111","2012-04-05","","02","휴업","02","휴업","","2024-12-30","2025-12-30","","","","","강원특별자치도 강릉시 주문진읍 교항리 577","","","(주)관동가스산업","2024-12-28 13:53:56","U","2024-12-30 02:40:00","제조","358723.869026432","487487.78907608","충전","기타",
"694","고압가스업","09_28_05_P","4201000","1994420001902100001","1994-08-16","","02","휴업","02","휴업","","2024-12-30","2025-12-30","","","","","강원특별자치도 강릉시 주문진읍 교항리 578-3","","","(주)관동가스산업(주문진가스)","2024-12-28 13:56:45","U","2024-12-30 02:40:00","판매","","","일반","특수토지",
"695","고압가스업","09_28_05_P","4201000","2013420011502100019","2004-11-12","","02","휴업","02","휴업","","2025-04-07","2026-04-07","2026-04-07","","","","강원특별자치도 강릉시 구정면 학산리 271-2","","","(주)관동가스산업","2025-04-13 16:46:49","U","2025-04-16 02:40:00","판매","366500.560212825","470198.321425548","","",
"696","고압가스업","09_28_05_P","4201000","2013420011502200001","2013-06-15","","02","휴업","02","휴업","","2016-01-01","2017-12-30","","","","","","강원특별자치도 강릉시 종합운동장길 84 (교동)","","문화예술관","2016-01-26 14:21:26","I","2023-06-13 00:00:00","제조","367021.139851971","476201.648945234","냉동","기타",
"697","고압가스업","09_28_05_P","4201000","2016420027002100003","2016-08-26","","02","휴업","02","휴업","","","","","","","","","강원특별자치도 강릉시 범일로579번길 24 (내곡동)","","강릉 아이스하키Ⅱ보조경기장","2016-08-29 17:27:39","I","2023-06-13 00:00:00","제조","365136.451379883","472058.531076918","","기타",
"698","고압가스업","09_28_05_P","4201000","2017420027002100002","2017-07-12","","02","휴업","02","휴업","","","","","","","","","강원특별자치도 강릉시 공제로 357 (홍제동)","","강원도청(쇼트트랙보조경기장)","2017-07-12 16:44:07","I","2023-06-13 00:00:00","제조","363548.092915237","473178.824541062","","",
"699","고압가스업","09_28_05_P","4201000","2017420027002100004","2017-11-16","","02","휴업","02","휴업","","2023-09-19","2024-09-18","","","","","강원특별자치도 강릉시 포남동 306","","","가스DC마트","2023-09-19 10:42:42","U","2023-09-21 02:40:00","판매","367563.350098187","477171.101416958","","",
"700","고압가스업","09_28_05_P","4211000","2021421021502200001","2021-03-25","","02","휴업","02","휴업","","2025-08-06","2027-08-06","","","","","강원특별자치도 동해시 구호동 242-4 북평119안전센터","강원특별자치도 동해시 공단1로 21, 북평119안전센터 (구호동)","25799","동해소방서(북평119안전센터)","2025-08-06 11:19:39","U","2025-08-08 02:40:00","제조","389517.224115615","443194.826739101","충전","",
"701","고압가스업","09_28_05_P","4231000","2010423005102200001","2011-02-25","","02","휴업","02","휴업","","2016-01-15","2018-12-31","","","","","강원특별자치도 속초시 장사동 24-9","강원특별자치도 속초시 미시령로2983번길 88 (장사동)","","한화호텔앤드리조트(주) 워터피아","2016-01-15 16:31:21","I","2023-06-13 00:00:00","제조","333861.329823747","523878.780261004","냉동","",
"702","고압가스업","09_28_05_P","4281000","2004428003902200001","2009-02-26","","02","휴업","02","휴업","","2024-11-25","2030-12-31","","","","","강원특별자치도 평창군 봉평면 면온리 1095-1 (노블스윙)","강원특별자치도 평창군 봉평면 태기로 174 (노블스윙)","25307","휘닉스중앙평창 주식회사","2024-12-13 16:01:31","U","2024-12-15 02:40:00","제조","317177.713905004","454046.509523181","냉동","기타",
"703","고압가스업","09_28_05_P","4281000","2006428004802100001","2007-11-12","","02","휴업","02","휴업","","2012-10-19","2020-12-31","","","","","강원특별자치도 평창군 봉평면 무이리 762-1","강원특별자치도 평창군 봉평면 태기로 80-56","","(주)오리엔트리조트","2016-07-28 14:00:23","I","2023-06-13 00:00:00","제조","316444.963301795","454663.696273848","냉동","전",
"704","고압가스업","09_28_05_P","4281000","2012428009402200001","2012-08-10","","02","휴업","02","휴업","","2021-08-01","2030-12-31","","","","","강원특별자치도 평창군 봉평면 면온리 1095-1 (블루캐니언 2호)","강원특별자치도 평창군 봉평면 태기로 174 (블루캐리언 2호)","25307","휘닉스중앙평창 주식회사","2024-11-20 10:31:02","U","2024-11-22 02:40:00","제조","317177.713905004","454046.509523181","냉동","",
"705","고압가스업","09_28_05_P","4281000","2012428009402200002","2012-08-10","","02","휴업","02","휴업","","2021-08-01","2030-12-31","","","","","강원특별자치도 평창군 봉평면 면온리 1095-1 (블루캐리언 1호)","강원특별자치도 평창군 봉평면 태기로 174 (블루캐니언 1호)","25307","휘닉스중앙평창 주식회사","2024-11-20 10:28:17","U","2024-11-22 02:40:00","제조","317177.713905004","454046.509523181","냉동","",
"706","고압가스업","09_28_05_P","4291000","2022429011002200001","2022-04-18","","02","휴업","02","휴업","","","","","","","","강원특별자치도 정선군 신동읍 예미리 121-1","","","정선소방서(신동119안전센터)","2022-04-18 14:23:35","I","2023-06-13 00:00:00","제조","346795.772022528","413706.713683549","충전","",
"707","고압가스업","09_28_05_P","4291000","2004429004002200001","2004-05-11","","02","휴업","02","휴업","","2021-01-04","2022-01-03","","","","","강원특별자치도 정선군 화암면 화암리","강원특별자치도 정선군 화암면 화암동굴길 12-1","","정선향토박물관","2020-12-29 15:18:53","I","2023-06-13 00:00:00","제조","358485.790532706","429185.514986672","냉동","지정되지않음",
"708","고압가스업","09_28_05_P","4311000","2004431000702200001","2004-08-21","","02","휴업","02","휴업","","2023-07-17","2025-12-31","","","","","강원특별자치도 화천군 화천읍 아리 239","강원특별자치도 화천군 화천읍 화천새싹길 45","","화천군청(별관)","2024-12-16 09:10:31","U","2024-12-18 02:40:00","제조","262035.363167137","511700.040517175","냉동","주거용",
"709","고압가스업","09_28_05_P","4341000","2019434006702100001","2019-03-25","","02","휴업","02","휴업","","2020-12-23","2021-07-22","","","","","강원특별자치도 고성군 죽왕면 공현진리 195","","","(주)동해에스티에프 어업회사법인","2020-12-23 17:03:31","I","2023-06-13 00:00:00","저장소","332015.87509192","539276.928169335","","",
"710","고압가스업","09_28_05_P","4351000","2007435004402100001","2010-04-30","","02","휴업","02","휴업","","2010-04-29","2012-04-29","","","","","강원특별자치도 양양군 현남면 원포리 60-3 (주)워터비스","강원특별자치도 양양군 현남면 원포1길 53  ((주)워터비스)","","(주)워터비스","2010-04-30 17:53:14","I","2023-06-13 00:00:00","제조","357154.116153961","493378.607113151","냉동","공업용",
"711","고압가스업","09_28_05_P","4181000","2008418016602120084","2010-03-16","","03","폐업","03","폐업","2018-12-31","","","","","1422","","강원특별자치도 춘천시 온의동 112","강원특별자치도 춘천시 춘주로 55 (온의동)","","온의CNG충전소","2018-12-31 18:00:39","I","2023-06-13 00:00:00","제조","263012.687064638","484869.608953863","충전","전기타",
"712","고압가스업","09_28_05_P","4181000","2008418016602120085","2008-12-26","","03","폐업","03","폐업","2009-10-21","","","","","300","","강원특별자치도 춘천시 동면 68","","","백령특수가스","2013-12-24 13:23:05","I","2023-06-13 00:00:00","판매","","","","전",
"713","고압가스업","09_28_05_P","4181000","2008418016602200034","2008-06-25","","03","폐업","03","폐업","2019-03-08","2019-02-25","2020-02-25","","","10000","","강원특별자치도 춘천시 서면 당림리 602","강원특별자치도 춘천시 서면 당숲안길 157","","(주)피피이씨춘천","2019-12-03 17:21:08","I","2023-06-13 00:00:00","제조","253256.56457927","482551.006106033","냉동","공업용",
"714","고압가스업","09_28_05_P","4181000","2008418016602200037","2008-06-27","","03","폐업","03","폐업","2019-06-05","","","","","3000","","강원특별자치도 춘천시 효자동 685","강원특별자치도 춘천시 공지로 359 (효자동)","","현대자동차춘천지점","2019-06-18 10:18:27","I","2023-06-13 00:00:00","제조","263859.4568986","485538.790304595","냉동","상업용",
"715","고압가스업","09_28_05_P","4181000","2009418016602200008","2009-12-31","","03","폐업","03","폐업","2023-07-05","","","2009-12-29","","600","","강원특별자치도 춘천시 신동면 팔미리 328-9","강원특별자치도 춘천시 신동면 한치로 880-21","","현대에너지","2025-07-25 14:53:59","U","2025-07-27 02:40:00","제조","261511.045044896","479226.020933582","일반","전",
"716","고압가스업","09_28_05_P","4181000","2010418016602100001","2010-08-10","","03","폐업","03","폐업","2011-11-11","","","","","3000","","강원특별자치도 춘천시 후평동 198-1","강원특별자치도 춘천시 공단로 86 (후평동)","","춘천CNG충전소","2019-07-25 16:33:13","I","2023-06-13 00:00:00","제조","265820.299990158","488179.615751627","충전","업무용",
"717","고압가스업","09_28_05_P","4181000","2011418016602100001","2011-03-03","","03","폐업","03","폐업","2016-04-15","","","","","300","","강원특별자치도 춘천시 동면 748-2","강원특별자치도 춘천시 동면 공단로 70-141","","장학수산","2019-12-13 09:14:41","I","2023-06-13 00:00:00","저장소","","","","전",
"718","고압가스업","09_28_05_P","4181000","2016418027902100001","2016-12-26","","03","폐업","03","폐업","2017-02-01","","","","","","","강원특별자치도 춘천시 삼천동 1","","","주식회사 알앤알스포츠","2017-02-09 15:59:32","I","2023-06-13 00:00:00","제조","262159.584060971","485914.285029449","냉동","",
"719","고압가스업","09_28_05_P","4181000","1999418001602200025","2010-11-09","","03","폐업","03","폐업","2013-12-24","","","","","1500","","강원특별자치도 춘천시 후평동 244-39","","","대한냉동산업사","2013-12-24 14:55:23","I","2023-06-13 00:00:00","제조","","","냉동","주거용",
"720","고압가스업","09_28_05_P","4181000","2000418001602100001","2000-01-01","","03","폐업","03","폐업","2013-12-24","","","","","","","","강원특별자치도 춘천시 소양강로 32 (후평동)","","테스트자료","2013-12-24 16:17:08","I","2023-06-13 00:00:00","제조","265331.3469315","487999.802568208","일반","주거용",
"721","고압가스업","09_28_05_P","4181000","2002418001602100001","2009-10-21","","03","폐업","03","폐업","2009-10-21","","","","","","","강원특별자치도 춘천시 동내면 사암리 1248","강원특별자치도 춘천시 동내면 순환대로 666","","백령특수가스","2009-10-21 18:30:51","I","2023-06-13 00:00:00","저장소","267349.622477298","482370.121156752","일반","주거용",
"722","고압가스업","09_28_05_P","4181000","2002418001602200002","2002-07-25","","03","폐업","03","폐업","2023-06-08","","","","","","","강원특별자치도 춘천시 조양동 137","강원특별자치도 춘천시 금강로 68-6 (조양동)","","동부교회","2023-12-05 14:45:45","U","2023-12-07 02:40:00","제조","263990.032049917","486514.002562514","일반","주거기타",
"723","고압가스업","09_28_05_P","4181000","2003418001602100024","2008-01-16","","03","폐업","03","폐업","2019-07-10","","","","","1000","","강원특별자치도 춘천시 후평동 198-1","강원특별자치도 춘천시 공단로 86 (후평동)","","춘천CNG 충전소","2019-07-10 09:20:01","I","2023-06-13 00:00:00","제조","265820.299990158","488179.615751627","충전","지정되지않음",
"724","고압가스업","09_28_05_P","4181000","2003418001602200001","2003-02-06","","03","폐업","03","폐업","2024-04-22","","","","","","","강원특별자치도 춘천시 후평동 198-53","","","(재)춘천바이오산업진흥원[바이오4동]","2024-11-13 09:23:06","U","2024-11-15 02:40:00","제조","265331.3469315","487999.802568208","냉동","공업기타",
"725","고압가스업","09_28_05_P","4181000","1989418001602200006","2008-06-04","","03","폐업","03","폐업","2019-06-18","","","","","","","강원특별자치도 춘천시 효자동 685","강원특별자치도 춘천시 공지로 359 (효자동)","","현대자동차효자지점","2019-06-18 10:01:19","I","2023-06-13 00:00:00","제조","263859.4568986","485538.790304595","냉동","주거용",
"726","고압가스업","09_28_05_P","4181000","1991418001602200008","1991-03-09","","03","폐업","03","폐업","","","","","","","","강원특별자치도 춘천시 운교동 182-6","","","신한은행춘천지점","2007-04-24 00:00:00","I","2023-06-13 00:00:00","제조","","","냉동","주거용",
"727","고압가스업","09_28_05_P","4181000","1993418001602200009","1993-07-10","","03","폐업","03","폐업","2024-02-21","","","","","","","강원특별자치도 춘천시 근화동 730","강원특별자치도 춘천시 공지로494번길 4 (근화동)","","국민의료보험관리공단강원도지사","2024-02-21 21:40:48","U","2024-02-23 02:40:00","제조","262807.726151694","486222.346073247","냉동","주거용",
"728","고압가스업","09_28_05_P","4181000","1994418001602100004","1994-09-10","","03","폐업","03","폐업","2013-12-24","","","","","","","강원특별자치도 춘천시 퇴계동 861-7","","","케미에이스","2013-12-24 15:42:40","I","2023-06-13 00:00:00","판매","","","일반","주거용",
"729","고압가스업","09_28_05_P","4181000","1994418001602100005","1994-09-10","","03","폐업","03","폐업","2013-12-24","","","","","","","강원특별자치도 춘천시 퇴계동 861-7","","","케미에이스","2013-12-24 15:40:27","I","2023-06-13 00:00:00","판매","","","일반","주거용",
"730","고압가스업","09_28_05_P","4181000","1995418001602100006","1995-11-06","","03","폐업","03","폐업","2013-12-24","","","","","","","강원특별자치도 춘천시 퇴계동 859-2","","","태일정밀","2013-12-24 15:29:56","I","2023-06-13 00:00:00","판매","","","일반","주거용",
"731","고압가스업","09_28_05_P","4181000","1995418001602100029","1995-01-27","","03","폐업","03","폐업","2017-08-24","","","","","","","강원특별자치도 춘천시 동면 감정리 386-5","","","소양정수장","2017-08-28 08:47:26","I","2023-06-13 00:00:00","저장소","","","일반","주거용",
"732","고압가스업","09_28_05_P","4181000","1996418001602100003","1996-11-15","","03","폐업","03","폐업","2017-09-11","","","","","","","강원특별자치도 춘천시 동면 장학리 578-5","강원특별자치도 춘천시 동면 하일길 74","","호반종합가스상사","2017-09-15 13:19:49","I","2023-06-13 00:00:00","판매","266365.940777223","490374.747878985","일반","주거용",
"733","고압가스업","09_28_05_P","4181000","1997418001602100018","1997-06-02","","03","폐업","03","폐업","2023-02-16","2022-01-10","2023-01-09","","","","","강원특별자치도 춘천시 온의동 513-3","강원특별자치도 춘천시 경춘로 2364 (온의동)","","타워빌딩","2023-02-17 12:49:48","I","2023-06-13 00:00:00","제조","263363.74960516","484877.145433762","냉동","주거용",
"734","고압가스업","09_28_05_P","4181000","1997418001602100019","1997-09-18","","03","폐업","03","폐업","2013-12-24","","","","","","","강원특별자치도 춘천시 송암동 709-1","","","실외빙상장","2013-12-24 15:11:08","I","2023-06-13 00:00:00","제조","","","냉동","주거용",
"735","고압가스업","09_28_05_P","4181000","1998418001602100022","1998-09-12","","03","폐업","03","폐업","2013-12-24","","","","","","","강원특별자치도 춘천시 효자동 17-1","","","춘천의료원","2013-12-24 15:06:15","I","2023-06-13 00:00:00","제조","","","냉동","주거용",
"736","고압가스업","09_28_05_P","4181000","1998418001602200010","1998-02-25","","03","폐업","03","폐업","2014-07-01","","","","","","","강원특별자치도 춘천시 효자동 655","강원특별자치도 춘천시 춘천로 180 (효자동)","","빌딩 토미르","2022-03-07 08:51:42","I","2023-06-13 00:00:00","제조","264519.81300489","486204.177489443","냉동","주거용",
"737","고압가스업","09_28_05_P","4181000","2005418001602100002","2009-01-20","","03","폐업","03","폐업","2013-12-24","2009-01-20","2019-01-20","","","","","강원특별자치도 춘천시 신동면 팔미리 328-9","","","(합)현대가스","2013-12-24 14:15:45","I","2023-06-13 00:00:00","저장소","","","일반","전",
"738","고압가스업","09_28_05_P","4181000","2006418015502200001","2006-12-22","","03","폐업","03","폐업","2024-04-22","","","","","","","강원특별자치도 춘천시 후평동 198-53","","","(재)춘천바이오산업진흥원","2024-11-13 09:22:38","U","2024-11-15 02:40:00","제조","265331.3469315","487999.802568208","냉동","주거기타",
"739","고압가스업","09_28_05_P","4181000","2008418016602100081","2010-01-12","","03","폐업","03","폐업","2013-12-24","","","","","1422","","강원특별자치도 춘천시 온의동 112-7","","","온의CNG충전소","2013-12-24 13:44:26","I","2023-06-13 00:00:00","제조","","","충전","전",
"740","고압가스업","09_28_05_P","4181000","2016418027902100034","2008-06-25","","03","폐업","03","폐업","2019-03-08","2019-02-25","2020-02-25","","","","","","강원특별자치도 춘천시 서면 당숲안길 157","","(주)피피이씨 춘천","2019-12-03 17:21:36","I","2023-06-13 00:00:00","제조","253214.520164446","482649.796214332","냉동","",
"741","고압가스업","09_28_05_P","4181000","2017418028602100002","2017-12-12","","03","폐업","03","폐업","2018-03-05","","","","","","","강원특별자치도 춘천시 삼천동 469-15","강원특별자치도 춘천시 수변공원길 18 (삼천동)","24239","(주)알앤알스포츠","2018-03-07 08:50:07","I","2023-06-13 00:00:00","제조","262253.28755498","485907.352528966","냉동","",
"742","고압가스업","09_28_05_P","4181000","2019418032302100001","2019-02-25","","03","폐업","03","폐업","2023-11-20","","","","","","","강원특별자치도 춘천시 서면 당림리 601","강원특별자치도 춘천시 서면 당숲안길 157","24463","(주)피피이씨춘천-얼음지점","2023-11-02 08:14:46","U","2023-11-04 02:40:00","제조","253214.520164446","482649.796214332","냉동","",
"743","고압가스업","09_28_05_P","4181000","2019418035802200003","2019-12-13","","03","폐업","03","폐업","2020-02-11","","","","","","","강원특별자치도 춘천시 옥천동 111-1 춘천시청","강원특별자치도 춘천시 시청길 11, 춘천시청 (옥천동)","24347","하나스포텍","2020-02-11 17:02:31","I","2023-06-13 00:00:00","제조","","","냉동","",
"744","고압가스업","09_28_05_P","4181000","1969418001602100001","1969-09-03","","03","폐업","03","폐업","2011-12-01","","","","","","","강원특별자치도 춘천시 소양로1가 76","","","옥수냉동","2011-12-13 11:04:45","I","2023-06-13 00:00:00","제조","","","냉동","주거용",
"745","고압가스업","09_28_05_P","4181000","1972418001602100001","1972-06-15","","03","폐업","03","폐업","2008-12-26","","","","","","","강원특별자치도 춘천시 소양로2가 58-1","","","곽산산소","2013-12-24 15:59:23","I","2023-06-13 00:00:00","저장소","","","일반","주거용",
"746","고압가스업","09_28_05_P","4181000","1985418001602200002","1985-04-22","","03","폐업","03","폐업","2013-12-24","","","","","","","강원특별자치도 춘천시 효자동 192-1","","","강원대학교","2013-12-24 15:51:59","I","2023-06-13 00:00:00","제조","","","냉동","주거용",
"747","고압가스업","09_28_05_P","4181000","1985418001602200003","1985-06-03","","03","폐업","03","폐업","2013-12-24","","","","","","","강원특별자치도 춘천시 요선동 2-12","","","춘천시민회관","2013-12-24 15:49:39","I","2023-06-13 00:00:00","제조","","","냉동","주거용",
"748","고압가스업","09_28_05_P","4181000","1986418001602100001","1986-12-19","","03","폐업","03","폐업","2017-08-24","","","","","","","강원특별자치도 춘천시 신북읍 용산리 329-1","","","용산정수장","2017-08-28 08:46:25","I","2023-06-13 00:00:00","저장소","","","일반","주거용",
"749","고압가스업","09_28_05_P","4181000","2016418027902211111","2016-12-07","","03","폐업","03","폐업","2024-10-30","","","","","","","강원특별자치도 춘천시 서면 당림리 601","강원특별자치도 춘천시 서면 당숲안길 157","24463","(주)피피이씨 춘천","2024-10-30 17:36:26","I","2024-11-01 00:12:59","제조","253214.520164446","482649.796214332","냉동","",
"750","고압가스업","09_28_05_P","4181000","2018418028602100001","2018-02-07","","03","폐업","03","폐업","2024-10-30","","","","","","","강원특별자치도 춘천시 서면 당림리 601","강원특별자치도 춘천시 서면 당숲안길 157","24463","(주)피피이씨춘천-얼음지점","2024-11-14 14:16:55","U","2024-11-16 02:40:00","제조","253214.520164446","482649.796214332","냉동","",
"751","고압가스업","09_28_05_P","4181000","2025418109302200001","2025-03-25","","03","폐업","03","폐업","2025-04-22","","","","","","","강원특별자치도 춘천시 효자동 17-1 강원대학교병원","","","강원대학교병원","2025-05-23 19:45:03","U","2025-05-25 02:40:00","제조","265438.256393839","486072.554860519","냉동","",
"752","고압가스업","09_28_05_P","4191000","2022419024502100002","2022-07-22","","03","폐업","03","폐업","2024-06-10","","","","","","","강원특별자치도 원주시 부론면 정산리 734","","","직선(주)","2024-06-10 09:03:50","U","2024-06-12 02:40:00","판매","269512.760888553","409584.364936436","","",
"753","고압가스업","09_28_05_P","4191000","2015419024502200002","2015-09-03","","03","폐업","03","폐업","2019-08-06","","","","","","","","강원특별자치도 원주시 문막읍 문막공단길 170","","주식회사 데어리젠","2019-08-06 15:28:23","I","2023-06-13 00:00:00","제조","271474.732860906","421466.489493918","냉동","",
"754","고압가스업","09_28_05_P","4191000","2016419024502200002","2016-04-21","","03","폐업","03","폐업","2023-09-05","","","","","","","","강원특별자치도 원주시 흥업면 북원로 1397","","(재)원주의료기기테크노밸리(연세대학교 원주캠퍼스)","2023-09-05 17:27:15","U","2023-09-07 02:40:00","제조","280280.418081275","419749.9347491","냉동","업무용",
"755","고압가스업","09_28_05_P","4191000","2016419024502200003","2016-05-04","","03","폐업","03","폐업","2024-07-15","","","","","","","강원특별자치도 원주시 문막읍 반계리 5-30","","","오토리브유한회사 원주공장","2024-07-15 09:21:56","U","2024-07-17 02:40:00","제조","271560.507522634","421821.202586794","냉동","",
"756","고압가스업","09_28_05_P","4191000","2017419024502200002","2017-11-03","","03","폐업","03","폐업","2018-08-21","","","","","","","강원특별자치도 원주시 단구동 991-2","강원특별자치도 원주시 남원로534번길 64-1 (단구동)","26485","(주)행복한식자재마트","2018-08-21 15:30:23","I","2023-06-13 00:00:00","제조","284377.047160867","425488.393898292","냉동","",
"757","고압가스업","09_28_05_P","4191000","1996419007902100001","2010-04-23","","03","폐업","03","폐업","2011-11-14","","","","","","","강원특별자치도 원주시 문막읍 반계리 5-31","강원특별자치도 원주시 문막읍 문막공단길 61","","동양이엔피주식회사","2011-11-14 13:21:09","I","2023-06-13 00:00:00","제조","271321.464633458","421860.562182214","냉동","주상나지",
"758","고압가스업","09_28_05_P","4191000","1996419007902100002","1996-07-08","","03","폐업","03","폐업","2024-02-27","","","","","","","강원특별자치도 원주시 흥업면 매지리 1875 연세대학교","강원특별자치도 원주시 흥업면 연세대길 1, 연세대학교","26493","연세대학교 미래캠퍼스","2024-02-28 09:34:35","U","2024-03-01 02:40:00","제조","279802.842138498","420075.310262165","냉동","특수토지",
"759","고압가스업","09_28_05_P","4191000","1997419007902100004","1997-05-27","","03","폐업","03","폐업","2013-04-15","","","","","","","강원특별자치도 원주시 우산동 450-18","강원특별자치도 원주시 우두산길 52  (우산동)","","오뚜기라면주식회사","2013-04-16 16:01:18","I","2023-06-13 00:00:00","제조","282994.044972167","431342.688538538","냉동","주상나지",
"760","고압가스업","09_28_05_P","4191000","1998419007902100001","1998-04-23","","03","폐업","03","폐업","2012-02-17","","","","","","","강원특별자치도 원주시 소초면 장양리 1310","강원특별자치도 원주시 소초면 북원로 2955","","한국담배인삼공사원주제조창","2012-02-10 16:48:09","I","2023-06-13 00:00:00","제조","284192.855174726","434485.025068688","일반","특수토지",
"761","고압가스업","09_28_05_P","4191000","2001419007902100003","2008-04-21","","03","폐업","03","폐업","2011-12-29","","","","","","","강원특별자치도 원주시 문막읍 반계리 5-7","강원특별자치도 원주시 문막읍 문막공단길 252","","토다이수(주)","2013-10-30 13:26:39","I","2023-06-13 00:00:00","제조","271483.976966454","422231.848021915","일반","공업용",
"762","고압가스업","09_28_05_P","4191000","2002419007902100001","2008-04-07","","03","폐업","03","폐업","2016-08-24","","","","","","","강원특별자치도 원주시 문막읍 반계리 5-22","","","(주)만도문막공장","2016-08-25 11:06:18","I","2023-06-13 00:00:00","저장소","270976.604617115","421599.311278033","일반","공업용",
"763","고압가스업","09_28_05_P","4191000","2003419011502100001","2010-03-29","","03","폐업","03","폐업","2012-12-31","","","","","","","강원특별자치도 원주시 흥업면 매지리 1270-1","","","(재)원주의료기기테크노밸리","2012-12-31 10:20:03","I","2023-06-13 00:00:00","제조","280366.585335634","419811.857890988","냉동","업무용",
"764","고압가스업","09_28_05_P","4191000","2004419011502100002","2004-04-23","","03","폐업","03","폐업","2021-05-11","","","","","","","강원특별자치도 원주시 지정면 간현리 654","강원특별자치도 원주시 지정면 간현로 102-9","26359","간현고압가스","2021-05-11 17:01:42","I","2023-06-13 00:00:00","판매","274545.292980064","429163.966519736","일반","단독",
"765","고압가스업","09_28_05_P","4191000","1981419007902100001","1981-05-04","","03","폐업","03","폐업","2010-09-02","","","","","","","강원특별자치도 원주시 우산동 161","","","한국폴리텍3(로마자표기)대학 원주캠퍼스","2010-09-02 13:12:15","I","2023-06-13 00:00:00","저장소","","","일반","특수토지",
"766","고압가스업","09_28_05_P","4191000","1983419007902100001","2008-11-24","","03","폐업","03","폐업","2013-10-24","","","","","","","강원특별자치도 원주시 문막읍 건등리 383-1","강원특별자치도 원주시 문막읍 왕건로 49","","삼양식품(주)유가공공장","2018-04-17 17:44:56","I","2023-06-13 00:00:00","제조","273173.287994567","424928.147438119","냉동","특수토지",
"767","고압가스업","09_28_05_P","4191000","1983419007902200001","1983-04-27","","03","폐업","03","폐업","2020-12-31","","","","","","","강원특별자치도 원주시 인동 222-11","강원특별자치도 원주시 원일로 38 (인동)","","흥국생명보험(주) 원주","2021-01-04 17:27:48","I","2023-06-13 00:00:00","제조","284394.503173561","427586.982097336","냉동","업무용",
"768","고압가스업","09_28_05_P","4191000","1985419007902100002","1985-02-27","","03","폐업","03","폐업","2003-12-09","","","","","","","강원특별자치도 원주시 평원동 187-3","","","계림상회","2007-09-10 14:10:16","I","2023-06-13 00:00:00","저장소","284183.139042248","428224.298110721","일반","주거용",
"769","고압가스업","09_28_05_P","4191000","2004419011502200003","2011-01-27","","03","폐업","03","폐업","2017-03-24","","","","","","","강원특별자치도 원주시 문막읍 반계리 5-9","강원특별자치도 원주시 문막읍 문막공단길 246","","한국유니온제약(주)","2017-03-16 17:03:21","I","2023-06-13 00:00:00","제조","271505.084930829","422175.03985654","냉동","공업용",
"770","고압가스업","09_28_05_P","4191000","2005419011502100001","2010-03-29","","03","폐업","03","폐업","2010-03-29","","","","","","","강원특별자치도 원주시 문막읍 반계리 2237","강원특별자치도 원주시 문막읍 문막공단길 80","","(주)만도원주공장","2014-09-18 11:44:13","I","2023-06-13 00:00:00","저장소","271108.582304373","421916.373079033","일반","공업용",
"771","고압가스업","09_28_05_P","4191000","2005419011502100002","2005-12-02","","03","폐업","03","폐업","2016-08-31","","","","","","","강원특별자치도 원주시 문막읍 건등리 203-1","","","(주)도루코리빙 문막지점","2016-08-31 16:34:56","I","2023-06-13 00:00:00","저장소","","","일반","주거용",
"772","고압가스업","09_28_05_P","4191000","2006419013302100001","2006-05-24","","03","폐업","03","폐업","2015-08-28","","","","","","","강원특별자치도 원주시 소초면 수암리 1370","","","가스텍원주","2015-08-28 17:07:19","I","2023-06-13 00:00:00","판매","286506.901537407","432176.719838918","일반","지정되지않음",
"773","고압가스업","09_28_05_P","4191000","2007419015302200002","2009-01-14","","03","폐업","03","폐업","2019-07-09","","","","","","","강원특별자치도 원주시 행구동 1683-1","강원특별자치도 원주시 영랑길 73 (행구동)","","원주중앙성결교회","2019-07-09 15:24:59","I","2023-06-13 00:00:00","제조","286644.891290415","426855.02195399","냉동","지정되지않음",
"774","고압가스업","09_28_05_P","4191000","2008419015302200001","2008-08-07","","03","폐업","03","폐업","2012-02-17","","","","","0","","강원특별자치도 원주시 소초면 장양리 1310","강원특별자치도 원주시 소초면 북원로 2955","","주식회사 케이티앤지 원주제조창","2012-02-10 16:49:11","I","2023-06-13 00:00:00","제조","284192.855174726","434485.025068688","냉동","지정되지않음",
"775","고압가스업","09_28_05_P","4191000","2009419019802100001","2011-02-23","","03","폐업","03","폐업","2013-02-25","","","","","","","강원특별자치도 원주시 명륜동 345 따뚜경기장","강원특별자치도 원주시 단구로 170  (명륜동,따뚜경기장)","","(주)알앤알트래이딩","2013-02-25 15:05:08","I","2023-06-13 00:00:00","제조","283813.128820164","426431.214815577","냉동","",
"776","고압가스업","09_28_05_P","4191000","1989419007902200001","1989-02-15","","03","폐업","03","폐업","2003-04-30","","","","","","","강원특별자치도 원주시 문막읍 반계리 5-12","강원특별자치도 원주시 문막읍 문막공단길 236","","(주)이수세라믹","2007-09-10 14:11:24","I","2023-06-13 00:00:00","제조","271582.284846753","422083.178386107","냉동","주상나지",
"777","고압가스업","09_28_05_P","4191000","1990419007902100002","1990-02-04","","03","폐업","03","폐업","2002-09-03","","","","","","","강원특별자치도 원주시 신림면 신림리 638-8","","","강성공업(주)","2007-09-10 14:08:34","I","2023-06-13 00:00:00","제조","296272.721394842","413740.382572601","일반","특수토지",
"778","고압가스업","09_28_05_P","4191000","1990419007902200001","1990-08-23","","03","폐업","03","폐업","2021-12-14","","","","","","","강원특별자치도 원주시 중앙동 232-1","강원특별자치도 원주시 원일로 48 (중앙동)","","대우증권(주)(SK브로드밴드)","2021-12-14 16:13:11","I","2023-06-13 00:00:00","제조","284346.692074266","427639.294276983","냉동","주거용",
"779","고압가스업","09_28_05_P","4191000","1990419007902200003","2010-12-07","","03","폐업","03","폐업","2024-07-15","","","","","","","강원특별자치도 원주시 문막읍 반계리 5-30","","","오토리브 유한회사","2024-07-15 09:25:27","U","2024-07-17 02:40:00","제조","271560.507522634","421821.202586794","냉동","주상나지",
"780","고압가스업","09_28_05_P","4191000","1991419007902100002","1991-05-28","","03","폐업","03","폐업","2006-05-24","","","","","","","강원특별자치도 원주시 우산동 531-1","","","대일종합산소","2013-12-18 19:08:39","I","2023-06-13 00:00:00","판매","282858.802354631","431494.436831742","일반","연립",
"781","고압가스업","09_28_05_P","4191000","1991419007902200002","1991-03-14","","03","폐업","03","폐업","2020-10-14","","","","","","","강원특별자치도 원주시 소초면 의관리 사서함 323-13","","","공군3526부대","2020-10-15 16:28:02","I","2023-06-13 00:00:00","제조","","","냉동","특수토지",
"782","고압가스업","09_28_05_P","4191000","1992419007902200001","1992-09-02","","03","폐업","03","폐업","2008-04-01","","","","","","","강원특별자치도 원주시 태장동 1889","강원특별자치도 원주시 북원로 2873  (태장동)","","한국도로공사원주지사","2009-01-19 13:21:49","I","2023-06-13 00:00:00","제조","284227.889952275","433513.338069116","냉동","특수토지",
"783","고압가스업","09_28_05_P","4191000","1993419007902100002","1993-03-18","","03","폐업","03","폐업","2017-02-14","","","","","","","강원특별자치도 원주시 학성동 223-8","강원특별자치도 원주시 원일로 173 (학성동)","","원주축산업협동조합","2017-02-14 10:11:19","I","2023-06-13 00:00:00","제조","283719.939348254","428338.77938424","냉동","연립",
"784","고압가스업","09_28_05_P","4191000","1993419007902200001","1993-03-06","","03","폐업","03","폐업","2005-03-07","","","","","","","강원특별자치도 원주시 문막읍 반계리 2238","강원특별자치도 원주시 문막읍 문막공단길 108","","(주)대우철구사업소","2007-09-10 14:18:28","I","2023-06-13 00:00:00","제조","270801.453997758","421264.023748289","냉동","주상나지",
"785","고압가스업","09_28_05_P","4191000","1994419007902100002","1994-02-21","","03","폐업","03","폐업","2001-06-11","","","","","","","강원특별자치도 원주시 문막읍 동화리 559","강원특별자치도 원주시 문막읍 동화골길 21","","대흥가스","2007-09-10 11:34:41","I","2023-06-13 00:00:00","판매","274840.085690382","425138.323697092","일반","특수토지",
"786","고압가스업","09_28_05_P","4191000","2014419019802200001","2014-02-07","","03","폐업","03","폐업","2024-04-01","","","","","","","","강원특별자치도 원주시 동부순환로 200 (반곡동)","","(주)호텔인터불고 원주","2024-04-01 14:06:29","U","2024-04-03 02:40:00","제조","286272.710008855","426045.161207519","냉동","",
"787","고압가스업","09_28_05_P","4191000","2015419024502100002","2015-03-12","","03","폐업","03","폐업","2019-05-27","","","","","","","강원특별자치도 원주시 문막읍 반계리 2236-6","강원특별자치도 원주시 문막읍 문막공단길 101","","스텐다드펌(주) 문막2공장","2019-06-07 10:41:02","I","2023-06-13 00:00:00","저장소","271387.434625428","421600.53908322","","",
"788","고압가스업","09_28_05_P","4191000","2015419024502100003","2015-03-12","","03","폐업","03","폐업","2019-05-27","","","","","","","강원특별자치도 원주시 문막읍 반계리 2236-6","강원특별자치도 원주시 문막읍 문막공단길 101","","스텐다드펌(주)문막2공장","2019-06-07 10:41:40","I","2023-06-13 00:00:00","저장소","271387.434625428","421600.53908322","","",
"789","고압가스업","09_28_05_P","4191000","2015419024502100004","2015-03-17","","03","폐업","03","폐업","2016-05-26","","","","","","","강원특별자치도 원주시 흥업면 사제리 118-7","","","경원산소(주) 제2사업소 지점","2017-01-04 15:16:43","I","2023-06-13 00:00:00","판매","279300.59251517","426304.152512014","","",
"790","고압가스업","09_28_05_P","4191000","2024419101202100001","2024-01-12","","03","폐업","03","폐업","2024-03-08","","","","","","","강원특별자치도 원주시 명륜동 345 원주댄싱공연장","강원특별자치도 원주시 단구로 170, 원주댄싱공연장 (명륜동)","26447","주식회사 더 함","2024-03-08 13:25:32","U","2024-03-10 02:40:00","제조","283813.128820164","426431.214815577","냉동","",
"791","고압가스업","09_28_05_P","4201000","2001420011502100043","2013-06-19","","03","폐업","03","폐업","2019-10-22","","","","","","","","강원특별자치도 강릉시 강릉대로 33 (홍제동)","","강릉시청사","2019-10-22 13:06:03","I","2023-06-13 00:00:00","제조","365285.615843898","473821.098924361","냉동","기타",
"792","고압가스업","09_28_05_P","4201000","2002420008502200001","2002-10-11","","03","폐업","03","폐업","2017-10-20","","","","","","","강원특별자치도 강릉시 주문진읍 교항리 1207-7","","","현복식품","2017-10-21 18:44:05","I","2023-06-13 00:00:00","제조","360657.223678421","487127.974559443","일반","기타",
"793","고압가스업","09_28_05_P","4201000","2003420008502100007","2007-08-22","","03","폐업","03","폐업","2021-04-09","","","","","","","강원특별자치도 강릉시 옥계면 낙풍리 433-3","","","옥계영농조합법인","2021-04-09 14:04:20","I","2023-06-13 00:00:00","저장소","","","일반","전",
"794","고압가스업","09_28_05_P","4201000","1989420001902200002","2007-08-14","","03","폐업","03","폐업","2025-01-13","","","","","","","강원특별자치도 강릉시 옥천동 282-1","","","주식회사 한신리얼티","2025-01-13 16:11:07","U","2025-01-15 02:40:00","제조","367289.318716161","474597.847006339","냉동","특수토지",
"795","고압가스업","09_28_05_P","4201000","2003420008502200001","2003-05-13","","03","폐업","03","폐업","2011-12-28","","","","","","","강원특별자치도 강릉시 주문진읍 교항리 172-36","","","수인산업개발(주)강원지점","2011-12-28 13:34:10","I","2023-06-13 00:00:00","제조","","","일반","공업용",
"796","고압가스업","09_28_05_P","4201000","2003420032602100006","2003-07-03","","03","폐업","03","폐업","2025-06-23","","","","","","","강원특별자치도 강릉시 홍제동 538","강원특별자치도 강릉시 공제로437번길 8-37 (홍제동)","25522","강릉시홍제3정수장","2025-07-01 13:12:11","U","2025-07-03 02:40:00","저장소","364797.972962512","473689.563643598","","",
"797","고압가스업","09_28_05_P","4201000","2004420011502100110","2004-11-01","","03","폐업","03","폐업","2011-09-01","","","","","","","강원특별자치도 강릉시 강동면 안인진리 300-19","강원특별자치도 강릉시 강동면 갯목길 60","","(주)동양수산","2011-09-01 16:24:30","I","2023-06-13 00:00:00","저장소","374976.401707872","472643.921275721","","기타",
"798","고압가스업","09_28_05_P","4201000","2004420011502200030","2004-07-12","","03","폐업","03","폐업","2016-03-17","","","","","","","강원특별자치도 강릉시 강문동 303-4","","","르호텔경포비치","2016-03-21 13:37:27","I","2023-06-13 00:00:00","제조","368479.278365543","479102.942658963","냉동","상업용",
"799","고압가스업","09_28_05_P","4201000","2009420011502100002","2010-10-11","","03","폐업","03","폐업","2021-03-04","2012-08-01","2013-07-31","","","","","강원특별자치도 강릉시 대전동 896-1","강원특별자치도 강릉시 과학단지로 105 (대전동)","","네오세미테크(주)","2021-04-20 14:28:22","I","2023-06-13 00:00:00","저장소","363097.420003136","479403.297427266","","공업기타",
"800","고압가스업","09_28_05_P","4201000","2009420011502100005","2010-12-20","","03","폐업","03","폐업","2017-08-29","","","","","2480","","강원특별자치도 강릉시 병산동 228-1","","","강릉시 하수처리장 바이오가스충전소","2021-05-18 14:38:42","I","2023-06-13 00:00:00","제조","370890.525555747","475869.867468805","충전","기타",
"801","고압가스업","09_28_05_P","4201000","2010420011502100001","2010-10-26","","03","폐업","03","폐업","2023-06-12","","","","","6357","","강원특별자치도 강릉시 강동면 모전리 576-3","","","(주)동그린","2023-06-14 16:43:33","U","2023-06-17 02:40:00","저장소","372789.751128288","469997.518972905","","공업용",
"802","고압가스업","09_28_05_P","4201000","2012420011502100002","2012-01-12","","03","폐업","03","폐업","2021-03-04","","","","","","","강원특별자치도 강릉시 대전동 896-1","강원특별자치도 강릉시 과학단지로 105 (대전동)","","네오세미테크(주)","2021-04-20 14:24:09","I","2023-06-13 00:00:00","저장소","363097.420003136","479403.297427266","","기타",
"803","고압가스업","09_28_05_P","4201000","2018420027002100001","2018-01-17","","03","폐업","03","폐업","2018-03-31","","","","","","","강원특별자치도 강릉시 교동 2-21","","","2018평창동계올림픽조직위원회","2018-05-04 15:33:53","I","2023-06-13 00:00:00","제조","366811.192392337","476194.310530964","냉동","",
"804","고압가스업","09_28_05_P","4201000","2018420027002200000","2011-12-20","","03","폐업","03","폐업","2018-02-26","","","","","","","","강원특별자치도 강릉시 과학단지로 106-40 (대전동)","25440","(재)강원테크노파크","2018-02-26 14:41:38","I","2023-06-13 00:00:00","제조","363511.356361271","479542.686610108","특정","",
"805","고압가스업","09_28_05_P","4201000","2018420030102100000","2004-04-26","","03","폐업","03","폐업","2025-06-30","","","","","","","강원특별자치도 강릉시 임당동 114-2","","","동아프라자","2025-06-30 17:25:21","U","2025-07-02 02:40:00","제조","367168.990388628","474231.992217697","","",
"806","고압가스업","09_28_05_P","4201000","2019420032602100001","2019-01-23","","03","폐업","03","폐업","2019-09-03","","","","","","","강원특별자치도 강릉시 대전동 897-3","강원특별자치도 강릉시 과학단지로 106-31 (대전동)","25440","(재)강원테크노파크 강릉분소","2019-09-11 14:57:43","I","2023-06-13 00:00:00","제조","363454.615939535","479614.738631364","","",
"807","고압가스업","09_28_05_P","4201000","1990420001902100005","1990-03-30","","03","폐업","03","폐업","2013-04-22","","","","","","","강원특별자치도 강릉시 강동면 모전리 258-3","","","(주)대일가스","2013-04-22 10:13:33","I","2023-06-13 00:00:00","제조","","","충전","특수토지",
"808","고압가스업","09_28_05_P","4201000","1990420001902100006","1990-07-02","","03","폐업","03","폐업","2024-07-11","","","","","","","강원특별자치도 강릉시 주문진읍 교항리 농공단지 2B 3L","","","(주)정필 강릉지점","2024-07-11 15:22:45","U","2024-07-13 02:40:00","제조","","","냉동","특수토지",
"809","고압가스업","09_28_05_P","4201000","1990420001902200004","1990-03-07","","03","폐업","03","폐업","2011-10-13","","","","","","","강원특별자치도 강릉시 옥천동 159","강원특별자치도 강릉시 경강로 2141  (옥천동)","","현대자동차","2011-10-14 12:27:18","I","2023-06-13 00:00:00","제조","367350.408366532","474500.055335765","일반","특수토지",
"810","고압가스업","09_28_05_P","4201000","1990420001902200008","1990-11-20","","03","폐업","03","폐업","","","","","","","","충청북도 충주시 주덕읍 신양리 산 119","","","신흥냉동공업사","2007-01-25 00:00:00","I","2023-06-13 00:00:00","제조","","","일반","특수토지",
"811","고압가스업","09_28_05_P","4201000","1991420001902100006","1991-05-02","","03","폐업","03","폐업","2013-05-28","","","","","","","강원특별자치도 강릉시 주문진읍 교항리 농공단지1207-5호","","","동화냉동식품(주)","2013-05-28 19:49:53","I","2023-06-13 00:00:00","제조","","","일반","특수토지",
"812","고압가스업","09_28_05_P","4201000","1991420001902200002","1991-02-08","","03","폐업","03","폐업","2016-03-28","","","","","","","강원특별자치도 강릉시 옥계면 산계리 280-1","","","RH시멘트","2016-03-29 14:25:01","I","2023-06-13 00:00:00","제조","","","일반","특수토지",
"813","고압가스업","09_28_05_P","4201000","1991420001902200003","1991-03-28","","03","폐업","03","폐업","2014-04-17","","","","","","","강원특별자치도 강릉시 입암동 21-12","","","현대자동차서비스(주)강릉사업소","2014-04-17 17:01:44","I","2023-06-13 00:00:00","제조","","","일반","특수토지",
"814","고압가스업","09_28_05_P","4201000","1992420001902100002","1992-04-10","","03","폐업","03","폐업","2020-04-02","","","","","","","강원특별자치도 강릉시 강동면 산성우리 210-3","","","(주)동진제빙냉장","2020-04-02 09:13:25","I","2023-06-13 00:00:00","제조","","","냉동","특수토지",
"815","고압가스업","09_28_05_P","4201000","1992420001902200003","1992-07-24","","03","폐업","03","폐업","2012-02-01","","","","","","","강원특별자치도 강릉시 남문동 164","","","지방공사강릉의료원","2012-02-02 15:12:58","I","2023-06-13 00:00:00","제조","","","일반","특수토지",
"816","고압가스업","09_28_05_P","4201000","1993420001902200002","1993-06-30","","03","폐업","03","폐업","2017-01-25","2017-01-25","2017-01-25","","","","","강원특별자치도 강릉시 교동 408","","","문화예술관","2021-05-18 14:22:08","I","2023-06-13 00:00:00","제조","367021.139851971","476201.648945234","냉동","특수토지",
"817","고압가스업","09_28_05_P","4201000","2014420020702100001","2014-03-25","","03","폐업","03","폐업","2016-10-28","","","","","36314","","","강원특별자치도 강릉시 과학단지로 106-31 (대전동)","","일진다이아몬드(주)","2016-10-28 21:31:33","I","2023-06-13 00:00:00","저장소","363454.615939535","479614.738631364","","기타",
"818","고압가스업","09_28_05_P","4201000","2014420020702100002","2014-03-25","","03","폐업","03","폐업","2019-07-26","","","","","36314","","","강원특별자치도 강릉시 과학단지로 106-31 (대전동)","","일진다이아몬드(주)","2021-04-20 09:46:23","I","2023-06-13 00:00:00","저장소","363454.615939535","479614.738631364","","기타",
"819","고압가스업","09_28_05_P","4201000","2014420020702100003","2014-03-25","","03","폐업","03","폐업","2019-07-26","","","","","36314.7","","","강원특별자치도 강릉시 과학단지로 106-31 (대전동)","","일진다이아몬드(주)","2021-04-20 09:46:45","I","2023-06-13 00:00:00","저장소","363454.615939535","479614.738631364","","기타",
"820","고압가스업","09_28_05_P","4201000","2015420027002200001","2015-12-30","","03","폐업","03","폐업","2019-09-10","","","","","","","강원특별자치도 강릉시 주문진읍 교항리 1207-5","강원특별자치도 강릉시 주문진읍 농공단지길 28-30","25422","찬호유통","2022-04-12 11:08:35","I","2023-06-13 00:00:00","제조","360531.79839458","486902.54830728","냉동","공업용",
"821","고압가스업","09_28_05_P","4201000","2016420027002100001","2016-08-26","","03","폐업","03","폐업","2025-02-07","","","","","","","강원특별자치도 강릉시 포남동 산 90-1 강릉아레나","","","강릉아레나","2025-02-07 10:20:40","U","2025-02-09 02:40:00","제조","","","","기타",
"822","고압가스업","09_28_05_P","4201000","2017420027002100003","2017-08-23","","03","폐업","03","폐업","2018-06-04","2018-06-04","2018-06-04","","","","","강원특별자치도 강릉시 대전동 897-3","강원특별자치도 강릉시 과학단지로 106-31 (대전동)","25440","이엠솔루션(주) 강릉 수소스테이션","2021-05-18 14:51:09","I","2023-06-13 00:00:00","제조","363454.615939535","479614.738631364","","공업용",
"823","고압가스업","09_28_05_P","4201000","1984420001902100001","1984-06-21","","03","폐업","03","폐업","2021-03-04","2011-06-28","2012-06-27","","","","","강원특별자치도 강릉시 주문진읍 주문리 1056-1","","","(주)노승사","2021-04-20 09:50:55","I","2023-06-13 00:00:00","제조","","","냉동","특수토지",
"824","고압가스업","09_28_05_P","4201000","1987420001902100002","1987-11-13","","03","폐업","03","폐업","2025-06-11","","","","","","","강원특별자치도 강릉시 홍제동 538","","","강릉시홍제2정수장","2025-06-22 15:17:45","U","2025-06-24 02:40:00","저장소","364797.972962512","473689.563643598","충전","특수토지",
"825","고압가스업","09_28_05_P","4201000","1988420001902100001","2010-11-08","","03","폐업","03","폐업","2010-11-08","","","","","","","강원특별자치도 강릉시 송정동 623-1","","","풍양제빙 냉장사업사","2010-11-08 20:22:11","I","2023-06-13 00:00:00","제조","","","일반","특수토지",
"826","고압가스업","09_28_05_P","4201000","1996420001902100007","2010-03-26","","03","폐업","03","폐업","2015-04-17","","","","","","","강원특별자치도 강릉시 주문진읍 교항리 1207-21","","","금한사업","2015-04-17 15:41:54","I","2023-06-13 00:00:00","제조","360657.223678421","487127.974559443","일반","특수토지",
"827","고압가스업","09_28_05_P","4201000","1996420001902200006","2008-11-20","","03","폐업","03","폐업","2011-07-28","","","","","","","강원특별자치도 강릉시 성산면 금산리 11","","","강릉영동대학","2011-08-02 17:36:46","I","2023-06-13 00:00:00","제조","","","냉동","특수토지",
"828","고압가스업","09_28_05_P","4201000","1998420001902200001","2008-02-13","","03","폐업","03","폐업","2022-02-15","","","","","","","강원특별자치도 강릉시 포남동 160-4","","","의료법인 강릉동인병원","2022-02-15 15:49:33","I","2023-06-13 00:00:00","제조","","","일반","특수토지",
"829","고압가스업","09_28_05_P","4201000","1998420032602100001","1998-06-12","","03","폐업","03","폐업","2019-01-04","","","","","","","강원특별자치도 강릉시 옥계면 낙풍리 495-2","강원특별자치도 강릉시 옥계면 낙풍음촌길 101-5","25638","옥계정수장","2021-04-20 14:22:26","I","2023-06-13 00:00:00","제조","377926.603876453","459001.760110921","특정","",
"830","고압가스업","09_28_05_P","4201000","1998420032602200011","2019-01-22","","03","폐업","03","폐업","2019-01-22","","","","","","","강원특별자치도 강릉시 옥계면 낙풍리 495-2","강원특별자치도 강릉시 옥계면 낙풍음촌길 101-5","25638","옥계정수장","2019-01-22 21:13:54","I","2023-06-13 00:00:00","제조","377926.603876453","459001.760110921","특정","",
"831","고압가스업","09_28_05_P","4201000","1999420001902100001","1999-04-13","","03","폐업","03","폐업","2005-07-05","","","","","","","강원특별자치도 강릉시 강동면 모전리 576-3","","","(주)동그린","2008-09-24 09:02:38","I","2023-06-13 00:00:00","저장소","","","일반","특수토지",
"832","고압가스업","09_28_05_P","4201000","2000420001902200000","2000-08-21","","03","폐업","03","폐업","2024-07-02","","","","","","","강원특별자치도 강릉시 지변동 123","","","강릉대학교","2024-07-01 20:37:03","U","2024-07-03 02:40:00","제조","364627.278082023","475810.449226925","일반","특수토지",
"833","고압가스업","09_28_05_P","4211000","1993421000002200016","2007-11-08","","03","폐업","03","폐업","2007-11-08","","","","","","","강원특별자치도 동해시 천곡동 889","강원특별자치도 동해시 중앙로 210-1  (천곡동)","","(주)우리건설","2007-11-08 14:41:48","I","2023-06-13 00:00:00","제조","387018.307754694","448506.244035511","냉동","상업기타",
"834","고압가스업","09_28_05_P","4211000","2015421013902100002","2015-03-03","","03","폐업","03","폐업","2025-05-23","","","","","","","강원특별자치도 동해시 용정동 78-1 동부메탈","강원특별자치도 동해시 숫골길 17, 동부메탈 (용정동)","25784","(주)디비메탈 동해공장","2025-05-29 14:47:28","U","2025-05-31 02:40:00","저장소","387479.826237115","446593.159596979","","공업용",
"835","고압가스업","09_28_05_P","4211000","1983421000002100003","1983-02-22","","03","폐업","03","폐업","2020-08-26","","","","","","","강원특별자치도 동해시 묵호진동 15-36","강원특별자치도 동해시 일출로 83 (묵호진동)","","동해제빙","2020-08-26 14:15:18","I","2023-06-13 00:00:00","제조","386992.79268309","452120.941728002","냉동","공업용",
"836","고압가스업","09_28_05_P","4211000","1983421000002100005","1983-01-06","","03","폐업","03","폐업","2015-05-26","2004-10-14","2005-10-13","","","","","강원특별자치도 동해시 묵호진동 15-73","강원특별자치도 동해시 일출로 85 (묵호진동)","","동해시 수협","2015-05-26 17:32:25","I","2023-06-13 00:00:00","제조","387018.420895302","452115.188218","냉동","공업용",
"837","고압가스업","09_28_05_P","4211000","1993421000002200001","2011-01-17","","03","폐업","03","폐업","2011-01-17","","","","","","","강원특별자치도 동해시 천곡동 460-3","강원특별자치도 동해시 동해대로 5411  (천곡동)","","동해힐튼관광호텔","2011-01-17 14:52:01","I","2023-06-13 00:00:00","제조","385892.936071331","449132.470642913","냉동","상업.업무용",
"838","고압가스업","09_28_05_P","4211000","1995421000002100033","1995-06-20","","03","폐업","03","폐업","2018-07-31","","","","","","","강원특별자치도 동해시 효가동 208","강원특별자치도 동해시 도새뚝길 20-1 (효가동)","","동해성신가스","2018-07-31 15:58:08","I","2023-06-13 00:00:00","판매","386771.979605134","445820.589810781","일반","위험시설",
"839","고압가스업","09_28_05_P","4211000","1996421000002200000","1996-08-16","","03","폐업","03","폐업","2014-09-12","","","","","","","강원특별자치도 동해시 삼화동 200","","","쌍용양회공업(주) 동해공장","2014-09-12 13:52:04","I","2023-06-13 00:00:00","제조","381789.813670765","444419.292367977","냉동","공업용",
"840","고압가스업","09_28_05_P","4211000","1999421010602200001","1999-10-16","","03","폐업","03","폐업","2020-05-26","","","","","","","강원특별자치도 동해시 천곡동 1005-12","","","근로자종합복지회관","2020-05-26 10:09:56","I","2023-06-13 00:00:00","제조","386057.560488399","447952.176066942","냉동","상업기타",
"841","고압가스업","09_28_05_P","4211000","2000421000002100001","2000-12-27","","03","폐업","03","폐업","2025-09-11","","","","","","","강원특별자치도 동해시 쇄운동 산 10-1","강원특별자치도 동해시 새골길 50 (쇄운동)","","동해시상하수도사업소","2025-09-12 09:49:02","U","2025-09-14 02:40:00","저장소","384948.477575004","445422.753429133","일반","공공용지등",
"842","고압가스업","09_28_05_P","4211000","2003421000002100001","2010-04-19","","03","폐업","03","폐업","2018-07-30","","","","","","","강원특별자치도 동해시 구호동 243-25","강원특별자치도 동해시 공단2로 22 (구호동)","","(주)영풍아이알","2018-08-02 12:49:57","I","2023-06-13 00:00:00","저장소","389431.937907344","443402.710639239","일반","공업용",
"843","고압가스업","09_28_05_P","4211000","2003421000002100002","2003-04-28","","03","폐업","03","폐업","2022-10-25","","","","","","","강원특별자치도 동해시 부곡동 20-5","","","(주)이지원","2022-11-24 14:32:03","I","2023-06-13 00:00:00","제조","386643.611504856","450488.916361487","냉동","공업용",
"844","고압가스업","09_28_05_P","4211000","2003421000002100004","2003-02-13","","03","폐업","03","폐업","2019-06-21","2018-06-19","2019-06-18","","","","","강원특별자치도 동해시 구호동 238-18 (주)큐브수산","강원특별자치도 동해시 공단6로 25 (주)큐브수산 (구호동)","25799","(주)큐브수산","2020-02-25 10:25:42","I","2023-06-13 00:00:00","제조","389168.746155898","443327.570163384","냉동","공업용",
"845","고압가스업","09_28_05_P","4211000","2008421010602200001","2008-06-16","","03","폐업","03","폐업","2022-10-25","","","","","","","강원특별자치도 동해시 부곡동 20-5","","","(주)이지원","2022-11-24 14:33:22","I","2023-06-13 00:00:00","제조","386643.611504856","450488.916361487","냉동","공업용",
"846","고압가스업","09_28_05_P","4211000","2009421010602200001","2010-12-23","","03","폐업","03","폐업","2018-11-16","","","","","","","강원특별자치도 동해시 송정동 882","강원특별자치도 동해시 숫골길 17 (송정동)","","(주)디비메탈 동해공장","2018-11-19 09:42:45","I","2023-06-13 00:00:00","제조","387682.2284969","446429.39216802","냉동","",
"847","고압가스업","09_28_05_P","4211000","1997421009302200001","1997-08-01","","03","폐업","03","폐업","2025-09-03","","","","","","","강원특별자치도 동해시 평릉동 134 동인병원","강원특별자치도 동해시 하평로 26 (평릉동,동인병원)","","의료법인 동해동인의료재단","2025-09-03 15:24:19","I","2025-09-05 00:20:02","제조","386215.362120528","449619.01724887","냉동","상업용",
"848","고압가스업","09_28_05_P","4221000","1973422001002120005","1973-06-30","","03","폐업","03","폐업","2012-01-05","","","","","","","강원특별자치도 태백시 황지동 274-94","강원특별자치도 태백시 황연3길 8  (황지동)","","태창상사","2012-01-06 10:20:38","I","2023-06-13 00:00:00","판매","376395.283482219","410315.302481034","일반","주거기타",
"849","고압가스업","09_28_05_P","4221000","1985422001002220001","1985-08-31","","03","폐업","03","폐업","1985-08-31","","","","","","","강원특별자치도 태백시 장성동","","","장성광업소","2007-12-04 19:08:12","I","2023-06-13 00:00:00","제조","","","특정","공업용",
"850","고압가스업","09_28_05_P","4221000","2004422001002100001","2004-05-25","","03","폐업","03","폐업","2017-11-24","","","","","","","강원특별자치도 태백시 통동 181-3","","","농업회사법인(주)발원지태동","2017-11-27 13:54:28","I","2023-06-13 00:00:00","저장소","","","일반","토지임야",
"851","고압가스업","09_28_05_P","4221000","2013422007202100001","2013-07-08","","03","폐업","03","폐업","2017-11-03","","","","","","","강원특별자치도 태백시 장성동 278-2","","","(주)그린사이언스","2017-11-06 15:21:58","I","2023-06-13 00:00:00","저장소","377366.479752431","402439.94545742","","",
"852","고압가스업","09_28_05_P","4221000","2020422009802100001","2020-09-09","","03","폐업","03","폐업","2024-10-24","","","","","","","강원특별자치도 태백시 철암동 374-4","강원특별자치도 태백시 샛들2길 44 (철암동)","26045","(주)그린사이언스파워","2024-10-24 17:12:03","U","2024-10-26 02:40:00","저장소","380777.235512298","403066.829948449","","",
"853","고압가스업","09_28_05_P","4221000","2020422009802200001","2020-07-10","","03","폐업","03","폐업","2024-06-30","","","","","","","강원특별자치도 태백시 장성동 200-1 대한석탄공사 장성광업소","강원특별자치도 태백시 태백로 1889, 대한석탄공사 장성광업소 (장성동)","26051","대한석탄공사 장성광업소","2024-06-28 11:11:06","U","2024-06-30 02:40:00","제조","378234.288354841","402309.661708615","충전","",
"854","고압가스업","09_28_05_P","4231000","2000423001002100001","1993-12-27","","03","폐업","03","폐업","2004-02-12","","","","","","","강원특별자치도 속초시 도문동 1683-1","강원특별자치도 속초시 설악산로 30-15  (도문동)","","대청가스","2013-12-11 14:53:32","I","2023-06-13 00:00:00","판매","340386.485211396","518963.867374129","일반","공업기타",
"855","고압가스업","09_28_05_P","4231000","2000423001002100002","1994-07-09","","03","폐업","03","폐업","2022-02-08","","","","","","","강원특별자치도 속초시 대포동 147-5","강원특별자치도 속초시 방축길 128 (대포동)","","(주)사공수산","2022-02-22 14:29:23","I","2023-06-13 00:00:00","제조","339743.162496398","519867.809529003","냉동","공업기타",
"856","고압가스업","09_28_05_P","4231000","2002423001002100001","2002-06-28","","03","폐업","03","폐업","2007-11-22","","","","","","","강원특별자치도 속초시 교동 795-3","강원특별자치도 속초시 미시령로 3239 (교동)","","속초가스","2013-12-19 11:09:45","I","2023-06-13 00:00:00","판매","336730.155304576","523578.938429911","일반","위험시설",
"857","고압가스업","09_28_05_P","4231000","2000423001002100004","1998-04-24","","03","폐업","03","폐업","2003-05-06","","","","","","","강원특별자치도 속초시 노학동 779","","","미래종합가스","2013-12-27 13:27:15","I","2023-06-13 00:00:00","판매","335489.851426182","521457.671744078","충전","공업기타",
"858","고압가스업","09_28_05_P","4231000","2000423001002100006","2003-02-19","","03","폐업","03","폐업","2015-03-05","","","","","","","강원특별자치도 속초시 중앙동 482-256","","","유신냉동","2015-03-05 17:25:27","I","2023-06-13 00:00:00","제조","339374.183273484","523300.041128923","냉동","공업기타",
"859","고압가스업","09_28_05_P","4231000","2000423001002100007","1976-06-03","","03","폐업","03","폐업","2016-04-18","","","","","","","강원특별자치도 속초시 중앙동 482-17","","","속초시수산업협동조합","2016-04-28 16:47:57","I","2023-06-13 00:00:00","제조","","","냉동","공업기타",
"860","고압가스업","09_28_05_P","4231000","2000423001002100009","1979-10-29","","03","폐업","03","폐업","2024-07-31","","","","","","","강원특별자치도 속초시 금호동 482-279","강원특별자치도 속초시 중앙로108번길 31 (금호동)","","동원냉동","2024-07-31 16:00:31","U","2024-08-02 02:40:00","제조","339120.059046675","523226.746059446","냉동","공업기타",
"861","고압가스업","09_28_05_P","4231000","2000423001002100010","1990-06-28","","03","폐업","03","폐업","2000-07-25","","","","","","","강원특별자치도 속초시 노학동 산 252-29","강원특별자치도 속초시 관광로408번길 23 (노학동)","","(주)코레스코","2013-12-27 13:29:18","I","2023-06-13 00:00:00","제조","334849.939955388","522595.537979852","냉동","공업기타",
"862","고압가스업","09_28_05_P","4231000","2000423001002200001","2011-02-16","","03","폐업","03","폐업","2014-12-10","2013-12-11","2014-12-10","","","","","강원특별자치도 속초시 동명동 306-2","강원특별자치도 속초시 장안로3길 22 (동명동)","","한국방송공사 강릉방송국 속초방송문화센터","2016-01-06 17:34:42","I","2023-06-13 00:00:00","제조","339305.160471117","524500.531726821","냉동","공업기타",
"863","고압가스업","09_28_05_P","4231000","2000423001002200002","1992-11-30","","03","폐업","03","폐업","2007-05-16","","","","","","","강원특별자치도 속초시 조양동 1429-1","강원특별자치도 속초시 해오름로 199 (조양동)","","신영주택","2013-12-27 14:10:46","I","2023-06-13 00:00:00","제조","340198.811043708","522000.710224878","냉동","공업기타",
"864","고압가스업","09_28_05_P","4231000","2000423001002200003","1990-09-05","","03","폐업","03","폐업","2002-06-14","","","","","","","강원특별자치도 속초시 노학동 산 179","","","(주)현대훼미리타운","2013-12-27 11:27:08","I","2023-06-13 00:00:00","제조","","","냉동","공업기타",
"865","고압가스업","09_28_05_P","4231000","2000423001002200004","1992-04-10","","03","폐업","03","폐업","2009-12-28","","","","","","","강원특별자치도 속초시 노학동 252-1","","","신용보증기금","2013-12-19 11:18:51","I","2023-06-13 00:00:00","제조","336628.969772293","522298.12603434","냉동","공업기타",
"866","고압가스업","09_28_05_P","4231000","2000423001002200005","1989-05-30","","03","폐업","03","폐업","2003-02-13","","","","","","","강원특별자치도 속초시 설악동 32","강원특별자치도 속초시 설악산로836번길 1-10 (설악동)","","석류장여관","2013-12-27 13:35:41","I","2023-06-13 00:00:00","제조","332766.942793262","519531.812240477","냉동","공업기타",
"867","고압가스업","09_28_05_P","4231000","2004423005102100001","2004-02-13","","03","폐업","03","폐업","2019-04-23","","","","","941","","강원특별자치도 속초시 노학동 1265-71","","","설악태양가스","2019-04-24 11:10:48","I","2023-06-13 00:00:00","판매","335734.237743351","521615.874796082","일반","기타",
"868","고압가스업","09_28_05_P","4231000","2004423005102100002","2004-02-13","","03","폐업","03","폐업","2025-04-29","","","","","","","강원특별자치도 속초시 노학동 1265-71","강원특별자치도 속초시 노리2길 9 (노학동)","","번개가스","2025-04-30 11:17:26","U","2025-05-02 02:40:00","판매","335734.237743351","521615.874796082","일반","기타",
"869","고압가스업","09_28_05_P","4231000","2004423005102100003","2004-10-13","","03","폐업","03","폐업","2023-09-18","","","","","","","강원특별자치도 속초시 조양동 817","강원특별자치도 속초시 떡밭재로 181 (조양동)","","속초정수장","2023-09-19 10:52:18","U","2023-09-21 02:40:00","저장소","338366.692164833","520770.071553992","일반","기타",
"870","고압가스업","09_28_05_P","4231000","2006423005102100001","2006-04-17","","03","폐업","03","폐업","2022-04-01","","","","","","","강원특별자치도 속초시 노학동 1061","강원특별자치도 속초시 원암학사평길 106 (노학동)","","강원가스","2022-04-01 10:37:30","I","2023-06-13 00:00:00","판매","333031.574435517","523647.794925744","일반","위험시설",
"871","고압가스업","09_28_05_P","4231000","2006423005102100002","2010-01-13","","03","폐업","03","폐업","2012-01-03","","","","","","","강원특별자치도 속초시 도문동 1772-2","강원특별자치도 속초시 설악산로 437  (도문동)","","청봉가스","2013-12-19 11:02:19","I","2023-06-13 00:00:00","판매","336614.705936431","519084.489463624","일반","위험시설",
"872","고압가스업","09_28_05_P","4231000","2009423005102100001","2009-11-24","","03","폐업","03","폐업","2012-11-27","","","","","707","","강원특별자치도 속초시 노학동 806","","","태양일류에너지","2012-11-27 15:45:43","I","2023-06-13 00:00:00","판매","","","","기타",
"873","고압가스업","09_28_05_P","4231000","2011423006402200001","2011-12-26","","03","폐업","03","폐업","2025-03-19","","","","","","","강원특별자치도 속초시 영랑동 570-5","강원특별자치도 속초시 번영로 155 (영랑동)","","속초문화회관","2025-03-25 17:19:42","U","2025-03-27 02:40:00","제조","339073.523162125","524509.076889243","냉동","기타",
"874","고압가스업","09_28_05_P","4241000","1989424001002100006","2010-04-13","","03","폐업","03","폐업","2010-04-13","","","","","","","강원특별자치도 삼척시 정하동 41-2","","","삼척수산업협동조합","2010-04-13 15:14:54","I","2023-06-13 00:00:00","제조","","","냉동","특수토지",
"875","고압가스업","09_28_05_P","4241000","1989424001002200001","1989-03-01","","03","폐업","03","폐업","2016-03-30","","","","","","","강원특별자치도 삼척시 사직동 114","","","동양시멘트(주)","2016-03-30 11:18:17","I","2023-06-13 00:00:00","제조","392606.428518564","438473.157192767","냉동","주거용",
"876","고압가스업","09_28_05_P","4241000","1990424001002100004","1990-05-19","","03","폐업","03","폐업","2004-11-17","","","","","","","강원특별자치도 삼척시 원덕읍 임원리 132-1","강원특별자치도 삼척시 원덕읍 임원항구로 28","","임원제빙 냉동공장","2020-01-30 17:23:36","I","2023-06-13 00:00:00","제조","408097.118209436","416783.598524664","냉동","특수토지",
"877","고압가스업","09_28_05_P","4241000","1990424001002100005","1990-06-01","","03","폐업","03","폐업","2002-08-26","","","","","","","강원특별자치도 삼척시 근덕면 부남리","","","한국냉장(주)","2020-01-30 17:25:21","I","2023-06-13 00:00:00","제조","","","냉동","특수토지",
"878","고압가스업","09_28_05_P","4241000","1992424001002100001","1992-07-16","","03","폐업","03","폐업","2016-12-05","","","","","","","강원특별자치도 삼척시 원덕읍 임원리 998","","","임원가스","2016-12-05 17:18:18","I","2023-06-13 00:00:00","판매","406350.894349764","417662.759968642","일반","특수토지",
"879","고압가스업","09_28_05_P","4241000","1994424001002100007","1994-06-17","","03","폐업","03","폐업","2015-02-27","","","","","","","강원특별자치도 삼척시 갈천동 90","","","(주)엠비씨강원영동 삼척지점","2015-02-27 13:49:20","I","2023-06-13 00:00:00","제조","391372.178495889","441793.222778269","냉동","특수토지",
"880","고압가스업","09_28_05_P","4241000","1997424001002200003","1997-06-24","","03","폐업","03","폐업","2017-11-23","","","","","","","강원특별자치도 삼척시 교동 산 253","","","삼척산업대학","2017-11-23 11:10:10","I","2023-06-13 00:00:00","제조","","","냉동","주거용",
"881","고압가스업","09_28_05_P","4241000","1998424001002100001","1998-02-24","","03","폐업","03","폐업","2021-05-10","","","","","","","강원특별자치도 삼척시 교동 592","강원특별자치도 삼척시 중앙로 296 (교동)","","삼척 마평취,정수장","2021-05-12 17:15:50","I","2023-06-13 00:00:00","저장소","391531.761152761","440828.852454242","일반","공업기타",
"882","고압가스업","09_28_05_P","4241000","2001424001002100001","2010-06-21","","03","폐업","03","폐업","2010-06-21","","","","","","","강원특별자치도 삼척시 근덕면 상맹방리 297-6","","","근덕가스","2010-06-21 13:41:08","I","2023-06-13 00:00:00","판매","","","일반","전",
"883","고압가스업","09_28_05_P","4241000","2002424020202200001","2002-02-05","","03","폐업","03","폐업","2020-04-06","","","","","","","강원특별자치도 삼척시 성남동 168-3 동굴신비관","강원특별자치도 삼척시 엑스포로 69, 동굴신비관 (성남동)","25919","동굴신비관(주제관)","2020-04-07 19:47:45","I","2023-06-13 00:00:00","제조","390991.774583853","439487.200311799","냉동","",
"884","고압가스업","09_28_05_P","4241000","2019424019202200002","2019-06-04","","03","폐업","03","폐업","2019-10-02","","","","","","","강원특별자치도 삼척시 정하동 41-186 동해해양경찰서삼척파출소","강원특별자치도 삼척시 이사부길 44, 동해해양경찰서삼척파출소 (정하동)","25925","동해해양경찰서(삼척파출소)","2020-03-23 16:30:40","I","2023-06-13 00:00:00","제조","394040.235246605","439513.336095188","충전","",
"885","고압가스업","09_28_05_P","4241000","2019424020202200003","2019-10-14","","03","폐업","03","폐업","2019-10-14","","","","","","","강원특별자치도 삼척시 남양동 5-1 삼척소방서","강원특별자치도 삼척시 봉황로 101, 삼척소방서 (남양동)","25922","삼척소방서(근덕119안전센터)","2020-03-18 17:21:43","I","2023-06-13 00:00:00","제조","392043.324715188","440497.786305479","일반","기타",
"886","고압가스업","09_28_05_P","4241000","2019424020202200004","2019-11-15","","03","폐업","03","폐업","2021-11-11","","","","","","","강원특별자치도 삼척시 갈천동 160","","","육군 1607 부대","2021-11-12 09:13:54","I","2023-06-13 00:00:00","제조","390960.604416591","442420.12813649","충전","기타",
"887","고압가스업","09_28_05_P","4241000","2007424001002100001","2007-11-15","","03","폐업","03","폐업","2011-09-06","","","","","","","강원특별자치도 삼척시 정하동 100 외 4필지","강원특별자치도 삼척시 삼척항길 211  (정하동,외 4필지)","","(주)세광엠텍","2011-09-06 13:34:07","I","2023-06-13 00:00:00","저장소","393477.644136612","439260.973417941","","",
"888","고압가스업","09_28_05_P","4241000","2007424001002100002","2007-09-12","","03","폐업","03","폐업","","","","","","","","강원특별자치도 삼척시 원덕읍 옥원리 79-2","","","원덕가스","2007-09-12 17:01:06","I","2023-06-13 00:00:00","판매","406621.561041122","411523.021951581","","",
"889","고압가스업","09_28_05_P","4241000","2009424011302200001","2009-06-29","","03","폐업","03","폐업","2020-04-08","","","","","0","","강원특별자치도 삼척시 사직동 114 동양시멘트","강원특별자치도 삼척시 동양길 20 (사직동,동양시멘트)","","(주)삼표시멘트 삼척공장","2020-04-10 16:59:51","I","2023-06-13 00:00:00","제조","392606.428518564","438473.157192767","냉동","지정되지않음",
"890","고압가스업","09_28_05_P","4241000","2010424011302100001","2010-03-03","","03","폐업","03","폐업","2017-12-13","","","","","1239","","강원특별자치도 삼척시 원덕읍 산양리 737","","","나노이엔지","2017-12-13 14:27:32","I","2023-06-13 00:00:00","판매","403626.085658833","406406.977557308","","",
"891","고압가스업","09_28_05_P","4241000","2013424011302100001","2013-02-15","","03","폐업","03","폐업","2019-10-25","","","","","","","강원특별자치도 삼척시 근덕면 초곡리 370-3","강원특별자치도 삼척시 근덕면 삼척로 2537","","에이원테크(주)","2019-10-31 16:53:57","I","2023-06-13 00:00:00","제조","402714.647409","425038.081642674","충전","",
"892","고압가스업","09_28_05_P","4241000","2013424011302100002","2013-02-17","","03","폐업","03","폐업","2019-10-25","","","","","","","강원특별자치도 삼척시 근덕면 초곡리 370-3","강원특별자치도 삼척시 근덕면 삼척로 2537","","에이원테크(주)","2019-10-31 17:04:01","I","2023-06-13 00:00:00","판매","402714.647409","425038.081642674","","",
"893","고압가스업","09_28_05_P","4241000","2013424011302100003","2013-05-24","","03","폐업","03","폐업","2025-01-24","","","","","","","강원특별자치도 삼척시 증산동 118-1","","","우창가스","2025-01-24 16:41:52","U","2025-01-26 02:40:00","판매","390763.083318863","443285.276167363","","지정되지않음",
"894","고압가스업","09_28_05_P","4241000","2013424011302200001","2013-06-10","","03","폐업","03","폐업","2019-01-24","","","","","","","강원특별자치도 삼척시 원덕읍 호산리 44","강원특별자치도 삼척시 원덕읍 호산해변길 18","","건기산업(주)","2019-01-28 14:21:59","I","2023-06-13 00:00:00","제조","408415.883948291","409671.538355575","냉동","",
"895","고압가스업","09_28_05_P","4241000","2015424011302100001","2015-03-06","","03","폐업","03","폐업","2015-08-04","","","","","","","","강원특별자치도 삼척시 원덕읍 호산해변길 18","","한국가스공사 삼척생산기지","2015-08-09 15:29:11","I","2023-06-13 00:00:00","저장소","408063.674966936","410032.010875802","","공업용",
"896","고압가스업","09_28_05_P","4241000","2015424011302200001","2015-02-27","","03","폐업","03","폐업","2016-01-20","","","","","","","","강원특별자치도 삼척시 새천년도로 629-59 (갈천동)","","(주)엠비씨강원영동 삼척지점","2016-03-19 15:19:23","I","2023-06-13 00:00:00","제조","391343.605000419","442357.066362212","냉동","업무용",
"897","고압가스업","09_28_05_P","4241000","2015424011302200002","2015-02-27","","03","폐업","03","폐업","2016-01-20","","","","","","","","강원특별자치도 삼척시 새천년도로 629-59 (갈천동)","","(주)엠비씨강원영동삼척지점","2016-03-19 15:20:53","I","2023-06-13 00:00:00","제조","391343.605000419","442357.066362212","냉동","",
"898","고압가스업","09_28_05_P","4241000","2011424011302100001","2011-10-12","","03","폐업","03","폐업","2019-01-24","","","","","","","강원특별자치도 삼척시 원덕읍 호산리 7","강원특별자치도 삼척시 원덕읍 호산해변길 18","","건기산업(주)","2019-01-28 14:22:49","I","2023-06-13 00:00:00","제조","408063.674966936","410032.010875802","냉동","공업용",
"899","고압가스업","09_28_05_P","4251000","2000425004202150001","2001-02-27","","03","폐업","03","폐업","2001-09-21","","","","","","","강원특별자치도 홍천군 남면 화전리 240-3","강원특별자치도 홍천군 남면 화전들길 65","","홍천종합가스","2007-09-04 09:43:21","I","2023-06-13 00:00:00","판매","266741.80799972","457123.003050199","일반","특수토지",
"900","고압가스업","09_28_05_P","4251000","2000425004202150002","2000-09-02","","03","폐업","03","폐업","2002-09-02","","","","","","","강원특별자치도 홍천군 북방면 능평리 233-1","강원특별자치도 홍천군 북방면 영서로 2926","","중앙종합가스","2007-09-04 09:32:53","I","2023-06-13 00:00:00","판매","273797.315104717","469058.826894189","일반","특수토지",
"901","고압가스업","09_28_05_P","4251000","2000425004202190972","1997-09-11","","03","폐업","03","폐업","2018-12-18","","","","","","","강원특별자치도 홍천군 홍천읍 태학리 16-1","강원특별자치도 홍천군 홍천읍 태학마을길 21","","홍천군청태학정수장","2018-12-04 11:44:15","I","2023-06-13 00:00:00","저장소","279232.512033288","467475.226713281","일반","공업기타",
"902","고압가스업","09_28_05_P","4251000","2000425004202200932","1993-11-24","","03","폐업","03","폐업","2022-06-02","","","","","","","강원특별자치도 홍천군 홍천읍 신장대리 83-2","강원특별자치도 홍천군 홍천읍 꽃뫼로 87","","홍천농업협동조합","2022-06-02 16:09:53","I","2023-06-13 00:00:00","제조","277846.732939316","465806.834326271","냉동","업무용",
"903","고압가스업","09_28_05_P","4251000","2004425004202200001","2004-05-11","","03","폐업","03","폐업","2011-08-22","","","","","","","강원특별자치도 홍천군 홍천읍 진리 20-10","강원특별자치도 홍천군 홍천읍 너브내길 127","","홍천사회문화복지관","2011-08-22 18:03:13","I","2023-06-13 00:00:00","제조","278609.375643064","465897.746623419","냉동","업무용",
"904","고압가스업","09_28_05_P","4251000","2005425004202100001","2010-07-12","","03","폐업","03","폐업","2010-07-12","","","","","","","강원특별자치도 홍천군 서면 팔봉리 1290-14","","","(주)대명레저산업","2010-07-12 17:59:02","I","2023-06-13 00:00:00","저장소","260037.913621314","460408.269100475","일반","스키장",
"905","고압가스업","09_28_05_P","4251000","2006425004202200001","2010-05-18","","03","폐업","03","폐업","2021-05-18","","","","","","","강원특별자치도 홍천군 두촌면 철정리 산 90 국군철정병원","강원특별자치도 홍천군 두촌면 아홉사리로 53 (국군철정병원)","","국군홍천병원","2021-06-01 14:22:08","I","2023-06-13 00:00:00","제조","287751.305025245","478542.141517348","냉동","기타",
"906","고압가스업","09_28_05_P","4251000","2007425007702100002","2007-12-03","","03","폐업","03","폐업","2024-09-30","","","","","","","강원특별자치도 홍천군 서면 팔봉리 1290-2 대명비발디파크","강원특별자치도 홍천군 서면 한치골길 262, 대명비발디파크 1층","25102","(주)소노인터내셔널","2024-10-11 10:20:16","U","2024-10-13 02:40:00","제조","260030.280736472","460691.714032464","냉동","스키장",
"907","고압가스업","09_28_05_P","4251000","2007425007702100003","2007-11-08","","03","폐업","03","폐업","2024-09-30","","","","","","","강원특별자치도 홍천군 서면 팔봉리 1290-14","강원특별자치도 홍천군 서면 한치골길 262","","(주)소노인터내셔널","2024-10-11 10:20:54","U","2024-10-13 02:40:00","제조","259927.662555703","460597.297045951","냉동","스키장",
"908","고압가스업","09_28_05_P","4251000","2007425007702100004","2007-11-08","","03","폐업","03","폐업","2024-09-30","","","","","","","강원특별자치도 홍천군 서면 팔봉리 1289 대명비발디파크","강원특별자치도 홍천군 서면 한치골길 264, 대명비발디파크","25102","(주)소노인터내셔널","2024-10-11 10:23:37","U","2024-10-13 02:40:00","제조","260132.088814104","460528.355366015","냉동","스키장",
"909","고압가스업","09_28_05_P","4251000","2009425007702200001","2010-04-08","","03","폐업","03","폐업","2020-02-07","","","","","","","강원특별자치도 홍천군 북방면 하화계리 936 (주)하이트맥주","","","하이트진로 주식회사","2020-02-07 16:26:20","I","2023-06-13 00:00:00","제조","274091.131503479","465814.991902042","냉동","공업용",
"910","고압가스업","09_28_05_P","4251000","2011425009602200001","2011-10-10","","03","폐업","03","폐업","2017-02-01","","","","","","","강원특별자치도 홍천군 홍천읍 삼마치리 474","","","진로양조(주)","2017-02-01 15:16:12","I","2023-06-13 00:00:00","제조","279019.578290813","457705.17381946","냉동","공업용",
"911","고압가스업","09_28_05_P","4251000","2012425009602100001","2012-03-28","","03","폐업","03","폐업","2012-04-27","","","","","170","","강원특별자치도 홍천군 서면 어유포리 147-1","","","팔봉가스","2012-04-27 15:58:19","I","2023-06-13 00:00:00","판매","260767.688782998","467825.737239451","","전",
"912","고압가스업","09_28_05_P","4261000","2007426004802200001","2011-03-02","","03","폐업","03","폐업","2017-07-12","","","","","","","강원특별자치도 횡성군 안흥면 소사리 1334","","","롯데푸드(주)","2017-07-31 16:51:40","I","2023-06-13 00:00:00","제조","300709.700909535","440517.716466947","일반","지정되지않음",
"913","고압가스업","09_28_05_P","4261000","2008426005902100002","2008-08-05","","03","폐업","03","폐업","2019-05-03","","","","","1000","","강원특별자치도 횡성군 횡성읍 마산리 308","강원특별자치도 횡성군 횡성읍 한우로 495","","대화제약(주)","2020-02-17 19:34:31","I","2023-06-13 00:00:00","저장소","288879.95156353","443499.275937033","","공업용",
"914","고압가스업","09_28_05_P","4261000","2010426005902100002","2010-08-24","","03","폐업","03","폐업","2011-12-19","","","","","","","강원특별자치도 횡성군 우천면 문암리 산 37-12","","","조은에너지 LNG 충전소","2011-12-20 10:34:03","I","2023-06-13 00:00:00","제조","292579.265953024","440490.8749065","","",
"915","고압가스업","09_28_05_P","4261000","1984426000902100004","1994-05-06","","03","폐업","03","폐업","2018-01-12","","","","","","","강원특별자치도 횡성군 횡성읍 개전리 189","","","한일가스","2018-01-12 14:59:35","I","2023-06-13 00:00:00","저장소","","","일반","특수토지",
"916","고압가스업","09_28_05_P","4261000","1995426000902211111","1995-10-13","","03","폐업","03","폐업","2012-12-14","","","","","","","강원특별자치도 횡성군 둔내면 삽교리 1138","강원특별자치도 횡성군 둔내면 청태산로466번길 55","","둔내유스호스텔","2012-12-14 10:36:24","I","2023-06-13 00:00:00","제조","312669.869447339","447105.92945756","냉동","기타",
"917","고압가스업","09_28_05_P","4261000","2002426000902100001","2002-09-13","","03","폐업","03","폐업","2016-12-22","","","","","","","강원특별자치도 횡성군 횡성읍 송전리 159","","","한국수자원공사 송전정수장","2016-12-22 15:17:04","I","2023-06-13 00:00:00","저장소","290409.356753601","448691.497568457","일반","공공용지등",
"918","고압가스업","09_28_05_P","4261000","2002426000902200001","2009-08-19","","03","폐업","03","폐업","2020-03-27","","","","","","","강원특별자치도 횡성군 둔내면 현천리 1600-6 하나코스(주)","강원특별자치도 횡성군 둔내면 덕송로 160, 하나코스(주)","25266","(주)하나코스","2020-03-26 18:02:52","I","2023-06-13 00:00:00","제조","302328.984448063","442003.820017538","일반","위험시설",
"919","고압가스업","09_28_05_P","4261000","2004426000902100002","2004-06-29","","03","폐업","03","폐업","2020-05-13","","","","","","","강원특별자치도 횡성군 횡성읍 개전리 436-1","강원특별자치도 횡성군 횡성읍 태기로개전7길 46","25212","횡성가스상사","2020-05-14 08:45:19","I","2023-06-13 00:00:00","저장소","289539.41755036","445639.798677811","일반","주거기타",
"920","고압가스업","09_28_05_P","4261000","2005426000902100001","2005-03-17","","03","폐업","03","폐업","2025-08-19","","","","","","","강원특별자치도 횡성군 서원면 석화리 489-5","강원특별자치도 횡성군 서원면 서원서로 10","","서원가스","2025-08-19 16:07:42","U","2025-08-21 02:40:00","판매","273898.773104393","442288.461343646","일반","주거기타",
"921","고압가스업","09_28_05_P","4261000","2006426000902100001","2006-03-20","","03","폐업","03","폐업","2012-02-10","","","","","","","강원특별자치도 횡성군 우천면 양적리 37-2","","","(주)베스트메탈워크","2012-02-13 17:04:20","I","2023-06-13 00:00:00","판매","","","일반","공업용",
"922","고압가스업","09_28_05_P","4271000","2012427005902100001","2012-06-11","","03","폐업","03","폐업","2015-06-25","2014-08-01","2015-08-01","","","","","강원특별자치도 영월군 영월읍 팔괴리 945-1 제3농공단지 5블럭","","","(주)포스코엠텍","2015-12-28 11:55:52","I","2023-06-13 00:00:00","저장소","","","","",
"923","고압가스업","09_28_05_P","4271000","2013427005902200001","2013-06-19","","03","폐업","03","폐업","2015-06-25","2014-08-01","2015-08-01","","","","","강원특별자치도 영월군 영월읍 팔괴리 1283 영월제3농공단지","","","(주)포스코엠텍","2015-12-28 11:54:17","I","2023-06-13 00:00:00","제조","329698.264084624","407629.504593802","냉동","",
"924","고압가스업","09_28_05_P","4271000","2016427007702100002","2016-09-01","","03","폐업","03","폐업","2021-11-03","","","","","","","강원특별자치도 영월군 주천면 주천리 1445","강원특별자치도 영월군 주천면 주천로89번길 52","","한국가스안전공사","2021-11-03 17:42:51","I","2023-06-13 00:00:00","제조","","","일반","",
"925","고압가스업","09_28_05_P","4271000","2017427007702100001","2017-06-21","","03","폐업","03","폐업","2021-12-20","","","","","","","강원특별자치도 영월군 주천면 주천리 1424-1","","","한국가스안전공사","2021-12-23 14:28:32","I","2023-06-13 00:00:00","제조","312371.720546162","420352.828544643","일반","",
"926","고압가스업","09_28_05_P","4271000","2004427004202100001","2008-12-02","","03","폐업","03","폐업","2014-08-01","","","","","","","강원특별자치도 영월군 한반도면 신천리 329-2","","","서면세운가스","2014-08-01 17:02:20","I","2023-06-13 00:00:00","판매","317010.131432841","415947.422154106","일반","단독",
"927","고압가스업","09_28_05_P","4271000","2004427004202100002","2008-11-24","","03","폐업","03","폐업","2016-03-11","2007-11-01","2008-11-23","","","","","강원특별자치도 영월군 한반도면 쌍용리 689","강원특별자치도 영월군 한반도면 후탄로 65","","서면산소가스","2016-03-15 09:45:12","I","2023-06-13 00:00:00","판매","317093.432517024","410522.204242083","일반","단독",
"928","고압가스업","09_28_05_P","4271000","2005427004202100001","2009-09-04","","03","폐업","03","폐업","2014-07-11","","","","","","","강원특별자치도 영월군 영월읍 하송리 469-1","","","동강가스","2016-04-28 15:30:45","I","2023-06-13 00:00:00","판매","328912.82338855","408804.128078242","일반","기타",
"929","고압가스업","09_28_05_P","4271000","2010427005902100003","2010-10-28","","03","폐업","03","폐업","2011-06-17","","","","","","","강원특별자치도 영월군 한반도면 쌍용리 700","강원특별자치도 영월군 한반도면 쌍용로 89","","쌍용양회공업(주)영월공장","2011-06-17 16:30:16","I","2023-06-13 00:00:00","저장소","317347.502944123","410181.464799262","","기타",
"930","고압가스업","09_28_05_P","4271000","2010427005902100004","2010-12-16","","03","폐업","03","폐업","2012-03-05","","","","","","","강원특별자치도 영월군 남면 연당리 360-8","","","안전종합가스","2012-03-05 16:48:16","I","2023-06-13 00:00:00","판매","325545.551853184","406873.762553747","","",
"931","고압가스업","09_28_05_P","4271000","2010427005902100005","2010-12-20","","03","폐업","03","폐업","2012-03-05","","","","","502","","강원특별자치도 영월군 남면 연당리 360-8","","","안전종합가스","2012-03-05 16:47:36","I","2023-06-13 00:00:00","판매","325545.551853184","406873.762553747","","",
"932","고압가스업","09_28_05_P","4281000","2017428009402100001","2017-09-01","","03","폐업","03","폐업","2018-06-05","","","","","","","강원특별자치도 평창군 대관령면 용산리 1-1","","","이엠솔루션(주)평창수소스테이션","2018-06-07 18:26:00","I","2023-06-13 00:00:00","제조","347543.746340016","465213.924609685","충전","",
"933","고압가스업","09_28_05_P","4281000","1988428000502100001","1988-01-27","","03","폐업","03","폐업","2006-05-26","","","","","","","강원특별자치도 평창군 대관령면 차항리","","","횡계가스","2007-12-21 15:19:59","I","2023-06-13 00:00:00","판매","","","일반","특수토지",
"934","고압가스업","09_28_05_P","4281000","1994428000502100001","1994-05-13","","03","폐업","03","폐업","2007-07-26","","","","","","","강원특별자치도 평창군 진부면 송정리 2143-2","","","현대산소판매상사","2007-07-26 18:27:15","I","2023-06-13 00:00:00","판매","337232.950348327","458086.039243738","일반","특수토지",
"935","고압가스업","09_28_05_P","4281000","1997428000502200001","1997-11-11","","03","폐업","03","폐업","2012-08-16","","","","","","","강원특별자치도 평창군 대관령면 용산리 385","강원특별자치도 평창군 대관령면 솔봉로 287","","한국콘도관리(주)용평지점","2012-08-16 16:19:43","I","2023-06-13 00:00:00","제조","346926.089962993","463587.470159949","냉동","특수토지",
"936","고압가스업","09_28_05_P","4281000","2003428003902200001","2003-07-23","","03","폐업","03","폐업","","","","","","","","강원특별자치도 평창군 대관령면 용산리 130","강원특별자치도 평창군 대관령면 올림픽로 715","","(주)용평리조트 드레곤벨리호텔(신관객실)","2006-12-04 00:00:00","I","2023-06-13 00:00:00","제조","348259.144297804","461699.273918606","냉동","유원지",
"937","고압가스업","09_28_05_P","4281000","2004428003902100001","2004-11-25","","03","폐업","03","폐업","2014-10-06","","","","","","","강원특별자치도 평창군 봉평면 원길리 192-1","","","봉평종합가스","2014-10-06 20:24:36","I","2023-06-13 00:00:00","판매","321650.135924798","458755.61243053","일반","전",
"938","고압가스업","09_28_05_P","4281000","2006428003902100001","2006-08-23","","03","폐업","03","폐업","2018-10-11","","","","","","","강원특별자치도 평창군 대관령면 용산리 89,90,90-1","강원특별자치도 평창군 대관령면 올림픽로 715","","(주)용평리조트","2021-04-05 16:08:06","I","2023-06-13 00:00:00","저장소","348259.144297804","461699.273918606","일반","지정되지않음",
"939","고압가스업","09_28_05_P","4281000","2011428008302100001","2011-10-17","","03","폐업","03","폐업","2018-11-08","","","","","","","강원특별자치도 평창군 대관령면 용산리 438-12 외1(임)","강원특별자치도 평창군 대관령면 솔봉로 325","","강원도개발공사","2022-03-04 09:21:06","I","2023-06-13 00:00:00","저장소","347990.540981114","463224.879171432","","임야",
"940","고압가스업","09_28_05_P","4281000","2013428009402100001","2013-01-25","","03","폐업","03","폐업","2013-02-06","","","","","","","강원특별자치도 평창군 대관령면 수하리 142-3 (용평돔빙상경기장)","","","(재)2013평창동계스페셜올림픽세계대회조직위원회","2013-02-08 10:55:51","I","2023-06-13 00:00:00","제조","349641.497230383","463052.915103665","냉동","운동장등",
"941","고압가스업","09_28_05_P","4281000","2013428009402200002","2013-10-17","","03","폐업","03","폐업","2016-04-29","","","","","","","강원특별자치도 평창군 진부면 하진부리 350 평창군 유기성폐기물 에너지화 사업장","","","(주)에코에너지홀딩스","2016-05-09 17:06:20","I","2023-06-13 00:00:00","제조","","","냉동","",
"942","고압가스업","09_28_05_P","4291000","1982429000902100005","1982-10-30","","03","폐업","03","폐업","2016-08-09","","","","","","","강원특별자치도 정선군 신동읍 예미리 137-4","","","영흥상회","2016-08-09 16:58:56","I","2023-06-13 00:00:00","판매","346338.22764256","413543.732086587","일반","업무용",
"943","고압가스업","09_28_05_P","4291000","1992429000902100020","1992-02-25","","03","폐업","03","폐업","2020-12-15","","","","","","","강원특별자치도 정선군 북평면 북평리 324","","","평화가스","2020-12-15 10:50:24","I","2023-06-13 00:00:00","판매","","","일반","연립",
"944","고압가스업","09_28_05_P","4291000","2001429004002100001","2001-12-10","","03","폐업","03","폐업","2016-08-09","","","","","","","강원특별자치도 정선군 신동읍 방제리 239","","","번영가스","2016-08-09 16:56:49","I","2023-06-13 00:00:00","판매","350834.573217714","414992.432522127","일반","토지임야",
"945","고압가스업","09_28_05_P","4291000","2003429000902100001","2003-04-19","","03","폐업","03","폐업","2014-12-17","","","","","","","강원특별자치도 정선군 사북읍 사북리 424","강원특별자치도 정선군 사북읍 하이원길 265","","(주)강원랜드","2014-12-17 10:46:51","I","2023-06-13 00:00:00","저장소","361518.513221455","413851.267613498","일반","유원지",
"946","고압가스업","09_28_05_P","4291000","2003429000902100002","2003-04-19","","03","폐업","03","폐업","2014-12-17","","","","","","","강원특별자치도 정선군 사북읍 사북리 424","강원특별자치도 정선군 사북읍 하이원길 265","","(주)강원랜드","2014-12-17 10:47:27","I","2023-06-13 00:00:00","저장소","361518.513221455","413851.267613498","일반","유원지",
"947","고압가스업","09_28_05_P","4291000","2005429004002100001","2005-12-08","","03","폐업","03","폐업","2017-06-30","","","","","","","강원특별자치도 정선군 정선읍 덕송리 534-2","","","그린가스","2017-07-05 15:44:41","I","2023-06-13 00:00:00","판매","347494.402371754","434512.50852722","일반","임야",
"948","고압가스업","09_28_05_P","4291000","2006429004002100003","2006-10-13","","03","폐업","03","폐업","2014-12-17","","","","","","","강원특별자치도 정선군 고한읍 고한리 65-14","","","(주)강원랜드","2014-12-17 10:46:12","I","2023-06-13 00:00:00","제조","","","냉동","주거용",
"949","고압가스업","09_28_05_P","4291000","2006429004002200001","2006-10-13","","03","폐업","03","폐업","2020-06-30","","","","","","","강원특별자치도 정선군 고한읍 고한리 63-14","강원특별자치도 정선군 고한읍 고한10길 29","","(주)강원랜드(백운생활관)","2020-06-30 17:56:48","I","2023-06-13 00:00:00","제조","364780.05870676","412600.534084914","냉동","주거용",
"950","고압가스업","09_28_05_P","4291000","2007429004002200001","2007-07-02","","03","폐업","03","폐업","2020-06-30","","","","","","","강원특별자치도 정선군 고한읍 고한리 산 1-17","강원특별자치도 정선군 고한읍 하이원길 500","","(주)강원랜드(밸리콘도)","2020-06-30 17:54:22","I","2023-06-13 00:00:00","제조","363682.230125753","411480.452935215","냉동","스키장",
"951","고압가스업","09_28_05_P","4301000","2022430008502100001","2022-06-30","","03","폐업","03","폐업","2024-06-12","","","","","499","","강원특별자치도 철원군 동송읍 장흥리 552-14","","","제일종합가스(장흥)","2024-12-03 08:33:53","U","2024-12-05 02:40:00","판매","222277.686698839","520819.771330658","","전",
"952","고압가스업","09_28_05_P","4301000","2000430005502100005","1993-05-13","","03","폐업","03","폐업","2005-10-20","","","","","","","강원특별자치도 철원군 갈말읍 군탄리 505-10 1통","","","신미식품주식회사","2017-12-20 10:09:52","I","2023-06-13 00:00:00","판매","","","일반","답",
"953","고압가스업","09_28_05_P","4301000","2000430005502100006","1988-05-16","","03","폐업","03","폐업","2012-07-24","","","","","","","강원특별자치도 철원군 갈말읍 군탄리 339","강원특별자치도 철원군 갈말읍 명성로 208","","길병원","2012-07-24 13:40:49","I","2023-06-13 00:00:00","제조","226929.100240543","516412.772602971","냉동","특수토지",
"954","고압가스업","09_28_05_P","4301000","2000430005502100007","1992-11-18","","03","폐업","03","폐업","2005-05-09","","","","","","","강원특별자치도 철원군 동송읍 오지리 1118-1","강원특별자치도 철원군 동송읍 상노로 453","","한일염연","2012-08-08 10:50:20","I","2023-06-13 00:00:00","제조","219448.831061009","519103.08289867","냉동","특수토지",
"955","고압가스업","09_28_05_P","4301000","2000430005502100008","2010-06-14","","03","폐업","03","폐업","2010-06-14","","","","","","","강원특별자치도 철원군 갈말읍 신철원리 649 4통","강원특별자치도 철원군 갈말읍 삼부연로 51","","철원군청","2010-06-14 17:07:03","I","2023-06-13 00:00:00","제조","227374.907791757","516009.653766975","냉동","연립",
"956","고압가스업","09_28_05_P","4301000","2008430006902200001","2009-06-24","","03","폐업","03","폐업","2019-12-02","","","","","","","강원특별자치도 철원군 갈말읍 신철원리 971","강원특별자치도 철원군 갈말읍 명성로 142","","농협중앙회 철원군지부","2019-12-10 15:31:32","I","2023-06-13 00:00:00","제조","226950.206859216","515755.801165018","냉동","",
"957","고압가스업","09_28_05_P","4301000","2017430008502100001","2017-07-20","","03","폐업","03","폐업","2019-03-18","","","","","213","","강원특별자치도 철원군 동송읍 오지리 1059-27","","","중앙가스","2019-03-18 15:40:57","I","2023-06-13 00:00:00","판매","219464.719888497","518810.390959425","","상업용",
"958","고압가스업","09_28_05_P","4311000","1996431000702100001","2008-06-20","","03","폐업","03","폐업","2008-06-20","","","","","","","강원특별자치도 화천군 사내면 사창리 434-2","강원특별자치도 화천군 사내면 사내로 56","","칠성현대가스","2008-06-20 11:02:40","I","2023-06-13 00:00:00","저장소","245630.254080028","507903.733274352","일반","주거용",
"959","고압가스업","09_28_05_P","4311000","2009431005202200001","2005-08-03","","03","폐업","03","폐업","2019-07-09","","","","","","","강원특별자치도 화천군 화천읍 중리 212-7","","","청소년수련관","2019-07-16 16:28:28","I","2023-06-13 00:00:00","제조","262366.118551671","511936.439845708","냉동","",
"960","고압가스업","09_28_05_P","4311000","2012431005202100001","2012-12-14","","03","폐업","03","폐업","2013-01-27","","","","","","","강원특별자치도 화천군 화천읍 하리 100-2","","","화천군청","2013-02-08 11:57:36","I","2023-06-13 00:00:00","제조","","","냉동","",
"961","고압가스업","09_28_05_P","4321000","2000432000702100001","2000-08-03","","03","폐업","03","폐업","2018-01-22","","","","","","","강원특별자치도 양구군 동면 지석리 658-1","강원특별자치도 양구군 동면 남동로707번길 92-12","24509","동면산소","2018-01-22 17:53:43","I","2023-06-13 00:00:00","저장소","290200.270856038","519870.11327665","일반","주거용",
"962","고압가스업","09_28_05_P","4331000","2000433003002100018","1992-07-25","","03","폐업","03","폐업","2008-06-30","","","","","","","강원특별자치도 인제군 인제읍 상동리 264-4","","","인제산소","2008-07-01 16:26:27","I","2023-06-13 00:00:00","판매","","","일반","주거용",
"963","고압가스업","09_28_05_P","4331000","2008433004102200001","2008-02-01","","03","폐업","03","폐업","2008-02-01","","","","","","","강원특별자치도 인제군 서화면 천도리 사서함 100-26호","","","육군제6093부대","2008-07-24 15:01:24","I","2023-06-13 00:00:00","제조","","","특정","지정되지않음",
"964","고압가스업","09_28_05_P","4331000","2011433005402100001","2011-11-23","","03","폐업","03","폐업","2017-07-01","","","","","","","강원특별자치도 인제군 기린면 방동리 739","강원특별자치도 인제군 기린면 기린로 34","","기린농협가스","2018-01-24 17:37:51","I","2023-06-13 00:00:00","판매","319682.997703343","495441.368519933","","",
"965","고압가스업","09_28_05_P","4341000","2010434004302200001","2010-06-15","","03","폐업","03","폐업","2020-03-30","","","","","","","강원특별자치도 고성군 죽왕면 삼포리 산 134","","","(주)동광개발","2020-03-30 10:37:58","I","2023-06-13 00:00:00","제조","","","냉동","",
"966","고압가스업","09_28_05_P","4341000","2010434004302200002","2010-06-15","","03","폐업","03","폐업","2015-02-02","","","","","","","강원특별자치도 고성군 죽왕면 삼포리 산 134 (콘도지하 2층)","강원특별자치도 고성군 죽왕면 순포로 188","","(주)동광개발","2015-11-04 11:45:19","I","2023-06-13 00:00:00","제조","331315.273822987","535546.542085115","냉동","",
"967","고압가스업","09_28_05_P","4341000","2010434004302200003","2010-10-21","","03","폐업","03","폐업","2020-09-23","","","","","","","강원특별자치도 고성군 죽왕면 오봉리 9-19","강원특별자치도 고성군 죽왕면 동해대로 6064","","강원도 한해성수산자원센터","2020-09-23 16:29:35","I","2023-06-13 00:00:00","제조","332385.817523991","538662.887832879","냉동","",
"968","고압가스업","09_28_05_P","4341000","2010434004302200004","2010-10-21","","03","폐업","03","폐업","2020-09-23","","","","","","","강원특별자치도 고성군 죽왕면 오봉리 9-19","강원특별자치도 고성군 죽왕면 동해대로 6064","","강원도 한해성수산자원센터","2020-09-23 16:31:33","I","2023-06-13 00:00:00","제조","332385.817523991","538662.887832879","냉동","",
"969","고압가스업","09_28_05_P","4341000","2010434004302200005","2010-10-21","","03","폐업","03","폐업","2020-09-23","","","","","","","강원특별자치도 고성군 죽왕면 오봉리 9-19","강원특별자치도 고성군 죽왕면 동해대로 6064","","강원도 한해성 수산자원센터","2020-09-23 16:33:17","I","2023-06-13 00:00:00","제조","332385.817523991","538662.887832879","냉동","",
"970","고압가스업","09_28_05_P","4341000","2013434004302100001","2013-04-16","","03","폐업","03","폐업","2020-05-21","","","","","","","강원특별자치도 고성군 간성읍 금수리 산 54-6","","","고성군 통합정수장","2020-05-22 17:11:40","I","2023-06-13 00:00:00","저장소","","","","임야기타",
"971","고압가스업","09_28_05_P","4341000","1990434003002100002","1990-05-11","","03","폐업","03","폐업","2005-11-08","","","","","","","강원특별자치도 고성군 거진읍 거진리 149","강원특별자치도 고성군 거진읍 거진길 79","","거진수산센타","2009-07-02 17:25:14","I","2023-06-13 00:00:00","제조","327237.193471399","550621.493690718","냉동","답",
"972","고압가스업","09_28_05_P","4341000","1990434003002100003","1990-07-23","","03","폐업","03","폐업","","","","","","","","강원특별자치도 고성군 토성면 봉포리 40-9","강원특별자치도 고성군 토성면 동해대로 4800","","(주)삼립개발하일라리조트비치","2007-06-27 00:00:00","I","2023-06-13 00:00:00","제조","337573.921465005","527804.865006998","냉동","답",
"973","고압가스업","09_28_05_P","4341000","1995434003002100006","1995-04-17","","03","폐업","03","폐업","2016-03-23","","","","","","","강원특별자치도 고성군 토성면 원암리 331-2","","","일성레저산업(주) 설악지점","2016-03-23 16:37:56","I","2023-06-13 00:00:00","제조","331627.272688906","523921.362834984","냉동","임야",
"974","고압가스업","09_28_05_P","4341000","1997434003002200001","1997-09-12","","03","폐업","03","폐업","2012-08-03","","","","","","","강원특별자치도 고성군 현내면 마차진리 239","강원특별자치도 고성군 현내면 금강산로 416","","대우금강산휴양콘도미니엄","2012-08-03 17:30:06","I","2023-06-13 00:00:00","제조","323827.622943202","557255.90227721","냉동","특수토지",
"975","고압가스업","09_28_05_P","4341000","1999434003002100007","1999-06-15","","03","폐업","03","폐업","2023-05-31","","","","","","","강원특별자치도 고성군 토성면 용촌리 84-3","","","청간정콘도","2023-06-05 17:32:19","I","2023-06-13 00:00:00","제조","","","냉동","특수토지",
"976","고압가스업","09_28_05_P","4341000","2000434003002100013","2000-03-27","","03","폐업","03","폐업","2011-12-06","","","","","186","","강원특별자치도 고성군 거진읍 대대리 245-2","","","강원가스","2011-12-08 10:53:10","I","2023-06-13 00:00:00","판매","","","일반","공업기타",
"977","고압가스업","09_28_05_P","4341000","2005434003302100001","2005-01-13","","03","폐업","03","폐업","2024-10-15","","","","","","","강원특별자치도 고성군 토성면 청간리 1-26번지","","","그린가스","2024-10-15 13:17:00","U","2024-10-17 02:40:00","판매","","","일반","주거기타",
"978","고압가스업","09_28_05_P","4341000","2005434003302100002","2005-02-16","","03","폐업","03","폐업","2006-07-03","","","","","","","강원특별자치도 고성군 토성면 용촌리 154-7","강원특별자치도 고성군 토성면 용촌2길 7","","동해가스","2010-01-11 16:16:51","I","2023-06-13 00:00:00","판매","338018.158565445","526716.078301712","일반","기타",
"979","고압가스업","09_28_05_P","4351000","2019435006902200006","2019-11-26","","03","폐업","03","폐업","2021-08-17","","","","","","","강원특별자치도 양양군 서면 수리 460","","","육군제2003부대(제2003-901부대)","2021-08-30 13:30:34","I","2023-06-13 00:00:00","제조","339913.179610289","504151.718372953","충전","",
"980","고압가스업","09_28_05_P","4351000","2018435005002200009","2018-07-05","","03","폐업","03","폐업","2022-04-13","","","","","","","강원특별자치도 양양군 현남면 광진리 244-1 바다풍경횟집","강원특별자치도 양양군 현남면 광진1길 37, 바다풍경횟집","25056","팍스 스쿠버하우스","2022-04-13 15:01:38","I","2023-06-13 00:00:00","제조","354943.609770754","497311.122045092","충전","",
"981","고압가스업","09_28_05_P","4351000","2000435000502100002","2000-01-21","","03","폐업","03","폐업","2025-03-06","","","","","","","강원특별자치도 양양군 현북면 하광정리 411-7","","","현북가스","2025-03-07 16:52:21","U","2025-03-09 02:40:00","판매","","","일반","특수토지",
"982","고압가스업","09_28_05_P","4351000","2001435000502100001","2009-09-09","","03","폐업","03","폐업","2020-02-03","","","","","","","강원특별자치도 양양군 양양읍 조산리 399-31","강원특별자치도 양양군 양양읍 일출로 127-30","","(주)오션벨리","2020-02-03 14:30:33","I","2023-06-13 00:00:00","제조","343766.669409871","513216.907030607","냉동","주거용",
"983","고압가스업","09_28_05_P","4351000","2001435000502200001","2001-09-07","","03","폐업","03","폐업","2016-07-28","","","","","","","강원특별자치도 양양군 손양면 동호리 양양국제공항","","","한국공항공사 양양국제공항","2016-08-05 16:58:40","I","2023-06-13 00:00:00","제조","","","냉동","지정되지않음",
"984","고압가스업","09_28_05_P","4351000","2008435004402100001","2009-03-30","","03","폐업","03","폐업","2015-01-16","","","","","48.6","","강원특별자치도 양양군 손양면 송전리 산 1-75","","","동양에너지","2015-01-19 15:12:50","I","2023-06-13 00:00:00","판매","","","","임야",
"985","고압가스업","09_28_05_P","4351000","2011435005002200001","2011-12-29","","03","폐업","03","폐업","2013-01-17","","","","","","","강원특별자치도 양양군 서면 장승리 484","강원특별자치도 양양군 서면 들돌길 436","","주식회사 양양레미콘","2013-01-17 10:00:48","I","2023-06-13 00:00:00","제조","336679.850708054","511356.804979479","냉동","",
"986","고압가스업","09_28_05_P","4351000","2018435005002200002","2018-07-05","","03","폐업","03","폐업","2023-06-07","","","","","","","강원특별자치도 양양군 현남면 인구리 634-1","강원특별자치도 양양군 현남면 인구길 56-5","25053","버디첵 다이브리조트","2023-06-07 10:56:56","I","2023-06-13 00:00:00","제조","354745.679612564","497761.996596223","충전","",
