"번호","개방서비스명","개방서비스아이디","개방자치단체코드","관리번호","인허가일자","인허가취소일자","영업상태구분코드","영업상태명","상세영업상태코드","상세영업상태명","폐업일자","휴업시작일자","휴업종료일자","재개업일자","소재지전화","소재지면적","소재지우편번호","소재지전체주소","도로명전체주소","도로명우편번호","사업장명","최종수정시점","데이터갱신구분","데이터갱신일자","업태구분명","좌표정보x(epsg5174)","좌표정보y(epsg5174)","문화체육업종명","공사립구분명","보험가입여부코드","지도자수","건축물동수","건축물연면적","회원모집총인원","세부업종명","법인명",
"1","골프연습장업","10_31_01_P","4181000","CDFH3301051999000001","1999-07-31","","03","폐업","03","폐업","2010-12-09","","","","","","200-931","강원특별자치도 춘천시 근화동 748-14","강원특별자치도 춘천시 영서로 2444  (근화동)","","현대골프연습장","2010-12-09 17:57:06","I","2023-06-13 00:00:00","","262562.541618174","486268.779577089","골프연습장업","사립","0","0","0","441.22","0","","",
"2","골프연습장업","10_31_01_P","4181000","CDFH3301052001000001","2001-01-10","","03","폐업","03","폐업","2025-10-30","","","","252-2196","","","강원특별자치도 춘천시 우두동 742-1 두미르마을","강원특별자치도 춘천시 영서로 2793 (우두동, 두미르마을)","24236","HSM겸손한골프아카데미","2025-10-30 16:08:33","U","2025-11-01 02:40:00","","263855.784005587","489030.794908325","골프연습장업","사립","","0","0","0","0","","",
"3","골프연습장업","10_31_01_P","4181000","CDFH3301052001000003","2001-06-28","","03","폐업","03","폐업","2024-01-26","","","","033-261-7600","","","강원특별자치도 춘천시 석사동 34-6","강원특별자치도 춘천시 세실로 100-34 (석사동)","24315","춘천골프랜드","2024-01-26 15:22:41","U","2024-01-28 02:40:00","","266948.100468974","485105.465671466","골프연습장업","사립","","1","0","0","0","","",
"4","골프연습장업","10_31_01_P","4181000","CDFH3301052001000004","2001-09-06","","03","폐업","03","폐업","2018-10-12","","","","260-1326","","200-812","강원특별자치도 춘천시 신동면 정족리 1007-1","강원특별자치도 춘천시 신동면 칠전동길 72","","라데나 GC골프연습장","2018-10-12 14:37:14","I","2023-06-13 00:00:00","","263329.19876502","482733.108274384","골프연습장업","사립","","0","0","0","0","","",
"5","골프연습장업","10_31_01_P","4181000","CDFH3301052003000001","2003-01-29","","03","폐업","03","폐업","2005-03-08","","","","241-7007","","200-941","강원특별자치도 춘천시 조양동 43-1","강원특별자치도 춘천시 시청길12번길 6-1  (조양동)","","새명동골프스쿨","2009-06-25 15:04:43","I","2023-06-13 00:00:00","","264094.853409496","486599.486751559","골프연습장업","사립","","0","0","0","0","","",
"6","골프연습장업","10_31_01_P","4181000","CDFH3301052003000003","2003-11-13","","03","폐업","03","폐업","2009-01-28","","","","244-5794","","200-939","강원특별자치도 춘천시 우두동 759-7","강원특별자치도 춘천시 영서로 2800  (우두동)","","사우골프연습장","2009-01-28 17:23:36","I","2023-06-13 00:00:00","","263929.077852676","489173.829671192","골프연습장업","사립","0","0","0","0","0","","",
"7","골프연습장업","10_31_01_P","4181000","CDFH3301052004000002","2004-02-26","","03","폐업","03","폐업","2019-12-27","","","","262-2285","","200-936","강원특별자치도 춘천시 석사동 796-5","강원특별자치도 춘천시 퇴계로 191  (석사동)","","김성원골프스쿨","2019-12-27 12:19:50","I","2023-06-13 00:00:00","","265058.766472028","484123.903138431","골프연습장업","사립","","0","0","0","0","","",
"8","골프연습장업","10_31_01_P","4181000","CDFH3301052004000003","2004-03-30","","03","폐업","03","폐업","2006-06-27","","","","253-7112","","200-963","강원특별자치도 춘천시 후평동 891-2","강원특별자치도 춘천시 후석로 246  (후평동)","","BEST골프연습장","2006-07-05 10:00:48","I","2023-06-13 00:00:00","","266176.20605118","485911.870478645","골프연습장업","사립","0","0","0","0","0","","",
"9","골프연습장업","10_31_01_P","4181000","CDFH3301052004000005","2004-07-19","","03","폐업","03","폐업","2020-07-20","","","","264-0151","","200-933","강원특별자치도 춘천시 석사동 283-1","","","로데오스크린","2020-07-20 15:25:20","I","2023-06-13 00:00:00","","265906.60734256","483791.997647693","골프연습장업","사립","","0","0","0","0","","",
"10","골프연습장업","10_31_01_P","4181000","CDFH3301052004000006","2004-12-14","","03","폐업","03","폐업","2009-02-23","","","","","","200-956","강원특별자치도 춘천시 후평동 87 현대상가 지하1층","강원특별자치도 춘천시 후석로326번길 31  (후평동,현대상가 지하1층)","","현대골프연습장","2009-02-24 09:20:35","I","2023-06-13 00:00:00","","266168.496028306","486858.459299495","골프연습장업","사립","","0","0","0","0","","",
"11","골프연습장업","10_31_01_P","4181000","CDFH3301052005000001","2005-08-18","","03","폐업","03","폐업","2020-07-20","","","","263-0011","","200-972","강원특별자치도 춘천시 석사동 888-5 더퍼스트빌딩 601호","강원특별자치도 춘천시 지석로 89, 601호 (석사동,더퍼스트빌딩)","","더 퍼스트골프연습장","2020-07-20 15:23:47","I","2023-06-13 00:00:00","","265518.964834661","483423.163018745","골프연습장업","사립","","0","1","0","0","","",
"12","골프연습장업","10_31_01_P","4181000","CDFH3301052006000001","2006-07-07","","03","폐업","03","폐업","2018-02-01","","","","242-1872","","200-959","강원특별자치도 춘천시 후평동 748-1","강원특별자치도 춘천시 춘천로 402  (후평동)","","춘천스크린골프","2018-02-01 09:49:20","I","2023-06-13 00:00:00","","266063.126900839","487624.32185624","골프연습장업","사립","","0","0","0","0","","",
"13","골프연습장업","10_31_01_P","4181000","CDFH3301052019000003","2019-08-19","","03","폐업","03","폐업","2020-07-20","","","","","","","강원특별자치도 춘천시 우두동 444-1 북춘천새마을금고","강원특별자치도 춘천시 충열로 153, 북춘천새마을금고 3층 (우두동)","24226","유성열골프아카데미","2020-07-20 15:34:58","I","2023-06-13 00:00:00","","264919.65193755","489574.486923261","골프연습장업","사립","","0","0","2725.46","0","","",
"14","골프연습장업","10_31_01_P","4181000","CDFH3301052019000004","2019-08-23","","03","폐업","03","폐업","2020-07-20","","","","033-911-0303","","","강원특별자치도 춘천시 우두동 444-1 북춘천새마을금고","강원특별자치도 춘천시 충열로 153, 북춘천새마을금고 2층 (우두동)","24226","톡스크린","2020-07-20 15:07:36","I","2023-06-13 00:00:00","","264919.65193755","489574.486923261","골프연습장업","사립","","0","0","2725.46","0","","",
"15","골프연습장업","10_31_01_P","4181000","CDFH3301052020000001","2020-01-17","","03","폐업","03","폐업","2020-07-20","","","","033-251-1480","","","강원특별자치도 춘천시 퇴계동 529-1 401호","강원특별자치도 춘천시 안마산로 110, 401호 (퇴계동)","24455","이편한스크린골프","2020-07-20 15:00:34","I","2023-06-13 00:00:00","","263913.65863414","483730.035744869","골프연습장업","사립","","0","0","4856","0","","",
"16","골프연습장업","10_31_01_P","4181000","CDFH3301052022000001","2022-03-24","","03","폐업","03","폐업","2025-07-29","","","","033-252-7288","","","강원특별자치도 춘천시 퇴계동 1152-2","강원특별자치도 춘천시 효자로 7-1, 지하1층 (퇴계동)","24367","솔루션골프 아카데미","2025-07-30 11:40:47","U","2025-08-01 02:40:00","","263814.739690008","485032.963469186","골프연습장업","사립","","0","0","0","0","","",
"17","골프연습장업","10_31_01_P","4181000","CDFH3301052016000007","2016-12-06","","03","폐업","03","폐업","2020-07-20","","","","","","","강원특별자치도 춘천시 석사동 283-1","강원특별자치도 춘천시 공지로 87, 2층 (석사동, 춘천로데오)","24395","유성열골프아카데미","2020-07-20 15:33:48","I","2023-06-13 00:00:00","","265906.60734256","483791.997647693","골프연습장업","사립","Y","0","0","0","0","","",
"18","골프연습장업","10_31_01_P","4181000","CDFH3301052017000001","2017-12-18","","03","폐업","03","폐업","2020-07-20","","","","","","","강원특별자치도 춘천시 동면 만천리 573-4","강원특별자치도 춘천시 동면 만천로143번길 64, 2층","24217","스윙팡골프아카데미","2020-07-20 15:36:18","I","2023-06-13 00:00:00","","267093.737616996","486529.651730821","골프연습장업","사립","","0","0","790.12","0","","",
"19","골프연습장업","10_31_01_P","4181000","CDFH3301052018000002","2018-06-21","","03","폐업","03","폐업","2020-07-20","","","","","","","강원특별자치도 춘천시 퇴계동 111-8","강원특별자치도 춘천시 김유정로 1852-21, 2,3,4층 (퇴계동)","24422","윌스크린골프CC","2020-07-20 15:06:09","I","2023-06-13 00:00:00","","264694.342400527","483412.932210187","골프연습장업","사립","","0","0","2808.2","0","","",
"20","골프연습장업","10_31_01_P","4181000","CDFH3301052018000003","2018-11-29","","03","폐업","03","폐업","2020-07-02","","","","","","","강원특별자치도 춘천시 석사동 186-37","강원특별자치도 춘천시 스무숲2길 8, 지하1층 (석사동)","24417","스무숲스크린","2020-07-02 09:23:26","I","2023-06-13 00:00:00","","265876.033680698","483150.925895407","골프연습장업","사립","","0","0","0","0","","",
"21","골프연습장업","10_31_01_P","4181000","CDFH3301052018000004","2018-11-29","","03","폐업","03","폐업","2020-07-02","","","","033-264-0759","","","강원특별자치도 춘천시 석사동 186-44","강원특별자치도 춘천시 스무숲2길 10 (석사동)","24417","스무숲스크린","2020-07-02 09:23:46","I","2023-06-13 00:00:00","","265877.218909758","483123.74983079","골프연습장업","사립","","0","0","0","0","","",
"22","골프연습장업","10_31_01_P","4181000","CDFH3301052019000002","2019-03-22","","03","폐업","03","폐업","2020-07-20","","","","","","","강원특별자치도 춘천시 동면 만천리 703-2","강원특별자치도 춘천시 동면 춘천순환로 497, 나동 2층","24215","만천스크린골프","2020-07-20 15:31:13","I","2023-06-13 00:00:00","","267008.672618162","487150.480633329","골프연습장업","사립","","0","0","462","0","","",
"23","골프연습장업","10_31_01_P","4181000","CDFH3301052009000007","2009-12-14","","03","폐업","03","폐업","2020-07-20","","","","033-252-2000","","200-883","강원특별자치도 춘천시 동내면 거두리 1090-1","강원특별자치도 춘천시 동내면 춘천순환로94번길 17","","조이스크린골프","2020-07-20 15:32:04","I","2023-06-13 00:00:00","","266398.88197113","483842.863136336","골프연습장업","사립","","0","1","0","0","","",
"24","골프연습장업","10_31_01_P","4181000","CDFH3301052010000001","2010-01-06","","03","폐업","03","폐업","2020-07-20","","","","033-251-0733","","200-943","강원특별자치도 춘천시 퇴계동 348-15","강원특별자치도 춘천시 퇴계로69번길 16 (퇴계동)","","골프존파크퇴계남춘천점","2020-07-20 15:00:53","I","2023-06-13 00:00:00","","264135.06054436","484912.508902516","골프연습장업","사립","","0","0","1082.39","0","","",
"25","골프연습장업","10_31_01_P","4181000","CDFH3301052010000002","2010-04-22","","03","폐업","03","폐업","2020-07-20","","","","251-0753","","","강원특별자치도 춘천시 후평동 701-12","강원특별자치도 춘천시 후석로326번길 5, 지하1층 (후평동)","24299","더샾스크린골프","2020-07-20 14:59:08","I","2023-06-13 00:00:00","","265920.32768946","486694.483729324","골프연습장업","사립","","0","1","4173.2","0","","",
"26","골프연습장업","10_31_01_P","4181000","CDFH3301052010000003","2010-05-11","","03","폐업","03","폐업","2020-07-20","","","","033-253-9944","","200-852","강원특별자치도 춘천시 동면 만천리 584-4","강원특별자치도 춘천시 동면 만천로 103","","이글스크린골프","2020-07-20 15:31:33","I","2023-06-13 00:00:00","","267040.235176982","486784.222897322","골프연습장업","사립","","0","0","793.3","0","","",
"27","골프연습장업","10_31_01_P","4181000","CDFH3301052010000004","2010-06-29","","03","폐업","03","폐업","2020-07-20","","","","256-9779","","200-948","강원특별자치도 춘천시 효자동 223-1","강원특별자치도 춘천시 공지로 216 (효자동)","","봄내스크린골프","2020-07-20 14:59:48","I","2023-06-13 00:00:00","","265039.052943962","484728.842728395","골프연습장업","사립","","0","1","0","0","","",
"28","골프연습장업","10_31_01_P","4181000","CDFH3301052010000006","2010-11-10","","03","폐업","03","폐업","2011-11-26","","","","263-9282","","200-972","강원특별자치도 춘천시 석사동 966-6 1층","강원특별자치도 춘천시 스무숲3길 51  (석사동,1층)","","빙고스크린골프장","2012-01-19 10:10:36","I","2023-06-13 00:00:00","","266289.880412854","483071.12560059","골프연습장업","사립","","0","1","494.34","0","","",
"29","골프연습장업","10_31_01_P","4181000","CDFH3301052011000001","2011-01-03","","03","폐업","03","폐업","2015-01-12","","","","263-7979","","200-883","강원특별자치도 춘천시 동내면 거두리 1060 2층","강원특별자치도 춘천시 동내면 외솔길19번길 80-10  (2층)","","플레잇골프아카데미","2015-01-12 14:51:48","I","2023-06-13 00:00:00","","266684.464415696","484215.685816789","골프연습장업","사립","","0","1","1150.25","0","","",
"30","골프연습장업","10_31_01_P","4181000","CDFH3301052011000002","2011-02-07","","03","폐업","03","폐업","2020-07-20","","","","262-9996","","200-883","강원특별자치도 춘천시 동내면 거두리 1060 3층","강원특별자치도 춘천시 동내면 외솔길19번길 80-10 (3층)","","장타왕스크린골프","2020-07-20 15:32:17","I","2023-06-13 00:00:00","","266684.464415696","484215.685816789","골프연습장업","사립","","0","1","1150.25","0","","",
"31","골프연습장업","10_31_01_P","4181000","CDFH3301052011000003","2011-02-07","","03","폐업","03","폐업","2020-07-20","","","","256-8882","","200-853","강원특별자치도 춘천시 동면 장학리 751-2","","","강변스크린골프센터","2020-07-20 15:30:29","I","2023-06-13 00:00:00","","265989.527397524","489222.4533322","골프연습장업","사립","","0","1","772.1","0","","",
"32","골프연습장업","10_31_01_P","4181000","CDFH3301052011000004","2011-03-24","","03","폐업","03","폐업","2016-09-22","","","","241-2502","","200-758","강원특별자치도 춘천시 후평동 87 현대3차아파트상가. 지하층","강원특별자치도 춘천시 후석로326번길 31  (후평동,현대3차아파트상가. 지하층)","","TOP골프스쿨","2016-09-23 13:08:33","I","2023-06-13 00:00:00","","266168.496028306","486858.459299495","골프연습장업","사립","","0","1","470","0","","",
"33","골프연습장업","10_31_01_P","4181000","CDFH3301052011000005","2011-04-07","","03","폐업","03","폐업","2012-03-22","","","","256-0725","","200-931","강원특별자치도 춘천시 근화동 265-5","강원특별자치도 춘천시 중앙로 189  (근화동)","","공지천스크린골프","2012-03-22 17:02:16","I","2023-06-13 00:00:00","","262793.657087772","485932.505969004","골프연습장업","사립","","0","1","603","0","","",
"34","골프연습장업","10_31_01_P","4181000","CDFH3301052011000006","2011-06-10","","03","폐업","03","폐업","2020-07-20","","","","261-0939","","200-883","강원특별자치도 춘천시 동내면 거두리 1044-4 1층, 2층","강원특별자치도 춘천시 동내면 외솔길19번길 64-10 (1층, 2층)","","베르디움스크린골프","2020-07-20 15:32:37","I","2023-06-13 00:00:00","","266537.08538553","484095.89572507","골프연습장업","사립","","0","1","493.44","0","","",
"35","골프연습장업","10_31_01_P","4181000","CDFH3301052011000007","2011-07-01","","03","폐업","03","폐업","2020-07-20","","","","263-1875","","200-170","강원특별자치도 춘천시 퇴계동 1081 5층","강원특별자치도 춘천시 남춘로26번길 20 (퇴계동,5층)","","휴먼시아스크린골프","2020-07-20 15:06:40","I","2023-06-13 00:00:00","","264380.513820218","484665.016503233","골프연습장업","사립","","0","1","1902.61","0","","",
"36","골프연습장업","10_31_01_P","4181000","CDFH3301052011000008","2011-08-19","","03","폐업","03","폐업","2020-07-20","","","","264-5585","","200-932","강원특별자치도 춘천시 석사동 14-7","강원특별자치도 춘천시 세실로 114-14 (석사동)","","탑스크린골프","2020-07-20 15:25:46","I","2023-06-13 00:00:00","","","","골프연습장업","사립","","0","1","2529","0","","",
"37","골프연습장업","10_31_01_P","4181000","CDFH3301052012000002","2012-08-01","","03","폐업","03","폐업","2020-07-20","","","","","","200-951","강원특별자치도 춘천시 효자동 140-2","강원특별자치도 춘천시 효자로 128 (효자동)","24334","영골프&스크린","2020-07-20 15:00:11","I","2023-06-13 00:00:00","","264568.965796275","485948.206072362","골프연습장업","사립","","0","0","596.54","0","","",
"38","골프연습장업","10_31_01_P","4181000","CDFH3301052006000004","2006-12-13","","03","폐업","03","폐업","2018-04-19","","","","","","200-943","강원특별자치도 춘천시 퇴계동 1191","강원특별자치도 춘천시 우묵들길 8 (퇴계동)","24368","호반골프스토리","2018-04-19 11:42:47","I","2023-06-13 00:00:00","","263601.523165864","484960.439091546","골프연습장업","사립","Y","0","0","0","0","","",
"39","골프연습장업","10_31_01_P","4181000","CDFH3301052007000001","2007-03-05","","03","폐업","03","폐업","2012-02-21","","","","261-7771","","200-170","강원특별자치도 춘천시 퇴계동 11지구 12블럭 2-2롯뜨 2층","","","골프스토리","2012-02-21 16:06:01","I","2023-06-13 00:00:00","","","","골프연습장업","사립","0","0","0","0","0","","",
"40","골프연습장업","10_31_01_P","4181000","CDFH3301052007000002","2007-03-28","","03","폐업","03","폐업","2008-12-30","","","","262-0068","","200-943","강원특별자치도 춘천시 퇴계동 188-1","강원특별자치도 춘천시 김유정로 1875  (퇴계동)","","가나스크린골프","2008-12-30 14:22:04","I","2023-06-13 00:00:00","","264702.34644249","483746.820208309","골프연습장업","사립","0","0","0","0","0","","",
"41","골프연습장업","10_31_01_P","4181000","CDFH3301052007000003","2007-04-24","","03","폐업","03","폐업","2020-10-08","","","","2615885","","200-881","강원특별자치도 춘천시 동내면 거두리 926-5","강원특별자치도 춘천시 동내면 춘천순환로 70","","매니아스크린골프","2020-10-08 10:24:31","I","2023-06-13 00:00:00","","266079.306539143","483901.979099313","골프연습장업","사립","","0","0","0","0","","",
"42","골프연습장업","10_31_01_P","4181000","CDFH3301052007000007","2007-12-17","","03","폐업","03","폐업","2009-06-19","","","","241-0079","","200-010","강원특별자치도 춘천시 옥천동 38-8","강원특별자치도 춘천시 서부대성로 65  (옥천동)","","강원스크린골프","2009-06-19 14:16:23","I","2023-06-13 00:00:00","","264164.780426563","486932.653652089","골프연습장업","사립","0","0","0","0","0","","",
"43","골프연습장업","10_31_01_P","4181000","CDFH3301052008000001","2008-02-05","","03","폐업","03","폐업","2010-11-16","","","","243-9979","","200-170","강원특별자치도 춘천시 퇴계동 10블럭 2-2롯트","","","나인스크린골프아카데미","2010-11-16 16:42:32","I","2023-06-13 00:00:00","","","","골프연습장업","사립","0","0","0","0","0","","",
"44","골프연습장업","10_31_01_P","4181000","CDFH3301052008000002","2008-04-22","","03","폐업","03","폐업","2016-11-10","","","","2440782","","200-939","강원특별자치도 춘천시 우두동 385-3","강원특별자치도 춘천시 우두강둑길 23 (우두동)","","런던스크린","2016-11-10 17:04:57","I","2023-06-13 00:00:00","","264555.198955845","488532.791607212","골프연습장업","사립","","0","0","0","0","","",
"45","골프연습장업","10_31_01_P","4181000","CDFH3301052008000003","2008-05-19","","03","폐업","03","폐업","2020-07-20","","","","241-9999","","200-943","강원특별자치도 춘천시 퇴계동 1159-2","강원특별자치도 춘천시 우묵길70번길 7 (퇴계동)","200-943","강남스크린골프(SG점)","2020-07-20 15:02:37","I","2023-06-13 00:00:00","","263622.351216445","485167.303398065","골프연습장업","사립","","0","0","0","0","","",
"46","골프연습장업","10_31_01_P","4181000","CDFH3301052008000004","2008-05-26","","03","폐업","03","폐업","2020-10-08","","","","262-0755","","200-936","강원특별자치도 춘천시 석사동 694 세경5차아파트단지 102호","강원특별자치도 춘천시 남춘천새길 42, 102호 (석사동,세경5차아파트단지)","","베스트스크린골프","2020-10-08 10:24:51","I","2023-06-13 00:00:00","","264807.241666538","484720.141657102","골프연습장업","사립","","0","0","0","0","","",
"47","골프연습장업","10_31_01_P","4181000","CDFH3301052008000006","2008-07-22","","03","폐업","03","폐업","2010-11-30","","","","241-2205","","200-941","강원특별자치도 춘천시 조양동 142-3","강원특별자치도 춘천시 중앙로67번길 9  (조양동)","","잼휘트니스 골프연습장","2010-12-01 18:42:19","I","2023-06-13 00:00:00","","263899.83109253","486500.335779364","골프연습장업","사립","0","0","0","0","0","","",
"48","골프연습장업","10_31_01_P","4181000","CDFH3301052008000007","2008-11-14","","03","폐업","03","폐업","2013-04-29","","","","256-5588","","200-080","강원특별자치도 춘천시 운교동 169-34","강원특별자치도 춘천시 금강로 90  (운교동)","","로얄스크린골프","2013-04-29 18:17:05","I","2023-06-13 00:00:00","","264156.582985985","486349.128298929","골프연습장업","사립","0","0","0","0","0","","",
"49","골프연습장업","10_31_01_P","4181000","CDFH3301052009000001","2009-01-05","","03","폐업","03","폐업","2010-12-28","","","","033-262-0068","","200-943","강원특별자치도 춘천시 퇴계동 188-1 농협 3층","강원특별자치도 춘천시 김유정로 1875  (퇴계동,농협 3층)","","가나스크린골프(실내)","2010-12-28 11:50:14","I","2023-06-13 00:00:00","","264702.34644249","483746.820208309","골프연습장업","사립","0","0","1","934.83","0","","",
"50","골프연습장업","10_31_01_P","4181000","CDFH3301052009000002","2009-01-06","","03","폐업","03","폐업","2020-07-20","","","","","","","강원특별자치도 춘천시 퇴계동 1180","강원특별자치도 춘천시 퇴계로 34 (퇴계동)","24368","브라질스크린골프","2020-07-20 15:02:04","I","2023-06-13 00:00:00","","263727.864177962","484955.696730972","골프연습장업","사립","","0","1","663.09","0","","",
"51","골프연습장업","10_31_01_P","4181000","CDFH3301052009000004","2009-04-07","","03","폐업","03","폐업","2020-07-20","","","","033-264-0753","","200-170","강원특별자치도 춘천시 퇴계동 183-1 2층","강원특별자치도 춘천시 김유정로 1891 (퇴계동,2층)","","하이츠스크린골프","2020-07-20 15:01:33","I","2023-06-13 00:00:00","","264817.590025097","483852.74084021","골프연습장업","사립","","0","1","1692.62","0","","",
"52","골프연습장업","10_31_01_P","4181000","CDFH3301051989000001","1989-12-30","","03","폐업","03","폐업","2017-02-10","","","","","","200-200","강원특별자치도 춘천시 삼천동 13-1","강원특별자치도 춘천시 수변공원길 19 (삼천동)","200-200","삼천리미니골프연습장","2017-02-10 15:35:34","I","2023-06-13 00:00:00","","262155.339956187","485796.818762133","골프연습장업","사립","","0","0","0","0","","",
"53","골프연습장업","10_31_01_P","4181000","CDFH3301052012000003","2012-09-14","","03","폐업","03","폐업","2020-07-20","","","","242-3456","","200-939","강원특별자치도 춘천시 우두동 711-1","강원특별자치도 춘천시 충열로 45 (우두동)","","히트스크린골프","2020-07-20 15:06:56","I","2023-06-13 00:00:00","","264442.448963274","488779.820707232","골프연습장업","사립","","0","1","3431.98","0","","",
"54","골프연습장업","10_31_01_P","4181000","CDFH3301052013000001","2013-03-14","","03","폐업","03","폐업","2020-07-20","","","","263-2640","","200-934","강원특별자치도 춘천시 석사동 432","강원특별자치도 춘천시 후석로66번길 5 (석사동)","24387","스카이스크린골프","2020-07-20 15:24:20","I","2023-06-13 00:00:00","","265416.727996839","484394.477109351","골프연습장업","사립","","0","0","989.4","0","","",
"55","골프연습장업","10_31_01_P","4181000","CDFH3301052013000002","2013-07-18","","03","폐업","03","폐업","2020-07-20","","","","264-8807","","200-938","강원특별자치도 춘천시 온의동 487","강원특별자치도 춘천시 경춘로 2169 (온의동)","24431","팔팔스크린골프","2020-07-20 15:08:38","I","2023-06-13 00:00:00","","262830.631369602","483093.797261416","골프연습장업","사립","","0","1","314.99","0","","",
"56","골프연습장업","10_31_01_P","4181000","CDFH3301052014000001","2014-05-29","","03","폐업","03","폐업","2020-07-20","","","","","","200-943","강원특별자치도 춘천시 퇴계동 1160","강원특별자치도 춘천시 우묵길 73 (퇴계동)","24367","강남스크린골프","2020-07-20 15:02:24","I","2023-06-13 00:00:00","","263570.331910127","485234.584711179","골프연습장업","사립","Y","0","1","463.93","0","","",
"57","골프연습장업","10_31_01_P","4181000","CDFH3301052015000002","2015-03-20","","03","폐업","03","폐업","2020-10-08","","","","0332446319","","200-852","강원특별자치도 춘천시 동면 만천리 280-1","강원특별자치도 춘천시 동면 한솔만천로 15-3","24213","우정야외스크린오케이온골프","2020-10-08 10:29:03","I","2023-06-13 00:00:00","","268003.522682794","486300.856970942","골프연습장업","사립","","0","1","1016.78","0","","",
"58","골프연습장업","10_31_01_P","4181000","CDFH3301052016000003","2016-06-28","","03","폐업","03","폐업","2020-07-20","","","","2425979","","","강원특별자치도 춘천시 동면 장학리 43-22 3층","강원특별자치도 춘천시 동면 춘천로 628, 3층","24213","우리스크린골프","2020-07-20 15:30:56","I","2023-06-13 00:00:00","","267948.915907738","488727.481891009","골프연습장업","사립","","0","0","1616.74","0","","",
"59","골프연습장업","10_31_01_P","4181000","CDFH3301051995000001","1995-03-04","","03","폐업","03","폐업","2013-03-22","","","","255-4459","","200-852","강원특별자치도 춘천시 동면 만천리 871-1","강원특별자치도 춘천시 동면 만천로 114-3","","이글골프연습장","2013-03-22 17:53:14","I","2023-06-13 00:00:00","","266911.096418502","486897.492543748","골프연습장업","사립","","0","0","0","0","","",
"60","골프연습장업","10_31_01_P","4181000","CDFH3301052018000001","2018-04-26","","03","폐업","03","폐업","2020-07-20","","","","033-252-7575","","","강원특별자치도 춘천시 온의동 52-7","강원특별자치도 춘천시 영서로 2333, 4층 (온의동)","24433","드림스크린","2020-07-20 15:08:04","I","2023-06-13 00:00:00","","262960.169188415","485250.601968188","골프연습장업","사립","","0","1","2512.8","0","","",
"61","골프연습장업","10_31_01_P","4181000","CDFH3301052005000003","2005-10-21","","01","영업/정상","13","영업중","","","","","033-264-0752","","200-943","강원특별자치도 춘천시 퇴계동 484","강원특별자치도 춘천시 김유정로 1804 (퇴계동)","24423","하나골프랜드","2020-12-10 16:45:22","I","2023-06-13 00:00:00","","264478.257295384","483032.367597543","골프연습장업","사립","","1","0","0","0","","",
"62","골프연습장업","10_31_01_P","4181000","CDFH3301052002000001","2002-07-04","","01","영업/정상","13","영업중","","","","","033-241-1983","","200-937","강원특별자치도 춘천시 온의동 52-7","강원특별자치도 춘천시 영서로 2333 (온의동)","","마스터즈 골프스쿨","2023-12-11 17:38:04","U","2023-12-13 02:40:00","","262960.169188415","485250.601968188","골프연습장업","사립","","0","1","2512.82","0","","",
"63","골프연습장업","10_31_01_P","4181000","CDFH3301052004000004","2004-07-01","","01","영업/정상","13","영업중","","","","","033-253-9600","","","강원특별자치도 춘천시 동면 만천리 280-1","강원특별자치도 춘천시 동면 한솔만천로 15-3","24213","우정골프연습장","2023-12-11 17:38:41","U","2023-12-13 02:40:00","","268003.522682794","486300.856970942","골프연습장업","사립","","2","1","0","0","","",
"64","골프연습장업","10_31_01_P","4181000","CDFH3301052005000002","2005-09-08","","01","영업/정상","13","영업중","","","","","033-260-2380","","","강원특별자치도 춘천시 남산면 백양리 29-1 엘리시안 강촌","강원특별자치도 춘천시 남산면 북한강변길 688, 엘리시안 강촌","24464","엘리시안 강촌 골프연습장","2024-05-02 15:03:48","U","2024-05-04 02:40:00","","251021.728216938","480612.913126754","골프연습장업","사립","","1","1","1048.27","0","","",
"65","골프연습장업","10_31_01_P","4181000","CDFH3301052022000002","2022-05-18","","01","영업/정상","13","영업중","","","","","033-253-4310","","","강원특별자치도 춘천시 동면 장학리 751","강원특별자치도 춘천시 동면 소양강로 184, 2층","24210","피지에이(PGA) 골프클럽","2023-07-02 14:20:18","U","2023-07-04 02:40:00","","266002.607352608","489252.180131042","골프연습장업","사립","","0","0","845.2","0","","",
"66","골프연습장업","10_31_01_P","4181000","CDFH3301052022000003","2022-08-10","","01","영업/정상","13","영업중","","","","","","","","강원특별자치도 춘천시 온의동 514-1 2층 201호","강원특별자치도 춘천시 영서로2279번길 20, 가온팰리스 2층 201호 (온의동)","24436","VSE 메타골프아카데미춘천","2022-08-10 17:51:32","I","2023-06-13 00:00:00","","263316.972611291","484794.092825787","골프연습장업","사립","","0","0","4627.59","0","","",
"67","골프연습장업","10_31_01_P","4181000","CDFH3301052022000004","2022-10-13","","01","영업/정상","13","영업중","","","","","","","","강원특별자치도 춘천시 후평동 748","강원특별자치도 춘천시 춘천로 402 (후평동)","24296","행복골프훈련소 춘천점","2022-11-03 17:45:25","I","2023-06-13 00:00:00","","266067.39182578","487663.040648154","골프연습장업","사립","","0","0","0","0","","",
"68","골프연습장업","10_31_01_P","4181000","CDFH3301052016000005","2016-09-28","","01","영업/정상","13","영업중","","","","","033-912-7800","","","강원특별자치도 춘천시 후평동 현대상가 지하1층","강원특별자치도 춘천시 후석로326번길 31, 지하1층 (후평동, 현대3차아파트)","24300","오케이골프연습장","2023-12-11 17:41:50","U","2023-12-13 02:40:00","","266168.496028306","486858.459299495","골프연습장업","사립","","0","0","470.4","0","","",
"69","골프연습장업","10_31_01_P","4181000","CDFH3301052016000006","2016-10-21","","01","영업/정상","13","영업중","","","","","033-243-0777","","","강원특별자치도 춘천시 온의동 65-44","강원특별자치도 춘천시 스포츠타운길 533, 2층 (온의동)","24429","위너골프아카데미","2017-08-08 18:43:55","I","2023-06-13 00:00:00","","262808.456357804","485405.244083934","골프연습장업","사립","","0","0","1979.12","0","","",
"70","골프연습장업","10_31_01_P","4181000","CDFH3301052019000001","2019-01-29","","01","영업/정상","13","영업중","","","","","","","","강원특별자치도 춘천시 퇴계동 471-10 102호","강원특별자치도 춘천시 솟발1길 4-75, 102호 (퇴계동)","24455","장민태프로골프클리닉","2019-01-31 11:30:37","I","2023-06-13 00:00:00","","264428.421999662","483272.16466429","골프연습장업","사립","","0","0","696.45","0","","",
"71","골프연습장업","10_31_01_P","4181000","CDFH3301052010000005","2010-08-04","","01","영업/정상","13","영업중","","","","","033-251-4321","","","강원특별자치도 춘천시 동면 만천리 584-1","강원특별자치도 춘천시 동면 만천로 97, C동 1층","24216","에이스골프","2023-02-03 09:44:42","I","2023-06-13 00:00:00","","267070.411953706","486750.868868675","골프연습장업","사립","","0","0","624.42","0","","",
"72","골프연습장업","10_31_01_P","4181000","CDFH3301052011000009","2011-12-06","","01","영업/정상","13","영업중","","","","","033-263-5114","","200-943","강원특별자치도 춘천시 퇴계동 111-8","강원특별자치도 춘천시 김유정로 1852-21 (퇴계동)","","윌골프연습장","2023-12-11 17:39:55","U","2023-12-13 02:40:00","","264694.342400527","483412.932210187","골프연습장업","사립","Y","1","1","2808.2","0","","",
"73","골프연습장업","10_31_01_P","4181000","CDFH3301052007000005","2007-08-21","","01","영업/정상","13","영업중","","","","","033-261-5528","","200-934","강원특별자치도 춘천시 석사동 432","강원특별자치도 춘천시 후석로66번길 5 (석사동)","","스카이골프클럽","2021-11-16 16:01:04","I","2023-06-13 00:00:00","","265416.727996839","484394.477109351","골프연습장업","사립","","0","0","989.4","0","","",
"74","골프연습장업","10_31_01_P","4181000","CDFH3301052009000003","2009-02-26","","01","영업/정상","13","영업중","","","","","033-264-1394","","200-881","강원특별자치도 춘천시 동내면 고은리 568-31","강원특별자치도 춘천시 동내면 고은길 84-59","","호반골프랜드","2017-07-25 15:24:18","I","2023-06-13 00:00:00","","267722.048030107","482530.466911476","골프연습장업","사립","","1","1","1949.8","0","","",
"75","골프연습장업","10_31_01_P","4181000","CDFH3301051995000002","1995-03-04","","01","영업/정상","13","영업중","","","","","253-4310","","","강원특별자치도 춘천시 동면 만천리 776-1","강원특별자치도 춘천시 동면 건일길 34-28","24214","PGA골프연습장","2021-01-15 13:59:45","I","2023-06-13 00:00:00","","266522.430421073","487329.800188577","골프연습장업","사립","","0","0","0","0","","",
"76","골프연습장업","10_31_01_P","4181000","CDFH3301051996000001","1996-09-05","","01","영업/정상","13","영업중","","","","","252-7229","","200-140","강원특별자치도 춘천시 사농동 316-1","강원특별자치도 춘천시 영서로 2965 (사농동)","","육림골프연습장","2018-08-06 12:53:51","I","2023-06-13 00:00:00","","263240.354065638","490667.262820258","골프연습장업","사립","","1","0","0","0","","",
"77","골프연습장업","10_31_01_P","4181000","CDFH3301052014000002","2014-10-02","","01","영업/정상","13","영업중","","","","","264-6320","","200-883","강원특별자치도 춘천시 동내면 거두리 1044-1","강원특별자치도 춘천시 동내면 외솔길19번길 64","24401","J.승우골프아카데미","2017-10-20 13:00:26","I","2023-06-13 00:00:00","","266523.660739657","484159.741337756","골프연습장업","사립","","0","1","330.22","0","","",
"78","골프연습장업","10_31_01_P","4181000","CDFH3301052015000001","2015-01-13","","01","영업/정상","13","영업중","","","","","033-255-0419","","","강원특별자치도 춘천시 동면 만천리 280-1","강원특별자치도 춘천시 동면 한솔만천로 15-3","24213","플레잇골프아카데미","2023-02-03 09:35:42","I","2023-06-13 00:00:00","","268003.522682794","486300.856970942","골프연습장업","사립","","1","0","0","0","","",
"79","골프연습장업","10_31_01_P","4181000","CDFH3301052016000002","2016-06-09","","01","영업/정상","13","영업중","","","","","0332435907","","","강원특별자치도 춘천시 동면 장학리 43-22","강원특별자치도 춘천시 동면 춘천로 628","24213","우리골프클럽","2016-06-09 12:45:35","I","2023-06-13 00:00:00","","267948.915907738","488727.481891009","골프연습장업","사립","","0","1","1616.74","0","","",
"80","골프연습장업","10_31_01_P","4181000","CDFH3301052024000001","2024-08-22","","01","영업/정상","13","영업중","","","","","033-263-0754","","","강원특별자치도 춘천시 석사동 34-6","강원특별자치도 춘천시 세실로 100-34 (석사동)","24315","애막골프공원","2024-08-22 14:26:00","I","2024-08-24 00:13:14","","266948.100468974","485105.465671466","골프연습장업","사립","Y","0","0","1398632","0","","",
"81","골프연습장업","10_31_01_P","4181000","CDFH3301052024000002","2024-10-14","","01","영업/정상","13","영업중","","","","","","","","강원특별자치도 춘천시 칠전동 495-2","강원특별자치도 춘천시 옛경춘로 549 (칠전동)","24239","백만골프랜드","2024-12-16 09:01:12","U","2024-12-18 02:40:00","","","","골프연습장업","사립","","0","0","8294.02","0","","",
"82","골프연습장업","10_31_01_P","4181000","CDFH3301052024000003","2024-11-20","","01","영업/정상","13","영업중","","","","","","","","강원특별자치도 춘천시 칠전동 495-2","강원특별자치도 춘천시 옛경춘로 549, 5층 (칠전동)","24239","그린골프아카데미","2024-11-20 17:14:04","I","2024-11-22 00:12:13","","","","골프연습장업","사립","","0","0","8281.14","0","","",
"83","골프연습장업","10_31_01_P","4181000","CDFH3301052001000002","2001-03-17","","04","취소/말소/만료/정지/중지","35","직권말소","2009-06-25","","","","262-1185","","200-936","강원특별자치도 춘천시 석사동 809-3","강원특별자치도 춘천시 후석로 10  (석사동)","","강남PGS골프장","2009-06-25 14:58:25","I","2023-06-13 00:00:00","","264999.610634467","483966.088831635","골프연습장업","사립","","0","0","0","0","","",
"84","골프연습장업","10_31_01_P","4181000","CDFH3301052003000002","2003-08-25","","04","취소/말소/만료/정지/중지","35","직권말소","2009-06-25","","","","033-252-7737","","200-150","강원특별자치도 춘천시 우두동 1080 두미르마을 상가 지하동 101호","강원특별자치도 춘천시 충열로 29, 지하동 101호 (우두동,두미르마을 상가)","","최영환골프크리닉센터","2009-06-25 14:37:06","I","2023-06-13 00:00:00","","264244.234017805","488920.577875472","골프연습장업","사립","","0","0","0","0","","",
"85","골프연습장업","10_31_01_P","4181000","CDFH3301052004000001","2004-02-02","","04","취소/말소/만료/정지/중지","35","직권말소","2009-06-25","","","","","","200-160","강원특별자치도 춘천시 후평동 현대상가 자하1층","","","국민골프연습장","2009-06-25 15:02:18","I","2023-06-13 00:00:00","","","","골프연습장업","사립","","0","0","0","0","","",
"86","골프연습장업","10_31_01_P","4181000","CDFH3301052006000002","2006-10-04","","04","취소/말소/만료/정지/중지","35","직권말소","2011-04-15","","","","033-263-4922","","200-943","강원특별자치도 춘천시 퇴계동 1029","강원특별자치도 춘천시 지석로 88  (퇴계동)","","카펠라 골프연습장","2011-06-02 10:26:23","I","2023-06-13 00:00:00","","265484.323107091","483357.389326855","골프연습장업","사립","","0","0","0","0","","",
"87","골프연습장업","10_31_01_P","4181000","CDFH3301052006000003","2006-12-01","","04","취소/말소/만료/정지/중지","35","직권말소","2012-03-02","","","","033-262-6999","","200-972","강원특별자치도 춘천시 석사동 796-8 3층","강원특별자치도 춘천시 퇴계로 199  (석사동,3층)","","그늘집스크린골프","2012-03-05 09:24:10","I","2023-06-13 00:00:00","","265120.620884326","484091.74714327","골프연습장업","사립","","0","1","2758.56","0","","",
"88","골프연습장업","10_31_01_P","4181000","CDFH3301052016000004","2016-07-08","","04","취소/말소/만료/정지/중지","35","직권말소","2019-04-03","","","","","","","강원특별자치도 춘천시 퇴계동 1029 801호","강원특별자치도 춘천시 지석로 88, 8층 801호 (퇴계동)","24419","카펠라골프클럽","2019-04-03 11:36:38","I","2023-06-13 00:00:00","","265484.323107091","483357.389326855","골프연습장업","사립","","0","0","0","0","","",
"89","골프연습장업","10_31_01_P","4181000","CDFH3301052010000007","2010-12-03","","04","취소/말소/만료/정지/중지","35","직권말소","2019-03-29","","","","244-4900","","200-936","강원특별자치도 춘천시 석사동 809-2 2층","강원특별자치도 춘천시 후석로 12 (석사동,2층)","","현대스크린골프","2019-04-03 09:47:24","I","2023-06-13 00:00:00","","265014.296988696","483982.385169567","골프연습장업","사립","","0","1","1674.81","0","","",
"90","골프연습장업","10_31_01_P","4181000","CDFH3301052011000010","2011-12-21","","04","취소/말소/만료/정지/중지","35","직권말소","2019-04-03","","","","254-9331","","200-140","강원특별자치도 춘천시 사농동 437-14","강원특별자치도 춘천시 샘물단지길 23 (사농동)","200-140","Ground","2019-04-03 11:35:54","I","2023-06-13 00:00:00","","263347.973203833","489692.83859735","골프연습장업","사립","","0","0","599.7","50","","",
"91","골프연습장업","10_31_01_P","4181000","CDFH3301052012000001","2012-07-26","","04","취소/말소/만료/정지/중지","35","직권말소","2019-03-29","","","","257-4006","","200-957","강원특별자치도 춘천시 후평동 291-18","강원특별자치도 춘천시 공단로 18 (후평동)","200-957","골프이즈","2019-04-03 09:45:42","I","2023-06-13 00:00:00","","265906.426735809","487489.2319871","골프연습장업","사립","","0","1","0","0","","",
"92","골프연습장업","10_31_01_P","4181000","CDFH3301052007000004","2007-06-04","","04","취소/말소/만료/정지/중지","35","직권말소","2019-03-29","","","","252-4605","","200-080","강원특별자치도 춘천시 운교동 173-1","강원특별자치도 춘천시 춘천로 152 (운교동)","","홀인원스크린골프","2019-04-03 09:47:06","I","2023-06-13 00:00:00","","264265.444328896","486152.073796335","골프연습장업","사립","","0","0","0","0","","",
"93","골프연습장업","10_31_01_P","4181000","CDFH3301052007000006","2007-12-05","","04","취소/말소/만료/정지/중지","35","직권말소","2011-06-14","","","","263-0292","","200-220","강원특별자치도 춘천시 칠전동 588-7","강원특별자치도 춘천시 칠전서길 34  (칠전동)","","골프나인틴","2011-06-15 09:16:50","I","2023-06-13 00:00:00","","262679.083168578","482405.861377569","골프연습장업","사립","","0","0","0","0","","",
"94","골프연습장업","10_31_01_P","4181000","CDFH3301052008000005","2008-05-30","","04","취소/말소/만료/정지/중지","35","직권말소","2019-03-29","","","","252-0753","","200-140","강원특별자치도 춘천시 사농동 75-11","강원특별자치도 춘천시 영서로 2847-6 (사농동)","","호반스크린골프","2019-04-03 09:46:19","I","2023-06-13 00:00:00","","263589.68277014","489552.0959355","골프연습장업","사립","Y","0","1","0","0","","",
"95","골프연습장업","10_31_01_P","4181000","CDFH3301052009000005","2009-05-25","","04","취소/말소/만료/정지/중지","35","직권말소","2019-04-03","","","","","","200-853","강원특별자치도 춘천시 동면 장학리 791-197","강원특별자치도 춘천시 동면 공단로 105","","벤처스크린골프","2019-04-03 11:34:53","I","2023-06-13 00:00:00","","265742.971756253","488373.458546772","골프연습장업","사립","","0","1","0","0","","",
"96","골프연습장업","10_31_01_P","4181000","CDFH3301052009000006","2009-06-10","","04","취소/말소/만료/정지/중지","35","직권말소","2013-11-27","","","","033-263-0799","","200-972","강원특별자치도 춘천시 석사동 888-3 화인프라자 5층","강원특별자치도 춘천시 퇴계농공로 19 (석사동,화인프라자 5층)","","에이스스크린골프장","2013-11-27 14:24:21","I","2023-06-13 00:00:00","","265491.672679322","483465.568460441","골프연습장업","사립","","0","1","4864.06","0","","",
"97","골프연습장업","10_31_01_P","4191000","CDFH3301052015000009","2015-12-22","","02","휴업","02","휴업","","2021-07-15","2022-12-31","","033-748-6800","","","강원특별자치도 원주시 문막읍 동화리 342-1","강원특별자치도 원주시 문막읍 원문로 1379","26372","블루 스카이 골프클럽","2022-04-08 08:38:47","I","2023-06-13 00:00:00","","275120.848291021","425497.448689835","골프연습장업","사립","","2","1","0","0","","",
"98","골프연습장업","10_31_01_P","4191000","CDFH3301051991000002","1991-12-24","","03","폐업","03","폐업","2021-07-15","","","","742-5685","","220-120","강원특별자치도 원주시 태장동 685","강원특별자치도 원주시 현충로 74-24 (태장동)","","태장골프연습장","2021-07-28 23:32:05","I","2023-06-13 00:00:00","","284580.292156555","429480.545970398","골프연습장업","사립","","0","0","0","0","","",
"99","골프연습장업","10_31_01_P","4191000","CDFH3301051996000001","1996-03-07","","03","폐업","03","폐업","2021-07-15","","","","746-3004","","220-961","강원특별자치도 원주시 태장동 1039-5","강원특별자치도 원주시 현충로 304-35 (태장동)","","패밀리골프연습장","2021-07-28 23:33:16","I","2023-06-13 00:00:00","","284027.934333096","431210.378982896","골프연습장업","사립","","0","0","0","0","","",
"100","골프연습장업","10_31_01_P","4191000","CDFH3301051996000002","1996-09-14","","03","폐업","03","폐업","2018-11-05","","","","747-8569","","220-822","강원특별자치도 원주시 지정면 보통리 7-8","강원특별자치도 원주시 지정면 보통로 587-2","","광터골프연습장","2018-11-05 13:14:54","I","2023-06-13 00:00:00","","278792.623417225","427814.084908264","골프연습장업","사립","","0","0","0","0","","",
"101","골프연습장업","10_31_01_P","4191000","CDFH3301051999000002","1999-12-17","","03","폐업","03","폐업","2022-06-24","","","","","","220-836","강원특별자치도 원주시 소초면 흥양리 1756-1","강원특별자치도 원주시 소초면 치악로 2267","","원주그린골프연습장","2022-06-24 11:25:28","I","2023-06-13 00:00:00","","285811.878176475","431238.645226215","골프연습장업","사립","","0","0","0","0","","",
"102","골프연습장업","10_31_01_P","4191000","CDFH3301051999000003","1999-12-21","","03","폐업","03","폐업","2009-06-30","","","","734-5600","","220-170","강원특별자치도 원주시 반곡동 1438-12","","","제일골프연습장","2017-11-14 14:51:59","I","2023-06-13 00:00:00","","","","골프연습장업","사립","","0","0","0","0","","",
"103","골프연습장업","10_31_01_P","4191000","CDFH3301052000000001","2000-05-09","","03","폐업","03","폐업","2020-04-16","","","","743-9371","","220-935","강원특별자치도 원주시 단계동 282","강원특별자치도 원주시 단구로37번길 13-1 (단계동)","26424","일산파크골프클럽","2020-04-16 11:16:17","I","2023-06-13 00:00:00","","283030.314287023","427579.00391992","골프연습장업","사립","","1","1","1400","0","","",
"104","골프연습장업","10_31_01_P","4191000","CDFH3301052000000002","2000-02-21","","03","폐업","03","폐업","2016-03-15","","","","735-2727","","220-935","강원특별자치도 원주시 단계동 114-7","강원특별자치도 원주시 원문로 147  (단계동)","","원주실내골프연습장","2016-03-16 15:55:26","I","2023-06-13 00:00:00","","282551.885299834","428546.682628459","골프연습장업","사립","","0","0","0","0","","",
"105","골프연습장업","10_31_01_P","4191000","CDFH3301052008000004","2008-03-18","","03","폐업","03","폐업","2022-01-12","","","","765-8667","","","강원특별자치도 원주시 관설동 1758-1","강원특별자치도 원주시 치악고교길 91 (관설동)","26469","위너3D스크린골프","2022-01-12 11:47:12","I","2023-06-13 00:00:00","","284884.416537871","424303.299063611","골프연습장업","사립","","0","1","1098.74","0","","",
"106","골프연습장업","10_31_01_P","4191000","CDFH3301052008000005","2008-03-21","","03","폐업","03","폐업","2022-09-19","","","","734-0016","","220-965","강원특별자치도 원주시 단구동 1684-1 청솔4차(아) 지하상가","강원특별자치도 원주시 단구로 414 (단구동)","26489","홀인원골프연습장","2022-09-19 17:51:40","I","2023-06-13 00:00:00","","284480.347859303","424645.293837572","골프연습장업","사립","","0","0","0","0","","",
"107","골프연습장업","10_31_01_P","4191000","CDFH3301052008000006","2008-04-25","","03","폐업","03","폐업","2018-04-16","","","","762-0755","","220-932","강원특별자치도 원주시 개운동 451-4 한신프라자 4층","강원특별자치도 원주시 서원대로 383  (개운동,한신프라자 4층)","","제니스골프클럽","2018-04-16 10:29:14","I","2023-06-13 00:00:00","","283988.068430024","425979.3239463","골프연습장업","사립","","0","1","9922.82","0","","",
"108","골프연습장업","10_31_01_P","4191000","CDFH3301052008000007","2008-07-03","","03","폐업","03","폐업","2014-11-28","","","","","","220-940","강원특별자치도 원주시 단구동 192-5 2층","강원특별자치도 원주시 강변로 245 (단구동)","220-940","BJ 골프아카데미","2014-11-28 10:39:24","I","2023-06-13 00:00:00","","285172.86129794","425713.695297587","골프연습장업","사립","","0","1","4977.67","0","","",
"109","골프연습장업","10_31_01_P","4191000","CDFH3301052008000008","2008-07-09","","03","폐업","03","폐업","2010-12-20","","","","765-6602","","220-912","강원특별자치도 원주시 판부면 서곡리 544-1 3층","강원특별자치도 원주시 판부면 안담길 28  (3층)","","남송스크린골프","2010-12-20 17:32:10","I","2023-06-13 00:00:00","","282772.660435905","424577.438647761","골프연습장업","사립","0","0","1","1102.7","0","","",
"110","골프연습장업","10_31_01_P","4191000","CDFH3301052008000010","2008-08-21","","03","폐업","03","폐업","2014-07-03","","","","762-6868","","220-931","강원특별자치도 원주시 개운동 394-13 4층","강원특별자치도 원주시 행구로 39  (개운동,4층)","","강남스크린골프","2014-07-03 17:31:28","I","2023-06-13 00:00:00","","285018.077511564","427053.414895296","골프연습장업","사립","","0","1","1162.92","0","","",
"111","골프연습장업","10_31_01_P","4191000","CDFH3301052008000011","2008-08-26","","03","폐업","03","폐업","2022-01-12","","","","766-9222","","","강원특별자치도 원주시 단구동 173-5","강원특별자치도 원주시 치악로 1626 (단구동)","26451","백마스크린골프","2022-01-12 11:46:33","I","2023-06-13 00:00:00","","285052.428331271","425546.70669945","골프연습장업","사립","","0","1","3367.82","0","","",
"112","골프연습장업","10_31_01_P","4191000","CDFH3301052008000013","2008-09-02","","03","폐업","03","폐업","2021-02-22","","","","732-0755","","","강원특별자치도 원주시 단계동 519-5","강원특별자치도 원주시 원문로 174-4 (단계동)","26408","필스크린골프연습장","2021-02-22 11:21:00","I","2023-06-13 00:00:00","","282411.665836275","428682.155704413","골프연습장업","사립","","0","1","436.33","0","","",
"113","골프연습장업","10_31_01_P","4191000","CDFH3301052008000016","2008-12-19","","03","폐업","03","폐업","2020-12-18","","","","748-0918","","","강원특별자치도 원주시 단계동 1114-4","강원특별자치도 원주시 서원대로 117 (단계동)","26437","캐슬스크린골프장","2020-12-18 13:13:01","I","2023-06-13 00:00:00","","282006.407186476","427603.639921703","골프연습장업","사립","","0","1","1104.6","0","","",
"114","골프연습장업","10_31_01_P","4191000","CDFH3301052009000001","2009-03-02","","03","폐업","03","폐업","2011-11-10","","","","734-0550","","220-100","강원특별자치도 원주시 단계동 94-18 2층","강원특별자치도 원주시 원문로100번길 35  (단계동,2층)","","이안스크린골프","2011-11-10 15:10:29","I","2023-06-13 00:00:00","","282788.878364223","428989.32950741","골프연습장업","사립","","0","1","1450.15","0","","",
"115","골프연습장업","10_31_01_P","4191000","CDFH3301052009000002","2009-04-24","","03","폐업","03","폐업","2021-05-24","","","","743-7701","","220-150","강원특별자치도 원주시 무실동 1642-2 7층","강원특별자치도 원주시 시청로 96 (무실동)","26391","싱글스크린골프","2021-05-24 13:50:32","I","2023-06-13 00:00:00","","282212.867026178","426408.618514418","골프연습장업","사립","","0","1","4992.06","0","","",
"116","골프연습장업","10_31_01_P","4191000","CDFH3301052009000004","2009-07-30","","03","폐업","03","폐업","2014-11-28","","","","766-8889","","220-943","강원특별자치도 원주시 단구동 1514-7 4층","강원특별자치도 원주시 남원로 528-29  (단구동,4층)","","온그린 스크린골프","2014-11-28 10:43:24","I","2023-06-13 00:00:00","","284080.556681701","425707.109801663","골프연습장업","사립","","0","1","2429.28","0","","",
"117","골프연습장업","10_31_01_P","4191000","CDFH3301052009000006","2009-08-12","","03","폐업","03","폐업","2010-08-03","","","","765-9994","","220-934","강원특별자치도 원주시 관설동 1458-3 2층","","","그늘집스크린골프","2017-11-14 14:52:10","I","2023-06-13 00:00:00","","285490.794884398","424649.646861641","골프연습장업","사립","","0","0","0","0","","",
"118","골프연습장업","10_31_01_P","4191000","CDFH3301052011000001","2011-01-07","","03","폐업","03","폐업","2022-01-12","","","","764-0757","","220-934","강원특별자치도 원주시 관설동 1458-3 2층","강원특별자치도 원주시 치악로 1521 (관설동)","26471","포시즌스크린골프","2022-01-12 11:47:43","I","2023-06-13 00:00:00","","285490.794884398","424649.646861641","골프연습장업","사립","","0","1","2542.5","0","","",
"119","골프연습장업","10_31_01_P","4191000","CDFH3301052011000003","2011-10-05","","03","폐업","03","폐업","2019-11-18","","","","","","220-844","강원특별자치도 원주시 흥업면 흥업리 86 2층","강원특별자치도 원주시 흥업면 울업1길 35","220-844","흥업골프아카데미","2019-11-18 17:30:33","I","2023-06-13 00:00:00","","281824.493961962","422636.861775921","골프연습장업","사립","","0","1","109.85","10","","",
"120","골프연습장업","10_31_01_P","4191000","CDFH3301052011000004","2011-11-10","","03","폐업","03","폐업","2018-07-31","","","","763-8881","","220-912","강원특별자치도 원주시 판부면 서곡리 419-12 2층","강원특별자치도 원주시 판부면 서곡널다리길 1","26399","KJ골프","2018-07-31 15:54:12","I","2023-06-13 00:00:00","","283054.391374176","424963.889223199","골프연습장업","사립","","0","1","0","0","","",
"121","골프연습장업","10_31_01_P","4191000","CDFH3301052012000001","2012-03-20","","03","폐업","03","폐업","2022-07-05","","","","765-5858","","220-912","강원특별자치도 원주시 판부면 서곡리 134","강원특별자치도 원주시 판부면 내남송길 130","26401","명품스크린골프공원","2022-07-05 09:54:21","I","2023-06-13 00:00:00","","283737.948832825","423303.419656932","골프연습장업","사립","","0","1","0","0","","",
"122","골프연습장업","10_31_01_P","4191000","CDFH3301052012000002","2012-04-23","","03","폐업","03","폐업","2019-12-18","","","","743-4343","","220-934","강원특별자치도 원주시 관설동 1467-11","강원특별자치도 원주시 나비허리길 97 (관설동)","26471","WON골프","2019-12-19 09:09:36","I","2023-06-13 00:00:00","","285181.279091089","424902.7169001","골프연습장업","사립","","0","1","276","0","","",
"123","골프연습장업","10_31_01_P","4191000","CDFH3301052012000003","2012-09-07","","03","폐업","03","폐업","2018-04-05","","","","734-8294","","220-743","강원특별자치도 원주시 행구동 1658-4 지하1층","강원특별자치도 원주시 행구로 216-29 (행구동)","26456","현대스크린골프장","2018-04-05 15:48:12","I","2023-06-13 00:00:00","","286735.460755303","426943.776110996","골프연습장업","사립","","0","1","0","0","","",
"124","골프연습장업","10_31_01_P","4191000","CDFH3301052012000005","2012-12-21","","03","폐업","03","폐업","2021-04-26","","","","748-8207","","220-801","강원특별자치도 원주시 문막읍 동화리 1267 m프라자 501호","강원특별자치도 원주시 문막읍 왕건로 22","26368","문막스크린골프","2021-04-26 12:39:24","I","2023-06-13 00:00:00","","273589.275521485","424773.538063271","골프연습장업","사립","","0","1","4250.09","0","","",
"125","골프연습장업","10_31_01_P","4191000","CDFH3301052013000003","2013-08-06","","03","폐업","03","폐업","2021-07-15","","","","745-0515","","220-938","강원특별자치도 원주시 단계동 864","강원특별자치도 원주시 장미공원길 65 (단계동)","26436","아우디스크린골프연습장","2021-07-28 23:30:58","I","2023-06-13 00:00:00","","282279.001468689","427568.366371032","골프연습장업","사립","","0","1","11320.12","0","","",
"126","골프연습장업","10_31_01_P","4191000","CDFH3301052014000003","2014-11-27","","03","폐업","03","폐업","2020-03-13","","","","765-0788","","220-940","강원특별자치도 원주시 단구동 206-2","강원특별자치도 원주시 늘품로 171 (단구동)","26445","스타 스크린 골프","2020-03-16 10:50:24","I","2023-06-13 00:00:00","","285053.383546228","426057.869116646","골프연습장업","사립","","0","1","0","0","","",
"127","골프연습장업","10_31_01_P","4191000","CDFH3301052015000001","2015-04-03","","03","폐업","03","폐업","2022-07-06","","","","742-7007","","220-805","강원특별자치도 원주시 문막읍 반계리 574-1","강원특별자치도 원주시 문막읍 원문로 2494-5","26361","크라운 스크린골프","2022-07-06 10:44:58","I","2023-06-13 00:00:00","","268947.712294457","420231.886549887","골프연습장업","사립","","0","1","0","0","","",
"128","골프연습장업","10_31_01_P","4191000","CDFH3301052019000005","2019-09-30","","03","폐업","03","폐업","2022-03-23","","","","","","","강원특별자치도 원주시 무실동 1116-2","강원특별자치도 원주시 행가리1길 4-1, 1층 (무실동)","26396","SG스크린골프","2022-03-23 17:02:51","I","2023-06-13 00:00:00","","281360.594435656","425038.993711785","골프연습장업","사립","","0","0","0","0","","",
"129","골프연습장업","10_31_01_P","4191000","CDFH3301052021000002","2021-04-01","","03","폐업","03","폐업","2022-07-29","","","","","","","강원특별자치도 원주시 지정면 월송리 992","강원특별자치도 원주시 지정면 월송석화로 570, 1동 1층","26357","김효주 골프아카데미 스크린&연습장","2022-07-29 17:37:50","I","2023-06-13 00:00:00","","273960.165484466","434745.614152675","골프연습장업","사립","","0","0","0","0","","",
"130","골프연습장업","10_31_01_P","4191000","CDFH3301052008000002","2008-02-11","","03","폐업","03","폐업","2011-07-01","","","","766-0754","","220-940","강원특별자치도 원주시 단구동 150","","","클럽하우스스크린","2011-07-01 17:37:28","I","2023-06-13 00:00:00","","285290.780980295","425343.39539658","골프연습장업","사립","0","0","1","288","0","","",
"131","골프연습장업","10_31_01_P","4191000","CDFH3301052001000003","2001-10-26","","03","폐업","03","폐업","2021-07-15","","","","763-1462","","220-939","강원특별자치도 원주시 단계동 938","강원특별자치도 원주시 이화3길 16-8 (단계동)","","엘프골프스쿨","2021-07-28 23:31:25","I","2023-06-13 00:00:00","","282725.595075769","426596.628352692","골프연습장업","사립","","0","0","0","0","","",
"132","골프연습장업","10_31_01_P","4191000","CDFH3301052001000004","2001-10-26","","03","폐업","03","폐업","2009-07-07","","","","764-7654","","220-934","강원특별자치도 원주시 관설동 1466-23","강원특별자치도 원주시 나비허리길 111  (관설동)","","남원주실내골프연습장","2017-11-14 14:52:10","I","2023-06-13 00:00:00","","285247.445454096","424840.295630226","골프연습장업","사립","","0","0","0","0","","",
"133","골프연습장업","10_31_01_P","4191000","CDFH3301052002000001","2002-01-19","","03","폐업","03","폐업","2013-05-21","","","","763-1512","","220-948","강원특별자치도 원주시 명륜동 833-1 5층","강원특별자치도 원주시 남원로469번길 7  (명륜동,5층)","","로얄골프클럽","2013-05-21 18:14:58","I","2023-06-13 00:00:00","","283445.570846743","425455.484263598","골프연습장업","사립","","0","0","0","0","","",
"134","골프연습장업","10_31_01_P","4191000","CDFH3301052004000002","2004-01-20","","03","폐업","03","폐업","2008-08-26","","","","","","220-170","강원특별자치도 원주시 반곡동 933","","","남양골프클럽","2017-11-14 14:51:59","I","2023-06-13 00:00:00","","","","골프연습장업","사립","0","1","0","1845","0","","",
"135","골프연습장업","10_31_01_P","4191000","CDFH3301052004000003","2004-07-28","","03","폐업","03","폐업","2015-12-23","","","","766-0104","","220-932","강원특별자치도 원주시 개운동 403-17 지하1층","강원특별자치도 원주시 개운로 75  (개운동,지하1층)","","청수실내골프연습장업","2015-12-23 15:00:19","I","2023-06-13 00:00:00","","284868.126568591","426790.707419162","골프연습장업","사립","","0","0","0","0","","",
"136","골프연습장업","10_31_01_P","4191000","CDFH3301052005000001","2005-06-03","","03","폐업","03","폐업","2020-03-13","","","","","","220-090","강원특별자치도 원주시 단구동 206-2","강원특별자치도 원주시 늘품로 171 (단구동)","","강변골프연습장","2020-03-16 11:38:43","I","2023-06-13 00:00:00","","285053.383546228","426057.869116646","골프연습장업","사립","","0","0","0","0","","",
"137","골프연습장업","10_31_01_P","4191000","CDFH3301052006000001","2006-04-28","","03","폐업","03","폐업","2014-09-29","","","","","","220-935","강원특별자치도 원주시 단계동 114-7 3층","강원특별자치도 원주시 원문로 147 (단계동)","220-935","원주스크린골프","2014-09-29 11:39:04","I","2023-06-13 00:00:00","","282551.885299834","428546.682628459","골프연습장업","사립","","0","0","249.16","0","","",
"138","골프연습장업","10_31_01_P","4191000","CDFH3301052006000003","2006-02-14","","03","폐업","03","폐업","2011-03-23","","","","765-7080","","220-965","강원특별자치도 원주시 단구동 1599-1","강원특별자치도 원주시 서원대로 500  (단구동)","","알디덱스크린골프","2011-03-23 14:23:25","I","2023-06-13 00:00:00","","284754.698469142","425268.74814555","골프연습장업","사립","","0","0","252.93","0","","",
"139","골프연습장업","10_31_01_P","4191000","CDFH3301052006000004","2006-03-14","","03","폐업","03","폐업","2013-10-07","","","","731-7949","","220-120","강원특별자치도 원주시 태장동 717-7","","","스크린골프","2013-10-07 09:53:46","I","2023-06-13 00:00:00","","","","골프연습장업","사립","","0","0","163.94","0","","",
"140","골프연습장업","10_31_01_P","4191000","CDFH3301052006000006","2006-11-01","","03","폐업","03","폐업","2009-10-29","","","","7613601","","220-901","강원특별자치도 원주시 원동 58-8","강원특별자치도 원주시 일산로 87  (원동)","","한울실내골프","2009-11-03 09:20:21","I","2023-06-13 00:00:00","","284310.607277217","427610.134504226","골프연습장업","사립","0","0","0","218.19","0","","",
"141","골프연습장업","10_31_01_P","4191000","CDFH3301052007000001","2007-04-05","","03","폐업","03","폐업","2011-09-20","","","","735-8607","","220-938","강원특별자치도 원주시 단계동 850-1 지하 1층","강원특별자치도 원주시 북원로 2243  (단계동,지하 1층)","","한울실내골프연습장","2011-09-20 11:23:37","I","2023-06-13 00:00:00","","282626.802765306","427528.707150619","골프연습장업","사립","","0","1","1500.2","0","","",
"142","골프연습장업","10_31_01_P","4191000","CDFH3301052007000003","2007-11-13","","03","폐업","03","폐업","2012-10-12","","","","766-5865","","220-940","강원특별자치도 원주시 단구동 146-3 (4층)","","","스파월드골프클럽","2012-10-12 13:08:09","I","2023-06-13 00:00:00","","285269.145823877","425351.223118513","골프연습장업","사립","","0","1","3298.9","0","","",
"143","골프연습장업","10_31_01_P","4191000","CDFH3301052008000001","2008-01-30","","03","폐업","03","폐업","2013-02-05","","","","748-1872","","220-938","강원특별자치도 원주시 단계동 864","강원특별자치도 원주시 장미공원길 65  (단계동)","","타워 스크린골프","2013-02-05 10:43:06","I","2023-06-13 00:00:00","","282279.001468689","427568.366371032","골프연습장업","사립","","0","1","11320.12","0","","",
"144","골프연습장업","10_31_01_P","4191000","CDFH3301052009000010","2009-12-23","","03","폐업","03","폐업","2012-03-26","","","","735-5255","","220-801","강원특별자치도 원주시 문막읍 동화리 1534-3 3층","강원특별자치도 원주시 문막읍 왕건로 81  (3층)","","동화스크린골프","2012-03-26 17:37:14","I","2023-06-13 00:00:00","","273414.834917775","425281.993216033","골프연습장업","사립","","0","1","2115.44","0","","",
"145","골프연습장업","10_31_01_P","4191000","CDFH3301052010000001","2010-01-06","","03","폐업","03","폐업","2021-07-15","","","","735-3553","","220-050","강원특별자치도 원주시 일산동 333","강원특별자치도 원주시 단구로37번길 23 (일산동)","26434","스카이스크린골프","2021-07-28 11:26:02","I","2023-06-13 00:00:00","","283188.049257448","427571.042432854","골프연습장업","사립","","0","1","344.53","0","","",
"146","골프연습장업","10_31_01_P","4191000","CDFH3301052010000003","2010-02-05","","03","폐업","03","폐업","2025-09-26","","","","","","","강원특별자치도 원주시 단구동 1607-4","강원특별자치도 원주시 단구로 354-3 (단구동)","26487","더윈실내골프연습장","2025-09-26 13:21:53","U","2025-09-28 02:40:00","","284794.243750768","425180.671072747","골프연습장업","사립","","0","1","2290.26","0","","",
"147","골프연습장업","10_31_01_P","4191000","CDFH3301052010000004","2010-03-15","","03","폐업","03","폐업","2022-10-07","","","","","","","강원특별자치도 원주시 무실동 634-1","강원특별자치도 원주시 무실밤골길 29 (무실동)","26395","36 스포츠레져","2022-10-07 17:35:33","I","2023-06-13 00:00:00","","281824.65753892","425576.053589684","골프연습장업","사립","","0","1","345.12","0","","",
"148","골프연습장업","10_31_01_P","4191000","CDFH3301052010000013","2010-10-25","","03","폐업","03","폐업","2016-05-16","","","","764-6161","","220-912","강원특별자치도 원주시 판부면 서곡리 1998-8","강원특별자치도 원주시 판부면 매봉길 48-8","","윈&윈스크린골프","2016-05-17 15:07:22","I","2023-06-13 00:00:00","","283661.665930165","424664.250687767","골프연습장업","사립","","0","1","658.8","0","","",
"149","골프연습장업","10_31_01_P","4191000","CDFH3301052010000015","2010-11-30","","03","폐업","03","폐업","2013-03-11","","","","735-0759","","220-870","강원특별자치도 원주시 태장동 1038-3 진우아파트 상가 지하1층","강원특별자치도 원주시 현충로 282  (태장동,진우아파트 상가 지하1층)","","태장실내골프연습장","2013-03-11 14:51:55","I","2023-06-13 00:00:00","","284024.037701336","431142.908624314","골프연습장업","사립","","0","1","1461","0","","",
"150","골프연습장업","10_31_01_P","4191000","CDFH3301052015000007","2015-09-04","","03","폐업","03","폐업","2019-02-07","","","","033-765-1034","","","강원특별자치도 원주시 무실동 1857-6","강원특별자치도 원주시 능라동길 61 (무실동)","26392","N스크린골프","2019-02-07 15:27:38","I","2023-06-13 00:00:00","","282457.561821675","426197.262434883","골프연습장업","사립","","0","1","22364.15","0","","",
"151","골프연습장업","10_31_01_P","4191000","CDFH3301052016000001","2016-03-14","","03","폐업","03","폐업","2025-05-19","","","","734-0705","","","강원특별자치도 원주시 행구동 1710-1","강원특별자치도 원주시 영랑길 14 (행구동)","26456","굿샷스크린골프연습장","2025-05-20 09:13:59","U","2025-05-22 02:40:00","","286088.308120281","426988.31169605","골프연습장업","사립","","0","1","810","0","","",
"152","골프연습장업","10_31_01_P","4191000","CDFH3301052016000002","2016-06-10","","03","폐업","03","폐업","2023-12-13","","","","761-0011","","","강원특별자치도 원주시 단구동 648-42","강원특별자치도 원주시 서원대로 459-1, 1동 (단구동)","26450","본스크린골프","2023-12-13 11:31:31","U","2023-12-15 02:40:00","","284578.429514844","425519.595019639","골프연습장업","사립","","0","2","481.01","0","","",
"153","골프연습장업","10_31_01_P","4191000","CDFH3301052016000005","2016-07-07","","03","폐업","03","폐업","2022-07-06","","","","","","","강원특별자치도 원주시 지정면 월송리 1061-9 골프아카데미","강원특별자치도 원주시 지정면 오크밸리1길 67, 골프아카데미","26357","라안기획(주)","2022-07-06 12:58:38","I","2023-06-13 00:00:00","","272371.617979527","437366.522956192","골프연습장업","사립","","0","1","1308","0","","",
"154","골프연습장업","10_31_01_P","4191000","CDFH3301052016000006","2016-08-18","","03","폐업","03","폐업","2016-10-06","","","","","","","","강원특별자치도 원주시 문막읍 원문로 1379","26372","오케이온 홀인원골프","2016-10-06 17:45:55","I","2023-06-13 00:00:00","","275120.848291021","425497.448689835","골프연습장업","사립","","0","0","9978.56","0","","",
"155","골프연습장업","10_31_01_P","4191000","CDFH3301052010000016","2010-12-20","","03","폐업","03","폐업","2021-08-30","","","","765-6602","","220-912","강원특별자치도 원주시 판부면 서곡리 544-1 3층","강원특별자치도 원주시 판부면 안담길 28  (3층)","","남송실내골프연습장","2021-08-31 14:53:20","I","2023-06-13 00:00:00","","282772.660435905","424577.438647761","골프연습장업","사립","","0","1","5623.49","0","","",
"156","골프연습장업","10_31_01_P","4191000","CDFH3301052017000003","2017-12-22","","03","폐업","03","폐업","2022-01-12","","","","033-764-0799","","","강원특별자치도 원주시 반곡동 1901-1","강원특별자치도 원주시 양지로 70, 7층 (반곡동)","26462","광진스크린골프","2022-01-12 11:39:53","I","2023-06-13 00:00:00","","287297.976055779","425500.777714415","골프연습장업","사립","","0","0","17115.79","0","","",
"157","골프연습장업","10_31_01_P","4191000","CDFH3301052018000001","2018-01-30","","03","폐업","03","폐업","2024-10-24","","","","033-748-0041","","","강원특별자치도 원주시 단계동 614-4","강원특별자치도 원주시 서원대로 48-1, 1층 (단계동)","26381","강원스크린골프","2024-10-24 14:10:42","U","2024-10-26 02:40:00","","281655.37424324","428221.670231604","골프연습장업","사립","","0","1","990.42","0","","",
"158","골프연습장업","10_31_01_P","4191000","CDFH3301052018000002","2018-02-02","","03","폐업","03","폐업","2021-02-09","","","","","","","강원특별자치도 원주시 단계동 1191-5","강원특별자치도 원주시 바우골길 8, 3층 (단계동)","26379","제이스크린골프","2021-02-09 13:40:44","I","2023-06-13 00:00:00","","281253.308629373","428537.263268759","골프연습장업","사립","","0","1","2613.97","0","","",
"159","골프연습장업","10_31_01_P","4191000","CDFH3301052018000003","2018-03-23","","03","폐업","03","폐업","2022-01-12","","","","033-748-1667","","","강원특별자치도 원주시 무실동 1760-2","강원특별자치도 원주시 만대로 132, 3층 5호 (무실동)","26385","SG큐스크린골프","2022-01-12 11:45:47","I","2023-06-13 00:00:00","","281440.134165349","426267.176868584","골프연습장업","사립","","0","1","12605.14","0","","",
"160","골프연습장업","10_31_01_P","4191000","CDFH3301052018000004","2018-04-03","","03","폐업","03","폐업","2025-02-12","","","","","","","강원특별자치도 원주시 반곡동 1901-2","강원특별자치도 원주시 건강로 1, 404호 (반곡동)","26462","로데오로 스크린골프","2025-02-12 17:04:04","U","2025-02-14 02:40:00","","287330.898595898","425475.705625894","골프연습장업","사립","","0","0","9267.71","0","","",
"161","골프연습장업","10_31_01_P","4191000","CDFH3301052023000002","2023-07-26","","01","영업/정상","13","영업중","","","","","","","","강원특별자치도 원주시 지정면 월송리 1247-1","","","월송리CC 골프연습장","2024-11-14 16:50:12","U","2024-11-16 02:40:00","","","","골프연습장업","사립","","0","0","0","0","","",
"162","골프연습장업","10_31_01_P","4191000","CDFH3301051991000003","1991-12-05","","01","영업/정상","13","영업중","","","","","","","","강원특별자치도 원주시 문막읍 동화리 508-2 외 3필지","강원특별자치도 원주시 문막읍 원문로 1386-39, 문막골프연습장","26365","힐나인골프장","2024-03-21 09:24:30","U","2024-03-24 02:40:00","","274535.633419961","425443.196992821","골프연습장업","사립","","0","0","969.48","0","","",
"163","골프연습장업","10_31_01_P","4191000","CDFH3301051995000001","1995-01-07","","01","영업/정상","13","영업중","","","","","033-732-3700","","","강원특별자치도 원주시 지정면 월송리 산 2-2","강원특별자치도 원주시 지정면 신평석화로 236","26358","레스피아골프연습장","2023-01-16 14:48:21","I","2023-06-13 00:00:00","","","","골프연습장업","사립","","0","0","0","0","","",
"164","골프연습장업","10_31_01_P","4191000","CDFH3301051997000001","1997-10-02","","01","영업/정상","13","영업중","","","","","033-748-1114","","","강원특별자치도 원주시 명륜동 26","강원특별자치도 원주시 치악로 1803 (명륜동, 남부시장)","26441","에이스골프클럽","2021-06-08 13:23:28","I","2023-06-13 00:00:00","","284505.128476342","427202.926014401","골프연습장업","사립","","0","0","0","0","","",
"165","골프연습장업","10_31_01_P","4191000","CDFH3301051998000001","1998-06-27","","01","영업/정상","13","영업중","","","","","033-730-3777","","220-821","강원특별자치도 원주시 지정면 월송리 1061-9","강원특별자치도 원주시 지정면 오크밸리1길 67","26357","오크밸리 드라이빙레인지","2023-11-01 16:50:24","U","2023-11-03 02:40:00","","272371.617979527","437366.522956192","골프연습장업","사립","","2","0","0","0","","",
"166","골프연습장업","10_31_01_P","4191000","CDFH3301052008000003","2008-02-11","","01","영업/정상","13","영업중","","","","","763-0677","","","강원특별자치도 원주시 단구동 1514-3 신세계프라자","강원특별자치도 원주시 남원로 528-31, 신세계프라자 5층 (단구동)","26484","VIP실내골프연습장","2023-01-12 13:52:28","I","2023-06-13 00:00:00","","284113.35151077","425711.043713192","골프연습장업","사립","","0","1","8547.14","0","","",
"167","골프연습장업","10_31_01_P","4191000","CDFH3301052008000009","2008-07-22","","01","영업/정상","13","영업중","","","","","765-0752","","","강원특별자치도 원주시 단구동 206-2","강원특별자치도 원주시 늘품로 171 (단구동)","26445","강변스크린골프","2020-03-19 14:19:22","I","2023-06-13 00:00:00","","285053.383546228","426057.869116646","골프연습장업","사립","","0","1","1238.2","0","","",
"168","골프연습장업","10_31_01_P","4191000","CDFH3301052008000012","2008-08-29","","01","영업/정상","13","영업중","","","","","733-0707","","220-950","강원특별자치도 원주시 봉산동 830-6 1,2,3층","강원특별자치도 원주시 행구로 133-17 (봉산동)","26331","이스트힐골프연습장","2020-03-19 14:02:01","I","2023-06-13 00:00:00","","285884.151065703","427304.428753729","골프연습장업","사립","","2","1","5201.48","0","","",
"169","골프연습장업","10_31_01_P","4191000","CDFH3301052008000014","2008-10-10","","01","영업/정상","13","영업중","","","","","","","220-844","강원특별자치도 원주시 흥업면 흥업리 783","강원특별자치도 원주시 흥업면 북원로 1803","26403","가든골프","2021-06-03 17:41:50","I","2023-06-13 00:00:00","","281146.774547744","423509.555928833","골프연습장업","사립","","0","1","301.96","0","","",
"170","골프연습장업","10_31_01_P","4191000","CDFH3301052009000003","2009-07-07","","01","영업/정상","13","영업중","","","","","764-7654","","220-934","강원특별자치도 원주시 관설동 1467-11","강원특별자치도 원주시 나비허리길 97 (관설동)","26471","남원주실내골프연습장","2017-11-14 14:52:10","I","2023-06-13 00:00:00","","285181.279091089","424902.7169001","골프연습장업","사립","","0","3","276","0","","",
"171","골프연습장업","10_31_01_P","4191000","CDFH3301052009000005","2009-08-04","","01","영업/정상","13","영업중","","","","","765-0750","","","강원특별자치도 원주시 관설동 1466-24","강원특별자치도 원주시 나비허리길 111 (관설동)","26471","낭만골프아카데미","2022-07-01 13:01:33","I","2023-06-13 00:00:00","","285256.387238309","424830.778944603","골프연습장업","사립","","0","1","371.49","0","","",
"172","골프연습장업","10_31_01_P","4191000","CDFH3301052011000002","2011-02-09","","01","영업/정상","13","영업중","","","","","762-0202","","","강원특별자치도 원주시 판부면 서곡리 422-3 4층","강원특별자치도 원주시 판부면 남원로 397, 4층","26399","JJ골프스쿨","2024-03-20 09:22:48","U","2024-03-22 02:40:00","","283184.553692205","424807.053379909","골프연습장업","사립","","0","1","1339.32","0","","",
"173","골프연습장업","10_31_01_P","4191000","CDFH3301052018000005","2018-08-21","","01","영업/정상","13","영업중","","","","","033-747-0755","","","강원특별자치도 원주시 행구동 1690","강원특별자치도 원주시 영랑길 46 (행구동)","26456","행구36스크린골프","2019-02-28 16:14:40","I","2023-06-13 00:00:00","","286341.263765058","426780.773783227","골프연습장업","사립","","0","1","0","0","","",
"174","골프연습장업","10_31_01_P","4191000","CDFH3301052018000006","2018-12-26","","01","영업/정상","13","영업중","","","","","","","","강원특별자치도 원주시 무실동 1724-14","강원특별자치도 원주시 만대로 17-1 (무실동)","26383","시청앞 스크린골프","2023-09-21 16:28:03","U","2023-09-23 02:40:00","","281727.303878427","427005.239529627","골프연습장업","사립","","0","1","4906.38","0","","",
"175","골프연습장업","10_31_01_P","4191000","CDFH3301052019000001","2019-01-15","","01","영업/정상","13","영업중","","","","","","","","강원특별자치도 원주시 단구동 1597-1","강원특별자치도 원주시 서원대로 474 (단구동)","26487","더원스크린골프","2024-05-01 08:55:02","U","2024-05-03 02:40:00","","284648.412036777","425341.515487223","골프연습장업","사립","","0","0","0","0","","",
"176","골프연습장업","10_31_01_P","4191000","CDFH3301052012000004","2012-10-04","","01","영업/정상","13","영업중","","","","","766-0066","","220-912","강원특별자치도 원주시 판부면 서곡리 1991-1","강원특별자치도 원주시 판부면 매봉길 18","26399","천매스크린골프","2021-09-08 14:43:01","I","2023-06-13 00:00:00","","283505.455038303","424776.079964166","골프연습장업","사립","","0","1","1549.58","0","","",
"177","골프연습장업","10_31_01_P","4191000","CDFH3301052013000001","2013-01-09","","01","영업/정상","13","영업중","","","","","744-4158","","","강원특별자치도 원주시 명륜동 833-1","강원특별자치도 원주시 남원로469번길 7 (명륜동)","26482","마스타골프연습장","2023-01-12 15:05:19","I","2023-06-13 00:00:00","","283445.570846743","425455.484263598","골프연습장업","사립","","0","1","2815.69","0","","",
"178","골프연습장업","10_31_01_P","4191000","CDFH3301052013000002","2013-02-28","","01","영업/정상","13","영업중","","","","","766-0757","","220-965","강원특별자치도 원주시 단구동 1607-11","강원특별자치도 원주시 나비허리길 25 (단구동)","26487","OK스크린골프","2021-11-23 09:39:26","I","2023-06-13 00:00:00","","284736.365","425187.775","골프연습장업","사립","","0","1","0","0","","",
"179","골프연습장업","10_31_01_P","4191000","CDFH3301052013000004","2013-09-10","","01","영업/정상","13","영업중","","","","","733-0013","","220-937","강원특별자치도 원주시 단계동 651-1","강원특별자치도 원주시 서원대로 106 (단계동)","26381","골프존파크 봉화산스크린","2021-12-24 09:05:50","I","2023-06-13 00:00:00","","281838.569698066","427613.759606355","골프연습장업","사립","","0","1","0","0","","",
"180","골프연습장업","10_31_01_P","4191000","CDFH3301052014000001","2014-10-08","","01","영업/정상","13","영업중","","","","","735-0759","","220-961","강원특별자치도 원주시 태장동 1038-3 태백상가 지하1층","강원특별자치도 원주시 현충로 282 (태장동)","26318","sunny 골프아카데미","2020-12-04 09:07:43","I","2023-06-13 00:00:00","","284024.037701336","431142.908624314","골프연습장업","사립","","0","1","0","0","","",
"181","골프연습장업","10_31_01_P","4191000","CDFH3301052014000002","2014-10-21","","01","영업/정상","13","영업중","","","","","","","","강원특별자치도 원주시 단계동 114-7","강원특별자치도 원주시 원문로 147, 3층 (단계동)","26410","킹스스크린골프","2020-03-19 13:37:56","I","2023-06-13 00:00:00","","282551.885299834","428546.682628459","골프연습장업","사립","Y","0","1","1682.47","0","","",
"182","골프연습장업","10_31_01_P","4191000","CDFH3301052014000004","2014-12-12","","01","영업/정상","13","영업중","","","","","766-8889","","220-944","강원특별자치도 원주시 단구동 1514-7 4층","강원특별자치도 원주시 남원로 528-29 (단구동)","26484","시즌스크린골프","2022-12-27 18:00:35","I","2023-06-13 00:00:00","","284080.556681701","425707.109801663","골프연습장업","사립","","0","1","2429.28","0","","",
"183","골프연습장업","10_31_01_P","4191000","CDFH3301052015000002","2015-05-20","","01","영업/정상","13","영업중","","","","","","","220-030","강원특별자치도 원주시 학성동 737-7","강원특별자치도 원주시 강변로 733 (학성동)","26332","정지뜰스크린","2020-03-06 15:00:59","I","2023-06-13 00:00:00","","283815.386014496","430051.54211931","골프연습장업","사립","","0","1","493.4","0","","",
"184","골프연습장업","10_31_01_P","4191000","CDFH3301052015000003","2015-07-03","","01","영업/정상","13","영업중","","","","","","","220-170","강원특별자치도 원주시 반곡동 1886-1","강원특별자치도 원주시 혁신로 53 (반곡동)","26465","VTS GOLF","2017-11-14 14:51:59","I","2023-06-13 00:00:00","","286792.280579079","425060.061384448","골프연습장업","사립","","0","7","8813.95","0","","",
"185","골프연습장업","10_31_01_P","4191000","CDFH3301052019000002","2019-03-07","","01","영업/정상","13","영업중","","","","","","","","강원특별자치도 원주시 판부면 서곡리 553-18","강원특별자치도 원주시 판부면 남원로 329, 1동 3층","26398","오공오골프아카데미","2020-12-30 11:28:11","I","2023-06-13 00:00:00","","282848.550050734","424323.033371351","골프연습장업","사립","","0","1","596.84","15","","",
"186","골프연습장업","10_31_01_P","4191000","CDFH3301052019000003","2019-04-15","","01","영업/정상","13","영업중","","","","","","","","강원특별자치도 원주시 단계동 666-2","강원특별자치도 원주시 서원대로86번길 33-2, 1동 1층 (단계동)","26381","락스크린골프장","2024-12-03 14:04:01","U","2024-12-05 02:40:00","","281659.864001783","427922.970992735","골프연습장업","사립","","0","0","0","0","","",
"187","골프연습장업","10_31_01_P","4191000","CDFH3301052019000004","2019-06-05","","01","영업/정상","13","영업중","","","","","033-731-0009","","","강원특별자치도 원주시 반곡동 1903-8","강원특별자치도 원주시 미래로 37, 3층 (반곡동)","26462","똑딱똑딱 주니어골프","2023-01-12 15:43:52","I","2023-06-13 00:00:00","","287470.19065279","425459.00173669","골프연습장업","사립","","0","0","0","0","","",
"188","골프연습장업","10_31_01_P","4191000","CDFH3301052019000006","2019-11-01","","01","영업/정상","13","영업중","","","","","","","","강원특별자치도 원주시 문막읍 동화리 1541-2","강원특별자치도 원주시 문막읍 동화택지길 3-11, 1동 1층 1호","26368","동화스크린골프","2020-03-19 14:31:57","I","2023-06-13 00:00:00","","273489.192909483","424921.591881968","골프연습장업","사립","","0","0","0","0","","",
"189","골프연습장업","10_31_01_P","4191000","CDFH3301052019000007","2019-11-29","","01","영업/정상","13","영업중","","","","","","","","강원특별자치도 원주시 지정면 가곡리 1344-5","강원특별자치도 원주시 지정면 무릉로 39, 2층 201~203호","26353","GDR아카데미 원주기업도시점","2021-05-13 15:43:49","I","2023-06-13 00:00:00","","277636.492481979","430671.768589574","골프연습장업","사립","","0","1","7111.18","0","","",
"190","골프연습장업","10_31_01_P","4191000","CDFH3301052019000008","2019-12-17","","01","영업/정상","13","영업중","","","","","033-734-0088","","","강원특별자치도 원주시 반곡동 1880-10","강원특별자치도 원주시 양지로 26, 2층 201호 (반곡동)","26465","골프존파크 반곡하나로점","2019-12-17 08:49:31","I","2023-06-13 00:00:00","","286933.822944686","425186.306407447","골프연습장업","사립","","0","0","15531.48","0","","",
"191","골프연습장업","10_31_01_P","4191000","CDFH3301052019000009","2019-12-18","","01","영업/정상","13","영업중","","","","","033-761-3134","","","강원특별자치도 원주시 반곡동 1880-10","강원특별자치도 원주시 양지로 26, 202호 (반곡동)","26465","프라임 스크린","2019-12-18 09:19:34","I","2023-06-13 00:00:00","","286933.822944686","425186.306407447","골프연습장업","사립","","0","0","15531.48","0","","",
"192","골프연습장업","10_31_01_P","4191000","CDFH3301052020000001","2020-04-17","","01","영업/정상","13","영업중","","","","","033-743-3371","","","강원특별자치도 원주시 단계동 282","강원특별자치도 원주시 단구로37번길 13-1 (단계동)","26424","일산파크골프클럽","2023-11-03 10:57:31","U","2023-11-05 02:40:00","","283030.314287023","427579.00391992","골프연습장업","사립","","1","0","0","0","","",
"193","골프연습장업","10_31_01_P","4191000","CDFH3301052020000002","2020-06-24","","01","영업/정상","13","영업중","","","","","","","","강원특별자치도 원주시 지정면 가곡리 1349-2","강원특별자치도 원주시 지정면 신지정로 172, 6층 604,605호","26353","이동규골프아카데미QED","2025-07-22 13:58:07","U","2025-07-24 02:40:00","","277670.173420342","430623.032728189","골프연습장업","사립","","0","0","0","0","","",
"194","골프연습장업","10_31_01_P","4191000","CDFH3301052021000001","2021-02-02","","01","영업/정상","13","영업중","","","","","033-747-5999","","","강원특별자치도 원주시 반곡동 1905-6","강원특별자치도 원주시 황금로 26, 2층 203, 204호 (반곡동)","26462","에스디(SD)골프아카데미","2021-02-02 12:59:39","I","2023-06-13 00:00:00","","287642.57502163","425446.664938638","골프연습장업","사립","","0","1","4490.97","0","","",
"195","골프연습장업","10_31_01_P","4191000","CDFH3301052021000003","2021-05-28","","01","영업/정상","13","영업중","","","","","033-734-0072","","","강원특별자치도 원주시 반곡동 1924-16","강원특별자치도 원주시 황금로 33 (반곡동)","26462","행복골프훈련소","2023-01-18 15:03:05","I","2023-06-13 00:00:00","","287705.08060052","425505.954001258","골프연습장업","사립","","0","1","435.13","0","","",
"196","골프연습장업","10_31_01_P","4191000","CDFH3301052021000004","2021-07-23","","01","영업/정상","13","영업중","","","","","","","","강원특별자치도 원주시 반곡동 1880-9","강원특별자치도 원주시 양지로 20, 213호 (반곡동)","26465","디자인골프스튜디오 2호점","2023-10-20 13:31:55","U","2023-10-22 02:40:00","","286882.134009462","425165.486704147","골프연습장업","사립","","0","1","6585.29","0","","",
"197","골프연습장업","10_31_01_P","4191000","CDFH3301052021000005","2021-09-30","","01","영업/정상","13","영업중","","","","","","","","강원특별자치도 원주시 반곡동 1905-6","강원특별자치도 원주시 황금로 26, 201,202호 (반곡동)","26462","VSE 원주점","2024-06-26 14:24:49","U","2024-06-28 02:40:00","","287642.57502163","425446.664938638","골프연습장업","사립","","0","1","4490.97","0","","",
"198","골프연습장업","10_31_01_P","4191000","CDFH3301052022000001","2022-02-04","","01","영업/정상","13","영업중","","","","","033-745-3332","","","강원특별자치도 원주시 무실동 1723-1 매머드시티 무실 4차","강원특별자치도 원주시 만대로 17, 매머드시티 무실 4차 6층 601호 (무실동)","26383","똑딱똑딱 골프아카데미","2023-11-03 10:51:23","U","2023-11-05 02:40:00","","281770.152579026","427039.423947774","골프연습장업","사립","","0","0","0","0","","",
"199","골프연습장업","10_31_01_P","4191000","CDFH3301052004000001","2004-01-20","","01","영업/정상","13","영업중","","","","","765-6601","","","강원특별자치도 원주시 판부면 서곡리 544-1 남송골프클럽","강원특별자치도 원주시 판부면 안담길 28, 남송골프클럽","26398","남송골프연습장","2023-11-03 10:55:19","U","2023-11-05 02:40:00","","282772.660435905","424577.438647761","골프연습장업","사립","","2","0","0","0","","",
"200","골프연습장업","10_31_01_P","4191000","CDFH3301052006000002","2006-05-23","","01","영업/정상","13","영업중","","","","","743-6622","","220-944","강원특별자치도 원주시 단구동 1589-3 웰러스아파트 상가(지하)","강원특별자치도 원주시 단구로 424 (단구동)","26489","세경골프존","2021-07-12 13:29:51","I","2023-06-13 00:00:00","","284269.03323089","424723.500392508","골프연습장업","사립","","0","0","673.92","0","","",
"201","골프연습장업","10_31_01_P","4191000","CDFH3301052006000005","2006-03-24","","01","영업/정상","13","영업중","","","","","747-8002","","","강원특별자치도 원주시 호저면 만종리 495-1","강원특별자치도 원주시 호저면 원문로 484","26349","원주센추리스크린골프","2020-03-19 14:04:25","I","2023-06-13 00:00:00","","280270.893512949","429169.373513481","골프연습장업","사립","","0","0","297.5","0","","",
"202","골프연습장업","10_31_01_P","4191000","CDFH3301052006000007","2006-12-08","","01","영업/정상","13","영업중","","","","","761-0606","","","강원특별자치도 원주시 단구동 192-5","강원특별자치도 원주시 강변로 245, 2층 (단구동)","26451","아쿠아랜드골프연습장","2023-10-30 10:51:20","U","2023-11-01 02:40:00","","285172.86129794","425713.695297587","골프연습장업","사립","","0","0","5199.12","0","","",
"203","골프연습장업","10_31_01_P","4191000","CDFH3301052007000004","2007-12-05","","01","영업/정상","13","영업중","","","","","","","","강원특별자치도 원주시 단구동 1599-4 원주프리미엄아울렛","강원특별자치도 원주시 서원대로 500, 원주프리미엄아울렛 5층 504호 (단구동)","26487","아울렛골프연습장","2018-06-01 09:31:00","I","2023-06-13 00:00:00","","284818.874360771","425225.032426821","골프연습장업","사립","","0","1","3887","0","","",
"204","골프연습장업","10_31_01_P","4191000","CDFH3301052009000008","2009-12-03","","01","영업/정상","13","영업중","","","","","761-1666","","","강원특별자치도 원주시 관설동 1271-3","강원특별자치도 원주시 치악로 1365-11, 2,3,4층 (관설동)","26470","원주골프타운","2021-01-06 11:39:55","I","2023-06-13 00:00:00","","286405.365682268","423254.519421857","골프연습장업","사립","","2","1","1967.66","0","","",
"205","골프연습장업","10_31_01_P","4191000","CDFH3301052009000009","2009-12-23","","01","영업/정상","13","영업중","","","","","742-7055","","","강원특별자치도 원주시 단계동 651-1","강원특별자치도 원주시 서원대로 106 (단계동)","26381","봉화산골프클럽","2021-03-15 17:21:03","I","2023-06-13 00:00:00","","281838.569698066","427613.759606355","골프연습장업","사립","","2","1","0","0","","",
"206","골프연습장업","10_31_01_P","4191000","CDFH3301052010000002","2010-01-13","","01","영업/정상","13","영업중","","","","","765-0090","","","강원특별자치도 원주시 명륜동 283-6","강원특별자치도 원주시 남원로602번길 4 (명륜동)","26446","원스크린골프","2021-06-08 13:24:36","I","2023-06-13 00:00:00","","284180.539466985","426501.638353047","골프연습장업","사립","","0","1","364.5","0","","",
"207","골프연습장업","10_31_01_P","4191000","CDFH3301052010000006","2010-04-29","","01","영업/정상","13","영업중","","","","","745-1149","","","강원특별자치도 원주시 문막읍 건등리 200-6 3층","강원특별자치도 원주시 문막읍 원문로 1595, 3층","26371","준골프","2023-01-12 15:02:43","I","2023-06-13 00:00:00","","273758.895708562","424589.879088438","골프연습장업","사립","","0","1","2784.56","0","","",
"208","골프연습장업","10_31_01_P","4191000","CDFH3301052010000007","2010-05-07","","01","영업/정상","13","영업중","","","","","769-8114","","220-170","강원특별자치도 원주시 반곡동 1401-10 1층, 2층","강원특별자치도 원주시 동부순환로 200 (반곡동)","26460","호텔인터불고원주골프연습장","2023-11-01 16:46:23","U","2023-11-03 02:40:00","","286272.710008855","426045.161207519","골프연습장업","사립","","0","1","1039.89","0","","",
"209","골프연습장업","10_31_01_P","4191000","CDFH3301052010000008","2010-07-12","","01","영업/정상","13","영업중","","","","","764-2372","","","강원특별자치도 원주시 판부면 서곡리 134","강원특별자치도 원주시 판부면 내남송길 130","26401","명품실내골프연습장","2023-01-12 15:01:33","I","2023-06-13 00:00:00","","283737.948832825","423303.419656932","골프연습장업","사립","","0","1","858.6","0","","",
"210","골프연습장업","10_31_01_P","4191000","CDFH3301052010000009","2010-08-02","","01","영업/정상","13","영업중","","","","","765-9994","","","강원특별자치도 원주시 단구동 1610-3","강원특별자치도 원주시 단구로 354-23 (단구동)","26487","휴스크린골프","2020-03-19 14:26:53","I","2023-06-13 00:00:00","","284646.895","425280.09","골프연습장업","사립","","0","1","1087","0","","",
"211","골프연습장업","10_31_01_P","4191000","CDFH3301052010000010","2010-08-11","","01","영업/정상","13","영업중","","","","","764-3600","","","강원특별자치도 원주시 흥업면 흥업리 727-1","강원특별자치도 원주시 흥업면 남원로 111-17","26403","동진스크린골프존","2020-08-13 17:17:47","I","2023-06-13 00:00:00","","281405.340080581","423156.848179088","골프연습장업","사립","","0","1","1062","0","","",
"212","골프연습장업","10_31_01_P","4191000","CDFH3301052010000011","2010-09-16","","01","영업/정상","13","영업중","","","","","","","","강원특별자치도 원주시 관설동 1398","강원특별자치도 원주시 시청로 526 (관설동)","26470","7299 스크린골프","2023-01-12 15:07:08","I","2023-06-13 00:00:00","","285552.281783233","424089.538788792","골프연습장업","사립","","0","1","336.6","0","","",
"213","골프연습장업","10_31_01_P","4191000","CDFH3301052010000012","2010-10-05","","01","영업/정상","13","영업중","","","","","748-2200","","","강원특별자치도 원주시 문막읍 동화리 1534-5","강원특별자치도 원주시 문막읍 동화초교길 4","26367","무궁화스크린골프","2020-03-19 13:46:45","I","2023-06-13 00:00:00","","273368.428041795","425289.611327018","골프연습장업","사립","","0","1","391.18","0","","",
"214","골프연습장업","10_31_01_P","4191000","CDFH3301052010000014","2010-11-12","","01","영업/정상","13","영업중","","","","","734-3000","","","강원특별자치도 원주시 판부면 서곡리 55-1","강원특별자치도 원주시 판부면 서곡길 191-2, 2층","26401","(합)제일골프연습장","2025-06-23 10:46:40","U","2025-06-25 02:40:00","","283966.133006297","422863.879819479","골프연습장업","사립","","2","1","4308","0","","",
"215","골프연습장업","10_31_01_P","4191000","CDFH3301052015000006","2015-08-13","","01","영업/정상","13","영업중","","","","","748-1300","","","강원특별자치도 원주시 단계동 114-7","강원특별자치도 원주시 원문로 147 (단계동)","26410","킹스스크린골프","2018-01-24 11:41:27","I","2023-06-13 00:00:00","","282551.885299834","428546.682628459","골프연습장업","사립","","0","0","1682.47","0","","",
"216","골프연습장업","10_31_01_P","4191000","CDFH3301052015000008","2015-11-19","","01","영업/정상","13","영업중","","","","","765-6115","","","강원특별자치도 원주시 관설동 1765-1","강원특별자치도 원주시 치악고교길 71 (관설동)","26469","아삭실내골프연습장","2018-03-22 17:26:21","I","2023-06-13 00:00:00","","285019.490397209","424247.995974738","골프연습장업","사립","","0","1","534.56","0","","",
"217","골프연습장업","10_31_01_P","4191000","CDFH3301052016000003","2016-07-01","","01","영업/정상","13","영업중","","","","","734-8126","","","강원특별자치도 원주시 태장동 325-1","강원특별자치도 원주시 치악로 2200 (태장동)","26323","태장실내골프클럽","2021-07-12 10:09:41","I","2023-06-13 00:00:00","","","","골프연습장업","사립","","1","1","3182.06","0","","",
"218","골프연습장업","10_31_01_P","4191000","CDFH3301052016000004","2016-07-04","","01","영업/정상","13","영업중","","","","","033-734-8126","","","강원특별자치도 원주시 태장동 325-1","강원특별자치도 원주시 치악로 2200, 2,3층 (태장동)","26323","태장골프클럽","2021-01-06 11:44:55","I","2023-06-13 00:00:00","","","","골프연습장업","사립","","0","1","3182.06","0","","",
"219","골프연습장업","10_31_01_P","4191000","CDFH3301052022000002","2022-02-10","","01","영업/정상","13","영업중","","","","","033-742-1206","","","강원특별자치도 원주시 무실동 1722-7","강원특별자치도 원주시 만대로 5-2, 1층 (무실동)","26383","QED 골프아카데미 연습장","2023-11-01 16:58:53","U","2023-11-03 02:40:00","","281885.204989965","426916.475438448","골프연습장업","사립","","1","0","0","0","","",
"220","골프연습장업","10_31_01_P","4191000","CDFH3301052022000003","2022-05-18","","01","영업/정상","13","영업중","","","","","","","","강원특별자치도 원주시 단구동 997-6","강원특별자치도 원주시 남원로534번길 64, 3층 302/303호 (단구동)","26485","브라보퍼블릭골프","2025-09-05 10:33:40","U","2025-09-07 02:40:00","","284310.250897042","425529.166771353","골프연습장업","사립","","0","0","4539.63","0","","",
"221","골프연습장업","10_31_01_P","4191000","CDFH3301052022000004","2022-06-14","","01","영업/정상","13","영업중","","","","","","","","강원특별자치도 원주시 지정면 가곡리 1298-7 더시티","강원특별자치도 원주시 지정면 기업도시로 229, 더시티 3층","26355","더 스크린골프&승마","2022-06-14 15:22:27","I","2023-06-13 00:00:00","","277024.860002416","430250.183155195","골프연습장업","사립","","0","1","8233.86","0","","",
"222","골프연습장업","10_31_01_P","4191000","CDFH3301052022000005","2022-08-17","","01","영업/정상","13","영업중","","","","","","","","강원특별자치도 원주시 단계동 505-5","강원특별자치도 원주시 봉화로 146, 2층 (단계동)","26408","딤플스톤골프","2022-08-17 13:41:28","I","2023-06-13 00:00:00","","282231.884119757","428785.88441057","골프연습장업","사립","","0","1","895.2","0","","",
"223","골프연습장업","10_31_01_P","4191000","CDFH3301052022000006","2022-09-05","","01","영업/정상","13","영업중","","","","","","","","강원특별자치도 원주시 무실동 1726-3","강원특별자치도 원주시 만대공원길 58 (무실동)","26383","더마블골프스튜디오","2022-12-13 17:09:29","I","2023-06-13 00:00:00","","281913.784104386","426782.858776439","골프연습장업","사립","","0","1","321.6","0","","",
"224","골프연습장업","10_31_01_P","4191000","CDFH3301052023000001","2023-05-19","","01","영업/정상","13","영업중","","","","","","","","강원특별자치도 원주시 무실동 947-5 204호","강원특별자치도 원주시 북원로 1837, 자매빌딩 2층 204호 (무실동)","26396","클래시 골프 라운지(CLASSY GOLF LOUNGE)","2023-05-19 10:59:56","I","2023-06-13 00:00:00","","281123.487671478","423824.520780235","골프연습장업","사립","","0","0","1696.57","0","","",
"225","골프연습장업","10_31_01_P","4191000","CDFH3301052016000007","2016-09-29","","01","영업/정상","13","영업중","","","","","7330706","","","강원특별자치도 원주시 무실동 1880-8","강원특별자치도 원주시 솔우물2길 31-1 (무실동)","26394","주니어골프","2020-03-19 13:32:29","I","2023-06-13 00:00:00","","282452.851915423","425302.487399877","골프연습장업","사립","","0","0","0","0","","",
"226","골프연습장업","10_31_01_P","4191000","CDFH3301052017000001","2017-02-08","","01","영업/정상","13","영업중","","","","","","","","강원특별자치도 원주시 단구동 1606-1","강원특별자치도 원주시 단구로 349, 2층 (단구동)","26490","찬스스크린골프","2024-03-11 09:20:53","U","2024-03-13 02:40:00","","284904.946575343","425163.253412899","골프연습장업","사립","","0","0","1317.88","0","","",
"227","골프연습장업","10_31_01_P","4191000","CDFH3301052017000002","2017-09-21","","01","영업/정상","13","영업중","","","","","033-733-1433","","","강원특별자치도 원주시 반곡동 1901-2","강원특별자치도 원주시 건강로 1, 401호 (반곡동)","26462","혁신 스크린 골프","2024-10-31 13:49:25","U","2024-11-02 02:40:00","","287330.898595898","425475.705625894","골프연습장업","사립","","0","1","9267.71","0","","",
"228","골프연습장업","10_31_01_P","4191000","CDFH3301052015000004","2015-07-16","","01","영업/정상","13","영업중","","","","","7660753","","220-940","강원특별자치도 원주시 단구동 223-1","강원특별자치도 원주시 치악로 1692 (단구동)","26445","통일스크린 Aca","2015-07-16 18:14:17","I","2023-06-13 00:00:00","","285107.912235279","426332.77495312","골프연습장업","사립","","0","1","2765.06","0","","",
"229","골프연습장업","10_31_01_P","4191000","CDFH3301051991000001","1991-11-26","","01","영업/정상","13","영업중","","","","","735-8008","","","강원특별자치도 원주시 행구동 113 1층, 2층","강원특별자치도 원주시 고문골길 104-11, 1, 2층 (행구동)","26455","치악골프연습장","2024-04-05 13:48:04","U","2024-04-07 02:40:00","","289314.726635915","426541.215502371","골프연습장업","사립","","0","1","495.73","0","","",
"230","골프연습장업","10_31_01_P","4191000","CDFH3301052025000002","2025-09-08","","01","영업/정상","13","영업중","","","","","","","","강원특별자치도 원주시 단구동 192-5","강원특별자치도 원주시 강변로 245 (단구동)","26451","아쿠아랜드 스크린골프존","2025-09-08 08:57:18","I","2025-09-10 00:20:53","","285172.86129794","425713.695297587","골프연습장업","사립","","0","0","0","0","","",
"231","골프연습장업","10_31_01_P","4191000","CDFH3301052025000001","2025-04-08","","01","영업/정상","13","영업중","","","","","","","","강원특별자치도 원주시 무실동 1855-1","강원특별자치도 원주시 능라동길 48, 203호 (무실동)","26392","행복골프훈련소 무실점","2025-04-08 17:32:12","I","2025-04-10 00:11:01","","282343.667001806","426218.865846713","골프연습장업","사립","","0","0","8838.21","0","","",
"232","골프연습장업","10_31_01_P","4191000","CDFH3301052023000005","2023-10-20","","01","영업/정상","13","영업중","","","","","","","","강원특별자치도 원주시 반곡동 1880-9","강원특별자치도 원주시 양지로 20, 212호 (반곡동)","26465","디자인골프스튜디오 1호점","2024-11-14 16:44:46","U","2024-11-16 02:40:00","","286882.134009462","425165.486704147","골프연습장업","사립","","0","0","1826.44","0","","",
"233","골프연습장업","10_31_01_P","4191000","CDFH3301052023000003","2023-10-11","","01","영업/정상","13","영업중","","","","","","","","강원특별자치도 원주시 무실동 1108-1","강원특별자치도 원주시 행가리1길 6, 2동 지하 1층 (무실동)","26396","맨해튼(MANHATTAN) 골프러닝센터","2023-10-11 10:10:53","I","2023-10-13 00:17:42","","281333.659658756","424977.510212009","골프연습장업","사립","","0","3","1708.7","0","","",
"234","골프연습장업","10_31_01_P","4191000","CDFH3301052023000004","2023-10-19","","01","영업/정상","13","영업중","","","","","033-745-0050","","","강원특별자치도 원주시 행구동 1600-6","강원특별자치도 원주시 행구로 201, 3층 302호 (행구동)","26454","배프로 골프 클리닉","2023-10-19 17:55:31","I","2023-10-21 00:17:43","","286644.506904631","427337.890135519","골프연습장업","사립","","0","0","2744.45","0","","",
"235","골프연습장업","10_31_01_P","4191000","CDFH3301051992000001","1992-02-25","","04","취소/말소/만료/정지/중지","35","직권말소","2020-01-13","","","","744-9626","","220-130","강원특별자치도 원주시 우산동 산 13-1","","","우산PGA골프연습장","2020-01-14 14:48:40","I","2023-06-13 00:00:00","","282620.797304133","430855.018850727","골프연습장업","사립","","0","0","0","0","","",
"236","골프연습장업","10_31_01_P","4191000","CDFH3301051992000002","1992-06-15","","04","취소/말소/만료/정지/중지","35","직권말소","2020-01-13","","","","","","220-962","강원특별자치도 원주시 가현동 266-2","강원특별자치도 원주시 가치래미길 30 (가현동)","26314","가현골프연습장","2020-01-14 14:44:53","I","2023-06-13 00:00:00","","283268.253226002","433059.492602013","골프연습장업","사립","","0","0","0","0","","",
"237","골프연습장업","10_31_01_P","4191000","CDFH3301052001000002","2001-09-17","","04","취소/말소/만료/정지/중지","35","직권말소","2020-01-13","","","","732-5006","","220-938","강원특별자치도 원주시 단계동 873","강원특별자치도 원주시 서원대로 165-3 (단계동)","","테크노프라자실내골프연습장","2020-01-14 14:47:00","I","2023-06-13 00:00:00","","282315.673637127","427402.924552547","골프연습장업","사립","","0","0","0","0","","",
"238","골프연습장업","10_31_01_P","4191000","CDFH3301052004000004","2004-09-24","","04","취소/말소/만료/정지/중지","35","직권말소","2020-01-13","","","","","","220-904","강원특별자치도 원주시 중앙동 118-3","강원특별자치도 원주시 중앙로 89 (중앙동)","","중앙실내골프연습장","2020-01-14 14:47:39","I","2023-06-13 00:00:00","","284197.652019478","427853.824725072","골프연습장업","사립","","0","0","318","0","","",
"239","골프연습장업","10_31_01_P","4191000","CDFH3301052007000002","2007-06-14","","04","취소/말소/만료/정지/중지","35","직권말소","2020-01-13","","","","","","220-947","강원특별자치도 원주시 명륜동 275-8 4층","","","허준골프아카데미","2020-01-14 14:49:18","I","2023-06-13 00:00:00","","","","골프연습장업","사립","","0","1","1581.48","0","","",
"240","골프연습장업","10_31_01_P","4191000","CDFH3301052009000007","2009-11-03","","04","취소/말소/만료/정지/중지","35","직권말소","2020-01-13","","","","761-3603","","220-948","강원특별자치도 원주시 명륜동 705 명륜2차아파트상가(지하1층)","강원특별자치도 원주시 예술관길 25 (명륜동)","26481","한울골프연습장","2020-01-14 14:45:59","I","2023-06-13 00:00:00","","283422.748540837","425961.551802728","골프연습장업","사립","","0","1","343.06","0","","",
"241","골프연습장업","10_31_01_P","4201000","CDFH3301052010000007","2010-08-05","","02","휴업","02","휴업","","2010-11-10","2011-11-09","","","","210-803","강원특별자치도 강릉시 주문진읍 교항리 107","강원특별자치도 강릉시 주문진읍 신리천로 59","210-803","삼우 스크린 연습장","2012-12-14 10:06:22","I","2023-06-13 00:00:00","","360455.518499551","488343.824533852","골프연습장업","사립","","0","1","980.14","0","","",
"242","골프연습장업","10_31_01_P","4201000","CDFH3301052007000002","2007-11-08","","03","폐업","03","폐업","2014-01-28","","","","651-9966","","210-940","강원특별자치도 강릉시 포남동 1291-5 4층","강원특별자치도 강릉시 하평2길 11 (포남동)","210-953","청송스크린골프","2014-01-28 17:46:34","I","2023-06-13 00:00:00","","368417.209372072","476028.213714532","골프연습장업","사립","","0","0","3661.43","0","","",
"243","골프연습장업","10_31_01_P","4201000","CDFH3301052007000003","2007-11-16","","03","폐업","03","폐업","2015-04-23","","","","661-6901","","210-800","강원특별자치도 강릉시 주문진읍 주문리 329-45 3층","강원특별자치도 강릉시 주문진읍 연주로 448-5","210-800","골프존파크","2015-04-03 13:54:21","I","2023-06-13 00:00:00","","360475.835435398","489305.022208532","골프연습장업","사립","","0","0","2233.12","0","","",
"244","골프연습장업","10_31_01_P","4201000","CDFH3301052008000001","2008-01-21","","03","폐업","03","폐업","2014-07-17","","","","645-3234","","210-924","강원특별자치도 강릉시 교동 1891-10","강원특별자치도 강릉시 정원로 68 (교동)","210-924","JM스크린&골프연습장","2014-07-17 15:39:54","I","2023-06-13 00:00:00","","365108.468763214","475017.509550798","골프연습장업","사립","","0","0","0","0","","",
"245","골프연습장업","10_31_01_P","4201000","CDFH3301052008000002","2008-03-27","","03","폐업","03","폐업","2016-12-27","","","","033-651-3004","","210-943","강원특별자치도 강릉시 포남동 1110 1층","강원특별자치도 강릉시 강릉대로 337-10 (포남동,1층)","","골프19(강릉점,스크린)","2016-12-27 17:58:49","I","2023-06-13 00:00:00","","367667.105149393","475493.723290774","골프연습장업","사립","","0","1","808.92","0","","",
"246","골프연습장업","10_31_01_P","4201000","CDFH3301052008000003","2008-03-28","","03","폐업","03","폐업","2014-12-18","","","","033-641-2112","","210-924","강원특별자치도 강릉시 교동 1889-5 4층","강원특별자치도 강릉시 정원로 42 (교동,4층)","","그린힐골프존파크(스크린)","2019-05-21 20:16:40","I","2023-06-13 00:00:00","","365348.467973226","474965.084785798","골프연습장업","사립","","0","0","1914.74","0","","",
"247","골프연습장업","10_31_01_P","4201000","CDFH3301052008000004","2008-04-04","","03","폐업","03","폐업","2021-12-09","","","","652-7733","","210-140","강원특별자치도 강릉시 송정동 1046-18 1층, 4층","강원특별자치도 강릉시 경강로2408번길 62-6  (송정동,1층, 4층)","","그린실내골프연습장","2021-12-09 16:11:07","I","2023-06-13 00:00:00","","369883.183928244","476319.957568199","골프연습장업","사립","0","0","0","1258.9","0","","",
"248","골프연습장업","10_31_01_P","4201000","CDFH3301052008000005","2008-04-11","","03","폐업","03","폐업","2019-04-02","","","","033-651-0705","","210-150","강원특별자치도 강릉시 견소동 230","강원특별자치도 강릉시 경강로 2572  (견소동)","","버치힐스크린골프(스크린)","2019-04-02 18:05:08","I","2023-06-13 00:00:00","","370896.729673784","476287.214145561","골프연습장업","사립","0","0","0","1322.95","0","","",
"249","골프연습장업","10_31_01_P","4201000","CDFH3301052008000006","2008-05-23","","03","폐업","03","폐업","2016-01-20","","","","641-6633","","210-943","강원특별자치도 강릉시 포남동 1142 7층","강원특별자치도 강릉시 용지각길38번길 4  (포남동,7층)","","영동개발(주)(스크린)","2016-01-20 17:31:59","I","2023-06-13 00:00:00","","368001.269679426","475043.49356145","골프연습장업","사립","0","0","0","3503.19","0","","",
"250","골프연습장업","10_31_01_P","4201000","CDFH3301052009000001","2009-06-12","","03","폐업","03","폐업","2011-03-31","","","","033-647-7080","","210-923","강원특별자치도 강릉시 교동 866-14 2층","강원특별자치도 강릉시 강릉대로 179 (교동,2층)","","교동실내골프연습장","2019-05-21 19:58:42","I","2023-06-13 00:00:00","","366490.774180358","474486.283409914","골프연습장업","사립","","0","1","599.04","0","","",
"251","골프연습장업","10_31_01_P","4201000","CDFH3301052000000001","2000-04-14","","03","폐업","03","폐업","2012-01-26","","","","641-4055","","210-943","강원특별자치도 강릉시 포남동 1157-6","강원특별자치도 강릉시 경강로2267번길 18 (포남동)","210-955","최승도 골프연습장","2012-01-26 17:37:42","I","2023-06-13 00:00:00","","368086.994959333","475551.070739857","골프연습장업","사립","","0","0","0","0","","",
"252","골프연습장업","10_31_01_P","4201000","CDFH3301052000000002","2000-01-13","","03","폐업","03","폐업","2009-01-28","","","","646-3394","","210-924","강원특별자치도 강릉시 교동 1867-3","강원특별자치도 강릉시 솔올로 44  (교동)","","영동실내골프연습장(실내)","2009-01-28 16:37:31","I","2023-06-13 00:00:00","","365455.211049344","475358.02300517","골프연습장업","사립","0","0","0","0","0","","",
"253","골프연습장업","10_31_01_P","4201000","CDFH3301052000000003","2000-12-29","","03","폐업","03","폐업","2012-02-08","","","","645-4449","","210-040","강원특별자치도 강릉시 성내동 12-1","강원특별자치도 강릉시 임영로116번길 1 (성내동)","210-040","골프아카데미(실내)","2012-02-08 09:45:04","I","2023-06-13 00:00:00","","366855.132212567","473872.958967093","골프연습장업","사립","","0","0","0","0","","",
"254","골프연습장업","10_31_01_P","4201000","CDFH3301052001000001","2001-04-20","","03","폐업","03","폐업","2003-03-18","","","","643-8941","","210-050","강원특별자치도 강릉시 성남동 105-1","강원특별자치도 강릉시 금성로 41 (성남동)","","PGA골프아카데미(실내)","2019-05-21 19:44:45","I","2023-06-13 00:00:00","","367069.470086189","473930.28557202","골프연습장업","사립","","0","0","3645.57","0","","",
"255","골프연습장업","10_31_01_P","4201000","CDFH3301051990000001","1990-06-27","","03","폐업","03","폐업","1996-07-01","","","","653-5500","","210-140","강원특별자치도 강릉시 송정동 331-8","강원특별자치도 강릉시 해안로 171 (송정동)","25557","송정골프연습장(실외)","2019-05-21 18:48:01","I","2023-06-13 00:00:00","","369888.206462472","477363.566752635","골프연습장업","사립","","0","0","0","0","","",
"256","골프연습장업","10_31_01_P","4201000","CDFH3301051992000001","1992-07-24","","03","폐업","03","폐업","2005-11-28","","","","","","210-861","강원특별자치도 강릉시 연곡면 영진리 353-11","강원특별자치도 강릉시 연곡면 영진3길 8-2","210-861","주문진골프연습장(실외)","2013-12-18 14:03:05","I","2023-06-13 00:00:00","","361700.089714742","486941.871436997","골프연습장업","사립","","0","0","0","0","","",
"257","골프연습장업","10_31_01_P","4201000","CDFH3301051994000001","1994-01-14","","03","폐업","03","폐업","2005-11-28","","","","652-5399","","210-140","강원특별자치도 강릉시 송정동 39-3","강원특별자치도 강릉시 팔송길35번길 13 (송정동)","210-140","송파골프연습장(실외)","2013-12-18 14:04:13","I","2023-06-13 00:00:00","","370305.732635683","476780.497937172","골프연습장업","사립","","0","0","0","0","","",
"258","골프연습장업","10_31_01_P","4201000","CDFH3301052002000001","2002-01-04","","03","폐업","03","폐업","2004-01-19","","","","645-4345","","210-933","강원특별자치도 강릉시 옥천동 368-8","강원특별자치도 강릉시 중기5길 7  (옥천동)","","동부실내골프장","2004-01-19 11:53:18","I","2023-06-13 00:00:00","","367686.896479475","474940.666415281","골프연습장업","사립","0","1","0","0","0","","",
"259","골프연습장업","10_31_01_P","4201000","CDFH3301052002000002","2002-05-22","","03","폐업","03","폐업","2011-02-23","","","","645-2210","","210-924","강원특별자치도 강릉시 교동 1890-1","강원특별자치도 강릉시 정원로 56  (교동)","","풀스윙-골프클럽","2011-02-24 11:41:07","I","2023-06-13 00:00:00","","365215.540885583","475012.642374049","골프연습장업","사립","0","0","0","214","0","","",
"260","골프연습장업","10_31_01_P","4201000","CDFH3301052002000003","2002-08-05","","03","폐업","03","폐업","2007-02-12","","","","652-2214","","210-120","강원특별자치도 강릉시 초당동 76","강원특별자치도 강릉시 강릉대로587번길 24  (초당동)","","초당골프연습장(실내)","2007-02-12 19:42:20","I","2023-06-13 00:00:00","","368949.815936235","477615.954756656","골프연습장업","사립","0","1","0","0","0","","",
"261","골프연습장업","10_31_01_P","4201000","CDFH3301052003000001","2003-12-13","","03","폐업","03","폐업","2024-11-04","","","","641-7755","","210-924","강원특별자치도 강릉시 교동 1882-5","강원특별자치도 강릉시 솔올로5번길 53 (교동)","","오아시스스포츠(스크린)","2024-11-04 17:47:03","U","2024-11-06 02:40:00","","365354.310794684","475154.250945886","골프연습장업","사립","","0","1","3155.12","0","","",
"262","골프연습장업","10_31_01_P","4201000","CDFH3301052004000001","2004-09-08","","03","폐업","03","폐업","2013-06-28","","","","","","210-924","강원특별자치도 강릉시 교동 1890-3 7층","강원특별자치도 강릉시 솔올로5번길 9 (교동,7층)","","형제스포츠센터","2014-06-26 14:14:14","I","2023-06-13 00:00:00","","365265.410576555","475004.260120555","골프연습장업","사립","","0","1","327.11","0","","",
"263","골프연습장업","10_31_01_P","4201000","CDFH3301052005000001","2005-06-01","","03","폐업","03","폐업","2011-07-08","","","","646-1872","","210-933","강원특별자치도 강릉시 옥천동 368-8","강원특별자치도 강릉시 중기5길 7 (옥천동)","","그늘집 스크린 골프","2014-06-26 11:12:22","I","2023-06-13 00:00:00","","367686.896479475","474940.666415281","골프연습장업","사립","","0","1","440.78","0","","",
"264","골프연습장업","10_31_01_P","4201000","CDFH3301052005000003","2005-08-30","","03","폐업","03","폐업","2024-11-04","","","","","","210-924","강원특별자치도 강릉시 교동 1871-2","강원특별자치도 강릉시 하슬라로192번길 4 (교동)","","홀인원 스크린골프(스크린)","2024-11-04 17:48:26","U","2024-11-06 02:40:00","","365219.001181121","475449.616929993","골프연습장업","사립","","0","1","2664.5","0","","",
"265","골프연습장업","10_31_01_P","4201000","CDFH3301052006000001","2006-01-31","","03","폐업","03","폐업","2024-11-04","","","","653-1872","","210-290","강원특별자치도 강릉시 병산동 280-2","강원특별자치도 강릉시 성덕로 85 (병산동)","25617","그늘집스크린","2024-11-04 17:38:00","U","2024-11-06 02:40:00","","371078.5183427","475532.778500227","골프연습장업","사립","","0","1","699.84","0","","",
"266","골프연습장업","10_31_01_P","4201000","CDFH3301052006000002","2006-06-05","","03","폐업","03","폐업","2024-11-05","","","","645-2525","","210-924","강원특별자치도 강릉시 교동 1890-4 4층","강원특별자치도 강릉시 정원로 52, 4층 (교동)","25515","C.T one 골프클럽(실내)","2024-11-05 11:20:07","U","2024-11-07 02:40:00","","365261.601046081","474980.511146675","골프연습장업","사립","","0","1","2548.53","0","","",
"267","골프연습장업","10_31_01_P","4201000","CDFH3301052006000004","2006-06-28","","03","폐업","03","폐업","2014-07-31","","","","661-2285","","210-861","강원특별자치도 강릉시 연곡면 영진리 359","강원특별자치도 강릉시 연곡면 연주로 234","210-861","오션스크린","2014-07-31 10:07:58","I","2023-06-13 00:00:00","","361066.203443341","487395.705198662","골프연습장업","사립","","0","1","3478.62","0","","",
"268","골프연습장업","10_31_01_P","4201000","CDFH3301052006000005","2006-07-12","","03","폐업","03","폐업","2013-08-29","","","","643-9047","","210-924","강원특별자치도 강릉시 교동 1826-2 보성빌딩 3층","강원특별자치도 강릉시 솔올로 76 (교동,보성빌딩 3층)","","골프스토리 스크린골프","2014-06-26 11:24:38","I","2023-06-13 00:00:00","","365509.135144359","475689.991754921","골프연습장업","사립","","0","1","1152.21","0","","",
"269","골프연습장업","10_31_01_P","4201000","CDFH3301052006000006","2006-10-11","","03","폐업","03","폐업","2024-11-05","","","","647-0005","","","강원특별자치도 강릉시 입암동 429-2","강원특별자치도 강릉시 입암로 51, 2층 (입암동)","25583","이글스크린골프","2024-11-05 10:58:02","U","2024-11-07 02:40:00","","368494.585489132","473857.837939658","골프연습장업","사립","","0","1","1555.86","0","","",
"270","골프연습장업","10_31_01_P","4201000","CDFH3301052006000007","2006-10-20","","03","폐업","03","폐업","2007-07-12","","","","655-2277","","210-050","강원특별자치도 강릉시 성남동 105-1 썬프라자빌딩 2층","강원특별자치도 강릉시 금성로 41  (성남동,썬프라자빌딩 2층)","","썬프라자스크린골프클럽","2007-07-12 15:32:55","I","2023-06-13 00:00:00","","367069.470086189","473930.28557202","골프연습장업","사립","0","0","1","3645.57","0","","",
"271","골프연습장업","10_31_01_P","4201000","CDFH3301052006000008","2006-11-10","","03","폐업","03","폐업","2009-11-30","","","","648-1873","","210-933","강원특별자치도 강릉시 옥천동 168-2","강원특별자치도 강릉시 경강로 2132  (옥천동)","","큐스쿨 골프연습장","2009-11-30 18:18:18","I","2023-06-13 00:00:00","","367335.097047966","474388.760597096","골프연습장업","사립","0","0","2","1040.3","0","","",
"272","골프연습장업","10_31_01_P","4201000","CDFH3301052006000009","2006-11-22","","03","폐업","03","폐업","2014-01-28","","","","","","210-940","강원특별자치도 강릉시 포남동 1291-6 4층","강원특별자치도 강릉시 하평2길 11 (포남동)","210-953","청송 실내 골프연습장","2014-01-28 17:46:47","I","2023-06-13 00:00:00","","368416.705716345","476052.661628458","골프연습장업","사립","","0","1","3661.43","0","","",
"273","골프연습장업","10_31_01_P","4201000","CDFH3301052006000010","2006-12-07","","03","폐업","03","폐업","2021-12-09","","","","652-7722","","210-140","강원특별자치도 강릉시 송정동 1046-18","강원특별자치도 강릉시 경강로2408번길 62-6 (송정동)","","그린 스크린 골프","2021-12-09 16:10:58","I","2023-06-13 00:00:00","","369883.183928244","476319.957568199","골프연습장업","사립","","0","1","1258.9","0","","",
"274","골프연습장업","10_31_01_P","4201000","CDFH3301052007000001","2007-10-24","","03","폐업","03","폐업","2015-03-31","","","","644-1777","","210-924","강원특별자치도 강릉시 교동 1890-4","강원특별자치도 강릉시 정원로 52 (교동)","25515","골프존 스크린골프 강릉점","2019-06-03 17:41:23","I","2023-06-13 00:00:00","","365261.601046081","474980.511146675","골프연습장업","사립","","0","0","2548.53","0","","",
"275","골프연습장업","10_31_01_P","4201000","CDFH3301052013000001","2013-01-28","","03","폐업","03","폐업","2024-11-05","","","","662-1237","","","강원특별자치도 강릉시 주문진읍 주문리 324-7","강원특별자치도 강릉시 주문진읍 구소방서길 3","25414","주문진 골프존","2024-11-05 11:10:08","U","2024-11-07 02:40:00","","360524.117356264","489178.715532999","골프연습장업","사립","","0","0","1789","0","","",
"276","골프연습장업","10_31_01_P","4201000","CDFH3301052013000002","2013-03-20","","03","폐업","03","폐업","2024-11-04","","","","648-0753","","210-310","강원특별자치도 강릉시 유천동 209-5","강원특별자치도 강릉시 유죽길 5 (유천동)","25456","백악관 스크린골프","2024-11-04 17:45:05","U","2024-11-06 02:40:00","","364430.986220194","475208.445677782","골프연습장업","사립","","0","1","385.33","100","","",
"277","골프연습장업","10_31_01_P","4201000","CDFH3301052013000004","2013-12-11","","03","폐업","03","폐업","2024-11-04","","","","","","210-924","강원특별자치도 강릉시 교동 1053-6 1,2층","강원특별자치도 강릉시 화부산로 66, 1층,2층 (교동)","25502","강릉OK스크린골프","2024-11-04 17:53:30","U","2024-11-06 02:40:00","","366117.824585544","474999.569683018","골프연습장업","사립","","0","1","1075.78","100","","",
"278","골프연습장업","10_31_01_P","4201000","CDFH3301052014000002","2014-03-05","","03","폐업","03","폐업","2014-05-19","","","","","","210-310","강원특별자치도 강릉시 유천동 209-3 3층","강원특별자치도 강릉시 유죽길 5-6, 3층층 (유천동)","210-310","Top Golf Town (연습실)","2014-05-19 13:38:15","I","2023-06-13 00:00:00","","364402.386233004","475191.177524228","골프연습장업","사립","","0","1","1338.72","100","","",
"279","골프연습장업","10_31_01_P","4201000","CDFH3301052016000001","2016-05-10","","03","폐업","03","폐업","2023-11-23","","","","","","","강원특별자치도 강릉시 교동 1886-12","강원특별자치도 강릉시 솔올로5번길 12-9, 4층 (교동)","25515","교동위너골프연습장(실내,스크린)","2023-11-23 11:04:52","U","2023-11-25 02:40:00","","365255.771054921","475109.640126438","골프연습장업","사립","","0","0","0","0","","",
"280","골프연습장업","10_31_01_P","4201000","CDFH3301052016000002","2016-08-30","","03","폐업","03","폐업","2024-11-04","","","","033-653-4553","","","강원특별자치도 강릉시 포남동 1291-6 2층","강원특별자치도 강릉시 하평2길 11, 2층 (포남동)","25566","더 골프 하우스","2024-11-04 17:44:09","U","2024-11-06 02:40:00","","368416.705716345","476052.661628458","골프연습장업","사립","Y","0","1","3661.43","0","","",
"281","골프연습장업","10_31_01_P","4201000","CDFH3301052017000002","2017-05-23","","03","폐업","03","폐업","2024-11-05","","","","","","","강원특별자치도 강릉시 홍제동 456","강원특별자치도 강릉시 경강로 1862 (홍제동)","25524","하슬라 스크린(홍제점)","2024-11-05 13:31:15","U","2024-11-07 02:40:00","","365067.381840056","473166.572942897","골프연습장업","사립","Y","0","0","2250.7","0","","",
"282","골프연습장업","10_31_01_P","4201000","CDFH3301052017000003","2017-06-09","","03","폐업","03","폐업","2024-11-05","","","","033-535-0069","","","강원특별자치도 강릉시 옥계면 현내리 977","강원특별자치도 강릉시 옥계면 옥계로 1062, 2층","25634","골프존파크 옥계차도스크린","2024-11-05 13:31:30","U","2024-11-07 02:40:00","","379505.504506562","458379.144631627","골프연습장업","사립","Y","0","0","736","0","","",
"283","골프연습장업","10_31_01_P","4201000","CDFH3301052017000004","2017-06-28","","03","폐업","03","폐업","2024-11-04","","","","645-3336","","","강원특별자치도 강릉시 포남동 1152-5","강원특별자치도 강릉시 남구길18번길 14, 1층 (포남동)","25546","백마 스크린골프","2024-11-04 17:43:22","U","2024-11-06 02:40:00","","367981.614430593","475378.573106241","골프연습장업","사립","Y","0","1","922.64","0","","",
"284","골프연습장업","10_31_01_P","4201000","CDFH3301052017000005","2017-06-28","","03","폐업","03","폐업","2024-11-05","","","","645-3336","","","강원특별자치도 강릉시 포남동 1152-5","강원특별자치도 강릉시 남구길18번길 14, 1층 (포남동)","25546","백마 골프연습장(실내)","2024-11-05 13:31:42","U","2024-11-07 02:40:00","","367981.614430593","475378.573106241","골프연습장업","사립","Y","0","0","922.64","0","","",
"285","골프연습장업","10_31_01_P","4201000","CDFH3301052018000001","2018-01-26","","03","폐업","03","폐업","2024-11-05","","","","033-651-3000","","","강원특별자치도 강릉시 교동 1212-16","강원특별자치도 강릉시 경포로 72-3, 3층 (교동)","25493","올림픽스크린골프","2024-11-05 13:27:28","U","2024-11-07 02:40:00","","365791.457477485","476024.238023874","골프연습장업","사립","","0","0","1932.89","0","","",
"286","골프연습장업","10_31_01_P","4201000","CDFH3301052018000002","2018-04-13","","03","폐업","03","폐업","2024-11-05","","","","033-641-0072","","","강원특별자치도 강릉시 교동 1886-1","강원특별자치도 강릉시 솔올로5번길 40-1, 4-5층 (교동)","25515","굿샷 스크린골프","2024-11-05 13:26:12","U","2024-11-07 02:40:00","","365235.84345156","475131.897086252","골프연습장업","사립","","0","0","2533.58","0","","",
"287","골프연습장업","10_31_01_P","4201000","CDFH3301052018000003","2018-08-10","","03","폐업","03","폐업","2024-11-05","","","","033-530-4800","","","강원특별자치도 강릉시 옥계면 금진리 92-1","강원특별자치도 강릉시 옥계면 헌화로 455-34","25633","탑스 스크린 골프","2024-11-05 13:12:28","U","2024-11-07 02:40:00","","381049.225414819","463380.102788036","골프연습장업","사립","Y","1","0","49194.14","0","","",
"288","골프연습장업","10_31_01_P","4201000","CDFH3301052018000004","2018-10-19","","03","폐업","03","폐업","2024-11-04","","","","033-643-9669","","","강원특별자치도 강릉시 홍제동 841","강원특별자치도 강릉시 사임당로 48 (홍제동)","25522","다올스크린골프연습장","2024-11-04 17:42:04","U","2024-11-06 02:40:00","","364123.989433379","473612.482050012","골프연습장업","사립","","0","0","2084.05","0","","",
"289","골프연습장업","10_31_01_P","4201000","CDFH3301052019000001","2019-03-12","","03","폐업","03","폐업","2024-11-04","","","","","","","강원특별자치도 강릉시 유산동 95-1","강원특별자치도 강릉시 율곡로 2545 (유산동)","25613","유산 스크린","2024-11-04 17:41:50","U","2024-11-06 02:40:00","","369359.445271674","472624.565881708","골프연습장업","사립","","0","2","598.36","0","","",
"290","골프연습장업","10_31_01_P","4201000","CDFH3301052009000004","2009-10-28","","03","폐업","03","폐업","2020-04-28","","","","071-8671-0148","","210-330","강원특별자치도 강릉시 죽헌동 920","강원특별자치도 강릉시 율곡로 3176  (죽헌동)","","골든샷(스크린)","2020-04-29 09:17:34","I","2023-06-13 00:00:00","","365509.028501622","477275.201580592","골프연습장업","사립","","0","1","799.39","0","","",
"291","골프연습장업","10_31_01_P","4201000","CDFH3301052009000005","2009-11-04","","03","폐업","03","폐업","2019-04-01","","","","655-8887","","210-924","강원특별자치도 강릉시 교동 1892-5 3층","강원특별자치도 강릉시 교동광장로 90 (교동,3층)","","솔올골프아카데미(스크린)","2019-04-01 15:33:26","I","2023-06-13 00:00:00","","365102.254453882","475236.467195298","골프연습장업","사립","","0","1","928.79","0","","",
"292","골프연습장업","10_31_01_P","4201000","CDFH3301052009000006","2009-12-07","","03","폐업","03","폐업","2013-09-03","","","","033-641-4242","","210-924","강원특별자치도 강릉시 교동 1892-5","강원특별자치도 강릉시 교동광장로 90 (교동)","","라온(스크린)","2014-06-26 11:25:15","I","2023-06-13 00:00:00","","365102.254453882","475236.467195298","골프연습장업","사립","","0","1","928.79","0","","",
"293","골프연습장업","10_31_01_P","4201000","CDFH3301052009000007","2009-12-30","","03","폐업","03","폐업","2024-11-04","","","","033-651-6666","","210-922","강원특별자치도 강릉시 교동 318","강원특별자치도 강릉시 율곡로2968번길 36  (교동)","","교동스크린골프","2024-11-04 17:49:06","U","2024-11-06 02:40:00","","366834.234251503","475781.147398021","골프연습장업","사립","","0","1","256.26","0","","",
"294","골프연습장업","10_31_01_P","4201000","CDFH3301052010000001","2010-01-28","","03","폐업","03","폐업","2024-11-04","","","","033-652-0001","","210-957","강원특별자치도 강릉시 포남동 551-2","강원특별자치도 강릉시 가작로287번길 33 (포남동)","25477","넘버원(스크린 골프)","2024-11-04 17:53:04","U","2024-11-06 02:40:00","","367751.582541299","476191.268250111","골프연습장업","사립","","0","2","478.68","0","","",
"295","골프연습장업","10_31_01_P","4201000","CDFH3301052010000002","2010-05-27","","03","폐업","03","폐업","2017-05-20","","","","033-641-5799","","210-924","강원특별자치도 강릉시 교동 1883-4 3층","강원특별자치도 강릉시 교동광장로 110 (교동,3층)","","하슬라 스크린","2019-05-21 20:58:12","I","2023-06-13 00:00:00","","365282.195260012","475200.111334825","골프연습장업","사립","","0","1","1993.4","0","","",
"296","골프연습장업","10_31_01_P","4201000","CDFH3301052010000003","2010-06-29","","03","폐업","03","폐업","2024-11-04","","","","655-1872","","210-926","강원특별자치도 강릉시 내곡동 332 1층","강원특별자치도 강릉시 범일로 572 (내곡동)","25604","패밀리스크린골프","2024-11-04 17:46:32","U","2024-11-06 02:40:00","","365727.430257162","472335.406893297","골프연습장업","사립","","0","1","528.93","0","","",
"297","골프연습장업","10_31_01_P","4201000","CDFH3301052010000004","2010-06-29","","03","폐업","03","폐업","2010-08-27","","","","033-655-1872","","210-926","강원특별자치도 강릉시 내곡동 332 2층","강원특별자치도 강릉시 범일로 572 (내곡동)","210-926","패밀리골프연습장","2013-12-18 14:07:46","I","2023-06-13 00:00:00","","365727.430257162","472335.406893297","골프연습장업","사립","","0","1","494.43","0","","",
"298","골프연습장업","10_31_01_P","4201000","CDFH3301052010000005","2010-07-15","","03","폐업","03","폐업","2015-04-13","","","","644-6000","","210-160","강원특별자치도 강릉시 내곡동 751 1층","강원특별자치도 강릉시 범일로 457 (내곡동,1층)","","골드스크린","2019-05-21 20:25:48","I","2023-06-13 00:00:00","","365549.759031249","471280.996614603","골프연습장업","사립","","0","1","731.2","0","","",
"299","골프연습장업","10_31_01_P","4201000","CDFH3301052010000006","2010-07-30","","03","폐업","03","폐업","2020-04-22","","","","655-8787","","210-330","강원특별자치도 강릉시 죽헌동 349-1","강원특별자치도 강릉시 동해대로 3383  (죽헌동)","","보보스 스크린 골프연습장","2020-04-22 14:50:04","I","2023-06-13 00:00:00","","364379.823087871","478034.340762653","골프연습장업","사립","","0","1","1033.92","0","","",
"300","골프연습장업","10_31_01_P","4201000","CDFH3301052010000008","2010-09-01","","03","폐업","03","폐업","2013-07-15","","","","","","210-926","강원특별자치도 강릉시 내곡동 329","강원특별자치도 강릉시 범일로 574 (내곡동)","210-926","패밀리골프연습장","2013-07-15 13:34:48","I","2023-06-13 00:00:00","","365730.057236743","472389.254000462","골프연습장업","사립","","0","0","329.54","0","","",
"301","골프연습장업","10_31_01_P","4201000","CDFH3301052010000009","2010-10-21","","03","폐업","03","폐업","2023-05-24","","","","","","","강원특별자치도 강릉시 포남동 1150","강원특별자치도 강릉시 남구길18번길 44 (포남동)","25546","스크린골프클럽하우스","2023-05-24 10:35:25","I","2023-06-13 00:00:00","","368165.117509333","475585.058067597","골프연습장업","사립","Y","0","1","1191","0","","",
"302","골프연습장업","10_31_01_P","4201000","CDFH3301052010000010","2010-10-21","","03","폐업","03","폐업","2024-11-04","","","","645-2558","","210-935","강원특별자치도 강릉시 입암동 138-11","강원특별자치도 강릉시 월대산로 88-6 (입암동)","","MS스크린","2024-11-04 17:45:17","U","2024-11-06 02:40:00","","369147.02424261","474740.157998542","골프연습장업","사립","","0","1","582.03","0","","",
"303","골프연습장업","10_31_01_P","4201000","CDFH3301052010000011","2010-10-21","","03","폐업","03","폐업","2024-11-05","","","","645-5533","","210-170","강원특별자치도 강릉시 회산동 295","강원특별자치도 강릉시 회산로 244  (회산동)","","회산스크린골프","2024-11-05 11:06:42","U","2024-11-07 02:40:00","","363997.136000235","471536.898992578","골프연습장업","사립","","0","1","398","0","","",
"304","골프연습장업","10_31_01_P","4201000","CDFH3301052010000012","2010-11-02","","03","폐업","03","폐업","2014-11-21","","","","033-642-1149","","210-932","강원특별자치도 강릉시 노암동 614-3 지하","강원특별자치도 강릉시 남부로125번길 4  (노암동,지하)","","노암스크린골프연습장","2014-11-21 16:11:11","I","2023-06-13 00:00:00","","366886.149635367","472788.836794822","골프연습장업","사립","","0","1","1206.68","0","","",
"305","골프연습장업","10_31_01_P","4201000","CDFH3301052010000013","2010-12-16","","03","폐업","03","폐업","2017-05-20","","","","033-691-5799","","210-924","강원특별자치도 강릉시 교동 1883-4 2층","강원특별자치도 강릉시 교동광장로 110 (교동,2층)","","하슬라스크린골프연습장","2019-05-22 16:41:46","I","2023-06-13 00:00:00","","365282.195260012","475200.111334825","골프연습장업","사립","Y","0","1","1993.4","0","","",
"306","골프연습장업","10_31_01_P","4201000","CDFH3301052011000001","2011-09-01","","03","폐업","03","폐업","2024-11-04","","","","651-1002","","210-935","강원특별자치도 강릉시 입암동 104-4 2층","강원특별자치도 강릉시 월대산로 60 (입암동,2층)","","원스크린골프","2024-11-04 17:45:36","U","2024-11-06 02:40:00","","368858.824137425","474760.238339892","골프연습장업","사립","","0","1","818.4","0","","",
"307","골프연습장업","10_31_01_P","4201000","CDFH3301052011000002","2011-09-26","","03","폐업","03","폐업","2024-11-04","","","","653-0076","","210-939","강원특별자치도 강릉시 포남동 1230 가동 2층호","강원특별자치도 강릉시 강릉대로 481, 가동 2층 (포남동)","25480","한솔스크린골프","2024-11-04 17:45:48","U","2024-11-06 02:40:00","","368603.609186258","476542.967247897","골프연습장업","사립","","0","0","1114.55","0","","",
"308","골프연습장업","10_31_01_P","4201000","CDFH3301052012000001","2012-11-14","","03","폐업","03","폐업","2024-11-04","","","","651-7737","","210-300","강원특별자치도 강릉시 남항진동 50-5","강원특별자치도 강릉시 공항길127번길 3 (남항진동)","25617","모닝스크린골프장","2024-11-04 17:46:03","U","2024-11-06 02:40:00","","371736.27635951","475327.311064726","골프연습장업","사립","","0","1","252.65","0","","",
"309","골프연습장업","10_31_01_P","4201000","CDFH3301052019000002","2019-03-22","","03","폐업","03","폐업","2023-10-13","","","","033-662-7890","","","강원특별자치도 강릉시 주문진읍 교항리 181-38","강원특별자치도 강릉시 주문진읍 주문로 60","25418","버디버디 스크린골프","2023-10-13 16:06:22","U","2023-10-15 02:40:00","","360556.963275494","488973.286848552","골프연습장업","사립","","0","1","782.56","0","","",
"310","골프연습장업","10_31_01_P","4201000","CDFH3301052019000003","2019-06-03","","03","폐업","03","폐업","2024-11-04","","","","641-6665","","","강원특별자치도 강릉시 홍제동 841","강원특별자치도 강릉시 사임당로 48 (홍제동)","25522","GDR 아카데미 강릉 홍제점","2024-11-04 17:41:17","U","2024-11-06 02:40:00","","364123.989433379","473612.482050012","골프연습장업","사립","","0","1","2084.05","0","","",
"311","골프연습장업","10_31_01_P","4201000","CDFH3301052019000004","2019-06-07","","03","폐업","03","폐업","2024-11-05","","","","","","","강원특별자치도 강릉시 홍제동 449-2","강원특별자치도 강릉시 회산로 420 (홍제동)","25524","Golf Friend","2024-11-05 11:20:55","U","2024-11-07 02:40:00","","364830.347375283","473036.02191989","골프연습장업","사립","","0","1","375.99","0","","",
"312","골프연습장업","10_31_01_P","4201000","CDFH3301052019000005","2019-09-10","","03","폐업","03","폐업","2024-11-04","","","","","","","강원특별자치도 강릉시 홍제동 456","강원특별자치도 강릉시 경강로 1862, 1층 (홍제동)","25524","주식회사 메이드","2024-11-04 17:39:45","U","2024-11-06 02:40:00","","365067.381840056","473166.572942897","골프연습장업","사립","","0","1","2250.7","0","","",
"313","골프연습장업","10_31_01_P","4201000","CDFH3301052019000006","2019-10-07","","03","폐업","03","폐업","2024-11-05","","","","","","","강원특별자치도 강릉시 입암동 236-23","강원특별자치도 강릉시 성덕로 316-11 (입암동)","25616","김앤윤 골프아카데미","2024-11-05 13:21:20","U","2024-11-07 02:40:00","","369223.992528768","474231.219819704","골프연습장업","사립","","0","1","987.02","0","","",
"314","골프연습장업","10_31_01_P","4201000","CDFH3301052020000001","2020-06-16","","03","폐업","03","폐업","2024-11-05","","","","","","","강원특별자치도 강릉시 포남동 1155-17","강원특별자치도 강릉시 남구길18번길 11 (포남동)","25545","백마스크린실내골프연습장","2024-11-05 13:25:36","U","2024-11-07 02:40:00","","367940.311399682","475393.31538265","골프연습장업","사립","","0","0","403.2","0","","",
"315","골프연습장업","10_31_01_P","4201000","CDFH3301052020000002","2020-06-16","","03","폐업","03","폐업","2023-10-13","","","","","","","강원특별자치도 강릉시 교동 1834-12","강원특별자치도 강릉시 하슬라로206번길 12-4, 지1층 (교동)","25511","그림골프","2023-10-13 16:07:04","U","2023-10-15 02:40:00","","365301.695143181","475555.993593173","골프연습장업","사립","","0","0","471.08","0","","",
"316","골프연습장업","10_31_01_P","4201000","CDFH3301052021000001","2021-01-29","","03","폐업","03","폐업","2024-11-04","","","","","","","강원특별자치도 강릉시 홍제동 366-10","강원특별자치도 강릉시 경강로1804번길 131 (홍제동)","25523","베스트프렌즈 골프아카데미","2024-11-04 17:39:32","U","2024-11-06 02:40:00","","365599.067683879","473228.992882361","골프연습장업","사립","","0","1","473.4","0","","",
"317","골프연습장업","10_31_01_P","4201000","CDFH3301052021000002","2021-02-15","","03","폐업","03","폐업","2024-11-04","","","","033-645-0711","","","강원특별자치도 강릉시 홍제동 366-25","강원특별자치도 강릉시 경강로1804번길 129 (홍제동)","25523","홍제프렌즈 골프아카데미","2024-11-04 17:39:03","U","2024-11-06 02:40:00","","365564.548777878","473218.08468914","골프연습장업","사립","","0","0","487.6","0","","",
"318","골프연습장업","10_31_01_P","4201000","CDFH3301052021000003","2021-10-21","","03","폐업","03","폐업","2024-11-04","","","","","","","강원특별자치도 강릉시 홍제동 571-1","강원특별자치도 강릉시 선수촌로 64-4, 지하1층 (홍제동)","25522","유천스파 스크린골프연습장","2024-11-04 17:38:23","U","2024-11-06 02:40:00","","364831.782652052","474286.729350234","골프연습장업","사립","","1","0","4951.61","0","","",
"319","골프연습장업","10_31_01_P","4201000","CDFH3301052005000005","2005-10-11","","03","폐업","03","폐업","2024-11-04","","","","655-0909","","210-920","강원특별자치도 강릉시 교동 133","강원특별자치도 강릉시 강릉대로 293, 2층 (교동)","25491","골프랜드(스크린)","2024-11-04 17:37:31","U","2024-11-06 02:40:00","","367402.591473238","475164.328543092","골프연습장업","사립","","0","1","2031.13","0","","",
"320","골프연습장업","10_31_01_P","4201000","CDFH3301052008000007","2008-06-03","","01","영업/정상","13","영업중","","","","","033-653-9700","","210-940","강원특별자치도 강릉시 포남동 1090-17 지하1층","강원특별자치도 강릉시 가작로 275  (포남동,지하1층)","","행복스크린골프","2008-06-03 16:07:08","I","2023-06-13 00:00:00","","367804.200328505","475953.093958432","골프연습장업","사립","0","0","0","1489.55","0","","",
"321","골프연습장업","10_31_01_P","4201000","CDFH3301051994000002","1994-04-30","","01","영업/정상","13","영업중","","","","","641-9799","","210-842","강원특별자치도 강릉시 성산면 구산리 298","강원특별자치도 강릉시 성산면 칠봉로 15-18","25445","성산그린골프연습장(실외)","2024-11-01 13:48:01","U","2024-11-03 02:40:00","","361584.215497599","469696.988999597","골프연습장업","사립","","0","1","532.51","0","","",
"322","골프연습장업","10_31_01_P","4201000","CDFH3301052001000002","2001-10-11","","01","영업/정상","13","영업중","","","","","645-2626","","210-050","강원특별자치도 강릉시 성남동 273-25","강원특별자치도 강릉시 중앙시장3길 4 (성남동)","25544","동명골프연습장(실내)","2014-01-09 13:58:52","I","2023-06-13 00:00:00","","366998.883461645","473697.310756983","골프연습장업","사립","","0","0","0","0","","",
"323","골프연습장업","10_31_01_P","4201000","CDFH3301052002000004","2002-11-21","","01","영업/정상","13","영업중","","","","","647-8161","","210-949","강원특별자치도 강릉시 홍제동 460","강원특별자치도 강릉시 회산로408번길 15-1 (홍제동)","","홍제골프연습장(실외)","2024-11-01 14:24:12","U","2024-11-03 02:40:00","","365014.868617261","473105.126724009","골프연습장업","사립","","0","0","1394.17","0","","",
"324","골프연습장업","10_31_01_P","4201000","CDFH3301052003000002","2003-10-14","","01","영업/정상","13","영업중","","","","","645-7960","","210-220","강원특별자치도 강릉시 유산동 140","강원특별자치도 강릉시 신석길 24-16 (유산동)","","유산골프랜드(실외)","2024-06-27 17:37:34","U","2024-06-29 02:40:00","","369217.52323932","472453.792949155","골프연습장업","사립","","1","2","1241.07","0","","",
"325","골프연습장업","10_31_01_P","4201000","CDFH3301052005000002","2005-06-22","","01","영업/정상","13","영업중","","","","","641-7007","","210-380","강원특별자치도 강릉시 안현동 784","강원특별자치도 강릉시 동해대로 3544-18 (안현동)","","멤버스 골프클럽(실외)","2025-05-16 17:42:12","U","2025-05-18 02:40:00","","364056.859878752","479439.063996058","골프연습장업","사립","","0","1","2064.8","0","","",
"326","골프연습장업","10_31_01_P","4201000","CDFH3301052005000004","2005-10-06","","01","영업/정상","13","영업중","","","","","645-6969","","210-390","강원특별자치도 강릉시 운산동 329-2","강원특별자치도 강릉시 독송길110번길 24 (운산동)","25614","클럽버디(실외)","2018-02-01 14:12:00","I","2023-06-13 00:00:00","","370950.714240765","471888.285123963","골프연습장업","사립","Y","0","1","392.92","0","","",
"327","골프연습장업","10_31_01_P","4201000","CDFH3301052006000003","2006-06-16","","01","영업/정상","13","영업중","","","","","655-1700","","210-924","강원특별자치도 강릉시 교동 1871-2 실크로드빌딩 7층","강원특별자치도 강릉시 하슬라로192번길 4 (교동,실크로드빌딩 7층)","","제이슨 골프아카데미(실내)","2024-11-29 09:21:48","U","2024-12-01 02:40:00","","365219.001181121","475449.616929993","골프연습장업","사립","","0","1","2664.5","0","","",
"328","골프연습장업","10_31_01_P","4201000","CDFH3301051997000001","1997-12-05","","01","영업/정상","13","영업중","","","","","641-2266","","210-170","강원특별자치도 강릉시 회산동 578","강원특별자치도 강릉시 회산로385번길 47-15 (회산동)","25598","회산골프연습장(실외)","2024-11-01 14:17:15","U","2024-11-03 02:40:00","","364222.679603318","472859.669953309","골프연습장업","사립","","1","1","1091.79","0","","",
"329","골프연습장업","10_31_01_P","4201000","CDFH3301052013000003","2013-07-15","","01","영업/정상","13","영업중","","","","","","","","강원특별자치도 강릉시 내곡동 332","강원특별자치도 강릉시 범일로 572, 2층 (내곡동)","25604","패밀리 실내 골프연습장","2024-11-05 11:07:48","U","2024-11-07 02:40:00","","365727.430257162","472335.406893297","골프연습장업","사립","","0","1","528.93","100","","",
"330","골프연습장업","10_31_01_P","4201000","CDFH3301052014000001","2014-03-05","","01","영업/정상","13","영업중","","","","","","","210-310","강원특별자치도 강릉시 유천동 209-3 1,2,3","강원특별자치도 강릉시 교동광장로 11-1 (유천동)","25456","탑 스크린 골프","2019-07-05 17:14:26","I","2023-06-13 00:00:00","","364402.386233004","475191.177524228","골프연습장업","사립","","0","1","1338.72","0","","",
"331","골프연습장업","10_31_01_P","4201000","CDFH3301052017000001","2017-02-27","","01","영업/정상","13","영업중","","","","","033-645-5004","","","강원특별자치도 강릉시 대전동 산 154","강원특별자치도 강릉시 사임당로 479 (대전동, 리더스골프클럽)","25452","강릉 리더스골프클럽(실외)","2024-12-04 17:29:46","U","2024-12-06 02:40:00","","362835.36460521","477047.705605737","골프연습장업","사립","","2","1","4942.87","0","","",
"332","골프연습장업","10_31_01_P","4201000","CDFH3301051994000003","1994-05-12","","01","영업/정상","13","영업중","","","","","652-1309","","210-290","강원특별자치도 강릉시 병산동 514","강원특별자치도 강릉시 성덕로 159 (병산동)","25617","강릉골프연습장(실외)","2024-11-01 14:09:00","U","2024-11-03 02:40:00","","370556.961997937","474977.614736835","골프연습장업","사립","","0","0","961.57","0","","",
"333","골프연습장업","10_31_01_P","4201000","CDFH3301052009000003","2009-10-07","","01","영업/정상","13","영업중","","","","","033-661-7400","","210-808","강원특별자치도 강릉시 주문진읍 향호리 8-92 외 3필지","강원특별자치도 강릉시 주문진읍 해안로 2070 (외 3필지)","","주문진 리조트","2019-05-28 15:04:14","I","2023-06-13 00:00:00","","359933.159953513","491124.959587281","골프연습장업","사립","","1","1","229.26","0","","",
"334","골프연습장업","10_31_01_P","4201000","CDFH3301052009000002","2009-09-24","","04","취소/말소/만료/정지/중지","35","직권말소","2020-05-25","","","","648-1800","","210-932","강원특별자치도 강릉시 노암동 660 22통1반","강원특별자치도 강릉시 임영로 13 (노암동)","","신화스크린골프","2020-05-25 10:29:49","I","2023-06-13 00:00:00","","367046.089679323","472920.224524339","골프연습장업","사립","","0","2","1980.51","0","","",
"335","골프연습장업","10_31_01_P","4201000","CDFH3301052005000006","2005-11-22","","04","취소/말소/만료/정지/중지","35","직권말소","2020-05-25","","","","","","210-270","강원특별자치도 강릉시 두산동 228-5","강원특별자치도 강릉시 강변로 636-9 (두산동)","25573","베스트스크린골프클럽","2020-05-25 10:27:41","I","2023-06-13 00:00:00","","369947.020195629","475760.44434794","골프연습장업","사립","","0","1","300","0","","",
"336","골프연습장업","10_31_01_P","4201000","CDFH3301052014000003","2014-06-16","","04","취소/말소/만료/정지/중지","35","직권말소","2020-05-25","","","","","","210-802","강원특별자치도 강릉시 주문진읍 교항리 114-2 1층호","강원특별자치도 강릉시 주문진읍 연주로 374, 1층","25419","싱글 스크린골프","2020-05-25 10:29:19","I","2023-06-13 00:00:00","","360451.164563342","488575.161696649","골프연습장업","사립","","0","1","1856.4","0","","",
"337","골프연습장업","10_31_01_P","4211000","CDFH3301052019000001","2019-10-24","","03","폐업","03","폐업","2020-10-08","","","","033-535-1865","","","강원특별자치도 동해시 천곡동 1015-2 . 3 층","강원특별자치도 동해시 중앙로 203-1, 3층 (천곡동)","25768","위너골프아카데미","2020-10-08 16:21:43","I","2023-06-13 00:00:00","","386947.791204472","448396.808578654","골프연습장업","사립","","0","1","1441.8","0","","",
"338","골프연습장업","10_31_01_P","4211000","CDFH3301052020000001","2020-01-06","","03","폐업","03","폐업","2020-10-07","","","","0335210001","","","강원특별자치도 동해시 동회동 238","강원특별자치도 동해시 효자로 647-2 (동회동)","25803","골프존파크 북삼위너2호점","2020-10-07 17:01:32","I","2023-06-13 00:00:00","","386076.088564202","445426.751009031","골프연습장업","사립","Y","0","1","426.06","0","","",
"339","골프연습장업","10_31_01_P","4211000","CDFH3301052008000002","2008-09-08","","03","폐업","03","폐업","2016-03-21","","","","","","240-812","강원특별자치도 동해시 천곡동 835-1","강원특별자치도 동해시 한섬로 133-6  (천곡동)","","골프존 동해","2016-03-21 14:56:18","I","2023-06-13 00:00:00","","387182.607211598","448817.159657455","골프연습장업","사립","0","0","0","0","0","","",
"340","골프연습장업","10_31_01_P","4211000","CDFH3301052009000001","2009-03-18","","03","폐업","03","폐업","2010-10-04","","","","033-522-6300","","240-805","강원특별자치도 동해시 송정동 849-112","강원특별자치도 동해시 송정중앙로 66  (송정동)","","이재상골프","2010-10-04 13:26:09","I","2023-06-13 00:00:00","","387964.435541285","446262.214976759","골프연습장업","사립","","0","0","0","0","","",
"341","골프연습장업","10_31_01_P","4211000","CDFH3301052010000001","2010-06-30","","03","폐업","03","폐업","2016-05-19","","","","531-4555","","240-812","강원특별자치도 동해시 천곡동 850-1","강원특별자치도 동해시 중앙로 248 (천곡동)","","제이 스크린골프 연습장","2016-05-19 11:43:34","I","2023-06-13 00:00:00","","386850.072106036","448824.928994348","골프연습장업","사립","","0","0","0","0","","",
"342","골프연습장업","10_31_01_P","4211000","CDFH3301052010000005","2010-12-29","","03","폐업","03","폐업","2017-04-28","","","","","","240-170","강원특별자치도 동해시 나안동 176-1","강원특별자치도 동해시 청운1길 61 (나안동, 웰빙빙딩 지하 1층)","25808","SKY 골프연습장","2020-09-21 14:38:26","I","2023-06-13 00:00:00","","386573.139646903","444775.772916733","골프연습장업","사립","","1","1","2380.09","0","","",
"343","골프연습장업","10_31_01_P","4211000","CDFH3301052010000006","2010-04-26","","03","폐업","03","폐업","2020-05-18","","","","0335350755","","240-812","강원특별자치도 동해시 천곡동 897","강원특별자치도 동해시 동굴로 117 (천곡동)","25770","아진 스크린","2020-05-18 10:41:44","I","2023-06-13 00:00:00","","387075.460999786","448344.742921268","골프연습장업","사립","","0","0","0","0","","",
"344","골프연습장업","10_31_01_P","4211000","CDFH3301052011000001","2011-02-22","","03","폐업","03","폐업","2013-09-06","","","","","","240-810","강원특별자치도 동해시 천곡동 825-1","강원특별자치도 동해시 한섬로 138-1 (천곡동)","","탑 골프연습장","2014-11-25 13:11:55","I","2023-06-13 00:00:00","","387279.674677367","448727.857464412","골프연습장업","사립","","0","0","1492.46","0","","",
"345","골프연습장업","10_31_01_P","4211000","CDFH3301052011000002","2011-04-22","","03","폐업","03","폐업","2020-05-11","","","","033-533-7373","","","강원특별자치도 동해시 천곡동 826 쉐보레자동차","강원특별자치도 동해시 한섬로 136, 쉐보레자동차 7층 (천곡동)","25770","리얼 스크린골프","2020-05-12 16:10:50","I","2023-06-13 00:00:00","","387236.628297515","448734.941712944","골프연습장업","사립","","0","0","3150.03","0","","",
"346","골프연습장업","10_31_01_P","4211000","CDFH3301052011000004","2011-11-17","","03","폐업","03","폐업","2013-09-10","","","","033-531-8913","","240-812","강원특별자치도 동해시 천곡동 880","강원특별자치도 동해시 한섬로 114 (천곡동)","240-812","하나로스크린골프장","2014-12-29 10:46:02","I","2023-06-13 00:00:00","","387037.578696567","448645.254845424","골프연습장업","사립","","0","0","347.7","0","","",
"347","골프연습장업","10_31_01_P","4211000","CDFH3301052013000001","2013-06-19","","03","폐업","03","폐업","2019-09-25","","","","521-0752","","240-160","강원특별자치도 동해시 효가동 235","강원특별자치도 동해시 동해대로 5033 (효가동)","25802","샷스크린골프존","2019-09-25 16:15:42","I","2023-06-13 00:00:00","","386542.877404597","445774.376584239","골프연습장업","사립","","0","1","1416.76","0","","",
"348","골프연습장업","10_31_01_P","4211000","CDFH3301052015000001","2015-04-21","","03","폐업","03","폐업","2020-10-07","","","","522-0742","","","강원특별자치도 동해시 나안동 177-7 .  2층","강원특별자치도 동해시 청운1길 57, 2층 (나안동)","25808","대성 스크린골프","2020-10-07 17:00:00","I","2023-06-13 00:00:00","","386534.009982261","444766.689644994","골프연습장업","사립","","0","1","549.26","0","","",
"349","골프연습장업","10_31_01_P","4211000","CDFH3301052018000002","2018-07-20","","03","폐업","03","폐업","2020-10-07","","","","033-535-0707","","","강원특별자치도 동해시 천곡동 1015-2 . 2층","강원특별자치도 동해시 중앙로 203-1, 2층 201호 (천곡동)","25768","골프존파크 천곡 위너점","2020-10-07 17:00:30","I","2023-06-13 00:00:00","","386947.791204472","448396.808578654","골프연습장업","사립","","0","1","1441.8","0","","",
"350","골프연습장업","10_31_01_P","4211000","CDFH3301051998000001","1998-11-09","","03","폐업","03","폐업","2016-12-30","","","","535-6655","","240-812","강원특별자치도 동해시 천곡동 922","강원특별자치도 동해시 동굴로 129 (천곡동)","","동송실내골프연습장","2020-09-21 11:08:17","I","2023-06-13 00:00:00","","387208.470096513","448392.302365577","골프연습장업","사립","","0","0","0","0","","",
"351","골프연습장업","10_31_01_P","4211000","CDFH3301052004000001","2004-02-23","","03","폐업","03","폐업","2018-12-31","","","","535-7979","","240-809","강원특별자치도 동해시 천곡동 540-1","강원특별자치도 동해시 항골길 65 (천곡동)","25750","뉴동해골프연습장","2020-03-19 15:20:36","I","2023-06-13 00:00:00","","385601.145654928","448909.92520413","골프연습장업","사립","","1","1","0","0","","",
"352","골프연습장업","10_31_01_P","4211000","CDFH3301052004000002","2004-03-25","","03","폐업","03","폐업","2019-07-22","","","","","","240-812","강원특별자치도 동해시 천곡동","","","이글실내골프연습장","2019-11-14 13:54:17","I","2023-06-13 00:00:00","","","","골프연습장업","사립","","0","1","3150","0","","",
"353","골프연습장업","10_31_01_P","4211000","CDFH3301052004000003","2004-04-09","","03","폐업","03","폐업","2016-12-30","","","","","","240-719","강원특별자치도 동해시 동회동 442 대동상가 4028호","강원특별자치도 동해시 청운1길 29, 4층 4028호 (동회동, 대동상가)","25807","드림실내골프연습장","2020-09-21 11:28:36","I","2023-06-13 00:00:00","","386177.814049483","444870.370953969","골프연습장업","사립","","0","0","0","0","","",
"354","골프연습장업","10_31_01_P","4211000","CDFH3301052006000001","2006-05-08","","03","폐업","03","폐업","2020-10-07","","","","535-1872","","","강원특별자치도 동해시 천곡동 832 1층","강원특별자치도 동해시 천곡로 100-1, 1층 (천곡동)","25769","동명스크린골프존","2020-10-07 16:53:01","I","2023-06-13 00:00:00","","387068.701404924","448883.008534946","골프연습장업","사립","","0","1","3898.9","0","","",
"355","골프연습장업","10_31_01_P","4211000","CDFH3301052007000001","2007-02-08","","03","폐업","03","폐업","2016-09-01","","","","033-521-8228","","240-160","강원특별자치도 동해시 효가동 153-1 동성프라자 지하1층","","","골프스토리 스크린골프","2019-11-14 13:45:29","I","2023-06-13 00:00:00","","386514.829007717","445508.119238943","골프연습장업","사립","","0","1","7178.28","0","","",
"356","골프연습장업","10_31_01_P","4211000","CDFH3301052008000001","2008-03-13","","03","폐업","03","폐업","2016-12-30","","","","","","240-010","강원특별자치도 동해시 천곡동 458-18","","","클럽하우스","2020-09-21 11:11:48","I","2023-06-13 00:00:00","","","","골프연습장업","사립","","0","0","289.68","0","","",
"357","골프연습장업","10_31_01_P","4211000","CDFH3301052019000002","2019-11-04","","01","영업/정상","13","영업중","","","","","0335222822","","","강원특별자치도 동해시 단봉동 451-5","강원특별자치도 동해시 강원남부로 4646 (단봉동)","25821","동해중앙새마을금고 단봉골프랜드","2023-01-30 14:09:09","I","2023-06-13 00:00:00","","387120.186111236","442348.599867101","골프연습장업","사립","","1","1","1431.71","0","","",
"358","골프연습장업","10_31_01_P","4211000","CDFH3301052009000002","2009-05-07","","01","영업/정상","13","영업중","","","","","033-522-0270","","","강원특별자치도 동해시 동회동 119 . 2층","강원특별자치도 동해시 효자남길 41-24 (동회동)","25806","에이스 실내골프 연습장","2020-09-23 16:43:51","I","2023-06-13 00:00:00","","386161.576387894","445188.867349198","골프연습장업","사립","","0","1","982.45","0","","",
"359","골프연습장업","10_31_01_P","4211000","CDFH3301052010000003","2010-10-13","","01","영업/정상","13","영업중","","","","","","","","강원특별자치도 동해시 부곡동 123-5","강원특별자치도 동해시 부곡2길 4 (부곡동)","25735","J GOLF CLUB (골프연습장)","2022-11-15 16:30:18","I","2023-06-13 00:00:00","","386048.121538968","450303.509830809","골프연습장업","사립","","0","1","833.56","0","","",
"360","골프연습장업","10_31_01_P","4211000","CDFH3301052011000003","2011-10-25","","01","영업/정상","13","영업중","","","","","033-533-0755","","","강원특별자치도 동해시 부곡동 86-15 근정가든. 2층","강원특별자치도 동해시 부곡1길 2, 근정가든 2층 (부곡동)","25735","강원골프아카데미","2021-01-07 14:10:31","I","2023-06-13 00:00:00","","385987.034635054","450329.153779739","골프연습장업","사립","","1","0","1461.53","50","","",
"361","골프연습장업","10_31_01_P","4211000","CDFH3301052012000001","2012-02-23","","01","영업/정상","13","영업중","","","","","033-522-5448","","","강원특별자치도 동해시 쇄운동 13-1 태화빌딩. 3층","강원특별자치도 동해시 청운2길 42, 태화빌딩 3층 (쇄운동)","25810","미성 골프연습장","2021-01-07 14:11:34","I","2023-06-13 00:00:00","","386329.038091712","444549.682667513","골프연습장업","사립","","0","1","3813.12","0","","",
"362","골프연습장업","10_31_01_P","4211000","CDFH3301052012000002","2012-03-12","","01","영업/정상","13","영업중","","","","","532-0753","","","강원특별자치도 동해시 발한동 290 .  4층","강원특별자치도 동해시 발한로 237, 동해우리마트 4층 (발한동)","25720","권오철 골프스쿨","2020-09-23 16:46:53","I","2023-06-13 00:00:00","","386149.387674186","451854.468384523","골프연습장업","사립","","0","1","7589.55","0","","",
"363","골프연습장업","10_31_01_P","4211000","CDFH3301052018000001","2018-06-21","","01","영업/정상","13","영업중","","","","","","","","강원특별자치도 동해시 송정동 1571","강원특별자치도 동해시 용정로 68, 1층 (송정동)","25785","올바른골프연습장","2020-09-23 16:51:02","I","2023-06-13 00:00:00","","387241.067394006","446099.668262046","골프연습장업","사립","","0","1","294.14","0","","",
"364","골프연습장업","10_31_01_P","4211000","CDFH3301051992000001","1992-08-07","","01","영업/정상","13","영업중","","","","","033-534-3220","","240-120","강원특별자치도 동해시 만우동 56-1","강원특별자치도 동해시 마상천길 200 (만우동)","","동양골프연습장","2021-01-07 14:07:48","I","2023-06-13 00:00:00","","383217.96390013","453680.921597088","골프연습장업","사립","","0","1","369.7","0","","",
"365","골프연습장업","10_31_01_P","4211000","CDFH3301051999000001","1999-11-17","","01","영업/정상","13","영업중","","","","","532-8005","","240-814","강원특별자치도 동해시 부곡동 91","강원특별자치도 동해시 발한로 28 (부곡동)","","부곡골프연습장","2025-02-20 21:20:25","U","2025-02-22 02:40:00","","385966.975205371","450202.677385213","골프연습장업","사립","","0","1","498","0","","",
"366","골프연습장업","10_31_01_P","4211000","CDFH3301052001000001","2001-10-31","","01","영업/정상","13","영업중","","","","","521-6251","","","강원특별자치도 동해시 효가동 363-10 뉴그린골프연습장","강원특별자치도 동해시 동해대로 5151 (효가동)","25801","뉴그린 골프랜드","2024-08-30 15:52:50","U","2024-09-01 02:40:00","","386099.707882027","446628.671734761","골프연습장업","사립","","1","1","1239.05","0","","",
"367","골프연습장업","10_31_01_P","4211000","CDFH3301052002000001","2002-08-14","","01","영업/정상","13","영업중","","","","","033-532-1090","","","강원특별자치도 동해시 천곡동 1069 금강산약국. 5층","강원특별자치도 동해시 중앙로 231, 금강산약국 5층 (천곡동)","25768","동해실내골프연습장","2021-01-07 14:08:33","I","2023-06-13 00:00:00","","386828.62469421","448667.612774727","골프연습장업","사립","","0","1","3290.12","0","","",
"368","골프연습장업","10_31_01_P","4211000","CDFH3301052004000004","2004-11-22","","01","영업/정상","13","영업중","","","","","033-521-0072","","","강원특별자치도 동해시 효가동 153-1 동성프라자","강원특별자치도 동해시 효자로 691, 동성프라자 312,313,314호 (효가동)","25802","PGA골프 아카데미","2021-10-25 16:58:10","I","2023-06-13 00:00:00","","386514.829007717","445508.119238943","골프연습장업","사립","","0","2","7178.2","0","","",
"369","골프연습장업","10_31_01_P","4211000","CDFH3301052007000002","2007-09-27","","01","영업/정상","13","영업중","","","","","033-533-7275","","","강원특별자치도 동해시 천곡동 485-18 신웅빌딩 3층","강원특별자치도 동해시 평릉길 28, 신웅빌딩 3층 (천곡동)","25749","에이스 골프 연습장","2022-11-29 11:44:00","I","2023-06-13 00:00:00","","385730.225166421","449392.380542973","골프연습장업","사립","","0","1","2999.01","0","","",
"370","골프연습장업","10_31_01_P","4211000","CDFH3301052023000001","2023-10-25","","01","영업/정상","13","영업중","","","","","033-532-8003","","","강원특별자치도 동해시 용정동 396-2","강원특별자치도 동해시 동해대로 5106 (용정동)","25776","동해 SC 골프연습장","2023-12-14 15:07:25","U","2023-12-16 02:40:00","","","","골프연습장업","사립","","1","0","2915.7","0","","",
"371","골프연습장업","10_31_01_P","4221000","CDFH3301052005000001","2005-10-24","","03","폐업","03","폐업","2021-03-12","","","","033-552-7722","","235-800","강원특별자치도 태백시 황지동 73-15","강원특별자치도 태백시 태백로 992 (황지동)","","삼성휘트니스(골프연습장)","2021-03-15 15:57:19","I","2023-06-13 00:00:00","","377047.861920654","409327.151438933","골프연습장업","사립","","0","1","1615","0","","",
"372","골프연습장업","10_31_01_P","4221000","CDFH3301052006000002","2006-02-14","","03","폐업","03","폐업","2009-09-03","","","","552-6936","","235-020","강원특별자치도 태백시 화전동 산 41-20","강원특별자치도 태백시 고원로 369 (화전동)","","몽봉골프연습장","2014-12-30 11:57:39","I","2023-06-13 00:00:00","","375118.224214313","410256.606197633","골프연습장업","사립","","0","1","274.8","0","","",
"373","골프연습장업","10_31_01_P","4221000","CDFH3301052006000003","2006-11-08","","03","폐업","03","폐업","2009-11-10","","","","","","235-100","강원특별자치도 태백시 장성동 1503","","","스카이랜드골프연습장","2009-11-11 08:56:35","I","2023-06-13 00:00:00","","","","골프연습장업","사립","","0","1","643","0","","",
"374","골프연습장업","10_31_01_P","4221000","CDFH3301052007000002","2007-09-18","","03","폐업","03","폐업","2010-12-09","","","","","","235-800","강원특별자치도 태백시 황지동 5-3","강원특별자치도 태백시 태백로 873 (황지동)","","88 골프 클럽","2014-12-30 14:20:37","I","2023-06-13 00:00:00","","376659.98834695","410544.718869234","골프연습장업","사립","","0","1","902.61","0","","",
"375","골프연습장업","10_31_01_P","4221000","CDFH3301052009000001","2009-08-25","","03","폐업","03","폐업","2014-02-06","","","","","","235-010","강원특별자치도 태백시 황지동 274-11","강원특별자치도 태백시 장수4길 24 (황지동)","","태백골프존","2014-02-06 13:27:12","I","2023-06-13 00:00:00","","376271.577001865","410589.758123039","골프연습장업","사립","","0","1","1585.81","0","","",
"376","골프연습장업","10_31_01_P","4221000","CDFH3301052011000002","2011-11-04","","03","폐업","03","폐업","2013-06-19","","","","552-0725","","235-801","강원특별자치도 태백시 황지동 253-17","강원특별자치도 태백시 먹거리길 98 (황지동)","235-801","리얼스크린골프존","2013-06-19 15:29:55","I","2023-06-13 00:00:00","","376610.33136993","409897.178810247","골프연습장업","사립","","0","1","1500.7","0","","",
"377","골프연습장업","10_31_01_P","4221000","CDFH3301052012000001","2012-07-10","","03","폐업","03","폐업","2013-07-17","","","","","","235-801","강원특별자치도 태백시 황지동 274-11","강원특별자치도 태백시 장수4길 24 (황지동)","235-801","훈골프","2013-07-16 17:51:57","I","2023-06-13 00:00:00","","376271.577001865","410589.758123039","골프연습장업","사립","","0","1","1696.3","0","","",
"378","골프연습장업","10_31_01_P","4221000","CDFH3301052013000001","2013-05-03","","03","폐업","03","폐업","2016-11-24","","","","033-580-7000","","235-010","강원특별자치도 태백시 황지동 산 176-28","강원특별자치도 태백시 서학로 861-0 (황지동)","26010","로비라운지","2016-11-24 14:32:16","I","2023-06-13 00:00:00","","","","골프연습장업","사립","Y","0","1","3567","0","","",
"379","골프연습장업","10_31_01_P","4221000","CDFH3301052013000003","2013-08-02","","03","폐업","03","폐업","2014-05-29","","","","033-553-7628","","235-800","강원특별자치도 태백시 황지동 200-26","강원특별자치도 태백시 번영로 144 (황지동)","235-800","원스크린","2014-07-16 08:57:07","I","2023-06-13 00:00:00","","376460.158282674","407946.301990225","골프연습장업","사립","","0","0","2979","0","","",
"380","골프연습장업","10_31_01_P","4221000","CDFH3301052015000001","2015-06-23","","03","폐업","03","폐업","2016-03-23","","","","","","235-010","강원특별자치도 태백시 황지동 산 176-28","강원특별자치도 태백시 서학로 861 (황지동)","26010","오투골프연습장","2017-01-04 09:45:07","I","2023-06-13 00:00:00","","","","골프연습장업","사립","","0","0","0","0","","",
"381","골프연습장업","10_31_01_P","4221000","CDFH3301052004000002","2004-10-06","","01","영업/정상","13","영업중","","","","","553-7892","","235-800","강원특별자치도 태백시 황지동 135","강원특별자치도 태백시 태백산로 5115 (황지동)","26037","태백실내골프연습장","2024-02-21 14:11:20","U","2024-02-23 02:40:00","","376766.642320805","406801.521759099","골프연습장업","사립","","0","0","330","0","","",
"382","골프연습장업","10_31_01_P","4221000","CDFH3301052006000001","2006-01-11","","01","영업/정상","13","영업중","","","","","","","","강원특별자치도 태백시 황지동 25-5","강원특별자치도 태백시 번영로 347, 4층 (황지동)","26008","버디스크린골프","2020-06-25 17:16:54","I","2023-06-13 00:00:00","","376778.358619631","409650.98786737","골프연습장업","사립","","0","1","681.57","0","","",
"383","골프연습장업","10_31_01_P","4221000","CDFH3301052007000001","2007-06-25","","01","영업/정상","13","영업중","","","","","","","235-030","강원특별자치도 태백시 소도동 47","강원특별자치도 태백시 천제단길 9 (소도동)","","한경","2016-06-20 17:41:22","I","2023-06-13 00:00:00","","374287.958551109","405059.142399291","골프연습장업","사립","0","0","1","228.75","0","","",
"384","골프연습장업","10_31_01_P","4221000","CDFH3301052008000001","2008-11-24","","01","영업/정상","13","영업중","","","","","553-0057","","235-010","강원특별자치도 태백시 황지동 예체아파트","강원특별자치도 태백시 대학길 81 (황지동)","26034","오투 스크린골프","2014-12-30 14:30:20","I","2023-06-13 00:00:00","","375611.757345184","408262.841808521","골프연습장업","사립","","0","0","21350.82","0","","",
"385","골프연습장업","10_31_01_P","4221000","CDFH3301052008000002","2008-12-22","","01","영업/정상","13","영업중","","","","","","","","강원특별자치도 태백시 황지동 274-11","강원특별자치도 태백시 장수4길 24 (황지동)","26025","프렌즈 스크린","2025-04-07 12:49:41","U","2025-04-09 02:40:00","","376271.577001865","410589.758123039","골프연습장업","사립","","0","1","1696.3","0","","",
"386","골프연습장업","10_31_01_P","4221000","CDFH3301052009000002","2009-09-04","","01","영업/정상","13","영업중","","","","","033-553-2482","","235-020","강원특별자치도 태백시 화전동 산 41-20","강원특별자치도 태백시 고원로 369 (화전동)","","꿈벌(몽봉)골프연습장","2014-12-30 11:55:42","I","2023-06-13 00:00:00","","375118.224214313","410256.606197633","골프연습장업","사립","","0","1","495.95","0","","",
"387","골프연습장업","10_31_01_P","4221000","CDFH3301052010000001","2010-07-20","","01","영업/정상","13","영업중","","","","","033-552-6606","","235-800","강원특별자치도 태백시 황지동 29-44","강원특별자치도 태백시 번영로 367 (황지동)","","조은 스크린 골프연습장","2015-05-14 10:15:51","I","2023-06-13 00:00:00","","376980.885838081","409642.082139912","골프연습장업","사립","","0","0","330","0","","",
"388","골프연습장업","10_31_01_P","4221000","CDFH3301052010000002","2010-11-08","","01","영업/정상","13","영업중","","","","","","","235-800","강원특별자치도 태백시 황지동 203-1","강원특별자치도 태백시 대학길 17 (황지동)","","파크스크린","2021-05-14 09:11:41","I","2023-06-13 00:00:00","","376197.362428593","408185.642067563","골프연습장업","사립","","0","0","435","0","","",
"389","골프연습장업","10_31_01_P","4221000","CDFH3301052010000003","2010-12-10","","01","영업/정상","13","영업중","","","","","033-554-0088","","235-800","강원특별자치도 태백시 황지동 5-3","강원특별자치도 태백시 태백로 873 (황지동)","26024","88골프연습장","2022-09-06 15:49:04","I","2023-06-13 00:00:00","","376659.98834695","410544.718869234","골프연습장업","사립","","0","1","482.5","0","","",
"390","골프연습장업","10_31_01_P","4221000","CDFH3301052011000001","2011-07-14","","01","영업/정상","13","영업중","","","","","","","","강원특별자치도 태백시 황지동 200-26","강원특별자치도 태백시 번영로 144, 4층 (황지동)","26038","길골프 아카데미","2025-07-08 16:44:17","U","2025-07-10 02:40:00","","376460.158282674","407946.301990225","골프연습장업","사립","","0","1","2979","0","","",
"391","골프연습장업","10_31_01_P","4221000","CDFH3301052011000003","2011-11-24","","01","영업/정상","13","영업중","","","","","033-581-0808","","235-100","강원특별자치도 태백시 장성동 150-72","강원특별자치도 태백시 보드미길 40 (장성동)","","힐스크린 골프연습장","2018-12-31 14:20:42","I","2023-06-13 00:00:00","","378339.1647699","401858.039227985","골프연습장업","사립","","0","1","2390","0","","",
"392","골프연습장업","10_31_01_P","4221000","CDFH3301052017000001","2017-07-13","","01","영업/정상","13","영업중","","","","","","","","","강원특별자치도 태백시 대학길 43, 3층 (황지동)","26034","골프존 파크 연습장","2017-07-14 14:14:40","I","2023-06-13 00:00:00","","375950.024354969","408178.876327442","골프연습장업","사립","","0","1","2535.79","0","","",
"393","골프연습장업","10_31_01_P","4221000","CDFH3301052017000002","2017-10-31","","01","영업/정상","13","영업중","","","","","","","","강원특별자치도 태백시 화전동 산 41-20","강원특별자치도 태백시 고원로 369 (화전동)","26010","꿈벌스크린골프","2018-07-17 15:09:22","I","2023-06-13 00:00:00","","375118.224214313","410256.606197633","골프연습장업","사립","","0","0","0","0","","",
"394","골프연습장업","10_31_01_P","4221000","CDFH3301052021000001","2021-11-26","","01","영업/정상","13","영업중","","","","","","","","강원특별자치도 태백시 황지동 104-33","강원특별자치도 태백시 상장로 72-3, 1층 (황지동)","26039","윤스크린골프","2021-11-26 09:13:01","I","2023-06-13 00:00:00","","376755.341130461","407535.179059627","골프연습장업","사립","","0","0","425.16","0","","",
"395","골프연습장업","10_31_01_P","4221000","CDFH3301051997000001","1997-09-11","","01","영업/정상","13","영업중","","","","","553-5800","","235-030","강원특별자치도 태백시 소도동 101-5","강원특별자치도 태백시 태백산로 4772  (소도동)","","지선골프연습장","2002-12-04 15:22:21","I","2023-06-13 00:00:00","","374219.653714932","405064.893075926","골프연습장업","사립","0","0","0","9182","0","","",
"396","골프연습장업","10_31_01_P","4221000","CDFH3301052003000001","2003-04-24","","01","영업/정상","13","영업중","","","","","","","235-010","강원특별자치도 태백시 황지동 5953","","","프로골프실내연습장","2009-03-18 17:22:05","I","2023-06-13 00:00:00","","","","골프연습장업","사립","0","0","1","1217","0","","",
"397","골프연습장업","10_31_01_P","4221000","CDFH3301052004000001","2004-03-09","","01","영업/정상","13","영업중","","","","","552-6663","","235-801","강원특별자치도 태백시 황지동 274-697","강원특별자치도 태백시 연지로33번길 14 (황지동)","","홀인실내골프연습장","2014-01-13 16:49:43","I","2023-06-13 00:00:00","","376694.736629342","410194.010139168","골프연습장업","사립","","0","0","557","0","","",
"398","골프연습장업","10_31_01_P","4221000","CDFH3301052025000001","2025-07-08","","01","영업/정상","13","영업중","","","","","033-554-1796","","","강원특별자치도 태백시 황지동 200-26","강원특별자치도 태백시 번영로 144, 3층 (황지동)","26038","팍스골프피팅연습장","2025-07-08 16:50:33","I","2025-07-10 00:20:01","","376460.158282674","407946.301990225","골프연습장업","사립","","0","0","2703.38","0","","",
"399","골프연습장업","10_31_01_P","4221000","CDFH3301052013000002","2013-07-05","","04","취소/말소/만료/정지/중지","35","직권말소","2023-07-27","","","","033-554-0045","","235-800","강원특별자치도 태백시 황지동 5","강원특별자치도 태백시 태백로 873, 3층 (황지동)","26024","세븐버디","2023-07-28 15:30:16","U","2023-07-30 02:40:00","","376707.539171582","410389.191960143","골프연습장업","사립","","0","1","1203.86","0","","",
"400","골프연습장업","10_31_01_P","4231000","CDFH3301052005000006","2005-11-03","","03","폐업","03","폐업","2023-02-22","","","","633-3700","","217-804","강원특별자치도 속초시 교동 737-7 아남프라자 6층","강원특별자치도 속초시 동해대로 4236, 6층 (교동, 아남프라자)","24853","아남스크린골프","2023-02-22 19:55:33","I","2023-06-13 00:00:00","","338132.520338395","522766.508207672","골프연습장업","사립","","0","1","30618.33","0","","",
"401","골프연습장업","10_31_01_P","4231000","CDFH3301052007000001","2007-01-29","","03","폐업","03","폐업","2009-08-01","","","","635-5076","","217-070","강원특별자치도 속초시 노학동 721-6 동신빌라 2층","강원특별자치도 속초시 미시령로 3161, 2층 (노학동, 동신빌라)","24802","시노골프스윙센터","2016-03-10 10:38:51","I","2023-06-13 00:00:00","","335943.574867262","523640.295264118","골프연습장업","사립","","0","1","639.52","0","","",
"402","골프연습장업","10_31_01_P","4231000","CDFH3301052007000002","2007-06-15","","03","폐업","03","폐업","2017-05-30","","","","637-1234","","217-805","강원특별자치도 속초시 교동 795-9","강원특별자치도 속초시 동해대로 4405 (교동)","24802","오렌지골프연습장","2017-06-07 18:11:35","I","2023-06-13 00:00:00","","336847.791108198","523795.9623987","골프연습장업","사립","","0","1","1602","0","","",
"403","골프연습장업","10_31_01_P","4231000","CDFH3301052008000001","2008-01-21","","03","폐업","03","폐업","2023-02-22","","","","","","","강원특별자치도 속초시 교동 1020-3","강원특별자치도 속초시 엑스포로 135-6 (교동)","24854","더 에이치 프렌즈스크린 GDR 속초점","2023-02-22 19:58:19","I","2023-06-13 00:00:00","","338433.523930847","522690.582277526","골프연습장업","사립","","0","1","1467.1","0","","",
"404","골프연습장업","10_31_01_P","4231000","CDFH3301052008000002","2008-06-11","","03","폐업","03","폐업","2017-07-19","","","","033-635-8898","","217-811","강원특별자치도 속초시 조양동 663-1","강원특별자치도 속초시 조양로 185 (조양동)","24880","환타지아 골프연습장","2017-07-19 15:09:03","I","2023-06-13 00:00:00","","","","골프연습장업","사립","","0","1","9144.35","0","","",
"405","골프연습장업","10_31_01_P","4231000","CDFH3301052008000003","2008-08-05","","03","폐업","03","폐업","2018-12-05","","","","631-5570","","217-805","강원특별자치도 속초시 교동 781-60 401호","강원특별자치도 속초시 미시령로3359번길 20, 401호 (교동)","24820","비전골프연습장","2018-12-06 08:45:01","I","2023-06-13 00:00:00","","337846.12972941","523849.441926247","골프연습장업","사립","","0","1","10420","0","","",
"406","골프연습장업","10_31_01_P","4231000","CDFH3301052008000004","2008-08-20","","03","폐업","03","폐업","2019-05-30","","","","","","217-811","강원특별자치도 속초시 조양동 1034-49","강원특별자치도 속초시 동해대로 4030 (조양동)","24872","홀인원스크린골프","2019-05-30 14:48:40","I","2023-06-13 00:00:00","","339562.195482133","522000.988103454","골프연습장업","사립","","0","1","10963.67","0","","",
"407","골프연습장업","10_31_01_P","4231000","CDFH3301052009000002","2009-12-01","","03","폐업","03","폐업","2019-09-05","","","","635-1414","","217-010","강원특별자치도 속초시 영랑동 148-9","강원특별자치도 속초시 중앙로 346 (영랑동)","24808","영랑호골프아카데미","2019-09-06 11:25:20","I","2023-06-13 00:00:00","","339352.254873","525240.903037651","골프연습장업","사립","","0","0","0","0","","",
"408","골프연습장업","10_31_01_P","4231000","CDFH3301052010000001","2010-01-22","","03","폐업","03","폐업","2016-09-30","","","","","","217-060","강원특별자치도 속초시 교동 629-4","강원특별자치도 속초시 번영로31번길 6-2 (교동)","24843","국제골프아카데미","2016-10-05 16:26:33","I","2023-06-13 00:00:00","","338473.693993597","523510.366165144","골프연습장업","사립","","0","1","1001.74","0","","",
"409","골프연습장업","10_31_01_P","4231000","CDFH3301051990000001","1990-06-02","","03","폐업","03","폐업","2004-10-07","","","","631-2337","","217-040","강원특별자치도 속초시 금호동 산 165","","","설악골프연습장","2006-03-09 16:20:31","I","2023-06-13 00:00:00","","","","골프연습장업","사립","0","0","0","5384","0","","",
"410","골프연습장업","10_31_01_P","4231000","CDFH3301051995000001","1995-06-07","","03","폐업","03","폐업","2004-10-13","","","","02-534-2283","","217-807","강원특별자치도 속초시 금호동 600-7","강원특별자치도 속초시 영랑호반길 140  (금호동)","","(주)한일합섬 영랑호리조트 골프연습장","2005-06-14 14:30:41","I","2023-06-13 00:00:00","","338374.412974913","524654.315852627","골프연습장업","사립","0","0","0","0","0","","",
"411","골프연습장업","10_31_01_P","4231000","CDFH3301051997000001","1997-03-31","","03","폐업","03","폐업","2006-03-06","","","","631-7300","","217-801","강원특별자치도 속초시 교동 620-32","강원특별자치도 속초시 미시령로 3395  (교동)","","현대그린골프스쿨","2006-03-09 16:23:38","I","2023-06-13 00:00:00","","338083.352997041","523930.005860776","골프연습장업","사립","0","0","0","0","0","","",
"412","골프연습장업","10_31_01_P","4231000","CDFH3301052002000001","2002-09-16","","03","폐업","03","폐업","2005-11-11","","","","636-5766","","217-805","강원특별자치도 속초시 교동 800-60","강원특별자치도 속초시 만리공원길 9  (교동)","","속초골프스쿨","2005-11-11 10:31:53","I","2023-06-13 00:00:00","","337585.503315531","523164.098375071","골프연습장업","사립","0","0","0","0","0","","",
"413","골프연습장업","10_31_01_P","4231000","CDFH3301052005000001","2005-01-06","","03","폐업","03","폐업","2008-01-17","","","","638-6868","","217-811","강원특별자치도 속초시 조양동 1034-49 309,310,311,312","강원특별자치도 속초시 동해대로 4030  (조양동,309,310,311,312)","","황현진골프스쿨","2008-01-17 11:48:37","I","2023-06-13 00:00:00","","339562.195482133","522000.988103454","골프연습장업","사립","0","0","0","0","0","","",
"414","골프연습장업","10_31_01_P","4231000","CDFH3301052005000002","2005-04-02","","03","폐업","03","폐업","2006-03-09","","","","638-8077","","217-813","강원특별자치도 속초시 조양동 1521-1","강원특별자치도 속초시 동해대로 4063  (조양동)","","황보골프연습장","2007-10-09 15:55:22","I","2023-06-13 00:00:00","","339245.193695206","521897.399944984","골프연습장업","사립","0","0","0","0","0","","",
"415","골프연습장업","10_31_01_P","4231000","CDFH3301052005000004","2005-04-14","","03","폐업","03","폐업","2008-08-22","","","","632-2995","","217-813","강원특별자치도 속초시 조양동 1507-5","강원특별자치도 속초시 동해대로 4087  (조양동)","","신라골프연습장","2008-08-22 16:56:00","I","2023-06-13 00:00:00","","339009.965682931","521892.531482816","골프연습장업","사립","0","0","0","0","0","","",
"416","골프연습장업","10_31_01_P","4231000","CDFH3301052005000005","2005-10-20","","03","폐업","03","폐업","2006-08-31","","","","637-0202","","217-812","강원특별자치도 속초시 조양동 1497-6","강원특별자치도 속초시 동해대로 4161  (조양동)","","부영골프연습장","2006-08-31 13:01:43","I","2023-06-13 00:00:00","","338309.768445845","522043.284984333","골프연습장업","사립","0","0","1","1253.26","0","","",
"417","골프연습장업","10_31_01_P","4231000","CDFH3301052017000002","2017-03-13","","03","폐업","03","폐업","2023-09-14","","","","033-637-9555","","","","강원특별자치도 속초시 미시령로3359번길 20, 4층 401호 (교동)","24820","비전골프랜드","2023-09-14 15:54:57","U","2023-09-16 02:40:00","","337846.12972941","523849.441926247","골프연습장업","사립","","0","0","0","0","","",
"418","골프연습장업","10_31_01_P","4231000","CDFH3301052017000004","2017-07-19","","03","폐업","03","폐업","2023-02-22","","","","033-636-2300","","","","강원특별자치도 속초시 이목로 137 (노학동, 농협연수원)","24859","농협보험설악수련원 스크린골프연습장","2023-02-22 20:02:03","I","2023-06-13 00:00:00","","335800.413961363","522760.189737008","골프연습장업","사립","","0","1","10554.81","0","","",
"419","골프연습장업","10_31_01_P","4231000","CDFH3301052018000002","2018-05-30","","03","폐업","03","폐업","2020-08-19","","","","033-636-6006","","","강원특별자치도 속초시 교동 1022-14","강원특별자치도 속초시 엑스포로2길 20 (교동)","24854","버디버디골프연습장","2020-08-19 15:14:35","I","2023-06-13 00:00:00","","338383.482745223","522556.974965224","골프연습장업","사립","","0","1","0","0","","",
"420","골프연습장업","10_31_01_P","4231000","CDFH3301052018000005","2018-08-06","","03","폐업","03","폐업","2023-08-08","","","","","","","강원특별자치도 속초시 조양동 1034-49","강원특별자치도 속초시 동해대로 4030, 2층 204, 205호 (조양동)","24872","골프존파크 조양청초속초점","2023-08-08 15:17:57","U","2023-08-10 02:40:00","","339562.195482133","522000.988103454","골프연습장업","사립","Y","1","0","10963.67","0","","",
"421","골프연습장업","10_31_01_P","4231000","CDFH3301052019000001","2019-03-28","","03","폐업","03","폐업","2023-02-22","","","","033-631-5096","","","강원특별자치도 속초시 조양동 650-26","강원특별자치도 속초시 동해대로 4140, 2층 (조양동)","24872","갤러웨이 스크린골프연습장","2023-02-22 20:01:34","I","2023-06-13 00:00:00","","338489.775770851","521953.623670707","골프연습장업","사립","","0","0","870","0","","",
"422","골프연습장업","10_31_01_P","4231000","CDFH3301052019000002","2019-04-03","","03","폐업","03","폐업","2023-02-22","","","","033-638-4568","","","강원특별자치도 속초시 교동 620-32","강원특별자치도 속초시 미시령로 3395, 현대쇼핑 1층 (교동)","24815","SG 속초 스크린골프 센터","2023-02-22 20:00:20","I","2023-06-13 00:00:00","","338083.352997041","523930.005860776","골프연습장업","사립","","0","0","6153.55","0","","",
"423","골프연습장업","10_31_01_P","4231000","CDFH3301052019000004","2019-12-16","","03","폐업","03","폐업","2020-04-24","","","","","","","강원특별자치도 속초시 동명동 596 e편한세상 영랑호아파트","강원특별자치도 속초시 번영로129번길 22, 상가2동 1층 101호 (동명동, e편한세상 영랑호아파트)","24821","JJun 골프","2020-04-24 11:06:02","I","2023-06-13 00:00:00","","338821.74419007","524404.001423396","골프연습장업","사립","","0","0","225.73","0","","",
"424","골프연습장업","10_31_01_P","4231000","CDFH3301052020000001","2020-07-03","","03","폐업","03","폐업","2023-02-22","","","","","","","강원특별자치도 속초시 금호동 482-18 삼성홈프레스티지2","강원특별자치도 속초시 청초호반로 291, 삼성홈프레스티지2 2층 202~204호 (금호동)","24837","금호 썬라이즈스크린골프","2023-02-22 19:59:24","I","2023-06-13 00:00:00","","339118.609002232","523289.377609246","골프연습장업","사립","","0","0","23614.23","0","","",
"425","골프연습장업","10_31_01_P","4231000","CDFH3301052020000002","2020-07-14","","03","폐업","03","폐업","2023-02-22","","","","","","","강원특별자치도 속초시 교동 783 대명늘푸른아파트","강원특별자치도 속초시 미시령로3337번길 7, 상가동 지하층 제1호, 제2호호 (교동, 대명늘푸른아파트)","24819","파온스크린골프연습장","2023-02-22 19:59:08","I","2023-06-13 00:00:00","","337497.378386686","523622.744822865","골프연습장업","사립","","0","0","1492.37","0","","",
"426","골프연습장업","10_31_01_P","4231000","CDFH3301052010000002","2010-03-22","","03","폐업","03","폐업","2011-11-10","","","","033-631-5888","","217-080","강원특별자치도 속초시 조양동 1503-12","강원특별자치도 속초시 동해대로 4113 (조양동)","24874","제이엔제이골프연습장","2016-03-10 14:55:17","I","2023-06-13 00:00:00","","338737.360066441","521886.77355146","골프연습장업","사립","","0","0","290.94","0","","",
"427","골프연습장업","10_31_01_P","4231000","CDFH3301052010000005","2010-11-10","","03","폐업","03","폐업","2023-02-22","","","","","","217-812","강원특별자치도 속초시 조양동 1422-3","강원특별자치도 속초시 조양로10번길 38 (조양동)","24893","굿스크린골프","2023-02-22 20:08:54","I","2023-06-13 00:00:00","","340011.672378344","521937.230233048","골프연습장업","사립","","0","1","0","0","","",
"428","골프연습장업","10_31_01_P","4231000","CDFH3301052011000001","2011-02-01","","03","폐업","03","폐업","2023-02-22","","","","638-2222","","217-805","강원특별자치도 속초시 교동 800-8","강원특별자치도 속초시 만리공원길 4 (교동)","217-805","킹스크린골프존","2023-02-22 20:05:20","I","2023-06-13 00:00:00","","337565.599518491","523084.655778516","골프연습장업","사립","","0","1","1253.87","0","","",
"429","골프연습장업","10_31_01_P","4231000","CDFH3301052005000003","2005-04-11","","03","폐업","03","폐업","2017-01-09","","","","631-0505","","217-803","강원특별자치도 속초시 교동 668-32 근로자종합복지관","강원특별자치도 속초시 청초호반로 201 (교동, 근로자종합복지관)","24854","엑스포골프연습장","2017-01-09 15:57:31","I","2023-06-13 00:00:00","","338366.246041414","522794.809044187","골프연습장업","사립","","0","0","0","0","","",
"430","골프연습장업","10_31_01_P","4231000","CDFH3301052009000001","2009-07-08","","01","영업/정상","13","영업중","","","","","632-0002","","217-813","강원특별자치도 속초시 조양동 1507-1","강원특별자치도 속초시 동해대로 4093 (조양동)","24873","골프스토리","2021-01-30 10:39:36","I","2023-06-13 00:00:00","","338928.546720125","521890.757415377","골프연습장업","사립","","0","0","1950.66","0","","",
"431","골프연습장업","10_31_01_P","4231000","CDFH3301052001000001","2001-03-22","","01","영업/정상","13","영업중","","","","","637-9111","","217-070","강원특별자치도 속초시 노학동 710-0","강원특별자치도 속초시 이목로 134 (노학동)","24859","설악골프연습장","2012-08-30 17:57:03","I","2023-06-13 00:00:00","","335684.525798945","523081.373345729","골프연습장업","사립","Y","1","1","1262.07","0","","",
"432","골프연습장업","10_31_01_P","4231000","CDFH3301052002000002","2002-11-08","","01","영업/정상","13","영업중","","","","","033-638-8212","","217-806","강원특별자치도 속초시 교동 969-7","강원특별자치도 속초시 먹거리2길 1 (교동)","24858","나이스골프아카데미","2016-09-28 09:30:10","I","2023-06-13 00:00:00","","337729.603350903","522384.431105167","골프연습장업","사립","","0","1","787.35","0","","",
"433","골프연습장업","10_31_01_P","4231000","CDFH3301052017000001","2017-01-11","","01","영업/정상","13","영업중","","","","","","","","","강원특별자치도 속초시 청초호반로 201 (교동)","24854","엑스포 국제아카데미골프연습장","2022-09-19 09:48:54","I","2023-06-13 00:00:00","","338366.246041414","522794.809044187","골프연습장업","사립","","0","1","4975.71","0","","",
"434","골프연습장업","10_31_01_P","4231000","CDFH3301052017000003","2017-06-09","","01","영업/정상","13","영업중","","","","","","","","강원특별자치도 속초시 교동 795-9","강원특별자치도 속초시 동해대로 4405 (교동)","24802","오렌지골프연습장","2021-04-21 09:48:28","I","2023-06-13 00:00:00","","336847.791108198","523795.9623987","골프연습장업","사립","Y","1","1","0","0","","",
"435","골프연습장업","10_31_01_P","4231000","CDFH3301052017000005","2017-11-10","","01","영업/정상","13","영업중","","","","","","","","강원특별자치도 속초시 금호동 625-254","강원특별자치도 속초시 번영로43번길 18-9, 1동 1층 (금호동)","24842","우정골프연습장","2019-05-30 16:22:38","I","2023-06-13 00:00:00","","338491.550940702","523754.518714296","골프연습장업","사립","","1","1","0","0","","",
"436","골프연습장업","10_31_01_P","4231000","CDFH3301052018000001","2018-03-28","","01","영업/정상","13","영업중","","","","","","","","강원특별자치도 속초시 교동 673-2","강원특별자치도 속초시 동해대로 4208, 1동 2층 (교동)","24854","이프로스크린골프연습장","2024-12-17 13:21:22","U","2024-12-19 02:40:00","","338181.444414781","522457.286559018","골프연습장업","사립","","1","1","662.4","0","","",
"437","골프연습장업","10_31_01_P","4231000","CDFH3301052018000003","2018-05-30","","01","영업/정상","13","영업중","","","","","033-636-6006","","","강원특별자치도 속초시 교동 1022-14","강원특별자치도 속초시 엑스포로2길 20 (교동)","24854","버디버디 스크린골프장","2019-05-30 16:08:52","I","2023-06-13 00:00:00","","338383.482745223","522556.974965224","골프연습장업","사립","","0","0","0","0","","",
"438","골프연습장업","10_31_01_P","4231000","CDFH3301052018000004","2018-07-02","","01","영업/정상","13","영업중","","","","","","","","강원특별자치도 속초시 조양동 1034-49","강원특별자치도 속초시 동해대로 4030, 3층 310~312호 (조양동)","24872","수(秀) 골프아카데미","2019-05-16 13:59:27","I","2023-06-13 00:00:00","","339562.195482133","522000.988103454","골프연습장업","사립","","0","0","0","0","","",
"439","골프연습장업","10_31_01_P","4231000","CDFH3301052019000003","2019-05-16","","01","영업/정상","13","영업중","","","","","033-636-1881","","","강원특별자치도 속초시 조양동 1034-49","강원특별자치도 속초시 동해대로 4030, 3층 309호 (조양동)","24872","수(秀) 골프스튜디오","2019-05-16 13:59:55","I","2023-06-13 00:00:00","","339562.195482133","522000.988103454","골프연습장업","사립","","0","0","0","0","","",
"440","골프연습장업","10_31_01_P","4231000","CDFH3301052020000003","2020-08-28","","01","영업/정상","13","영업중","","","","","033-633-0752","","","강원특별자치도 속초시 조양동 1019","강원특별자치도 속초시 동해대로 4070, 4층 (조양동)","24872","345 골프연습장","2020-09-16 09:03:45","I","2023-06-13 00:00:00","","339169.722060404","521964.120724557","골프연습장업","사립","","0","0","2999.16","0","","",
"441","골프연습장업","10_31_01_P","4231000","CDFH3301052022000001","2022-11-25","","01","영업/정상","13","영업중","","","","","","","","강원특별자치도 속초시 교동 800-60","강원특별자치도 속초시 만리공원길 9 (교동)","24844","속초골프스쿨","2022-11-25 09:27:35","I","2023-06-13 00:00:00","","337585.503315531","523164.098375071","골프연습장업","사립","","0","0","754.62","0","","",
"442","골프연습장업","10_31_01_P","4231000","CDFH3301052010000003","2010-04-27","","01","영업/정상","13","영업중","","","","","638-0707","","217-010","강원특별자치도 속초시 영랑동 231-2 동진오피스텔 1층 107호","강원특별자치도 속초시 번영로 170, 1층 107호 (영랑동, 동진오피스텔)","24822","동진골프아카데미","2016-03-24 10:58:21","I","2023-06-13 00:00:00","","339176.650048112","524605.091450161","골프연습장업","사립","","0","1","29888.76","0","","",
"443","골프연습장업","10_31_01_P","4231000","CDFH3301052010000004","2010-08-23","","01","영업/정상","13","영업중","","","","","033-638-9113","","217-060","강원특별자치도 속초시 교동 620-32 301호","강원특별자치도 속초시 미시령로 3395 (교동)","24815","현대골프아카데미","2022-04-13 10:54:22","I","2023-06-13 00:00:00","","338083.352997041","523930.005860776","골프연습장업","사립","","0","1","615355","0","","",
"444","골프연습장업","10_31_01_P","4231000","CDFH3301052025000001","2025-03-11","","01","영업/정상","13","영업중","","","","","","","","강원특별자치도 속초시 교동 1022-19","강원특별자치도 속초시 엑스포로 121-11, 4층 (교동)","24854","리커버리 SWING","2025-03-11 17:41:08","I","2025-03-13 00:11:06","","338410.406062616","522587.969964907","골프연습장업","사립","","1","1","891.36","0","","",
"445","골프연습장업","10_31_01_P","4231000","CDFH3301052006000002","2006-11-27","","04","취소/말소/만료/정지/중지","35","직권말소","2019-12-09","","","","033-633-5055","","217-805","강원특별자치도 속초시 교동 783-3 늘푸른상가 지하 1층","강원특별자치도 속초시 미시령로3337번길 지하 10, 1층 (교동, 늘푸른상가)","217-805","늘푸른골프연습장","2019-12-09 11:04:50","I","2023-06-13 00:00:00","","337573.653045728","523709.27579074","골프연습장업","사립","","0","1","1492.37","0","","",
"446","골프연습장업","10_31_01_P","4231000","CDFH3301052004000001","2004-03-09","","04","취소/말소/만료/정지/중지","35","직권말소","2020-01-23","","","","636-7929","","217-801","강원특별자치도 속초시 교동 629-2","강원특별자치도 속초시 번영로31번길 5-7 (교동)","24839","뉴설악골프연습장","2020-01-28 13:43:17","I","2023-06-13 00:00:00","","338458.857134435","523475.167835895","골프연습장업","사립","","0","0","0","0","","",
"447","골프연습장업","10_31_01_P","4241000","CDFH3301052009000001","2009-04-24","","03","폐업","03","폐업","2014-11-30","","","","573-1872","","","강원특별자치도 삼척시 남양동 329-13","강원특별자치도 삼척시 중앙로 217-1 (남양동)","25920","골프존","2025-05-19 14:45:47","U","2025-05-21 02:40:00","","391751.04424465","440043.575892972","골프연습장업","사립","","0","0","1528.5","0","","",
"448","골프연습장업","10_31_01_P","4241000","CDFH3301052010000003","2010-04-29","","03","폐업","03","폐업","2012-05-25","","","","575-3535","","245-080","강원특별자치도 삼척시 교동 742 교동타워 201호 일부","강원특별자치도 삼척시 청석로 67  (교동,교동타워 201호 일부)","","교동골프스쿨","2012-05-25 17:52:03","I","2023-06-13 00:00:00","","392517.414286382","440686.94821231","골프연습장업","사립","","0","0","0","0","","",
"449","골프연습장업","10_31_01_P","4241000","CDFH3301052011000002","2011-10-26","","03","폐업","03","폐업","2015-12-24","","","","","","","강원특별자치도 삼척시 원덕읍 호산리","강원특별자치도 삼척시 원덕읍 삼척로 258","25961","JK스크린골프","2016-01-12 15:36:03","I","2023-06-13 00:00:00","","","","골프연습장업","사립","","0","1","0","0","","",
"450","골프연습장업","10_31_01_P","4241000","CDFH3301052012000001","2012-09-25","","03","폐업","03","폐업","2022-01-21","","","","574-6699","","245-936","강원특별자치도 삼척시 남양동 55-122 천지연사우나 2층","강원특별자치도 삼척시 중앙로 174-33 (남양동)","25929","준골프아카데미","2022-01-21 11:42:11","I","2023-06-13 00:00:00","","391874.449727905","439616.20408832","골프연습장업","사립","","0","1","1137","0","","",
"451","골프연습장업","10_31_01_P","4241000","CDFH3301052014000001","2014-03-03","","03","폐업","03","폐업","2021-12-07","","","","","","245-080","강원특별자치도 삼척시 교동 743-4","강원특별자치도 삼척시 청석로3길 15, 3층 (교동)","25924","교동골프아카데미","2021-12-07 14:14:47","I","2023-06-13 00:00:00","","392527.092819337","440727.409628706","골프연습장업","사립","Y","1","0","947.1","0","","",
"452","골프연습장업","10_31_01_P","4241000","CDFH3301052016000001","2016-12-20","","03","폐업","03","폐업","2020-05-26","","","","573-3351","","","강원특별자치도 삼척시 원덕읍 옥원리 268","강원특별자치도 삼척시 원덕읍 삼척로 581-3","25957","원덕스크린골프연습장","2020-05-26 15:49:37","I","2023-06-13 00:00:00","","406528.442239214","411865.286588687","골프연습장업","사립","Y","0","1","0","0","","",
"453","골프연습장업","10_31_01_P","4241000","CDFH3301052004000001","2004-12-23","","03","폐업","03","폐업","2006-10-23","","","","033-573-9696","","245-946","강원특별자치도 삼척시 정상동 351-1","강원특별자치도 삼척시 동해대로 4098  (정상동)","","삼척온천골프연습장","2006-10-24 10:36:01","I","2023-06-13 00:00:00","","392858.542440982","440481.46963145","골프연습장업","사립","0","0","1","6774","0","","",
"454","골프연습장업","10_31_01_P","4241000","CDFH3301052005000001","2005-01-03","","03","폐업","03","폐업","2007-04-24","","","","576-0979","","245-946","강원특별자치도 삼척시 정상동 316-4","강원특별자치도 삼척시 동해대로 4044-10  (정상동)","","훼밀리골프","2007-04-24 11:28:03","I","2023-06-13 00:00:00","","392739.335993928","439933.105654009","골프연습장업","사립","0","0","1","648.57","0","","",
"455","골프연습장업","10_31_01_P","4241000","CDFH3301052006000001","2006-08-08","","03","폐업","03","폐업","2010-09-02","","","","033-541-0755","","245-908","강원특별자치도 삼척시 도계읍 전두리 83-35","강원특별자치도 삼척시 도계읍 전두시장길 20","","도계스크린골프연습장","2010-09-03 16:03:46","I","2023-06-13 00:00:00","","381192.613146142","416032.819493814","골프연습장업","사립","0","0","0","353.38","0","","",
"456","골프연습장업","10_31_01_P","4241000","CDFH3301052006000002","2006-09-11","","03","폐업","03","폐업","2007-07-24","","","","575-0094","","245-080","강원특별자치도 삼척시 교동 744-7 파인힐빌딩2층","강원특별자치도 삼척시 청석로 59  (교동,파인힐빌딩2층)","","골프스토리","2007-07-30 17:39:48","I","2023-06-13 00:00:00","","392446.084654054","440666.040272854","골프연습장업","사립","0","0","0","2504.62","0","","",
"457","골프연습장업","10_31_01_P","4241000","CDFH3301052023000001","2023-08-28","","01","영업/정상","13","영업중","","","","","","","","강원특별자치도 삼척시 원당동 102","강원특별자치도 삼척시 오십천로 274, 3층 (원당동)","25918","GDR 플러스 아카데미 삼척점","2024-01-31 06:18:43","U","2024-02-02 02:40:00","","390174.8037012","439509.444794328","골프연습장업","사립","","0","1","1602","0","","",
"458","골프연습장업","10_31_01_P","4241000","CDFH3301052009000002","2009-08-17","","01","영업/정상","13","영업중","","","","","033-575-9994","","","강원특별자치도 삼척시 남양동 327-14","강원특별자치도 삼척시 중앙시장2길 22-10 (남양동)","25920","버디 스크린 골프","2018-02-07 20:03:53","I","2023-06-13 00:00:00","","391665.175591819","440104.979242244","골프연습장업","사립","","0","0","0","0","","",
"459","골프연습장업","10_31_01_P","4241000","CDFH3301052010000001","2010-02-05","","01","영업/정상","13","영업중","","","","","033-541-9528","","245-905","강원특별자치도 삼척시 도계읍 도계리 373-9 (1층)","","","도계 존 골프연습장","2012-04-27 12:56:22","I","2023-06-13 00:00:00","","381357.440477362","416879.066643275","골프연습장업","사립","","0","0","164","0","","",
"460","골프연습장업","10_31_01_P","4241000","CDFH3301052010000002","2010-03-03","","01","영업/정상","13","영업중","","","","","575-0779","","","강원특별자치도 삼척시 교동 742 201호","강원특별자치도 삼척시 청석로 67, C프라자 201호 (교동)","25924","교동스크린골프","2018-02-07 20:02:42","I","2023-06-13 00:00:00","","392517.414286382","440686.94821231","골프연습장업","사립","","0","0","9899","0","","",
"461","골프연습장업","10_31_01_P","4241000","CDFH3301052010000004","2010-11-30","","01","영업/정상","13","영업중","","","","","033-572-1872","","","강원특별자치도 삼척시 당저동 30-3 4층","강원특별자치도 삼척시 중앙로 270, 산림조합 4층 (당저동)","25922","삼척골프파크","2020-02-06 13:47:34","I","2023-06-13 00:00:00","","391729.614426597","440543.428069758","골프연습장업","사립","","0","0","1902.4","0","","",
"462","골프연습장업","10_31_01_P","4241000","CDFH3301052011000001","2011-05-24","","01","영업/정상","13","영업중","","","","","573-8207","","","강원특별자치도 삼척시 정상동 344-3 503호","강원특별자치도 삼척시 정상안길 97, 금강프라자 503호 (정상동)","25926","김명한골프스쿨","2024-01-29 15:23:46","U","2024-01-31 02:40:00","","392593.126887095","440411.382752103","골프연습장업","사립","","0","5","724","0","","",
"463","골프연습장업","10_31_01_P","4241000","CDFH3301052015000001","2015-07-16","","01","영업/정상","13","영업중","","","","","033-575-0779","","245-080","강원특별자치도 삼척시 교동 742","강원특별자치도 삼척시 청석로 67 (교동)","25924","교동스크린골프 타워점","2016-02-02 15:04:41","I","2023-06-13 00:00:00","","392517.414286382","440686.94821231","골프연습장업","사립","Y","0","0","0","0","","",
"464","골프연습장업","10_31_01_P","4241000","CDFH3301052015000002","2015-07-29","","01","영업/정상","13","영업중","","","","","033 541 2921","","","","강원특별자치도 삼척시 도계읍 도계로 206-2","25947","청호스크린골프","2016-02-02 15:02:38","I","2023-06-13 00:00:00","","381229.817414226","415982.95988248","골프연습장업","사립","Y","0","0","0","0","","",
"465","골프연습장업","10_31_01_P","4241000","CDFH3301052003000001","2003-04-22","","01","영업/정상","13","영업중","","","","","574-1433","","","강원특별자치도 삼척시 등봉동 6-1","강원특별자치도 삼척시 오십천로 102-12 (등봉동)","25907","그린골프연습장","2018-02-07 20:05:41","I","2023-06-13 00:00:00","","388572.775592006","439937.148060215","골프연습장업","사립","","0","0","721.93","0","","",
"466","골프연습장업","10_31_01_P","4241000","CDFH3301052003000002","2003-04-22","","01","영업/정상","13","영업중","","","","","575-0750","","","강원특별자치도 삼척시 당저동 62-6","강원특별자치도 삼척시 진주로 50-1, 정골프스쿨 (당저동)","25921","정 골프스쿨","2018-02-07 21:07:07","I","2023-06-13 00:00:00","","391445.387848146","440328.495311509","골프연습장업","사립","","0","0","683.97","0","","",
"467","골프연습장업","10_31_01_P","4241000","CDFH3301052003000003","2003-04-22","","01","영업/정상","13","영업중","","","","","570-5000","","245-833","강원특별자치도 삼척시 근덕면 상맹방리 산 7-1","","","맹방골프연습장","2014-05-21 11:19:05","I","2023-06-13 00:00:00","","","","골프연습장업","사립","","0","0","210.06","0","","",
"468","골프연습장업","10_31_01_P","4241000","CDFH3301052003000004","2003-04-22","","01","영업/정상","13","영업중","","","","","575-0755","","245-110","강원특별자치도 삼척시 우지동 99-7","","","청봉골프연습장","2023-11-20 11:18:38","U","2023-11-22 02:40:00","","","","골프연습장업","사립","","0","0","0","0","","",
"469","골프연습장업","10_31_01_P","4251000","CDFH3301052011000002","2011-06-22","","02","휴업","02","휴업","","2025-04-15","2026-04-14","","","","","강원특별자치도 홍천군 서면 팔봉리 1290-2","강원특별자치도 홍천군 서면 한치골길 262","25102","대명비발디파크 골프연습장","2025-05-09 10:50:21","U","2025-05-11 02:40:00","","260030.280736472","460691.714032464","골프연습장업","사립","","1","0","15328.57","0","","",
"470","골프연습장업","10_31_01_P","4251000","CDFH3301052011000003","2011-06-22","","03","폐업","03","폐업","2020-04-07","","","","033-435-7704","","","강원특별자치도 홍천군 홍천읍 희망리 339-10","강원특별자치도 홍천군 홍천읍 석화로 19","25120","골프존 아카데미","2020-04-07 08:14:26","I","2023-06-13 00:00:00","","277741.625449712","465967.148807487","골프연습장업","사립","","0","0","227.81","0","","",
"471","골프연습장업","10_31_01_P","4251000","CDFH3301052012000001","2012-03-19","","03","폐업","03","폐업","2020-04-07","","","","033-436-8008","","250-934","강원특별자치도 홍천군 홍천읍 연봉리 389-3","강원특별자치도 홍천군 홍천읍 장전평로 66","25142","캐슬 스크린골프존","2020-04-07 08:17:20","I","2023-06-13 00:00:00","","276976.739833339","464242.613254459","골프연습장업","사립","","0","1","589.52","0","","",
"472","골프연습장업","10_31_01_P","4251000","CDFH3301052012000002","2012-04-25","","03","폐업","03","폐업","2015-11-04","","","","033-432-9077","","250-872","강원특별자치도 홍천군 남면 시동리 916-15","강원특별자치도 홍천군 남면 시동안로 213","25109","공때리네 스크린&당구장","2015-11-04 17:48:11","I","2023-06-13 00:00:00","","273329.481331005","454558.531669144","골프연습장업","사립","","0","1","485.18","0","","",
"473","골프연습장업","10_31_01_P","4251000","CDFH3301052013000001","2013-09-23","","03","폐업","03","폐업","2015-09-18","","","","","","250-936","강원특별자치도 홍천군 홍천읍 연봉리 502-5","강원특별자치도 홍천군 홍천읍 남산마을길3길 9","25147","태영실내골프연습장","2015-09-18 16:08:31","I","2023-06-13 00:00:00","","277841.57","464937.77","골프연습장업","사립","","0","0","598.2","30","","",
"474","골프연습장업","10_31_01_P","4251000","CDFH3301052014000001","2014-02-12","","03","폐업","03","폐업","2020-04-07","","","","033-432-0661","","250-931","강원특별자치도 홍천군 홍천읍 연봉리 194-3","강원특별자치도 홍천군 홍천읍 연봉로2길 7-6","25145","햇살스크린골프존","2020-04-07 08:16:37","I","2023-06-13 00:00:00","","277187.10297679","464952.400121742","골프연습장업","사립","","0","0","0","0","","",
"475","골프연습장업","10_31_01_P","4251000","CDFH3301052014000002","2014-06-09","","03","폐업","03","폐업","2019-08-12","","","","","","250-934","강원특별자치도 홍천군 홍천읍 장전평리 389-3","강원특별자치도 홍천군 홍천읍 장전평로 66","25142","캐슬실내골프연습장","2019-08-12 11:41:40","I","2023-06-13 00:00:00","","276976.739833339","464242.613254459","골프연습장업","사립","","0","0","589.52","0","","",
"476","골프연습장업","10_31_01_P","4251000","CDFH3301052014000003","2014-12-17","","03","폐업","03","폐업","2020-10-28","","","","033-433-0666","","250-921","강원특별자치도 홍천군 홍천읍 갈마곡리 119-7","강원특별자치도 홍천군 홍천읍 공작산로 150-32","25150","햇살골프클럽","2020-10-29 18:17:33","I","2023-06-13 00:00:00","","280152.558098529","465748.15209218","골프연습장업","사립","Y","1","0","2048.66","0","","",
"477","골프연습장업","10_31_01_P","4251000","CDFH3301052015000001","2015-09-07","","03","폐업","03","폐업","2020-04-07","","","","0334361253","","","","강원특별자치도 홍천군 남면 양덕원로 42-9","25108","양덕스크린골프","2020-04-07 08:17:36","I","2023-06-13 00:00:00","","267880.792891531","457044.766923491","골프연습장업","사립","","0","0","0","0","","",
"478","골프연습장업","10_31_01_P","4251000","CDFH3301052017000001","2017-07-11","","03","폐업","03","폐업","2020-04-07","","","","","","","강원특별자치도 홍천군 홍천읍 갈마곡리 162","강원특별자치도 홍천군 홍천읍 갈마로 6, 2층","25130","티업비젼홍천점","2020-04-07 08:15:59","I","2023-06-13 00:00:00","","279111.827664343","465887.388555191","골프연습장업","사립","Y","0","1","410.82","0","","",
"479","골프연습장업","10_31_01_P","4251000","CDFH3301052018000001","2018-04-30","","03","폐업","03","폐업","2020-04-07","","","","033-432-0192","","","강원특별자치도 홍천군 홍천읍 연봉리 501-5","강원특별자치도 홍천군 홍천읍 남산마을길2길 9, 2층","25147","원골프연구소","2020-04-07 08:17:05","I","2023-06-13 00:00:00","","277818.431691482","464962.604843961","골프연습장업","사립","Y","0","1","451.9","0","","",
"480","골프연습장업","10_31_01_P","4251000","CDFH3301052020000001","2020-01-28","","03","폐업","03","폐업","2020-04-07","","","","033-436-5533","","","강원특별자치도 홍천군 홍천읍 진리 62-2","강원특별자치도 홍천군 홍천읍 홍천로 421, 2층","25133","골프존 파크 더 존 스크린","2020-04-07 08:15:14","I","2023-06-13 00:00:00","","278476.763235989","465893.950904693","골프연습장업","사립","","0","1","1540.22","0","","",
"481","골프연습장업","10_31_01_P","4251000","CDFH3301051997000001","1997-07-15","","03","폐업","03","폐업","2000-01-01","","","","432-8047","","250-803","강원특별자치도 홍천군 홍천읍 장전평리 163-1","","","홍천골프연습장","2005-03-07 15:53:09","I","2023-06-13 00:00:00","","277308.29097822","463019.559892077","골프연습장업","사립","0","0","0","0","0","","",
"482","골프연습장업","10_31_01_P","4251000","CDFH3301051999000001","1999-04-28","","03","폐업","03","폐업","2011-06-20","","","","434-8311","","250-856","강원특별자치도 홍천군 서면 팔봉리 산 125-1","강원특별자치도 홍천군 서면 한치골길 262","","대명비발디파크골프연습장","2011-06-20 11:44:43","I","2023-06-13 00:00:00","","260852.84865267","459659.84534683","골프연습장업","사립","0","0","0","221","0","","",
"483","골프연습장업","10_31_01_P","4251000","CDFH3301052001000001","2001-02-02","","03","폐업","03","폐업","2014-02-27","","","","433-0782","","250-910","강원특별자치도 홍천군 홍천읍 희망리 324-4","강원특별자치도 홍천군 홍천읍 꽃뫼로 82","250-910","홍천골프스쿨","2014-02-27 16:16:02","I","2023-06-13 00:00:00","","277775.932425341","465755.917175022","골프연습장업","사립","","0","0","0","0","","",
"484","골프연습장업","10_31_01_P","4251000","CDFH3301052002000001","2002-10-25","","03","폐업","03","폐업","2006-03-10","","","","433-8083","","250-805","강원특별자치도 홍천군 홍천읍 신장대리 8-9","강원특별자치도 홍천군 홍천읍 마지기로 11-2","","PGA골프연습장","2006-03-23 10:42:07","I","2023-06-13 00:00:00","","278213.917480194","465750.291998334","골프연습장업","사립","0","0","0","170","0","","",
"485","골프연습장업","10_31_01_P","4251000","CDFH3301052007000001","2007-07-31","","03","폐업","03","폐업","2019-02-21","","","","033-433-0753","","250-910","강원특별자치도 홍천군 홍천읍 희망리 329-12","강원특별자치도 홍천군 홍천읍 홍천로3길 9","25135","홀인원 스크린골프연습장","2019-02-21 09:51:47","I","2023-06-13 00:00:00","","277555.447319838","465587.541406215","골프연습장업","사립","","0","0","0","0","","",
"486","골프연습장업","10_31_01_P","4251000","CDFH3301052007000003","2007-08-20","","03","폐업","03","폐업","2011-03-21","","","","033-432-0759","","250-807","강원특별자치도 홍천군 홍천읍 연봉리 502-5","강원특별자치도 홍천군 홍천읍 남산마을길3길 9","","태영 골프존 연습장","2011-03-21 14:09:09","I","2023-06-13 00:00:00","","277841.57","464937.77","골프연습장업","사립","0","0","0","0","0","","",
"487","골프연습장업","10_31_01_P","4251000","CDFH3301052007000004","2007-08-21","","03","폐업","03","폐업","2018-06-25","","","","033-433-8218","","250-807","강원특별자치도 홍천군 홍천읍 연봉리 502-5","강원특별자치도 홍천군 홍천읍 남산마을길3길 9","","태영 스크린 골프장","2018-06-25 13:37:00","I","2023-06-13 00:00:00","","277841.57","464937.77","골프연습장업","사립","0","0","0","0","0","","",
"488","골프연습장업","10_31_01_P","4251000","CDFH3301052009000001","2009-03-31","","03","폐업","03","폐업","2015-12-18","","","","434-0548","","250-885","강원특별자치도 홍천군 북방면 상화계리 329-9","강원특별자치도 홍천군 북방면 홍천로 11","","The open 골프클럽","2018-02-12 15:48:19","I","2023-06-13 00:00:00","","275101.71330923","466887.718613674","골프연습장업","사립","","0","0","430.14","0","","",
"489","골프연습장업","10_31_01_P","4251000","CDFH3301052009000002","2009-12-08","","03","폐업","03","폐업","2019-08-12","","","","433-7575","","250-805","강원특별자치도 홍천군 홍천읍 신장대리 49-3 미진타워 401호, 402호","강원특별자치도 홍천군 홍천읍 홍천로 372 (미진타워 401호, 402호)","","대명골프","2019-08-12 11:42:29","I","2023-06-13 00:00:00","","278139.495369835","465572.332691707","골프연습장업","사립","","0","0","0","0","","",
"490","골프연습장업","10_31_01_P","4251000","CDFH3301052010000001","2010-11-09","","03","폐업","03","폐업","2020-04-07","","","","033-433-0755","","250-801","강원특별자치도 홍천군 홍천읍 갈마곡리 225-1","강원특별자치도 홍천군 홍천읍 갈마로3길 2","","신세계스크린골프연습장","2020-04-07 08:15:36","I","2023-06-13 00:00:00","","279273.073451976","466056.507225882","골프연습장업","사립","","0","1","0","0","","",
"491","골프연습장업","10_31_01_P","4251000","CDFH3301052011000001","2011-06-09","","03","폐업","03","폐업","2020-04-07","","","","","","","강원특별자치도 홍천군 홍천읍 연봉리 285-5","강원특별자치도 홍천군 홍천읍 무궁화로5길 12","25140","대광스크린골프","2020-04-07 08:16:20","I","2023-06-13 00:00:00","","276970.704830533","465059.534154088","골프연습장업","사립","","0","0","394.29","0","","",
"492","골프연습장업","10_31_01_P","4251000","CDFH3301052012000003","2012-10-30","","01","영업/정상","13","영업중","","","","","","","","강원특별자치도 홍천군 홍천읍 희망리 339-10","강원특별자치도 홍천군 홍천읍 석화로 19","25120","골프존 실내연습장","2019-06-12 14:30:11","I","2023-06-13 00:00:00","","277741.625449712","465967.148807487","골프연습장업","사립","","0","0","290.26","0","","",
"493","골프연습장업","10_31_01_P","4251000","CDFH3301052015000002","2015-10-27","","01","영업/정상","13","영업중","","","","","","","","","강원특별자치도 홍천군 홍천읍 갈마로3길 2, 1동 3층","25131","굿샷 골프연습장","2024-10-21 16:33:06","U","2024-10-23 02:40:00","","279273.073451976","466056.507225882","골프연습장업","사립","Y","0","1","881.44","0","","",
"494","골프연습장업","10_31_01_P","4251000","CDFH3301052018000002","2018-11-09","","01","영업/정상","13","영업중","","","","","033-439-7847","","","강원특별자치도 홍천군 서면 팔봉리 1290-2","강원특별자치도 홍천군 서면 한치골길 262","25102","소노펠리체 Par3","2025-05-09 10:48:48","U","2025-05-11 02:40:00","","260030.280736472","460691.714032464","골프연습장업","사립","","1","0","0","0","","",
"495","골프연습장업","10_31_01_P","4251000","CDFH3301052020000002","2020-11-18","","01","영업/정상","13","영업중","","","","","433-5500","","","강원특별자치도 홍천군 홍천읍 갈마곡리 119-7","강원특별자치도 홍천군 홍천읍 공작산로 150-32","25150","에스에스(SS)골프클럽","2022-04-29 11:51:25","I","2023-06-13 00:00:00","","280152.558098529","465748.15209218","골프연습장업","사립","","0","1","2048.66","0","","",
"496","골프연습장업","10_31_01_P","4251000","CDFH3301051997000003","1997-12-05","","01","영업/정상","13","영업중","","","","","","","","강원특별자치도 홍천군 영귀미면 덕치리 267-4","강원특별자치도 홍천군 영귀미면 덕치새들길 1-15","25152","클럽21","2018-07-18 09:53:18","I","2023-06-13 00:00:00","","282289.481662079","465591.268826008","골프연습장업","사립","0","0","0","0","0","","",
"497","골프연습장업","10_31_01_P","4251000","CDFH3301052008000001","2008-05-02","","01","영업/정상","13","영업중","","","","","435-0260","","250-804","강원특별자치도 홍천군 홍천읍 하오안리 199","강원특별자치도 홍천군 홍천읍 구시울1길 74-13","25117","홍천par3골프랜드","2015-04-15 09:28:36","I","2023-06-13 00:00:00","","275083.72795384","463116.767034758","골프연습장업","사립","","0","0","0","0","","",
"498","골프연습장업","10_31_01_P","4251000","CDFH3301052024000001","2024-02-27","","01","영업/정상","13","영업중","","","","","033-430-1004","","","강원특별자치도 홍천군 서면 동막리 649","강원특별자치도 홍천군 서면 한서로 247-156","25100","샤인데일골프연습장","2024-02-27 13:35:02","I","2024-03-01 00:15:52","","249320.896779929","463684.983384259","골프연습장업","사립","","1","0","0","0","","",
"499","골프연습장업","10_31_01_P","4251000","CDFH3301052007000002","2007-08-01","","04","취소/말소/만료/정지/중지","32","신고취소","","","","","","","250-807","강원특별자치도 홍천군 홍천읍 연봉리 502-5","강원특별자치도 홍천군 홍천읍 남산마을길3길 9","","태영스크린골프연습장","2008-12-29 10:57:09","I","2023-06-13 00:00:00","","277841.57","464937.77","골프연습장업","사립","0","0","0","0","0","","",
"500","골프연습장업","10_31_01_P","4251000","CDFH3301052002000002","2002-01-10","","04","취소/말소/만료/정지/중지","35","직권말소","2018-07-31","","","","433-7783","","250-807","강원특별자치도 홍천군 홍천읍 연봉리 492 외1필지(492-2번지)","강원특별자치도 홍천군 홍천읍 연봉중앙로 88 (외1필지(492-2번지))","","삼성골프연습장","2018-07-31 13:44:14","I","2023-06-13 00:00:00","","277691.697083393","464983.041970691","골프연습장업","사립","","0","0","0","0","","",
"501","골프연습장업","10_31_01_P","4251000","CDFH3301052002000003","2002-01-10","","04","취소/말소/만료/정지/중지","35","직권말소","2018-07-31","","","","434-6842","","250-807","강원특별자치도 홍천군 홍천읍 연봉리 492-1","강원특별자치도 홍천군 홍천읍 연봉중앙로 88","","그린골프연습장","2018-07-31 13:45:42","I","2023-06-13 00:00:00","","277702.006027594","464992.742006161","골프연습장업","사립","","0","0","129","0","","",
"502","골프연습장업","10_31_01_P","4251000","CDFH3301052006000001","2006-03-02","","04","취소/말소/만료/정지/중지","35","직권말소","2009-03-16","","","","434-2690","","250-805","강원특별자치도 홍천군 홍천읍 신장대리 6","","","그린홍천실내골프연습장","2009-03-16 09:03:07","I","2023-06-13 00:00:00","","","","골프연습장업","사립","0","0","1","1522.54","0","","",
"503","골프연습장업","10_31_01_P","4261000","CDFH3301052010000004","2010-07-21","","02","휴업","02","휴업","","2025-09-24","2026-03-31","","033-343-9694","","225-806","강원특별자치도 횡성군 횡성읍 조곡리 296","강원특별자치도 횡성군 횡성읍 한우로조곡2길 20-19","","횡성그린 골프연습장","2025-09-24 17:18:26","U","2025-09-26 02:40:00","","289902.09201426","443395.20388127","골프연습장업","사립","","0","1","336.96","0","","",
"504","골프연습장업","10_31_01_P","4261000","CDFH3301051998000001","1998-05-29","","03","폐업","03","폐업","2008-11-18","","","","340-300","","225-834","강원특별자치도 횡성군 둔내면 두원리 185-1","","","현대성우골프연습장","2009-11-24 16:44:52","I","2023-06-13 00:00:00","","","","골프연습장업","사립","","0","0","0","0","","",
"505","골프연습장업","10_31_01_P","4261000","CDFH3301052003000001","2003-01-13","","03","폐업","03","폐업","2020-04-03","","","","344-0759","","","강원특별자치도 횡성군 횡성읍 읍하리 107-18","강원특별자치도 횡성군 횡성읍 문정로17번길 9","25233","탑 스크린 골프연습장","2020-04-03 16:38:05","I","2023-06-13 00:00:00","","287100.753070416","443591.703522348","골프연습장업","사립","","0","0","418.32","0","","",
"506","골프연습장업","10_31_01_P","4261000","CDFH3301052004000002","2004-04-06","","03","폐업","03","폐업","2009-02-19","","","","343-9694","","225-806","강원특별자치도 횡성군 횡성읍 조곡리 296","강원특별자치도 횡성군 횡성읍 한우로조곡2길 20-19","","횡성골프연습장","2009-02-20 11:58:05","I","2023-06-13 00:00:00","","289902.09201426","443395.20388127","골프연습장업","사립","0","0","0","336.96","0","","",
"507","골프연습장업","10_31_01_P","4261000","CDFH3301052008000001","2008-03-12","","03","폐업","03","폐업","2012-09-06","","","","345-0503","","225-831","강원특별자치도 횡성군 둔내면 둔방내리 315-5","","","골프스쿨","2012-09-10 14:13:29","I","2023-06-13 00:00:00","","306622.982345248","445110.257144781","골프연습장업","사립","","0","0","0","0","","",
"508","골프연습장업","10_31_01_P","4261000","CDFH3301052008000002","2008-04-15","","03","폐업","03","폐업","2013-09-02","","","","033-345-0782","","225-808","강원특별자치도 횡성군 횡성읍 읍하리 413-2","강원특별자치도 횡성군 횡성읍 앞들서로 2","","횡성스크린골프","2013-09-02 16:13:29","I","2023-06-13 00:00:00","","287045.878216783","443293.593038412","골프연습장업","사립","","0","0","0","0","","",
"509","골프연습장업","10_31_01_P","4261000","CDFH3301052009000001","2009-07-09","","03","폐업","03","폐업","2012-09-06","","","","033-343-1642","","225-835","강원특별자치도 횡성군 둔내면 우용리 377-45","강원특별자치도 횡성군 둔내면 고원남로 66-1","","골프존 스크린골프","2012-09-10 14:14:47","I","2023-06-13 00:00:00","","307048.305700495","445363.746395637","골프연습장업","사립","","0","1","378.22","0","","",
"510","골프연습장업","10_31_01_P","4261000","CDFH3301052010000001","2010-02-04","","03","폐업","03","폐업","2020-04-03","","","","033-345-2011","","","강원특별자치도 횡성군 횡성읍 읍상리 686-7","강원특별자치도 횡성군 횡성읍 앞들동1로 26","25230","횡성 골프존 스크린","2020-04-03 16:38:33","I","2023-06-13 00:00:00","","287066.94250248","443048.602246645","골프연습장업","사립","","0","0","995.58","0","","",
"511","골프연습장업","10_31_01_P","4261000","CDFH3301052010000002","2010-04-28","","03","폐업","03","폐업","2014-12-02","","","","033-345-0707","","225-804","강원특별자치도 횡성군 횡성읍 마산리 278-2","강원특별자치도 횡성군 횡성읍 한우로 443","225-804","파타야스크린골프","2014-12-02 17:07:31","I","2023-06-13 00:00:00","","288466.045712502","443210.769731952","골프연습장업","사립","","0","0","324","0","","",
"512","골프연습장업","10_31_01_P","4261000","CDFH3301052012000001","2012-10-24","","03","폐업","03","폐업","2013-11-21","","","","033-342-0753","","225-835","강원특별자치도 횡성군 둔내면 우용리 377-45","강원특별자치도 횡성군 둔내면 고원남로 66-1","225-835","골프존","2013-11-22 09:14:41","I","2023-06-13 00:00:00","","307048.305700495","445363.746395637","골프연습장업","사립","","0","0","378.72","0","","",
"513","골프연습장업","10_31_01_P","4261000","CDFH3301052017000001","2017-02-09","","03","폐업","03","폐업","2020-04-03","","","","","","","강원특별자치도 횡성군 횡성읍 읍상리 686-7","강원특별자치도 횡성군 횡성읍 앞들동1로 26","25230","횡성실내골프연습장","2020-04-03 16:41:56","I","2023-06-13 00:00:00","","287066.94250248","443048.602246645","골프연습장업","사립","","0","1","899.69","0","","",
"514","골프연습장업","10_31_01_P","4261000","CDFH3301052018000001","2018-11-06","","03","폐업","03","폐업","2020-04-03","","","","033-345-1111","","","강원특별자치도 횡성군 둔내면 두원리 632-1","강원특별자치도 횡성군 둔내면 고원로 429, 1층","25263","용성레포츠 스크린골프","2020-04-03 16:36:49","I","2023-06-13 00:00:00","","309718.699730558","444538.162143996","골프연습장업","사립","","0","1","992.8","0","","",
"515","골프연습장업","10_31_01_P","4261000","CDFH3301052019000001","2019-05-01","","03","폐업","03","폐업","2020-04-03","","","","","","","강원특별자치도 횡성군 횡성읍 읍하리 291-1","강원특별자치도 횡성군 횡성읍 앞들서3로 3, 1층","25236","디오픈스크린","2020-04-03 16:36:01","I","2023-06-13 00:00:00","","286525.774022001","443660.898246607","골프연습장업","사립","","0","0","599","0","","",
"516","골프연습장업","10_31_01_P","4261000","CDFH3301052004000001","2004-03-09","","01","영업/정상","13","영업중","","","","","345-5777","","225-806","강원특별자치도 횡성군 횡성읍 조곡리 187-1","강원특별자치도 횡성군 횡성읍 한우로조곡8길 15","25213","홀인원 골프연습장","2025-06-16 10:27:10","U","2025-06-18 02:40:00","","291047.700960637","443558.558540889","골프연습장업","사립","","0","0","0","0","","",
"517","골프연습장업","10_31_01_P","4261000","CDFH3301052010000003","2010-05-07","","01","영업/정상","13","영업중","","","","","033-342-0451","","","강원특별자치도 횡성군 둔내면 두원리 848-10","강원특별자치도 횡성군 둔내면 고원로398번길 46","25263","둔내골프연습장","2023-09-12 14:43:40","U","2023-09-14 02:40:00","","309244.709768128","444370.863042893","골프연습장업","사립","","1","1","1561","0","","",
"518","골프연습장업","10_31_01_P","4261000","CDFH3301052025000001","2025-10-01","","01","영업/정상","13","영업중","","","","","","","","강원특별자치도 횡성군 횡성읍 읍하리 107-25","강원특별자치도 횡성군 횡성읍 문정로17번길 9, 2층","25233","팍스 골프 스튜디오","2025-10-01 11:10:45","I","2025-10-03 00:20:34","","287086.668112701","443606.268222338","골프연습장업","사립","","0","0","0","0","","",
"519","골프연습장업","10_31_01_P","4271000","CDFH3301052001000001","2001-09-13","","03","폐업","03","폐업","2017-11-28","","","","","","230-802","강원특별자치도 영월군 영월읍 덕포리 694-1","강원특별자치도 영월군 영월읍 덕포하리6길 59-13","26231","현대골프랜드","2017-11-28 13:33:08","I","2023-06-13 00:00:00","","331503.271043393","408613.815115358","골프연습장업","사립","","0","0","0","0","","",
"520","골프연습장업","10_31_01_P","4271000","CDFH3301052008000001","2008-12-27","","03","폐업","03","폐업","2013-04-24","","","","","","230-801","강원특별자치도 영월군 영월읍 영흥리 850-5 동우프라자 2층 222호","강원특별자치도 영월군 영월읍 금강공원길 13","230-800","에이스 스크린 골프","2013-04-24 16:29:20","I","2023-06-13 00:00:00","","330770.313590513","410152.767349713","골프연습장업","사립","","0","0","0","0","","",
"521","골프연습장업","10_31_01_P","4271000","CDFH3301052009000001","2009-06-18","","01","영업/정상","13","영업중","","","","","033-373-0753","","","강원특별자치도 영월군 영월읍 하송리 43-4","강원특별자치도 영월군 영월읍 은행나무3길 13","26237","영월 스크린 골프","2019-04-16 19:02:07","I","2023-06-13 00:00:00","","330137.982484064","409685.076520932","골프연습장업","사립","","0","1","406.28","0","","",
"522","골프연습장업","10_31_01_P","4271000","CDFH3301052011000001","2011-01-19","","01","영업/정상","13","영업중","","","","","372-8207","","230-805","강원특별자치도 영월군 영월읍 영흥리 837-6","강원특별자치도 영월군 영월읍 봉래산로 17","26232","별마로 스크린골프","2014-08-04 11:11:32","I","2023-06-13 00:00:00","","330594.943250662","410229.764136303","골프연습장업","사립","","0","0","358.8","0","","",
"523","골프연습장업","10_31_01_P","4271000","CDFH3301052013000001","2013-11-14","","01","영업/정상","13","영업중","","","","","033-373-7752","","230-881","강원특별자치도 영월군 영월읍 하송리 252-1","강원특별자치도 영월군 영월읍 중앙로 9","26234","씨티비젼골프","2023-05-03 14:45:09","I","2023-06-13 00:00:00","","330005.768520841","410118.623949248","골프연습장업","사립","","0","1","994.7","0","","",
"524","골프연습장업","10_31_01_P","4271000","CDFH3301052015000002","2015-05-20","","01","영업/정상","13","영업중","","","","","","","230-880","강원특별자치도 영월군 영월읍 하송리","강원특별자치도 영월군 영월읍 제방안길 140","26237","영월골프연습장","2019-05-26 17:42:46","I","2023-06-13 00:00:00","","329878.825476219","409118.425902709","골프연습장업","공립","Y","1","1","0","0","","",
"525","골프연습장업","10_31_01_P","4271000","CDFH3301052015000003","2015-09-11","","01","영업/정상","13","영업중","","","","","","","","강원특별자치도 영월군 영월읍 영흥리 850-5","강원특별자치도 영월군 영월읍 금강공원길 13 (동우 프라자 상가 아파트)","26228","J＆J골프연습장","2019-05-26 17:48:58","I","2023-06-13 00:00:00","","330770.313590513","410152.767349713","골프연습장업","사립","","0","0","0","0","","",
"526","골프연습장업","10_31_01_P","4271000","CDFH3301052018000001","2018-03-12","","01","영업/정상","13","영업중","","","","","033-375-2255","","","강원특별자치도 영월군 영월읍 덕포리 694-1","강원특별자치도 영월군 영월읍 덕포하리6길 59-13","26231","현대골프연습장","2024-10-28 16:11:40","U","2024-10-30 02:40:00","","331503.271043393","408613.815115358","골프연습장업","사립","","0","1","221.08","0","","",
"527","골프연습장업","10_31_01_P","4271000","CDFH3301052019000001","2019-01-24","","01","영업/정상","13","영업중","","","","","033-372-4890","","","강원특별자치도 영월군 주천면 주천리 887-2","강원특별자치도 영월군 주천면 송학주천로 1433","26203","주천스크린골프","2019-05-26 17:18:21","I","2023-06-13 00:00:00","","312574.020987264","419527.594250893","골프연습장업","사립","","0","1","1174.36","0","","",
"528","골프연습장업","10_31_01_P","4271000","CDFH3301052019000002","2019-05-02","","01","영업/정상","13","영업중","","","","","033-375-3113","","","강원특별자치도 영월군 영월읍 하송리 183-3","강원특별자치도 영월군 영월읍 은행나무길 28, 2층","26237","태하스크린골프","2019-05-02 09:19:53","I","2023-06-13 00:00:00","","330038.471363777","409672.293421855","골프연습장업","사립","","0","1","493.46","0","","",
"529","골프연습장업","10_31_01_P","4271000","CDFH3301052021000001","2021-07-12","","01","영업/정상","13","영업중","","","","","033-372-0900","","","강원특별자치도 영월군 영월읍 영흥리 972-20","강원특별자치도 영월군 영월읍 중앙로 49-15","26232","프렌즈 스크린 에이스","2021-07-12 18:33:35","I","2023-06-13 00:00:00","","330391.171214704","410163.219277313","골프연습장업","사립","","0","0","1928.9","0","","",
"530","골프연습장업","10_31_01_P","4271000","CDFH3301052025000001","2025-06-26","","01","영업/정상","13","영업중","","","","","033-372-4890","","","강원특별자치도 영월군 주천면 주천리 887-2","강원특별자치도 영월군 주천면 송학주천로 1433, 2층","26203","주천스크린골프Ⅱ","2025-06-26 17:59:30","I","2025-06-28 00:20:02","","312574.020987264","419527.594250893","골프연습장업","사립","","0","0","465.86","0","","",
"531","골프연습장업","10_31_01_P","4271000","CDFH3301052023000001","2023-11-06","","01","영업/정상","13","영업중","","","","","033-372-0433","","","강원특별자치도 영월군 영월읍 하송리 421-24","강원특별자치도 영월군 영월읍 은행나무길 187","26237","에비앙 스크린 골프","2024-11-01 09:02:39","U","2024-11-03 02:40:00","","329394.909560645","409295.243492","골프연습장업","사립","","0","0","980","0","","",
"532","골프연습장업","10_31_01_P","4281000","CDFH3301052001000001","2001-11-12","","02","휴업","02","휴업","","2015-11-01","2016-04-30","","334-4050","","232-803","강원특별자치도 평창군 평창읍 후평리 373-4","강원특별자치도 평창군 평창읍 살구실길 53-10","25372","청성골프연습장","2018-09-07 17:39:48","I","2023-06-13 00:00:00","","322606.622339248","431366.018085118","골프연습장업","사립","","0","0","0","0","","",
"533","골프연습장업","10_31_01_P","4281000","CDFH3301051992000001","1992-07-07","","03","폐업","03","폐업","2018-02-13","","","","033-330-7130","","232-951","강원특별자치도 평창군 대관령면 용산리 산 89","강원특별자치도 평창군 대관령면 올림픽로 715","25352","용평리조트 골프연습장","2018-02-13 17:53:51","I","2023-06-13 00:00:00","","348259.144297804","461699.273918606","골프연습장업","사립","","0","0","0","0","","",
"534","골프연습장업","10_31_01_P","4281000","CDFH3301051994000001","1994-11-30","","03","폐업","03","폐업","2014-05-01","","","","033-334-0444","","232-802","강원특별자치도 평창군 평창읍 노론리 산 308-1","","","평창골프연습장","2014-05-23 15:40:40","I","2023-06-13 00:00:00","","","","골프연습장업","사립","","0","0","0","0","","",
"535","골프연습장업","10_31_01_P","4281000","CDFH3301051996000001","1996-12-27","","03","폐업","03","폐업","2017-06-15","","","","033-336-4752","","232-951","강원특별자치도 평창군 대관령면 횡계리 319-3","강원특별자치도 평창군 대관령면 눈마을2길 21","25346","관훈실내골프연습장","2017-06-15 15:38:30","I","2023-06-13 00:00:00","","350661.268000453","464558.499128304","골프연습장업","사립","","0","0","0","0","","",
"536","골프연습장업","10_31_01_P","4281000","CDFH3301051997000001","1997-08-13","","03","폐업","03","폐업","2017-12-29","","","","033-330-3027","","232-923","강원특별자치도 평창군 봉평면 무이리 696","","","휘닉스파크골프연습장2","2018-01-03 15:08:58","I","2023-06-13 00:00:00","","316452.232955657","454489.174003971","골프연습장업","사립","","0","0","258","0","","",
"537","골프연습장업","10_31_01_P","4281000","CDFH3301052002000001","2002-08-12","","03","폐업","03","폐업","2021-04-06","","","","033-335-8468","","","강원특별자치도 평창군 진부면 하진부리 163-6","강원특별자치도 평창군 진부면 석두로 4","25333","우진골프연습장","2021-04-07 10:47:34","I","2023-06-13 00:00:00","","337059.779009055","460411.770692099","골프연습장업","사립","","0","0","0","0","","",
"538","골프연습장업","10_31_01_P","4281000","CDFH3301052004000001","2004-07-13","","03","폐업","03","폐업","2004-08-02","","","","330-6547","","232-923","강원특별자치도 평창군 봉평면 무이리 729-11외6","","","휘닉스파크골프연습장","2004-12-28 11:18:32","I","2023-06-13 00:00:00","","","","골프연습장업","사립","0","0","0","258","0","","",
"539","골프연습장업","10_31_01_P","4281000","CDFH3301052004000002","2004-08-13","","03","폐업","03","폐업","","","","","330-6000","","232-923","강원특별자치도 평창군 봉평면 무이리 729-11","","","휘닉스파크골프연습장","2009-02-26 16:12:33","I","2023-06-13 00:00:00","","","","골프연습장업","사립","0","0","0","258","0","","",
"540","골프연습장업","10_31_01_P","4281000","CDFH3301052005000001","2005-07-27","","03","폐업","03","폐업","2017-12-29","","","","033-333-6000","","232-711","강원특별자치도 평창군 봉평면 면온리 1095","강원특별자치도 평창군 봉평면 태기로 174","25307","휘닉스파크골프연습장","2018-01-03 15:08:21","I","2023-06-13 00:00:00","","317177.713905004","454046.509523181","골프연습장업","사립","","0","0","0","0","","",
"541","골프연습장업","10_31_01_P","4281000","CDFH3301052006000001","2006-10-10","","03","폐업","03","폐업","","","","","033-335-0725","","232-954","강원특별자치도 평창군 대관령면 횡계리 325-53","강원특별자치도 평창군 대관령면 대관령로 119","232-954","대관령골프연습장","2014-05-23 17:31:11","I","2023-06-13 00:00:00","","350739.346745551","464725.694743117","골프연습장업","사립","","0","0","0","0","","",
"542","골프연습장업","10_31_01_P","4281000","CDFH3301052009000001","2009-03-19","","03","폐업","03","폐업","2013-05-02","","","","033-335-2468","","232-956","강원특별자치도 평창군 대관령면 횡계리 366-8 강산횡계아파트 제상가동 2층","강원특별자치도 평창군 대관령면 대관령로 46-1","25347","홀인원스크린골프연습장","2016-05-04 14:11:04","I","2023-06-13 00:00:00","","350079.679123497","464954.634047939","골프연습장업","사립","","0","0","0","0","","",
"543","골프연습장업","10_31_01_P","4281000","CDFH3301052009000002","2009-05-08","","03","폐업","03","폐업","2019-04-03","","","","033-336-7340","","232-949","강원특별자치도 평창군 진부면 하진부리 77-13","강원특별자치도 평창군 진부면 진부중앙로 97","25325","PGA스크린골프","2019-04-03 18:02:28","I","2023-06-13 00:00:00","","337662.824758837","460848.040343945","골프연습장업","사립","","0","0","0","0","","",
"544","골프연습장업","10_31_01_P","4281000","CDFH3301052010000002","2010-05-14","","03","폐업","03","폐업","2013-07-10","","","","333-7711","","232-803","강원특별자치도 평창군 평창읍 후평리 373-4","강원특별자치도 평창군 평창읍 살구실길 53-10","25372","청성스크린골프장","2015-12-28 14:25:50","I","2023-06-13 00:00:00","","322606.622339248","431366.018085118","골프연습장업","사립","","0","1","968.74","0","","",
"545","골프연습장업","10_31_01_P","4281000","CDFH3301052011000003","2011-10-21","","03","폐업","03","폐업","2021-08-31","","","","033-335-7231","","","","강원특별자치도 평창군 대관령면 올림픽로 715 (용평리조트)","25352","용평스크린골프","2021-10-12 09:05:41","I","2023-06-13 00:00:00","","348259.144297804","461699.273918606","골프연습장업","사립","","0","0","0","0","","",
"546","골프연습장업","10_31_01_P","4281000","CDFH3301052012000001","2012-06-07","","03","폐업","03","폐업","2021-06-15","","","","033-335-3347","","232-916","강원특별자치도 평창군 대화면 신리 561-16","강원특별자치도 평창군 대화면 평창대로 1368","25354","월드스크린골프","2021-06-16 12:42:14","I","2023-06-13 00:00:00","","328378.702168752","449482.957659138","골프연습장업","사립","","0","0","0","0","","",
"547","골프연습장업","10_31_01_P","4281000","CDFH3301052013000001","2013-09-03","","03","폐업","03","폐업","2017-03-23","","","","033-330-7130","","232-951","강원특별자치도 평창군 대관령면 수하리 96","","","버치힐골프클럽(GC) 골프연습장","2017-03-23 15:18:17","I","2023-06-13 00:00:00","","350788.194287178","462321.150060649","골프연습장업","사립","","0","0","0","0","","",
"548","골프연습장업","10_31_01_P","4281000","CDFH3301052004000003","2004-08-17","","01","영업/정상","13","영업중","","","","","033-336-5407","","232-951","강원특별자치도 평창군 대관령면 횡계리 316-2","강원특별자치도 평창군 대관령면 대관령로 122","25346","용평실내골프연습장","2018-01-31 18:19:35","I","2023-06-13 00:00:00","","350743.587508903","464661.264990813","골프연습장업","사립","","0","0","0","0","","",
"549","골프연습장업","10_31_01_P","4281000","CDFH3301052021000001","2021-04-13","","01","영업/정상","13","영업중","","","","","","","","강원특별자치도 평창군 진부면 하진부리 163-6","강원특별자치도 평창군 진부면 석두로 4","25333","우진골프연습장","2021-04-13 14:16:36","I","2023-06-13 00:00:00","","337059.779009055","460411.770692099","골프연습장업","사립","","0","0","0","0","","",
"550","골프연습장업","10_31_01_P","4281000","CDFH3301052022000001","2022-07-22","","01","영업/정상","13","영업중","","","","","","","","강원특별자치도 평창군 대관령면 용산리 425 알펜시아 리조트 드라이빙레인지","강원특별자치도 평창군 대관령면 솔봉로 325, 알펜시아 리조트","25351","알펜시아 컨트리클럽 골프연습장","2024-02-27 17:44:23","U","2024-02-29 02:40:00","","345786.815844836","462590.554819645","골프연습장업","사립","","0","0","0","0","","",
"551","골프연습장업","10_31_01_P","4281000","CDFH3301052023000001","2023-04-27","","01","영업/정상","13","영업중","","","","","033-330-6533","","","강원특별자치도 평창군 봉평면 면온리 1095-1 (주)휘닉스평창","강원특별자치도 평창군 봉평면 태기로 174 (주)휘닉스평창","25307","태","2025-10-22 09:30:48","U","2025-10-24 02:40:00","","317177.713905004","454046.509523181","골프연습장업","사립","","0","0","0","0","","",
"552","골프연습장업","10_31_01_P","4281000","CDFH3301052023000002","2023-04-27","","01","영업/정상","13","영업중","","","","","033-330-6533","","","강원특별자치도 평창군 봉평면 면온리 1095-1 (주)휘닉스평창","강원특별자치도 평창군 봉평면 태기로 174 (주)휘닉스평창","25307","기","2025-10-22 09:30:59","U","2025-10-24 02:40:00","","317177.713905004","454046.509523181","골프연습장업","사립","","0","0","0","0","","",
"553","골프연습장업","10_31_01_P","4281000","CDFH3301052023000003","2023-04-27","","01","영업/정상","13","영업중","","","","","033-330-6533","","","강원특별자치도 평창군 봉평면 면온리 1095-1 (주)휘닉스평창","강원특별자치도 평창군 봉평면 태기로 174 (주)휘닉스평창","25307","산","2025-10-22 09:31:09","U","2025-10-24 02:40:00","","317177.713905004","454046.509523181","골프연습장업","사립","","0","0","0","0","","",
"554","골프연습장업","10_31_01_P","4281000","CDFH3301052008000002","2008-11-19","","01","영업/정상","13","영업중","","","","","033-333-8288","","","강원특별자치도 평창군 봉평면 무이리 780-3","강원특별자치도 평창군 봉평면 태기로 68","25306","SM스크린골프","2018-01-31 18:20:43","I","2023-06-13 00:00:00","","316525.881949194","454978.685194435","골프연습장업","사립","","0","0","0","0","","",
"555","골프연습장업","10_31_01_P","4281000","CDFH3301052010000003","2010-11-08","","01","영업/정상","13","영업중","","","","","033-336-8572","","232-947","강원특별자치도 평창군 진부면 상진부리 1306-10","강원특별자치도 평창군 진부면 경강로 3787","25327","진부스크린골프","2018-01-25 18:20:39","I","2023-06-13 00:00:00","","338489.198697164","461996.738105416","골프연습장업","사립","","0","1","552.28","0","","",
"556","골프연습장업","10_31_01_P","4281000","CDFH3301052011000001","2011-01-31","","01","영업/정상","13","영업중","","","","","033-335-7271","","","강원특별자치도 평창군 봉평면 창동리 403-15","강원특별자치도 평창군 봉평면 기풍1길 11","25304","와이골프존","2017-02-08 13:51:37","I","2023-06-13 00:00:00","","321497.246876678","457807.965056131","골프연습장업","사립","","0","1","491.4","0","","",
"557","골프연습장업","10_31_01_P","4281000","CDFH3301052011000002","2011-05-26","","01","영업/정상","13","영업중","","","","","033-335-7515","","232-954","강원특별자치도 평창군 대관령면 횡계리 325-53 하이랜드 1층","강원특별자치도 평창군 대관령면 눈마을길 47","25344","하이랜드골프아카데미","2023-03-31 15:35:48","I","2023-06-13 00:00:00","","350739.346745551","464725.694743117","골프연습장업","사립","","0","0","0","0","","",
"558","골프연습장업","10_31_01_P","4281000","CDFH3301052013000002","2013-09-03","","01","영업/정상","13","영업중","","","","","033-330-7130","","232-951","강원특별자치도 평창군 대관령면 수하리 74","","","용평골프클럽(GC) 골프연습장","2024-01-29 10:15:01","U","2024-01-31 02:40:00","","350712.774735666","461423.598794892","골프연습장업","사립","","1","0","0","0","","",
"559","골프연습장업","10_31_01_P","4281000","CDFH3301052013000003","2013-10-07","","01","영업/정상","13","영업중","","","","","","","","강원특별자치도 평창군 평창읍 하리 37","강원특별자치도 평창군 평창읍 노성로 126-24","25376","평창스크린골프","2024-02-01 08:59:46","U","2024-02-03 02:40:00","","323658.77069112","430480.059117909","골프연습장업","사립","","0","1","575.97","0","","",
"560","골프연습장업","10_31_01_P","4281000","CDFH3301052013000004","2013-10-31","","01","영업/정상","13","영업중","","","","","033-336-9597","","232-923","강원특별자치도 평창군 봉평면 무이리 251-2","강원특별자치도 평창군 봉평면 무이진등길 15","25306","잔디로 스크린골프","2018-01-31 18:16:53","I","2023-06-13 00:00:00","","318429.876855533","456721.726455137","골프연습장업","사립","","0","1","289.48","150","","",
"561","골프연습장업","10_31_01_P","4281000","CDFH3301052016000001","2016-02-16","","01","영업/정상","13","영업중","","","","","033-339-0670","","","강원특별자치도 평창군 대관령면 용산리 195","강원특별자치도 평창군 대관령면 솔봉로 325 (알펜시아리조트)","25351","알펜시아스크린골프","2022-05-12 10:49:20","I","2023-06-13 00:00:00","","347582.235624329","463108.698911422","골프연습장업","사립","","0","7","9188.75","0","","",
"562","골프연습장업","10_31_01_P","4281000","CDFH3301052017000001","2017-03-09","","01","영업/정상","13","영업중","","","","","033-333-0606","","","강원특별자치도 평창군 평창읍 후평리 751","강원특별자치도 평창군 평창읍 후평길 40","25372","평창골프존","2024-04-03 14:28:29","U","2024-04-05 02:40:00","","322877.385676211","431465.963469133","골프연습장업","사립","","0","0","0","0","","",
"563","골프연습장업","10_31_01_P","4281000","CDFH3301052017000002","2017-03-21","","01","영업/정상","13","영업중","","","","","033-330-8259","","","강원특별자치도 평창군 대관령면 수하리 96","강원특별자치도 평창군 대관령면 올림픽로 715 (용평리조트)","25352","스키마트/버치힐GC골프연습장","2023-04-13 10:31:03","I","2023-06-13 00:00:00","","350788.194287178","462321.150060649","골프연습장업","사립","","0","0","0","0","","",
"564","골프연습장업","10_31_01_P","4281000","CDFH3301052017000003","2017-06-28","","01","영업/정상","13","영업중","","","","","033-336-7852","","","강원특별자치도 평창군 진부면 송정리 1745","강원특별자치도 평창군 진부면 땅골길 2-11","25330","골프존파크 진부오대산점","2022-03-30 15:57:32","I","2023-06-13 00:00:00","","337649.139529528","459973.285938404","골프연습장업","사립","","0","1","0","0","","",
"565","골프연습장업","10_31_01_P","4281000","CDFH3301052019000001","2019-10-02","","01","영업/정상","13","영업중","","","","","","","","강원특별자치도 평창군 대관령면 수하리 156-62","강원특별자치도 평창군 대관령면 삼현동1길 10-6","25348","SJ 골프 연습장","2020-12-10 09:22:04","I","2023-06-13 00:00:00","","349803.203920565","463556.089658274","골프연습장업","사립","","1","0","198","0","","",
"566","골프연습장업","10_31_01_P","4281000","CDFH3301052008000001","2008-09-01","","04","취소/말소/만료/정지/중지","35","직권말소","2016-12-30","","","","033-333-0606","","232-804","강원특별자치도 평창군 평창읍 하리 76-12","강원특별자치도 평창군 평창읍 백오로 25","","평창스크린골프","2016-12-30 15:41:05","I","2023-06-13 00:00:00","","323174.805151343","430465.331274561","골프연습장업","사립","","0","0","0","0","","",
"567","골프연습장업","10_31_01_P","4281000","CDFH3301052010000001","2010-02-24","","04","취소/말소/만료/정지/중지","35","직권말소","2016-12-30","","","","","","232-954","강원특별자치도 평창군 대관령면 횡계리 345-2","강원특별자치도 평창군 대관령면 올림픽로 108-5","","대관령스크린골프","2016-12-30 15:42:06","I","2023-06-13 00:00:00","","350276.02634134","464422.802841041","골프연습장업","사립","","0","1","954.36","0","","",
"568","골프연습장업","10_31_01_P","4281000","CDFH3301052011000004","2011-02-24","","04","취소/말소/만료/정지/중지","35","직권말소","2017-03-29","","","","033-339-0651","","","","강원특별자치도 평창군 대관령면 솔봉로 325 (알펜시아리조트)","25351","알펜시아골프존","2017-03-29 17:22:44","I","2023-06-13 00:00:00","","345786.815844836","462590.554819645","골프연습장업","사립","","0","0","0","0","","",
"569","골프연습장업","10_31_01_P","4291000","CDFH3301052015000001","2015-02-25","","03","폐업","03","폐업","2021-10-09","","","","591-3020","","233-817","강원특별자치도 정선군 고한읍 고한리 274-63","강원특별자치도 정선군 고한읍 고한로 191","26155","힐링스크린골프","2021-10-09 14:48:19","I","2023-06-13 00:00:00","","364720.776561106","412374.309301822","골프연습장업","사립","","0","1","411.93","0","","",
"570","골프연습장업","10_31_01_P","4291000","CDFH3301052015000002","2015-08-03","","03","폐업","03","폐업","2021-10-09","","","","","","","","강원특별자치도 정선군 사북읍 사북중앙로 23","26153","사북골프존","2021-10-09 14:45:54","I","2023-06-13 00:00:00","","361213.114876359","415451.184119511","골프연습장업","사립","","0","1","668.92","0","","",
"571","골프연습장업","10_31_01_P","4291000","CDFH3301052016000002","2016-09-19","","03","폐업","03","폐업","2021-10-09","","","","033-592-0077","","","","강원특별자치도 정선군 사북읍 사북중앙로 64","26150","SG스크린골프","2021-10-09 14:43:56","I","2023-06-13 00:00:00","","361587.758032785","415477.691284481","골프연습장업","사립","Y","0","1","472.61","0","","",
"572","골프연습장업","10_31_01_P","4291000","CDFH3301051991000001","1991-11-22","","03","폐업","03","폐업","2023-06-08","","","","033-562-9100","","233-809","강원특별자치도 정선군 정선읍 덕송리 630","강원특별자치도 정선군 정선읍 서동로 1181","26121","정선골프연습장","2023-06-12 16:54:33","U","2023-06-14 02:40:00","","347491.350432636","433892.425852662","골프연습장업","사립","Y","0","0","720","0","","",
"573","골프연습장업","10_31_01_P","4291000","CDFH3301051997000001","1997-07-21","","03","폐업","03","폐업","2005-05-21","","","","592-4939","","233-811","강원특별자치도 정선군 고한읍 고한리 산 91","","","동원골프연습장","2005-06-18 09:09:06","I","2023-06-13 00:00:00","","363023.252749845","414546.592946512","골프연습장업","사립","0","0","0","0","0","","",
"574","골프연습장업","10_31_01_P","4291000","CDFH3301052003000001","2003-05-12","","03","폐업","03","폐업","2010-12-03","","","","592-5507","","233-811","강원특별자치도 정선군 고한읍 고한리 91-67 18통7반","","","에스엔에스골프크럽","2011-03-17 16:27:34","I","2023-06-13 00:00:00","","364139.970434974","412982.327378781","골프연습장업","사립","","0","0","0","0","","",
"575","골프연습장업","10_31_01_P","4291000","CDFH3301052004000001","2004-06-16","","03","폐업","03","폐업","2013-01-04","","","","591-3579","","233-811","강원특별자치도 정선군 고한읍 고한리 152-1","강원특별자치도 정선군 고한읍 지장천로 8511","233-810","자유스포츠센터","2013-01-03 11:09:09","I","2023-06-13 00:00:00","","362745.561339088","414745.745513262","골프연습장업","사립","","0","0","0","0","","",
"576","골프연습장업","10_31_01_P","4291000","CDFH3301052005000001","2005-06-18","","03","폐업","03","폐업","2023-04-17","","","","592-1174","","233-811","강원특별자치도 정선군 고한읍 고한리 산 91","강원특별자치도 정선군 고한읍 고토일길 50-35","26155","휘닉스골프연습장","2023-06-22 17:31:39","U","2023-06-24 02:40:00","","363023.252749845","414546.592946512","골프연습장업","사립","Y","1","0","203","0","","",
"577","골프연습장업","10_31_01_P","4291000","CDFH3301052005000003","2005-09-14","","03","폐업","03","폐업","2024-03-04","","","","591-6113","","233-811","강원특별자치도 정선군 고한읍 고한리 산 216-1","강원특별자치도 정선군 고한읍 부금소길 38","26156","정암골프연습장","2024-03-05 10:39:10","U","2024-03-07 02:40:00","","367128.32335165","409694.972366978","골프연습장업","사립","","0","0","0","0","","",
"578","골프연습장업","10_31_01_P","4291000","CDFH3301052006000001","2006-08-29","","03","폐업","03","폐업","2011-02-01","","","","562-8666","","233-803","강원특별자치도 정선군 정선읍 애산리 539-2","","","정선스크린골프연습장","2011-02-01 10:16:44","I","2023-06-13 00:00:00","","348083.869232979","431764.477332597","골프연습장업","사립","","0","0","0","0","","",
"579","골프연습장업","10_31_01_P","4291000","CDFH3301052006000002","2006-11-01","","03","폐업","03","폐업","2021-10-09","","","","563-7707","","233-804","강원특별자치도 정선군 정선읍 봉양리 1-3","강원특별자치도 정선군 정선읍 녹송로 103","26128","정선실내골프연습장","2021-10-09 14:47:26","I","2023-06-13 00:00:00","","347887.78475879","432867.117051702","골프연습장업","사립","","0","0","0","0","","",
"580","골프연습장업","10_31_01_P","4291000","CDFH3301052008000002","2008-10-31","","03","폐업","03","폐업","2010-04-01","","","","","","233-903","강원특별자치도 정선군 사북읍 사북리 317-4 태림빌딩1층","","","벅스스크린골프","2010-04-02 10:29:33","I","2023-06-13 00:00:00","","","","골프연습장업","사립","","0","0","0","0","","",
"581","골프연습장업","10_31_01_P","4291000","CDFH3301052009000001","2009-02-20","","03","폐업","03","폐업","2025-06-12","","","","033-592-8222","","233-804","강원특별자치도 정선군 정선읍 봉양리 324-5","강원특별자치도 정선군 정선읍 봉양5길 36","26130","앤스크린골프","2025-06-12 14:56:27","U","2025-06-15 02:40:00","","347195.235096973","432231.562411419","골프연습장업","사립","","0","0","0","0","","",
"582","골프연습장업","10_31_01_P","4291000","CDFH3301052009000002","2009-10-16","","03","폐업","03","폐업","2015-12-28","","","","563-3399","","233-806","강원특별자치도 정선군 정선읍 봉양리 34-22","강원특별자치도 정선군 정선읍 녹송로 65","26128","행복스크린","2015-12-29 08:45:58","I","2023-06-13 00:00:00","","347898.675050861","432493.527147122","골프연습장업","사립","","0","0","0","0","","",
"583","골프연습장업","10_31_01_P","4291000","CDFH3301052010000001","2010-05-03","","03","폐업","03","폐업","2021-10-09","","","","590-6705","","","강원특별자치도 정선군 고한읍 고한리 424","강원특별자치도 정선군 고한읍 고한7길 399 (하이원호텔 지하1층)","26154","버디버디스크린골프","2021-10-09 14:20:55","I","2023-06-13 00:00:00","","363592.970612937","409600.862966256","골프연습장업","사립","Y","0","0","24606.54","0","","",
"584","골프연습장업","10_31_01_P","4291000","CDFH3301052010000005","2010-12-03","","03","폐업","03","폐업","2013-01-04","","","","592-5507","","233-811","강원특별자치도 정선군 고한읍 고한리 91-67","강원특별자치도 정선군 고한읍 고한2길 3","233-812","D & S 글로벌","2013-01-03 11:08:28","I","2023-06-13 00:00:00","","364139.970434974","412982.327378781","골프연습장업","사립","","0","1","927.33","0","","",
"585","골프연습장업","10_31_01_P","4291000","CDFH3301052013000001","2013-01-29","","03","폐업","03","폐업","2021-10-09","","","","","","","강원특별자치도 정선군 북평면 북평리 694-24","강원특별자치도 정선군 북평면 북평중앙로 25","26101","에이스골프존","2021-10-09 14:40:34","I","2023-06-13 00:00:00","","347253.639280885","439650.582963621","골프연습장업","사립","Y","0","0","272.47","0","","",
"586","골프연습장업","10_31_01_P","4291000","CDFH3301052013000002","2013-05-21","","03","폐업","03","폐업","2021-10-09","","","","033-562-6679","","233-879","강원특별자치도 정선군 임계면 송계리 735-3","강원특별자치도 정선군 임계면 백두대간로 1389","26110","임계스크린골프","2021-10-09 14:46:37","I","2023-06-13 00:00:00","","363538.75564382","445528.811214465","골프연습장업","사립","","0","0","209.16","0","","",
"587","골프연습장업","10_31_01_P","4291000","CDFH3301052013000003","2013-08-22","","03","폐업","03","폐업","2021-10-09","","","","033-563-8572","","233-807","강원특별자치도 정선군 정선읍 북실리 731-8","강원특별자치도 정선군 정선읍 정선로 1213-14","26132","강변스크린골프","2021-10-09 14:44:57","I","2023-06-13 00:00:00","","346134.739114272","432186.489894915","골프연습장업","사립","Y","0","0","245.92","0","","",
"588","골프연습장업","10_31_01_P","4291000","CDFH3301052023000002","2023-09-12","","01","영업/정상","13","영업중","","","","","033-560-3495","","","강원특별자치도 정선군 정선읍 애산리 768 정선골프연습장","강원특별자치도 정선군 정선읍 애산로 60, 정선골프연습장","26125","정선골프연습장","2023-09-12 09:04:48","I","2023-09-14 00:18:06","","348370.883624833","431816.872073935","골프연습장업","사립","","1","0","0","0","","",
"589","골프연습장업","10_31_01_P","4291000","CDFH3301052016000001","2016-09-08","","01","영업/정상","13","영업중","","","","","033-378-7512","","","","강원특별자치도 정선군 신동읍 새골길 112-49 (애콜리안 골프장 메인)","26141","에콜리안 정선골프장 골프연습장","2016-09-08 17:49:32","I","2023-06-13 00:00:00","","349343.666865911","414741.812948134","골프연습장업","사립","","1","1","318.33","0","","",
"590","골프연습장업","10_31_01_P","4291000","CDFH3301052023000001","2023-05-11","","01","영업/정상","13","영업중","","","","","","","","강원특별자치도 정선군 사북읍 사북리 294-16 원마트","강원특별자치도 정선군 사북읍 파랑새길 6, 원마트 3층","26150","하이원 GDR 골프 아카데미","2023-05-11 15:42:02","I","2023-06-13 00:00:00","","362033.117768964","414930.56978921","골프연습장업","사립","","0","0","1868","0","","",
"591","골프연습장업","10_31_01_P","4291000","CDFH3301052005000002","2005-08-30","","01","영업/정상","13","영업중","","","","","590-5725","","233-811","강원특별자치도 정선군 고한읍 고한리 산 1-166","강원특별자치도 정선군 고한읍 고한9길 66-5 (하이원컨트리클럽)","233-810","하이원C.C골프연습장","2021-05-10 18:01:01","I","2023-06-13 00:00:00","","363467.035697332","409883.53730007","골프연습장업","사립","","0","0","0","0","","",
"592","골프연습장업","10_31_01_P","4291000","CDFH3301052008000001","2008-08-27","","04","취소/말소/만료/정지/중지","35","직권말소","2016-02-01","","","","591-0100","","233-909","강원특별자치도 정선군 사북읍 사북리 356-80 스타호텔 3층","강원특별자치도 정선군 사북읍 사북1길 27 (스타호텔 3층)","26152","하이스크린 골프","2016-02-05 15:57:36","I","2023-06-13 00:00:00","","360808.905234735","415491.241158186","골프연습장업","사립","Y","0","0","4994.96","0","","",
"593","골프연습장업","10_31_01_P","4301000","CDFH3301052010000001","2010-05-06","","02","휴업","02","휴업","","2015-07-01","2016-06-30","","033-455-1101","","269-816","강원특별자치도 철원군 동송읍 이평리 852-36","강원특별자치도 철원군 동송읍 금학로217번길 13","269-810","동송스크린골프","2016-01-12 13:00:21","I","2023-06-13 00:00:00","","218905.546662964","522754.927149308","골프연습장업","사립","","0","0","0","0","","",
"594","골프연습장업","10_31_01_P","4301000","CDFH3301052007000001","2007-09-07","","03","폐업","03","폐업","2020-09-03","","","","","","","강원특별자치도 철원군 동송읍 이평리 250-1","강원특별자치도 철원군 동송읍 금학로 61","24020","삼성골프연습장","2020-09-03 15:49:54","I","2023-06-13 00:00:00","","219679.910777792","521394.608866486","골프연습장업","사립","","0","0","999.36","0","","",
"595","골프연습장업","10_31_01_P","4301000","CDFH3301052008000001","2008-01-22","","03","폐업","03","폐업","2011-02-14","","","","033-452-0916","","269-801","강원특별자치도 철원군 갈말읍 신철원리 973-7","강원특별자치도 철원군 갈말읍 삼부연로 4-1","","알바트로스스크린골프","2011-02-14 10:55:52","I","2023-06-13 00:00:00","","226976.970284201","515814.103275844","골프연습장업","사립","0","0","0","0","0","","",
"596","골프연습장업","10_31_01_P","4301000","CDFH3301052009000002","2009-07-16","","03","폐업","03","폐업","2015-12-08","","","","033-452-0512","","269-802","강원특별자치도 철원군 갈말읍 군탄리 1096-2","강원특별자치도 철원군 갈말읍 갈말로 53-2","24032","철원스크린리얼","2015-12-08 16:10:45","I","2023-06-13 00:00:00","","226317.993804464","517608.065024708","골프연습장업","사립","","0","1","344","0","","",
"597","골프연습장업","10_31_01_P","4301000","CDFH3301051990000001","1990-05-21","","03","폐업","03","폐업","2016-11-07","","","","033-452-4466","","269-802","강원특별자치도 철원군 갈말읍 군탄리 1096-2","강원특별자치도 철원군 갈말읍 갈말로 53-2","24032","철원골프연습장업","2016-11-07 10:55:30","I","2023-06-13 00:00:00","","226317.993804464","517608.065024708","골프연습장업","사립","","0","0","0","0","","",
"598","골프연습장업","10_31_01_P","4301000","CDFH3301052000000001","2000-01-27","","03","폐업","03","폐업","2007-02-07","","","","033-456-0279","","269-821","강원특별자치도 철원군 철원읍 화지리 40-57","강원특별자치도 철원군 철원읍 금학로 265-1","","LA골프클리닉","2005-05-06 10:32:21","I","2023-06-13 00:00:00","","218792.13027249","523230.818823343","골프연습장업","사립","0","0","0","0","0","","",
"599","골프연습장업","10_31_01_P","4301000","CDFH3301052003000002","2003-02-13","","03","폐업","03","폐업","2014-01-17","","","","","","269-802","강원특별자치도 철원군 갈말읍 지포리 50-2","강원특별자치도 철원군 갈말읍 명성로149번길 8","269-800","금강산레포츠","2014-01-17 13:30:47","I","2023-06-13 00:00:00","","226864.361588991","515863.511527232","골프연습장업","사립","","0","0","0","0","","",
"600","골프연습장업","10_31_01_P","4301000","CDFH3301052009000001","2009-05-04","","01","영업/정상","13","영업중","","","","","033-458-4600","","269-841","강원특별자치도 철원군 서면 와수리 904-7","강원특별자치도 철원군 서면 아리랑로 62","24059","그늘집스크린골프","2017-01-03 14:05:06","I","2023-06-13 00:00:00","","238677.762827502","526788.196146462","골프연습장업","사립","","0","0","374.19","0","","",
"601","골프연습장업","10_31_01_P","4301000","CDFH3301052011000001","2011-08-12","","01","영업/정상","13","영업중","","","","","456-7890","","269-816","강원특별자치도 철원군 동송읍 이평리 687-10","강원특별자치도 철원군 동송읍 이평3로 135","24015","동송골프존","2019-01-29 10:44:51","I","2023-06-13 00:00:00","","219366.360981153","522730.87365917","골프연습장업","사립","","0","0","351.24","0","","",
"602","골프연습장업","10_31_01_P","4301000","CDFH3301052011000002","2011-11-29","","01","영업/정상","13","영업중","","","","","452-0101","","","강원특별자치도 철원군 갈말읍 군탄리 1363-1 태봉골프연습장","강원특별자치도 철원군 갈말읍 갈말로 77, 태봉골프연습장","24032","태봉골프연습장","2024-03-11 15:20:20","U","2024-03-13 02:40:00","","226459.847996999","517715.79678783","골프연습장업","사립","","0","0","0","0","","",
"603","골프연습장업","10_31_01_P","4301000","CDFH3301052012000001","2012-04-12","","01","영업/정상","13","영업중","","","","","033-452-0101","","269-802","강원특별자치도 철원군 갈말읍 군탄리 1363-1","강원특별자치도 철원군 갈말읍 갈말로 83","24032","태봉스크린골프연습장","2023-04-18 10:03:52","I","2023-06-13 00:00:00","","226459.847996999","517715.79678783","골프연습장업","사립","","0","0","0","0","","",
"604","골프연습장업","10_31_01_P","4301000","CDFH3301052014000001","2014-05-20","","01","영업/정상","13","영업중","","","","","033-452-5700","","269-802","강원특별자치도 철원군 갈말읍 군탄리 1137","강원특별자치도 철원군 갈말읍 순담길 59","24032","한탄강 CC 골프연습장","2014-05-20 14:59:49","I","2023-06-13 00:00:00","","225640.627735622","518553.026033191","골프연습장업","사립","","0","2","399.48","0","","",
"605","골프연습장업","10_31_01_P","4301000","CDFH3301052018000001","2018-01-02","","01","영업/정상","13","영업중","","","","","","","","강원특별자치도 철원군 서면 와수리 807-8","강원특별자치도 철원군 서면 와수로 322","24056","젠스크린골프연습장","2018-01-02 13:34:07","I","2023-06-13 00:00:00","","239275.659783852","527346.89390954","골프연습장업","사립","","0","1","493.83","0","","",
"606","골프연습장업","10_31_01_P","4301000","CDFH3301052018000002","2018-07-12","","01","영업/정상","13","영업중","","","","","033-455-5353","","","강원특별자치도 철원군 철원읍 화지리 28-138 철원약국","강원특별자치도 철원군 철원읍 금학로256번길 1, 철원약국 2층","24008","리더스 SG스크린골프","2023-04-18 10:05:11","I","2023-06-13 00:00:00","","218874.180748727","523179.014912733","골프연습장업","사립","","0","2","744.84","0","","",
"607","골프연습장업","10_31_01_P","4301000","CDFH3301052018000003","2018-12-13","","01","영업/정상","13","영업중","","","","","","","","강원특별자치도 철원군 동송읍 이평리 249-1","강원특별자치도 철원군 동송읍 금학로59번길 5","24020","기성골프존","2022-10-13 10:36:56","I","2023-06-13 00:00:00","","219689.850154382","521367.656373176","골프연습장업","사립","","0","0","0","0","","",
"608","골프연습장업","10_31_01_P","4301000","CDFH3301052019000001","2019-09-09","","01","영업/정상","13","영업중","","","","","033-455-5353","","","강원특별자치도 철원군 철원읍 화지리 108-14","강원특별자치도 철원군 철원읍 금학로 340, 1층","24005","홀인원골프존","2021-03-09 14:29:13","I","2023-06-13 00:00:00","","218467.481273803","523899.133002466","골프연습장업","사립","Y","0","0","282.43","0","","",
"609","골프연습장업","10_31_01_P","4301000","CDFH3301052019000002","2019-11-01","","01","영업/정상","13","영업중","","","","","","","","강원특별자치도 철원군 갈말읍 신철원리 698-8","강원특별자치도 철원군 갈말읍 삼부연로18번길 16-7","24049","JS골프존","2019-11-01 09:46:50","I","2023-06-13 00:00:00","","227066.84128794","515768.556315138","골프연습장업","사립","","0","0","0","0","","",
"610","골프연습장업","10_31_01_P","4301000","CDFH3301052003000001","2003-03-31","","01","영업/정상","13","영업중","","","","","033-452-0178","","269-802","강원특별자치도 철원군 갈말읍 군탄리 474-7","강원특별자치도 철원군 갈말읍 호국로 4910","24034","금강실내골프연습장","2017-01-03 13:43:56","I","2023-06-13 00:00:00","","227215.818098085","517374.302470601","골프연습장업","사립","","0","0","308.9","0","","",
"611","골프연습장업","10_31_01_P","4311000","CDFH3301052003000001","2003-02-14","","03","폐업","03","폐업","2008-07-01","","","","033)441-8844","","209-834","강원특별자치도 화천군 사내면 사창리 235","강원특별자치도 화천군 사내면 사내천로 18-12","","미리골프연습장","2017-12-26 12:51:17","I","2023-06-13 00:00:00","","246402.092829181","507293.057219029","골프연습장업","사립","","0","0","236.9","0","","",
"612","골프연습장업","10_31_01_P","4311000","CDFH3301052010000001","2010-06-30","","03","폐업","03","폐업","2015-09-21","","","","033)441-0759","","209-804","강원특별자치도 화천군 화천읍 하리 27-22","강원특별자치도 화천군 화천읍 상승로 14","24130","화천스크린골프연습장","2017-09-18 11:26:28","I","2023-06-13 00:00:00","","261601.930799212","511313.258774512","골프연습장업","사립","","0","0","209.08","0","","",
"613","골프연습장업","10_31_01_P","4311000","CDFH3301052012000001","2012-10-31","","01","영업/정상","13","영업중","","","","","","","","강원특별자치도 화천군 사내면 사창리 457-54 한림성심의원, 스크린연습장,마포갈비","강원특별자치도 화천군 사내면 사내로5길 16-1, 2층","24155","버디스크린골프 아카데미","2024-05-14 11:45:49","U","2024-05-16 02:40:00","","245602.101479724","507714.496452713","골프연습장업","사립","","0","4","978.2","0","","",
"614","골프연습장업","10_31_01_P","4311000","CDFH3301052018000002","2018-11-16","","01","영업/정상","13","영업중","","","","","033-442-5429","","","강원특별자치도 화천군 화천읍 신읍리 638-2","강원특별자치도 화천군 화천읍 옹기점길 14","24113","화천 스크린","2022-10-12 11:03:39","I","2023-06-13 00:00:00","","261222.000441177","512565.597651346","골프연습장업","사립","","0","0","974.78","0","","",
"615","골프연습장업","10_31_01_P","4321000","CDFH3301052005000001","2005-03-09","","03","폐업","03","폐업","2025-04-25","","","","","","255-806","강원특별자치도 양구군 양구읍 정림리 84-2","강원특별자치도 양구군 양구읍 박수근로 219","","양구골프연습장","2025-04-25 16:39:37","U","2025-04-27 02:40:00","","286182.620465465","510428.222200715","골프연습장업","사립","","0","1","256.08","0","","",
"616","골프연습장업","10_31_01_P","4321000","CDFH3301052017000001","2017-02-09","","03","폐업","03","폐업","2024-08-15","","","","","","","강원특별자치도 양구군 양구읍 상리 347","강원특별자치도 양구군 양구읍 비봉로 64-4, 2층","24526","프렌즈스크린 퀀텀 양구점","2024-08-15 14:53:11","U","2024-08-17 02:40:00","","286517.993885706","512064.758230174","골프연습장업","사립","","0","1","996.74","0","","",
"617","골프연습장업","10_31_01_P","4321000","CDFH3301052017000002","2017-06-12","","01","영업/정상","13","영업중","","","","","","","","강원특별자치도 양구군 양구읍 상리 121-5","강원특별자치도 양구군 양구읍 중심로 84","24546","청춘스크린","2023-04-27 13:14:54","I","2023-06-13 00:00:00","","287138.809404638","511094.10522473","골프연습장업","사립","","0","1","359.43","0","","",
"618","골프연습장업","10_31_01_P","4321000","CDFH3301052003000001","2003-04-11","","01","영업/정상","13","영업중","","","","","","","","강원특별자치도 양구군 양구읍 이리 69-5","강원특별자치도 양구군 양구읍 박수근로83번길 19","24518","양록골프연습장","2018-08-09 13:55:09","I","2023-06-13 00:00:00","","286157.159750053","509032.387484293","골프연습장업","사립","","0","0","0","0","","",
"619","골프연습장업","10_31_01_P","4321000","CDFH3301052016000001","2016-03-14","","01","영업/정상","13","영업중","","","","","481-9856","","","","강원특별자치도 양구군 양구읍 해시계로 32-7","24534","그린 실내 골프연습장","2017-08-23 16:02:44","I","2023-06-13 00:00:00","","286808.017149713","511769.992263483","골프연습장업","사립","","1","0","198.45","0","","",
"620","골프연습장업","10_31_01_P","4331000","CDFH3301052009000002","2009-09-04","","03","폐업","03","폐업","2018-02-22","","","","033-461-6032, 0069","","252-815","강원특별자치도 인제군 남면 신남리 524 2층","강원특별자치도 인제군 남면 신남로 23  (2층)","","신남스크린골프연습장","2018-02-22 14:42:09","I","2023-06-13 00:00:00","","294584.740329022","496448.629739763","골프연습장업","사립","","0","0","523.5","0","","",
"621","골프연습장업","10_31_01_P","4331000","CDFH3301052010000001","2010-08-05","","03","폐업","03","폐업","2018-06-19","","","","033-461-7989","","252-806","강원특별자치도 인제군 인제읍 상동리 85-10","강원특별자치도 인제군 인제읍 인제로206번길 33","24635","싱글벙글 스크린골프","2018-06-19 17:59:12","I","2023-06-13 00:00:00","","303074.646332065","507749.44912425","골프연습장업","사립","","0","1","281.79","0","","",
"622","골프연습장업","10_31_01_P","4331000","CDFH3301052011000002","2011-11-18","","03","폐업","03","폐업","2019-02-01","","","","033-463-9977","","252-845","강원특별자치도 인제군 기린면 현리 458-1","강원특별자치도 인제군 기린면 내린천로 4106","24660","ING스크린골프","2019-02-01 18:58:15","I","2023-06-13 00:00:00","","316028.394246586","496314.085348198","골프연습장업","사립","","0","0","35248","0","","",
"623","골프연습장업","10_31_01_P","4331000","CDFH3301052015000001","2015-11-12","","01","영업/정상","13","영업중","","","","","","","","강원특별자치도 인제군 북면 원통리 산 122","강원특별자치도 인제군 북면 원통로 391","24620","그린골프연습장","2015-11-12 13:16:51","I","2023-06-13 00:00:00","","","","골프연습장업","사립","","1","1","652","0","","",
"624","골프연습장업","10_31_01_P","4331000","CDFH3301052016000001","2016-02-03","","01","영업/정상","13","영업중","","","","","","","","강원특별자치도 인제군 북면 원통리 345-7","강원특별자치도 인제군 북면 원통로 391","24614","원통스크린","2018-12-19 18:13:26","I","2023-06-13 00:00:00","","307354.82208729","515217.228307742","골프연습장업","사립","","0","0","690.5","0","","",
"625","골프연습장업","10_31_01_P","4331000","CDFH3301051994000001","1994-02-18","","01","영업/정상","13","영업중","","","","","033-462-0752","","252-924","강원특별자치도 인제군 북면 원통리 433-5","강원특별자치도 인제군 북면 갈골로1길 6-9","24622","인제골프연습장","2019-05-25 16:43:57","I","2023-06-13 00:00:00","","306640.796412951","513984.378535918","골프연습장업","사립","","0","0","0","0","","",
"626","골프연습장업","10_31_01_P","4331000","CDFH3301052003000001","2003-09-08","","01","영업/정상","13","영업중","","","","","033-462-1145","","252-822","강원특별자치도 인제군 북면 원통리 210-1","강원특별자치도 인제군 북면 어두원길 41","24608","PGCC골프아카데미","2012-12-04 14:04:54","I","2023-06-13 00:00:00","","307911.690721028","515903.85604556","골프연습장업","사립","","0","0","0","0","","",
"627","골프연습장업","10_31_01_P","4331000","CDFH3301052006000001","2006-01-27","","01","영업/정상","13","영업중","","","","","","","252-814","강원특별자치도 인제군 남면 어론리 593-2","강원특별자치도 인제군 남면 설악로 140-36","","응봉골프연습장","2020-09-15 09:37:54","I","2023-06-13 00:00:00","","293307.608992204","492364.128636296","골프연습장업","사립","Y","0","0","165","0","","",
"628","골프연습장업","10_31_01_P","4331000","CDFH3301052007000001","2007-11-19","","01","영업/정상","13","영업중","","","","","033-462-0753","","252-808","강원특별자치도 인제군 인제읍 합강리 362","강원특별자치도 인제군 인제읍 비봉로15번길 57","","인제스크린골프방","2018-07-10 11:45:32","I","2023-06-13 00:00:00","","303313.561301028","508201.777875987","골프연습장업","사립","","0","1","998.82","0","","",
"629","골프연습장업","10_31_01_P","4331000","CDFH3301052009000001","2009-01-29","","01","영업/정상","13","영업중","","","","","033-463-8787","","252-822","강원특별자치도 인제군 북면 원통리 471-3","강원특별자치도 인제군 북면 원통로 250","","골프스토리","2024-04-19 15:31:31","U","2024-04-21 02:40:00","","306118.560135827","514263.08691006","골프연습장업","사립","","0","1","684.3","0","","",
"630","골프연습장업","10_31_01_P","4331000","CDFH3301052009000003","2009-12-11","","01","영업/정상","13","영업중","","","","","033-462-0755","","252-805","강원특별자치도 인제군 인제읍 남북리 386-6","강원특별자치도 인제군 인제읍 인제로 88-4","","하늘내린골프랜드","2019-10-24 13:34:22","I","2023-06-13 00:00:00","","302219.111098988","507181.303978753","골프연습장업","사립","","0","0","490.48","100","","",
"631","골프연습장업","10_31_01_P","4331000","CDFH3301052024000001","2024-01-10","","01","영업/정상","13","영업중","","","","","","","","강원특별자치도 인제군 인제읍 상동리 77-3","강원특별자치도 인제군 인제읍 비봉로47번길 31, 트라움빌딩 2층","24636","트라움 골프 아카데미 QED 인제점","2024-01-10 10:44:32","I","2024-01-12 00:16:24","","303196.080967705","507868.698093919","골프연습장업","사립","","0","0","1552.4","0","","",
"632","골프연습장업","10_31_01_P","4341000","CDFH3301051991000001","1991-09-05","","02","휴업","02","휴업","","2006-04-01","2010-12-31","","033-681-5030","","219-804","강원특별자치도 고성군 간성읍 흘리","","","알프스골프연습장","2008-05-21 11:53:05","I","2023-06-13 00:00:00","","","","골프연습장업","사립","1","1","0","0","0","","",
"633","골프연습장업","10_31_01_P","4341000","CDFH3301052003000001","2003-04-25","","03","폐업","03","폐업","2023-11-20","","","","033-633-0066","","219-832","강원특별자치도 고성군 토성면 신평리 462-6","강원특별자치도 고성군 토성면 서신평2길 101","24763","HYPGA 연습장","2023-11-20 13:06:25","U","2023-11-22 02:40:00","","333333.299893024","527242.832890431","골프연습장업","사립","Y","1","1","2908.83","0","","",
"634","골프연습장업","10_31_01_P","4341000","CDFH3301052004000001","2004-03-22","","03","폐업","03","폐업","2019-10-22","","","","636-0013","","219-832","강원특별자치도 고성군 토성면 원암리 331-2","강원특별자치도 고성군 토성면 고성대로 47-24","","일성스크린골프","2019-10-22 15:31:39","I","2023-06-13 00:00:00","","331627.272688906","523921.362834984","골프연습장업","사립","","0","3","442","0","","",
"635","골프연습장업","10_31_01_P","4341000","CDFH3301052005000001","2005-07-22","","03","폐업","03","폐업","2008-04-14","","","","033-638-5362","","219-823","강원특별자치도 고성군 죽왕면 삼포리 산 134","","","설악썬밸리리조트 골프연습장","2008-04-14 11:23:30","I","2023-06-13 00:00:00","","","","골프연습장업","사립","0","0","0","0","0","","",
"636","골프연습장업","10_31_01_P","4341000","CDFH3301051994000001","1994-09-15","","01","영업/정상","13","영업중","","","","","033-635-8311","","219-832","강원특별자치도 고성군 토성면 원암리 산 95-2","강원특별자치도 고성군 토성면 미시령옛길 1153","","대명설악레저타운골프연습장","2010-01-18 16:07:39","I","2023-06-13 00:00:00","","331116.910496187","524073.824015649","골프연습장업","사립","Y","0","0","0","0","","",
"637","골프연습장업","10_31_01_P","4341000","CDFH3301052004000002","2004-08-12","","01","영업/정상","13","영업중","","","","","033-633-9339","","219-833","강원특별자치도 고성군 토성면 청간리 227-10 청간골프연습장","강원특별자치도 고성군 토성면 천금길 129  (청간골프연습장)","","청간골프주식회사","2010-01-18 16:06:51","I","2023-06-13 00:00:00","","335273.479081962","530759.526007265","골프연습장업","공립","Y","0","1","1243.37","0","","",
"638","골프연습장업","10_31_01_P","4341000","CDFH3301052009000001","2009-07-20","","01","영업/정상","13","영업중","","","","","033-681-2072","","219-803","강원특별자치도 고성군 간성읍 신안리 309-1 1층","강원특별자치도 고성군 간성읍 간성북로7번길 19  (1층)","","에이스 스크린 골프연습장","2012-01-16 14:56:00","I","2023-06-13 00:00:00","","328363.206951652","543001.234906335","골프연습장업","사립","","0","1","375.93","0","","",
"639","골프연습장업","10_31_01_P","4341000","CDFH3301052010000001","2010-02-12","","01","영업/정상","13","영업중","","","","","","","","강원특별자치도 고성군 토성면 원암리 403-24 델피노골프&리조트","강원특별자치도 고성군 토성면 미시령옛길 1153, 델피노골프&리조트 west동 지하2층","24768","골프존파크 델피노점","2021-12-29 20:29:01","I","2023-06-13 00:00:00","","331116.910496187","524073.824015649","골프연습장업","사립","","0","0","0","0","","",
"640","골프연습장업","10_31_01_P","4341000","CDFH3301052016000001","2016-04-12","","01","영업/정상","13","영업중","","","","","033-681-5350","","","강원특별자치도 고성군 간성읍 신안리 229-1","강원특별자치도 고성군 간성읍 간성로39번길 8 (비호체육관)","24736","베스트 스크린 골프장","2021-12-09 16:28:50","I","2023-06-13 00:00:00","","328423.321480368","542723.17538309","골프연습장업","사립","","0","0","719.46","0","","",
"641","골프연습장업","10_31_01_P","4351000","CDFH3301052008000001","2008-06-09","","03","폐업","03","폐업","2015-12-22","","","","","","215-803","강원특별자치도 양양군 양양읍 연창리 183-2","강원특별자치도 양양군 양양읍 양양로 9-1","25031","양양스크린골프","2015-12-22 14:11:23","I","2023-06-13 00:00:00","","342707.769841585","509659.990558192","골프연습장업","사립","","0","1","2714","0","","",
"642","골프연습장업","10_31_01_P","4351000","CDFH3301052009000001","2009-09-30","","03","폐업","03","폐업","2020-02-05","","","","033-673-0909","","215-806","강원특별자치도 양양군 양양읍 남문리 160","강원특별자치도 양양군 양양읍 남문로 22","25030","스크린골프","2020-02-05 10:51:30","I","2023-06-13 00:00:00","","342107.389073433","509155.364052762","골프연습장업","사립","","0","0","0","0","","",
"643","골프연습장업","10_31_01_P","4351000","CDFH3301051999000001","1999-03-10","","03","폐업","03","폐업","2013-01-28","","","","672-2784","","215-804","강원특별자치도 양양군 양양읍 남문리 5-1","","","금강골프연습장","2013-01-29 14:09:12","I","2023-06-13 00:00:00","","342452.730524883","509549.733620958","골프연습장업","사립","0","0","0","0","0","","",
"644","골프연습장업","10_31_01_P","4351000","CDFH3301052023000001","2023-06-27","","01","영업/정상","13","영업중","","","","","","","","강원특별자치도 양양군 양양읍 월리 37-1","강원특별자치도 양양군 양양읍 안산1길 30, 워시플렉스","25032","워시플렉스 골프연습장","2023-06-27 13:39:43","I","2023-06-29 00:19:12","","343109.884173864","509133.525526794","골프연습장업","사립","","1","1","98","0","","",
"645","골프연습장업","10_31_01_P","4351000","CDFH3301052016000002","2016-04-21","","01","영업/정상","13","영업중","","","","","","","","","강원특별자치도 양양군 양양읍 군청길 15","25023","양양골프연습장","2021-04-13 14:48:29","I","2023-06-13 00:00:00","","342102.30618352","509361.216033959","골프연습장업","사립","","0","0","993.07","0","","",
"646","골프연습장업","10_31_01_P","4351000","CDFH3301052017000001","2017-02-09","","01","영업/정상","13","영업중","","","","","033-671-2936","","","","강원특별자치도 양양군 양양읍 동해대로 2646","25016","SG골프양양점","2017-02-09 12:52:24","I","2023-06-13 00:00:00","","342851.766060315","509865.096619493","골프연습장업","사립","","0","1","431.85","0","","",
"647","골프연습장업","10_31_01_P","4351000","CDFH3301052019000001","2019-05-01","","01","영업/정상","13","영업중","","","","","033-670-7704","","","강원특별자치도 양양군 손양면 동호리 510-28 설해원","강원특별자치도 양양군 손양면 공항로 230, 설해원","25042","설해 스크린골프","2020-07-20 10:07:17","I","2023-06-13 00:00:00","","345916.543033054","506924.392178776","골프연습장업","사립","","0","0","31911.91","0","","",
"648","골프연습장업","10_31_01_P","4351000","CDFH3301052019000002","2019-07-04","","01","영업/정상","13","영업중","","","","","","","","강원특별자치도 양양군 양양읍 남문리 5-1","강원특별자치도 양양군 양양읍 군청길 55, 조이골프연습장 3층","25021","파크(PARK)스크린골프","2023-04-03 15:51:04","I","2023-06-13 00:00:00","","342452.730524883","509549.733620958","골프연습장업","사립","","0","1","0","0","","",
"649","골프연습장업","10_31_01_P","4351000","CDFH3301052022000001","2022-03-23","","01","영업/정상","13","영업중","","","","","","","","강원특별자치도 양양군 양양읍 청곡리 453-12","강원특별자치도 양양군 양양읍 한고개길 67","25018","영광스크린골프 & 마실스크린파크골프","2024-12-09 16:12:23","U","2024-12-11 02:40:00","","341679.442406998","510221.45940515","골프연습장업","사립","","0","0","1219.02","0","","",
"650","골프연습장업","10_31_01_P","4351000","CDFH3301052006000001","2006-06-14","","01","영업/정상","13","영업중","","","","","033)672-5006","","215-803","강원특별자치도 양양군 양양읍 구교리 99-1","강원특별자치도 양양군 양양읍 미륵길 28","25021","월드실내골프클럽","2014-06-18 22:51:47","I","2023-06-13 00:00:00","","342305.891699273","509752.551693716","골프연습장업","사립","","0","1","494.4","0","","",
"651","골프연습장업","10_31_01_P","4351000","CDFH3301052007000001","2007-07-30","","01","영업/정상","13","영업중","","","","","033-670-7700","","215-823","강원특별자치도 양양군 손양면 동호리 510-28","강원특별자치도 양양군 손양면 공항로 230","25042","설해원골프리조트","2025-10-31 10:48:20","U","2025-11-02 02:40:00","","345916.543033054","506924.392178776","골프연습장업","사립","","0","1","0","0","","",
"652","골프연습장업","10_31_01_P","4351000","CDFH3301051994000001","1994-07-28","","04","취소/말소/만료/정지/중지","35","직권말소","2013-05-13","","","","","","215-803","강원특별자치도 양양군 양양읍 연창리 183-0008","","","제이제이골프스쿨","2013-05-17 09:43:43","I","2023-06-13 00:00:00","","342650.333428607","509598.515403164","골프연습장업","사립","","0","0","0","0","","",
