"번호","개방서비스명","개방서비스아이디","개방자치단체코드","관리번호","인허가일자","인허가취소일자","영업상태구분코드","영업상태명","상세영업상태코드","상세영업상태명","폐업일자","휴업시작일자","휴업종료일자","재개업일자","소재지전화","소재지면적","소재지우편번호","소재지전체주소","도로명전체주소","도로명우편번호","사업장명","최종수정시점","데이터갱신구분","데이터갱신일자","업태구분명","좌표정보x(epsg5174)","좌표정보y(epsg5174)","위생업태명","건물지상층수","건물지하층수","사용시작지상층","사용끝지상층","사용시작지하층","사용끝지하층","의자수","조건부허가신고사유","조건부허가시작일자","조건부허가종료일자","건물소유구분명","여성종사자수","남성종사자수","침대수","다중이용업소여부",
"1","이용업","05_19_01_P","4181000","4181000-203-2023-00003","2023-08-11","","01","영업/정상","01","영업","","","","","","41.50","","강원특별자치도 춘천시 동내면 거두리 1020-9","강원특별자치도 춘천시 동내면 외솔길19번길 57, 1층 101호","24400","제이원바버샵","2023-08-18 09:54:49","U","2023-08-20 02:40:00","일반이용업","266464.843447888","484185.29066799","일반이용업","3","0","1","1","0","0","2","","","","임대","0","0","0","N",
"2","이용업","05_19_01_P","4181000","4181000-203-2023-00002","2023-07-17","","01","영업/정상","01","영업","","","","","","59.29","","강원특별자치도 춘천시 우두동 1062-5","강원특별자치도 춘천시 영서로2756번길 14, 2층 201호 (우두동)","24231","프롬더문바버샵","2023-07-17 15:27:03","I","2023-07-19 00:18:55","일반이용업","264110.802583179","488731.096029602","일반이용업","3","1","2","2","0","0","2","","","","임대","0","0","0","N",
"3","이용업","05_19_01_P","4181000","4181000-203-2022-00001","2022-06-14","","01","영업/정상","01","영업","","","","","","53.15","","강원특별자치도 춘천시 우두동 1110","강원특별자치도 춘천시 우두5길 36, 1층 103호 (우두동)","24221","크랭키한바버샵","2022-06-14 10:35:26","I","2023-06-13 00:00:00","일반이용업","264798.07590442","489729.908453491","일반이용업","2","1","1","1","0","0","1","","","","","0","0","0","N",
"4","이용업","05_19_01_P","4181000","4181000-203-1978-00003","1978-11-08","","01","영업/정상","01","영업","","","","","033 2551291","12.00","","강원특별자치도 춘천시 낙원동 28-3","강원특별자치도 춘천시 낙원길 49 (낙원동)","24273","한일이용소","2013-07-05 11:46:13","I","2023-06-13 00:00:00","일반이용업","263863.372654608","486683.234407931","일반이용업","0","0","1","0","0","0","3","","","","","0","0","0","N",
"5","이용업","05_19_01_P","4181000","4181000-203-1985-00004","1985-04-08","","01","영업/정상","01","영업","","","","","033 2526522","23.70","","강원특별자치도 춘천시 효자동 673-12","강원특별자치도 춘천시 공지로 354 (효자동)","24337","남궁이용소","2019-02-26 16:12:55","I","2023-06-13 00:00:00","일반이용업","263926.449529986","485545.659100792","일반이용업","0","0","1","0","0","0","3","","","","","0","0","0","N",
"6","이용업","05_19_01_P","4181000","4181000-203-1985-00010","1985-11-09","","01","영업/정상","01","영업","","","","","033 2410815","33.00","","강원특별자치도 춘천시 신북읍 율문리 298-27 [1리]","강원특별자치도 춘천시 신북읍 율문3길 31 ([1리])","24206","대성이용소","2018-10-04 15:44:15","I","2023-06-13 00:00:00","일반이용업","265588.358496815","491965.646223472","일반이용업","0","0","0","0","0","0","3","","","","","0","0","0","N",
"7","이용업","05_19_01_P","4181000","4181000-203-1991-00003","1991-11-26","","01","영업/정상","01","영업","","","","","","33.00","","강원특별자치도 춘천시 퇴계동 79 춘천퇴계타운 105호","강원특별자치도 춘천시 안마산로 213, 105호 (퇴계동, 춘천퇴계타운)","24421","그린이용소","2021-08-11 17:11:07","I","2023-06-13 00:00:00","일반이용업","264855.838698284","483301.263496797","일반이용업","0","0","1","0","0","0","2","","","","임대","0","0","0","N",
"8","이용업","05_19_01_P","4181000","4181000-203-1994-00007","1994-01-28","","01","영업/정상","01","영업","","","","","033 249 5698","37.80","","강원특별자치도 춘천시 봉의동 15 2층","강원특별자치도 춘천시 중앙로 1, 봉의동 (봉의동)","24266","도청구내이용실","2022-12-15 11:32:03","I","2023-06-13 00:00:00","일반이용업","264161.625099424","487252.702443066","일반이용업","0","0","0","0","0","0","5","","","","","0","0","0","N",
"9","이용업","05_19_01_P","4181000","4181000-203-1999-00004","1999-06-14","","01","영업/정상","01","영업","","","","","033 2564674","26.40","","강원특별자치도 춘천시 후평동 883-9","강원특별자치도 춘천시 세실로 188-1 (후평동)","24307","향신이발소","2013-07-23 17:03:42","I","2023-06-13 00:00:00","일반이용업","266656.607390085","485991.656428383","일반이용업","0","0","1","0","0","0","2","","","","","0","0","0","N",
"10","이용업","05_19_01_P","4181000","4181000-203-2005-00003","2005-03-25","","01","영업/정상","01","영업","","","","","","18.70","","강원특별자치도 춘천시 우두동 1068 삼성아파트상가 106호","강원특별자치도 춘천시 충열로 30 (우두동,삼성아파트상가 106호)","24230","하이클래스","2020-01-08 16:38:18","I","2023-06-13 00:00:00","일반이용업","264199.59128247","488717.090463373","일반이용업","0","0","1","0","0","0","2","","","","임대","0","0","0","N",
"11","이용업","05_19_01_P","4181000","4181000-203-1992-00005","1992-06-25","","01","영업/정상","01","영업","","","","","033 2613429","18.39","","강원특별자치도 춘천시 석사동 650-11","강원특별자치도 춘천시 효석로89번길 24 (석사동)","24384","상훈이용소","2021-08-04 14:21:03","I","2023-06-13 00:00:00","일반이용업","265144.15353247","484449.906679668","일반이용업","0","0","1","0","0","0","3","","","","자가","0","0","0","N",
"12","이용업","05_19_01_P","4181000","4181000-203-1992-00008","1992-11-04","","01","영업/정상","01","영업","","","","","033 2623043","57.66","","강원특별자치도 춘천시 석사동 705 19통2반","강원특별자치도 춘천시 벌말길 111 (석사동)","24383","미미이용소","2025-08-11 14:49:24","U","2025-08-13 02:40:00","일반이용업","265006.527733538","484654.279627469","일반이용업","0","0","2","0","0","0","4","","","","임대","0","0","0","N",
"13","이용업","05_19_01_P","4181000","4181000-203-1960-00003","1960-10-25","","01","영업/정상","01","영업","","","","","033 2533324","16.50","","강원특별자치도 춘천시 후평동 692-15","강원특별자치도 춘천시 춘천로 308 (후평동)","24277","상신이용소","2019-02-21 16:53:55","I","2023-06-13 00:00:00","일반이용업","265665.873522151","486806.791033455","일반이용업","0","0","1","0","0","0","1","","","","","0","0","0","N",
"14","이용업","05_19_01_P","4181000","4181000-203-1963-00002","1963-07-09","","01","영업/정상","01","영업","","","","","033 2537155","18.00","","강원특별자치도 춘천시 운교동 183 동부시장 1층 18호","강원특별자치도 춘천시 동부시장길 8, 1층 18호 (운교동, 동부시장)","24350","단골이용소","2019-04-12 11:12:22","I","2023-06-13 00:00:00","일반이용업","264518.245047485","486328.376714699","일반이용업","0","0","0","0","0","0","0","","","","","0","0","0","N",
"15","이용업","05_19_01_P","4181000","4181000-203-1970-00001","1970-03-11","","01","영업/정상","01","영업","","","","","033 2576946","17.00","","강원특별자치도 춘천시 퇴계동 618-9","강원특별자치도 춘천시 남춘로5번길 28-2 (퇴계동)","24369","동해이용소","2021-08-11 17:12:10","I","2023-06-13 00:00:00","일반이용업","263920.862177406","484781.062128146","일반이용업","0","0","1","0","0","0","3","","","","자가","0","0","0","N",
"16","이용업","05_19_01_P","4181000","4181000-203-1970-00003","1970-05-23","","01","영업/정상","01","영업","","","","","033 2547404","46.20","","강원특별자치도 춘천시 요선동 7-6 7-7","강원특별자치도 춘천시 중앙로 26 (요선동)","24271","백금이용소","2013-07-23 16:27:30","I","2023-06-13 00:00:00","일반이용업","264012.727962247","486922.81724872","일반이용업","0","0","1","0","0","0","10","","","","","0","0","0","N",
"17","이용업","05_19_01_P","4181000","4181000-203-1971-00002","1971-07-23","","01","영업/정상","01","영업","","","","","033 2551404","26.40","","강원특별자치도 춘천시 효자동 700-20","강원특별자치도 춘천시 효자로 62-1, 1층 (효자동)","24338","대일이용소","2023-04-18 09:16:12","I","2023-06-13 00:00:00","일반이용업","264200.207432662","485423.013438642","일반이용업","0","0","1","0","0","0","3","","","","","0","0","0","N",
"18","이용업","05_19_01_P","4181000","4181000-203-1992-00010","1992-11-12","","01","영업/정상","01","영업","","","","","033 2547448","20.33","","강원특별자치도 춘천시 후평동 810-13","강원특별자치도 춘천시 후석로258번길 27 (후평동)","24312","새우리이용소","2013-07-29 16:46:47","I","2023-06-13 00:00:00","일반이용업","266419.805348826","486054.076471634","일반이용업","0","0","1","0","0","0","2","","","","","0","0","0","N",
"19","이용업","05_19_01_P","4181000","4181000-203-2000-00006","2000-12-04","","01","영업/정상","01","영업","","","","","033 2532127","24.80","","강원특별자치도 춘천시 퇴계동 898-13","강원특별자치도 춘천시 춘주로187번길 20-12 (퇴계동)","24443","남성헤어타운","2021-08-11 17:08:53","I","2023-06-13 00:00:00","일반이용업","263845.294496781","484517.133045871","일반이용업","0","0","1","0","0","0","3","","","","자가","0","0","0","N",
"20","이용업","05_19_01_P","4181000","4181000-203-1992-00012","1992-11-23","","01","영업/정상","01","영업","","","","","033 2579531","38.00","","강원특별자치도 춘천시 퇴계동 917 한진,한성아파트 상가동 202호","강원특별자치도 춘천시 행촌로 11, 상가동 2층 202호 (퇴계동, 한진,한성아파트)","24454","미로이용소","2021-08-11 17:01:03","I","2023-06-13 00:00:00","일반이용업","263499.773507302","484251.367449733","일반이용업","0","0","21","0","0","0","3","","","","임대","0","0","0","N",
"21","이용업","05_19_01_P","4181000","4181000-203-1993-00001","1993-03-12","","01","영업/정상","01","영업","","","","","033 2512493","43.53","","강원특별자치도 춘천시 소양로1가 96-18","강원특별자치도 춘천시 소양로183번길 8 (소양로1가)","24241","지성이용소","2020-04-21 10:26:10","I","2023-06-13 00:00:00","일반이용업","263667.944409361","487730.962066786","일반이용업","0","0","0","0","0","0","3","","","","","0","0","0","N",
"22","이용업","05_19_01_P","4181000","4181000-203-1993-00006","1993-10-08","","01","영업/정상","01","영업","","","","","033 2564874","15.04","","강원특별자치도 춘천시 후평동 869-14","강원특별자치도 춘천시 세실로 220, 후평동 (후평동)","24307","금호이발관","2018-11-02 16:45:00","I","2023-06-13 00:00:00","일반이용업","266533.443701937","486286.702525669","일반이용업","0","0","0","0","0","0","3","","","","","0","0","0","N",
"23","이용업","05_19_01_P","4181000","4181000-203-1994-00004","1994-10-22","","01","영업/정상","01","영업","","","","","033 2568695","24.09","","강원특별자치도 춘천시 퇴계동 916-2 퇴계현대1차아파트","강원특별자치도 춘천시 춘주로 162, 상가동 209호 (퇴계동, 퇴계현대1차아파트)","24452","모아이용소","2021-11-18 16:50:27","I","2023-06-13 00:00:00","일반이용업","263811.794747063","484091.143059532","일반이용업","0","0","2","0","0","0","3","","","","","0","0","0","N",
"24","이용업","05_19_01_P","4181000","4181000-203-1994-00005","1994-12-27","","01","영업/정상","01","영업","","","","","","17.98","","강원특별자치도 춘천시 효자동 434-10","강원특별자치도 춘천시 효자로 67-1 (효자동)","24336","봉의구내이용소","2021-07-14 16:36:58","I","2023-06-13 00:00:00","일반이용업","264202.047458521","485480.755805949","일반이용업","0","0","1","1","0","0","2","","","","임대","0","0","0","N",
"25","이용업","05_19_01_P","4181000","4181000-203-1995-00001","1995-01-17","","01","영업/정상","01","영업","","","","","033 2415581","19.78","","강원특별자치도 춘천시 우두동 1067-4","강원특별자치도 춘천시 충열로 10-6 (우두동)","24231","태양이용소","2021-08-17 17:32:52","I","2023-06-13 00:00:00","일반이용업","264079.840396232","488895.750440159","일반이용업","0","0","1","0","0","0","3","","","","","0","0","0","N",
"26","이용업","05_19_01_P","4181000","4181000-203-1997-00001","1997-06-17","","01","영업/정상","01","영업","","","","","033 2613329","29.00","","강원특별자치도 춘천시 퇴계동 79 춘천퇴계타운 218호","강원특별자치도 춘천시 안마산로 213, 218호 (퇴계동, 춘천퇴계타운)","24421","정든이용원","2015-06-10 15:45:37","I","2023-06-13 00:00:00","일반이용업","264855.838698284","483301.263496797","일반이용업","0","0","2","0","0","0","2","","","","자가","0","0","0","N",
"27","이용업","05_19_01_P","4181000","4181000-203-1997-00002","1997-07-01","","01","영업/정상","01","영업","","","","","033 2553178","76.38","","강원특별자치도 춘천시 운교동 167-1 지하1층","강원특별자치도 춘천시 금강로 85 (운교동, 지하1층)","24352","육림이용원","2015-06-26 11:09:50","I","2023-06-13 00:00:00","일반이용업","264169.996161053","486407.37854079","일반이용업","0","0","0","0","0","0","8","","","","","0","0","0","N",
"28","이용업","05_19_01_P","4181000","4181000-203-1998-00005","1998-10-20","","01","영업/정상","01","영업","","","","","033 2613485","24.64","","강원특별자치도 춘천시 석사동 725-7","강원특별자치도 춘천시 애막골길3번길 65 (석사동)","24320","그랜드이용원","2025-05-29 09:44:58","U","2025-05-31 02:40:00","일반이용업","266427.94329784","485174.697404927","일반이용업","0","0","0","0","0","0","3","","","","임대","0","0","0","N",
"29","이용업","05_19_01_P","4181000","4181000-203-1998-00002","1998-05-26","","01","영업/정상","01","영업","","","","","033 2524078","33.00","","강원특별자치도 춘천시 근화동 710-10","강원특별자치도 춘천시 공지로 442 (근화동)","24359","근화이용소","2021-08-17 17:35:27","I","2023-06-13 00:00:00","일반이용업","263161.857288675","485943.610341716","일반이용업","0","0","1","0","0","0","4","","","","","0","0","0","N",
"30","이용업","05_19_01_P","4181000","4181000-203-2001-00003","2001-06-05","","01","영업/정상","01","영업","","","","","033 2634611","18.86","","강원특별자치도 춘천시 칠전동 543-4","강원특별자치도 춘천시 칠전서길 48 (칠전동)","24457","대우이용소","2021-08-11 16:52:41","I","2023-06-13 00:00:00","일반이용업","262665.545","482539.685","일반이용업","0","0","1","0","0","0","3","","","","임대","0","0","0","N",
"31","이용업","05_19_01_P","4181000","4181000-203-1999-00010","1999-05-08","","01","영업/정상","01","영업","","","","","033 2625087","26.60","","강원특별자치도 춘천시 석사동 283-15 삼익1차아파트 상가동 101호","강원특별자치도 춘천시 춘천순환로 42, 상가동 101호 (석사동, 삼익1차아파트)","24395","쌍다리이용소","2021-08-04 14:26:26","I","2023-06-13 00:00:00","일반이용업","265828.997649087","483804.141424814","일반이용업","0","0","1","0","0","0","2","","","","자가","0","0","0","N",
"32","이용업","05_19_01_P","4181000","4181000-203-1971-00007","1971-10-11","","01","영업/정상","01","영업","","","","","033 2621752","16.00","","강원특별자치도 춘천시 석사동 311-6","강원특별자치도 춘천시 공지로 127 (석사동)","24389","오고파이용소","2021-08-18 20:52:07","I","2023-06-13 00:00:00","일반이용업","265637.033928166","484145.600328854","일반이용업","1","0","1","1","0","0","2","","","","임대","0","0","0","N",
"33","이용업","05_19_01_P","4181000","4181000-203-2003-00006","2003-03-24","","01","영업/정상","01","영업","","","","","033 2512063","32.70","","강원특별자치도 춘천시 온의동 65-10 금호1차아파트, 2층 상가동 1호","강원특별자치도 춘천시 스포츠타운길 535 (온의동, 금호1차아파트)","24429","금호컷트전문헤어샆","2021-08-11 16:54:38","I","2023-06-13 00:00:00","일반이용업","262796.847730253","485510.154731301","일반이용업","0","0","0","0","0","0","2","","","","자가","0","0","0","N",
"34","이용업","05_19_01_P","4181000","4181000-203-1973-00005","1973-09-30","","01","영업/정상","01","영업","","","","","033 2557730","0.00","","강원특별자치도 춘천시 효자동 657-12 1층","강원특별자치도 춘천시 효자로 147, 1층 (효자동)","24329","동부이용소","2019-06-25 09:15:57","I","2023-06-13 00:00:00","일반이용업","264608.519953334","486155.998537505","일반이용업","0","0","1","0","0","0","3","","","","","0","0","0","N",
"35","이용업","05_19_01_P","4181000","4181000-203-1973-00007","1973-12-20","","01","영업/정상","01","영업","","","","","033 2579729","23.10","","강원특별자치도 춘천시 후평동 704-11","강원특별자치도 춘천시 후석로369번길 1 (후평동)","24256","후평이발관","2021-08-19 15:39:36","I","2023-06-13 00:00:00","일반이용업","265686.00686993","487018.140287987","일반이용업","0","0","1","0","0","0","3","","","","","0","0","0","N",
"36","이용업","05_19_01_P","4181000","4181000-203-1974-00001","1974-10-01","","01","영업/정상","01","영업","","","","","033 2518458","16.50","","강원특별자치도 춘천시 효자동 684-11 남부시장","강원특별자치도 춘천시 공지로 367, 남부시장 지하1층 23호 (효자동)","24365","대원이발관","2021-11-19 10:00:43","I","2023-06-13 00:00:00","일반이용업","263776.104141899","485573.469431416","일반이용업","0","0","1","0","0","0","2","","","","","0","0","0","N",
"37","이용업","05_19_01_P","4181000","4181000-203-1980-00004","1980-12-04","","01","영업/정상","01","영업","","","","","033 2550344","28.00","","강원특별자치도 춘천시 교동 160-7","강원특별자치도 춘천시 성심로 23-2 (교동)","24258","해양이용소","2021-08-18 20:49:00","I","2023-06-13 00:00:00","일반이용업","265040.885116881","486801.022581464","일반이용업","0","0","0","0","0","0","2","","","","","0","0","0","N",
"38","이용업","05_19_01_P","4181000","4181000-203-1981-00004","1981-08-24","","01","영업/정상","01","영업","","","","","033 2528077","19.80","","강원특별자치도 춘천시 후평동 245-11","강원특별자치도 춘천시 공단로 52 (후평동)","24233","동하이용소","2021-08-19 15:38:38","I","2023-06-13 00:00:00","일반이용업","265847.90820664","487824.574778293","일반이용업","0","0","1","0","0","0","4","","","","","0","0","0","N",
"39","이용업","05_19_01_P","4181000","4181000-203-2005-00005","2005-07-27","","01","영업/정상","01","영업","","","","","033 261 1706","56.10","","강원특별자치도 춘천시 동면 장학리 859 1층","강원특별자치도 춘천시 동면 만천로 261, 1층","24296","MR.헤어클럽","2021-09-03 09:30:14","I","2023-06-13 00:00:00","일반이용업","266258.343926198","487963.42956518","일반이용업","3","0","1","1","0","0","2","","","","임대","0","0","0","N",
"40","이용업","05_19_01_P","4181000","4181000-203-2002-00007","2002-10-01","","01","영업/정상","01","영업","","","","","033 2532506","64.72","","강원특별자치도 춘천시 퇴계동 385-3 2층","강원특별자치도 춘천시 영서로 2185 (퇴계동)","24445","동원이용원","2013-10-23 11:04:01","I","2023-06-13 00:00:00","일반이용업","264176.37444098","484401.632545309","일반이용업","2","0","0","0","0","0","4","","","","임대","2","1","0","N",
"41","이용업","05_19_01_P","4181000","4181000-203-2004-00001","2004-01-29","","01","영업/정상","01","영업","","","","","033 2439360","34.20","","강원특별자치도 춘천시 후평동 67-53","강원특별자치도 춘천시 백령로 186 (후평동)","24280","이발하기좋은날","2013-07-22 11:04:39","I","2023-06-13 00:00:00","일반이용업","265633.816342591","486244.311015493","일반이용업","2","0","1","0","0","0","3","","","","임대","0","1","0","N",
"42","이용업","05_19_01_P","4181000","4181000-203-2016-00001","2016-03-14","","01","영업/정상","01","영업","","","","","","35.10","","강원특별자치도 춘천시 퇴계동 979-4","강원특별자치도 춘천시 퇴계로146번길 12-1 (퇴계동)","24377","부부헤어","2021-08-11 17:00:14","I","2023-06-13 00:00:00","일반이용업","264582.779572786","484252.039086214","일반이용업","3","0","1","0","0","0","3","","","","임대","0","1","0","N",
"43","이용업","05_19_01_P","4181000","4181000-203-1993-00002","1993-05-12","","01","영업/정상","01","영업","","","","","","23.04","","강원특별자치도 춘천시 퇴계동 1155","강원특별자치도 춘천시 우묵들길 24 (퇴계동)","24367","대한스포렉스 이발","2020-01-08 16:45:14","I","2023-06-13 00:00:00","일반이용업","263708.146153108","485107.143480244","일반이용업","0","0","1","0","0","0","1","","","","","0","0","0","N",
"44","이용업","05_19_01_P","4181000","4181000-203-2016-00002","2016-04-22","","01","영업/정상","01","영업","","","","","","7.70","","강원특별자치도 춘천시 퇴계동 1181 효신사우나내 지1층","강원특별자치도 춘천시 퇴계로 24, 효신사우나내 지1층 (퇴계동)","24368","효신사우나이용원","2018-03-08 15:01:19","I","2023-06-13 00:00:00","일반이용업","263648.615856392","485029.445786038","일반이용업","2","0","2","2","0","0","2","","","","임대","0","0","0","N",
"45","이용업","05_19_01_P","4181000","4181000-203-2018-00001","2018-03-13","","01","영업/정상","01","영업","","","","","","12.30","","강원특별자치도 춘천시 효자동 740-6 1층","강원특별자치도 춘천시 춘천로213번길 9, 1층 (효자동)","24261","바위이발소","2025-05-29 09:45:34","U","2025-05-31 02:40:00","일반이용업","264777.033299891","486429.36443569","일반이용업","2","1","1","1","0","0","2","","","","임대","0","0","0","N",
"46","이용업","05_19_01_P","4181000","4181000-203-2018-00003","2018-05-28","","01","영업/정상","01","영업","","","","","033 256 5046","21.84","","강원특별자치도 춘천시 석사동 682-1 석사신우아파트 상가동 121호","강원특별자치도 춘천시 공지로 111, 상가동 121호 (석사동, 석사신우아파트)","24389","스마일남성헤어","2018-05-28 10:00:57","I","2023-06-13 00:00:00","일반이용업","265628.056819471","484040.280563305","일반이용업","1","1","1","1","0","0","2","","","","임대","0","0","0","N",
"47","이용업","05_19_01_P","4181000","4181000-203-1970-00005","1970-12-30","","01","영업/정상","01","영업","","","","","033 2412828","29.70","","강원특별자치도 춘천시 효자동 710-1 1층","강원특별자치도 춘천시 공지로297번길 9, 1층 (효자동)","24372","공지로이용소","2021-07-14 16:31:41","I","2023-06-13 00:00:00","일반이용업","264347.271624823","485137.517339876","일반이용업","3","0","1","1","0","0","2","","","","자가","0","0","0","N",
"48","이용업","05_19_01_P","4181000","4181000-203-2016-00004","2016-04-20","","01","영업/정상","01","영업","","","","","","34.40","","강원특별자치도 춘천시 효자동 153-40 1층 1호","강원특별자치도 춘천시 백령로75번길 42, 1층 1호 (효자동)","24339","효자이발관","2017-09-19 16:32:33","I","2023-06-13 00:00:00","일반이용업","264561.284193356","485711.574530265","일반이용업","2","0","1","1","0","0","3","","","","임대","0","1","0","N",
"49","이용업","05_19_01_P","4181000","4181000-203-2007-00005","2007-11-06","","01","영업/정상","01","영업","","","","","033 241 2774","38.00","","강원특별자치도 춘천시 효자동 744-2","강원특별자치도 춘천시 춘천로213번길 4 (효자동)","24259","신세계이용원","2021-07-14 16:34:03","I","2023-06-13 00:00:00","일반이용업","264831.740115939","486387.865181029","일반이용업","0","0","0","0","0","0","2","","","","임대","0","0","0","N",
"50","이용업","05_19_01_P","4181000","4181000-203-2008-00006","2008-07-03","","01","영업/정상","01","영업","","","","","","16.00","","강원특별자치도 춘천시 석사동 667-6","강원특별자치도 춘천시 후석로46번길 27 (석사동)","24388","뉴욕이발","2018-03-14 17:49:46","I","2023-06-13 00:00:00","일반이용업","265449.520076664","484153.034992138","일반이용업","1","0","1","1","0","0","3","","","","임대","0","0","0","N",
"51","이용업","05_19_01_P","4181000","4181000-203-2009-00002","2009-05-06","","01","영업/정상","01","영업","","","","","033 253 1634","30.00","","강원특별자치도 춘천시 죽림동 159-2","강원특별자치도 춘천시 명동길 51 (죽림동)","24357","반도이용소","2019-02-27 15:33:40","I","2023-06-13 00:00:00","일반이용업","263648.007135242","486271.351966581","일반이용업","1","0","1","0","0","0","3","","","","임대","0","0","0","N",
"52","이용업","05_19_01_P","4181000","4181000-203-2009-00003","2009-05-08","","01","영업/정상","01","영업","","","","","033 263 1230","30.00","","강원특별자치도 춘천시 석사동 666-8","강원특별자치도 춘천시 효석로135번길 9 (석사동)","24387","석사이발관","2013-10-22 09:42:03","I","2023-06-13 00:00:00","일반이용업","265353.622744848","484184.396126439","일반이용업","1","0","3","0","0","0","2","","","","자가","0","0","0","N",
"53","이용업","05_19_01_P","4181000","4181000-203-2003-00012","2003-08-19","","01","영업/정상","01","영업","","","","","033 256 3917","22.20","","강원특별자치도 춘천시 효자동 612-2","강원특별자치도 춘천시 서부대성로 185 (효자동)","24294","헤어스튜디오","2020-07-03 16:05:27","I","2023-06-13 00:00:00","일반이용업","264978.808991842","486102.776783812","일반이용업","0","0","0","0","0","0","2","","","","임대","0","0","0","N",
"54","이용업","05_19_01_P","4181000","4181000-203-1985-00002","1985-01-09","","01","영업/정상","01","영업","","","","","033 2513115","29.70","","강원특별자치도 춘천시 약사동 77-6","강원특별자치도 춘천시 춘천로81번길 30-2 (약사동)","24357","신성이용원","2021-08-04 14:24:57","I","2023-06-13 00:00:00","일반이용업","263547.874770508","485854.19526412","일반이용업","0","0","1","0","0","0","5","","","","임대","0","0","0","N",
"55","이용업","05_19_01_P","4181000","4181000-203-1989-00003","1989-07-22","","01","영업/정상","01","영업","","","","","033 2558297","30.40","","강원특별자치도 춘천시 후평동 838-11","강원특별자치도 춘천시 후석로 263 (후평동)","24283","최씨바버샵","2020-07-03 16:05:47","I","2023-06-13 00:00:00","일반이용업","266119.514844805","486079.996002205","일반이용업","3","1","1","0","0","0","2","","","","","0","0","0","N",
"56","이용업","05_19_01_P","4181000","4181000-203-2020-00001","2020-03-27","","01","영업/정상","01","영업","","","","","","30.60","","강원특별자치도 춘천시 석사동 726-8","강원특별자치도 춘천시 우석로85번길 20-3, 1층 (석사동)","24320","맥코이 바버샵","2021-08-04 14:17:57","I","2023-06-13 00:00:00","일반이용업","266329.660016176","485216.717574188","일반이용업","3","1","1","2","0","0","3","","","","임대","0","0","0","N",
"57","이용업","05_19_01_P","4181000","4181000-203-2019-00001","2019-03-06","","01","영업/정상","01","영업","","","","","","49.46","","강원특별자치도 춘천시 봉의동 22-2","강원특별자치도 춘천시 서부대성로43번길 21, 1층 (봉의동)","24269","노벨바버샵(nobell barbershop)","2024-05-16 11:36:23","U","2024-05-18 02:40:00","일반이용업","263995.089881965","487204.838325874","일반이용업","3","0","1","1","0","0","2","","","","임대","0","0","0","N",
"58","이용업","05_19_01_P","4181000","4181000-203-2022-00003","2022-09-28","","01","영업/정상","01","영업","","","","","","36.00","","강원특별자치도 춘천시 퇴계동 1180","강원특별자치도 춘천시 퇴계로 34, 가동 1층 (퇴계동)","24368","노벨바버샵 남춘천역점","2022-09-28 15:54:13","I","2023-06-13 00:00:00","일반이용업","263727.864177962","484955.696730972","일반이용업","1","0","1","1","0","0","2","","","","","0","0","0","N",
"59","이용업","05_19_01_P","4181000","4181000-203-2021-00003","2021-08-18","","01","영업/정상","01","영업","","","","","","3.30","","강원특별자치도 춘천시 석사동 116-67","강원특별자치도 춘천시 공지로 57-7, 1층 (석사동)","24397","유지스헤어","2025-05-29 17:55:06","U","2025-05-31 02:40:00","일반이용업","266040.711070021","483537.321881741","일반이용업","1","1","1","1","0","0","0","","","","","0","0","0","N",
"60","이용업","05_19_01_P","4181000","4181000-203-2018-00002","2018-04-20","","01","영업/정상","01","영업","","","","","","10.80","","강원특별자치도 춘천시 동면 만천리 638-20","강원특별자치도 춘천시 동면 만천로 80-5, 1층","24215","암반수사우나구내이용소","2023-12-13 13:06:54","U","2023-12-15 02:40:00","일반이용업","267285.861163414","486662.884180013","일반이용업","4","1","0","0","1","1","2","","","","임대","0","0","0","N",
"61","이용업","05_19_01_P","4181000","4181000-203-2000-00008","2000-01-12","","01","영업/정상","01","영업","","","","","033 4423669","25.20","","강원특별자치도 춘천시 동내면 신촌리 389-18","강원특별자치도 춘천시 동내면 향군길 4, 1층","24407","신촌리화천이용소","2022-06-10 11:44:08","I","2023-06-13 00:00:00","일반이용업","267017.714896642","483085.836495728","일반이용업","1","0","1","1","0","0","3","","","","","0","0","0","N",
"62","이용업","05_19_01_P","4181000","4181000-203-2022-00002","2022-08-01","","01","영업/정상","01","영업","","","","","","56.10","","강원특별자치도 춘천시 온의동 518-7","강원특별자치도 춘천시 춘주로91번길 18 (온의동)","24436","비데이바버샵","2022-08-01 13:51:33","I","2023-06-13 00:00:00","일반이용업","263374.900518535","484751.581508453","일반이용업","0","0","0","0","0","0","0","","","","","0","0","0","N",
"63","이용업","05_19_01_P","4181000","4181000-203-2023-00001","2023-01-03","","01","영업/정상","01","영업","","","","","033 244 8889","31.00","","강원특별자치도 춘천시 중앙로2가 116 다3","강원특별자치도 춘천시 중앙로 지하 52, 다3 (중앙로2가)","24273","광장이발소","2025-04-08 09:11:23","U","2025-04-10 02:40:00","일반이용업","263810.543185432","486523.48743338","일반이용업","0","2","0","0","1","1","2","","","","","0","0","0","N",
"64","이용업","05_19_01_P","4181000","4181000-203-2019-00002","2019-04-23","","01","영업/정상","01","영업","","","","","033 251 8579","48.69","","강원특별자치도 춘천시 동면 만천리 881-2","강원특별자치도 춘천시 동면 만천로143번길 44, 1층","24216","헤이브로 바버샵","2025-03-10 09:21:47","U","2025-03-12 02:40:00","일반이용업","266948.121929544","486664.516926174","일반이용업","2","0","1","1","0","0","1","","","","임대","0","0","0","N",
"65","이용업","05_19_01_P","4181000","4181000-203-1987-00002","1987-06-16","","01","영업/정상","01","영업","","","","","033 2633556","23.00","","강원특별자치도 춘천시 남산면 광판리 591-231","강원특별자치도 춘천시 남산면 장터골길 5","24466","광판이용소","2021-12-03 11:23:15","I","2023-06-13 00:00:00","일반이용업","262063.475375139","470194.205116402","일반이용업","0","0","0","0","0","0","0","","","","","0","0","0","N",
"66","이용업","05_19_01_P","4181000","4181000-203-1988-00004","1988-12-19","","01","영업/정상","01","영업","","","","","033 2535558","39.60","","강원특별자치도 춘천시 후평동 854-2","강원특별자치도 춘천시 삭주로 104 (후평동)","24254","현대이용소","2013-07-24 10:01:14","I","2023-06-13 00:00:00","일반이용업","265241.716863802","487046.481879198","일반이용업","0","0","1","0","0","0","3","","","","","0","0","0","N",
"67","이용업","05_19_01_P","4181000","4181000-203-1963-00001","1963-09-30","","01","영업/정상","01","영업","","","","","033 2519563","11.89","","강원특별자치도 춘천시 근화동 719-8","강원특별자치도 춘천시 중앙로 162 (근화동)","24276","상록이발관","2021-07-14 16:42:34","I","2023-06-13 00:00:00","일반이용업","263054.177099917","486087.024880668","일반이용업","3","0","1","0","0","0","2","","","","임대","0","0","0","N",
"68","이용업","05_19_01_P","4181000","4181000-203-2008-00009","2008-08-13","","01","영업/정상","01","영업","","","","","033 253 6394","60.84","","강원특별자치도 춘천시 후평동 429-3","강원특별자치도 춘천시 보안길 80 (후평동)","24300","미소이발관","2013-06-10 15:09:20","I","2023-06-13 00:00:00","일반이용업","265890.133026431","486788.247519957","일반이용업","3","0","1","1","0","0","4","","","","임대","0","0","0","N",
"69","이용업","05_19_01_P","4181000","4181000-203-2008-00012","2008-10-27","","01","영업/정상","01","영업","","","","","","11.55","","강원특별자치도 춘천시 온의동 510 럭키아파트 상가 지하 1층 9호","강원특별자치도 춘천시 영서로 2317 (온의동, 럭키아파트 상가 지하 1층 9호 )","24434","럭키이용원","2021-08-11 16:58:20","I","2023-06-13 00:00:00","일반이용업","263030.653293619","485050.328015576","일반이용업","0","1","0","0","0","0","3","","","","임대","0","0","0","N",
"70","이용업","05_19_01_P","4181000","4181000-203-1983-00003","1983-11-25","","01","영업/정상","01","영업","","","","","033 2540713","33.46","","강원특별자치도 춘천시 중앙로2가 42-37 2층","강원특별자치도 춘천시 약사고개길 3, 2층 (중앙로2가)","24354","중앙이발관","2020-07-03 16:05:04","I","2023-06-13 00:00:00","일반이용업","263720.868597442","486381.778890449","일반이용업","0","0","1","0","0","0","4","","","","임대","1","2","0","N",
"71","이용업","05_19_01_P","4181000","4181000-203-2006-00002","2006-05-19","","01","영업/정상","01","영업","","","","","033 2612859","33.00","","강원특별자치도 춘천시 동내면 거두리 956-6","강원특별자치도 춘천시 동내면 거두택지길 28","24405","부영이발관","2021-07-21 17:33:27","I","2023-06-13 00:00:00","일반이용업","266314.505","483714.46","일반이용업","3","0","1","1","0","0","4","","","","임대","0","0","0","N",
"72","이용업","05_19_01_P","4181000","4181000-203-2011-00005","2011-10-04","","01","영업/정상","01","영업","","","","","033 255 0155","33.00","","강원특별자치도 춘천시 효자동 757-17","강원특별자치도 춘천시 춘천로 252, 1층 일부호 (효자동)","24292","부안이용원","2024-10-31 11:48:35","U","2024-11-02 02:40:00","일반이용업","265163.896738819","486520.723813381","일반이용업","1","0","1","0","0","0","2","","","","임대","0","0","0","N",
"73","이용업","05_19_01_P","4181000","4181000-203-2011-00007","2011-11-23","","01","영업/정상","01","영업","","","","","033 254 2178","30.25","","강원특별자치도 춘천시 요선동 11-10","강원특별자치도 춘천시 소양고개길 47 (요선동)","24271","요선이발","2013-07-23 16:16:47","I","2023-06-13 00:00:00","일반이용업","263868.587631107","486886.976394888","일반이용업","0","0","1","0","0","0","2","","","","임대","0","0","0","N",
"74","이용업","05_19_01_P","4181000","4181000-203-2005-00002","2005-03-23","","01","영업/정상","01","영업","","","","","033 2615224","33.00","","강원특별자치도 춘천시 효자동 300-16 1층","강원특별자치도 춘천시 남춘천새길 45, 1층 (효자동)","24374","미스터헤어닥터","2022-12-15 11:29:47","I","2023-06-13 00:00:00","일반이용업","264745.303597482","484819.910081757","일반이용업","3","1","1","1","0","0","3","","","","임대","0","0","0","N",
"75","이용업","05_19_01_P","4181000","4181000-203-2014-00001","2014-01-15","","01","영업/정상","01","영업","","","","","033 910 6444","29.05","","강원특별자치도 춘천시 퇴계동 904-2","강원특별자치도 춘천시 춘주로147번길 11-1 (퇴계동)","24442","태후사랑(춘천1호점)","2021-08-11 17:07:44","I","2023-06-13 00:00:00","일반이용업","263757.333114012","484357.662706394","일반이용업","3","1","1","0","0","0","2","","","","임대","0","0","0","N",
"76","이용업","05_19_01_P","4181000","4181000-203-2003-00011","2003-07-24","","01","영업/정상","01","영업","","","","","033 2534477","27.74","","강원특별자치도 춘천시 교동 113-113","강원특별자치도 춘천시 춘천로213번길 23-1 (교동)","24261","원강이용소","2021-08-18 20:36:16","I","2023-06-13 00:00:00","일반이용업","264762.874043313","486561.844248499","일반이용업","0","0","0","0","0","0","3","","","","","0","0","0","N",
"77","이용업","05_19_01_P","4181000","4181000-203-2012-00006","2012-12-10","","01","영업/정상","01","영업","","","","","","33.00","","강원특별자치도 춘천시 효자동 601","강원특별자치도 춘천시 둥지길 11 (효자동)","24331","정성이용소","2013-07-23 14:13:18","I","2023-06-13 00:00:00","일반이용업","264696.47384651","486037.61203684","일반이용업","1","0","0","0","0","0","2","","","","임대","0","0","0","N",
"78","이용업","05_19_01_P","4181000","4181000-203-2024-00003","2024-09-30","","01","영업/정상","01","영업","","","","","","70.13","","강원특별자치도 춘천시 근화동 747-7","강원특별자치도 춘천시 영서로2434번길 9, 1층 (근화동)","24246","스누즈바버샵","2024-09-30 11:21:29","I","2024-10-02 00:12:51","일반이용업","262636.966483916","486205.508946356","일반이용업","4","0","1","1","0","0","1","","","","","0","0","0","N",
"79","이용업","05_19_01_P","4181000","4181000-203-2025-00004","2025-07-23","","01","영업/정상","01","영업","","","","","","39.60","","강원특별자치도 춘천시 신동면 팔미리 44 간부회관 2층","","","구룡바버샵","2025-08-07 16:37:14","U","2025-08-09 02:40:00","일반이용업","262496.451486157","480471.45498817","일반이용업","2","0","2","2","0","0","1","","","","","0","0","0","N",
"80","이용업","05_19_01_P","4181000","4181000-203-2024-00002","2024-01-16","","01","영업/정상","01","영업","","","","","","13.00","","강원특별자치도 춘천시 신북읍 산천리 310-13","강원특별자치도 춘천시 신북읍 장본길 35","24203","월드온천이발소","2024-01-16 11:47:23","I","2024-01-18 00:16:19","일반이용업","266194.20550817","494379.173036803","일반이용업","3","1","1","1","0","0","2","","","","","0","0","0","N",
"81","이용업","05_19_01_P","4181000","4181000-203-2025-00002","2025-02-26","","01","영업/정상","01","영업","","","","","","9.90","","강원특별자치도 춘천시 온의동 151-2","강원특별자치도 춘천시 영서로 2309, 4층 (온의동)","24435","화산스파랜드 이용실","2025-03-24 15:28:21","U","2025-03-26 02:40:00","일반이용업","263145.477711722","485095.984266514","일반이용업","5","1","4","4","0","0","3","","","","","0","0","0","N",
"82","이용업","05_19_01_P","4181000","4181000-203-2025-00003","2025-04-09","","01","영업/정상","01","영업","","","","","","32.76","","강원특별자치도 춘천시 칠전동 529-2 칠전 사랑으로부영아파트","강원특별자치도 춘천시 칠전서길 45, 상가동 102호 (칠전동, 칠전 사랑으로부영아파트)","24458","젠틀맨맨즈헤어","2025-05-01 14:03:31","U","2025-05-03 02:40:00","일반이용업","262577.370236775","482571.700173878","일반이용업","1","0","1","1","0","0","2","","","","","0","0","0","N",
"83","이용업","05_19_01_P","4181000","4181000-203-2023-00006","2023-12-06","","01","영업/정상","01","영업","","","","","","23.00","","강원특별자치도 춘천시 후평동 683-5","강원특별자치도 춘천시 춘천로 272, 1층 (후평동)","24291","후크바버샵","2023-12-06 12:00:49","I","2023-12-09 00:16:53","일반이용업","265347.45704324","486630.411499937","일반이용업","3","1","1","1","0","0","1","","","","임대","0","0","0","N",
"84","이용업","05_19_01_P","4181000","4181000-203-2023-00004","2023-10-05","","01","영업/정상","01","영업","","","","","033257 2596","46.42","","강원특별자치도 춘천시 죽림동 189 브라운가","강원특별자치도 춘천시 중앙로67번길 18, 1동 1102호 (죽림동, 브라운가)","24354","제리바버샵춘천본점","2025-08-13 13:28:09","U","2025-08-15 02:40:00","일반이용업","263954.075694438","486406.885561246","일반이용업","0","0","0","0","0","0","4","","","","","0","0","0","N",
"85","이용업","05_19_01_P","4181000","4181000-203-2023-00005","2023-11-20","","01","영업/정상","01","영업","","","","","033253 7239","80.59","","강원특별자치도 춘천시 동내면 거두리 1022-6","강원특별자치도 춘천시 동내면 외솔길19번길 71, 1층 우측상가호","24400","제이멜트바버샵","2023-11-20 09:35:36","I","2023-11-22 00:17:07","일반이용업","266606.225665889","484217.183371962","일반이용업","3","0","1","1","0","0","1","","","","임대","0","0","0","N",
"86","이용업","05_19_01_P","4181000","4181000-203-2025-00001","2025-01-06","","01","영업/정상","01","영업","","","","","","40.80","","강원특별자치도 춘천시 후평동 731-11","강원특별자치도 춘천시 만천로199번길 41, 1층 (후평동)","24297","동광이용소","2025-01-06 10:52:26","I","2025-01-08 00:11:19","일반이용업","265962.256997459","487222.765821904","일반이용업","2","1","1","1","0","0","2","","","","","0","0","0","N",
"87","이용업","05_19_01_P","4191000","4191000-203-1981-00004","1981-10-26","","01","영업/정상","01","영업","","","","","033 7655753","1.00","","강원특별자치도 원주시 원동 249-9","강원특별자치도 원주시 무실로55번길 12 (원동)","26433","원동이용원","2022-07-01 15:49:55","I","2023-06-13 00:00:00","일반이용업","283888.842646403","427477.087500705","일반이용업","0","0","0","0","0","0","3","","","","","0","0","0","N",
"88","이용업","05_19_01_P","4191000","4191000-203-1982-00001","1982-04-08","","01","영업/정상","01","영업","","","","","033 7455811","20.16","","강원특별자치도 원주시 우산동 243-13 지상1층","강원특별자치도 원주시 북원로2485번길 35, 지상1층 (우산동)","26343","금관이용원","2015-03-11 11:01:29","I","2023-06-13 00:00:00","일반이용업","282891.212678718","429819.682675905","일반이용업","2","0","1","0","0","0","2","","","","임대","0","1","0","N",
"89","이용업","05_19_01_P","4191000","4191000-203-1999-00011","1999-12-01","","01","영업/정상","01","영업","","","","","033 7342888","40.62","","강원특별자치도 원주시 문막읍 동화리 1232-1","강원특별자치도 원주시 문막읍 동화택지길 6, 1층","26368","영동이용원","2022-09-01 15:39:33","I","2023-06-13 00:00:00","일반이용업","273558.927787377","424880.501376723","일반이용업","1","0","1","1","0","0","3","","","","임대","0","0","0","N",
"90","이용업","05_19_01_P","4191000","4191000-203-1999-00012","1999-12-07","","01","영업/정상","01","영업","","","","","033 7630253","28.08","","강원특별자치도 원주시 단구동 1684-1 단관청솔4차아파트 상가동 지상1층, 103호","강원특별자치도 원주시 단구로 414, 단관청솔4차아파트 상가동 지상1층 103호 (단구동)","26489","멋쟁이이용원","2019-08-23 14:04:43","I","2023-06-13 00:00:00","일반이용업","284480.347859303","424645.293837572","일반이용업","0","0","0","0","0","0","3","","","","","0","0","0","N",
"91","이용업","05_19_01_P","4191000","4191000-203-2011-00005","2011-06-20","","01","영업/정상","01","영업","","","","","033 735 1593","0.00","","강원특별자치도 원주시 단계동 807","강원특별자치도 원주시 백간길 53 (단계동)","26410","헤어맨","2015-02-26 15:10:58","I","2023-06-13 00:00:00","일반이용업","282236.430167486","428286.543171374","일반이용업","0","0","1","0","0","0","2","","","","임대","0","0","0","N",
"92","이용업","05_19_01_P","4191000","4191000-203-1980-00001","1980-08-05","","01","영업/정상","01","영업","","","","","033 7437054","21.08","","강원특별자치도 원주시 우산동 236-13 지하1층","강원특별자치도 원주시 우산초교길 63-1, 지하1층 (우산동)","26344","일산이용원","2018-06-29 17:07:19","I","2023-06-13 00:00:00","일반이용업","282767.113791975","429937.818409701","일반이용업","4","1","0","0","1","1","3","","","","임대","0","0","0","N",
"93","이용업","05_19_01_P","4191000","4191000-203-1962-00004","1962-05-14","","01","영업/정상","01","영업","","","","","","25.56","","강원특별자치도 원주시 문막읍 문막리 266-2 지상1층","강원특별자치도 원주시 문막읍 문막시장1길 57, 지상1층","26373","근화이용원","2023-08-08 12:01:01","U","2023-08-10 02:40:00","일반이용업","272276.22335085","422892.172797257","일반이용업","2","0","1","1","0","0","3","","","","임대","0","0","0","N",
"94","이용업","05_19_01_P","4191000","4191000-203-1984-00002","1984-04-03","","01","영업/정상","01","영업","","","","","033735 3810","21.60","","강원특별자치도 원주시 문막읍 건등리 1699-1","강원특별자치도 원주시 문막읍 건등로 43-4, 1층","26370","고향이용원","2014-11-27 10:34:10","I","2023-06-13 00:00:00","일반이용업","272649.684583235","423902.712634765","일반이용업","2","0","1","1","0","0","3","","","","임대","0","0","0","N",
"95","이용업","05_19_01_P","4191000","4191000-203-2003-00004","2003-03-04","","01","영업/정상","01","영업","","","","","033 7350625","43.26","","강원특별자치도 원주시 문막읍 문막리 240-3","강원특별자치도 원주시 문막읍 문막시장1길 46-5, 1층","26373","현이용원","2019-08-23 14:07:33","I","2023-06-13 00:00:00","일반이용업","272231.701972218","423001.279050664","일반이용업","4","0","1","1","0","0","3","","","","임대","0","1","0","N",
"96","이용업","05_19_01_P","4191000","4191000-203-1975-00005","1975-09-09","","01","영업/정상","01","영업","","","","","033 7612874","22.00","","강원특별자치도 원주시 단구동 590-16","강원특별자치도 원주시 단구로 275, 1층 (단구동)","26446","오봉이용원","2021-03-05 09:48:07","I","2023-06-13 00:00:00","일반이용업","284715.839865935","425853.939319811","일반이용업","0","0","0","0","0","0","7","","","","","0","0","0","N",
"97","이용업","05_19_01_P","4191000","4191000-203-2010-00001","2010-01-18","","01","영업/정상","01","영업","","","","","033 734 6878","0.00","","강원특별자치도 원주시 무실동 1716-1","강원특별자치도 원주시 시청로 40 (무실동)","26387","금메달이발관","2014-01-09 13:49:31","I","2023-06-13 00:00:00","일반이용업","281647.440192982","426677.940002147","일반이용업","0","0","2","0","0","0","3","","","","임대","0","0","0","N",
"98","이용업","05_19_01_P","4191000","4191000-203-2010-00004","2010-03-25","","01","영업/정상","01","영업","","","","","","0.00","","강원특별자치도 원주시 단계동 935-9","강원특별자치도 원주시 이화3길 28-16 (단계동)","26476","평화이용원","2019-08-23 13:58:15","I","2023-06-13 00:00:00","일반이용업","282688.719762947","426702.970769014","일반이용업","1","0","1","0","0","0","3","","","","자가","0","0","0","N",
"99","이용업","05_19_01_P","4191000","4191000-203-2004-00002","2004-04-01","","01","영업/정상","01","영업","","","","","033 7629308","8.21","","강원특별자치도 원주시 단구동 1462-1 (2층)","강원특별자치도 원주시 송림길 52-15 (단구동,(2층))","26449","치악이용원","2010-12-17 13:46:54","I","2023-06-13 00:00:00","일반이용업","284363.45884415","425842.179282853","일반이용업","3","1","1","1","0","0","2","","","","임대","0","0","0","N",
"100","이용업","05_19_01_P","4191000","4191000-203-2010-00006","2010-05-19","","01","영업/정상","01","영업","","","","","033 735 8627","0.00","","강원특별자치도 원주시 우산동 125-11","강원특별자치도 원주시 상지대길 15-6 (우산동)","26342","우성이용원","2021-07-23 09:50:22","I","2023-06-13 00:00:00","일반이용업","283129.449566386","430072.851745463","일반이용업","2","0","1","0","0","0","3","","","","임대","0","0","0","N",
"101","이용업","05_19_01_P","4191000","4191000-203-2015-00011","2015-11-09","","01","영업/정상","01","영업","","","","","","11.63","","강원특별자치도 원주시 단구동 997-6","강원특별자치도 원주시 남원로534번길 64, 2층 일부호 (단구동)","26485","청담이용원","2024-05-13 11:42:57","U","2024-05-15 02:40:00","일반이용업","284310.250897042","425529.166771353","일반이용업","3","1","2","2","0","0","2","","","","임대","0","0","0","N",
"102","이용업","05_19_01_P","4191000","4191000-203-2007-00004","2007-06-08","","01","영업/정상","01","영업","","","","","","8.73","","강원특별자치도 원주시 원동 5-27","강원특별자치도 원주시 감영길 20 (원동)","26431","수정이용원","2012-07-11 11:13:00","I","2023-06-13 00:00:00","일반이용업","284179.339530384","427680.101395095","일반이용업","5","0","2","2","0","0","2","","","","임대","0","0","0","N",
"103","이용업","05_19_01_P","4191000","4191000-203-1194-00001","1994-01-21","","01","영업/정상","01","영업","","","","","","9.90","","강원특별자치도 원주시 우산동 411-27","강원특별자치도 원주시 우산공단길 15 (우산동)","26337","복지이용원","2011-05-17 09:34:40","I","2023-06-13 00:00:00","일반이용업","283312.245427678","430647.288951115","일반이용업","0","0","1","1","0","0","2","","","","","0","0","0","N",
"104","이용업","05_19_01_P","4191000","4191000-203-2009-00009","2009-10-14","","01","영업/정상","01","영업","","","","","033 761 6332","29.25","","강원특별자치도 원주시 단계동 809 벽산아파트상가 201호","강원특별자치도 원주시 평원초교길 25 (단계동)","26420","새로나 이용원","2012-05-04 17:18:50","I","2023-06-13 00:00:00","일반이용업","282575.668951368","428109.420429959","일반이용업","2","0","2","0","0","0","3","","","","임대","1","0","0","N",
"105","이용업","05_19_01_P","4191000","4191000-203-2009-00006","2009-07-02","","01","영업/정상","01","영업","","","","","033 766 6226","32.48","","강원특별자치도 원주시 단구동 1559-7 1층","강원특별자치도 원주시 천매봉길 20 (단구동,1층)","26483","충주이용원","2019-12-17 14:35:38","I","2023-06-13 00:00:00","일반이용업","283605.967161045","424882.088631921","일반이용업","4","0","1","0","0","0","2","","","","임대","0","0","0","N",
"106","이용업","05_19_01_P","4191000","4191000-203-1989-00005","1989-03-21","","01","영업/정상","01","영업","","","","","033 7623455","24.15","","강원특별자치도 원주시 명륜동 474","강원특별자치도 원주시 남원로527번길 30 (명륜동)","26480","황소이발관","2007-07-30 14:37:00","I","2023-06-13 00:00:00","일반이용업","283663.739362863","426059.487889093","일반이용업","1","1","1","1","0","0","2","","","","자가","0","0","0","N",
"107","이용업","05_19_01_P","4191000","4191000-203-1962-00001","1962-11-27","","01","영업/정상","01","영업","","","","","033 7633361","42.75","","강원특별자치도 원주시 단구동 613-2","강원특별자치도 원주시 치악로 1660 (단구동)","26451","우신이용원","2024-08-05 17:05:04","U","2024-08-07 02:40:00","일반이용업","284927.335780265","425856.024342445","일반이용업","5","1","0","4","0","0","3","","","","임대","0","0","0","N",
"108","이용업","05_19_01_P","4191000","4191000-203-1962-00002","1962-11-27","","01","영업/정상","01","영업","","","","","033 7625576","38.34","","강원특별자치도 원주시 개운동 445-8","강원특별자치도 원주시 서원대로 403-5 (개운동)","26448","태양이용원","2014-01-09 11:06:16","I","2023-06-13 00:00:00","일반이용업","284170.301429959","425886.735584991","일반이용업","2","0","2","2","0","0","3","","","","임대","0","0","0","N",
"109","이용업","05_19_01_P","4191000","4191000-203-1973-00002","1973-04-30","","01","영업/정상","01","영업","","","","","033 7440298","1.00","","강원특별자치도 원주시 봉산동 1117","","","승리이용원","2003-05-21 00:00:00","I","2023-06-13 00:00:00","일반이용업","","","일반이용업","0","0","0","0","0","0","3","","","","","0","0","0","N",
"110","이용업","05_19_01_P","4191000","4191000-203-1969-00001","1969-08-13","","01","영업/정상","01","영업","","","","","","12.50","","강원특별자치도 원주시 우산동 125-22","강원특별자치도 원주시 북원로2507번길 26 (우산동)","26342","학성이용원","2021-08-25 10:06:34","I","2023-06-13 00:00:00","일반이용업","283070.993984732","430030.318649113","일반이용업","0","0","1","1","0","0","2","","","","","0","0","0","N",
"111","이용업","05_19_01_P","4191000","4191000-203-1964-00001","1964-08-05","","01","영업/정상","01","영업","","","","","033 746 0878","20.04","","강원특별자치도 원주시 봉산동 1099-25 지상1층","강원특별자치도 원주시 치악로 1865 (봉산동, 지상1층)","26329","천일이용원","2014-04-18 10:41:05","I","2023-06-13 00:00:00","일반이용업","284658.719108863","427758.385803445","일반이용업","3","1","1","1","0","0","3","","","","임대","0","0","0","N",
"112","이용업","05_19_01_P","4191000","4191000-203-1965-00001","1965-05-03","","01","영업/정상","01","영업","","","","","033 7470337","1.00","","강원특별자치도 원주시 학성동 188-4","강원특별자치도 원주시 천사로 245-1 (학성동)","26332","신미이용원","2003-05-21 00:00:00","I","2023-06-13 00:00:00","일반이용업","284159.365780545","428340.391907752","일반이용업","0","0","0","0","0","0","3","","","","","0","0","0","N",
"113","이용업","05_19_01_P","4191000","4191000-203-1973-00004","1973-06-23","","01","영업/정상","01","영업","","","","","033 7610727","1.00","","강원특별자치도 원주시 단구동 1460-19","강원특별자치도 원주시 서원대로 441 (단구동)","26449","명륜이용원","2019-08-23 14:09:23","I","2023-06-13 00:00:00","일반이용업","284419.391346256","425600.042251449","일반이용업","0","0","0","0","0","0","2","","","","","0","0","0","N",
"114","이용업","05_19_01_P","4191000","4191000-203-1976-00001","1976-07-21","","01","영업/정상","01","영업","","","","","033 7459868","18.44","","강원특별자치도 원주시 태장동 2213 (1층)","강원특별자치도 원주시 적동2길 2 (태장동,(1층))","26312","장양이용원","2019-08-23 14:04:11","I","2023-06-13 00:00:00","일반이용업","284277.526066471","433115.723929749","일반이용업","0","0","0","0","0","0","3","","","","","0","0","0","N",
"115","이용업","05_19_01_P","4191000","4191000-203-1984-00001","1984-03-29","","01","영업/정상","01","영업","","","","","033 7451553","1.00","","강원특별자치도 원주시 단계동 891-2","강원특별자치도 원주시 이화5길 34-5 (단계동)","26382","한성이용원","2003-05-20 00:00:00","I","2023-06-13 00:00:00","일반이용업","282412.689375161","427017.623244291","일반이용업","0","0","0","0","0","0","3","","","","","0","0","0","N",
"116","이용업","05_19_01_P","4191000","4191000-203-1985-00001","1985-06-26","","01","영업/정상","01","영업","","","","","033 7446490","1.00","","강원특별자치도 원주시 단계동 790-6","강원특별자치도 원주시 단구로 38 (단계동)","26424","북원이용원","2014-01-09 11:53:07","I","2023-06-13 00:00:00","일반이용업","282939.890253713","427405.114105985","일반이용업","0","0","0","0","0","0","4","","","","","0","0","0","N",
"117","이용업","05_19_01_P","4191000","4191000-203-1994-00012","1994-07-26","","01","영업/정상","01","영업","","","","","033 7634523","1.00","","강원특별자치도 원주시 귀래면 운남리 953-1","강원특별자치도 원주시 귀래면 북원로 107","26503","동산이용원","2004-05-04 00:00:00","I","2023-06-13 00:00:00","일반이용업","278459.418610918","407971.414698594","일반이용업","0","0","0","0","0","0","3","","","","","0","0","0","N",
"118","이용업","05_19_01_P","4191000","4191000-203-1979-00001","1979-04-03","","01","영업/정상","01","영업","","","","","033 7634248","11.04","","강원특별자치도 원주시 흥업면 흥업리 586-4","강원특별자치도 원주시 흥업면 남원로 67-2","26403","흥업이용원","2024-07-30 16:52:16","U","2024-08-02 02:40:00","일반이용업","281463.949909887","422663.185970856","일반이용업","0","0","0","0","0","0","3","","","","","0","0","0","N",
"119","이용업","05_19_01_P","4191000","4191000-203-1994-00014","1994-07-14","","01","영업/정상","01","영업","","","","","033 7626732","29.20","","강원특별자치도 원주시 신림면 신림리 697-2","강원특별자치도 원주시 신림면 신림황둔로 6, 1층","26506","현대이용원","2019-08-23 14:08:17","I","2023-06-13 00:00:00","일반이용업","295959.700134605","414788.813008255","일반이용업","1","0","1","1","0","0","3","","","","임대","0","0","0","N",
"120","이용업","05_19_01_P","4191000","4191000-203-1995-00007","1995-04-15","","01","영업/정상","01","영업","","","","","033 7477398","21.42","","강원특별자치도 원주시 소초면 장양리 792-1 , 816, 영진상가101호","강원특별자치도 원주시 소초면 장막2길 12 (, 816, 영진상가101호)","26306","무궁화이용원","2019-08-23 14:09:57","I","2023-06-13 00:00:00","일반이용업","284685.802375002","434753.76872146","일반이용업","1","0","0","1","0","0","3","","","","","0","0","0","N",
"121","이용업","05_19_01_P","4191000","4191000-203-2002-00009","2002-07-26","","01","영업/정상","01","영업","","","","","033 7321725","14.34","","강원특별자치도 원주시 행구동 1850 건영아파트","강원특별자치도 원주시 행구로 279, 건영아파트 상가동 1층 105호 (행구동)","26454","평장이용원","2019-08-23 14:10:24","I","2023-06-13 00:00:00","일반이용업","287444.789403979","427305.498748837","일반이용업","4","1","1","1","0","0","2","","","","임대","0","0","0","N",
"122","이용업","05_19_01_P","4191000","4191000-203-2000-00004","2000-02-14","","01","영업/정상","01","영업","","","","","","40.00","","강원특별자치도 원주시 개운동 384-7 1층","강원특별자치도 원주시 개봉교길 12 (개운동,1층)","26443","동원이용원","2019-12-17 14:35:14","I","2023-06-13 00:00:00","일반이용업","284681.423711345","427211.384933684","일반이용업","0","0","0","0","0","0","2","","","","","0","0","0","N",
"123","이용업","05_19_01_P","4191000","4191000-203-2001-00007","2001-03-27","","01","영업/정상","01","영업","","","","","033 7458779","28.57","","강원특별자치도 원주시 태장동 1341-13","강원특별자치도 원주시 흥양로 82, 1층 (태장동)","26318","신태장이용원","2019-12-17 14:35:58","I","2023-06-13 00:00:00","일반이용업","284591.726174159","431666.51563376","일반이용업","2","1","1","1","0","0","3","","","","임대","0","0","0","N",
"124","이용업","05_19_01_P","4191000","4191000-203-1986-00004","1986-09-02","","01","영업/정상","01","영업","","","","","033 7640270","15.00","","강원특별자치도 원주시 명륜동 32-19 남부상가28호","","","세경이용원","2019-12-17 14:37:20","I","2023-06-13 00:00:00","일반이용업","","","일반이용업","0","0","0","0","0","0","3","","","","임대","0","0","0","N",
"125","이용업","05_19_01_P","4191000","4191000-203-1988-00003","1988-11-09","","01","영업/정상","01","영업","","","","","033 7310693","1.00","","강원특별자치도 원주시 태장동 1387-17","강원특별자치도 원주시 흥양로 16 (태장동)","26318","새북원이용원","2019-08-23 14:07:06","I","2023-06-13 00:00:00","일반이용업","283946.677613441","431617.051993952","일반이용업","0","0","0","0","0","0","3","","","","","0","0","0","N",
"126","이용업","05_19_01_P","4191000","4191000-203-1990-00004","1990-07-06","","01","영업/정상","01","영업","","","","","033 7621915","1.00","","강원특별자치도 원주시 명륜동 816-7","강원특별자치도 원주시 소방서길 10 (명륜동)","26481","남광이용원","2019-08-23 14:10:50","I","2023-06-13 00:00:00","일반이용업","283709.620663418","425796.709869016","일반이용업","0","0","0","0","0","0","3","","","","","0","0","0","N",
"127","이용업","05_19_01_P","4191000","4191000-203-1991-00003","1991-09-18","","01","영업/정상","01","영업","","","","","033 7642690","1.00","","강원특별자치도 원주시 원동 295-26","강원특별자치도 원주시 무실로 121-2 (원동)","26438","원일이용원","2003-05-21 00:00:00","I","2023-06-13 00:00:00","일반이용업","283586.08646068","427196.437313058","일반이용업","0","0","0","0","0","0","2","","","","","0","0","0","N",
"128","이용업","05_19_01_P","4191000","4191000-203-1973-00006","1973-03-09","","01","영업/정상","01","영업","","","","","033 7422127","1.00","","강원특별자치도 원주시 태장동 1236","","","반도이용원","2003-05-21 00:00:00","I","2023-06-13 00:00:00","일반이용업","","","일반이용업","0","0","0","0","0","0","3","","","","","0","0","0","N",
"129","이용업","05_19_01_P","4191000","4191000-203-1975-00001","1975-03-31","","01","영업/정상","01","영업","","","","","033 7463800","1.00","","강원특별자치도 원주시 평원동 242","","","금성이용원","2019-08-23 14:06:38","I","2023-06-13 00:00:00","일반이용업","","","일반이용업","0","0","0","0","0","0","4","","","","","0","0","0","N",
"130","이용업","05_19_01_P","4191000","4191000-203-1975-00002","1975-01-15","","01","영업/정상","01","영업","","","","","033 7622250","47.24","","강원특별자치도 원주시 단구동 80-9","강원특별자치도 원주시 단구초교길 25 (단구동)","26452","삼신이용원","2024-01-04 10:44:21","U","2024-01-06 02:40:00","일반이용업","285539.624477241","424957.140472322","일반이용업","1","0","1","1","0","0","3","","","","임대","0","0","0","N",
"131","이용업","05_19_01_P","4191000","4191000-203-1975-00003","1975-06-10","","01","영업/정상","01","영업","","","","","033 7433465","1.00","","강원특별자치도 원주시 일산동 154-78","강원특별자치도 원주시 무실로 64 (일산동)","26427","대우이용원","2021-08-23 15:43:42","I","2023-06-13 00:00:00","일반이용업","283796.37493625","427544.376699316","일반이용업","0","0","0","0","0","0","3","","","","","0","0","0","N",
"132","이용업","05_19_01_P","4191000","4191000-203-1972-00003","1972-04-07","","01","영업/정상","01","영업","","","","","033 7442272","1.00","","강원특별자치도 원주시 우산동 133-3","강원특별자치도 원주시 북원로2425번길 2 (우산동)","26407","상임이용원","2019-08-23 14:02:12","I","2023-06-13 00:00:00","일반이용업","283175.599900652","429212.212825724","일반이용업","0","0","0","0","0","0","3","","","","","0","0","0","N",
"133","이용업","05_19_01_P","4191000","4191000-203-1971-00002","1971-04-22","","01","영업/정상","01","영업","","","","","033 7425038","1.00","","강원특별자치도 원주시 학성동 188-9","강원특별자치도 원주시 천사로 248 (학성동)","26430","행운이용원","2003-05-21 00:00:00","I","2023-06-13 00:00:00","일반이용업","284200.570396021","428317.263212608","일반이용업","2","0","0","1","0","0","3","","","","","0","0","0","N",
"134","이용업","05_19_01_P","4191000","4191000-203-1997-00002","1997-02-21","","01","영업/정상","01","영업","","","","","033 746 0101","1.00","","강원특별자치도 원주시 일산동 184-1","강원특별자치도 원주시 옛시청길 11 (일산동)","","동산이용원","2012-08-22 16:00:56","I","2023-06-13 00:00:00","일반이용업","283693.947885353","428247.789626137","일반이용업","0","0","0","0","0","0","3","","","","","0","0","0","N",
"135","이용업","05_19_01_P","4191000","4191000-203-1998-00001","1998-01-09","","01","영업/정상","01","영업","","","","","033 7629113","1.00","","강원특별자치도 원주시 명륜동 279-6","강원특별자치도 원주시 남원로 606 (명륜동)","26446","우진이용원","2011-08-31 10:03:59","I","2023-06-13 00:00:00","일반이용업","284207.657111937","426555.34573436","일반이용업","0","0","0","0","0","0","9","","","","","0","0","0","N",
"136","이용업","05_19_01_P","4191000","4191000-203-1998-00002","1998-01-20","","01","영업/정상","01","영업","","","","","033 7639510","1.00","","강원특별자치도 원주시 원동 238-12","강원특별자치도 원주시 무실로55번길 38 (원동)","26433","달동내이용원","2003-05-22 00:00:00","I","2023-06-13 00:00:00","일반이용업","283966.11310261","427307.208731902","일반이용업","0","0","0","0","0","0","2","","","","","0","0","0","N",
"137","이용업","05_19_01_P","4191000","4191000-203-1997-00001","1997-01-21","","01","영업/정상","01","영업","","","","","033 7632095","32.98","","강원특별자치도 원주시 명륜동 205-104 지상1층","강원특별자치도 원주시 남산로48번길 46, 지상1층 (명륜동)","26439","시몬이용원","2019-08-23 14:06:08","I","2023-06-13 00:00:00","일반이용업","283898.036892203","426949.139078691","일반이용업","1","0","1","1","0","0","2","","","","","0","0","0","N",
"138","이용업","05_19_01_P","4191000","4191000-203-2003-00002","2003-01-25","","01","영업/정상","01","영업","","","","","033 7482878","25.00","","강원특별자치도 원주시 관설동 1713-2","강원특별자치도 원주시 나비허리길 188 (관설동)","26473","청솔헤어테크","2014-01-09 13:39:47","I","2023-06-13 00:00:00","일반이용업","285585.793888962","424297.389932818","일반이용업","3","0","0","0","0","0","4","","","","","0","0","0","N",
"139","이용업","05_19_01_P","4191000","4191000-203-1998-00016","1998-02-13","","01","영업/정상","01","영업","","","","","","0.00","","강원특별자치도 원주시 문막읍 동화리 1543 문막현진아파트","강원특별자치도 원주시 문막읍 왕건로 75, 문막현진아파트 상가동 302호","26367","현진이용원","2021-12-24 15:17:30","I","2023-06-13 00:00:00","일반이용업","273356.702064022","425187.979236116","일반이용업","0","0","0","0","0","0","3","","","","","0","0","0","N",
"140","이용업","05_19_01_P","4191000","4191000-203-1992-00002","1992-06-04","","01","영업/정상","01","영업","","","","","033 7311946","1.00","","강원특별자치도 원주시 봉산동 산 1201-1 동신아파트 상가동 102호","","","개운이용원","2004-05-04 00:00:00","I","2023-06-13 00:00:00","일반이용업","","","일반이용업","0","0","0","0","0","0","3","","","","","0","0","0","N",
"141","이용업","05_19_01_P","4191000","4191000-203-1993-00001","1993-01-25","","01","영업/정상","01","영업","","","","","","1.00","","강원특별자치도 원주시 태장동 1054-4","강원특별자치도 원주시 현충로314번길 30 (태장동)","26318","오복이용원","2012-07-11 11:13:27","I","2023-06-13 00:00:00","일반이용업","284071.373515225","431385.755375647","일반이용업","0","0","0","0","0","0","2","","","","","0","0","0","N",
"142","이용업","05_19_01_P","4191000","4191000-203-2015-00008","2015-09-03","","01","영업/정상","01","영업","","","","","","20.80","","강원특별자치도 원주시 개운동 385-7","강원특별자치도 원주시 치악로 1784, 1층 (개운동)","26443","청담동남성헤어","2024-05-15 15:54:46","U","2024-05-17 02:40:00","일반이용업","284623.272859832","427060.650908531","일반이용업","2","0","1","1","0","0","2","","","","임대","0","0","0","N",
"143","이용업","05_19_01_P","4191000","4191000-203-2017-00004","2017-02-28","","01","영업/정상","01","영업","","","","","","7.36","","강원특별자치도 원주시 명륜동 833-1 외 2필지 지상3층","강원특별자치도 원주시 남원로469번길 7, 지상3층 (명륜동, 외 2필지)","26482","로얄이용원","2017-02-28 11:34:03","I","2023-06-13 00:00:00","일반이용업","283445.570846743","425455.484263598","일반이용업","5","1","3","3","0","0","2","","","","임대","0","0","0","N",
"144","이용업","05_19_01_P","4191000","4191000-203-1998-00010","1998-08-28","","01","영업/정상","01","영업","","","","","033 7467217","25.10","","강원특별자치도 원주시 중앙동 100 지상1층","강원특별자치도 원주시 중평길 32-4, 지상1층 (중앙동)","26428","일등이용원","2019-12-17 14:34:48","I","2023-06-13 00:00:00","일반이용업","284226.659275373","427918.182095774","일반이용업","3","0","1","1","0","0","3","","","","임대","0","0","0","N",
"145","이용업","05_19_01_P","4191000","4191000-203-2017-00005","2017-06-20","","01","영업/정상","01","영업","","","","","033 7469435","8.40","","강원특별자치도 원주시 일산동 51-12","강원특별자치도 원주시 무실로12번길 46, 1층 (일산동)","26427","쌍학이용원","2017-07-19 14:58:45","I","2023-06-13 00:00:00","일반이용업","283900.623477336","428030.822553088","일반이용업","5","1","1","1","0","0","2","","","","임대","0","0","0","N",
"146","이용업","05_19_01_P","4191000","4191000-203-2016-00001","2016-08-29","","01","영업/정상","01","영업","","","","","033 904 5818","32.86","","강원특별자치도 원주시 학성동 326-13 지상1층","강원특별자치도 원주시 중앙로 211, 지상1층 (학성동)","26415","단골이용원","2016-10-31 11:21:34","I","2023-06-13 00:00:00","일반이용업","283804.415140872","428467.05230698","일반이용업","0","0","0","0","0","0","3","","","","임대","0","0","0","N",
"147","이용업","05_19_01_P","4191000","4191000-203-2016-00002","2016-10-06","","01","영업/정상","01","영업","","","","","","31.25","","강원특별자치도 원주시 학성동 1061-5","강원특별자치도 원주시 남산로 180, 3층 301호 (학성동)","26417","대성이발관","2016-10-13 15:09:20","I","2023-06-13 00:00:00","일반이용업","283291.73714663","428198.67238433","일반이용업","8","1","3","3","0","0","3","","","","임대","0","0","0","N",
"148","이용업","05_19_01_P","4191000","4191000-203-2016-00003","2016-10-20","","01","영업/정상","01","영업","","","","","","45.05","","강원특별자치도 원주시 무실동 1656-1","강원특별자치도 원주시 섬밭들2길 12, 1층 (무실동)","26385","헤나킹","2021-05-27 11:29:38","I","2023-06-13 00:00:00","일반이용업","281814.811434138","426162.637966098","일반이용업","4","0","1","1","0","0","3","","","","임대","0","0","0","N",
"149","이용업","05_19_01_P","4191000","4191000-203-1981-00003","1981-08-13","","01","영업/정상","01","영업","","","","","033 7437383","16.31","","강원특별자치도 원주시 우산동 102-7","강원특별자치도 원주시 진광길 23-1, 1층 (우산동)","26341","우산이발관","2022-07-01 15:51:17","I","2023-06-13 00:00:00","일반이용업","283183.09683067","430369.52796618","일반이용업","2","1","1","1","0","0","2","","","","임대","0","1","0","N",
"150","이용업","05_19_01_P","4191000","4191000-203-2019-00001","2019-01-08","","01","영업/정상","01","영업","","","","","07088090986","45.24","","강원특별자치도 원주시 명륜동 821-20","강원특별자치도 원주시 한지공원길 22, 1층 (명륜동)","26481","바버워즈","2019-04-26 20:23:01","I","2023-06-13 00:00:00","이용업 기타","283563.402149935","425714.786486306","이용업 기타","2","0","1","1","0","0","2","","","","자가","0","1","0","N",
"151","이용업","05_19_01_P","4191000","4191000-203-1992-00004","1992-12-11","","01","영업/정상","01","영업","","","","","033 7639696","1.00","","강원특별자치도 원주시 명륜동 201 삼성A 상가201호","","","삼성이용샵","2019-07-09 10:24:20","I","2023-06-13 00:00:00","일반이용업","","","일반이용업","0","0","0","0","0","0","4","","","","","0","0","0","N",
"152","이용업","05_19_01_P","4191000","4191000-203-2019-00003","2019-08-06","","01","영업/정상","01","영업","","","","","","19.53","","강원특별자치도 원주시 개운동 385-7 1층","강원특별자치도 원주시 치악로 1784, 1층 (개운동)","26443","남자만들기(남부점)","2019-10-11 18:40:38","I","2023-06-13 00:00:00","일반이용업","284623.272859832","427060.650908531","일반이용업","2","0","1","1","0","0","3","","","","임대","0","0","0","N",
"153","이용업","05_19_01_P","4191000","4191000-203-1969-00003","1969-09-23","","01","영업/정상","01","영업","","","","","033 7460808","21.60","","강원특별자치도 원주시 학성동 1020-14","강원특별자치도 원주시 원문로 65-2 (학성동)","26412","단계이용원","2019-04-15 10:15:03","I","2023-06-13 00:00:00","일반이용업","283105.742623707","428721.058429777","일반이용업","1","0","1","1","0","0","3","","","","임대","0","0","0","N",
"154","이용업","05_19_01_P","4191000","4191000-203-1971-00004","1971-09-30","","01","영업/정상","01","영업","","","","","033 7434870","1.00","","강원특별자치도 원주시 학성동 269-2","강원특별자치도 원주시 남산로218번길 19-2 (학성동)","26416","일심이용원","2008-12-12 17:10:18","I","2023-06-13 00:00:00","일반이용업","283542.426476798","428407.198614552","일반이용업","0","0","0","0","0","0","2","","","","","0","0","0","N",
"155","이용업","05_19_01_P","4191000","4191000-203-1970-00001","1970-10-13","","01","영업/정상","01","영업","","","","","033 7455466","27.56","","강원특별자치도 원주시 학성동 1006-16 지상1층","강원특별자치도 원주시 남산로 205, 지상1층 (학성동)","26412","평창이용원","2019-08-23 14:05:41","I","2023-06-13 00:00:00","일반이용업","283392.000082941","428465.409152989","일반이용업","2","0","1","1","0","0","3","","","","자가","0","1","0","N",
"156","이용업","05_19_01_P","4191000","4191000-203-1973-00008","1973-06-05","","01","영업/정상","01","영업","","","","","033 7321110","24.80","","강원특별자치도 원주시 명륜동 303-16","강원특별자치도 원주시 남원로 637, 1층 (명륜동)","26441","대성이용원","2023-09-27 11:05:49","U","2023-09-29 02:40:00","일반이용업","284324.269725832","426849.058282309","일반이용업","1","0","0","0","0","0","2","","","","","0","0","0","N",
"157","이용업","05_19_01_P","4191000","4191000-203-1972-00007","1972-05-11","","01","영업/정상","01","영업","","","","","033 7432812","1.00","","강원특별자치도 원주시 태장동 817-1","강원특별자치도 원주시 새동네1길 70-1 (태장동)","26326","새동내이용원","2019-12-17 14:36:52","I","2023-06-13 00:00:00","일반이용업","284294.061299832","428986.791025302","일반이용업","0","0","0","0","0","0","3","","","","","0","0","0","N",
"158","이용업","05_19_01_P","4191000","4191000-203-1975-00004","1975-04-28","","01","영업/정상","01","영업","","","","","033 7612512","1.00","","강원특별자치도 원주시 관설동 1461-4","강원특별자치도 원주시 치악로 1553 (관설동)","26471","후생이용원","2022-07-01 15:45:51","I","2023-06-13 00:00:00","일반이용업","285293.460648639","424868.749470363","일반이용업","0","0","0","0","0","0","3","","","","","0","0","0","N",
"159","이용업","05_19_01_P","4191000","4191000-203-1973-00009","1973-06-27","","01","영업/정상","01","영업","","","","","033 7428125","1.00","","강원특별자치도 원주시 일산동 110-2","","","상우이용원","2019-08-23 14:11:17","I","2023-06-13 00:00:00","일반이용업","","","일반이용업","0","0","0","0","0","0","3","","","","","0","0","0","N",
"160","이용업","05_19_01_P","4191000","4191000-203-1998-00006","1998-04-17","","01","영업/정상","01","영업","","","","","033 7474206","1.00","","강원특별자치도 원주시 문막읍 동화리 1546 현진아파트 상가 302호","","","현진이용원","2002-08-26 00:00:00","I","2023-06-13 00:00:00","일반이용업","","","일반이용업","0","0","0","0","0","0","0","","","","","0","0","0","N",
"161","이용업","05_19_01_P","4191000","4191000-203-1998-00009","1998-07-22","","01","영업/정상","01","영업","","","","","033 7343220","20.50","","강원특별자치도 원주시 소초면 장양리 773-4","강원특별자치도 원주시 소초면 장막1길 13","26306","그린이용원","2014-10-30 10:13:10","I","2023-06-13 00:00:00","일반이용업","284567.725985094","434396.701922476","일반이용업","0","0","0","0","0","0","3","","","","","0","0","0","N",
"162","이용업","05_19_01_P","4191000","4191000-203-1998-00014","1998-11-20","","01","영업/정상","01","영업","","","","","033 7327166","31.00","","강원특별자치도 원주시 단계동 507","강원특별자치도 원주시 원문로 176, 상가동 1층 102호 (단계동, 현대)","26408","춘호이용원","2013-02-26 13:53:48","I","2023-06-13 00:00:00","일반이용업","282273.180151903","428735.545832296","일반이용업","2","1","1","1","0","0","3","","","","임대","0","1","0","N",
"163","이용업","05_19_01_P","4191000","4191000-203-2001-00005","2001-03-27","","01","영업/정상","01","영업","","","","","033 7357511","1.00","","강원특별자치도 원주시 문막읍 문막리 298-1","강원특별자치도 원주시 문막읍 문막시장2길 21","26373","태응이용원","2022-11-16 14:49:05","I","2023-06-13 00:00:00","일반이용업","272444.220778735","423194.557801046","일반이용업","0","0","0","0","0","0","4","","","","","0","0","0","N",
"164","이용업","05_19_01_P","4191000","4191000-203-2001-00018","2001-11-15","","01","영업/정상","01","영업","","","","","033 7465083","0.00","","강원특별자치도 원주시 단계동 808-1","강원특별자치도 원주시 백간길 72 (단계동)","26420","스타이용원","2014-01-09 13:36:12","I","2023-06-13 00:00:00","일반이용업","282406.852736425","428094.957948485","일반이용업","0","0","0","0","0","0","3","","","","","0","0","0","N",
"165","이용업","05_19_01_P","4191000","4191000-203-1993-00005","1993-09-27","","01","영업/정상","01","영업","","","","","033 7326139","1.00","","강원특별자치도 원주시 태장동 730-7","강원특별자치도 원주시 치악로 1964 (태장동)","26323","태일이용원","2019-08-23 13:58:45","I","2023-06-13 00:00:00","일반이용업","284652.581266836","428629.472305658","일반이용업","0","0","0","0","0","0","3","","","","","0","0","0","N",
"166","이용업","05_19_01_P","4191000","4191000-203-1994-00008","1994-10-07","","01","영업/정상","01","영업","","","","","033 7318770","11.56","","강원특별자치도 원주시 관설동 1713-1 청솔6차아파트","강원특별자치도 원주시 단관초교길 7, 청솔6차아파트 지하1층 일부호 (관설동)","26473","금강이용원","2021-11-19 13:27:25","I","2023-06-13 00:00:00","일반이용업","285516.185574864","424374.586469565","일반이용업","1","1","0","0","1","1","1","","","","임대","0","0","0","N",
"167","이용업","05_19_01_P","4191000","4191000-203-1995-00001","1995-01-11","","01","영업/정상","01","영업","","","","","033 7656707","78.81","","강원특별자치도 원주시 원동 277","강원특별자치도 원주시 남산로 68 (원동)","26433","스마일이용원","2021-08-23 15:39:06","I","2023-06-13 00:00:00","일반이용업","283576.085853029","427331.239221805","일반이용업","3","0","1","1","0","0","4","","","","자가","0","0","0","N",
"168","이용업","05_19_01_P","4191000","4191000-203-1995-00004","1995-04-22","","01","영업/정상","01","영업","","","","","033 7425357","1.00","","강원특별자치도 원주시 태장동 1371-9","강원특별자치도 원주시 북원로2718번길 46 (태장동)","26316","1.2.3이용원","2019-08-23 14:03:37","I","2023-06-13 00:00:00","일반이용업","284223.753743869","431901.968269932","일반이용업","0","0","0","0","0","0","3","","","","","0","0","0","N",
"169","이용업","05_19_01_P","4191000","4191000-203-2006-00005","2006-05-23","","01","영업/정상","01","영업","","","","","033 7620856","35.40","","강원특별자치도 원주시 단구동 1522-2","강원특별자치도 원주시 남원로 492-8 (단구동)","26483","천매이용원","2006-05-23 00:00:00","I","2023-06-13 00:00:00","일반이용업","283735.576722432","425497.715380165","일반이용업","3","0","1","1","0","0","3","","","","임대","0","0","0","N",
"170","이용업","05_19_01_P","4191000","4191000-203-2006-00008","2006-08-04","","01","영업/정상","01","영업","","","","","033764 5936","31.31","","강원특별자치도 원주시 개운동 394-30","강원특별자치도 원주시 행구로 33 (개운동)","26443","미스타심이용샵","2023-12-27 14:55:16","U","2023-12-29 02:40:00","일반이용업","284967.186654765","427042.918316113","일반이용업","2","0","1","1","0","0","4","","","","임대","0","0","0","N",
"171","이용업","05_19_01_P","4191000","4191000-203-2006-00010","2006-12-15","","01","영업/정상","01","영업","","","","","","20.16","","강원특별자치도 원주시 단구동 192-5 (3층)","강원특별자치도 원주시 강변로 245 (단구동,(3층))","26451","아쿠아랜드이용원","2012-07-11 11:14:40","I","2023-06-13 00:00:00","일반이용업","285172.86129794","425713.695297587","일반이용업","4","0","3","3","0","0","2","","","","임대","0","0","0","N",
"172","이용업","05_19_01_P","4191000","4191000-203-2005-00002","2005-02-16","","01","영업/정상","01","영업","","","","","033 7462777","34.24","","강원특별자치도 원주시 단계동 916 지상1층","강원특별자치도 원주시 이화1길 45, 지상1층 (단계동)","26474","수석이용원","2015-05-07 17:01:37","I","2023-06-13 00:00:00","일반이용업","282672.445153722","426929.80039513","일반이용업","2","0","1","1","0","0","3","","","","임대","0","0","0","N",
"173","이용업","05_19_01_P","4191000","4191000-203-2020-00007","2020-07-31","","01","영업/정상","01","영업","","","","","","20.41","","강원특별자치도 원주시 일산동 264-40","강원특별자치도 원주시 천사로 142, 1층 (일산동)","26425","우리이용원","2020-09-15 09:16:19","I","2023-06-13 00:00:00","일반이용업","283275.220747107","427822.387208624","일반이용업","1","0","1","1","0","0","2","","","","","1","0","0","N",
"174","이용업","05_19_01_P","4191000","4191000-203-2020-00001","2020-01-21","","01","영업/정상","01","영업","","","","","","33.20","","강원특별자치도 원주시 지정면 가곡리 1476 원주기업도시 유보라 아이비파크 1단지","강원특별자치도 원주시 지정면 조엄로 393, 2층 207호 (원주기업도시 유보라 아이비파크 1단지)","26346","에덴이발소","2020-01-22 10:23:28","I","2023-06-13 00:00:00","일반이용업","276887.594393934","430549.397329477","일반이용업","0","0","0","0","0","0","0","","","","","0","0","0","N",
"175","이용업","05_19_01_P","4191000","4191000-203-2020-00002","2020-02-14","","01","영업/정상","01","영업","","","","","","34.02","","강원특별자치도 원주시 흥업면 흥업리 596-2","강원특별자치도 원주시 흥업면 남원로 67-5, 1층","26403","덕원이용원","2021-08-23 11:47:24","I","2023-06-13 00:00:00","이용업 기타","281418.66555308","422656.060841577","이용업 기타","4","0","1","0","0","0","2","","","","","0","0","0","N",
"176","이용업","05_19_01_P","4191000","4191000-203-2020-00005","2020-05-27","","01","영업/정상","01","영업","","","","","","41.76","","강원특별자치도 원주시 봉산동 1195","강원특별자치도 원주시 삼광1길 9 (봉산동)","26331","삼광이용원","2020-07-08 18:01:27","I","2023-06-13 00:00:00","일반이용업","285497.737098558","427162.015816276","일반이용업","3","0","1","1","0","0","3","","","","","0","0","0","N",
"177","이용업","05_19_01_P","4191000","4191000-203-2020-00008","2020-10-21","","01","영업/정상","01","영업","","","","","","32.93","","강원특별자치도 원주시 단구동 1538-8","강원특별자치도 원주시 천매봉길 70, 1층 일부호 (단구동)","26483","데이던바버샵","2020-11-20 11:05:45","I","2023-06-13 00:00:00","일반이용업","283345.726597843","425040.207929031","일반이용업","3","0","1","1","0","0","1","","","","임대","0","1","0","N",
"178","이용업","05_19_01_P","4191000","4191000-203-2020-00009","2020-10-30","","01","영업/정상","01","영업","","","","","","22.32","","강원특별자치도 원주시 단구동 1478-4 유승아파트","강원특별자치도 원주시 강변로 117, 유승아파트 상가동 1층 104호 (단구동)","26452","혁신남자커트","2020-10-30 16:32:04","I","2023-06-13 00:00:00","일반이용업","285682.003235819","424687.301417192","일반이용업","3","0","1","0","0","0","3","","","","임대","0","1","0","N",
"179","이용업","05_19_01_P","4191000","4191000-203-2004-00005","2004-09-24","","01","영업/정상","01","영업","","","","","033 744 8855","14.28","","강원특별자치도 원주시 학성동 1047-12","강원특별자치도 원주시 남산로 192 (학성동)","26417","신사바버샵","2021-12-24 14:44:57","I","2023-06-13 00:00:00","일반이용업","283333.255999263","428314.767461595","일반이용업","3","1","2","2","0","0","2","","","","임대","0","0","0","N",
"180","이용업","05_19_01_P","4191000","4191000-203-2021-00001","2021-04-19","","01","영업/정상","01","영업","","","","","","16.18","","강원특별자치도 원주시 평원동 190-11","강원특별자치도 원주시 중앙시장길 53, 1층 (평원동)","26430","미도이용원","2025-09-23 09:39:28","U","2025-09-25 02:40:00","일반이용업","284189.703813465","428151.917564059","일반이용업","3","0","2","2","0","0","5","","","","임대","0","0","0","N",
"181","이용업","05_19_01_P","4191000","4191000-203-2021-00003","2021-10-15","","01","영업/정상","01","영업","","","","","","18.98","","강원특별자치도 원주시 무실동 1835-2","강원특별자치도 원주시 봉바위길 43, 1층 (무실동)","26393","레드풀바버샵원주점","2021-11-08 10:06:49","I","2023-06-13 00:00:00","일반이용업","282453.071255699","425964.764981178","일반이용업","0","0","0","0","0","0","2","","","","임대","0","0","0","N",
"182","이용업","05_19_01_P","4191000","4191000-203-2021-00004","2021-12-10","","01","영업/정상","01","영업","","","","","","22.09","","강원특별자치도 원주시 단구동 618-15","강원특별자치도 원주시 치악로 1649-2, 1층 (단구동)","26450","하모니이발","2021-12-23 16:45:01","I","2023-06-13 00:00:00","일반이용업","284917.958317453","425768.519289319","일반이용업","2","0","1","1","0","0","2","","","","임대","0","1","0","N",
"183","이용업","05_19_01_P","4191000","4191000-203-1986-00001","1986-04-30","","01","영업/정상","01","영업","","","","","033 7616474","1.00","","강원특별자치도 원주시 명륜동 705 명륜2단지아파트","강원특별자치도 원주시 예술관길 25, 1층 115호 (명륜동, 명륜2단지아파트)","26481","횡성이용원","2021-10-19 09:16:27","I","2023-06-13 00:00:00","일반이용업","283422.748540837","425961.551802728","일반이용업","0","0","0","0","0","0","3","","","","","0","0","0","N",
"184","이용업","05_19_01_P","4191000","4191000-203-1986-00007","1986-09-10","","01","영업/정상","01","영업","","","","","","15.12","","강원특별자치도 원주시 부론면 정산리 1803","강원특별자치도 원주시 부론면 부론로 343","26499","국회","2021-06-09 11:33:20","I","2023-06-13 00:00:00","일반이용업","267415.064702573","408533.503790791","일반이용업","2","0","1","1","0","0","2","","","","","0","0","0","N",
"185","이용업","05_19_01_P","4191000","4191000-203-2022-00001","2022-02-16","","01","영업/정상","01","영업","","","","","","37.50","","강원특별자치도 원주시 판부면 서곡리 2021-5","강원특별자치도 원주시 판부면 오성마을길 63-17, 1층","26400","필스바버샵(Phil's barbershop)","2025-03-15 16:38:05","U","2025-03-17 02:40:00","일반이용업","284003.550522438","424482.083014295","일반이용업","2","0","1","3","0","0","2","","","","임대","0","0","0","N",
"186","이용업","05_19_01_P","4191000","4191000-203-2022-00004","2022-08-22","","01","영업/정상","01","영업","","","","","","24.86","","강원특별자치도 원주시 단계동 886-7","강원특별자치도 원주시 이화6길 23, 1층 (단계동)","26382","바버샵리짓","2022-09-24 14:24:16","I","2023-06-13 00:00:00","일반이용업","282552.311905842","427132.532972425","일반이용업","0","0","4","4","0","0","2","","","","임대","0","0","0","N",
"187","이용업","05_19_01_P","4191000","4191000-203-2023-00002","2023-03-09","","01","영업/정상","01","영업","","","","","","36.60","","강원특별자치도 원주시 관설동 1713-1 청솔6차아파트","강원특별자치도 원주시 단관초교길 7, 청솔6차아파트 상가동 1층 106호 (관설동)","26473","천연머리염색","2023-03-21 14:30:38","I","2023-06-13 00:00:00","일반이용업","285516.185574864","424374.586469565","일반이용업","1","1","1","1","0","0","3","","","","","0","0","0","N",
"188","이용업","05_19_01_P","4191000","4191000-203-2002-00005","2002-03-18","","01","영업/정상","01","영업","","","","","","4.04","","강원특별자치도 원주시 중앙동 135-1 (1층)","강원특별자치도 원주시 감영길 53-1 (중앙동,(1층))","26428","천온이용원","2008-11-18 14:32:04","I","2023-06-13 00:00:00","일반이용업","284289.845636461","427827.263510077","일반이용업","2","0","0","0","0","0","2","","","","임대","0","0","0","N",
"189","이용업","05_19_01_P","4191000","4191000-203-2022-00002","2022-03-28","","01","영업/정상","01","영업","","","","","","50.02","","강원특별자치도 원주시 단구동 224 외 2필지","강원특별자치도 원주시 치악로 1692, 2층 (단구동, 신통일아파트)","26445","통일이용원","2025-06-23 09:56:14","U","2025-06-25 02:40:00","일반이용업","285052.225126163","426337.970251803","일반이용업","2","1","2","2","0","0","2","국유재산사용허가기간","20250623","20271231","임대","0","0","0","N",
"190","이용업","05_19_01_P","4191000","4191000-203-2024-00004","2024-10-29","","01","영업/정상","01","영업","","","","","","32.85","","강원특별자치도 원주시 중앙동 40-3","강원특별자치도 원주시 중앙로 158, 1층 (중앙동)","26428","영빈이용원","2024-11-20 16:22:36","U","2024-11-22 02:40:00","일반이용업","284013.035428309","428175.557609086","일반이용업","2","0","1","1","0","0","3","","","","임대","0","0","0","N",
"191","이용업","05_19_01_P","4191000","4191000-203-2024-00003","2024-10-14","","01","영업/정상","01","영업","","","","","","106.08","","강원특별자치도 원주시 무실동 1846-1","강원특별자치도 원주시 능라동길 26, 204호 (무실동)","26392","그리즐리바버샵","2025-04-21 13:51:01","U","2025-04-23 02:40:00","일반이용업","282194.991220526","426057.504419949","일반이용업","6","2","2","2","0","0","4","","","","임대","0","0","0","N",
"192","이용업","05_19_01_P","4191000","4191000-203-2024-00001","2024-06-19","","01","영업/정상","01","영업","","","","","","36.29","","강원특별자치도 원주시 단구동 1458-25","강원특별자치도 원주시 송림길 72-25, 1층 일부호 (단구동)","26449","원즈데이바버샵","2024-07-16 17:46:50","U","2024-07-18 02:40:00","일반이용업","284499.337931643","425724.512890572","일반이용업","2","0","1","1","0","0","1","","","","","0","0","0","N",
"193","이용업","05_19_01_P","4191000","4191000-203-2024-00002","2024-07-25","","01","영업/정상","01","영업","","","","","","150.00","","강원특별자치도 원주시 우산동 176-10","강원특별자치도 원주시 모란1길 81, 2층 (우산동)","26406","강남헤어이야기","2025-10-29 15:08:06","U","2025-10-31 02:40:00","일반이용업","282504.703373467","429283.25363868","일반이용업","4","0","1","1","0","0","3","","","","","0","0","0","N",
"194","이용업","05_19_01_P","4191000","4191000-203-2025-00003","2025-03-14","","01","영업/정상","01","영업","","","","","","116.30","","강원특별자치도 원주시 반곡동 1961-6","강원특별자치도 원주시 웅비1길 23, 1층 (반곡동)","26462","슬럼독바버샵&제이살롱","2025-03-28 17:19:56","U","2025-03-30 02:40:00","일반이용업","287599.346353657","425741.255531013","일반이용업","3","0","1","1","0","0","3","","","","임대","0","0","0","N",
"195","이용업","05_19_01_P","4191000","4191000-203-2023-00003","2023-10-16","","01","영업/정상","01","영업","","","","","","41.42","","강원특별자치도 원주시 개운동 380-21","강원특별자치도 원주시 치악로 1810-1, 2층 (개운동)","26443","리미티드바버샵","2023-11-15 10:02:14","U","2023-11-17 02:40:00","일반이용업","284561.886534662","427312.558275586","일반이용업","2","0","2","2","0","0","2","","","","임대","0","2","0","N",
"196","이용업","05_19_01_P","4191000","4191000-203-2023-00004","2023-11-23","","01","영업/정상","01","영업","","","","","","12.54","","강원특별자치도 원주시 태장동 1361","강원특별자치도 원주시 북원중길 34, 2층 (태장동)","26316","강남이용원","2024-02-16 11:29:14","U","2024-02-18 02:40:00","일반이용업","284150.458965792","432005.884807134","일반이용업","3","1","2","2","0","0","2","","","","임대","0","0","0","N",
"197","이용업","05_19_01_P","4191000","4191000-203-2025-00002","2025-01-14","","01","영업/정상","01","영업","","","","","","28.55","","강원특별자치도 원주시 단구동 837-16","강원특별자치도 원주시 우러리길 29, 1층 일부호 (단구동)","26400","워크룸바버샵","2025-02-06 15:28:59","U","2025-02-08 02:40:00","일반이용업","284634.645585122","424011.909938322","일반이용업","4","0","1","1","0","0","1","","","","","0","0","0","N",
"198","이용업","05_19_01_P","4201000","4201000-203-2023-00002","2023-08-30","","01","영업/정상","01","영업","","","","","","39.87","","강원특별자치도 강릉시 교동 1809-14","강원특별자치도 강릉시 하슬라로232번길 24, 1층 (교동)","25508","웨이브맨즈샵","2023-08-30 10:56:29","I","2023-09-01 00:18:42","일반이용업","365452.917859159","475859.052754355","일반이용업","3","0","1","0","0","0","2","","","","","0","0","0","N",
"199","이용업","05_19_01_P","4201000","4201000-203-2000-00002","2000-03-30","","01","영업/정상","01","영업","","","","","033 6425142","23.80","","강원특별자치도 강릉시 노암동 390 한라아파트상가동","강원특별자치도 강릉시 노암길42번길 24, 1층 (노암동, 한라아파트상가동)","25592","한라이용소","2017-07-18 16:14:45","I","2023-06-13 00:00:00","일반이용업","367565.639850681","473063.933064057","일반이용업","0","0","0","0","0","0","3","","","","","0","0","0","N",
"200","이용업","05_19_01_P","4201000","4201000-203-1975-00008","1975-03-21","","01","영업/정상","01","영업","","","","","033 6623066","47.00","","강원특별자치도 강릉시 주문진읍 교항리 130","강원특별자치도 강릉시 주문진읍 주문로 32","25419","손청규이발샾","2023-10-06 11:24:20","U","2023-10-08 02:40:00","일반이용업","360526.414454067","488683.180502806","일반이용업","0","0","0","0","0","0","3","","","","","0","0","0","N",
"201","이용업","05_19_01_P","4201000","4201000-203-2005-00001","2005-03-02","","01","영업/정상","01","영업","","","","","033 644 8730","31.00","","강원특별자치도 강릉시 옥천동 78-5","강원특별자치도 강릉시 수문길19번길 22-3 (옥천동)","25555","부영이용소","2017-08-08 09:50:00","I","2023-06-13 00:00:00","일반이용업","367426.803705998","474216.343478868","일반이용업","1","0","0","1","0","0","3","","","","임대","0","0","0","N",
"202","이용업","05_19_01_P","4201000","4201000-203-2005-00002","2005-03-04","","01","영업/정상","01","영업","","","","","033 642 2433","12.80","","강원특별자치도 강릉시 교동 1202","강원특별자치도 강릉시 경포로 72-24 (교동)","25493","송원이용소","2017-08-29 15:25:07","I","2023-06-13 00:00:00","일반이용업","365894.97336543","476000.659759225","일반이용업","2","1","0","2","0","0","0","","","","임대","0","0","0","N",
"203","이용업","05_19_01_P","4201000","4201000-203-1967-00005","1967-10-04","","01","영업/정상","01","영업","","","","","033 6611944","14.35","","강원특별자치도 강릉시 홍제동 137-7","강원특별자치도 강릉시 새냉이길 9 (홍제동)","25536","푸르지오이용원","2004-03-16 00:00:00","I","2023-06-13 00:00:00","일반이용업","366073.93716218","473812.168822459","일반이용업","0","0","0","0","0","0","3","","","","","0","0","0","N",
"204","이용업","05_19_01_P","4201000","4201000-203-2000-00011","2000-01-14","","01","영업/정상","01","영업","","","","","033 6622889","22.70","","강원특별자치도 강릉시 주문진읍 주문리 313-7","강원특별자치도 강릉시 주문진읍 주문로 114","25412","새시대이용소","2017-09-01 16:05:41","I","2023-06-13 00:00:00","일반이용업","360698.935933555","489462.820492715","일반이용업","0","0","0","0","0","0","5","","","","","0","0","0","N",
"205","이용업","05_19_01_P","4201000","4201000-203-1987-00001","1987-06-11","","01","영업/정상","01","영업","","","","","033 6436610","15.30","","강원특별자치도 강릉시 노암동 398-10","강원특별자치도 강릉시 노가니길 44-1, 1층 (노암동)","25592","청솔이용소","2019-04-22 14:40:22","I","2023-06-13 00:00:00","일반이용업","367590.460730401","473278.051101143","일반이용업","0","0","0","0","0","0","2","","","","","0","0","0","N",
"206","이용업","05_19_01_P","4201000","4201000-203-1967-00001","1967-10-11","","01","영업/정상","01","영업","","","","","033 6427836","22.80","","강원특별자치도 강릉시 노암동 661-2","강원특별자치도 강릉시 임영로 25 (노암동)","25595","동화이용소","2017-07-18 16:17:43","I","2023-06-13 00:00:00","일반이용업","367086.162429513","473065.814173055","일반이용업","0","0","0","0","0","0","3","","","","","0","0","0","N",
"207","이용업","05_19_01_P","4201000","4201000-203-1977-00001","1977-11-29","","01","영업/정상","01","영업","","","","","033 6445186","15.00","","강원특별자치도 강릉시 강동면 정동진리 200","강원특별자치도 강릉시 강동면 정동3길 19","25631","영진이용소","2003-10-10 00:00:00","I","2023-06-13 00:00:00","일반이용업","379399.572339787","466902.917952207","일반이용업","0","0","0","0","0","0","2","","","","","0","0","0","N",
"208","이용업","05_19_01_P","4201000","4201000-203-1973-00001","1973-03-10","","01","영업/정상","01","영업","","","","","033 6457135","23.10","","강원특별자치도 강릉시 강동면 모전리 430","강원특별자치도 강릉시 강동면 둔지길 17-2","25627","협동이용소","2017-09-06 16:13:31","I","2023-06-13 00:00:00","일반이용업","372792.104102269","470450.122907739","일반이용업","0","0","0","0","0","0","2","","","","","0","0","0","N",
"209","이용업","05_19_01_P","4201000","4201000-203-1962-00001","1962-12-25","","01","영업/정상","01","영업","","","","","033 6486983","26.20","","강원특별자치도 강릉시 죽헌동 193","강원특별자치도 강릉시 율곡로 3149 (죽헌동)","25465","죽헌이용소","2017-09-06 16:15:38","I","2023-06-13 00:00:00","일반이용업","365682.482535404","477025.641937465","일반이용업","0","0","0","0","0","0","3","","","","","0","0","0","N",
"210","이용업","05_19_01_P","4201000","4201000-203-2000-00008","2000-02-15","","01","영업/정상","01","영업","","","","","033 6448433","30.00","","강원특별자치도 강릉시 입암동 499-80","강원특별자치도 강릉시 용지로 52 (입암동)","25580","유성헤어샵","2017-07-18 16:36:58","I","2023-06-13 00:00:00","일반이용업","368259.974183898","474330.838516148","일반이용업","0","0","0","0","0","0","0","","","","","0","0","0","N",
"211","이용업","05_19_01_P","4201000","4201000-203-2003-00012","2003-09-29","","01","영업/정상","01","영업","","","","","033 6433420","24.75","","강원특별자치도 강릉시 교동 165-176","강원특별자치도 강릉시 강릉대로211번길 10 (교동)","25503","창영이용소","2017-08-31 16:59:17","I","2023-06-13 00:00:00","일반이용업","366832.183259988","474670.695981476","일반이용업","2","0","1","0","0","0","2","","","","","0","0","0","N",
"212","이용업","05_19_01_P","4201000","4201000-203-1975-00004","1975-10-20","","01","영업/정상","01","영업","","","","","033 6468485","11.30","","강원특별자치도 강릉시 교동 1882-5","강원특별자치도 강릉시 솔올로5번길 53 (교동)","25515","은하이용소","2017-08-24 10:28:22","I","2023-06-13 00:00:00","일반이용업","365354.310794684","475154.250945886","일반이용업","2","0","0","1","0","0","3","","","","","0","0","0","N",
"213","이용업","05_19_01_P","4201000","4201000-203-2003-00003","2003-04-03","","01","영업/정상","01","영업","","","","","","15.40","","강원특별자치도 강릉시 주문진읍 교항리 106-21","강원특별자치도 강릉시 주문진읍 신리천로 60","25420","드림이용소","2019-04-04 16:05:45","I","2023-06-13 00:00:00","일반이용업","360425.01219393","488373.888682255","일반이용업","2","0","0","1","0","0","5","","","","임대","0","0","0","N",
"214","이용업","05_19_01_P","4201000","4201000-203-1995-00003","1995-05-03","","01","영업/정상","01","영업","","","","","033 6518885","33.00","","강원특별자치도 강릉시 포남동 1284","강원특별자치도 강릉시 경강로 2324 (포남동)","25570","새동네이용소","2023-10-06 11:28:15","U","2023-10-08 02:40:00","일반이용업","368704.123287623","475701.754117676","일반이용업","4","1","0","1","0","0","3","","","","자가","0","0","0","N",
"215","이용업","05_19_01_P","4201000","4201000-203-1992-00001","1992-05-18","","01","영업/정상","01","영업","","","","","033 5341614","23.50","","강원특별자치도 강릉시 옥계면 현내리 414-5 1통5반","강원특별자치도 강릉시 옥계면 현내시장길 91","25634","서울이용소","2020-03-06 15:59:03","I","2023-06-13 00:00:00","일반이용업","379569.078167977","458116.654859388","일반이용업","1","0","0","0","0","0","3","","","","자가","0","0","0","N",
"216","이용업","05_19_01_P","4201000","4201000-203-1999-00001","1999-04-20","","01","영업/정상","01","영업","","","","","033 6442559","13.69","","강원특별자치도 강릉시 홍제동 571-1","강원특별자치도 강릉시 선수촌로 64-4, 2층 (홍제동)","25522","금강이용소","2021-12-27 13:47:41","I","2023-06-13 00:00:00","일반이용업","364831.782652052","474286.729350234","일반이용업","0","0","0","0","0","0","2","","","","","0","0","0","N",
"217","이용업","05_19_01_P","4201000","4201000-203-2008-00006","2008-07-10","","01","영업/정상","01","영업","","","","","","19.50","","강원특별자치도 강릉시 내곡동 461-5","강원특별자치도 강릉시 범일로 657 (내곡동)","25603","녹수사우나이용소","2017-07-18 16:34:10","I","2023-06-13 00:00:00","일반이용업","365987.295369488","473063.655198119","일반이용업","4","0","3","3","0","0","2","","","","임대","0","0","0","N",
"218","이용업","05_19_01_P","4201000","4201000-203-2001-00160","2001-07-03","","01","영업/정상","01","영업","","","","","033 6459053","32.20","","강원특별자치도 강릉시 교동 1900-6","강원특별자치도 강릉시 하슬라로 153 (교동)","25516","청솔이발관","2017-08-24 10:26:35","I","2023-06-13 00:00:00","일반이용업","365067.821440634","475105.490433844","일반이용업","0","0","0","0","0","0","4","","","","","0","0","0","N",
"219","이용업","05_19_01_P","4201000","4201000-203-2013-00003","2013-07-05","","01","영업/정상","01","영업","","","","","033 642 2524","30.00","","강원특별자치도 강릉시 교동 333-2","강원특별자치도 강릉시 가작로 186 (교동)","25490","편한이용소","2019-07-22 10:29:16","I","2023-06-13 00:00:00","일반이용업","366972.491654723","475816.092541715","일반이용업","0","0","1","0","0","0","3","","","","임대","0","0","0","N",
"220","이용업","05_19_01_P","4201000","4201000-203-1997-00003","1997-01-09","","01","영업/정상","01","영업","","","","","033 6435543","18.90","","강원특별자치도 강릉시 옥천동 113-11","강원특별자치도 강릉시 옥천로19번길 5 (옥천동)","25555","옥천이용원","2020-02-28 17:31:31","I","2023-06-13 00:00:00","일반이용업","367583.956058889","474453.047310386","일반이용업","0","0","0","0","0","0","3","","","","","0","0","0","N",
"221","이용업","05_19_01_P","4201000","4201000-203-1993-00001","1993-03-17","","01","영업/정상","01","영업","","","","","033 6478042","28.10","","강원특별자치도 강릉시 옥천동 173-2","강원특별자치도 강릉시 토성로 193 (옥천동)","25531","관동이용소","2017-08-08 10:58:57","I","2023-06-13 00:00:00","일반이용업","367086.979552637","474491.250269007","일반이용업","1","0","0","0","0","0","5","","","","","0","0","0","N",
"222","이용업","05_19_01_P","4201000","4201000-203-1982-00002","1982-10-11","","01","영업/정상","01","영업","","","","","033 6466019","20.70","","강원특별자치도 강릉시 옥천동 223-84","강원특별자치도 강릉시 옥천로 48 (옥천동)","25552","동부이용소","2017-08-08 09:55:35","I","2023-06-13 00:00:00","일반이용업","367443.601105971","474756.310270998","일반이용업","2","0","0","0","0","0","3","","","","","0","0","0","N",
"223","이용업","05_19_01_P","4201000","4201000-203-1983-00001","1983-06-09","","01","영업/정상","01","영업","","","","","033 6452856","23.20","","강원특별자치도 강릉시 노암동 279-134","강원특별자치도 강릉시 연화봉길 13 (노암동)","25587","성심이용소","2025-07-29 16:26:21","U","2025-07-31 02:40:00","일반이용업","367366.062326611","473549.783378745","일반이용업","0","0","0","0","0","0","4","","","","","0","0","0","N",
"224","이용업","05_19_01_P","4201000","4201000-203-1989-00002","1989-10-16","","01","영업/정상","01","영업","","","","","033 6415728","33.70","","강원특별자치도 강릉시 포남동 1133","강원특별자치도 강릉시 남구길 3 (포남동)","25549","샤론이용소","2017-08-11 11:05:56","I","2023-06-13 00:00:00","일반이용업","367949.432129891","475179.737165924","일반이용업","0","0","0","0","0","0","3","","","","","0","0","0","N",
"225","이용업","05_19_01_P","4201000","4201000-203-1963-00001","1963-10-04","","01","영업/정상","01","영업","","","","","033 6622779","13.38","","강원특별자치도 강릉시 주문진읍 주문리 607-2","강원특별자치도 강릉시 주문진읍 주문북로 61, 1층","25409","강릉이용소","2022-08-18 17:51:19","I","2023-06-13 00:00:00","일반이용업","360752.71368444","490131.453086699","일반이용업","0","0","0","0","0","0","3","","","","","0","0","0","N",
"226","이용업","05_19_01_P","4201000","4201000-203-1972-00006","1972-08-31","","01","영업/정상","01","영업","","","","","033 6612390","22.50","","강원특별자치도 강릉시 주문진읍 주문리 331-6","강원특별자치도 강릉시 주문진읍 연주로 455","25415","덕성이용소","2017-09-06 16:17:07","I","2023-06-13 00:00:00","일반이용업","360430.380246761","489367.404178914","일반이용업","1","0","0","0","0","0","3","","","","","0","0","0","N",
"227","이용업","05_19_01_P","4201000","4201000-203-1974-00006","1974-04-20","","01","영업/정상","01","영업","","","","","033 6621595","26.60","","강원특별자치도 강릉시 주문진읍 주문리 272-1","강원특별자치도 강릉시 주문진읍 주문북로 20-2","25408","달동네이용소","2017-09-06 16:19:23","I","2023-06-13 00:00:00","일반이용업","361006.377886929","489789.200737912","일반이용업","0","0","0","0","0","0","4","","","","","0","0","0","N",
"228","이용업","05_19_01_P","4201000","4201000-203-1997-00005","1997-11-17","","01","영업/정상","01","영업","","","","","033 653 9974","6.72","","강원특별자치도 강릉시 옥천동 280-2","강원특별자치도 강릉시 옥천로61번길 12 (옥천동)","25551","황실이용소","2017-08-07 09:27:11","I","2023-06-13 00:00:00","일반이용업","367231.571362825","474615.670780112","일반이용업","0","0","0","0","0","0","5","","","","","0","0","0","N",
"229","이용업","05_19_01_P","4201000","4201000-203-1994-00001","1994-12-06","","01","영업/정상","01","영업","","","","","033 6480336","24.70","","강원특별자치도 강릉시 명주동 46-1","강원특별자치도 강릉시 경강로 2029 (명주동)","25535","세영이용소","2017-08-03 09:14:54","I","2023-06-13 00:00:00","일반이용업","366595.70724874","473686.087198392","일반이용업","0","0","0","0","0","0","3","","","","","0","0","0","N",
"230","이용업","05_19_01_P","4201000","4201000-203-1969-00002","1969-04-10","","01","영업/정상","01","영업","","","","","033 6466556","35.00","","강원특별자치도 강릉시 용강동 36-2","강원특별자치도 강릉시 임영로 153-2 (용강동)","25528","영동이용소","2020-06-17 09:16:25","I","2023-06-13 00:00:00","일반이용업","366634.372428905","474166.470027253","일반이용업","0","0","0","0","0","0","3","","","","","0","0","0","N",
"231","이용업","05_19_01_P","4201000","4201000-203-1982-00003","1982-09-17","","01","영업/정상","01","영업","","","","","033 6485211","10.30","","강원특별자치도 강릉시 임당동 129-2","강원특별자치도 강릉시 경강로 2080 (임당동)","25539","동아장이용소","2017-07-28 14:51:43","I","2023-06-13 00:00:00","일반이용업","366932.86696548","474045.921477922","일반이용업","0","0","0","0","0","0","2","","","","","0","0","0","N",
"232","이용업","05_19_01_P","4201000","4201000-203-1987-00009","1987-11-19","","01","영업/정상","01","영업","","","","","","10.00","","강원특별자치도 강릉시 옥천동 135","강원특별자치도 강릉시 경강로 2157 (옥천동)","25552","초원이용소","2017-08-08 15:07:35","I","2023-06-13 00:00:00","일반이용업","367471.779111385","474631.614462624","일반이용업","3","0","2","2","0","0","2","","","","임대","0","0","0","N",
"233","이용업","05_19_01_P","4201000","4201000-203-2002-00001","2002-04-12","","01","영업/정상","01","영업","","","","","","29.80","","강원특별자치도 강릉시 노암동 346-1","강원특별자치도 강릉시 노암등길 22 (노암동)","25593","송익이용샵","2020-01-09 10:12:57","I","2023-06-13 00:00:00","일반이용업","367259.590364131","473226.017085032","일반이용업","1","0","0","0","0","0","3","","","","","0","0","0","N",
"234","이용업","05_19_01_P","4201000","4201000-203-1974-00005","1974-03-07","","01","영업/정상","01","영업","","","","","033 6623939","24.00","","강원특별자치도 강릉시 주문진읍 교항리 176-13","강원특별자치도 강릉시 주문진읍 주문로 48","25418","영동이용소","2017-08-29 15:24:24","I","2023-06-13 00:00:00","일반이용업","360539.58888174","488856.093144635","일반이용업","0","0","0","0","0","0","4","","","","","0","0","0","N",
"235","이용업","05_19_01_P","4201000","4201000-203-1969-00001","1969-09-03","","01","영업/정상","01","영업","","","","","033 6624009","17.10","","강원특별자치도 강릉시 주문진읍 주문리 산 2 12통10반","강원특별자치도 강릉시 주문진읍 주문북로 154","25404","향호이용소","2017-09-06 16:18:49","I","2023-06-13 00:00:00","일반이용업","360141.667329742","490798.485799372","일반이용업","0","0","0","0","0","0","2","","","","","0","0","0","N",
"236","이용업","05_19_01_P","4201000","4201000-203-2001-00163","2001-10-08","","01","영업/정상","01","영업","","","","","033 643 5957","9.90","","강원특별자치도 강릉시 노암동 619-2","강원특별자치도 강릉시 남부로125번길 18 (노암동)","25595","기린이용소","2020-01-09 10:11:29","I","2023-06-13 00:00:00","일반이용업","366824.28547034","472912.693262217","일반이용업","0","0","0","0","0","0","2","","","","","0","0","0","N",
"237","이용업","05_19_01_P","4201000","4201000-203-2001-00162","2001-08-01","","01","영업/정상","01","영업","","","","","033 6435861","23.10","","강원특별자치도 강릉시 노암동 261-10","강원특별자치도 강릉시 강중길 5, 1층 (노암동)","25584","용이용소","2019-04-22 14:04:13","I","2023-06-13 00:00:00","일반이용업","367853.250625751","473955.535409403","일반이용업","0","0","0","0","0","0","3","","","","","0","0","0","N",
"238","이용업","05_19_01_P","4201000","4201000-203-2001-00165","2001-01-19","","01","영업/정상","01","영업","","","","","033 6523407","23.10","","강원특별자치도 강릉시 송정동 186","강원특별자치도 강릉시 경강로 2495 (송정동)","25558","동명이용소","2017-09-01 16:04:52","I","2023-06-13 00:00:00","일반이용업","370182.058325092","476485.038547697","일반이용업","0","0","0","0","0","0","3","","","","","0","0","0","N",
"239","이용업","05_19_01_P","4201000","4201000-203-2001-00167","2001-07-03","","01","영업/정상","01","영업","","","","","033 662 4040","20.14","","강원특별자치도 강릉시 주문진읍 교항리 48-117","강원특별자치도 강릉시 주문진읍 연주로 299","25423","강남이용소","2017-09-08 09:13:07","I","2023-06-13 00:00:00","일반이용업","360638.936372108","487865.330785758","일반이용업","0","0","0","0","0","0","4","","","","","0","0","0","N",
"240","이용업","05_19_01_P","4201000","4201000-203-1999-00005","1999-03-19","","01","영업/정상","01","영업","","","","","033 662 0788","24.00","","강원특별자치도 강릉시 주문진읍 교항리 90-15","강원특별자치도 강릉시 주문진읍 연주로 375","25420","일성이발관","2017-08-29 15:27:41","I","2023-06-13 00:00:00","일반이용업","360400.900894186","488570.48257512","일반이용업","0","0","0","0","0","0","2","","","","","0","0","0","N",
"241","이용업","05_19_01_P","4201000","4201000-203-1971-00003","1971-07-30","","01","영업/정상","01","영업","","","","","033 6481115","27.30","","강원특별자치도 강릉시 입암동 639-26 5통4반","강원특별자치도 강릉시 강변로 346 (입암동)","25584","부림이용원","2017-07-18 16:36:02","I","2023-06-13 00:00:00","일반이용업","367807.873782555","474057.702324301","일반이용업","0","0","0","0","0","0","3","","","","","0","0","0","N",
"242","이용업","05_19_01_P","4201000","4201000-203-1991-00002","1991-09-19","","01","영업/정상","01","영업","","","","","033 6511016","31.50","","강원특별자치도 강릉시 포남동 1185-4","강원특별자치도 강릉시 경강로2301번길 32 (포남동)","25568","목화이용소","2017-08-10 17:08:03","I","2023-06-13 00:00:00","일반이용업","368336.685631333","475886.085241445","일반이용업","0","0","0","0","0","0","3","","","","","0","0","0","N",
"243","이용업","05_19_01_P","4201000","4201000-203-1999-00006","1999-07-06","","01","영업/정상","01","영업","","","","","033 6538400","45.00","","강원특별자치도 강릉시 포남동 1166-4","강원특별자치도 강릉시 성덕포남로 188, 1층 (포남동)","25572","윤이발타운","2022-02-18 14:34:01","I","2023-06-13 00:00:00","일반이용업","368090.700386555","475724.976491152","일반이용업","0","0","0","0","0","0","3","","","","","0","0","0","N",
"244","이용업","05_19_01_P","4201000","4201000-203-2008-00008","2008-10-13","","01","영업/정상","01","영업","","","","","","23.94","","강원특별자치도 강릉시 포남동 1187-9","강원특별자치도 강릉시 하평길 48-7 (포남동)","25568","명인이용소","2022-08-05 11:01:54","I","2023-06-13 00:00:00","일반이용업","368526.590689969","475863.149007545","일반이용업","3","1","1","0","0","0","2","","","","임대","0","0","0","N",
"245","이용업","05_19_01_P","4201000","4201000-203-2023-00001","2023-05-09","","01","영업/정상","01","영업","","","","","","58.30","","강원특별자치도 강릉시 교동 242-4","강원특별자치도 강릉시 화부산로 142 (교동)","25490","오지바버샵","2023-05-09 13:09:37","I","2023-06-13 00:00:00","일반이용업","366774.262868707","475361.280798702","일반이용업","1","0","1","0","0","0","2","","","","","0","0","0","N",
"246","이용업","05_19_01_P","4201000","4201000-203-2022-00004","2022-09-30","","01","영업/정상","01","영업","","","","","","64.37","","강원특별자치도 강릉시 홍제동 637-10","강원특별자치도 강릉시 사임당로 133, 유천메타폴리스2 1동 207호 (홍제동)","25520","리버도스바버샵","2022-09-30 13:56:31","I","2023-06-13 00:00:00","일반이용업","364303.565986948","474340.628143827","일반이용업","2","0","2","0","0","0","2","","","","","0","0","0","N",
"247","이용업","05_19_01_P","4201000","4201000-203-2022-00003","2022-09-19","","01","영업/정상","01","영업","","","","","","42.04","","강원특별자치도 강릉시 포남동 1124-16","강원특별자치도 강릉시 남구길17번길 5, 1층 (포남동)","25549","역전이용소","2022-09-19 21:32:19","I","2023-06-13 00:00:00","일반이용업","367838.885001391","475241.624481642","일반이용업","4","0","1","0","0","0","2","","","","","0","0","0","N",
"248","이용업","05_19_01_P","4201000","4201000-203-2005-00007","2005-08-24","","01","영업/정상","01","영업","","","","","","18.30","","강원특별자치도 강릉시 포남동 1291","강원특별자치도 강릉시 하평1길 20, 2층 (포남동)","25566","고려이용소","2022-11-03 09:21:49","I","2023-06-13 00:00:00","일반이용업","368396.287151892","476070.867280176","일반이용업","4","1","0","3","0","0","0","","","","임대","0","0","0","N",
"249","이용업","05_19_01_P","4201000","4201000-203-2001-00170","2001-07-11","","01","영업/정상","01","영업","","","","","033 6522897","20.90","","강원특별자치도 강릉시 포남동 1056-15","강원특별자치도 강릉시 강릉대로 459, 1층 (포남동)","25480","아빠이용소","2019-04-22 14:20:26","I","2023-06-13 00:00:00","일반이용업","368488.988330074","476359.363262744","일반이용업","0","0","0","0","0","0","5","","","","","0","0","0","N",
"250","이용업","05_19_01_P","4201000","4201000-203-2001-00171","2001-03-19","","01","영업/정상","01","영업","","","","","033 6520675","48.00","","강원특별자치도 강릉시 포남동 1293-1 일송아파트","강원특별자치도 강릉시 하평3길 37, 상가동 2층 205호 (포남동, 일송아파트)","25567","동네이용소","2019-05-27 16:25:21","I","2023-06-13 00:00:00","일반이용업","368638.024909925","476079.651464047","일반이용업","0","0","0","0","0","0","3","","","","","0","0","0","N",
"251","이용업","05_19_01_P","4201000","4201000-203-2001-00173","2001-05-02","","01","영업/정상","01","영업","","","","","033 6489255","25.00","","강원특별자치도 강릉시 포남동 1138-10","강원특별자치도 강릉시 용지각길 7 (포남동)","25548","용지이용소","2023-10-06 11:29:34","U","2023-10-08 02:40:00","일반이용업","367770.320358553","474834.423904667","일반이용업","0","0","0","0","0","0","4","","","","","0","0","0","N",
"252","이용업","05_19_01_P","4201000","4201000-203-1987-00008","1987-11-19","","01","영업/정상","01","영업","","","","","033 6451737","24.00","","강원특별자치도 강릉시 홍제동 62-4","강원특별자치도 강릉시 토성로 92 (홍제동)","25535","새시대이용소","2010-12-10 17:11:53","I","2023-06-13 00:00:00","일반이용업","366283.062732342","473873.537650147","일반이용업","0","0","0","0","0","0","2","","","","","0","0","0","N",
"253","이용업","05_19_01_P","4201000","4201000-203-1988-00001","1988-07-05","","01","영업/정상","01","영업","","","","","033 6460221","30.40","","강원특별자치도 강릉시 성남동 40-1","강원특별자치도 강릉시 금성로 7 (성남동)","25542","형제이용소","2018-08-22 14:57:43","I","2023-06-13 00:00:00","일반이용업","367340.73818627","474162.673050026","일반이용업","0","0","0","0","0","0","3","","","","","0","0","0","N",
"254","이용업","05_19_01_P","4201000","4201000-203-2018-00002","2018-09-19","","01","영업/정상","01","영업","","","","","","26.40","","강원특별자치도 강릉시 용강동 29 서부시장","강원특별자치도 강릉시 임영로155번길 6, 서부시장 1층 65호 (용강동)","25528","성홍이용소","2018-09-19 15:48:36","I","2023-06-13 00:00:00","일반이용업","366564.34266928","474192.135182166","일반이용업","0","0","1","0","0","0","3","","","","","1","1","0","N",
"255","이용업","05_19_01_P","4201000","4201000-203-1995-00006","1995-12-08","","01","영업/정상","01","영업","","","","","033 6453171","33.00","","강원특별자치도 강릉시 입암동 594-1","강원특별자치도 강릉시 성덕포남로 102 (입암동)","25576","주공 이용소","2017-07-18 16:45:55","I","2023-06-13 00:00:00","일반이용업","368723.901238152","475116.563574855","일반이용업","1","0","0","0","0","0","2","","","","","0","0","0","N",
"256","이용업","05_19_01_P","4201000","4201000-203-2008-00003","2008-02-19","","01","영업/정상","01","영업","","","","","","33.00","","강원특별자치도 강릉시 포남동 1005-296","강원특별자치도 강릉시 경강로2246번길 4 (포남동)","25547","종로이용소","2017-08-11 11:04:23","I","2023-06-13 00:00:00","일반이용업","368093.868938557","475204.101979768","일반이용업","4","1","1","1","0","0","2","","","","임대","0","0","0","N",
"257","이용업","05_19_01_P","4201000","4201000-203-2013-00004","2013-09-26","","01","영업/정상","01","영업","","","","","","16.50","","강원특별자치도 강릉시 교동 1890-1","강원특별자치도 강릉시 정원로 56 (교동)","25515","대륙이용소","2017-03-13 13:30:02","I","2023-06-13 00:00:00","일반이용업","365215.540885583","475012.642374049","일반이용업","4","0","3","3","0","0","2","","","","임대","0","0","0","N",
"258","이용업","05_19_01_P","4201000","4201000-203-2016-00001","2016-03-07","","01","영업/정상","01","영업","","","","","033 662 5255","36.00","","강원특별자치도 강릉시 연곡면 동덕리 440","강원특별자치도 강릉시 연곡면 진고개로 2720, 103호","25428","희망이용소","2017-09-05 13:57:01","I","2023-06-13 00:00:00","일반이용업","361543.213632933","485630.008927043","일반이용업","0","0","1","0","0","0","2","","","","","0","1","0","N",
"259","이용업","05_19_01_P","4201000","4201000-203-1974-00004","1974-08-17","","01","영업/정상","01","영업","","","","","033 6627803","27.70","","강원특별자치도 강릉시 주문진읍 교항리 163-1","강원특별자치도 강릉시 주문진읍 주문로 34","25419","오복이용소","2017-08-29 15:26:17","I","2023-06-13 00:00:00","일반이용업","360529.633671877","488704.866662544","일반이용업","0","0","0","0","0","0","4","","","","","0","0","0","N",
"260","이용업","05_19_01_P","4201000","4201000-203-1995-00008","1995-10-06","","01","영업/정상","01","영업","","","","","033 6615326","28.44","","강원특별자치도 강릉시 주문진읍 교항리 171-9","강원특별자치도 강릉시 주문진읍 시장길 1","25418","관동이용소","2017-08-31 16:57:16","I","2023-06-13 00:00:00","일반이용업","360668.950757477","488829.103496453","일반이용업","0","0","0","0","0","0","0","","","","","0","0","0","N",
"261","이용업","05_19_01_P","4201000","4201000-203-2000-00015","2000-12-05","","01","영업/정상","01","영업","","","","","","15.62","","강원특별자치도 강릉시 교동 977-3","강원특별자치도 강릉시 강릉대로121번길 11 (교동)","25506","세신이용소","2023-10-06 11:27:34","U","2023-10-08 02:40:00","일반이용업","365888.372451118","474376.75582058","일반이용업","0","0","0","0","0","0","2","","","","","0","0","0","N",
"262","이용업","05_19_01_P","4201000","4201000-203-2001-00161","2001-07-03","","01","영업/정상","01","영업","","","","","033 6482596","16.00","","강원특별자치도 강릉시 명주동 32-1","강원특별자치도 강릉시 경강로 2039 (명주동)","25534","로얄이용소","2017-08-02 10:12:23","I","2023-06-13 00:00:00","일반이용업","366644.236965027","473765.164610162","일반이용업","2","0","0","0","0","0","2","","","","","0","0","0","N",
"263","이용업","05_19_01_P","4201000","4201000-203-1983-00004","1983-12-15","","01","영업/정상","01","영업","","","","","033 648 6588","15.50","","강원특별자치도 강릉시 포남동 1123-16","강원특별자치도 강릉시 남구길23번길 9 (포남동)","25550","월화이용소","2023-10-06 11:28:47","U","2023-10-08 02:40:00","일반이용업","367762.477737618","475246.459176855","일반이용업","5","0","0","4","0","0","2","","","","임대","0","0","0","N",
"264","이용업","05_19_01_P","4201000","4201000-203-1997-00006","1997-09-05","","01","영업/정상","01","영업","","","","","033 651 5559","12.40","","강원특별자치도 강릉시 초당동 134","강원특별자치도 강릉시 초당원길 17 (초당동)","25469","나드리이용소","2017-09-01 16:04:19","I","2023-06-13 00:00:00","일반이용업","368796.130961502","477382.05178731","일반이용업","0","0","0","0","0","0","2","","","","","0","0","0","N",
"265","이용업","05_19_01_P","4201000","4201000-203-1967-00002","1967-11-01","","01","영업/정상","01","영업","","","","","033 6423380","33.00","","강원특별자치도 강릉시 교동 801-7","강원특별자치도 강릉시 화부산로 130 (교동)","25490","교동이용소","2017-08-31 10:41:50","I","2023-06-13 00:00:00","일반이용업","366655.137021363","475312.134330912","일반이용업","5","1","0","1","0","0","3","","","","임대","0","0","0","N",
"266","이용업","05_19_01_P","4201000","4201000-203-2000-00004","2000-01-06","","01","영업/정상","01","영업","","","","","033 6434828","33.10","","강원특별자치도 강릉시 교동 941-8","강원특별자치도 강릉시 강릉대로 143 (교동)","25506","대성이용소","2023-10-06 11:31:30","U","2023-10-08 02:40:00","일반이용업","366144.644879561","474410.746930388","일반이용업","0","0","0","0","0","0","3","","","","","0","0","0","N",
"267","이용업","05_19_01_P","4201000","4201000-203-1982-00001","1982-11-24","","01","영업/정상","01","영업","","","","","033 6461916","10.10","","강원특별자치도 강릉시 교동 159-118","강원특별자치도 강릉시 강릉대로224번안길 2-6 (교동)","25530","영진이용소","2017-08-08 11:07:39","I","2023-06-13 00:00:00","일반이용업","366925.058068375","474576.407544958","일반이용업","0","0","0","0","0","0","2","","","","","0","0","0","N",
"268","이용업","05_19_01_P","4201000","4201000-203-1980-00002","1980-04-23","","01","영업/정상","01","영업","","","","","033 6464433","22.70","","강원특별자치도 강릉시 교동 172-2","강원특별자치도 강릉시 율곡로 2880 (교동)","25491","일흥이용소","2023-10-06 11:30:07","U","2023-10-08 02:40:00","일반이용업","366916.172915601","474797.757704588","일반이용업","0","0","0","0","0","0","3","","","","","0","0","0","N",
"269","이용업","05_19_01_P","4201000","4201000-203-1987-00002","1987-11-19","","01","영업/정상","01","영업","","","","","033 6422289","19.10","","강원특별자치도 강릉시 교동 801-23","강원특별자치도 강릉시 율곡로 2934 (교동)","25490","동서이용소","2003-08-30 00:00:00","I","2023-06-13 00:00:00","일반이용업","366645.515121884","475245.116872628","일반이용업","0","0","0","0","0","0","3","","","","","0","0","0","N",
"270","이용업","05_19_01_P","4201000","4201000-203-1991-00001","1991-10-25","","01","영업/정상","01","영업","","","","","033 6529998","41.50","","강원특별자치도 강릉시 포남동 1110-1","강원특별자치도 강릉시 강릉대로 349-11, 1층 (포남동)","25492","신라이용소","2018-12-18 16:39:03","I","2023-06-13 00:00:00","일반이용업","367717.691811379","475554.613901869","일반이용업","0","0","0","0","0","0","3","","","","","0","0","0","N",
"271","이용업","05_19_01_P","4201000","4201000-203-1987-00003","1987-11-19","","01","영업/정상","01","영업","","","","","033 6466530","17.40","","강원특별자치도 강릉시 내곡동 110-28","강원특별자치도 강릉시 강변로194번길 13-3 (내곡동)","25585","삼흥이용소","2017-07-18 16:30:22","I","2023-06-13 00:00:00","일반이용업","366613.356520305","473239.322023233","일반이용업","0","0","0","0","0","0","2","","","","","0","0","0","N",
"272","이용업","05_19_01_P","4201000","4201000-203-1970-00002","1970-12-29","","01","영업/정상","01","영업","","","","","033 6440160","22.00","","강원특별자치도 강릉시 사천면 미노리 383-2","강원특별자치도 강릉시 사천면 미노길 71, 1층","25439","우리이용소","2019-04-22 14:11:10","I","2023-06-13 00:00:00","일반이용업","362728.573486759","481770.398549162","일반이용업","0","0","0","0","0","0","2","","","","","0","0","0","N",
"273","이용업","05_19_01_P","4201000","4201000-203-1996-00002","1996-08-06","","01","영업/정상","01","영업","","","","","033 610 3904","27.00","","강원특별자치도 강릉시 사천면 방동리 415 강릉아산병원","강원특별자치도 강릉시 사천면 방동길 38, 강릉아산병원 본관동 2층","25440","한솔이용소","2019-08-01 14:00:34","I","2023-06-13 00:00:00","일반이용업","363580.205089049","481138.750877628","일반이용업","0","0","0","0","0","0","3","","","","","0","0","0","N",
"274","이용업","05_19_01_P","4201000","4201000-203-1972-00001","1972-04-01","","01","영업/정상","01","영업","","","","","033 644 3279","49.50","","강원특별자치도 강릉시 입암동 662-22","강원특별자치도 강릉시 강중길 38 (입암동)","25582","삼일이용소","2018-11-20 17:07:46","I","2023-06-13 00:00:00","일반이용업","368112.989935549","474146.550391303","일반이용업","0","0","0","0","0","0","2","","","","","0","0","0","N",
"275","이용업","05_19_01_P","4201000","4201000-203-2019-00001","2019-06-05","","01","영업/정상","01","영업","","","","","","24.60","","강원특별자치도 강릉시 내곡동 127 남산삼익아파트","강원특별자치도 강릉시 남부로125번길 39, 101호 (내곡동, 남산삼익아파트)","25596","남산이발관","2020-09-11 17:48:11","I","2023-06-13 00:00:00","일반이용업","366680.78317855","472954.861157686","일반이용업","1","0","1","1","0","0","2","","","","","0","0","0","N",
"276","이용업","05_19_01_P","4201000","4201000-203-2021-00002","2021-03-11","","01","영업/정상","01","영업","","","","","","28.70","","강원특별자치도 강릉시 옥천동 304","강원특별자치도 강릉시 중기1길 13, 1층 (옥천동)","25550","나래이용소","2021-03-11 15:34:25","I","2023-06-13 00:00:00","일반이용업","367511.627965187","475074.120066318","일반이용업","0","0","0","0","0","0","3","","","","","0","0","0","N",
"277","이용업","05_19_01_P","4201000","4201000-203-2019-00002","2019-10-16","","01","영업/정상","01","영업","","","","","","18.80","","강원특별자치도 강릉시 옥천동 321","강원특별자치도 강릉시 용지로 147 (옥천동)","25552","리베라사우나 이발소","2019-10-16 17:00:45","I","2023-06-13 00:00:00","일반이용업","367503.646108367","474947.163580054","일반이용업","0","0","0","0","0","0","2","","","","","0","0","0","N",
"278","이용업","05_19_01_P","4201000","4201000-203-1996-00006","1996-01-16","","01","영업/정상","01","영업","","","","","","31.80","","강원특별자치도 강릉시 송정동 1064 강릉아이파크아파트","강원특별자치도 강릉시 경강로 2511, 상가 2동 1층 106호 (송정동, 강릉아이파크아파트)","25559","송정 아이파크 이발관","2020-06-29 16:34:42","I","2023-06-13 00:00:00","일반이용업","370376.906419924","476495.832070525","일반이용업","0","0","0","0","0","0","0","","","","","0","0","0","N",
"279","이용업","05_19_01_P","4201000","4201000-203-1974-00002","1974-11-20","","01","영업/정상","01","영업","","","","","","21.30","","강원특별자치도 강릉시 입암동 662-321","강원특별자치도 강릉시 강중길 20, 1층 (입암동)","25584","강중이용소","2019-09-24 10:21:44","I","2023-06-13 00:00:00","일반이용업","367995.610990173","474013.839602218","일반이용업","0","0","0","0","0","0","3","","","","","0","0","0","N",
"280","이용업","05_19_01_P","4201000","4201000-203-1971-00001","1971-12-20","","01","영업/정상","01","영업","","","","","033 6441056","23.10","","강원특별자치도 강릉시 사천면 미노리 408-1","강원특별자치도 강릉시 사천면 미노길 54-1","25439","미노이용","2022-01-11 09:43:55","I","2023-06-13 00:00:00","일반이용업","362799.431895975","481604.479491929","일반이용업","0","0","0","0","0","0","2","","","","","0","0","0","N",
"281","이용업","05_19_01_P","4201000","4201000-203-2022-00002","2022-05-03","","01","영업/정상","01","영업","","","","","","50.51","","강원특별자치도 강릉시 홍제동 1024-12","강원특별자치도 강릉시 선수촌로63번길 30-12, 1층 (홍제동)","25522","바버워즈 강릉점","2022-10-11 14:20:58","I","2023-06-13 00:00:00","일반이용업","364478.009215874","474397.676073174","일반이용업","0","0","0","0","0","0","3","","","","","0","0","0","N",
"282","이용업","05_19_01_P","4201000","4201000-203-2021-00003","2021-11-11","","01","영업/정상","01","영업","","","","","","22.40","","강원특별자치도 강릉시 노암동 311-24","강원특별자치도 강릉시 노가니길 16 (노암동)","25587","노암이용원","2024-02-01 09:52:56","U","2024-02-03 02:40:00","일반이용업","367414.595484098","473515.864525736","일반이용업","1","0","0","0","0","0","2","","","","","0","0","0","N",
"283","이용업","05_19_01_P","4201000","4201000-203-2021-00004","2021-11-22","","01","영업/정상","01","영업","","","","","","52.44","","강원특별자치도 강릉시 포남동 1144","강원특별자치도 강릉시 경강로 2242, 1층 (포남동)","25547","빌리지바버샵","2021-11-22 11:09:19","I","2023-06-13 00:00:00","일반이용업","368057.685077747","475201.922424543","일반이용업","0","0","0","0","0","0","2","","","","","0","0","0","N",
"284","이용업","05_19_01_P","4201000","4201000-203-2006-00001","2006-01-24","","01","영업/정상","01","영업","","","","","","20.60","","강원특별자치도 강릉시 홍제동 327-1","강원특별자치도 강릉시 경강로1903번길 5 (홍제동)","25523","원형이용원","2023-04-04 14:53:37","I","2023-06-13 00:00:00","일반이용업","365464.034880381","473361.132228495","일반이용업","1","0","1","1","0","0","3","","","","임대","0","0","0","N",
"285","이용업","05_19_01_P","4201000","4201000-203-2024-00002","2024-06-14","","01","영업/정상","01","영업","","","","","","39.00","","강원특별자치도 강릉시 입암동 708-2","강원특별자치도 강릉시 성덕포남로 49, 1층 104호 (입암동)","25615","이발관","2024-06-14 10:01:21","I","2024-06-16 00:14:33","일반이용업","369060.637760864","474725.045844891","일반이용업","0","0","0","0","0","0","2","","","","","0","0","0","N",
"286","이용업","05_19_01_P","4201000","4201000-203-2024-00003","2024-07-24","","01","영업/정상","01","영업","","","","","","26.09","","강원특별자치도 강릉시 포남동 1105-1","강원특별자치도 강릉시 성덕포남로 216, 1층 (포남동)","25487","노벨바버샵강릉점","2024-07-24 09:37:35","I","2024-07-26 00:14:27","일반이용업","367906.911343153","475887.384121966","일반이용업","0","0","1","0","0","0","1","","","","","0","0","0","N",
"287","이용업","05_19_01_P","4201000","4201000-203-2025-00002","2025-08-22","","01","영업/정상","01","영업","","","","","","22.72","","강원특별자치도 강릉시 옥계면 현내리 372-11","강원특별자치도 강릉시 옥계면 현내시장길 73, 1층","25634","옥계이발관","2025-08-22 16:17:10","I","2025-08-24 00:20:40","일반이용업","379673.763474077","458240.743458531","일반이용업","2","0","1","1","0","0","2","","","","","0","0","0","N",
"288","이용업","05_19_01_P","4201000","4201000-203-2025-00001","2025-07-28","","01","영업/정상","01","영업","","","","","","42.00","","강원특별자치도 강릉시 내곡동 451-2","강원특별자치도 강릉시 범일로 675, 1층 (내곡동)","25585","건강한바버샵","2025-07-28 16:18:51","I","2025-07-30 00:20:12","일반이용업","366141.829876203","473166.855308708","일반이용업","1","0","1","1","0","0","3","","","","","0","0","0","N",
"289","이용업","05_19_01_P","4211000","4211000-203-2023-00001","2023-07-31","","01","영업/정상","01","영업","","","","","","42.80","","강원특별자치도 동해시 평릉동 467-1","강원특별자치도 동해시 평원로 78, 1층 (평릉동)","25752","gipsy barbershop(집시 바버샵)","2023-08-28 10:24:02","U","2023-08-30 02:40:00","일반이용업","386917.201981831","449726.81077142","일반이용업","3","1","1","0","0","0","1","","","","임대","0","0","0","N",
"290","이용업","05_19_01_P","4211000","4211000-203-1986-00003","1986-08-04","","01","영업/정상","01","영업","","","","","033 5336292","49.14","","강원특별자치도 동해시 천곡동 963-12","강원특별자치도 동해시 감추1길 7 (천곡동)","25777","현대이용소","2019-12-12 19:32:44","I","2023-06-13 00:00:00","일반이용업","387172.220815725","448250.142440578","일반이용업","0","0","0","0","0","0","3","","","","임대","0","0","0","N",
"291","이용업","05_19_01_P","4211000","4211000-203-1986-00005","1986-11-04","","01","영업/정상","01","영업","","","","","033 5329854","27.03","","강원특별자치도 동해시 천곡동 1077-1 삼성상가 105호","강원특별자치도 동해시 대학로 31, 105호 (천곡동, 삼성상가)","25760","태양이용소","2017-01-06 16:58:42","I","2023-06-13 00:00:00","일반이용업","386671.753706762","448820.824659876","일반이용업","2","1","0","0","0","0","0","","","","자가","0","0","0","N",
"292","이용업","05_19_01_P","4211000","4211000-203-1988-00001","1988-12-26","","01","영업/정상","01","영업","","","","","033 5337755","30.26","","강원특별자치도 동해시 발한동 15-11","강원특별자치도 동해시 일출로 9-1, 1층 (발한동)","25720","보람이용소","2021-03-25 09:49:57","I","2023-06-13 00:00:00","일반이용업","386333.789936119","451868.58367361","일반이용업","3","0","1","1","0","0","2","","","","임대","0","0","0","N",
"293","이용업","05_19_01_P","4211000","4211000-203-2003-00004","2003-05-06","","01","영업/정상","01","영업","","","","","033 5326326","33.67","","강원특별자치도 동해시 천곡동 802-5","강원특별자치도 동해시 천곡2길 4 (천곡동)","25759","천곡이용원","2017-01-06 17:01:41","I","2023-06-13 00:00:00","일반이용업","386685.890040374","448972.246392824","일반이용업","0","0","0","0","0","0","0","","","","임대","0","0","0","N",
"294","이용업","05_19_01_P","4211000","4211000-203-1972-00001","1972-03-10","","01","영업/정상","01","영업","","","","","033 5336015","22.03","","강원특별자치도 동해시 발한동 702-43","강원특별자치도 동해시 발한로 157, 1층 (발한동)","25722","진이용소","2024-11-04 11:22:25","U","2024-11-06 02:40:00","일반이용업","385876.696899505","451400.476866161","일반이용업","3","0","1","1","0","0","3","","","","임대","0","0","0","N",
"295","이용업","05_19_01_P","4211000","4211000-203-1970-00002","1970-09-21","","01","영업/정상","01","영업","","","","","033 5330478","38.80","","강원특별자치도 동해시 발한동 302-1","강원특별자치도 동해시 중앙시장길 18 (발한동)","25715","대성이용소","2017-01-06 16:52:47","I","2023-06-13 00:00:00","일반이용업","386225.801267889","451995.930010207","일반이용업","0","0","0","0","0","0","3","","","","임대","0","0","0","N",
"296","이용업","05_19_01_P","4211000","4211000-203-2002-00011","2002-06-17","","01","영업/정상","01","영업","","","","","033 5322195","0.00","","강원특별자치도 동해시 부곡동 72-9 , 102동 401호","강원특별자치도 동해시 발한로 63, 102동 401호 (부곡동)","25733","수원지이용소","2017-01-06 17:01:31","I","2023-06-13 00:00:00","일반이용업","385712.199527748","450501.501246174","일반이용업","0","0","0","0","0","0","3","","","","임대","0","0","0","N",
"297","이용업","05_19_01_P","4211000","4211000-203-2002-00006","2002-02-06","","01","영업/정상","01","영업","","","","","033 5321820","0.00","","강원특별자치도 동해시 천곡동 511-1","강원특별자치도 동해시 항골길 52 (천곡동)","25750","항골이용원","2017-01-06 17:01:20","I","2023-06-13 00:00:00","일반이용업","385774.13624952","448996.948892418","일반이용업","0","0","0","0","0","0","0","","","","","0","0","0","N",
"298","이용업","05_19_01_P","4211000","4211000-203-1994-00003","1994-11-25","","01","영업/정상","01","영업","","","","","033 5353595","35.70","","강원특별자치도 동해시 천곡동 1040-15","강원특별자치도 동해시 동굴로 61-16 (천곡동)","25771","신세계이용소","2017-01-06 16:59:49","I","2023-06-13 00:00:00","일반이용업","386558.554587329","448429.471114493","일반이용업","0","0","0","0","0","0","0","","","","","0","0","0","N",
"299","이용업","05_19_01_P","4211000","4211000-203-1995-00001","1995-03-07","","01","영업/정상","01","영업","","","","","033 5313909","35.60","","강원특별자치도 동해시 묵호진동 17-1","강원특별자치도 동해시 논골길 4 (묵호진동)","25717","신일이용소","2018-10-11 15:51:23","I","2023-06-13 00:00:00","일반이용업","386970.483686723","452149.195265275","일반이용업","0","0","0","0","0","0","3","","","","임대","0","0","0","N",
"300","이용업","05_19_01_P","4211000","4211000-203-1997-00002","1997-06-12","","01","영업/정상","01","영업","","","","","033 5212858","39.87","","강원특별자치도 동해시 이도동 291-1 원조건강원","강원특별자치도 동해시 전천로 171, 1층 3호 (이도동)","25818","부산이용소","2019-05-09 17:34:44","I","2023-06-13 00:00:00","일반이용업","386760.717178866","444142.535392986","일반이용업","0","0","0","0","0","0","4","","","","","0","0","0","N",
"301","이용업","05_19_01_P","4211000","4211000-203-2004-00001","2004-03-17","","01","영업/정상","01","영업","","","","","","15.66","","강원특별자치도 동해시 부곡동 80 썬샤인파크 201호","강원특별자치도 동해시 임항로 10, 2층 201(남탕)호 (부곡동, 썬샤인파크)","25734","금강산건강랜드 이용소","2020-12-07 17:24:34","I","2023-06-13 00:00:00","일반이용업","385804.430682709","450533.65334053","일반이용업","5","1","0","0","1","1","2","","","","임대","0","0","0","N",
"302","이용업","05_19_01_P","4211000","4211000-203-2019-00002","2019-06-28","","01","영업/정상","01","영업","","","","","","23.66","","강원특별자치도 동해시 발한동 575-4","강원특별자치도 동해시 발한로 121-1, 1층 (발한동)","25724","우리이용원","2019-06-28 16:02:57","I","2023-06-13 00:00:00","일반이용업","385684.125763619","451093.797178672","일반이용업","4","0","1","0","0","0","2","","","","임대","0","0","0","N",
"303","이용업","05_19_01_P","4211000","4211000-203-2021-00001","2021-09-03","","01","영업/정상","01","영업","","","","","","52.38","","강원특별자치도 동해시 효가동 150-6 으뜸약국","강원특별자치도 동해시 효자로 690, 1층 (효가동)","25806","성심이용소","2023-01-02 13:48:52","I","2023-06-13 00:00:00","일반이용업","386520.638540135","445425.207879093","일반이용업","3","0","1","0","0","0","2","","","","임대","0","0","0","N",
"304","이용업","05_19_01_P","4211000","4211000-203-2020-00001","2020-01-08","","01","영업/정상","01","영업","","","","","","15.36","","강원특별자치도 동해시 망상동 459-10 동해망상실버타운","강원특별자치도 동해시 석두골길 145, 동해망상실버타운 실버타운동 지하1층 (망상동)","25701","약천온천실버타운이용원","2020-01-09 09:07:43","I","2023-06-13 00:00:00","일반이용업","382515.369775451","456595.119749026","일반이용업","9","2","0","0","1","1","3","","","","임대","0","1","0","N",
"305","이용업","05_19_01_P","4211000","4211000-203-2018-00002","2018-10-30","","01","영업/정상","01","영업","","","","","","16.20","","강원특별자치도 동해시 나안동 174-5","강원특별자치도 동해시 청운1길 60, 2층 203호 (나안동)","25810","대륜사우나 이용원","2019-04-23 17:24:44","I","2023-06-13 00:00:00","일반이용업","386541.691965798","444706.224965102","일반이용업","0","0","0","0","0","0","2","","","","임대","0","0","0","N",
"306","이용업","05_19_01_P","4211000","4211000-203-1986-00004","1986-09-22","","01","영업/정상","01","영업","","","","","033 5335575","33.11","","강원특별자치도 동해시 부곡동 127-1","강원특별자치도 동해시 임항로 49 (부곡동)","25730","고려이용원","2021-11-16 16:20:31","I","2023-06-13 00:00:00","일반이용업","386192.745386335","450598.364195224","일반이용업","3","0","1","1","0","0","4","","","","임대","0","0","0","N",
"307","이용업","05_19_01_P","4211000","4211000-203-1996-00002","1996-12-30","","01","영업/정상","01","영업","","","","","0226074936","22.43","","강원특별자치도 동해시 천곡동 1078-8 동아아파트","강원특별자치도 동해시 천곡로 56-5, 동아아파트 상가동 104호 (천곡동)","25761","서윤미스터헤어","2021-10-06 09:28:49","I","2023-06-13 00:00:00","일반이용업","386618.708784892","448760.267535052","일반이용업","0","0","1","1","0","0","3","","","","","0","0","0","N",
"308","이용업","05_19_01_P","4211000","4211000-203-2017-00001","2017-01-05","","01","영업/정상","01","영업","","","","","033 5326454","60.00","","강원특별자치도 동해시 부곡동 81-20","강원특별자치도 동해시 임항로 16-1, 1층 (부곡동)","25734","부산베스트 이용실","2020-01-16 17:36:44","I","2023-06-13 00:00:00","일반이용업","385873.046907992","450540.754325774","일반이용업","0","0","0","0","0","0","2","","","","","0","1","0","N",
"309","이용업","05_19_01_P","4211000","4211000-203-2005-00003","2005-12-14","","01","영업/정상","01","영업","","","","","033 5338606","18.90","","강원특별자치도 동해시 북평동 232-3","강원특별자치도 동해시 전천로 240, 북평헬스사우나 내 2층 (북평동)","25814","북평헬스사우나 이용소","2024-01-11 11:13:16","U","2024-01-13 02:40:00","일반이용업","387306.320835399","444142.142805426","일반이용업","3","1","2","2","0","0","1","","","","임대","0","0","0","N",
"310","이용업","05_19_01_P","4211000","4211000-203-2007-00003","2007-08-28","","01","영업/정상","01","영업","","","","","033 5348667","36.75","","강원특별자치도 동해시 이로동 17-12","강원특별자치도 동해시 삼화4길 5, 1층 (이로동)","25745","서정이용원","2021-06-29 19:36:47","I","2023-06-13 00:00:00","일반이용업","382951.703304102","444865.808431108","일반이용업","1","0","3","3","0","0","3","","","","임대","0","0","0","N",
"311","이용업","05_19_01_P","4211000","4211000-203-2007-00001","2007-04-03","","01","영업/정상","01","영업","","","","","033 5222112","35.60","","강원특별자치도 동해시 쇄운동 82-3 , 105호","강원특별자치도 동해시 청운로 71, 105호 (쇄운동)","25805","부부이용원","2014-04-01 10:33:52","I","2023-06-13 00:00:00","일반이용업","385899.743681933","444766.374375863","일반이용업","0","0","1","1","0","0","2","","","","임대","0","0","0","N",
"312","이용업","05_19_01_P","4211000","4211000-203-2007-00002","2007-06-11","","01","영업/정상","01","영업","","","","","033 5336744","33.00","","강원특별자치도 동해시 발한동 39-14","강원특별자치도 동해시 발한로 207-1 (발한동)","25720","신동호이용소","2018-04-19 15:58:28","I","2023-06-13 00:00:00","일반이용업","386276.228367235","451633.841026484","일반이용업","4","1","1","1","0","0","3","","","","","0","0","0","N",
"313","이용업","05_19_01_P","4211000","4211000-203-2009-00002","2009-06-12","","01","영업/정상","01","영업","","","","","033 5210234","27.00","","강원특별자치도 동해시 동회동 442 , 대동아파트 상가동 3011-2호","강원특별자치도 동해시 청운로 78, 상가동 3011-2호 (동회동, 대동아파트)","25807","대동이용소","2017-01-06 17:03:43","I","2023-06-13 00:00:00","일반이용업","386177.814049483","444870.370953969","일반이용업","0","0","3","3","0","0","3","","","","자가","0","0","0","N",
"314","이용업","05_19_01_P","4211000","4211000-203-1999-00002","1999-05-19","","01","영업/정상","01","영업","","","","","033 5351173","26.42","","강원특별자치도 동해시 천곡동 1051-13","강원특별자치도 동해시 샘실3길 13 (천곡동)","25766","신궁전이용실","2017-01-06 17:00:52","I","2023-06-13 00:00:00","일반이용업","386116.536417429","448543.798802715","일반이용업","0","0","0","0","0","0","3","","","","임대","0","0","0","N",
"315","이용업","05_19_01_P","4211000","4211000-203-2001-00006","2001-12-21","","01","영업/정상","01","영업","","","","","033 5217527","0.00","","강원특별자치도 동해시 쇄운동 8-8 , 부영상가 106호","강원특별자치도 동해시 청운1길 46, 106호 (쇄운동, 부영상가)","25809","부영이용원","2019-03-15 10:56:38","I","2023-06-13 00:00:00","일반이용업","386385.621303147","444712.223376123","일반이용업","0","0","0","0","0","0","0","","","","","0","0","0","N",
"316","이용업","05_19_01_P","4211000","4211000-203-1972-00003","1972-05-28","","01","영업/정상","01","영업","","","","","033 5210590","29.00","","강원특별자치도 동해시 북평동 12-5","강원특별자치도 동해시 대동로 128, 1층 (북평동)","25792","동해이용소","2017-04-03 16:05:27","I","2023-06-13 00:00:00","일반이용업","388048.836854975","444451.817289966","일반이용업","0","0","0","0","0","0","3","","","","임대","0","0","0","N",
"317","이용업","05_19_01_P","4211000","4211000-203-1967-00001","1967-12-21","","01","영업/정상","01","영업","","","","","033 5225130","44.85","","강원특별자치도 동해시 송정동 800","강원특별자치도 동해시 송정로 16, 1층 (송정동)","25788","새로운이용소","2020-12-19 17:18:10","I","2023-06-13 00:00:00","일반이용업","388088.890109371","445858.495519252","일반이용업","2","0","1","1","0","0","4","","","","자가","0","0","0","N",
"318","이용업","05_19_01_P","4211000","4211000-203-1970-00004","1970-05-28","","01","영업/정상","01","영업","","","","","033 5215681","35.61","","강원특별자치도 동해시 구미동 524-16","강원특별자치도 동해시 대동로 92 (구미동)","25792","창영이용소","2017-01-06 16:53:09","I","2023-06-13 00:00:00","일반이용업","388226.026194421","444178.964871939","일반이용업","0","0","0","0","0","0","3","","","","임대","0","0","0","N",
"319","이용업","05_19_01_P","4211000","4211000-203-1969-00001","1969-01-07","","01","영업/정상","01","영업","","","","","033 5214014","38.51","","강원특별자치도 동해시 송정동 844","강원특별자치도 동해시 송정중앙로 46, 1층 (송정동)","25787","일심이용소","2021-02-02 11:10:43","I","2023-06-13 00:00:00","일반이용업","387988.477045111","446056.250352056","일반이용업","0","0","0","0","0","0","3","","","","임대","0","0","0","N",
"320","이용업","05_19_01_P","4211000","4211000-203-1973-00004","1973-06-12","","01","영업/정상","01","영업","","","","","033 5314227","0.00","","강원특별자치도 동해시 발한동 579-11 4통1반","강원특별자치도 동해시 발한로 114 (발한동)","25726","마을이용소","2019-10-01 11:20:40","I","2023-06-13 00:00:00","일반이용업","385727.679963148","450997.124473295","일반이용업","0","0","0","0","0","0","3","","","","임대","0","0","0","N",
"321","이용업","05_19_01_P","4211000","4211000-203-1980-00001","1980-12-23","","01","영업/정상","01","영업","","","","","033 5323829","0.00","","강원특별자치도 동해시 발한동 299-9 7통2반","강원특별자치도 동해시 발한로 248-2 (발한동)","25720","권이용소","2017-01-06 16:57:39","I","2023-06-13 00:00:00","일반이용업","386119.270215345","451959.582863277","일반이용업","0","0","0","0","0","0","0","","","","","0","0","0","N",
"322","이용업","05_19_01_P","4211000","4211000-203-1989-00001","1989-01-17","","01","영업/정상","01","영업","","","","","033 5223797","35.43","","강원특별자치도 동해시 효가동 237","강원특별자치도 동해시 효가로 4 (효가동)","25801","효성이용소","2021-02-06 14:44:03","I","2023-06-13 00:00:00","일반이용업","386542.688276007","445822.894083775","일반이용업","0","0","0","0","0","0","3","","","","임대","0","0","0","N",
"323","이용업","05_19_01_P","4211000","4211000-203-1990-00001","1990-08-20","","01","영업/정상","01","영업","","","","","033 5349075","25.01","","강원특별자치도 동해시 이로동 33-13","강원특별자치도 동해시 삼화1길 27-1 (이로동)","25745","쌍용이용소","2021-02-01 19:19:35","I","2023-06-13 00:00:00","일반이용업","382820.590124995","444713.411674868","일반이용업","0","0","0","0","0","0","0","","","","","0","0","0","N",
"324","이용업","05_19_01_P","4211000","4211000-203-2003-00006","2003-08-30","","01","영업/정상","01","영업","","","","","033 5322382","17.50","","강원특별자치도 동해시 발한동 330-14","강원특별자치도 동해시 발한로 266 (발한동)","25715","신라이발관","2014-04-01 10:21:36","I","2023-06-13 00:00:00","일반이용업","386028.955222527","452115.494167317","일반이용업","1","0","1","1","0","0","3","","","","임대","0","0","0","N",
"325","이용업","05_19_01_P","4211000","4211000-203-2013-00002","2013-07-17","","01","영업/정상","01","영업","","","","","07088187052","77.55","","강원특별자치도 동해시 송정동 1680-12","강원특별자치도 동해시 대동로 430, 복지관 4층 (송정동)","25779","체인지이용원","2021-03-02 16:49:32","I","2023-06-13 00:00:00","일반이용업","388376.823117455","446738.159702458","일반이용업","0","0","0","0","0","0","3","","","","임대","0","0","0","N",
"326","이용업","05_19_01_P","4211000","4211000-203-2013-00005","2013-11-13","","01","영업/정상","01","영업","","","","","033 5350057","13.12","","강원특별자치도 동해시 동회동 51","강원특별자치도 동해시 효자남1길 3, 1층 (동회동)","25806","북삼동복지회관사우나내 이용소","2025-08-20 12:59:39","U","2025-08-22 02:40:00","일반이용업","386439.071768974","445194.554429686","일반이용업","1","0","0","0","0","0","1","","","","","0","0","0","N",
"327","이용업","05_19_01_P","4211000","4211000-203-2024-00001","2024-03-08","","01","영업/정상","01","영업","","","","","","30.21","","강원특별자치도 동해시 발한동 219-32","강원특별자치도 동해시 발한로 179-2, 1층 (발한동)","25721","무궁화 이용원","2024-03-08 15:57:07","I","2024-03-10 00:15:35","일반이용업","386067.956020587","451520.382869199","일반이용업","2","0","1","1","0","0","2","","","","","0","0","0","N",
"328","이용업","05_19_01_P","4211000","4211000-203-2025-00001","2025-10-02","","01","영업/정상","01","영업","","","","","","9.57","","강원특별자치도 동해시 천곡동 922-1","강원특별자치도 동해시 동굴로 129, 지1층 (천곡동)","25770","동송사우나내 이용원","2025-10-02 09:58:41","I","2025-10-05 00:20:16","일반이용업","387189.784086421","448384.480094781","일반이용업","0","0","0","0","0","0","2","","","","","0","0","0","N",
"329","이용업","05_19_01_P","4221000","4221000-203-2020-00001","2020-05-07","","01","영업/정상","01","영업","","","","","033 554 3311","12.67","","강원특별자치도 태백시 소도동 106-8","강원특별자치도 태백시 천제단길 18, 태백산보석사우나 내 3층 (소도동)","26043","보석이용원","2020-05-26 15:47:10","I","2023-06-13 00:00:00","일반이용업","374108.682168056","404978.185614665","일반이용업","0","0","0","0","0","0","2","","","","","0","0","0","N",
"330","이용업","05_19_01_P","4221000","4221000-203-1985-00004","1985-10-19","","01","영업/정상","01","영업","","","","","033 5534947","17.90","","강원특별자치도 태백시 황지동 8-20","강원특별자치도 태백시 연지로 33 (황지동)","26026","강릉이용원","2021-06-14 13:26:11","I","2023-06-13 00:00:00","일반이용업","376692.534356868","410146.844087645","일반이용업","1","0","0","0","0","0","2","","","","임대","0","0","0","N",
"331","이용업","05_19_01_P","4221000","4221000-203-1974-00001","1974-11-30","","01","영업/정상","01","영업","","","","","033 5527389","26.40","","강원특별자치도 태백시 황지동 38-203 7통1반","강원특별자치도 태백시 시장남길 15 (황지동)","26012","일심이용소","2023-12-06 14:05:28","U","2023-12-09 02:40:00","일반이용업","376935.141226959","409753.154799955","일반이용업","1","0","0","0","0","0","10","","","","임대","0","0","0","N",
"332","이용업","05_19_01_P","4221000","4221000-203-2021-00001","2021-05-07","","01","영업/정상","01","영업","","","","","","19.76","","강원특별자치도 태백시 황지동 274-356","강원특별자치도 태백시 황연1길 8 (황지동)","26026","반도이용소","2023-10-10 13:27:19","U","2023-10-12 02:40:00","일반이용업","376364.529506901","410284.82144972","일반이용업","0","0","0","0","0","0","2","","","","","0","0","0","N",
"333","이용업","05_19_01_P","4221000","4221000-203-2000-00004","2000-03-20","","01","영업/정상","01","영업","","","","","","9.80","","강원특별자치도 태백시 황지동 368-210","강원특별자치도 태백시 금계길 35 (황지동)","26006","성지사우나이용소","2021-03-02 15:04:08","I","2023-06-13 00:00:00","일반이용업","375905.61342562","410332.798228063","일반이용업","1","0","0","0","0","0","1","","","","임대","0","0","0","N",
"334","이용업","05_19_01_P","4221000","4221000-203-1983-00002","1983-01-27","","01","영업/정상","01","영업","","","","","033 5533258","16.50","","강원특별자치도 태백시 황지동 273-6 4통1반","강원특별자치도 태백시 광장로 17 (황지동)","26006","황원이용소","2021-03-02 15:01:53","I","2023-06-13 00:00:00","일반이용업","376274.828152409","410270.385950182","일반이용업","1","0","0","0","0","0","3","","","","자가","0","0","0","N",
"335","이용업","05_19_01_P","4221000","4221000-203-1982-00002","1982-09-17","","01","영업/정상","01","영업","","","","","033 5526839","19.80","","강원특별자치도 태백시 황지동 263-20 2통1반","강원특별자치도 태백시 황지로 209-5 (황지동)","26007","진선이용소","2021-03-02 15:01:06","I","2023-06-13 00:00:00","일반이용업","376477.15147114","410094.716648678","일반이용업","1","0","0","0","0","0","3","","","","자가","0","0","0","N",
"336","이용업","05_19_01_P","4221000","4221000-203-1973-00002","1973-06-23","","01","영업/정상","01","영업","","","","","033 5525133","19.80","","강원특별자치도 태백시 황지동 193-7 4통4반","강원특별자치도 태백시 고원로 17 (황지동)","26038","삼호이용소","2023-12-06 14:00:22","U","2023-12-09 02:40:00","일반이용업","376582.630216856","407950.184192872","일반이용업","1","0","0","0","0","0","3","","","","자가","0","0","0","N",
"337","이용업","05_19_01_P","4221000","4221000-203-1987-00003","1987-10-17","","01","영업/정상","01","영업","","","","","033 5533345","49.50","","강원특별자치도 태백시 황지동 230","강원특별자치도 태백시 번영로 181 (황지동)","26033","미남이용소","2021-03-02 15:02:49","I","2023-06-13 00:00:00","일반이용업","376344.926267682","408275.250722632","일반이용업","1","0","0","0","0","0","4","","","","자가","0","0","0","N",
"338","이용업","05_19_01_P","4221000","4221000-203-1989-00001","1989-09-22","","01","영업/정상","01","영업","","","","","033 5535210","19.80","","강원특별자치도 태백시 황지동 201-7 4통2반","강원특별자치도 태백시 감천로 8 (황지동)","26038","상장이용소","2023-12-06 14:06:09","U","2023-12-09 02:40:00","일반이용업","376446.87697041","408196.479265253","일반이용업","1","0","0","0","0","0","3","","","","임대","0","0","0","N",
"339","이용업","05_19_01_P","4221000","4221000-203-1990-00002","1990-02-21","","01","영업/정상","01","영업","","","","","033 5535545","25.90","","강원특별자치도 태백시 황지동 120-81","강원특별자치도 태백시 상장로 38 (황지동)","26039","역전이용소","2023-12-06 14:06:35","U","2023-12-09 02:40:00","일반이용업","376779.833029253","407191.858625376","일반이용업","1","0","0","0","0","0","3","","","","임대","0","1","0","N",
"340","이용업","05_19_01_P","4221000","4221000-203-1963-00003","1963-10-10","","01","영업/정상","01","영업","","","","","033 5813061","39.94","","강원특별자치도 태백시 장성동 150-85","","","미미이용소","2025-02-21 10:15:57","U","2025-02-23 02:40:00","일반이용업","378512.555208424","401944.021932947","일반이용업","2","0","2","1","0","0","3","","","","임대","1","1","0","N",
"341","이용업","05_19_01_P","4221000","4221000-203-1963-00004","1963-10-15","","01","영업/정상","01","영업","","","","","033 5816745","39.60","","강원특별자치도 태백시 장성동 209 15통3반","강원특별자치도 태백시 태백로 1812 (장성동)","26050","계산이용소","2021-11-10 15:30:12","I","2023-06-13 00:00:00","일반이용업","378010.29016767","402523.804142611","일반이용업","1","0","0","0","0","0","3","","","","임대","0","0","0","N",
"342","이용업","05_19_01_P","4221000","4221000-203-1975-00001","1975-09-03","","01","영업/정상","01","영업","","","","","033 5812066","33.00","","강원특별자치도 태백시 장성동 147-1","강원특별자치도 태백시 석공길 34 (장성동)","26052","새마을후생이용소","2023-12-06 14:03:58","U","2023-12-09 02:40:00","일반이용업","378388.44872891","402068.07011246","일반이용업","2","0","0","0","0","0","7","","","","임대","0","0","0","N",
"343","이용업","05_19_01_P","4221000","4221000-203-1981-00002","1981-04-17","","01","영업/정상","01","영업","","","","","033 5816481","23.10","","강원특별자치도 태백시 장성동 58-23 2통1반","강원특별자치도 태백시 하장성2길 2 (장성동)","26047","제일이용소","2014-12-22 13:11:08","I","2023-06-13 00:00:00","일반이용업","379759.548614469","402043.232292275","일반이용업","1","0","0","0","0","0","3","","","","임대","0","0","0","N",
"344","이용업","05_19_01_P","4221000","4221000-203-1973-00003","1973-11-09","","01","영업/정상","01","영업","","","","","033 5827120","47.81","","강원특별자치도 태백시 철암동 284-35","강원특별자치도 태백시 상철암길 48 (철암동)","26046","동서이용소","2023-12-06 14:02:11","U","2023-12-09 02:40:00","일반이용업","381753.248731989","404817.952087656","일반이용업","1","0","0","0","0","0","4","","","","임대","0","1","0","N",
"345","이용업","05_19_01_P","4221000","4221000-203-2000-00003","2000-08-16","","01","영업/정상","01","영업","","","","","033 5814319","33.00","","강원특별자치도 태백시 장성동 76-18 3통5반","강원특별자치도 태백시 하장성2길 64 (장성동)","26047","동해이용소","2019-12-11 14:01:03","I","2023-06-13 00:00:00","일반이용업","379582.853300044","401806.763486449","일반이용업","1","0","0","0","0","0","3","","","","자가","0","0","0","N",
"346","이용업","05_19_01_P","4221000","4221000-203-1971-00001","1971-10-30","","01","영업/정상","01","영업","","","","","033 5524903","23.10","","강원특별자치도 태백시 황지동 343-23 10통6반","강원특별자치도 태백시 황지로 298 (황지동)","26005","신흥이용소","2021-03-02 14:57:22","I","2023-06-13 00:00:00","일반이용업","375737.052049781","410512.363061848","일반이용업","1","0","0","0","0","0","3","","","","자가","0","0","0","N",
"347","이용업","05_19_01_P","4221000","4221000-203-1974-00002","1974-04-11","","01","영업/정상","01","영업","","","","","033 5530446","16.50","","강원특별자치도 태백시 황지동 621-105 6통3반","강원특별자치도 태백시 절골1길 3 (황지동)","26010","우리이용소","2021-03-02 14:59:29","I","2023-06-13 00:00:00","일반이용업","375796.686509409","410187.474805231","일반이용업","1","0","0","0","0","0","2","","","","자가","0","0","0","N",
"348","이용업","05_19_01_P","4221000","4221000-203-2000-00001","2000-10-04","","01","영업/정상","01","영업","","","","","033 5540633","9.90","","강원특별자치도 태백시 황지동 662","강원특별자치도 태백시 청솔길 40 (황지동)","26032","청솔사우나이용소","2023-12-06 14:07:09","U","2023-12-09 02:40:00","일반이용업","376026.920538997","408769.773874892","일반이용업","0","0","0","0","0","0","0","","","","","0","0","0","N",
"349","이용업","05_19_01_P","4231000","4231000-203-1987-00001","1987-09-21","","01","영업/정상","01","영업","","","","","033 6323423","35.10","","강원특별자치도 속초시 교동 774-11","강원특별자치도 속초시 교동로 54, 1층 (교동)","24839","미진이용소","2019-11-04 11:19:54","I","2023-06-13 00:00:00","일반이용업","338162.863354052","523499.844872119","일반이용업","0","0","0","0","0","0","4","","","","임대","0","0","0","N",
"350","이용업","05_19_01_P","4231000","4231000-203-2003-00039","2003-02-24","","01","영업/정상","01","영업","","","","","033 6315376","0.00","","강원특별자치도 속초시 조양동 1531-6","강원특별자치도 속초시 선사로2길 3-2 (조양동)","24891","장수탕이용소","2020-09-03 13:20:13","I","2023-06-13 00:00:00","일반이용업","339506.486877796","521700.547310969","일반이용업","0","0","0","0","0","0","0","","","","","0","0","0","N",
"351","이용업","05_19_01_P","4231000","4231000-203-2006-00001","2006-12-13","","01","영업/정상","01","영업","","","","","033 6387100","15.05","","강원특별자치도 속초시 조양동 1034-49","강원특별자치도 속초시 동해대로 4030 (조양동)","24872","속초해수피아이용소","2021-10-12 13:27:00","I","2023-06-13 00:00:00","일반이용업","339562.195482133","522000.988103454","일반이용업","5","0","4","4","0","0","3","","","","임대","0","0","0","N",
"352","이용업","05_19_01_P","4231000","4231000-203-2005-00003","2005-06-22","","01","영업/정상","01","영업","","","","","033 637 7726","18.68","","강원특별자치도 속초시 영랑동 200 속초동현아파트 101동 101호","강원특별자치도 속초시 영랑로7길 13, 101동 101호 (영랑동,속초동현아파트)","24823","속초이용원","2021-01-15 11:19:51","I","2023-06-13 00:00:00","일반이용업","339636.972459481","524669.617709286","일반이용업","3","0","1","1","0","0","4","","","","임대","0","0","0","N",
"353","이용업","05_19_01_P","4231000","4231000-203-2003-00006","1965-06-25","","01","영업/정상","01","영업","","","","","033 6315473","34.20","","강원특별자치도 속초시 교동 664-19","강원특별자치도 속초시 중앙로54번길 22, 1층 (교동)","24836","화신이용원","2019-08-02 10:57:24","I","2023-06-13 00:00:00","일반이용업","338587.597918254","523047.741248811","일반이용업","0","0","0","0","0","0","3","","","","","0","0","0","N",
"354","이용업","05_19_01_P","4231000","4231000-203-2018-00002","2018-05-09","","01","영업/정상","01","영업","","","","","033 635 2401","0.00","","강원특별자치도 속초시 중앙동 482-144","강원특별자치도 속초시 청초호반로 314, 2층 (중앙동)","24838","속초오션스파오션이용소","2018-05-09 14:19:27","I","2023-06-13 00:00:00","일반이용업","339344.105033051","523305.459039017","일반이용업","0","0","2","2","0","0","1","","","","","0","0","0","N",
"355","이용업","05_19_01_P","4231000","4231000-203-2003-00034","1988-05-18","","01","영업/정상","01","영업","","","","","033 6329033","26.00","","강원특별자치도 속초시 영랑동 151-14","강원특별자치도 속초시 법대로 51, 1층 (영랑동)","24809","이상범바버샵","2023-01-30 17:06:14","I","2023-06-13 00:00:00","일반이용업","339497.441217807","524805.574081827","일반이용업","2","0","1","1","0","0","3","","","","임대","0","0","0","N",
"356","이용업","05_19_01_P","4231000","4231000-203-2003-00002","1978-11-17","","01","영업/정상","01","영업","","","","","033 6316987","0.00","","강원특별자치도 속초시 교동 636-88","강원특별자치도 속초시 수복로 113 (교동)","24829","천일이용소","2021-01-28 09:22:12","I","2023-06-13 00:00:00","일반이용업","338414.713598423","523244.38952529","일반이용업","0","0","0","0","0","0","0","","","","","0","0","0","N",
"357","이용업","05_19_01_P","4231000","4231000-203-2003-00003","1964-10-31","","01","영업/정상","01","영업","","","","","033 6327028","0.00","","강원특별자치도 속초시 교동 645-36","강원특별자치도 속초시 중앙로55번길 5 (교동)","24835","고려이용소","2021-04-09 08:55:58","I","2023-06-13 00:00:00","일반이용업","338506.768911595","523167.631277788","일반이용업","0","0","0","0","0","0","0","","","","","0","0","0","N",
"358","이용업","05_19_01_P","4231000","4231000-203-2003-00005","1965-06-05","","01","영업/정상","01","영업","","","","","033 6335744","30.24","","강원특별자치도 속초시 조양동 1419-11","강원특별자치도 속초시 동해대로 3998 (조양동)","24885","로타리이용소","2021-01-14 11:32:11","I","2023-06-13 00:00:00","일반이용업","339897.84089041","522026.525250663","일반이용업","0","0","0","0","0","0","0","","","","","0","0","0","N",
"359","이용업","05_19_01_P","4231000","4231000-203-2003-00007","1966-06-17","","01","영업/정상","01","영업","","","","","033 6325070","0.00","","강원특별자치도 속초시 중앙동 503-63","강원특별자치도 속초시 중앙시장로 9 (중앙동)","24827","서울이용소","2020-12-16 17:59:54","I","2023-06-13 00:00:00","일반이용업","338918.036983656","523956.56107298","일반이용업","0","0","0","0","0","0","0","","","","","0","0","0","N",
"360","이용업","05_19_01_P","4231000","4231000-203-2003-00011","1972-03-06","","01","영업/정상","01","영업","","","","","033 633 5765","16.53","","강원특별자치도 속초시 조양동 1410-18","강원특별자치도 속초시 동해대로 4002, 1층 (조양동)","24885","문화이용소","2019-07-30 11:25:32","I","2023-06-13 00:00:00","일반이용업","339840.142798195","522019.584211602","일반이용업","0","0","0","0","0","0","2","","","","","0","0","0","N",
"361","이용업","05_19_01_P","4231000","4231000-203-2022-00002","2022-10-27","","01","영업/정상","01","영업","","","","","","24.76","","강원특별자치도 속초시 조양동 1294-1","강원특별자치도 속초시 청대로 4, 성호아파트주상가동 1층 9호 (조양동)","24894","잘헤어","2024-12-31 14:44:01","U","2025-01-03 02:40:00","일반이용업","340103.717181586","521334.003074914","일반이용업","0","0","1","1","0","0","2","","","","","0","1","0","N",
"362","이용업","05_19_01_P","4231000","4231000-203-2003-00022","1987-09-18","","01","영업/정상","01","영업","","","","","033 6337606","49.50","","강원특별자치도 속초시 교동 910-4","강원특별자치도 속초시 만천1길 35, 1층 (교동)","24848","로얄이용원","2022-03-30 11:39:04","I","2023-06-13 00:00:00","일반이용업","338017.839201013","523142.424151165","일반이용업","0","0","0","0","0","0","0","","","","","0","0","0","N",
"363","이용업","05_19_01_P","4231000","4231000-203-2022-00003","2022-11-28","","01","영업/정상","01","영업","","","","","","109.00","","강원특별자치도 속초시 교동 829","강원특별자치도 속초시 만천1길 4-2, 1층 (교동)","24847","행복이용원","2022-11-28 11:24:55","I","2023-06-13 00:00:00","일반이용업","337932.433842534","522848.510593266","일반이용업","0","0","0","0","0","0","2","","","","","0","0","0","N",
"364","이용업","05_19_01_P","4231000","4231000-203-2018-00001","2018-03-14","","01","영업/정상","01","영업","","","","","","4.84","","강원특별자치도 속초시 노학동 939-7","강원특별자치도 속초시 관광로 288, 1층 (노학동)","24868","척산온천이발소","2021-06-30 13:24:43","I","2023-06-13 00:00:00","일반이용업","335172.83227963","521577.726287095","일반이용업","3","2","0","0","1","1","2","","","","","0","0","0","N",
"365","이용업","05_19_01_P","4231000","4231000-203-2021-00001","2021-11-17","","01","영업/정상","01","영업","","","","","","5.00","","강원특별자치도 속초시 대포동 56-10","강원특별자치도 속초시 방축길 56, 2층 (대포동)","24899","최찬규커트실","2023-07-20 10:31:50","U","2023-07-22 02:40:00","일반이용업","339387.146566022","520518.048927508","일반이용업","0","0","0","0","0","0","2","","","","","0","1","0","N",
"366","이용업","05_19_01_P","4231000","4231000-203-2019-00002","2019-12-06","","01","영업/정상","01","영업","","","","","","55.46","","강원특별자치도 속초시 금호동 473-40","강원특별자치도 속초시 중앙로129번길 35-9, 2층 (금호동)","24832","착한이발소","2020-04-06 11:02:13","I","2023-06-13 00:00:00","일반이용업","339114.558951787","523554.228834708","일반이용업","3","0","2","2","0","0","2","","","","","0","1","0","N",
"367","이용업","05_19_01_P","4231000","4231000-203-2003-00014","1975-05-24","","01","영업/정상","01","영업","","","","","033 6313951","22.31","","강원특별자치도 속초시 청호동 444-19","강원특별자치도 속초시 청호로 41-1 (청호동)","24885","청호이용소","2021-01-28 18:29:02","I","2023-06-13 00:00:00","일반이용업","339885.200859424","522406.405517997","일반이용업","0","0","0","0","0","0","0","","","","","0","0","0","N",
"368","이용업","05_19_01_P","4231000","4231000-203-2003-00019","1982-11-15","","01","영업/정상","01","영업","","","","","033 6330440","0.00","","강원특별자치도 속초시 조양동 1499-2","강원특별자치도 속초시 소평로 162 (조양동)","24876","부영이용어타운","2021-08-09 15:54:06","I","2023-06-13 00:00:00","일반이용업","338282.129911374","521872.924685818","일반이용업","0","0","0","0","0","0","0","","","","","0","0","0","N",
"369","이용업","05_19_01_P","4231000","4231000-203-2022-00004","2022-12-12","","01","영업/정상","01","영업","","","","","","60.00","","강원특별자치도 속초시 금호동 502-39","강원특별자치도 속초시 번영로 93-1, 1층 (금호동)","24842","동해이용소","2022-12-12 10:29:40","I","2023-06-13 00:00:00","일반이용업","338838.441694304","523945.60515077","일반이용업","0","0","0","0","0","0","3","","","","","0","0","0","N",
"370","이용업","05_19_01_P","4231000","4231000-203-2016-00001","2016-01-05","","01","영업/정상","01","영업","","","","","033 638 9034","47.00","","강원특별자치도 속초시 교동 627-291","강원특별자치도 속초시 번영로43번길 22, 1층 103호 (교동)","24842","은혜이용소","2022-08-08 10:06:37","I","2023-06-13 00:00:00","일반이용업","338450.033458243","523727.233605853","일반이용업","1","0","1","1","0","0","3","","","","임대","0","0","0","N",
"371","이용업","05_19_01_P","4231000","4231000-203-2003-00043","1981-01-09","","01","영업/정상","01","영업","","","","","033 6357579","0.00","","강원특별자치도 속초시 동명동 466-54","강원특별자치도 속초시 중앙로 186-3 (동명동)","24824","휴게실이용원","2021-04-12 09:41:47","I","2023-06-13 00:00:00","일반이용업","339471.456070882","523888.537801312","일반이용업","0","0","0","0","0","0","0","","","","","0","0","0","N",
"372","이용업","05_19_01_P","4231000","4231000-203-2003-00020","2003-02-24","","01","영업/정상","01","영업","","","","","033 6327315","0.00","","강원특별자치도 속초시 조양동 1490-246","강원특별자치도 속초시 동해대로 3938-1 (조양동)","24888","제일이용소","2021-01-14 11:49:53","I","2023-06-13 00:00:00","일반이용업","340258.205097656","521601.244830083","일반이용업","0","0","0","0","0","0","0","","","","","0","0","0","N",
"373","이용업","05_19_01_P","4231000","4231000-203-2003-00023","1993-03-31","","01","영업/정상","01","영업","","","","","033 6338048","19.75","","강원특별자치도 속초시 교동 620-13","강원특별자치도 속초시 미시령로 3411, 상가동 202호 (교동)","24815","럭키이용소","2019-05-20 10:30:08","I","2023-06-13 00:00:00","일반이용업","338143.767000491","523999.235141537","일반이용업","0","0","0","0","0","0","0","","","","","0","0","0","N",
"374","이용업","05_19_01_P","4231000","4231000-203-2003-00024","1993-12-27","","01","영업/정상","01","영업","","","","","033 635 1028","19.52","","강원특별자치도 속초시 교동 654-9 외1필지","강원특별자치도 속초시 교동로 33 (교동,외1필지)","24846","영화이용소","2021-04-12 09:42:58","I","2023-06-13 00:00:00","일반이용업","338222.196825256","523304.519703818","일반이용업","0","0","0","0","0","0","0","","","","","0","0","0","N",
"375","이용업","05_19_01_P","4231000","4231000-203-2003-00025","1994-04-29","","01","영업/정상","01","영업","","","","","033 6323432","26.24","","강원특별자치도 속초시 영랑동 150-1","강원특별자치도 속초시 중앙로 303 (영랑동)","24823","한미미용소","2021-03-29 17:04:33","I","2023-06-13 00:00:00","일반이용업","339526.47687943","524856.072527404","일반이용업","1","0","0","0","0","0","0","","","","","0","0","0","N",
"376","이용업","05_19_01_P","4231000","4231000-203-2010-00003","2010-06-08","","01","영업/정상","01","영업","","","","","033 635 4977","23.97","","강원특별자치도 속초시 교동 804-90 가동","강원특별자치도 속초시 동해대로 4294-1, 가동 (교동)","24850","남성헤어샵","2010-06-08 14:00:16","I","2023-06-13 00:00:00","일반이용업","337616.551779271","522986.098277513","일반이용업","5","1","1","1","0","0","4","","","","임대","0","0","0","N",
"377","이용업","05_19_01_P","4231000","4231000-203-1998-00002","1998-12-14","","01","영업/정상","01","영업","","","","","033 6392305","","","강원특별자치도 속초시 중앙동 469-6 속초시청","강원특별자치도 속초시 중앙로 183, 속초시청 본관동 (중앙동)","24826","시청구내이용소","2021-03-30 17:54:41","I","2023-06-13 00:00:00","일반이용업","339375.470743651","523857.110370749","일반이용업","0","0","0","0","0","0","0","","","","","0","0","0","N",
"378","이용업","05_19_01_P","4231000","4231000-203-2007-00002","2007-06-21","","01","영업/정상","01","영업","","","","","033 6361139","8.90","","강원특별자치도 속초시 노학동 972-1","강원특별자치도 속초시 관광로 327, 척산온천휴양촌 2층 (노학동)","24867","가위손이용소","2024-07-03 10:27:34","U","2024-07-05 02:40:00","일반이용업","334903.237101815","521926.215753162","일반이용업","1","0","1","1","0","0","2","","","","임대","0","0","0","N",
"379","이용업","05_19_01_P","4231000","4231000-203-2024-00001","2024-03-15","","01","영업/정상","01","영업","","","","","","33.00","","강원특별자치도 속초시 교동 655-60","강원특별자치도 속초시 교동로 40, 1층 (교동)","24839","노벨바버샵속초점","2024-03-15 17:49:05","I","2024-03-17 00:15:28","일반이용업","338217.848315372","523378.460551966","일반이용업","0","0","0","0","0","0","1","","","","","0","0","0","N",
"380","이용업","05_19_01_P","4231000","4231000-203-2025-00001","2025-02-06","","01","영업/정상","01","영업","","","","","","50.44","","강원특별자치도 속초시 교동 737-7","강원특별자치도 속초시 동해대로 4236, 1411호 (교동)","24853","헤나의숲","2025-02-06 14:48:12","I","2025-02-08 00:10:53","일반이용업","338132.520338395","522766.508207672","일반이용업","0","0","0","0","0","0","1","","","","","0","0","0","N",
"381","이용업","05_19_01_P","4241000","4241000-203-1973-00001","1973-09-17","","01","영업/정상","01","영업","","","","","033 5410564","25.92","","강원특별자치도 삼척시 도계읍 흥전리 75-28","강원특별자치도 삼척시 도계읍 도계로 108","25950","백마이용소","2011-11-02 11:48:35","I","2023-06-13 00:00:00","일반이용업","381148.873860958","415019.443546922","일반이용업","2","0","1","1","0","0","4","","","","자가","0","0","0","N",
"382","이용업","05_19_01_P","4241000","4241000-203-1987-00001","1987-04-14","","01","영업/정상","01","영업","","","","","033 5418942","18.05","","강원특별자치도 삼척시 도계읍 흥전리 80-20 나동 2호","강원특별자치도 삼척시 도계읍 도계로 122 (나동 2호)","25950","경북이용소","2011-11-17 20:17:08","I","2023-06-13 00:00:00","일반이용업","381171.331763547","415173.664456503","일반이용업","0","0","0","0","0","0","2","","","","","0","0","0","N",
"383","이용업","05_19_01_P","4241000","4241000-203-1995-00002","1995-12-28","","01","영업/정상","01","영업","","","","","033 5416641","21.45","","강원특별자치도 삼척시 도계읍 전두리 101 3통9반","강원특별자치도 삼척시 도계읍 강원남부로 1373","25947","청용이용소","2011-11-02 14:47:53","I","2023-06-13 00:00:00","일반이용업","381067.924056678","415904.576022386","일반이용업","1","0","0","0","0","0","3","","","","","0","0","0","N",
"384","이용업","05_19_01_P","4241000","4241000-203-1963-00003","1963-10-10","","01","영업/정상","01","영업","","","","","033 5725133","20.73","","강원특별자치도 삼척시 원덕읍 임원리 104-1 1통1반","강원특별자치도 삼척시 원덕읍 임원항구로 15-46 (1층)","25956","고려이용소","2023-03-02 14:14:00","I","2023-06-13 00:00:00","일반이용업","407974.088098203","416917.752814507","일반이용업","0","0","0","0","0","0","3","","","","","0","0","0","N",
"385","이용업","05_19_01_P","4241000","4241000-203-1974-00002","1974-09-14","","01","영업/정상","01","영업","","","","","033 5739033","24.20","","강원특별자치도 삼척시 원덕읍 호산리 231-13","강원특별자치도 삼척시 원덕읍 호산중앙로 6","25961","신흥이용소","2023-03-02 14:14:37","I","2023-06-13 00:00:00","일반이용업","407379.46414771","410716.922343129","일반이용업","0","0","0","0","0","0","2","","","","","0","0","0","N",
"386","이용업","05_19_01_P","4241000","4241000-203-1975-00001","1975-10-15","","01","영업/정상","01","영업","","","","","033 5725213","17.40","","강원특별자치도 삼척시 원덕읍 임원리 153 1통10반","강원특별자치도 삼척시 원덕읍 임원항구로 15-23","25956","항구이용소","2023-03-02 14:05:21","I","2023-06-13 00:00:00","일반이용업","407961.533843073","416866.173297022","일반이용업","0","0","0","0","0","0","2","","","","","0","0","0","N",
"387","이용업","05_19_01_P","4241000","4241000-203-1979-00003","1979-07-09","","01","영업/정상","01","영업","","","","","033 5723214","33.82","","강원특별자치도 삼척시 근덕면 교가리 395-1 4통4반","강원특별자치도 삼척시 근덕면 맹방해변로 21","25933","근덕이용소","2011-11-02 13:10:33","I","2023-06-13 00:00:00","일반이용업","397233.080348566","433447.793497749","일반이용업","0","0","0","0","0","0","3","","","","","0","0","0","N",
"388","이용업","05_19_01_P","4241000","4241000-203-1971-00002","1971-03-15","","01","영업/정상","01","영업","","","","","033 5720196","25.20","","강원특별자치도 삼척시 미로면 하거노리 205-6 1통2반","강원특별자치도 삼척시 미로면 강원남부로 4021","25904","현대이용소","2017-12-29 11:16:13","I","2023-06-13 00:00:00","일반이용업","387008.378164874","437061.53300055","일반이용업","0","0","0","0","0","0","3","","","","","0","0","0","N",
"389","이용업","05_19_01_P","4241000","4241000-203-1969-00001","1969-06-30","","01","영업/정상","01","영업","","","","","033 5732366","54.45","","강원특별자치도 삼척시 정상동 453-17 한국기프코","강원특별자치도 삼척시 척주로 121, 1층 (정상동)","25926","대일이용소","2019-12-16 11:43:06","I","2023-06-13 00:00:00","일반이용업","392535.939863133","439988.727368701","일반이용업","0","0","0","0","0","0","3","","","","","0","0","0","N",
"390","이용업","05_19_01_P","4241000","4241000-203-2021-00001","2021-01-20","","01","영업/정상","01","영업","","","","","","7.50","","강원특별자치도 삼척시 남양동 15-3 삼보모텔","강원특별자치도 삼척시 척주로 41, 1층 (남양동)","25922","삼보사우나컷트실","2021-01-20 14:32:11","I","2023-06-13 00:00:00","일반이용업","391847.725209696","440242.570253396","일반이용업","0","0","0","0","0","0","1","","","","","0","0","0","N",
"391","이용업","05_19_01_P","4241000","4241000-203-2023-00001","2023-06-08","","01","영업/정상","01","영업","","","","","","12.60","","강원특별자치도 삼척시 정상동 457-3 석미아파트상가","강원특별자치도 삼척시 청석로 74, 석미아파트상가 지하1층 (정상동)","25924","석미사우나이용소","2023-06-08 10:16:30","I","2023-06-13 00:00:00","일반이용업","392630.504135831","440578.278717329","일반이용업","2","2","0","0","1","1","0","","","","","0","0","0","N",
"392","이용업","05_19_01_P","4241000","4241000-203-2015-00001","2015-01-28","","01","영업/정상","01","영업","","","","","","24.99","","강원특별자치도 삼척시 남양동 45","강원특별자치도 삼척시 중앙시장길 22-9 (남양동)","25920","서울이용소","2023-02-22 16:57:46","I","2023-06-13 00:00:00","일반이용업","391640.5615554","439859.384300177","일반이용업","1","0","1","1","0","0","2","","","","","0","1","0","N",
"393","이용업","05_19_01_P","4241000","4241000-203-2015-00002","2015-03-11","","01","영업/정상","01","영업","","","","","","6.00","","강원특별자치도 삼척시 남양동 55-84","강원특별자치도 삼척시 중앙시장1길 11-28 (남양동)","25920","대원사우나커트실","2023-07-13 14:12:54","U","2023-07-15 02:40:00","일반이용업","391672.132813067","439972.890280893","일반이용업","0","0","0","0","0","0","1","","","","","0","1","0","N",
"394","이용업","05_19_01_P","4241000","4241000-203-2013-00002","2013-11-08","","01","영업/정상","01","영업","","","","","","0.00","","강원특별자치도 삼척시 도계읍 전두리 50-4","강원특별자치도 삼척시 도계읍 도계로 246-2","25947","주미이발관","2013-11-08 14:31:02","I","2023-06-13 00:00:00","일반이용업","381381.213579062","416344.837030353","일반이용업","0","0","0","0","0","0","0","","","","","0","0","0","N",
"395","이용업","05_19_01_P","4241000","4241000-203-2017-00002","2017-11-22","","01","영업/정상","01","영업","","","","","","8.32","","강원특별자치도 삼척시 도계읍 도계리 383-3 에이원모텔사우나","강원특별자치도 삼척시 도계읍 도계강변길 66-3","25947","에이원이용소","2025-07-07 13:42:15","U","2025-07-09 02:40:00","일반이용업","381328.654419303","416870.913134764","일반이용업","0","0","3","3","0","0","1","","","","","0","0","0","N",
"396","이용업","05_19_01_P","4241000","4241000-203-2019-00001","2019-02-19","","01","영업/정상","01","영업","","","","","","21.62","","강원특별자치도 삼척시 정상동 447-15","강원특별자치도 삼척시 척주로 133 (정상동)","25926","이발청춘","2019-02-19 14:57:14","I","2023-06-13 00:00:00","일반이용업","392653.990140929","439982.94156158","일반이용업","2","0","2","0","0","0","2","","","","","0","0","0","N",
"397","이용업","05_19_01_P","4241000","4241000-203-2007-00001","2007-09-10","","01","영업/정상","01","영업","","","","","033 5732840","20.52","","강원특별자치도 삼척시 근덕면 교가리 662-5","강원특별자치도 삼척시 근덕면 삼척로 3638","25933","선이발관","2022-12-22 11:29:31","I","2023-06-13 00:00:00","일반이용업","397122.662693053","433104.302902673","일반이용업","1","0","1","1","0","0","3","","","","임대","0","0","0","N",
"398","이용업","05_19_01_P","4241000","4241000-203-1983-00001","1983-10-10","","01","영업/정상","01","영업","","","","","033 5744664","23.39","","강원특별자치도 삼척시 남양동 33-1 10통1반","강원특별자치도 삼척시 척주로 16 (남양동, 지하)","25920","원이용원","2018-11-05 11:02:00","I","2023-06-13 00:00:00","일반이용업","391572.882302586","440165.91164499","일반이용업","0","0","0","0","1","1","3","","","","","0","0","0","N",
"399","이용업","05_19_01_P","4241000","4241000-203-2009-00001","2009-02-11","","01","영업/정상","01","영업","","","","","033 5520555","9.99","","강원특별자치도 삼척시 하장면 광동리 187-1","강원특별자치도 삼척시 하장면 하장길 78","25901","반도이용소","2023-06-16 14:42:53","U","2023-06-18 02:40:00","일반이용업","372190.116635081","429078.477948531","일반이용업","0","0","1","1","0","0","2","","","","","0","0","0","N",
"400","이용업","05_19_01_P","4241000","4241000-203-1993-00002","1993-11-11","","01","영업/정상","01","영업","","","","","033 5739088","29.09","","강원특별자치도 삼척시 원덕읍 호산리 257-1 3통2반","강원특별자치도 삼척시 원덕읍 삼척로 424","25961","윤이용원","2023-03-02 14:04:40","I","2023-06-13 00:00:00","일반이용업","407488.390566901","410737.213043854","일반이용업","0","0","0","0","0","0","3","","","","","0","0","0","N",
"401","이용업","05_19_01_P","4241000","4241000-203-1998-00002","1998-09-28","","01","영업/정상","01","영업","","","","","033 5737772","23.06","","강원특별자치도 삼척시 남양동 55-62 인하상가 A동 104호","강원특별자치도 삼척시 중앙시장1길 27 (남양동, 인화상가A동 104호)","25920","중앙이용소","2012-04-24 15:27:21","I","2023-06-13 00:00:00","일반이용업","391762.677424488","439909.987632322","일반이용업","0","0","0","0","0","0","3","","","","","0","0","0","N",
"402","이용업","05_19_01_P","4241000","4241000-203-1983-00003","1983-01-11","","01","영업/정상","01","영업","","","","","033 5736133","30.88","","강원특별자치도 삼척시 성내동 144-2","강원특별자치도 삼척시 대학로 39 (당저동, 1층)","25917","현대이용소","2011-11-02 13:39:28","I","2023-06-13 00:00:00","일반이용업","391345.748395842","440244.157463166","일반이용업","0","0","0","0","0","0","5","","","","","0","0","0","N",
"403","이용업","05_19_01_P","4241000","4241000-203-1991-00002","1991-09-05","","01","영업/정상","01","영업","","","","","033 5737229","22.40","","강원특별자치도 삼척시 성내동 34-9 13통2반","강원특별자치도 삼척시 사대안2길 26-12 (당저동)","25921","대성이용소","2017-12-29 11:14:11","I","2023-06-13 00:00:00","일반이용업","391663.895755063","440527.920813634","일반이용업","0","0","0","0","0","0","4","","","","","0","0","0","N",
"404","이용업","05_19_01_P","4241000","4241000-203-2006-00003","2006-03-28","","01","영업/정상","01","영업","","","","","033 5739363","32.64","","강원특별자치도 삼척시 교동 763-1","강원특별자치도 삼척시 청석로2길 3 (교동)","25923","교동이용소","2011-11-02 16:24:16","I","2023-06-13 00:00:00","일반이용업","392337.758135791","440619.58614386","일반이용업","1","0","1","1","0","0","2","","","","자가","0","0","0","N",
"405","이용업","05_19_01_P","4241000","4241000-203-2000-00001","2000-11-01","","01","영업/정상","01","영업","","","","","033 5419623","20.00","","강원특별자치도 삼척시 도계읍 도계리 393-1 1통15반","강원특별자치도 삼척시 도계읍 도계로 285","25947","대신이용소","2022-06-20 16:04:11","I","2023-06-13 00:00:00","일반이용업","381379.483463475","416734.61741504","일반이용업","1","0","0","0","0","0","3","","","","","0","0","0","N",
"406","이용업","05_19_01_P","4241000","4241000-203-1977-00004","1977-07-25","","01","영업/정상","01","영업","","","","","033 5741500","20.86","","강원특별자치도 삼척시 남양동 00-0 7통3반","강원특별자치도 삼척시 중앙시장길 26 (남양동)","25920","남양이용소","2012-02-02 17:15:56","I","2023-06-13 00:00:00","일반이용업","391628.627331043","439884.958795186","일반이용업","0","0","0","0","0","0","3","","","","","0","0","0","N",
"407","이용업","05_19_01_P","4251000","4251000-203-2003-00006","2003-05-14","","01","영업/정상","01","영업","","","","","033 4344268","24.36","","강원특별자치도 홍천군 홍천읍 희망리 332-13","강원특별자치도 홍천군 홍천읍 신장대로 43-2","25136","진주이용소","2020-11-23 10:34:26","I","2023-06-13 00:00:00","일반이용업","277650.731833086","465684.698303797","일반이용업","0","0","0","0","0","0","3","","","","","0","0","0","N",
"408","이용업","05_19_01_P","4251000","4251000-203-2005-00001","2005-05-17","","01","영업/정상","01","영업","","","","","033 4343781","29.40","","강원특별자치도 홍천군 홍천읍 진리 96-12","강원특별자치도 홍천군 홍천읍 번영로 72","25138","훼미리이용원","2020-11-05 09:25:21","I","2023-06-13 00:00:00","일반이용업","278273.7518677","465696.524301466","일반이용업","3","1","0","1","0","0","3","","","","임대","0","0","0","N",
"409","이용업","05_19_01_P","4251000","4251000-203-1988-00002","1988-01-22","","01","영업/정상","01","영업","","","","","033 4326252","23.10","","강원특별자치도 홍천군 내면 창촌리 1609-2","강원특별자치도 홍천군 내면 창촌로 31","25171","시대 이용소","2019-09-24 09:55:19","I","2023-06-13 00:00:00","일반이용업","322310.164874667","475202.26303254","일반이용업","0","0","0","0","0","0","2","","","","","0","0","0","N",
"410","이용업","05_19_01_P","4251000","4251000-203-1998-00006","1998-05-08","","01","영업/정상","01","영업","","","","","033 4322775","24.54","","강원특별자치도 홍천군 화촌면 성산리 463-7","강원특별자치도 홍천군 화촌면 성산로 146","25157","현이용소","2019-09-24 09:55:51","I","2023-06-13 00:00:00","일반이용업","285173.213772315","474686.520797539","일반이용업","1","0","1","1","0","0","2","","","","","0","0","0","N",
"411","이용업","05_19_01_P","4251000","4251000-203-2019-00001","2019-07-25","","01","영업/정상","01","영업","","","","","033 432 3983","35.98","","강원특별자치도 홍천군 남면 양덕원리 191-25","강원특별자치도 홍천군 남면 양덕원2길 16, 1층","25108","보성이발관","2019-07-25 09:34:32","I","2023-06-13 00:00:00","일반이용업","267791.269028659","457415.677319468","일반이용업","3","0","1","1","0","0","3","","","","임대","0","0","0","N",
"412","이용업","05_19_01_P","4251000","4251000-203-1994-00005","1994-09-17","","01","영업/정상","01","영업","","","","","033 4337073","13.20","","강원특별자치도 홍천군 내촌면 도관리 457-3","강원특별자치도 홍천군 내촌면 내촌길 31","25161","영춘이용소","2011-11-30 16:14:17","I","2023-06-13 00:00:00","일반이용업","295696.084826191","479823.984144116","일반이용업","0","0","0","0","0","0","2","","","","","0","0","0","N",
"413","이용업","05_19_01_P","4251000","4251000-203-1976-00002","1976-01-16","","01","영업/정상","01","영업","","","","","033 4324146","15.30","","강원특별자치도 홍천군 남면 양덕원리 184","강원특별자치도 홍천군 남면 양덕원로 91-1","25108","금강이용소","2012-05-18 13:56:20","I","2023-06-13 00:00:00","일반이용업","267716.900773935","457529.453234765","일반이용업","0","0","0","0","0","0","2","","","","","0","0","0","N",
"414","이용업","05_19_01_P","4251000","4251000-203-1996-00004","1996-05-14","","01","영업/정상","01","영업","","","","","033 4323566","16.12","","강원특별자치도 홍천군 남면 양덕원리 203-2","강원특별자치도 홍천군 남면 양덕원2길 6","25108","양덕이용소","2011-11-30 16:15:03","I","2023-06-13 00:00:00","일반이용업","267827.516528165","457341.807903935","일반이용업","1","1","1","1","0","0","2","","","","임대","0","1","0","N",
"415","이용업","05_19_01_P","4251000","4251000-203-1989-00002","1989-08-25","","01","영업/정상","01","영업","","","","","033 4357829","22.71","","강원특별자치도 홍천군 북방면 상화계리 305-6","강원특별자치도 홍천군 북방면 영서로 2676","25115","창성이발소","2011-11-30 16:09:43","I","2023-06-13 00:00:00","일반이용업","275130.286091166","467109.115145076","일반이용업","0","0","0","0","0","0","2","","","","","0","0","0","N",
"416","이용업","05_19_01_P","4251000","4251000-203-1991-00006","1991-02-18","","01","영업/정상","01","영업","","","","","033 4322885","32.00","","강원특별자치도 홍천군 화촌면 성산리 463-14","강원특별자치도 홍천군 화촌면 산초울로 200","25157","성산이용소","2019-09-24 11:03:05","I","2023-06-13 00:00:00","일반이용업","285202.84634403","474663.23947257","일반이용업","1","0","1","1","0","0","2","","","","자가","0","1","0","N",
"417","이용업","05_19_01_P","4251000","4251000-203-1983-00001","1983-02-11","","01","영업/정상","01","영업","","","","","033 4326646","27.23","","강원특별자치도 홍천군 홍천읍 희망리 56-2","강원특별자치도 홍천군 홍천읍 마지기로 30","25133","중앙이용소","2020-11-05 09:33:02","I","2023-06-13 00:00:00","일반이용업","278226.314073131","465945.516410905","일반이용업","1","0","0","1","0","0","3","","","","","0","0","0","N",
"418","이용업","05_19_01_P","4251000","4251000-203-1968-00001","1968-04-30","","01","영업/정상","01","영업","","","","","033 4347414","20.00","","강원특별자치도 홍천군 홍천읍 갈마곡리 432-32","강원특별자치도 홍천군 홍천읍 석화로 141-1","25125","대전이용소","2020-11-23 10:32:45","I","2023-06-13 00:00:00","일반이용업","278804.27633083","466423.865188406","일반이용업","0","0","0","0","0","0","3","","","","","0","0","0","N",
"419","이용업","05_19_01_P","4251000","4251000-203-1973-00001","1973-05-18","","01","영업/정상","01","영업","","","","","033 4330438","32.76","","강원특별자치도 홍천군 홍천읍 희망리 126-5","강원특별자치도 홍천군 홍천읍 마지기로 38-4","25133","한일이용소","2020-06-28 11:43:35","I","2023-06-13 00:00:00","일반이용업","278198.614227815","466013.28127454","일반이용업","0","0","0","0","0","0","3","","","","","0","0","0","N",
"420","이용업","05_19_01_P","4251000","4251000-203-1994-00002","1994-08-08","","01","영업/정상","01","영업","","","","","033 4346602","13.90","","강원특별자치도 홍천군 홍천읍 진리 5-10","강원특별자치도 홍천군 홍천읍 홍천로 443-19","25133","세방타운이용원","2020-11-23 10:32:25","I","2023-06-13 00:00:00","일반이용업","278666.115239178","466067.231136753","일반이용업","1","0","0","1","0","0","2","","","","","0","0","0","N",
"421","이용업","05_19_01_P","4251000","4251000-203-1996-00001","1996-03-08","","01","영업/정상","01","영업","","","","","033 4352436","26.40","","강원특별자치도 홍천군 홍천읍 진리 16-7","강원특별자치도 홍천군 홍천읍 홍천로 452","25132","형제이발관","2020-11-23 10:34:08","I","2023-06-13 00:00:00","일반이용업","278744.313496554","466060.684487159","일반이용업","0","0","0","0","0","0","3","","","","","0","0","0","N",
"422","이용업","05_19_01_P","4251000","4251000-203-1985-00004","1985-09-09","","01","영업/정상","01","영업","","","","","033 4332785","19.80","","강원특별자치도 홍천군 홍천읍 진리 36-1","강원특별자치도 홍천군 홍천읍 희망로14길 4-3","25133","부흥이용소","2020-11-05 09:29:11","I","2023-06-13 00:00:00","일반이용업","278430.339113186","466047.654380062","일반이용업","1","0","0","1","0","0","2","","","","","0","0","0","N",
"423","이용업","05_19_01_P","4251000","4251000-203-1988-00001","1988-05-25","","01","영업/정상","01","영업","","","","","033 4345577","39.60","","강원특별자치도 홍천군 홍천읍 신장대리 4-28","강원특별자치도 홍천군 홍천읍 희망로4길 20","25134","성심이용원","2020-11-23 10:33:07","I","2023-06-13 00:00:00","일반이용업","278033.784241291","465898.915124537","일반이용업","0","0","0","0","0","0","3","","","","","0","0","0","N",
"424","이용업","05_19_01_P","4251000","4251000-203-1990-00002","1990-07-18","","01","영업/정상","01","영업","","","","","033 4347351","33.00","","강원특별자치도 홍천군 홍천읍 연봉리 452-4","강원특별자치도 홍천군 홍천읍 남산강변로 28","25149","삼호이용소","2020-11-05 09:30:20","I","2023-06-13 00:00:00","일반이용업","277686.935276748","465195.624437377","일반이용업","1","0","1","1","0","0","3","","","","","0","0","0","N",
"425","이용업","05_19_01_P","4251000","4251000-203-1993-00001","1993-01-14","","01","영업/정상","01","영업","","","","","033 4348088","23.10","","강원특별자치도 홍천군 홍천읍 신장대리 43-5","강원특별자치도 홍천군 홍천읍 홍천로 361","25137","삼흥이용원","2020-11-23 10:33:50","I","2023-06-13 00:00:00","일반이용업","278059.057472549","465605.192046681","일반이용업","0","0","0","0","0","0","4","","","","","0","0","0","N",
"426","이용업","05_19_01_P","4251000","4251000-203-2013-00001","2013-04-03","","01","영업/정상","01","영업","","","","","","38.50","","강원특별자치도 홍천군 홍천읍 진리 21-2","강원특별자치도 홍천군 홍천읍 홍천로 416","25132","청솔이용원","2018-06-20 17:02:11","I","2023-06-13 00:00:00","일반이용업","278489.952669532","465835.408451459","일반이용업","1","0","1","1","0","0","4","","","","","0","0","0","N",
"427","이용업","05_19_01_P","4251000","4251000-203-2014-00002","2014-10-23","","01","영업/정상","01","영업","","","","","","5.25","","강원특별자치도 홍천군 홍천읍 갈마곡리 77-4","강원특별자치도 홍천군 홍천읍 갈마로 60","25129","암반수사우나이용소","2023-06-09 16:09:29","I","2023-06-13 00:00:00","일반이용업","279562.470283562","466190.36227153","일반이용업","0","0","2","2","0","0","1","","","","","0","1","0","N",
"428","이용업","05_19_01_P","4251000","4251000-203-1991-00010","1991-08-30","","01","영업/정상","01","영업","","","","","033 4331996","27.00","","강원특별자치도 홍천군 서석면 풍암리 472-4","강원특별자치도 홍천군 서석면 구룡령로 2527","25166","서석이용원","2019-09-24 09:56:09","I","2023-06-13 00:00:00","일반이용업","304489.971273085","468471.728694295","일반이용업","0","0","0","0","0","0","2","","","","","0","0","0","N",
"429","이용업","05_19_01_P","4251000","4251000-203-2016-00001","2016-06-14","","01","영업/정상","01","영업","","","","","","46.58","","강원특별자치도 홍천군 서면 어유포리 171-4","강원특별자치도 홍천군 서면 팔봉산로 1195","25101","머리박사이용원","2016-06-14 15:19:59","I","2023-06-13 00:00:00","일반이용업","261164.355376441","467949.70038516","일반이용업","2","0","1","1","0","0","3","","","","","0","1","0","N",
"430","이용업","05_19_01_P","4251000","4251000-203-2022-00001","2022-03-21","","01","영업/정상","01","영업","","","","","","123.12","","강원특별자치도 홍천군 홍천읍 연봉리 205","강원특별자치도 홍천군 홍천읍 연봉서로 7","25145","맥코이바버샵 (홍천점)","2022-03-21 13:18:58","I","2023-06-13 00:00:00","일반이용업","277100.76569425","464911.570761277","일반이용업","0","0","0","0","0","0","2","","","","","0","0","0","N",
"431","이용업","05_19_01_P","4251000","4251000-203-2023-00001","2023-04-27","","01","영업/정상","01","영업","","","","","","145.45","","강원특별자치도 홍천군 남면 시동리 산 112 육군제5925부대","","","탑남성컷트","2023-04-27 09:39:22","I","2023-06-13 00:00:00","일반이용업","274579.689605431","455565.373982209","일반이용업","1","0","0","0","0","0","5","","","","","0","1","0","N",
"432","이용업","05_19_01_P","4251000","4251000-203-2022-00003","2022-09-13","","01","영업/정상","01","영업","","","","","","35.40","","강원특별자치도 홍천군 홍천읍 연봉리 471-9","강원특별자치도 홍천군 홍천읍 연봉서로2길 16","25146","CARVE","2022-09-13 14:24:43","I","2023-06-13 00:00:00","일반이용업","277302.001664041","464674.026083296","일반이용업","3","0","1","1","0","0","2","","","","","0","0","0","N",
"433","이용업","05_19_01_P","4261000","4261000-203-2004-00001","2004-12-22","","01","영업/정상","01","영업","","","","","033 345 3090","46.44","","강원특별자치도 횡성군 둔내면 둔방내리 576-14","강원특별자치도 횡성군 둔내면 둔방로 26, 101호","25265","남성헤어샵","2019-12-17 14:45:45","I","2023-06-13 00:00:00","일반이용업","306872.876263838","446444.982244246","일반이용업","3","0","1","1","0","0","4","","","","임대","0","0","0","N",
"434","이용업","05_19_01_P","4261000","4261000-203-1980-00001","1980-10-15","","01","영업/정상","01","영업","","","","","033 3444971","21.00","","강원특별자치도 횡성군 횡성읍 읍상리 385-46","강원특별자치도 횡성군 횡성읍 태기로 42-2","25232","보람이발관","2012-02-23 15:26:42","I","2023-06-13 00:00:00","일반이용업","287327.1764359","443652.877811889","일반이용업","0","0","1","1","0","0","4","","","","임대","0","0","0","N",
"435","이용업","05_19_01_P","4261000","4261000-203-1981-00001","1981-02-18","","01","영업/정상","01","영업","","","","","033 3433400","33.00","","강원특별자치도 횡성군 횡성읍 읍상리 276-6","강원특별자치도 횡성군 횡성읍 문정로 34-1","25231","한일이발관","2023-11-29 16:41:59","U","2023-12-01 02:40:00","일반이용업","287224.673022613","443442.403631898","일반이용업","0","0","1","1","0","0","5","","","","임대","0","0","0","N",
"436","이용업","05_19_01_P","4261000","4261000-203-1986-00001","1986-01-04","","01","영업/정상","01","영업","","","","","033 3430416","29.93","","강원특별자치도 횡성군 횡성읍 읍상리 298-14","강원특별자치도 횡성군 횡성읍 읍상로 46","25232","성북이용원","2012-12-13 13:16:07","I","2023-06-13 00:00:00","일반이용업","287389.656854721","443517.83292741","일반이용업","0","0","1","1","0","0","2","","","","임대","0","0","0","N",
"437","이용업","05_19_01_P","4261000","4261000-203-1976-00001","1976-03-17","","01","영업/정상","01","영업","","","","","033 3426302","15.00","","강원특별자치도 횡성군 우천면 우항리 561-5","강원특별자치도 횡성군 우천면 수남로 359","25248","고려이용원","2013-01-07 11:21:29","I","2023-06-13 00:00:00","일반이용업","294201.636420362","440243.073003465","일반이용업","0","0","1","1","0","0","2","","","","자가","0","0","0","N",
"438","이용업","05_19_01_P","4261000","4261000-203-1976-00002","1976-07-26","","01","영업/정상","01","영업","","","","","033 3426317","22.00","","강원특별자치도 횡성군 우천면 우항리 583-28","강원특별자치도 횡성군 우천면 수남로 350","25248","원준식바버샾","2023-11-15 10:13:33","U","2023-11-17 02:40:00","일반이용업","294098.527439554","440248.265276436","일반이용업","0","0","2","2","0","0","3","","","","자가","0","1","0","N",
"439","이용업","05_19_01_P","4261000","4261000-203-1989-00002","1989-11-16","","01","영업/정상","01","영업","","","","","033 3424312","12.00","","강원특별자치도 횡성군 안흥면 안흥리 307-6","강원특별자치도 횡성군 안흥면 안흥시장길 14","25271","중앙이용소","2013-11-11 09:38:01","I","2023-06-13 00:00:00","일반이용업","302417.749791238","435029.701967334","일반이용업","0","0","2","2","0","0","1","","","","자가","0","1","0","N",
"440","이용업","05_19_01_P","4261000","4261000-203-1976-00003","1976-07-29","","01","영업/정상","01","영업","","","","","033 3421479","27.00","","강원특별자치도 횡성군 둔내면 자포곡리 407-11","강원특별자치도 횡성군 둔내면 둔내로 67","25264","금강이발관","2024-12-26 09:27:43","U","2024-12-28 02:40:00","일반이용업","307611.915511475","446207.227365024","일반이용업","0","0","1","1","0","0","3","","","","자가","0","0","0","N",
"441","이용업","05_19_01_P","4261000","4261000-203-1978-00001","1978-04-11","","01","영업/정상","01","영업","","","","","033 3425243","12.00","","강원특별자치도 횡성군 청일면 유동리 840-5","강원특별자치도 횡성군 청일면 유동로 33-1","25254","한양이용소","2012-02-22 15:29:10","I","2023-06-13 00:00:00","일반이용업","301686.638635556","454187.133855629","일반이용업","0","0","1","1","0","0","2","","","","자가","0","0","0","N",
"442","이용업","05_19_01_P","4261000","4261000-203-1975-00001","1975-05-12","","01","영업/정상","01","영업","","","","","033 3425221","15.00","","강원특별자치도 횡성군 청일면 유동리 881-33","강원특별자치도 횡성군 청일면 청정로 857","25254","청봉이발관","2012-02-22 15:30:22","I","2023-06-13 00:00:00","일반이용업","301725.528858278","454124.663556589","일반이용업","0","0","1","1","0","0","2","","","","자가","0","1","0","N",
"443","이용업","05_19_01_P","4261000","4261000-203-1983-00001","1983-06-17","","01","영업/정상","01","영업","","","","","033 3425422","42.24","","강원특별자치도 횡성군 서원면 창촌리 583-9","강원특별자치도 횡성군 서원면 서원로 153","25201","복지이용원","2017-04-19 09:08:43","I","2023-06-13 00:00:00","일반이용업","275070.697184512","443066.504938805","일반이용업","0","0","1","1","0","0","3","","","","임대","0","1","0","N",
"444","이용업","05_19_01_P","4261000","4261000-203-1995-00001","1995-05-04","","01","영업/정상","01","영업","","","","","033 3440711","34.40","","강원특별자치도 횡성군 횡성읍 읍상리 385-10","강원특별자치도 횡성군 횡성읍 읍상서로 19","25232","일광이발관","2012-02-22 15:40:42","I","2023-06-13 00:00:00","일반이용업","287279.589098355","443629.387317552","일반이용업","0","0","2","2","0","0","3","","","","임대","0","0","0","N",
"445","이용업","05_19_01_P","4261000","4261000-203-1996-00001","1996-12-06","","01","영업/정상","01","영업","","","","","033 3440605","21.00","","강원특별자치도 횡성군 횡성읍 읍하리 521-16","강원특별자치도 횡성군 횡성읍 읍하로 41","25222","대동이발관","2012-02-16 11:56:16","I","2023-06-13 00:00:00","일반이용업","287271.399437566","444041.195398504","일반이용업","0","0","1","1","0","0","2","","","","자가","0","1","0","N",
"446","이용업","05_19_01_P","4261000","4261000-203-1998-00001","1998-10-28","","01","영업/정상","01","영업","","","","","033 3452828","45.00","","강원특별자치도 횡성군 횡성읍 읍하리 112-64","강원특별자치도 횡성군 횡성읍 한우로 283-5","25233","길성이발관","2012-02-16 11:57:50","I","2023-06-13 00:00:00","일반이용업","287093.060644052","443475.789653905","일반이용업","0","0","1","1","0","0","3","","","","임대","0","0","0","N",
"447","이용업","05_19_01_P","4261000","4261000-203-1991-00001","1991-02-04","","01","영업/정상","01","영업","","","","","","7.25","","강원특별자치도 횡성군 횡성읍 북천리 137-1","강원특별자치도 횡성군 횡성읍 화성로 51","25222","보경사우나이용원","2019-03-06 15:58:46","I","2023-06-13 00:00:00","일반이용업","287530.35599427","444091.349444371","일반이용업","0","0","2","2","0","0","2","","","","임대","0","1","0","N",
"448","이용업","05_19_01_P","4261000","4261000-203-1993-00001","1993-03-13","","01","영업/정상","01","영업","","","","","033 3430303","9.00","","강원특별자치도 횡성군 횡성읍 읍상리 515","강원특별자치도 횡성군 횡성읍 만세공원길 19","25231","성수이용원","2019-10-31 13:14:18","I","2023-06-13 00:00:00","일반이용업","287293.979365111","443337.330328004","일반이용업","0","0","2","2","0","0","2","","","","자가","0","1","0","N",
"449","이용업","05_19_01_P","4261000","4261000-203-2003-00003","2003-08-12","","01","영업/정상","01","영업","","","","","033 3457183","50.00","","강원특별자치도 횡성군 횡성읍 읍하리 546-7","강원특별자치도 횡성군 횡성읍 읍하남로25번길 24, 1층","25222","횡성이발관","2019-07-29 12:27:23","I","2023-06-13 00:00:00","일반이용업","287413.992954389","444082.46706452","일반이용업","2","0","1","1","0","0","3","","","","임대","0","0","0","N",
"450","이용업","05_19_01_P","4261000","4261000-203-1996-00002","1996-04-16","","01","영업/정상","01","영업","","","","","033 3435169","8.20","","강원특별자치도 횡성군 횡성읍 읍상리 302-12","강원특별자치도 횡성군 횡성읍 읍상로 10","25231","완성이발관","2018-05-21 16:03:02","I","2023-06-13 00:00:00","일반이용업","287472.098616893","443191.452087314","일반이용업","0","0","1","1","0","0","3","","","","임대","1","1","0","N",
"451","이용업","05_19_01_P","4261000","4261000-203-2000-00002","2000-12-22","","01","영업/정상","01","영업","","","","","033 342 7724","13.50","","강원특별자치도 횡성군 안흥면 안흥리 301-18","강원특별자치도 횡성군 안흥면 안흥시장길 20-2","25271","스마일이용원","2023-11-29 16:41:00","U","2023-12-01 02:40:00","일반이용업","302424.372563093","435094.509912563","일반이용업","0","0","1","1","0","0","2","","","","임대","0","1","0","N",
"452","이용업","05_19_01_P","4261000","4261000-203-1989-00001","1989-12-22","","01","영업/정상","01","영업","","","","","033 3437998","35.25","","강원특별자치도 횡성군 횡성읍 읍하리 134-20","강원특별자치도 횡성군 횡성읍 문정로 12","25233","궁전이발관","2013-06-10 11:24:10","I","2023-06-13 00:00:00","일반이용업","287019.562313331","443556.920206796","일반이용업","1","0","1","1","0","0","4","","","","임대","0","1","0","N",
"453","이용업","05_19_01_P","4261000","4261000-203-2016-00001","2016-09-27","","01","영업/정상","01","영업","","","","","","48.83","","","강원특별자치도 횡성군 안흥면 안흥시장2길 15-1","","고향이발소","2016-09-27 13:47:51","I","2023-06-13 00:00:00","일반이용업","","","일반이용업","2","0","1","0","0","0","3","","","","","0","1","0","N",
"454","이용업","05_19_01_P","4261000","4261000-203-2021-00001","2021-04-12","","01","영업/정상","01","영업","","","","","","30.00","","강원특별자치도 횡성군 횡성읍 읍하리 134-26","강원특별자치도 횡성군 횡성읍 문정로 6, 1호","25233","맨헤어클럽","2021-04-12 10:21:41","I","2023-06-13 00:00:00","일반이용업","286961.867041714","443585.460497087","일반이용업","1","0","0","0","0","0","2","","","","","0","0","0","N",
"455","이용업","05_19_01_P","4261000","4261000-203-2025-00002","2025-09-09","","01","영업/정상","01","영업","","","","","","31.50","","강원특별자치도 횡성군 둔내면 둔방내리 108-7","강원특별자치도 횡성군 둔내면 경강로둔방6길 15, 1층","25265","다모 이용원","2025-09-09 14:38:39","I","2025-09-11 00:20:02","일반이용업","307236.44813556","446321.748557503","일반이용업","2","0","1","1","0","0","3","","","","임대","0","1","0","N",
"456","이용업","05_19_01_P","4261000","4261000-203-2025-00001","2025-02-04","","01","영업/정상","01","영업","","","","","","38.77","","강원특별자치도 횡성군 횡성읍 북천리 115-68","강원특별자치도 횡성군 횡성읍 북천서로7번길 16","25224","뷰티살롱","2025-02-04 10:35:38","I","2025-02-06 00:10:54","일반이용업","287585.768352528","443918.063317627","일반이용업","2","0","1","0","0","0","3","","","","임대","0","1","0","N",
"457","이용업","05_19_01_P","4271000","4271000-203-1962-00002","1962-11-30","","01","영업/정상","01","영업","","","","","033 3784473","14.50","","강원특별자치도 영월군 산솔면 녹전리 795-20","강원특별자치도 영월군 산솔면 산솔시장길 58-1","26243","산솔이용원","2023-07-05 16:44:55","U","2023-07-07 02:40:00","일반이용업","349167.997355563","406008.430410046","일반이용업","1","0","1","1","0","0","2","","","","","0","0","0","N",
"458","이용업","05_19_01_P","4271000","4271000-203-1965-00002","1965-09-09","","01","영업/정상","01","영업","","","","","033 3726797","20.00","","강원특별자치도 영월군 한반도면 쌍용리 619-3","강원특별자치도 영월군 한반도면 쌍용로 148","26214","쌍용이용원","2020-08-06 13:30:41","I","2023-06-13 00:00:00","일반이용업","317558.393295428","409726.660221263","일반이용업","1","0","1","1","0","0","3","","","","","0","0","0","N",
"459","이용업","05_19_01_P","4271000","4271000-203-1965-00001","1965-08-06","","01","영업/정상","01","영업","","","","","033 3731544","33.10","","강원특별자치도 영월군 영월읍 영흥리 995-8","강원특별자치도 영월군 영월읍 단종로16번길 45","26227","성심이용원","2020-08-06 13:29:38","I","2023-06-13 00:00:00","일반이용업","330537.92563641","410261.080499328","일반이용업","3","0","1","1","0","0","6","","","","","0","0","0","N",
"460","이용업","05_19_01_P","4271000","4271000-203-1981-00003","1981-12-15","","01","영업/정상","01","영업","","","","","3746226","17.00","","강원특별자치도 영월군 영월읍 하송리 6-3","강원특별자치도 영월군 영월읍 중앙1로 20","26236","영풍이용원","2020-05-18 17:35:47","I","2023-06-13 00:00:00","일반이용업","330101.549111844","410003.917205085","일반이용업","1","0","1","1","0","0","3","","","","","0","0","0","N",
"461","이용업","05_19_01_P","4271000","4271000-203-1982-00001","1982-03-08","","01","영업/정상","01","영업","","","","","3746311","27.36","","강원특별자치도 영월군 영월읍 덕포리 574-245","강원특별자치도 영월군 영월읍 중앙로 149","26229","로타리이용원","2020-05-18 17:31:01","I","2023-06-13 00:00:00","일반이용업","331135.224364255","409615.595103302","일반이용업","1","0","1","1","0","0","4","","","","","0","0","0","N",
"462","이용업","05_19_01_P","4271000","4271000-203-1984-00001","1984-07-19","","01","영업/정상","01","영업","","","","","3742077","35.00","","강원특별자치도 영월군 영월읍 하송리 187-1 5통","강원특별자치도 영월군 영월읍 중앙1로 23","26235","궁전이용원","2020-05-18 17:35:03","I","2023-06-13 00:00:00","일반이용업","330062.23954753","410032.025736197","일반이용업","3","1","0","0","1","1","6","","","","","0","0","0","N",
"463","이용업","05_19_01_P","4271000","4271000-203-1992-00001","1992-02-12","","01","영업/정상","01","영업","","","","","3752828","42.18","","강원특별자치도 영월군 영월읍 하송리 184-39","강원특별자치도 영월군 영월읍 하송안길 16","26235","월성이용원","2020-05-18 17:33:59","I","2023-06-13 00:00:00","일반이용업","329935.905977162","409797.106927163","일반이용업","1","0","1","1","0","0","5","","","","자가","0","0","0","N",
"464","이용업","05_19_01_P","4271000","4271000-203-1996-00001","1996-07-12","","01","영업/정상","01","영업","","","","","033 3732551","29.00","","강원특별자치도 영월군 영월읍 영흥리 912-5 6통3반","강원특별자치도 영월군 영월읍 중앙시장길 7","26236","아리랑이용원","2020-08-06 13:36:52","I","2023-06-13 00:00:00","일반이용업","330628.248612731","410047.545434584","일반이용업","1","0","1","1","0","0","0","","","","","0","0","0","N",
"465","이용업","05_19_01_P","4271000","4271000-203-2021-00002","2021-08-19","","01","영업/정상","01","영업","","","","","","51.00","","강원특별자치도 영월군 영월읍 영흥리 959-27","강원특별자치도 영월군 영월읍 단종로 21","26233","청춘이발","2021-08-19 17:18:10","I","2023-06-13 00:00:00","일반이용업","330280.151247206","410285.94889699","일반이용업","0","0","1","1","0","0","2","","","","","0","1","0","N",
"466","이용업","05_19_01_P","4271000","4271000-203-2019-00001","2019-03-21","","01","영업/정상","01","영업","","","","","","11.00","","강원특별자치도 영월군 영월읍 영흥리 947-8","강원특별자치도 영월군 영월읍 단종로 3-1, 동방프라자 6층","26233","동방이용원","2019-03-21 11:40:37","I","2023-06-13 00:00:00","일반이용업","330275.262912151","410121.384123244","일반이용업","0","0","6","0","0","0","2","","","","","0","1","0","N",
"467","이용업","05_19_01_P","4271000","4271000-203-1980-00001","1980-01-31","","01","영업/정상","01","영업","","","","","3731031","23.00","","강원특별자치도 영월군 영월읍 영흥리 947","강원특별자치도 영월군 영월읍 중앙로 27","26233","친우이용원","2020-08-06 13:34:57","I","2023-06-13 00:00:00","일반이용업","330175.54779","410095.383427933","일반이용업","3","0","1","1","0","0","4","","","","","0","0","0","N",
"468","이용업","05_19_01_P","4271000","4271000-203-1981-00001","1981-03-24","","01","영업/정상","01","영업","","","","","033 3744163","48.30","","강원특별자치도 영월군 영월읍 영흥리 901-57","강원특별자치도 영월군 영월읍 중앙로 90","26236","광성이용원","2020-05-18 17:31:34","I","2023-06-13 00:00:00","일반이용업","330796.581081341","410063.244160911","일반이용업","3","0","0","1","0","0","0","","","","","0","0","0","N",
"469","이용업","05_19_01_P","4271000","4271000-203-1981-00002","1981-06-23","","01","영업/정상","01","영업","","","","","033 3745578","35.00","","강원특별자치도 영월군 영월읍 영흥리 957-8","강원특별자치도 영월군 영월읍 단종로 44-1","26227","선광이용원","2020-05-18 17:32:28","I","2023-06-13 00:00:00","일반이용업","330123.078072787","410437.624505662","일반이용업","2","0","1","1","0","0","0","","","","","0","0","0","N",
"470","이용업","05_19_01_P","4271000","4271000-203-2007-00001","2007-10-10","","01","영업/정상","01","영업","","","","","033 378 2503","13.60","","강원특별자치도 영월군 상동읍 구래리 102-58","강원특별자치도 영월군 상동읍 구래로 206-39","26248","상동이용원","2020-08-06 14:49:18","I","2023-06-13 00:00:00","일반이용업","363413.093022488","406252.039017467","일반이용업","1","0","0","0","0","0","2","","","","임대","0","0","0","N",
"471","이용업","05_19_01_P","4271000","4271000-203-2003-00003","2003-08-28","","01","영업/정상","01","영업","","","","","033 3723267","24.00","","강원특별자치도 영월군 주천면 주천리 1142","강원특별자치도 영월군 주천면 주천로 72","26203","준이용원","2020-08-06 13:37:52","I","2023-06-13 00:00:00","일반이용업","312341.724074548","419393.990423946","일반이용업","1","0","1","1","0","0","0","","","","임대","0","0","0","N",
"472","이용업","05_19_01_P","4271000","4271000-203-2024-00001","2024-06-18","","01","영업/정상","01","영업","","","","","","24.43","","강원특별자치도 영월군 주천면 주천리 1236-2","강원특별자치도 영월군 주천면 주천로84번길 2","26203","커트전문점","2024-06-19 10:03:21","I","2024-06-21 00:14:08","일반이용업","312381.381349122","419468.324185744","일반이용업","1","0","0","0","0","0","2","","","","임대","0","1","0","N",
"473","이용업","05_19_01_P","4281000","4281000-203-1969-00001","1969-05-05","","01","영업/정상","01","영업","","","","","332 3308","22.96","","강원특별자치도 평창군 평창읍 하리 51-5","강원특별자치도 평창군 평창읍 평창시장2길 21","25376","동진이용소","2023-07-21 10:38:42","U","2023-07-23 02:40:00","일반이용업","323530.140367811","430304.441041027","일반이용업","0","0","1","1","0","0","3","","","","임대","0","1","0","N",
"474","이용업","05_19_01_P","4281000","4281000-203-1974-00003","1974-04-30","","01","영업/정상","01","영업","","","","","3342244","22.82","","강원특별자치도 평창군 미탄면 창리 773-8","강원특별자치도 평창군 미탄면 미탄중앙로 74","25382","현대이용소","2016-05-13 00:00:59","I","2023-06-13 00:00:00","일반이용업","332904.940655711","427601.235978448","일반이용업","0","0","0","0","0","0","0","","","","","0","0","0","N",
"475","이용업","05_19_01_P","4281000","4281000-203-1978-00002","1978-04-18","","01","영업/정상","01","영업","","","","","033 3321569","10.73","","강원특별자치도 평창군 대화면 신리 585-1","강원특별자치도 평창군 대화면 하송빈1길 9","25354","새마을이용소","2019-03-26 20:07:34","I","2023-06-13 00:00:00","일반이용업","328582.547009472","449217.505167053","일반이용업","1","0","1","0","0","0","2","","","","자가","0","1","0","N",
"476","이용업","05_19_01_P","4281000","4281000-203-1984-00001","1984-03-05","","01","영업/정상","01","영업","","","","","3321501","40.54","","강원특별자치도 평창군 대화면 대화리 1012-7 대화터미널 1층","강원특별자치도 평창군 대화면 대화3길 10, 대화터미널 1층","25358","대일이용소","2019-03-26 20:17:05","I","2023-06-13 00:00:00","일반이용업","328405.635678765","445215.980214741","일반이용업","3","1","1","1","0","0","3","","","","임대","0","1","0","N",
"477","이용업","05_19_01_P","4281000","4281000-203-1974-00004","1974-09-16","","01","영업/정상","01","영업","","","","","3324536","17.50","","강원특별자치도 평창군 용평면 장평리 338","강원특별자치도 평창군 용평면 경강로 1652","25315","장평이용소","2023-07-19 17:45:11","U","2023-07-21 02:40:00","일반이용업","324919.355594483","454637.996946139","일반이용업","3","1","1","1","0","0","3","","","","임대","0","1","0","N",
"478","이용업","05_19_01_P","4281000","4281000-203-1968-00001","1968-04-15","","01","영업/정상","01","영업","","","","","3356278","28.81","","강원특별자치도 평창군 진부면 하진부리 118-5","강원특별자치도 평창군 진부면 진부중앙로 54","25332","진부이용소","2019-03-25 20:56:48","I","2023-06-13 00:00:00","일반이용업","337448.323220567","460471.298915703","일반이용업","0","0","0","0","0","0","3","","","","임대","0","1","0","N",
"479","이용업","05_19_01_P","4281000","4281000-203-1974-00005","1974-04-15","","01","영업/정상","01","영업","","","","","335 6988","12.00","","강원특별자치도 평창군 진부면 하진부리 117-8","강원특별자치도 평창군 진부면 진부중앙로 62","25332","시민이용소","2020-01-03 10:00:14","I","2023-06-13 00:00:00","일반이용업","337499.574199918","460526.236451689","일반이용업","0","0","1","1","0","0","3","","","","임대","0","0","0","N",
"480","이용업","05_19_01_P","4281000","4281000-203-1975-00001","1975-04-03","","01","영업/정상","01","영업","","","","","3356055","28.35","","강원특별자치도 평창군 진부면 하진부리 100-3","강원특별자치도 평창군 진부면 진부중앙로 70-1","25332","대원이용소","2020-01-03 09:58:49","I","2023-06-13 00:00:00","일반이용업","337552.565973331","460607.15865252","일반이용업","3","0","1","1","0","0","2","","","","","0","1","0","N",
"481","이용업","05_19_01_P","4281000","4281000-203-1984-00002","1984-11-17","","01","영업/정상","01","영업","","","","","033 3366013","77.58","","강원특별자치도 평창군 대관령면 횡계리 318-3","강원특별자치도 평창군 대관령면 대관령로 118","25346","대성이용소","2024-05-28 17:39:25","U","2024-05-30 02:40:00","일반이용업","350675.85058291","464627.133064322","일반이용업","3","1","1","1","0","0","2","","","","임대","0","0","0","N",
"482","이용업","05_19_01_P","4281000","4281000-203-1990-00001","1990-07-28","","01","영업/정상","01","영업","","","","","033 332 3064","22.05","","강원특별자치도 평창군 미탄면 창리 277-4","강원특별자치도 평창군 미탄면 새터길 6","25382","백림이발관","2023-12-01 11:11:51","U","2023-12-03 02:40:00","일반이용업","332806.517676646","427738.137827869","일반이용업","0","0","1","1","0","0","2","","","","임대","0","1","0","N",
"483","이용업","05_19_01_P","4281000","4281000-203-1992-00001","1992-07-16","","01","영업/정상","01","영업","","","","","3350310","28.12","","강원특별자치도 평창군 봉평면 창동리 270-7","강원특별자치도 평창군 봉평면 기풍로 111, 1층","25304","맨 컷","2025-07-07 14:50:04","U","2025-07-09 02:40:00","일반이용업","321593.878180176","457579.036950541","일반이용업","2","0","2","2","0","0","3","","","","임대","0","1","0","N",
"484","이용업","05_19_01_P","4281000","4281000-203-1992-00002","1992-12-24","","01","영업/정상","01","영업","","","","","3356249","22.75","","강원특별자치도 평창군 봉평면 창동리 357-6","강원특별자치도 평창군 봉평면 기풍로 152","25303","봉평이용소","2020-01-02 14:40:00","I","2023-06-13 00:00:00","일반이용업","321601.492625041","457993.370874909","일반이용업","0","0","0","0","1","0","3","","","","임대","0","1","0","N",
"485","이용업","05_19_01_P","4281000","4281000-203-1994-00001","1994-04-02","","01","영업/정상","01","영업","","","","","333 3638","26.81","","강원특별자치도 평창군 평창읍 하리 58-46","강원특별자치도 평창군 평창읍 문화길 72","25376","중앙이용소","2020-01-02 13:11:19","I","2023-06-13 00:00:00","일반이용업","323399.691660046","430330.172082445","일반이용업","0","0","1","1","0","0","3","","","","임대","0","1","0","N",
"486","이용업","05_19_01_P","4281000","4281000-203-1999-00001","1999-06-10","","01","영업/정상","01","영업","","","","","033 334 3123","28.29","","강원특별자치도 평창군 평창읍 하리 137-3","강원특별자치도 평창군 평창읍 백오로 73","25376","성심이용원","2020-01-02 11:56:45","I","2023-06-13 00:00:00","일반이용업","323415.853374144","430445.294200648","일반이용업","0","0","1","1","0","0","2","","","","임대","0","1","0","N",
"487","이용업","05_19_01_P","4281000","4281000-203-1986-00001","1986-12-03","","01","영업/정상","01","영업","","","","","333 2828","21.83","","강원특별자치도 평창군 평창읍 중리 316-16","강원특별자치도 평창군 평창읍 백오로 146-10","25375","궁전이발관","2019-03-26 18:43:35","I","2023-06-13 00:00:00","일반이용업","323818.413566452","430392.089623841","일반이용업","1","0","1","0","0","0","3","","","","자가","0","1","0","N",
"488","이용업","05_19_01_P","4281000","4281000-203-2009-00001","2009-06-18","","01","영업/정상","01","영업","","","","","335 8320","38.24","","강원특별자치도 평창군 진부면 하진부리 105-10 외1필지 102호","강원특별자치도 평창군 진부면 청송로 111, 102호 (외 1필지)","25332","성신이용소","2020-01-03 10:02:17","I","2023-06-13 00:00:00","일반이용업","337535.15009131","460486.407933118","일반이용업","3","0","1","1","0","0","3","","","","임대","0","1","0","N",
"489","이용업","05_19_01_P","4291000","4291000-203-2011-00001","2011-03-02","","01","영업/정상","01","영업","","","","","","5.60","","강원특별자치도 정선군 신동읍 예미리 758-2","강원특별자치도 정선군 신동읍 예미1길 11","26142","복지관이용소","2016-09-22 10:29:19","I","2023-06-13 00:00:00","일반이용업","345705.348527692","413553.68434485","일반이용업","2","0","0","0","0","0","1","","","","임대","0","0","0","N",
"490","이용업","05_19_01_P","4291000","4291000-203-2008-00002","2008-07-15","","01","영업/정상","01","영업","","","","","033 591 3874","21.00","","강원특별자치도 정선군 남면 무릉리 484-21","강원특별자치도 정선군 남면 무릉1로 101","26146","태양이발관","2017-11-14 18:04:34","I","2023-06-13 00:00:00","일반이용업","357525.072384029","417410.397256206","일반이용업","0","0","1","1","0","0","2","","","","임대","0","1","0","N",
"491","이용업","05_19_01_P","4291000","4291000-203-2008-00003","2008-07-16","","01","영업/정상","01","영업","","","","","033 591 6685","27.00","","강원특별자치도 정선군 고한읍 고한리 39-13","강원특별자치도 정선군 고한읍 고한9길 20","26155","명심이발관","2019-12-04 15:20:32","I","2023-06-13 00:00:00","일반이용업","365092.171969001","412158.9431236","일반이용업","1","0","1","1","0","0","2","","","","","0","1","0","N",
"492","이용업","05_19_01_P","4291000","4291000-203-1994-00003","1994-08-08","","01","영업/정상","01","영업","","","","","033 5920084","20.21","","강원특별자치도 정선군 사북읍 사북리 317-29","강원특별자치도 정선군 사북읍 사북중앙로 71-1, 1층","26150","서울복지이발관","2022-07-22 15:33:21","I","2023-06-13 00:00:00","일반이용업","361689.457867329","415485.073031374","일반이용업","0","0","0","0","0","0","3","","","","","0","0","0","N",
"493","이용업","05_19_01_P","4291000","4291000-203-2022-00001","2022-11-04","","01","영업/정상","01","영업","","","","","","42.97","","강원특별자치도 정선군 신동읍 조동리 200-3","강원특별자치도 정선군 신동읍 함백로 321","26141","신명이용소","2022-11-04 11:42:56","I","2023-06-13 00:00:00","일반이용업","348125.553366541","413914.402243114","일반이용업","1","0","0","0","0","0","2","","","","임대","0","0","1","N",
"494","이용업","05_19_01_P","4291000","4291000-203-2018-00002","2018-08-20","","01","영업/정상","01","영업","","","","","","28.00","","강원특별자치도 정선군 신동읍 예미리 718-14","강원특별자치도 정선군 신동읍 의림로 277-1","26138","신세계이발관","2020-05-12 13:12:27","I","2023-06-13 00:00:00","일반이용업","345872.597294637","414020.270200494","일반이용업","1","0","1","1","0","0","3","","","","","0","0","0","N",
"495","이용업","05_19_01_P","4291000","4291000-203-2018-00003","2018-10-19","","01","영업/정상","01","영업","","","","","","15.67","","강원특별자치도 정선군 고한읍 고한리 142 메이힐리조트","강원특별자치도 정선군 고한읍 물한리길 8, 메이힐리조트 3층","26155","메이힐즈 커트실","2018-10-19 10:00:15","I","2023-06-13 00:00:00","일반이용업","362830.993425228","413767.741591068","일반이용업","0","0","3","0","0","0","2","","","","임대","0","1","0","N",
"496","이용업","05_19_01_P","4291000","4291000-203-1968-00001","1968-03-21","","01","영업/정상","01","영업","","","","","033 5621244","18.62","","강원특별자치도 정선군 정선읍 봉양리 219-1","강원특별자치도 정선군 정선읍 정선로 1325","26131","신진이용소","2014-01-21 15:17:49","I","2023-06-13 00:00:00","일반이용업","347052.944715466","432115.568265576","일반이용업","2","0","1","1","0","0","2","","","","자가","0","0","0","N",
"497","이용업","05_19_01_P","4291000","4291000-203-1982-00001","1982-09-06","","01","영업/정상","01","영업","","","","","033 5631366","21.00","","강원특별자치도 정선군 정선읍 봉양리 330-8","강원특별자치도 정선군 정선읍 정선로 1336","26131","강릉이용소","2014-01-21 15:52:20","I","2023-06-13 00:00:00","일반이용업","347163.656691264","432112.074100201","일반이용업","1","0","1","1","0","0","3","","","","임대","0","0","0","N",
"498","이용업","05_19_01_P","4291000","4291000-203-1989-00001","1989-11-28","","01","영업/정상","01","영업","","","","","033 5630333","35.00","","강원특별자치도 정선군 정선읍 봉양리 349-17","강원특별자치도 정선군 정선읍 정선로 1359","26130","제일이용소","2025-06-18 14:01:49","U","2025-06-20 02:40:00","일반이용업","347407.963774948","432177.729993487","일반이용업","1","0","1","1","0","0","3","","","","자가","0","0","0","N",
"499","이용업","05_19_01_P","4291000","4291000-203-1983-00002","1983-12-03","","01","영업/정상","01","영업","","","","","033 5625434","25.90","","강원특별자치도 정선군 정선읍 애산리 432-65","강원특별자치도 정선군 정선읍 녹송로 107","26128","연일이용소","2014-01-21 15:19:41","I","2023-06-13 00:00:00","일반이용업","347893.450166275","432913.698748843","일반이용업","1","0","1","1","0","0","2","","","","자가","0","0","0","N",
"500","이용업","05_19_01_P","4291000","4291000-203-1985-00002","1985-12-26","","01","영업/정상","01","영업","","","","","033 5625409","52.17","","강원특별자치도 정선군 정선읍 봉양리 398-19","강원특별자치도 정선군 정선읍 비봉로 47-1","26129","동아이용소","2019-03-06 14:43:15","I","2023-06-13 00:00:00","일반이용업","347276.884592048","432319.813945592","일반이용업","1","0","1","1","0","0","4","","","","임대","0","0","0","N",
"501","이용업","05_19_01_P","4291000","4291000-203-1983-00003","1983-07-06","","01","영업/정상","01","영업","","","","","033 5923008","24.75","","강원특별자치도 정선군 고한읍 고한리 96-31 18통3반","강원특별자치도 정선군 고한읍 고한2길 51","26155","영주이용소","2017-11-13 20:19:05","I","2023-06-13 00:00:00","일반이용업","364324.037315042","412806.620061332","일반이용업","2","0","1","1","0","0","2","","","","자가","0","0","0","N",
"502","이용업","05_19_01_P","4291000","4291000-203-1988-00001","1988-06-05","","01","영업/정상","01","영업","","","","","033 5627056","16.20","","강원특별자치도 정선군 여량면 여량리 264-1","강원특별자치도 정선군 여량면 여량3길 46","26106","역전이용소","2014-01-21 16:11:19","I","2023-06-13 00:00:00","일반이용업","352314.373101659","442473.983523216","일반이용업","1","0","1","1","0","0","3","","","","임대","0","0","0","N",
"503","이용업","05_19_01_P","4291000","4291000-203-1998-00004","1998-12-23","","01","영업/정상","01","영업","","","","","033 5628676","28.90","","강원특별자치도 정선군 임계면 송계리 770-4","강원특별자치도 정선군 임계면 서동로 4565","26110","문화이용소","2025-09-10 13:44:21","U","2025-09-12 02:40:00","일반이용업","363638.358336105","445202.256633372","일반이용업","3","0","1","1","0","0","3","","","","임대","0","0","0","N",
"504","이용업","05_19_01_P","4291000","4291000-203-2001-00007","2001-09-04","","01","영업/정상","01","영업","","","","","033 5622232","56.10","","강원특별자치도 정선군 임계면 송계리 701-4","강원특별자치도 정선군 임계면 송계2길 16","26110","대영이용소","2014-01-21 16:12:57","I","2023-06-13 00:00:00","일반이용업","363649.397937195","445332.001323027","일반이용업","3","0","1","1","0","0","3","","","","임대","0","0","0","N",
"505","이용업","05_19_01_P","4291000","4291000-203-2025-00001","2025-02-26","","01","영업/정상","01","영업","","","","","","33.00","","강원특별자치도 정선군 여량면 여량리 114-3","강원특별자치도 정선군 여량면 서동로 2927-1, 1층","26106","여량 이발소","2025-02-26 15:20:21","I","2025-02-28 00:10:36","일반이용업","352522.447549757","442496.859396293","일반이용업","0","0","1","0","0","0","2","","","","","0","1","0","N",
"506","이용업","05_19_01_P","4301000","4301000-203-1987-00002","1987-12-30","","01","영업/정상","01","영업","","","","","033 4583521","22.05","","강원특별자치도 철원군 서면 와수리 1147-6","강원특별자치도 철원군 서면 와수로173번길 14","24059","현대이발관","2023-01-13 14:18:34","I","2023-06-13 00:00:00","일반이용업","238243.999476256","526325.692262535","일반이용업","0","0","0","0","0","0","0","","","","","0","0","0","N",
"507","이용업","05_19_01_P","4301000","4301000-203-1992-00001","1992-04-20","","01","영업/정상","01","영업","","","","","033 4525119","10.05","","강원특별자치도 철원군 갈말읍 신철원리 682-15 1통2반","강원특별자치도 철원군 갈말읍 삼부연로 21","24042","현대이발관","2023-01-13 14:49:28","I","2023-06-13 00:00:00","일반이용업","227132.583939774","515906.924438717","일반이용업","0","0","0","0","0","0","0","","","","","0","0","0","N",
"508","이용업","05_19_01_P","4301000","4301000-203-1992-00002","1992-07-29","","01","영업/정상","01","영업","","","","","033 4558301","15.30","","강원특별자치도 철원군 동송읍 이평리 853-23","강원특별자치도 철원군 동송읍 금학로 239-2","24012","대우이발관","2023-01-13 14:05:39","I","2023-06-13 00:00:00","일반이용업","218914.081409383","523005.353766294","일반이용업","0","0","0","0","0","0","0","","","","","0","0","0","N",
"509","이용업","05_19_01_P","4301000","4301000-203-1993-00001","1993-03-03","","01","영업/정상","01","영업","","","","","033 4525518","14.88","","강원특별자치도 철원군 갈말읍 신철원리 708-6","강원특별자치도 철원군 갈말읍 삼부연로18번길 7-10","24049","은하이발관","2023-01-13 13:48:18","I","2023-06-13 00:00:00","일반이용업","227138.655704641","515826.204712086","일반이용업","0","0","0","0","0","0","0","","","","","0","0","0","N",
"510","이용업","05_19_01_P","4301000","4301000-203-1972-00002","1972-03-29","","01","영업/정상","01","영업","","","","","033 458 5967","28.01","","강원특별자치도 철원군 서면 와수리 1173-5","강원특별자치도 철원군 서면 와수로 177-2","24059","미광이발관","2023-01-13 14:19:01","I","2023-06-13 00:00:00","일반이용업","238340.791415215","526368.63444679","일반이용업","2","0","1","1","0","0","0","","","","임대","0","1","0","N",
"511","이용업","05_19_01_P","4301000","4301000-203-1998-00005","1998-02-25","","01","영업/정상","01","영업","","","","","033 4523737","21.95","","강원특별자치도 철원군 갈말읍 신철원리 642-12 외1필지(712-1)","강원특별자치도 철원군 갈말읍 삼부연로 28","24049","회산이발관","2023-01-13 14:49:46","I","2023-06-13 00:00:00","일반이용업","227206.912374343","515896.994587843","일반이용업","0","0","1","0","0","0","2","","","","임대","0","0","0","N",
"512","이용업","05_19_01_P","4301000","4301000-203-2014-00003","2014-08-29","","01","영업/정상","01","영업","","","","","","13.00","","강원특별자치도 철원군 철원읍 화지리 1001","강원특별자치도 철원군 철원읍 금학로256번길 18-2","24008","태봉이발관","2019-02-26 13:59:09","I","2023-06-13 00:00:00","일반이용업","219047.528620697","523169.538157176","일반이용업","3","0","1","0","0","0","2","","","","임대","0","1","0","N",
"513","이용업","05_19_01_P","4301000","4301000-203-2019-00001","2019-07-26","","01","영업/정상","01","영업","","","","","033 455 9953","26.40","","강원특별자치도 철원군 동송읍 이평리 678-45 김미영프로네일","강원특별자치도 철원군 동송읍 이평로47번길 9, 1층","24015","옻 안타는 천연염색&두피","2025-08-20 09:18:23","U","2025-08-22 02:40:00","이용업 기타","219121.601532484","522945.211799342","이용업 기타","2","0","1","1","0","0","2","","","","임대","0","0","0","N",
"514","이용업","05_19_01_P","4301000","4301000-203-2020-00001","2020-11-20","","01","영업/정상","01","영업","","","","","","24.00","","강원특별자치도 철원군 김화읍 학사리 211-1 김화 부동산 중개 사무소","강원특별자치도 철원군 김화읍 김화로 605, 김화 부동산 중개 사무소","24054","문화이발관","2020-11-20 17:13:27","I","2023-06-13 00:00:00","일반이용업","236636.268670339","527455.659602357","일반이용업","0","0","0","0","0","0","3","","","","","0","0","0","N",
"515","이용업","05_19_01_P","4301000","4301000-203-2000-00001","2000-05-19","","01","영업/정상","01","영업","","","","","033 4560117","18.30","","강원특별자치도 철원군 동송읍 이평리 655-3","강원특별자치도 철원군 동송읍 이평로 46","24011","명동이발관","2021-08-11 19:08:19","I","2023-06-13 00:00:00","일반이용업","219101.806879251","523012.531637688","일반이용업","0","0","0","0","0","0","0","","","","","0","0","0","N",
"516","이용업","05_19_01_P","4301000","4301000-203-1994-00002","1994-12-13","","01","영업/정상","01","영업","","","","","033 4582820","36.00","","강원특별자치도 철원군 서면 자등리 736-7","강원특별자치도 철원군 서면 신술1길 19","24062","동남이용원","2023-01-13 13:43:16","I","2023-06-13 00:00:00","일반이용업","236141.536871008","518016.727207963","일반이용업","0","0","1","1","0","0","3","","","","임대","0","0","0","N",
"517","이용업","05_19_01_P","4301000","4301000-203-1964-00001","1964-07-08","","01","영업/정상","01","영업","","","","","033 4522856","34.65","","강원특별자치도 철원군 갈말읍 문혜리 1107-1","강원특별자치도 철원군 갈말읍 두루미로 114","24031","중앙이발관","2023-01-13 14:01:40","I","2023-06-13 00:00:00","일반이용업","227945.819715141","520410.037922924","일반이용업","1","0","1","1","0","0","3","","","","임대","0","0","0","N",
"518","이용업","05_19_01_P","4301000","4301000-203-1970-00001","1970-07-28","","01","영업/정상","01","영업","","","","","033 4523316","29.60","","강원특별자치도 철원군 갈말읍 신철원리 600-35 1통5반","강원특별자치도 철원군 갈말읍 삼부연로 12","24049","현이발관","2021-08-11 15:07:00","I","2023-06-13 00:00:00","일반이용업","227033.426468591","515845.060329352","일반이용업","0","0","0","0","0","0","0","","","","","0","0","0","N",
"519","이용업","05_19_01_P","4301000","4301000-203-1972-00001","1972-04-12","","01","영업/정상","01","영업","","","","","033 4583293","20.60","","강원특별자치도 철원군 서면 자등리 774-8 3통4반","강원특별자치도 철원군 서면 신술3길 1","24062","진복이발관","2023-01-13 13:42:31","I","2023-06-13 00:00:00","일반이용업","236294.082867163","518319.037331135","일반이용업","0","0","0","0","0","0","0","","","","","0","0","0","N",
"520","이용업","05_19_01_P","4301000","4301000-203-1979-00001","1979-07-21","","01","영업/정상","01","영업","","","","","033 4556389","24.45","","강원특별자치도 철원군 동송읍 이평리 729-10 2통3반","강원특별자치도 철원군 동송읍 금학로 140, 1층","24017","이평이발관","2023-01-13 14:25:51","I","2023-06-13 00:00:00","일반이용업","219364.939295181","522100.575048773","일반이용업","1","0","0","0","0","0","2","","","","자가","0","0","0","N",
"521","이용업","05_19_01_P","4301000","4301000-203-1982-00001","1982-04-09","","01","영업/정상","01","영업","","","","","033 4555760","20.10","","강원특별자치도 철원군 동송읍 이평리 705-32 8통4반","강원특별자치도 철원군 동송읍 금학로 191-1","24018","대도이발관","2022-06-14 15:00:28","I","2023-06-13 00:00:00","일반이용업","219135.946834989","522583.690740821","일반이용업","0","0","0","0","0","0","0","","","","","0","0","0","N",
"522","이용업","05_19_01_P","4301000","4301000-203-1982-00002","1982-08-02","","01","영업/정상","01","영업","","","","","033 4555242","18.00","","강원특별자치도 철원군 동송읍 이평리 852-15 마동제3호","강원특별자치도 철원군 동송읍 금학로229번길 9-1","24014","현대이발관","2021-08-11 14:43:35","I","2023-06-13 00:00:00","일반이용업","218898.869624036","522821.885088557","일반이용업","0","0","0","0","0","0","0","","","","","0","0","0","N",
"523","이용업","05_19_01_P","4301000","4301000-203-1984-00001","1984-05-17","","01","영업/정상","01","영업","","","","","033 4556990","24.40","","강원특별자치도 철원군 철원읍 화지리 28-15","강원특별자치도 철원군 철원읍 금학로 254","24008","중앙이발관","2012-02-10 14:34:38","I","2023-06-13 00:00:00","일반이용업","218886.79650563","523136.743331127","일반이용업","0","0","0","0","0","0","0","","","","","0","0","0","N",
"524","이용업","05_19_01_P","4301000","4301000-203-1985-00001","1985-09-23","","01","영업/정상","01","영업","","","","","033 4580136","18.62","","강원특별자치도 철원군 김화읍 청양리 2051 5통3반","강원특별자치도 철원군 김화읍 청양로 90","24029","은광이발관","2023-01-13 13:37:30","I","2023-06-13 00:00:00","일반이용업","230648.244299751","525899.808112857","일반이용업","0","0","0","0","0","0","0","","","","","0","0","0","N",
"525","이용업","05_19_01_P","4301000","4301000-203-2015-00001","2015-02-26","","01","영업/정상","01","영업","","","","","033 455 1720","45.87","","강원특별자치도 철원군 동송읍 이평리 712-3","강원특별자치도 철원군 동송읍 금학로 165","24020","굿.맨","2021-05-18 15:47:25","I","2023-06-13 00:00:00","일반이용업","219234.754832964","522338.793540375","일반이용업","1","0","1","0","0","0","3","","","","임대","0","0","0","N",
"526","이용업","05_19_01_P","4301000","4301000-203-1986-00001","1986-10-13","","01","영업/정상","01","영업","","","","","033 452 4036","20.60","","강원특별자치도 철원군 갈말읍 신철원리 674-2","강원특별자치도 철원군 갈말읍 삼부연로17번길 3-5","24042","천우헤어샵","2023-01-13 13:56:38","I","2023-06-13 00:00:00","일반이용업","227057.801055983","515901.937309589","일반이용업","0","0","0","0","0","0","0","","","","자가","0","0","0","N",
"527","이용업","05_19_01_P","4301000","4301000-203-1996-00002","1996-12-24","","01","영업/정상","01","영업","","","","","","20.44","","강원특별자치도 철원군 서면 와수리 1140-34","강원특별자치도 철원군 서면 와수로 157","24059","정현이발관","2023-01-13 13:39:41","I","2023-06-13 00:00:00","일반이용업","238224.939951015","526165.261077219","일반이용업","0","0","0","0","0","0","0","","","","","0","0","0","N",
"528","이용업","05_19_01_P","4311000","4311000-203-2023-00002","2023-07-21","","01","영업/정상","01","영업","","","","","","52.20","","강원특별자치도 화천군 사내면 삼일리 177-12","","","15사단 이발소","2023-07-26 10:27:12","U","2023-07-28 02:40:00","일반이용업","245961.127355875","505937.703313741","일반이용업","0","0","0","0","0","0","1","","","","임대","0","0","0","N",
"529","이용업","05_19_01_P","4311000","4311000-203-2000-00014","2000-01-12","","01","영업/정상","01","영업","","","","","033 4423004","0.00","","강원특별자치도 화천군 상서면 산양리 505-1","강원특별자치도 화천군 상서면 영서로 7732","24101","산양이용소","2020-11-23 11:17:01","I","2023-06-13 00:00:00","일반이용업","258021.035953847","523043.375960037","일반이용업","2","0","1","1","0","0","2","","","","","0","0","0","N",
"530","이용업","05_19_01_P","4311000","4311000-203-2000-00015","2000-01-12","","01","영업/정상","01","영업","","","","","033 4417135","0.00","","강원특별자치도 화천군 상서면 다목리 500-1","강원특별자치도 화천군 상서면 수피령로 1300-1","24104","다목이용소","2020-11-23 11:16:35","I","2023-06-13 00:00:00","일반이용업","246686.681925105","519341.962717212","일반이용업","1","0","1","1","0","0","2","","","","","0","0","0","N",
"531","이용업","05_19_01_P","4311000","4311000-203-2000-00017","2000-01-12","","01","영업/정상","01","영업","","","","","033 4411098","25.00","","강원특별자치도 화천군 사내면 사창리 456-1","강원특별자치도 화천군 사내면 사내로 38-1","24154","미림이용소","2020-11-23 11:38:23","I","2023-06-13 00:00:00","일반이용업","245692.221038567","507755.115933924","일반이용업","1","0","1","1","0","0","3","","","","","0","0","0","N",
"532","이용업","05_19_01_P","4311000","4311000-203-2008-00001","2008-08-25","","01","영업/정상","01","영업","","","","","","36.30","","강원특별자치도 화천군 화천읍 하리 43-80","강원특별자치도 화천군 화천읍 상승로 52","24123","산수화이발관","2008-08-25 14:26:34","I","2023-06-13 00:00:00","일반이용업","261757.085332405","511634.203536896","일반이용업","3","0","1","1","0","0","4","","","","","0","0","0","N",
"533","이용업","05_19_01_P","4311000","4311000-203-2000-00001","2000-01-12","","01","영업/정상","01","영업","","","","","033 4422314","0.00","","강원특별자치도 화천군 화천읍 상리 00 3통1반","강원특별자치도 화천군 화천읍 상승로 79-2","24117","황금이발관","2021-04-26 14:42:02","I","2023-06-13 00:00:00","일반이용업","261803.195484488","511903.918304647","일반이용업","2","0","1","1","0","0","4","","","","","0","0","0","N",
"534","이용업","05_19_01_P","4311000","4311000-203-2012-00001","2012-02-08","","01","영업/정상","01","영업","","","","","","22.00","","강원특별자치도 화천군 사내면 사창리 422-7","강원특별자치도 화천군 사내면 사내로 14","24154","남성헤어컷","2016-12-27 09:51:17","I","2023-06-13 00:00:00","일반이용업","245826.260562768","507652.783659748","일반이용업","2","0","1","1","0","0","2","","","","임대","0","0","0","N",
"535","이용업","05_19_01_P","4311000","4311000-203-2023-00001","2023-02-24","","01","영업/정상","01","영업","","","","","","56.24","","강원특별자치도 화천군 화천읍 하리 101-28 2층","강원특별자치도 화천군 화천읍 상승로 45, 2층","24121","맥코이 바버샵","2025-03-10 10:33:49","U","2025-03-12 02:40:00","일반이용업","261698.377479394","511589.957284681","일반이용업","0","0","0","0","0","0","2","","","","임대","0","0","0","N",
"536","이용업","05_19_01_P","4311000","4311000-203-2010-00001","2010-01-07","","01","영업/정상","01","영업","","","","","033 442 8828","42.82","","강원특별자치도 화천군 화천읍 하리 44-37","강원특별자치도 화천군 화천읍 중앙로 12","24129","금성 바버샵","2020-11-23 11:18:18","I","2023-06-13 00:00:00","일반이용업","261799.675115232","511537.373104735","일반이용업","1","0","1","0","0","0","4","","","","임대","0","0","0","N",
"537","이용업","05_19_01_P","4311000","4311000-203-2021-00001","2021-08-12","","01","영업/정상","01","영업","","","","","","26.25","","강원특별자치도 화천군 사내면 사창리 454-5","강원특별자치도 화천군 사내면 사내로4길 7, 1층","24154","사내이발관","2021-08-18 17:13:38","I","2023-06-13 00:00:00","일반이용업","245683.979285965","507827.497248193","일반이용업","0","0","0","0","0","0","0","","","","","0","0","0","N",
"538","이용업","05_19_01_P","4311000","4311000-203-2022-00003","2022-11-01","","01","영업/정상","01","영업","","","","","","15.30","","강원특별자치도 화천군 사내면 사창리 452-3","강원특별자치도 화천군 사내면 사내로7길 2","24155","우리이발관","2022-11-01 09:50:38","I","2023-06-13 00:00:00","일반이용업","245616.781507798","507829.131442628","일반이용업","0","0","0","0","0","0","2","","","","임대","0","1","0","N",
"539","이용업","05_19_01_P","4311000","4311000-203-2025-00001","2025-02-27","","01","영업/정상","01","영업","","","","","","55.77","","강원특별자치도 화천군 화천읍 중리 264-22","강원특별자치도 화천군 화천읍 상승로 84-1","24117","님부스 바버샵","2025-02-27 15:55:10","I","2025-03-01 00:10:37","일반이용업","261818.639140284","511946.59285295","일반이용업","1","0","0","0","0","0","1","","","","임대","0","1","0","N",
"540","이용업","05_19_01_P","4321000","4321000-203-1988-00001","1988-11-11","","01","영업/정상","01","영업","","","","","033 4814630","15.16","","강원특별자치도 양구군 양구읍 상리 272-5","강원특별자치도 양구군 양구읍 중앙길 25","24533","신진이용소","2013-11-19 17:57:00","I","2023-06-13 00:00:00","일반이용업","286708.970188844","511961.304378215","일반이용업","3","0","1","0","0","0","2","","","","임대","0","1","0","N",
"541","이용업","05_19_01_P","4321000","4321000-203-1973-00001","1973-04-21","","01","영업/정상","01","영업","","","","","033 4822057","14.48","","강원특별자치도 양구군 양구읍 상리 333-5","강원특별자치도 양구군 양구읍 사명길 108-13","24525","양구이용소","2014-05-27 16:39:23","I","2023-06-13 00:00:00","일반이용업","286654.297910519","512054.252289354","일반이용업","1","0","1","0","0","0","3","","","","","0","0","0","N",
"542","이용업","05_19_01_P","4321000","4321000-203-1999-00002","1999-09-14","","01","영업/정상","01","영업","","","","","033 4822854","169.74","","강원특별자치도 양구군 양구읍 상리 509-12","강원특별자치도 양구군 양구읍 양록길23번길 12-11","24527","오성이용소","2014-01-09 13:17:54","I","2023-06-13 00:00:00","일반이용업","286401.595","512107.32","일반이용업","1","0","1","0","0","0","0","","","","","0","0","0","N",
"543","이용업","05_19_01_P","4321000","4321000-203-2008-00002","2008-07-21","","01","영업/정상","01","영업","","","","","033 481 5678","19.44","","강원특별자치도 양구군 방산면 현리 17-5","강원특별자치도 양구군 방산면 장거리길 15","24502","방산 이용원","2016-05-16 15:26:41","I","2023-06-13 00:00:00","일반이용업","283024.880184281","523283.64729333","일반이용업","2","0","2","1","0","0","2","","","","","0","0","0","N",
"544","이용업","05_19_01_P","4321000","4321000-203-2014-00001","2014-09-19","","01","영업/정상","01","영업","","","","","033 481 6025","16.80","","강원특별자치도 양구군 양구읍 상리 250-10","강원특별자치도 양구군 양구읍 장터길 6","24534","정중앙 이발관","2016-05-16 15:27:12","I","2023-06-13 00:00:00","이용업 기타","286865.013016897","511665.831073231","이용업 기타","0","0","0","0","0","0","2","","","","","0","0","0","N",
"545","이용업","05_19_01_P","4321000","4321000-203-2003-00001","2003-05-14","","01","영업/정상","01","영업","","","","","033 482 3511","19.80","","강원특별자치도 양구군 양구읍 상리 227-80","강원특별자치도 양구군 양구읍 사명길 64, 1층","24532","양지이발관","2025-01-09 13:58:23","U","2025-01-11 02:40:00","일반이용업","286625.973331072","511818.415692619","일반이용업","3","0","1","0","0","0","1","","","","임대","0","0","0","N",
"546","이용업","05_19_01_P","4321000","4321000-203-1965-00001","1965-07-27","","01","영업/정상","01","영업","","","","","033 4813559","33.81","","강원특별자치도 양구군 양구읍 상리 334-16","강원특별자치도 양구군 양구읍 사명길 99","24526","으뜸이발","2016-11-18 16:40:43","I","2023-06-13 00:00:00","일반이용업","286605.993282287","512005.164674266","일반이용업","2","0","2","2","0","0","1","","","","","0","0","0","N",
"547","이용업","05_19_01_P","4321000","4321000-203-2022-00001","2022-10-26","","01","영업/정상","01","영업","","","","","","26.40","","강원특별자치도 양구군 양구읍 상리 227-7","강원특별자치도 양구군 양구읍 중앙길 26","24532","노벨바버샵 양구점","2024-03-05 09:56:49","U","2024-03-07 02:40:00","일반이용업","286683.59903301","511963.73875361","일반이용업","1","0","0","0","0","0","2","","","","","0","1","0","N",
"548","이용업","05_19_01_P","4321000","4321000-203-2024-00001","2024-07-24","","01","영업/정상","01","영업","","","","","","43.00","","강원특별자치도 양구군 양구읍 상리 227-129","강원특별자치도 양구군 양구읍 사명길 84-9, 1층","24532","284 BarBershop","2024-07-24 10:08:02","I","2024-07-26 00:14:27","일반이용업","286670.129770697","511929.392915412","일반이용업","3","0","1","0","0","0","2","","","","","0","1","0","N",
"549","이용업","05_19_01_P","4331000","4331000-203-2014-00002","2014-04-23","","01","영업/정상","01","영업","","","","","033 461 8085","30.00","","강원특별자치도 인제군 서화면 천도리 594-4","강원특별자치도 인제군 서화면 천도로 88","24603","천도리 이용원","2024-05-02 10:27:40","U","2024-05-04 02:40:00","일반이용업","305677.091907993","524818.598646309","일반이용업","0","0","0","0","0","0","2","","","","임대","0","0","0","N",
"550","이용업","05_19_01_P","4331000","4331000-203-2021-00001","2021-05-31","","01","영업/정상","01","영업","","","","","033 4340180","39.00","","강원특별자치도 인제군 북면 원통리 711-27","강원특별자치도 인제군 북면 원통로147번길 26-2, 1층","24612","율`s 바버샵","2023-02-02 18:01:08","I","2023-06-13 00:00:00","일반이용업","305423.372553622","513987.18757384","일반이용업","1","0","1","0","0","0","3","","","","임대","1","0","0","N",
"551","이용업","05_19_01_P","4331000","4331000-203-1970-00006","1970-12-22","","01","영업/정상","01","영업","","","","","033 461 0237","","","강원특별자치도 인제군 인제읍 상동리 361-10","강원특별자치도 인제군 인제읍 비봉로5번길 7","24635","용궁이용소","2023-05-10 17:12:29","I","2023-06-13 00:00:00","일반이용업","302842.940577251","508003.789005989","일반이용업","0","0","0","0","0","0","0","","","","","0","0","0","N",
"552","이용업","05_19_01_P","4331000","4331000-203-2008-00001","2008-04-24","","01","영업/정상","01","영업","","","","","033 463 4133","46.00","","강원특별자치도 인제군 남면 신남리 398-6","강원특별자치도 인제군 남면 신남로 63, 1층 1호","24648","대화","2020-01-28 15:02:18","I","2023-06-13 00:00:00","일반이용업","294821.945141881","496764.973283218","일반이용업","2","0","1","1","0","0","4","","","","임대","0","0","0","N",
"553","이용업","05_19_01_P","4331000","4331000-203-2004-00002","2004-02-10","","01","영업/정상","01","영업","","","","","461 1207","44.20","","강원특별자치도 인제군 인제읍 상동리 256-1","강원특별자치도 인제군 인제읍 비봉로15번길 4","24635","명동이용소","2024-12-17 10:15:13","U","2024-12-19 02:40:00","일반이용업","302906.061419226","507881.818471707","일반이용업","0","0","0","0","0","0","0","","","","","0","0","0","N",
"554","이용업","05_19_01_P","4331000","4331000-203-1977-00003","1977-05-13","","01","영업/정상","01","영업","","","","","461 5523","21.00","","강원특별자치도 인제군 기린면 현리 855-7","강원특별자치도 인제군 기린면 내린천로 3895-1","24662","태양이용소","2023-02-02 17:45:49","I","2023-06-13 00:00:00","일반이용업","315491.136218165","494474.994467357","일반이용업","0","0","0","0","0","0","0","","","","","0","0","0","N",
"555","이용업","05_19_01_P","4331000","4331000-203-2004-00001","2004-01-28","","01","영업/정상","01","영업","","","","","033 4615454","31.69","","강원특별자치도 인제군 북면 원통리 731-2","강원특별자치도 인제군 북면 원통로147번길 21","24612","봉쥬르이용소","2023-02-02 17:57:48","I","2023-06-13 00:00:00","일반이용업","305362.796689218","513969.059265439","일반이용업","3","0","1","1","0","0","3","","","","임대","0","0","0","N",
"556","이용업","05_19_01_P","4331000","4331000-203-2003-00003","2002-01-09","","01","영업/정상","01","영업","","","","","461 3970","0.00","","강원특별자치도 인제군 북면 원통리 656-24","강원특별자치도 인제군 북면 원통로147번길 38-1","24612","명동이용소","2023-05-10 17:27:29","I","2023-06-13 00:00:00","일반이용업","305507.890032278","514076.519935158","일반이용업","0","0","0","0","0","0","0","","","","","0","0","0","N",
"557","이용업","05_19_01_P","4331000","4331000-203-1967-00001","1967-08-16","","01","영업/정상","01","영업","","","","","033461 2757","0.00","","강원특별자치도 인제군 인제읍 합강리 299-14","강원특별자치도 인제군 인제읍 인제로 289","24628","합강이용소","2023-05-10 17:06:59","I","2023-06-13 00:00:00","일반이용업","303518.543656005","508577.651400943","일반이용업","0","0","0","0","0","0","0","","","","","0","0","0","N",
"558","이용업","05_19_01_P","4331000","4331000-203-1976-00001","1976-04-08","","01","영업/정상","01","영업","","","","","033 4612785","0.00","","강원특별자치도 인제군 인제읍 합강리 356-10","강원특별자치도 인제군 인제읍 인제로 242-1","24637","명로이용소","2023-05-10 17:21:53","I","2023-06-13 00:00:00","일반이용업","303179.766580694","508246.098371947","일반이용업","0","0","0","0","0","0","0","","","","","0","0","0","N",
"559","이용업","05_19_01_P","4331000","4331000-203-1970-00003","1970-03-02","","01","영업/정상","01","영업","","","","","","23.10","","강원특별자치도 인제군 남면 신남리 361-12","강원특별자치도 인제군 남면 신남로54번길 9","24650","중앙이용소","2023-02-02 17:36:08","I","2023-06-13 00:00:00","일반이용업","294873.34756779","496626.764073816","일반이용업","0","0","0","0","0","0","0","","","","","0","0","0","N",
"560","이용업","05_19_01_P","4331000","4331000-203-1970-00004","1970-01-28","","01","영업/정상","01","영업","","","","","033 4613662","48.39","","강원특별자치도 인제군 북면 원통리 713-4","강원특별자치도 인제군 북면 원통로 162, 1층","24619","평화이용소","2023-02-02 17:37:45","I","2023-06-13 00:00:00","일반이용업","305421.729930849","513874.200504662","일반이용업","0","0","0","0","0","0","3","","","","","0","0","0","N",
"561","이용업","05_19_01_P","4331000","4331000-203-1980-00001","1980-08-11","","01","영업/정상","01","영업","","","","","033 461 3742","0.00","","강원특별자치도 인제군 북면 원통리 468-95","강원특별자치도 인제군 북면 원통로230번길 11-8","24616","제주이용소","2023-05-10 17:22:54","I","2023-06-13 00:00:00","일반이용업","306070.083651635","514165.076088788","일반이용업","0","0","0","0","0","0","0","","","","","0","0","0","N",
"562","이용업","05_19_01_P","4331000","4331000-203-1972-00001","1972-09-28","","01","영업/정상","01","영업","","","","","033461 5408","0.00","","강원특별자치도 인제군 기린면 현리 636","강원특별자치도 인제군 기린면 내린천로 4030-4","24659","중앙이용소","2023-05-10 17:14:04","I","2023-06-13 00:00:00","일반이용업","315732.619737891","495610.012943776","일반이용업","0","0","0","0","0","0","0","","","","","0","0","0","N",
"563","이용업","05_19_01_P","4331000","4331000-203-1978-00001","1978-07-14","","01","영업/정상","01","영업","","","","","033 462 4443","68.20","","강원특별자치도 인제군 서화면 천도리 567-1","강원특별자치도 인제군 서화면 천도로 144-1, 1층","24601","대성헤어샵","2023-02-02 17:54:04","I","2023-06-13 00:00:00","일반이용업","305902.258450392","525346.2090791","일반이용업","1","0","1","1","0","0","4","","","","임대","0","0","0","N",
"564","이용업","05_19_01_P","4331000","4331000-203-1963-00001","1963-05-19","","01","영업/정상","01","영업","","","","","033461 9186","20.00","","강원특별자치도 인제군 남면 신남리 361-24","강원특별자치도 인제군 남면 신남로58번길 3","24649","현대이용원","2023-02-02 17:32:18","I","2023-06-13 00:00:00","일반이용업","294839.032688915","496679.996335409","일반이용업","0","0","0","0","0","0","0","","","","","0","0","0","N",
"565","이용업","05_19_01_P","4331000","4331000-203-2024-00001","2024-04-12","","01","영업/정상","01","영업","","","","","","19.44","","강원특별자치도 인제군 북면 월학리 559-7 12사단 통합막사","","","장병이발소(12사단)","2025-10-20 16:12:16","U","2025-10-23 02:40:00","일반이용업","305450.32243723","517827.344467145","일반이용업","3","0","1","1","0","0","2","","","","","0","1","0","N",
"566","이용업","05_19_01_P","4331000","4331000-203-2023-00001","2023-11-03","","01","영업/정상","01","영업","","","","","","45.00","","강원특별자치도 인제군 인제읍 상동리 298-16","강원특별자치도 인제군 인제읍 인제로 174","24632","본 바버샵","2023-11-03 15:44:12","I","2023-11-05 00:17:22","일반이용업","302605.423703301","507863.230401439","일반이용업","1","0","1","1","0","0","2","","","","임대","0","1","0","N",
"567","이용업","05_19_01_P","4341000","4341000-203-1999-00001","1999-12-14","","01","영업/정상","01","영업","","","","","6320046","16.50","","강원특별자치도 고성군 토성면 아야진리 39-8","강원특별자치도 고성군 토성면 아야진해변길 81-1","24756","중앙이용소","2011-11-09 15:02:42","I","2023-06-13 00:00:00","일반이용업","336081.149441095","531082.518034835","일반이용업","0","0","0","0","0","0","0","","","","","0","0","0","N",
"568","이용업","05_19_01_P","4341000","4341000-203-2011-00001","2011-04-04","","01","영업/정상","01","영업","","","","","","25.45","","강원특별자치도 고성군 현내면 대진리 137-8","강원특별자치도 고성군 현내면 한나루로 122-1","24704","영미이용소","2013-03-18 09:20:03","I","2023-06-13 00:00:00","일반이용업","324263.002409753","556041.710073681","일반이용업","2","0","1","0","0","0","3","","","","임대","0","0","0","N",
"569","이용업","05_19_01_P","4341000","4341000-203-2021-00002","2021-11-18","","01","영업/정상","01","영업","","","","","","79.02","","강원특별자치도 고성군 토성면 성대리 380-2 건물(병영생활관)","","","용사이발소","2021-11-18 16:21:40","I","2023-06-13 00:00:00","일반이용업","331932.740679636","527392.805804193","일반이용업","0","0","0","0","0","0","3","","","","임대","0","1","0","N",
"570","이용업","05_19_01_P","4341000","4341000-203-2003-00002","2003-02-24","","01","영업/정상","01","영업","","","","","033 6374735","56.00","","강원특별자치도 고성군 토성면 봉포리 40-9 캔싱턴리조트","강원특별자치도 고성군 토성면 동해대로 4800, 캔싱턴리조트 1층","24765","설악헤어샵","2023-05-10 10:37:07","I","2023-06-13 00:00:00","일반이용업","337573.921465005","527804.865006998","일반이용업","0","0","0","0","0","0","2","","","","","0","0","0","N",
"571","이용업","05_19_01_P","4341000","4341000-203-1974-00001","1974-03-20","","01","영업/정상","01","영업","","","","","033 6814353","29.64","","강원특별자치도 고성군 간성읍 신안리 263-22 제일이용소","강원특별자치도 고성군 간성읍 간성시장2길 8","24735","제일이용소","2022-11-15 10:18:03","I","2023-06-13 00:00:00","일반이용업","328377.820962301","542871.420563831","일반이용업","0","0","1","1","0","0","0","","","","","0","0","0","N",
"572","이용업","05_19_01_P","4341000","4341000-203-1960-00002","1960-10-21","","01","영업/정상","01","영업","","","","","6326142","19.25","","강원특별자치도 고성군 토성면 천진리 26 1통","강원특별자치도 고성군 토성면 토성로 158","24764","양덕이용소","2011-11-02 17:26:37","I","2023-06-13 00:00:00","일반이용업","336286.868793316","529566.181064652","일반이용업","0","0","0","0","0","0","0","","","","","0","0","0","N",
"573","이용업","05_19_01_P","4341000","4341000-203-1972-00001","1972-05-30","","01","영업/정상","01","영업","","","","","6823866","26.00","","강원특별자치도 고성군 거진읍 거진리 262-4","강원특별자치도 고성군 거진읍 거진길 53-1","24711","한일이용소","2012-02-15 17:35:18","I","2023-06-13 00:00:00","일반이용업","327029.499047094","550485.577388945","일반이용업","0","0","0","0","0","0","0","","","","","0","0","0","N",
"574","이용업","05_19_01_P","4341000","4341000-203-1969-00001","1969-02-21","","01","영업/정상","01","영업","","","","","033 6320154","18.00","","강원특별자치도 고성군 죽왕면 오호리 319","강원특별자치도 고성군 죽왕면 동해대로 5899","24747","영화이용소","2011-11-09 15:02:15","I","2023-06-13 00:00:00","일반이용업","333202.370650214","537280.121558836","일반이용업","0","0","0","0","0","0","0","","","","","0","0","0","N",
"575","이용업","05_19_01_P","4341000","4341000-203-1971-00001","1971-08-09","","01","영업/정상","01","영업","","","","","6821649","28.60","","강원특별자치도 고성군 거진읍 거진리 158-86","강원특별자치도 고성군 거진읍 거탄진로 151-1","24714","중앙이용소","2011-11-09 15:09:20","I","2023-06-13 00:00:00","일반이용업","327110.105885423","550435.559119087","일반이용업","0","0","0","0","0","0","0","","","","","0","0","0","N",
"576","이용업","05_19_01_P","4341000","4341000-203-1973-00002","1973-01-12","","01","영업/정상","01","영업","","","","","6820355","19.37","","강원특별자치도 고성군 현내면 초도리 44-3","강원특별자치도 고성군 현내면 한나루로 169","24703","철원이용소","2011-11-09 15:22:36","I","2023-06-13 00:00:00","일반이용업","324110.054112333","556430.211283262","일반이용업","0","0","0","0","0","0","0","","","","","0","0","0","N",
"577","이용업","05_19_01_P","4341000","4341000-203-1973-00003","1973-03-02","","01","영업/정상","01","영업","","","","","6328165","23.00","","강원특별자치도 고성군 토성면 아야진리 163","강원특별자치도 고성군 토성면 아야진길 59","24756","현대이용소","2011-11-09 15:21:59","I","2023-06-13 00:00:00","일반이용업","335965.784962924","531191.702484653","일반이용업","0","0","0","0","0","0","0","","","","","0","0","0","N",
"578","이용업","05_19_01_P","4341000","4341000-203-1973-00004","1973-11-21","","01","영업/정상","01","영업","","","","","6822919","15.50","","강원특별자치도 고성군 거진읍 거진리 287-132","강원특별자치도 고성군 거진읍 거탄진로 124","24713","대지이용소","2018-11-23 10:30:04","I","2023-06-13 00:00:00","일반이용업","326940.539842221","550194.304732934","일반이용업","0","0","0","0","0","0","0","","","","","0","0","0","N",
"579","이용업","05_19_01_P","4341000","4341000-203-1973-00005","1973-12-13","","01","영업/정상","01","영업","","","","","6821322","17.39","","강원특별자치도 고성군 거진읍 거진리 306-5","강원특별자치도 고성군 거진읍 거진길 31","24715","신시대이용소","2011-11-09 15:19:56","I","2023-06-13 00:00:00","일반이용업","326900.416135891","550297.613964656","일반이용업","0","0","0","0","0","0","0","","","","","0","0","0","N",
"580","이용업","05_19_01_P","4341000","4341000-203-1975-00001","1975-01-24","","01","영업/정상","01","영업","","","","","033 6824057","28.56","","강원특별자치도 고성군 거진읍 거진리 155-96","강원특별자치도 고성군 거진읍 거진길 72","24714","화진이용소","2011-11-09 15:12:33","I","2023-06-13 00:00:00","일반이용업","327175.148006585","550563.873427534","일반이용업","0","0","0","0","0","0","0","","","","","0","0","0","N",
"581","이용업","05_19_01_P","4341000","4341000-203-1981-00001","1981-12-08","","01","영업/정상","01","영업","","","","","6814033","15.84","","강원특별자치도 고성군 거진읍 대대리 300-6","강원특별자치도 고성군 거진읍 대대3길 7-1","24725","신흥이용소","2011-11-09 15:12:08","I","2023-06-13 00:00:00","일반이용업","327405.44345756","543808.861016389","일반이용업","0","0","0","0","0","0","0","","","","","0","0","0","N",
"582","이용업","05_19_01_P","4351000","4351000-203-1985-00001","1985-07-30","","01","영업/정상","01","영업","","","","","033 6715031","22.80","","강원특별자치도 양양군 강현면 주청리 4","강원특별자치도 양양군 강현면 일출로 14","25009","강릉이용소","2021-07-16 13:49:22","I","2023-06-13 00:00:00","일반이용업","342857.006578917","514093.584300455","일반이용업","0","0","0","0","0","0","0","","","","","0","0","0","N",
"583","이용업","05_19_01_P","4351000","4351000-203-1972-00003","1972-12-05","","01","영업/정상","01","영업","","","","","033 6715068","23.10","","강원특별자치도 양양군 강현면 물치리 66-15","강원특별자치도 양양군 강현면 물치1길 27","25061","강현이용소","2021-07-16 13:47:35","I","2023-06-13 00:00:00","일반이용업","340835.481338369","518066.347948487","일반이용업","0","0","0","0","0","0","3","","","","","0","0","0","N",
"584","이용업","05_19_01_P","4351000","4351000-203-2007-00001","2007-02-27","","01","영업/정상","01","영업","","","","","033672 4771","23.98","","강원특별자치도 양양군 양양읍 연창리 142-1","강원특별자치도 양양군 양양읍 관아길 26-12","","한마음이용소","2023-05-22 10:24:37","I","2023-06-13 00:00:00","일반이용업","342508.561852119","509798.314204977","일반이용업","3","1","1","1","0","0","2","","","","임대","0","0","0","N",
"585","이용업","05_19_01_P","4351000","4351000-203-1970-00001","1970-08-20","","01","영업/정상","01","영업","","","","","033 6724136","19.83","","강원특별자치도 양양군 손양면 하왕도리 165-2","강원특별자치도 양양군 손양면 손중로 175-1","25044","손양이용소","2021-07-16 13:47:15","I","2023-06-13 00:00:00","일반이용업","344087.264522538","507410.284735268","일반이용업","0","0","0","0","0","0","0","","","","","0","0","0","N",
"586","이용업","05_19_01_P","4351000","4351000-203-1971-00002","1971-06-25","","01","영업/정상","01","영업","","","","","033 6713828","19.80","","강원특별자치도 양양군 양양읍 남문리 62-4","강원특별자치도 양양군 양양읍 남문5길 11-6","25030","남진이용소","2021-07-16 13:45:25","I","2023-06-13 00:00:00","일반이용업","342355.090486207","509201.429124078","일반이용업","0","0","0","0","0","0","0","","","","","0","0","0","N",
"587","이용업","05_19_01_P","4351000","4351000-203-1984-00005","1984-11-12","","01","영업/정상","01","영업","","","","","033 6716055","18.15","","강원특별자치도 양양군 현남면 인구리 14-4","강원특별자치도 양양군 현남면 인구중앙길 58","25053","죽도이용소","2021-07-16 13:48:55","I","2023-06-13 00:00:00","일반이용업","354641.522712083","497809.941827621","일반이용업","0","0","0","0","0","0","0","","","","","0","0","0","N",
"588","이용업","05_19_01_P","4351000","4351000-203-1989-00001","1989-12-09","","01","영업/정상","01","영업","","","","","033 671 0512","49.58","","강원특별자치도 양양군 양양읍 남문리 135-2","강원특별자치도 양양군 양양읍 양양로 90","25024","제일이용소","2021-07-16 13:49:45","I","2023-06-13 00:00:00","일반이용업","342024.635854176","509186.160768876","일반이용업","0","0","0","0","0","0","0","","","","","0","0","0","N",
"589","이용업","05_19_01_P","4351000","4351000-203-1990-00001","1990-12-01","","01","영업/정상","01","영업","","","","","033 6721175","17.50","","강원특별자치도 양양군 현북면 하광정리 155","강원특별자치도 양양군 현북면 조준길 7","25047","현대이용소","2021-07-16 13:50:27","I","2023-06-13 00:00:00","일반이용업","351386.849438742","503261.652501913","일반이용업","0","0","0","0","0","0","0","","","","","0","0","0","N",
"590","이용업","05_19_01_P","4351000","4351000-203-1992-00003","1992-05-14","","01","영업/정상","01","영업","","","","","033 671 4383","33.00","","강원특별자치도 양양군 양양읍 남문리 72-5 외 1필지","강원특별자치도 양양군 양양읍 남문7길 7-7","25030","영진이용소","2021-07-16 13:50:52","I","2023-06-13 00:00:00","일반이용업","342276.22421349","509234.805146123","일반이용업","0","0","0","0","0","0","0","","","","","0","0","0","N",
"591","이용업","05_19_01_P","4351000","4351000-203-1998-00003","1998-10-01","","01","영업/정상","01","영업","","","","","033 6711233","61.71","","강원특별자치도 양양군 양양읍 남문리 68-5","강원특별자치도 양양군 양양읍 남문7길 11-6","25030","하나이용소","2019-06-07 12:24:53","I","2023-06-13 00:00:00","일반이용업","342306.303764313","509181.511064136","일반이용업","0","0","0","0","0","0","3","","","","","0","0","0","N",
"592","이용업","05_19_01_P","4351000","4351000-203-2017-00001","2017-09-07","","01","영업/정상","01","영업","","","","","","22.75","","강원특별자치도 양양군 서면 상평리 38-8","강원특별자치도 양양군 서면 들돌길 15","25035","서면이용소","2018-08-03 16:12:01","I","2023-06-13 00:00:00","일반이용업","339073.411219537","508739.959931172","일반이용업","1","0","1","0","0","0","1","","","","임대","0","1","0","N",
"593","이용업","05_19_01_P","4181000","4181000-203-1965-00003","1965-11-06","","03","폐업","02","폐업","2024-06-28","","","","033 2411036","30.00","","강원특별자치도 춘천시 효자동 662-19","강원특별자치도 춘천시 효자로 107 (효자동)","24336","성일이용소","2024-06-28 15:13:15","U","2024-06-30 02:40:00","일반이용업","264456.990798536","485793.01432069","일반이용업","0","0","1","0","0","0","3","","","","","0","0","0","N",
"594","이용업","05_19_01_P","4181000","4181000-203-1968-00001","1968-05-24","","03","폐업","02","폐업","2020-03-23","","","","033 262 3078","13.00","","강원특별자치도 춘천시 남산면 강촌리 372","","","강촌이용소","2020-03-23 14:33:52","I","2023-06-13 00:00:00","일반이용업","","","일반이용업","0","0","0","0","0","0","2","","","","","0","0","0","N",
"595","이용업","05_19_01_P","4181000","4181000-203-1971-00006","1971-10-13","","03","폐업","02","폐업","2003-11-28","","","","033 2629016","0.00","","강원특별자치도 춘천시 효자동 326","","","성원헤어숍","2003-07-30 00:00:00","I","2023-06-13 00:00:00","일반이용업","264761.806664374","484884.422296453","일반이용업","0","0","0","0","0","0","0","","","","","0","0","0","N",
"596","이용업","05_19_01_P","4181000","4181000-203-1973-00001","1973-05-21","","03","폐업","02","폐업","2001-04-17","","","","033 2615445","0.00","","강원특별자치도 춘천시 석사동 769-12","","","초롱이용소","2002-08-28 00:00:00","I","2023-06-13 00:00:00","일반이용업","265715.367149213","484666.549316362","일반이용업","0","0","0","0","0","0","0","","","","","0","0","0","N",
"597","이용업","05_19_01_P","4181000","4181000-203-1975-00002","1975-12-29","","03","폐업","02","폐업","2008-03-11","","","","033 2538690","28.00","","강원특별자치도 춘천시 퇴계동 1018","","","스마일이발관","2007-09-21 10:11:22","I","2023-06-13 00:00:00","일반이용업","265346.955057411","483293.365700144","일반이용업","0","0","1","1","0","0","3","","","","","0","0","0","N",
"598","이용업","05_19_01_P","4181000","4181000-203-1976-00002","1976-12-07","","03","폐업","02","폐업","2025-03-28","","","","033 2515604","23.00","","강원특별자치도 춘천시 운교동 185-5","강원특별자치도 춘천시 서부대성로 122 (운교동)","24349","길성이용원","2025-03-28 11:52:24","U","2025-03-30 02:40:00","일반이용업","264489.332995749","486490.811604619","일반이용업","0","0","0","0","0","0","0","","","","","0","0","0","N",
"599","이용업","05_19_01_P","4181000","4181000-203-1980-00005","1980-10-13","","03","폐업","02","폐업","2001-10-09","","","","033 2525307","0.00","","강원특별자치도 춘천시 후평동 79-2 현대목욕탕내","","","아담이용소","2002-08-28 00:00:00","I","2023-06-13 00:00:00","일반이용업","265989.505861467","486673.745743944","일반이용업","0","0","0","0","0","0","0","","","","","0","0","0","N",
"600","이용업","05_19_01_P","4181000","4181000-203-1981-00001","1981-04-21","","03","폐업","02","폐업","2010-06-01","","","","033 2563562","0.00","","강원특별자치도 춘천시 온의동 544-4","","","정성이용소","2003-07-24 00:00:00","I","2023-06-13 00:00:00","일반이용업","263239.684860094","484426.344193616","일반이용업","0","0","0","0","0","0","0","","","","","0","0","0","N",
"601","이용업","05_19_01_P","4181000","4181000-203-1981-00003","1981-05-25","","03","폐업","02","폐업","2008-02-12","","","","033 2439991","0.00","","강원특별자치도 춘천시 퇴계동 35 효신목욕탕내","","","효신이용소","2003-07-30 00:00:00","I","2023-06-13 00:00:00","일반이용업","265271.487913204","482556.063412975","일반이용업","0","0","0","0","0","0","0","","","","","0","0","0","N",
"602","이용업","05_19_01_P","4181000","4181000-203-1981-00007","1981-10-13","","03","폐업","02","폐업","2001-12-07","","","","033 2524078","0.00","","강원특별자치도 춘천시 근화동 291-14 291-15,16","","","하나이용소","2002-08-28 00:00:00","I","2023-06-13 00:00:00","일반이용업","263293.94434189","485769.909800239","일반이용업","0","0","0","0","0","0","0","","","","","0","0","0","N",
"603","이용업","05_19_01_P","4181000","4181000-203-1982-00001","1982-09-30","","03","폐업","02","폐업","2009-09-14","","","","033 2541378","0.00","","강원특별자치도 춘천시 퇴계동 910","","","박성규이용소","2003-07-24 00:00:00","I","2023-06-13 00:00:00","일반이용업","263820.181848402","484410.579598224","일반이용업","0","0","0","0","0","0","0","","","","","0","0","0","N",
"604","이용업","05_19_01_P","4181000","4181000-203-1985-00008","1985-09-04","","03","폐업","02","폐업","2016-05-23","","","","033 2535308","28.49","","강원특별자치도 춘천시 후평동 678","강원특별자치도 춘천시 춘천로256번길 1, 후평동동 678호 (후평동)","24292","대인이발관","2013-06-10 15:06:48","I","2023-06-13 00:00:00","일반이용업","265219.001347855","486553.238778369","일반이용업","0","0","1","0","0","0","3","","","","임대","1","0","0","N",
"605","이용업","05_19_01_P","4181000","4181000-203-1986-00002","1986-02-19","","03","폐업","02","폐업","2012-11-21","","","","033 2432601","127.60","","강원특별자치도 춘천시 효자동 684-6","","","로타리이용원","2008-03-10 09:31:52","I","2023-06-13 00:00:00","일반이용업","263735.312100835","485571.579999296","일반이용업","3","1","0","0","1","3","4","","","","","0","0","0","N",
"606","이용업","05_19_01_P","4181000","4181000-203-1987-00001","1987-03-30","","03","폐업","02","폐업","2012-12-04","","","","","0.00","","강원특별자치도 춘천시 약사동 152-13","강원특별자치도 춘천시 공지로 396-1 (약사동)","","정아이발소","2011-11-29 13:31:50","I","2023-06-13 00:00:00","일반이용업","263576.190328847","485767.266252369","일반이용업","0","0","0","0","0","0","0","","","","","0","0","0","N",
"607","이용업","05_19_01_P","4181000","4181000-203-1988-00005","1988-03-19","","03","폐업","02","폐업","2006-08-28","","","","","0.00","","강원특별자치도 춘천시 효자동 667-6","","","병무이용소","2003-07-24 00:00:00","I","2023-06-13 00:00:00","일반이용업","264347.606001093","485588.668923513","일반이용업","0","0","0","0","0","0","0","","","","","0","0","0","N",
"608","이용업","05_19_01_P","4181000","4181000-203-1990-00006","1990-02-12","","03","폐업","02","폐업","2001-04-14","","","","033 2614536","0.00","","강원특별자치도 춘천시 후평동 481 주공A 5단지상가","","","황실이용소","2002-08-28 00:00:00","I","2023-06-13 00:00:00","일반이용업","265726.30589084","486074.183143946","일반이용업","0","0","0","0","0","0","0","","","","","0","0","0","N",
"609","이용업","05_19_01_P","4181000","4181000-203-1990-00007","1990-10-18","","03","폐업","02","폐업","1999-03-25","","","","033 2564034","0.00","","강원특별자치도 춘천시 후평동 883-9","","","성삼이용소","2002-08-28 00:00:00","I","2023-06-13 00:00:00","일반이용업","266656.607390085","485991.656428383","일반이용업","0","0","0","0","0","0","0","","","","","0","0","0","N",
"610","이용업","05_19_01_P","4181000","4181000-203-1992-00014","1992-07-28","","03","폐업","02","폐업","2001-12-14","","","","033 2512140","58.63","","강원특별자치도 춘천시 요선동 18-3","","","대우이용소","2002-08-29 00:00:00","I","2023-06-13 00:00:00","일반이용업","263934.159559403","486751.977542347","일반이용업","0","0","0","0","0","0","4","","","","","0","0","0","N",
"611","이용업","05_19_01_P","4181000","4181000-203-1992-00011","1992-11-21","","03","폐업","02","폐업","2004-07-12","","","","033 2573267","21.28","","강원특별자치도 춘천시 후평동 864 한신A상가 지층1호","","","여원이용소","2003-07-30 00:00:00","I","2023-06-13 00:00:00","일반이용업","266022.138692276","485853.561417576","일반이용업","0","0","0","0","0","0","5","","","","","0","0","0","N",
"612","이용업","05_19_01_P","4181000","4181000-203-1993-00008","1993-05-21","","03","폐업","02","폐업","2002-01-24","","","","033 2414051","0.00","","강원특별자치도 춘천시 효자동 685-7","","","유광이용소","2002-08-29 00:00:00","I","2023-06-13 00:00:00","일반이용업","263928.375990516","485456.118922232","일반이용업","0","0","0","0","0","0","0","","","","","0","0","0","N",
"613","이용업","05_19_01_P","4181000","4181000-203-1993-00003","1993-07-12","","03","폐업","02","폐업","2007-02-13","","","","033 2513948","47.96","","강원특별자치도 춘천시 요선동 18-14","","","뉴설악이발관","2005-04-26 00:00:00","I","2023-06-13 00:00:00","일반이용업","263904.388963209","486752.853708752","일반이용업","0","0","0","0","0","0","5","","","","","0","0","0","N",
"614","이용업","05_19_01_P","4181000","4181000-203-1994-00008","1994-05-07","","03","폐업","02","폐업","2000-03-23","","","","033 2579353","0.00","","강원특별자치도 춘천시 요선동 4-9","","","무림이용소","2002-08-29 00:00:00","I","2023-06-13 00:00:00","일반이용업","264031.06629739","487005.67164652","일반이용업","0","0","0","0","0","0","0","","","","","0","0","0","N",
"615","이용업","05_19_01_P","4181000","4181000-203-1995-00007","1995-01-20","","03","폐업","02","폐업","1997-07-22","","","","033 2539147","28.35","","강원특별자치도 춘천시 근화동 741-6","","","홍원이용소","2002-08-29 00:00:00","I","2023-06-13 00:00:00","일반이용업","262715.405290699","486720.103867211","일반이용업","0","1","0","0","0","0","0","","","","","0","0","0","N",
"616","이용업","05_19_01_P","4181000","4181000-203-1995-00002","1995-03-07","","03","폐업","02","폐업","2004-04-12","","","","033 2544412","12.35","","강원특별자치도 춘천시 퇴계동 891","","","퇴계대중이용소","2003-07-24 00:00:00","I","2023-06-13 00:00:00","일반이용업","263622.826907246","484368.287575949","일반이용업","2","0","0","0","0","0","2","","","","","0","0","0","N",
"617","이용업","05_19_01_P","4181000","4181000-203-1995-00008","1995-04-11","","03","폐업","02","폐업","2000-06-22","","","","","0.00","","강원특별자치도 춘천시 퇴계동 630-3","","","삼거리이용소","2002-08-29 00:00:00","I","2023-06-13 00:00:00","일반이용업","","","일반이용업","0","0","0","0","0","0","0","","","","","0","0","0","N",
"618","이용업","05_19_01_P","4181000","4181000-203-1996-00006","1996-09-17","","03","폐업","02","폐업","1999-01-25","","","","033 2523331","0.00","","강원특별자치도 춘천시 조양동 49-2","","","미도파이용소","2002-08-29 00:00:00","I","2023-06-13 00:00:00","일반이용업","264015.679388338","486561.441166153","일반이용업","0","0","0","0","0","0","0","","","","","0","0","0","N",
"619","이용업","05_19_01_P","4181000","4181000-203-1998-00006","1998-07-09","","03","폐업","02","폐업","1999-04-03","","","","033 2565850","0.00","","강원특별자치도 춘천시 교동 138-4","","","호수이발관","2002-08-29 00:00:00","I","2023-06-13 00:00:00","일반이용업","264542.434520676","486697.385095876","일반이용업","0","0","0","0","0","0","0","","","","","0","0","0","N",
"620","이용업","05_19_01_P","4181000","4181000-203-1999-00007","1999-04-01","","03","폐업","02","폐업","2008-08-26","","","","033 2416830","20.80","","강원특별자치도 춘천시 신북읍 산천리 310-13","","","춘천이용소","2003-07-24 00:00:00","I","2023-06-13 00:00:00","일반이용업","266194.20550817","494379.173036803","일반이용업","0","0","0","0","0","0","0","","","","","0","0","0","N",
"621","이용업","05_19_01_P","4181000","4181000-203-2000-00004","2000-07-07","","03","폐업","02","폐업","2008-09-30","","","","033 2550904","17.39","","강원특별자치도 춘천시 후평동 714-14","","","스마일헤어샵","2003-09-05 00:00:00","I","2023-06-13 00:00:00","일반이용업","265422.643915227","487413.318118827","일반이용업","0","0","0","0","0","0","2","","","","","0","0","0","N",
"622","이용업","05_19_01_P","4181000","4181000-203-2002-00002","2002-05-06","","03","폐업","02","폐업","2006-05-04","","","","033 2428865","113.00","","강원특별자치도 춘천시 효자동 641-6","","","와와이용원","2003-09-05 00:00:00","I","2023-06-13 00:00:00","일반이용업","264702.174234341","486310.528026106","일반이용업","0","0","0","0","0","0","12","","","","","0","0","0","N",
"623","이용업","05_19_01_P","4181000","4181000-203-2002-00003","2002-05-24","","03","폐업","02","폐업","2007-07-12","","","","033 2424011","16.74","","강원특별자치도 춘천시 온의동 151-12","","","화산24이용소","2003-09-05 00:00:00","I","2023-06-13 00:00:00","일반이용업","263123.667181572","485096.519737926","일반이용업","0","0","0","0","0","0","3","","","","","0","0","0","N",
"624","이용업","05_19_01_P","4181000","4181000-203-2003-00015","2003-09-02","","03","폐업","02","폐업","2023-01-19","","","","","22.41","","강원특별자치도 춘천시 우두동 281-1","강원특별자치도 춘천시 충열로 148 (우두동)","24227","소양이용소","2023-01-19 10:58:04","I","2023-06-13 00:00:00","일반이용업","264989.92727723","489527.088984529","일반이용업","1","0","1","0","0","0","2","","","","임대","0","0","0","N",
"625","이용업","05_19_01_P","4181000","4181000-203-2005-00006","2005-07-28","","03","폐업","02","폐업","2007-11-15","","","","","15.60","","강원특별자치도 춘천시 온의동 151-12","","","춘천온천이용소","2005-08-01 00:00:00","I","2023-06-13 00:00:00","일반이용업","263123.667181572","485096.519737926","일반이용업","0","0","0","0","0","0","4","","","","임대","0","0","0","N",
"626","이용업","05_19_01_P","4181000","4181000-203-2002-00004","2002-07-15","","03","폐업","02","폐업","2012-08-14","","","","033 2431644","53.38","","강원특별자치도 춘천시 후평동 795-9","","","핑크이용원","2012-01-03 14:45:39","I","2023-06-13 00:00:00","일반이용업","266124.372744191","486299.860796816","일반이용업","0","0","0","0","0","0","7","","","","","0","0","0","N",
"627","이용업","05_19_01_P","4181000","4181000-203-2005-00001","2005-03-19","","03","폐업","02","폐업","2005-10-26","","","","","20.33","","강원특별자치도 춘천시 후평동 67-83","","","광화이발관","2005-03-19 00:00:00","I","2023-06-13 00:00:00","일반이용업","265885.554406942","486358.072898448","일반이용업","2","1","1","1","0","0","3","","","","임대","0","0","0","N",
"628","이용업","05_19_01_P","4181000","4181000-203-1990-00001","1990-02-17","","03","폐업","02","폐업","2013-10-18","","","","033 2578514","0.00","","강원특별자치도 춘천시 중앙로2가 48 지하1층","강원특별자치도 춘천시 중앙로 102 (중앙로2가)","","금화이발관","2011-11-29 11:45:55","I","2023-06-13 00:00:00","일반이용업","263587.580525539","486330.915602492","일반이용업","0","0","0","0","0","0","0","","","","","0","0","0","N",
"629","이용업","05_19_01_P","4181000","4181000-203-2003-00010","2003-07-19","","03","폐업","02","폐업","2007-11-26","","","","033 2635570","0.00","","강원특별자치도 춘천시 석사동 0 현대아파트 상가 102호","","","퇴계현대이발관","2003-07-30 00:00:00","I","2023-06-13 00:00:00","일반이용업","","","일반이용업","2","1","1","1","0","0","0","","","","임대","0","0","0","N",
"630","이용업","05_19_01_P","4181000","4181000-203-1971-00008","1971-10-13","","03","폐업","02","폐업","2003-09-04","","","","033 2516883","","","강원특별자치도 춘천시 옥천동 38-1","","","춘흥이용소","2003-07-24 00:00:00","I","2023-06-13 00:00:00","일반이용업","264222.499426661","486913.803645761","일반이용업","0","0","0","0","0","0","0","","","","","0","0","0","N",
"631","이용업","05_19_01_P","4181000","4181000-203-1992-00003","1992-04-14","","03","폐업","02","폐업","2005-04-25","","","","033 2414337","61.62","","강원특별자치도 춘천시 운교동 181-5","","","은하이용소","2003-07-24 00:00:00","I","2023-06-13 00:00:00","일반이용업","264486.231778354","486199.130739912","일반이용업","0","0","0","0","0","0","10","","","","","0","0","0","N",
"632","이용업","05_19_01_P","4181000","4181000-203-1992-00007","1992-09-17","","03","폐업","02","폐업","2004-05-13","","","","033 2556971","19.72","","강원특별자치도 춘천시 효자동 601","","","소망이용소","2003-07-24 00:00:00","I","2023-06-13 00:00:00","일반이용업","264696.47384651","486037.61203684","일반이용업","0","0","0","0","0","0","3","","","","","0","0","0","N",
"633","이용업","05_19_01_P","4181000","4181000-203-1992-00009","1992-11-09","","03","폐업","02","폐업","2021-11-17","","","","033 2556973","25.47","","강원특별자치도 춘천시 우두동 1068-1 동부아파트 211호","강원특별자치도 춘천시 충열로 32, 상가동 211호 (우두동, 동부아파트)","24230","모범이용소","2021-11-17 16:58:33","I","2023-06-13 00:00:00","일반이용업","264352.72118995","488666.419220623","일반이용업","0","0","2","0","0","0","3","","","","","0","0","0","N",
"634","이용업","05_19_01_P","4181000","4181000-203-1960-00002","1960-10-25","","03","폐업","02","폐업","2006-08-07","","","","033 2522551","0.00","","강원특별자치도 춘천시 소양로3가 177-6","","","금강이용소","2003-07-29 00:00:00","I","2023-06-13 00:00:00","일반이용업","263715.081184606","486826.631551198","일반이용업","0","0","0","0","0","0","0","","","","","0","0","0","N",
"635","이용업","05_19_01_P","4181000","4181000-203-1965-00002","1965-11-01","","03","폐업","02","폐업","2007-06-14","","","","033 2610048","0.00","","강원특별자치도 춘천시 남산면 창촌리 73","","","남산이발관","2003-04-29 00:00:00","I","2023-06-13 00:00:00","일반이용업","","","일반이용업","0","0","0","0","0","0","0","","","","","0","0","0","N",
"636","이용업","05_19_01_P","4181000","4181000-203-1967-00001","1967-09-09","","03","폐업","02","폐업","2015-01-02","","","","","0.00","","강원특별자치도 춘천시 동내면 신촌리 464-9","강원특별자치도 춘천시 동내면 동내로 130","24407","금강이발관","2013-12-17 11:30:25","I","2023-06-13 00:00:00","일반이용업","267328.394441289","483356.145132459","일반이용업","0","0","0","0","0","0","0","","","","","0","0","0","N",
"637","이용업","05_19_01_P","4181000","4181000-203-1969-00001","1969-05-02","","03","폐업","02","폐업","2002-01-24","","","","033 2517197","0.00","","강원특별자치도 춘천시 사농동 274","","","농협","2002-08-28 00:00:00","I","2023-06-13 00:00:00","일반이용업","","","일반이용업","0","0","0","0","0","0","0","","","","","0","0","0","N",
"638","이용업","05_19_01_P","4181000","4181000-203-1970-00002","1970-04-10","","03","폐업","02","폐업","2014-04-17","","","","","16.50","","강원특별자치도 춘천시 요선동 155-1","강원특별자치도 춘천시 서부대성로44번길 8 (요선동)","24271","이화이용소","2014-03-26 10:06:04","I","2023-06-13 00:00:00","일반이용업","263928.893227926","486932.757187726","일반이용업","0","0","1","0","0","0","4","","","","","0","0","0","N",
"639","이용업","05_19_01_P","4181000","4181000-203-1970-00004","1970-12-29","","03","폐업","02","폐업","2023-11-10","","","","033 2540262","19.80","","강원특별자치도 춘천시 효자동 617-5","강원특별자치도 춘천시 서부대성로 208 (효자동)","24332","고향이용소","2023-11-10 11:47:20","U","2023-11-12 02:40:00","일반이용업","265151.214623977","485967.577132347","일반이용업","0","0","1","0","0","0","2","","","","","0","0","0","N",
"640","이용업","05_19_01_P","4181000","4181000-203-1971-00001","1971-05-19","","03","폐업","02","폐업","2004-02-05","","","","033 2540097","0.00","","강원특별자치도 춘천시 소양로2가 57","","","송림이용소","2003-04-29 00:00:00","I","2023-06-13 00:00:00","일반이용업","","","일반이용업","0","0","0","0","0","0","0","","","","","0","0","0","N",
"641","이용업","05_19_01_P","4181000","4181000-203-1972-00001","1972-03-09","","03","폐업","02","폐업","2002-08-19","","","","033 2576730","0.00","","강원특별자치도 춘천시 소양로1가 산 2","","","명성","2002-08-28 00:00:00","I","2023-06-13 00:00:00","일반이용업","","","일반이용업","0","0","0","0","0","0","0","","","","","0","0","0","N",
"642","이용업","05_19_01_P","4181000","4181000-203-1972-00002","1972-05-23","","03","폐업","02","폐업","2022-04-07","","","","033 2551449","19.80","","강원특별자치도 춘천시 효자동 756-9","강원특별자치도 춘천시 춘천로 253 (효자동)","24257","개성이용원","2022-04-07 11:22:01","I","2023-06-13 00:00:00","일반이용업","265171.251669272","486569.542723955","일반이용업","0","0","1","0","0","0","3","","","","임대","0","0","0","N",
"643","이용업","05_19_01_P","4181000","4181000-203-1972-00003","1972-08-18","","03","폐업","02","폐업","2006-04-03","","","","033 2515976","0.00","","강원특별자치도 춘천시 약사동 101","","","금성이용소","2003-07-24 00:00:00","I","2023-06-13 00:00:00","일반이용업","","","일반이용업","0","0","0","0","0","0","0","","","","","0","0","0","N",
"644","이용업","05_19_01_P","4181000","4181000-203-1972-00005","1972-09-08","","03","폐업","02","폐업","2002-08-19","","","","","0.00","","강원특별자치도 춘천시 석사동 351-4","","","동화","2002-08-28 00:00:00","I","2023-06-13 00:00:00","일반이용업","265507.643558184","484385.772105604","일반이용업","0","0","0","0","0","0","0","","","","","0","0","0","N",
"645","이용업","05_19_01_P","4181000","4181000-203-1972-00006","1972-11-29","","03","폐업","02","폐업","2022-12-15","","","","033 2553359","33.00","","강원특별자치도 춘천시 소양로2가 172-1 1층","강원특별자치도 춘천시 서부대성로 12 (소양로2가)","24272","서부이용소","2022-12-15 13:22:40","I","2023-06-13 00:00:00","일반이용업","263675.833817836","487157.336209289","일반이용업","0","0","1","1","0","0","3","","","","","0","0","0","N",
"646","이용업","05_19_01_P","4181000","4181000-203-1973-00003","1973-07-09","","03","폐업","02","폐업","2023-11-13","","","","033 2553245","17.00","","강원특별자치도 춘천시 근화동 731-1 1층","강원특별자치도 춘천시 소양로 4, 1층 (근화동)","24275","강원이용소","2023-11-13 13:57:05","U","2023-11-15 02:40:00","일반이용업","262775.835535878","486338.790656953","일반이용업","0","0","0","0","0","0","2","","","","","0","0","0","N",
"647","이용업","05_19_01_P","4181000","4181000-203-1973-00004","1973-08-23","","03","폐업","02","폐업","2013-10-02","","","","033 2521581","0.00","","강원특별자치도 춘천시 소양로1가 88-20","","","정동이용소","2003-07-24 00:00:00","I","2023-06-13 00:00:00","일반이용업","","","일반이용업","0","0","0","0","0","0","0","","","","","0","0","0","N",
"648","이용업","05_19_01_P","4181000","4181000-203-2003-00013","2003-08-21","","03","폐업","02","폐업","2010-08-24","","","","033 2428596","0.00","","강원특별자치도 춘천시 온의동 520-3","","","보통 이발관","2006-05-30 00:00:00","I","2023-06-13 00:00:00","일반이용업","263464.387414249","484670.457760023","일반이용업","0","0","0","0","0","0","3","","","","임대","0","0","0","N",
"649","이용업","05_19_01_P","4181000","4181000-203-2003-00014","2003-08-29","","03","폐업","02","폐업","2004-02-27","","","","033 2434151","0.00","","강원특별자치도 춘천시 온의동 148-4","","","만평이발관","2003-09-05 00:00:00","I","2023-06-13 00:00:00","일반이용업","263121.632557216","485112.506626518","일반이용업","0","0","0","0","0","0","3","","","","임대","0","0","0","N",
"650","이용업","05_19_01_P","4181000","4181000-203-2003-00009","2003-07-02","","03","폐업","02","폐업","2004-02-18","","","","","21.00","","강원특별자치도 춘천시 동내면 학곡리 319-9","","","신그린이용원","2003-07-25 00:00:00","I","2023-06-13 00:00:00","일반이용업","266716.184350193","481764.417717607","일반이용업","1","0","1","1","0","0","3","","","","임대","0","0","0","N",
"651","이용업","05_19_01_P","4181000","4181000-203-2000-00007","2000-12-05","","03","폐업","02","폐업","2005-01-20","","","","033 2530312","23.29","","강원특별자치도 춘천시 교동 137-4","","","향교이용원","2003-07-24 00:00:00","I","2023-06-13 00:00:00","일반이용업","264566.941997835","486768.349867858","일반이용업","0","0","0","0","0","0","3","","","","","0","0","0","N",
"652","이용업","05_19_01_P","4181000","4181000-203-2001-00002","2001-05-09","","03","폐업","02","폐업","2005-05-31","","","","033 2624578","24.00","","강원특별자치도 춘천시 석사동 756-2","","","삼성이용소","2003-07-30 00:00:00","I","2023-06-13 00:00:00","일반이용업","266050.582047416","484876.986770101","일반이용업","4","1","0","0","0","0","2","","","","","0","0","0","N",
"653","이용업","05_19_01_P","4181000","4181000-203-1993-00005","1993-09-04","","03","폐업","02","폐업","2002-03-22","","","","033 2520907","0.00","","강원특별자치도 춘천시 요선동 10-5","","","신라","2002-08-29 00:00:00","I","2023-06-13 00:00:00","일반이용업","263948.619956022","486860.303489967","일반이용업","0","0","0","0","0","0","0","","","","","0","0","0","N",
"654","이용업","05_19_01_P","4181000","4181000-203-1993-00007","1993-11-30","","03","폐업","02","폐업","2004-12-02","","","","033 2570759","22.75","","강원특별자치도 춘천시 약사동 68-69","","","서민이용소","2004-12-03 00:00:00","I","2023-06-13 00:00:00","일반이용업","263746.770774835","486047.542446273","일반이용업","0","0","0","0","0","0","3","","","","","0","0","0","N",
"655","이용업","05_19_01_P","4181000","4181000-203-1994-00003","1994-07-30","","03","폐업","02","폐업","2007-10-04","","","","033 2410597","24.09","","강원특별자치도 춘천시 효자동 158-8 161-3","","","호반이용소","2003-07-24 00:00:00","I","2023-06-13 00:00:00","일반이용업","264770.64593473","485672.675347814","일반이용업","0","0","0","0","0","0","4","","","","","0","0","0","N",
"656","이용업","05_19_01_P","4181000","4181000-203-1994-00006","1982-04-03","","03","폐업","02","폐업","2020-01-07","","","","033 252 7197","21.00","","강원특별자치도 춘천시 사농동 266-1","강원특별자치도 춘천시 영서로 3503-22 (사농동)","24207","사농이발관","2020-01-07 13:18:04","I","2023-06-13 00:00:00","일반이용업","263298.327958568","491692.40469542","일반이용업","0","0","1","0","0","0","3","","","","","0","0","0","N",
"657","이용업","05_19_01_P","4181000","4181000-203-1995-00003","1995-07-12","","03","폐업","02","폐업","2015-07-24","","","","033 2423759","28.00","","강원특별자치도 춘천시 퇴계동 917 한진아파트 상가동 202호","강원특별자치도 춘천시 행촌로 11, 상가동 202호 (퇴계동, 한진아파트)","24454","한진이용소","2015-06-24 11:26:25","I","2023-06-13 00:00:00","일반이용업","263499.773507302","484251.367449733","일반이용업","2","0","0","0","0","0","4","","","","","0","0","0","N",
"658","이용업","05_19_01_P","4181000","4181000-203-1995-00005","1995-10-11","","03","폐업","02","폐업","2004-01-05","","","","033 2572267","72.00","","강원특별자치도 춘천시 요선동 14-8","","","궁전이용소","2003-09-05 00:00:00","I","2023-06-13 00:00:00","일반이용업","263910.093209468","486783.743052348","일반이용업","0","0","0","0","0","0","10","","","","","0","0","0","N",
"659","이용업","05_19_01_P","4181000","4181000-203-1995-00006","1995-10-25","","03","폐업","02","폐업","2016-08-08","","","","033 2561922","32.25","","강원특별자치도 춘천시 옥천동 1-1","강원특별자치도 춘천시 한림대학길 1, 옥천동 (옥천동)","24252","한림대학교 구내이용소","2013-10-25 17:41:32","I","2023-06-13 00:00:00","일반이용업","264602.141926602","487386.633309595","일반이용업","2","0","1","0","0","0","3","","","","","0","0","0","N",
"660","이용업","05_19_01_P","4181000","4181000-203-1996-00001","1996-02-16","","03","폐업","02","폐업","2007-01-31","","","","033 2551404","16.20","","강원특별자치도 춘천시 후평동 891-11","","","동아대중탕이용소","2003-07-24 00:00:00","I","2023-06-13 00:00:00","일반이용업","266206.59769702","485751.067324088","일반이용업","1","0","0","0","0","0","2","","","","","0","0","0","N",
"661","이용업","05_19_01_P","4181000","4181000-203-1996-00003","1996-06-24","","03","폐업","02","폐업","2011-08-26","","","","033 2411459","15.00","","강원특별자치도 춘천시 후평동 704-15","","","토우이용소","2003-07-24 00:00:00","I","2023-06-13 00:00:00","일반이용업","265698.609120601","486934.000158912","일반이용업","0","0","0","0","0","0","3","","","","","0","0","0","N",
"662","이용업","05_19_01_P","4181000","4181000-203-1996-00004","1996-08-29","","03","폐업","02","폐업","2021-01-19","","","","033 261 6226","13.77","","강원특별자치도 춘천시 퇴계동 79 춘천퇴계타운 301호","강원특별자치도 춘천시 안마산로 213, 301호 (퇴계동, 춘천퇴계타운)","24421","한주이용소","2021-01-19 11:48:58","I","2023-06-13 00:00:00","일반이용업","264855.838698284","483301.263496797","일반이용업","0","0","3","0","0","0","3","","","","","0","0","0","N",
"663","이용업","05_19_01_P","4181000","4181000-203-1996-00005","1996-12-10","","03","폐업","02","폐업","2008-08-11","","","","033 2624351","16.38","","강원특별자치도 춘천시 석사동 651","","","김정문이발샵","2003-07-24 00:00:00","I","2023-06-13 00:00:00","일반이용업","265101.321652905","484407.719024338","일반이용업","0","0","0","0","0","0","3","","","","","0","0","0","N",
"664","이용업","05_19_01_P","4181000","4181000-203-1998-00004","1998-07-08","","03","폐업","02","폐업","2006-01-09","","","","033 2615224","0.00","","강원특별자치도 춘천시 효자동 192-1","","","미스터헤어닥터","2005-09-23 00:00:00","I","2023-06-13 00:00:00","일반이용업","265481.557982219","485420.871953344","일반이용업","0","0","0","0","0","0","0","","","","","0","0","0","N",
"665","이용업","05_19_01_P","4181000","4181000-203-1999-00005","1999-08-26","","03","폐업","02","폐업","2008-03-11","","","","033 2537202","0.00","","강원특별자치도 춘천시 퇴계동 773","","","에이스이용원","2006-12-15 00:00:00","I","2023-06-13 00:00:00","일반이용업","","","일반이용업","0","0","0","0","1","1","0","","","","임대","0","0","0","N",
"666","이용업","05_19_01_P","4181000","4181000-203-1999-00006","1999-12-07","","03","폐업","02","폐업","2002-08-19","","","","","0.00","","강원특별자치도 춘천시 후평동 716-10","","","그린","2002-08-29 00:00:00","I","2023-06-13 00:00:00","일반이용업","265322.758090699","487519.925090459","일반이용업","0","0","0","0","0","0","0","","","","","0","0","0","N",
"667","이용업","05_19_01_P","4181000","4181000-203-1997-00003","1997-12-22","","03","폐업","02","폐업","2004-10-18","","","","033 2611143","23.25","","강원특별자치도 춘천시 석사동 735-20 13B 9L","","","석사이용소","2003-07-24 00:00:00","I","2023-06-13 00:00:00","일반이용업","266204.158028058","485187.583256805","일반이용업","0","0","0","0","0","0","4","","","","","0","0","0","N",
"668","이용업","05_19_01_P","4181000","4181000-203-2001-00004","2001-06-15","","03","폐업","02","폐업","2024-01-02","","","","033 2537449","19.00","","강원특별자치도 춘천시 신동 925-6","강원특별자치도 춘천시 영서로 3145 (신동)","24207","신동이발관","2024-01-02 13:56:39","U","2024-01-04 02:40:00","일반이용업","263392.463524426","492491.534895671","일반이용업","0","0","1","1","0","0","2","","","","임대","0","0","0","N",
"669","이용업","05_19_01_P","4181000","4181000-203-2002-00001","2002-01-08","","03","폐업","02","폐업","2009-04-28","","","","033 2520907","220.80","","강원특별자치도 춘천시 요선동 15-24","","","신신라이발관","2003-07-24 00:00:00","I","2023-06-13 00:00:00","일반이용업","263960.813505006","486824.28445188","일반이용업","0","0","0","0","0","0","11","","","","","0","0","0","N",
"670","이용업","05_19_01_P","4181000","4181000-203-2001-00007","2001-12-27","","03","폐업","02","폐업","2005-01-13","","","","033 2555767","162.89","","강원특별자치도 춘천시 온의동 514","","","강남이발관","2003-07-24 00:00:00","I","2023-06-13 00:00:00","일반이용업","263297.231644072","484808.077816798","일반이용업","0","0","0","0","0","0","14","","","","","0","0","0","N",
"671","이용업","05_19_01_P","4181000","4181000-203-1992-00001","1992-01-15","","03","폐업","02","폐업","2002-08-19","","","","033 2520278","25.30","","강원특별자치도 춘천시 후평동 842-7","","","경남","2002-08-29 00:00:00","I","2023-06-13 00:00:00","일반이용업","265429.578983136","487166.127928059","일반이용업","0","0","0","0","0","0","3","","","","","0","0","0","N",
"672","이용업","05_19_01_P","4181000","4181000-203-2002-00005","2002-07-06","","03","폐업","02","폐업","2004-04-13","","","","033 255 546","43.32","","강원특별자치도 춘천시 온의동 532","","","팔팔이용원","2003-09-05 00:00:00","I","2023-06-13 00:00:00","일반이용업","263278.690169944","484594.764113865","일반이용업","0","0","0","0","0","0","9","","","","","0","0","0","N",
"673","이용업","05_19_01_P","4181000","4181000-203-2002-00006","2002-08-15","","03","폐업","02","폐업","2004-06-03","","","","0332612 224","65.19","","강원특별자치도 춘천시 석사동 433-4","","","일심이용원","2003-07-24 00:00:00","I","2023-06-13 00:00:00","일반이용업","265373.936230832","484403.78956772","일반이용업","0","0","0","0","0","0","6","","","","","0","0","0","N",
"674","이용업","05_19_01_P","4181000","4181000-203-2002-00008","2002-10-01","","03","폐업","02","폐업","2003-07-31","","","","033 2422040","34.50","","강원특별자치도 춘천시 근화동 111","","","대기이용원","2003-07-24 00:00:00","I","2023-06-13 00:00:00","일반이용업","","","일반이용업","0","0","0","0","0","0","3","","","","","0","0","0","N",
"675","이용업","05_19_01_P","4181000","4181000-203-2003-00002","2003-01-14","","03","폐업","02","폐업","2004-05-27","","","","033 2438203","25.18","","강원특별자치도 춘천시 후평동 792","","","현대이발관","2003-07-30 00:00:00","I","2023-06-13 00:00:00","일반이용업","","","일반이용업","0","0","0","0","0","0","3","","","","","0","0","0","N",
"676","이용업","05_19_01_P","4181000","4181000-203-2003-00004","2003-02-26","","03","폐업","02","폐업","2012-01-30","","","","033 2434428","22.00","","강원특별자치도 춘천시 사북면 502-1","강원특별자치도 춘천시 사북면 영서로 4786","24200","샘이용원","2011-12-01 10:51:04","I","2023-06-13 00:00:00","일반이용업","256203.065930263","503850.134917164","일반이용업","0","0","0","0","0","0","2","","","","","0","0","0","N",
"677","이용업","05_19_01_P","4181000","4181000-203-2003-00005","2003-02-27","","03","폐업","02","폐업","2005-03-04","","","","033 2444258","66.30","","강원특별자치도 춘천시 퇴계동 00 11택지 10블롯 2롯트 2-2","","","싸인볼이발관","2003-07-24 00:00:00","I","2023-06-13 00:00:00","일반이용업","","","일반이용업","0","0","0","0","0","0","7","","","","","0","0","0","N",
"678","이용업","05_19_01_P","4181000","4181000-203-2003-00007","2003-04-21","","03","폐업","02","폐업","2004-06-17","","","","0332524 932","18.50","","강원특별자치도 춘천시 약사동 150-10","","","자수정사우나이용원","2003-07-30 00:00:00","I","2023-06-13 00:00:00","일반이용업","263722.871319233","485783.524732697","일반이용업","6","0","0","6","0","0","2","","","","","0","0","0","N",
"679","이용업","05_19_01_P","4181000","4181000-203-2003-00008","2003-06-04","","03","폐업","02","폐업","2003-06-23","","","","033 2510601","0.00","","강원특별자치도 춘천시 효자동 546-2","","","신그린이용원","2003-07-03 00:00:00","I","2023-06-13 00:00:00","일반이용업","263853.985775516","485755.154344702","일반이용업","0","0","0","0","0","0","0","","","","","0","0","0","N",
"680","이용업","05_19_01_P","4181000","4181000-203-2003-00001","2003-06-03","","03","폐업","02","폐업","2009-06-30","","","","033 2627367","0.00","","강원특별자치도 춘천시 석사동 669","","","토성이발실","2009-06-30 15:51:47","I","2023-06-13 00:00:00","일반이용업","265300.184652474","484258.152398728","일반이용업","2","0","2","2","0","0","3","","","","임대","0","0","0","N",
"681","이용업","05_19_01_P","4181000","4181000-203-2004-00014","2004-10-11","","03","폐업","02","폐업","2005-02-25","","","","033 2522835","0.00","","강원특별자치도 춘천시 후평동 878-7","","","상쾌한이발관","2004-10-11 00:00:00","I","2023-06-13 00:00:00","일반이용업","266650.529840451","486043.833866345","일반이용업","0","0","0","0","0","0","1","","","","","0","0","0","N",
"682","이용업","05_19_01_P","4181000","4181000-203-2004-00013","2004-09-02","","03","폐업","02","폐업","2004-10-11","","","","","0.00","","강원특별자치도 춘천시 퇴계동 891","","","퇴계목욕탕이용소","2004-09-02 00:00:00","I","2023-06-13 00:00:00","일반이용업","263622.826907246","484368.287575949","일반이용업","0","0","0","0","0","0","0","","","","","0","0","0","N",
"683","이용업","05_19_01_P","4181000","4181000-203-1995-00004","1995-09-18","","03","폐업","02","폐업","2023-11-08","","","","033 2425313","21.68","","강원특별자치도 춘천시 우두동 410-55","강원특별자치도 춘천시 충열로 74 (우두동)","24228","럭키이발소","2023-11-08 11:26:48","U","2023-11-10 02:40:00","일반이용업","264625.200349865","488883.661146615","일반이용업","1","0","1","1","0","0","2","","","","임대","0","0","0","N",
"684","이용업","05_19_01_P","4181000","4181000-203-2000-00001","2000-01-22","","03","폐업","02","폐업","2007-12-10","","","","033 2539246","0.00","","강원특별자치도 춘천시 효자동 680-12","","","양지이용원","2005-09-14 00:00:00","I","2023-06-13 00:00:00","일반이용업","263742.953447158","485663.859078232","일반이용업","0","0","0","0","0","0","0","","","","","0","0","0","N",
"685","이용업","05_19_01_P","4181000","4181000-203-1973-00006","1973-10-29","","03","폐업","02","폐업","2023-05-22","","","","033 2624303","27.00","","강원특별자치도 춘천시 동내면 학곡리 593","강원특별자치도 춘천시 동내면 영서로 1790","24408","학곡이발관","2023-05-22 10:54:48","I","2023-06-13 00:00:00","일반이용업","266837.485753512","481828.96549267","일반이용업","0","0","0","0","0","0","0","","","","","0","0","0","N",
"686","이용업","05_19_01_P","4181000","4181000-203-1975-00001","1975-08-26","","03","폐업","02","폐업","2010-06-29","","","","033 2567485","0.00","","강원특별자치도 춘천시 효자동 710-14","","","성심이용소","2003-07-30 00:00:00","I","2023-06-13 00:00:00","일반이용업","264412.368053821","485085.842714378","일반이용업","0","0","0","0","0","0","0","","","","","0","0","0","N",
"687","이용업","05_19_01_P","4181000","4181000-203-1976-00001","1976-06-09","","03","폐업","02","폐업","2022-09-13","","","","033 2570254","14.00","","강원특별자치도 춘천시 효자동 168-19","강원특별자치도 춘천시 효자로92번길 20 (효자동)","24338","개나리이발관","2022-09-13 11:32:41","I","2023-06-13 00:00:00","일반이용업","264511.601385574","485511.59808557","일반이용업","0","0","1","0","0","0","2","","","","","0","0","0","N",
"688","이용업","05_19_01_P","4181000","4181000-203-1977-00001","1977-07-21","","03","폐업","02","폐업","2006-08-24","","","","033 2523040","0.00","","강원특별자치도 춘천시 죽림동 4-14 4-37,63","","","동자이용소","2003-07-30 00:00:00","I","2023-06-13 00:00:00","일반이용업","264082.683410327","486361.236085672","일반이용업","0","0","0","0","0","0","0","","","","","0","0","0","N",
"689","이용업","05_19_01_P","4181000","4181000-203-1979-00001","1979-09-15","","03","폐업","02","폐업","2006-07-27","","","","033 2546666","0.00","","강원특별자치도 춘천시 효자동 42-1","","","청춘이용소","2003-07-30 00:00:00","I","2023-06-13 00:00:00","일반이용업","","","일반이용업","0","0","0","0","0","0","0","","","","","0","0","0","N",
"690","이용업","05_19_01_P","4181000","4181000-203-1980-00002","1980-07-28","","03","폐업","02","폐업","2012-01-19","","","","033 2631162","0.00","","강원특별자치도 춘천시 석사동 726-8","강원특별자치도 춘천시 우석로85번길 20-3 (석사동)","24320","성우이용소","2011-11-29 11:28:51","I","2023-06-13 00:00:00","일반이용업","266329.660016176","485216.717574188","일반이용업","0","0","0","0","0","0","0","","","","","0","0","0","N",
"691","이용업","05_19_01_P","4181000","4181000-203-1980-00003","1980-10-06","","03","폐업","02","폐업","2024-11-19","","","","033 2578988","35.00","","강원특별자치도 춘천시 근화동 287-8","강원특별자치도 춘천시 공지로441번길 5 (근화동)","24360","명보이용소","2024-11-19 13:57:15","U","2024-11-21 02:40:00","일반이용업","263143.944792045","485880.993706269","일반이용업","0","0","1","0","0","0","3","","","","임대","0","0","0","N",
"692","이용업","05_19_01_P","4181000","4181000-203-1981-00002","1981-05-18","","03","폐업","02","폐업","2021-01-08","","","","033 2529257","20.00","","강원특별자치도 춘천시 퇴계동 874-3","강원특별자치도 춘천시 충혼길5번길 4-6 (퇴계동)","24440","시대이용소","2021-01-08 10:48:46","I","2023-06-13 00:00:00","일반이용업","263575.54921098","484735.341202577","일반이용업","0","0","1","0","0","0","3","","","","","0","0","0","N",
"693","이용업","05_19_01_P","4181000","4181000-203-1981-00005","1981-09-03","","03","폐업","02","폐업","2002-07-11","","","","033 2547242","0.00","","강원특별자치도 춘천시 근화동 284-1","","","금옥","2002-08-28 00:00:00","I","2023-06-13 00:00:00","일반이용업","263050.836469807","485936.560285645","일반이용업","0","0","0","0","0","0","0","","","","","0","0","0","N",
"694","이용업","05_19_01_P","4181000","4181000-203-1982-00002","1982-12-09","","03","폐업","02","폐업","2020-11-11","","","","033 2517106","13.20","","강원특별자치도 춘천시 삼천동 25-9","강원특별자치도 춘천시 옛경춘로 802 (삼천동)","24428","행운이용소","2020-11-11 13:55:40","I","2023-06-13 00:00:00","일반이용업","262144.934854546","485385.614111543","일반이용업","0","0","1","0","0","0","2","","","","자가","0","0","0","N",
"695","이용업","05_19_01_P","4181000","4181000-203-1984-00001","1984-06-13","","03","폐업","02","폐업","2009-06-22","","","","033 2541891","24.00","","강원특별자치도 춘천시 교동 113-13 6통3반","","","교동이발소","2003-07-24 00:00:00","I","2023-06-13 00:00:00","일반이용업","264796.466460085","486552.365373783","일반이용업","0","0","0","0","0","0","0","","","","","0","0","0","N",
"696","이용업","05_19_01_P","4181000","4181000-203-1984-00002","1984-07-28","","03","폐업","02","폐업","2011-06-02","","","","033 2637510","0.00","","강원특별자치도 춘천시 남면 발산리 245-4","","","발산이발관","2003-08-29 00:00:00","I","2023-06-13 00:00:00","일반이용업","254863.597773791","470820.974281338","일반이용업","0","0","0","0","0","0","0","","","","","0","0","0","N",
"697","이용업","05_19_01_P","4181000","4181000-203-1984-00003","1984-10-04","","03","폐업","02","폐업","2006-02-28","","","","033 2513237","0.00","","강원특별자치도 춘천시 조양동 47-8","","","현대이발관","2003-07-24 00:00:00","I","2023-06-13 00:00:00","일반이용업","264113.044842739","486550.700713711","일반이용업","0","0","0","0","0","0","0","","","","","0","0","0","N",
"698","이용업","05_19_01_P","4181000","4181000-203-1984-00005","1984-11-20","","03","폐업","02","폐업","2014-03-07","","","","033 2544132","0.00","","강원특별자치도 춘천시 후평동 722-9","강원특별자치도 춘천시 춘천로 347 (후평동)","24234","만천이용소","2013-01-16 17:43:01","I","2023-06-13 00:00:00","일반이용업","265829.829480663","487162.484960503","일반이용업","0","0","0","0","0","0","0","","","","","0","0","0","N",
"699","이용업","05_19_01_P","4181000","4181000-203-2004-00004","2004-02-25","","03","폐업","02","폐업","2006-10-02","","","","033 2550628","10.14","","강원특별자치도 춘천시 후평동 67-72","","","부안목욕탕내 이용소","2004-03-08 00:00:00","I","2023-06-13 00:00:00","일반이용업","265993.969354751","486528.741471488","일반이용업","5","1","0","0","0","1","2","","","","임대","0","0","0","N",
"700","이용업","05_19_01_P","4181000","4181000-203-2001-00001","2001-01-30","","03","폐업","02","폐업","2005-10-17","","","","033 2420350","125.82","","강원특별자치도 춘천시 중앙로2가 97 98","","","서봉이용원","2005-06-16 00:00:00","I","2023-06-13 00:00:00","일반이용업","263877.740002649","486652.47188247","일반이용업","0","0","0","0","0","0","0","","","","","0","0","0","N",
"701","이용업","05_19_01_P","4181000","4181000-203-2005-00004","2005-06-22","","03","폐업","02","폐업","2015-06-19","","","","","32.00","","강원특별자치도 춘천시 후평동 457-5","강원특별자치도 춘천시 후석로326번길 11 (후평동)","24300","청학이용원","2015-06-18 10:17:39","I","2023-06-13 00:00:00","일반이용업","265976.466868199","486712.850048328","일반이용업","0","0","1","0","0","0","3","","","","임대","0","0","0","N",
"702","이용업","05_19_01_P","4181000","4181000-203-1985-00009","1985-10-25","","03","폐업","02","폐업","2017-12-29","","","","033 253 2480","50.00","","강원특별자치도 춘천시 요선동 18-14 지하1층","강원특별자치도 춘천시 서부대성로44번길 25, 지하1층 (요선동)","24272","우진이용원","2017-12-29 14:38:53","I","2023-06-13 00:00:00","일반이용업","263904.388963209","486752.853708752","일반이용업","0","0","0","0","0","1","2","","","","","0","0","0","N",
"703","이용업","05_19_01_P","4181000","4181000-203-2007-00002","2007-04-12","","03","폐업","02","폐업","2007-05-03","","","","033 2541799","15.00","","강원특별자치도 춘천시 퇴계동 891 (지하1층)","","","퇴계목욕탕이발소","2007-04-13 00:00:00","I","2023-06-13 00:00:00","일반이용업","263622.826907246","484368.287575949","일반이용업","4","2","0","0","1","1","0","","","","","0","0","0","N",
"704","이용업","05_19_01_P","4181000","4181000-203-1988-00002","1988-06-23","","03","폐업","02","폐업","2008-05-19","","","","033 2535660","0.00","","강원특별자치도 춘천시 효자동 684-11","","","만평이발관","2007-04-26 00:00:00","I","2023-06-13 00:00:00","일반이용업","263776.104141899","485573.469431416","일반이용업","0","0","0","0","0","0","3","","","","","0","0","0","N",
"705","이용업","05_19_01_P","4181000","4181000-203-2007-00003","2007-05-14","","03","폐업","02","폐업","2009-03-20","","","","033 2515309","106.85","","강원특별자치도 춘천시 요선동 14-8 (지하1층)","","","궁전이발관","2007-05-16 00:00:00","I","2023-06-13 00:00:00","일반이용업","263910.093209468","486783.743052348","일반이용업","4","1","0","0","1","1","2","","","","임대","0","0","0","N",
"706","이용업","05_19_01_P","4181000","4181000-203-2007-00004","2007-06-08","","03","폐업","02","폐업","2008-08-29","","","","033 2449027","10.50","","강원특별자치도 춘천시 운교동 181-2 (2층)","","","계림구내이용소","2007-06-12 00:00:00","I","2023-06-13 00:00:00","일반이용업","","","일반이용업","0","0","2","2","0","0","2","","","","임대","0","0","0","N",
"707","이용업","05_19_01_P","4181000","4181000-203-2007-00001","2007-01-02","","03","폐업","02","폐업","2007-03-29","","","","","15.00","","강원특별자치도 춘천시 퇴계동 891","","","퇴계목욕탕내이용원","2007-01-02 00:00:00","I","2023-06-13 00:00:00","일반이용업","263622.826907246","484368.287575949","일반이용업","1","1","0","0","1","1","3","","","","임대","0","0","0","N",
"708","이용업","05_19_01_P","4181000","4181000-203-2006-00003","2006-09-04","","03","폐업","02","폐업","2007-02-27","","","","","33.75","","강원특별자치도 춘천시 옥천동 38-1","","","한림헤어샵","2006-09-05 00:00:00","I","2023-06-13 00:00:00","일반이용업","","","일반이용업","2","0","1","1","0","0","3","","","","임대","0","0","0","N",
"709","이용업","05_19_01_P","4181000","4181000-203-2004-00007","2004-04-22","","03","폐업","02","폐업","2004-05-31","","","","033 2544412","13.00","","강원특별자치도 춘천시 퇴계동 891","","","퇴계목욕탕내 이용소","2004-04-22 00:00:00","I","2023-06-13 00:00:00","일반이용업","263622.826907246","484368.287575949","일반이용업","4","1","0","0","1","0","2","","","","임대","0","0","0","N",
"710","이용업","05_19_01_P","4181000","4181000-203-2004-00008","2004-06-03","","03","폐업","02","폐업","2004-06-08","","","","033 2544593","98.28","","강원특별자치도 춘천시 우두동 1066-16","","","태마이용원","2004-06-03 00:00:00","I","2023-06-13 00:00:00","일반이용업","264028.854473465","488821.670063104","일반이용업","3","1","0","0","1","1","0","","","","","0","0","0","N",
"711","이용업","05_19_01_P","4181000","4181000-203-2004-00002","2004-02-12","","03","폐업","02","폐업","2007-02-01","","","","","70.56","","강원특별자치도 춘천시 효자동 674-5","","","귀빈이발관","2006-12-04 00:00:00","I","2023-06-13 00:00:00","일반이용업","263781.518534042","485641.992333352","일반이용업","4","1","0","0","1","1","9","","","","","0","0","0","N",
"712","이용업","05_19_01_P","4181000","4181000-203-2017-00002","2017-03-08","","03","폐업","02","폐업","2023-09-27","","","","","32.40","","강원특별자치도 춘천시 퇴계동 916 현대2차아파트상가동 2층 203호","강원특별자치도 춘천시 행촌로 14, 2층 203호 (퇴계동, 현대2차아파트상가동)","24453","현대이발","2023-09-27 16:40:04","U","2023-09-29 02:40:00","일반이용업","263621.120421684","484144.713945217","일반이용업","2","1","2","2","0","0","2","","","","자가","0","0","0","N",
"713","이용업","05_19_01_P","4181000","4181000-203-2016-00003","2016-05-09","","03","폐업","02","폐업","2016-07-21","","","","033 253 3610","12.30","","강원특별자치도 춘천시 효자동 740-6","강원특별자치도 춘천시 춘천로213번길 9 (효자동)","24261","바위사우나 이용","2016-05-12 15:19:03","I","2023-06-13 00:00:00","일반이용업","264777.033299891","486429.36443569","일반이용업","2","1","1","1","0","0","2","","","","임대","0","0","0","N",
"714","이용업","05_19_01_P","4181000","4181000-203-2015-00001","2015-01-20","","03","폐업","02","폐업","2022-03-02","","","","","10.80","","강원특별자치도 춘천시 동면 만천리 638-20","강원특별자치도 춘천시 동면 만천로 80-5","24215","암반수사우나구내이용소","2022-03-02 10:32:08","I","2023-06-13 00:00:00","일반이용업","267285.861163414","486662.884180013","일반이용업","2","1","1","1","0","0","2","","","","임대","0","0","0","N",
"715","이용업","05_19_01_P","4181000","4181000-203-1981-00006","1981-12-28","","03","폐업","02","폐업","2022-04-22","","","","033 2614573","23.00","","강원특별자치도 춘천시 동내면 신촌리 389-18","강원특별자치도 춘천시 동내면 향군길 4","24407","신촌리 깎는자리","2022-04-22 13:29:41","I","2023-06-13 00:00:00","일반이용업","267017.714896642","483085.836495728","일반이용업","0","0","0","0","0","0","0","","","","","0","0","0","N",
"716","이용업","05_19_01_P","4181000","4181000-203-2019-00003","2019-05-27","","03","폐업","02","폐업","2022-04-05","","","","","16.75","","강원특별자치도 춘천시 온의동 151-2 4층","강원특별자치도 춘천시 영서로 2309, 4층 (온의동)","24435","화산이용원","2022-04-05 18:04:20","I","2023-06-13 00:00:00","일반이용업","263145.477711722","485095.984266514","일반이용업","2","1","4","1","0","0","4","","","","임대","0","0","0","N",
"717","이용업","05_19_01_P","4181000","4181000-203-2020-00002","2020-08-10","","03","폐업","02","폐업","2020-08-10","","","","","93.36","","강원특별자치도 춘천시 교동 11-154","강원특별자치도 춘천시 교동길 78, 1층 (교동)","24259","아라모드헤어","2020-08-10 14:44:27","I","2023-06-13 00:00:00","일반이용업","264820.90082298","486972.869799027","일반이용업","2","1","1","1","0","0","5","","","","","0","0","0","N",
"718","이용업","05_19_01_P","4181000","4181000-203-2004-00005","2004-02-25","","03","폐업","02","폐업","2016-04-22","","","","033 2518818","18.40","","강원특별자치도 춘천시 퇴계동 690","강원특별자치도 춘천시 우묵들길 24 (퇴계동)","24367","스포랙스목욕탕내 이용소","2011-11-30 10:52:11","I","2023-06-13 00:00:00","일반이용업","263708.146153108","485107.143480244","일반이용업","5","0","0","1","0","0","3","","","","","0","0","0","N",
"719","이용업","05_19_01_P","4181000","4181000-203-2003-00003","2003-01-17","","03","폐업","02","폐업","2015-12-02","","","","033 2565717","28.50","","강원특별자치도 춘천시 우두동 742-1","강원특별자치도 춘천시 영서로 2793 (우두동)","24236","두미르이용소","2013-10-22 10:00:38","I","2023-06-13 00:00:00","일반이용업","263855.784005587","489030.794908325","일반이용업","0","0","2","0","0","0","2","","","","","0","0","0","N",
"720","이용업","05_19_01_P","4181000","4181000-203-2003-00017","2003-12-04","","03","폐업","02","폐업","2018-03-13","","","","033 2435166","23.01","","강원특별자치도 춘천시 교동 67-10","강원특별자치도 춘천시 향교앞길 22 (교동)","24261","실비이용소","2018-03-13 10:41:47","I","2023-06-13 00:00:00","일반이용업","264500.81595914","486544.287223677","일반이용업","1","0","1","1","0","0","2","","","","","0","0","0","N",
"721","이용업","05_19_01_P","4181000","4181000-203-2004-00006","2004-03-05","","03","폐업","02","폐업","2004-03-05","","","","033 2425360","0.00","","강원특별자치도 춘천시 근화동 264-14","","","셀푸이용원","2004-03-08 00:00:00","I","2023-06-13 00:00:00","일반이용업","262817.538287945","486089.051622305","일반이용업","3","0","2","0","0","0","2","","","","","0","0","0","N",
"722","이용업","05_19_01_P","4181000","4181000-203-2004-00012","2004-08-05","","03","폐업","02","폐업","2018-08-20","","","","033 2570140","69.36","","강원특별자치도 춘천시 근화동 709-2 2층","강원특별자치도 춘천시 공지로 442-33 (근화동)","24359","대동이용원","2018-08-20 16:53:42","I","2023-06-13 00:00:00","일반이용업","263057.685424097","486041.770959612","일반이용업","2","0","2","2","0","0","6","","","","임대","0","0","0","N",
"723","이용업","05_19_01_P","4181000","4181000-203-2004-00011","2004-08-03","","03","폐업","02","폐업","2006-08-09","","","","033 2574354","15.22","","강원특별자치도 춘천시 소양로2가 162-11","","","경로이용실","2004-08-03 00:00:00","I","2023-06-13 00:00:00","일반이용업","263672.08599709","487230.971608617","일반이용업","2","0","1","1","0","0","0","","","","임대","0","0","0","N",
"724","이용업","05_19_01_P","4181000","4181000-203-2004-00010","2004-08-02","","03","폐업","02","폐업","2015-10-13","","","","033 2448866","18.50","","강원특별자치도 춘천시 약사동 150-10","강원특별자치도 춘천시 춘천로81번길 10-3 (약사동)","24356","자수정사우나이용원","2011-11-30 11:03:25","I","2023-06-13 00:00:00","일반이용업","263722.871319233","485783.524732697","일반이용업","1","6","6","6","0","0","2","","","","임대","0","0","0","N",
"725","이용업","05_19_01_P","4181000","4181000-203-2004-00009","2004-06-22","","03","폐업","02","폐업","2004-09-01","","","","033 2533842","98.23","","강원특별자치도 춘천시 우두동 1066-16","","","테마이용원","2004-06-22 00:00:00","I","2023-06-13 00:00:00","일반이용업","264028.854473465","488821.670063104","일반이용업","3","1","0","0","1","1","6","","","","임대","0","0","0","N",
"726","이용업","05_19_01_P","4181000","4181000-203-2008-00007","2008-07-14","","03","폐업","02","폐업","2011-03-07","","","","033 241 5928","29.76","","강원특별자치도 춘천시 근화동 709-21","","","낙원이발관","2010-12-06 10:57:48","I","2023-06-13 00:00:00","일반이용업","262998.78","486005.81","일반이용업","1","0","1","0","0","0","3","","","","임대","0","0","0","N",
"727","이용업","05_19_01_P","4181000","4181000-203-2008-00008","2008-07-24","","03","폐업","02","폐업","2020-11-03","","","","033 241 0597","46.20","","강원특별자치도 춘천시 효자동 158-8","강원특별자치도 춘천시 효제길 33 (효자동)","24333","호반이용소","2020-11-03 13:20:48","I","2023-06-13 00:00:00","일반이용업","264770.64593473","485672.675347814","일반이용업","1","0","0","0","0","0","3","","","","임대","0","0","0","N",
"728","이용업","05_19_01_P","4181000","4181000-203-2009-00004","2009-05-14","","03","폐업","02","폐업","2010-05-03","","","","","45.50","","강원특별자치도 춘천시 운교동 146-6","","","대박이용원","2009-05-20 10:47:04","I","2023-06-13 00:00:00","일반이용업","264409.045412322","486241.98979868","일반이용업","3","0","0","0","0","0","3","","","","임대","1","1","0","N",
"729","이용업","05_19_01_P","4181000","4181000-203-2009-00005","2009-06-16","","03","폐업","02","폐업","2010-06-28","","","","","28.00","","강원특별자치도 춘천시 중앙로2가 80 지하상가","","","희망이용원","2009-06-16 11:12:51","I","2023-06-13 00:00:00","일반이용업","263791.783644238","486546.415053502","일반이용업","0","0","0","0","0","0","0","","","","","0","0","0","N",
"730","이용업","05_19_01_P","4181000","4181000-203-2004-00003","2004-02-12","","03","폐업","02","폐업","2005-03-11","","","","","0.00","","강원특별자치도 춘천시 동면 만천리 869-2","","","물가마찜질방사우나내 이용원","2004-02-12 00:00:00","I","2023-06-13 00:00:00","일반이용업","266977.183045151","486920.408540031","일반이용업","2","1","1","1","0","0","0","","","","","0","0","0","N",
"731","이용업","05_19_01_P","4181000","4181000-203-2009-00006","2009-07-01","","03","폐업","02","폐업","2012-01-03","","","","","110.01","","강원특별자치도 춘천시 효자동 751-13","강원특별자치도 춘천시 성심로 52-1 (효자동)","24259","귀빈이용원","2011-11-30 10:12:42","I","2023-06-13 00:00:00","일반이용업","265075.747343893","486516.595362129","일반이용업","0","0","2","0","0","0","1","","","","임대","2","0","0","N",
"732","이용업","05_19_01_P","4181000","4181000-203-2009-00007","2009-08-13","","03","폐업","02","폐업","2009-09-17","","","","033 244 9027","7.80","","강원특별자치도 춘천시 운교동 181-2","","","계림탕이용실","2009-08-18 17:16:27","I","2023-06-13 00:00:00","일반이용업","264455.753606792","486181.178189515","일반이용업","2","0","0","0","0","0","2","","","","","0","0","0","N",
"733","이용업","05_19_01_P","4181000","4181000-203-2006-00004","2006-09-14","","03","폐업","02","폐업","2009-06-30","","","","","30.08","","강원특별자치도 춘천시 효자동 149-16","","","홍씨네이용원","2009-06-30 15:33:26","I","2023-06-13 00:00:00","일반이용업","","","일반이용업","2","1","1","1","0","0","3","","","","임대","0","0","0","N",
"734","이용업","05_19_01_P","4181000","4181000-203-1989-00001","1989-03-11","","03","폐업","02","폐업","2007-02-12","","","","033 2571719","0.00","","강원특별자치도 춘천시 후평동 794-1","","","영웅이용원","2006-02-27 00:00:00","I","2023-06-13 00:00:00","일반이용업","266046.834875687","486431.700615874","일반이용업","0","0","0","0","0","0","0","","","","","0","0","0","N",
"735","이용업","05_19_01_P","4181000","4181000-203-2006-00001","2006-02-27","","03","폐업","02","폐업","2019-11-04","","","","033 252 0611","183.00","","강원특별자치도 춘천시 요선동 10-1","강원특별자치도 춘천시 서부대성로44번길 9 (요선동)","24271","황소이용원","2019-11-04 15:18:25","I","2023-06-13 00:00:00","일반이용업","263960.579524485","486897.723624567","일반이용업","4","1","2","2","0","0","4","","","","임대","0","0","0","N",
"736","이용업","05_19_01_P","4181000","4181000-203-2003-00016","2003-09-05","","03","폐업","02","폐업","2006-06-13","","","","033 2516883","39.30","","강원특별자치도 춘천시 옥천동 38-1","","","한림헤어샾","2006-03-21 00:00:00","I","2023-06-13 00:00:00","일반이용업","264222.499426661","486913.803645761","일반이용업","0","0","0","0","0","0","3","","","","임대","0","0","0","N",
"737","이용업","05_19_01_P","4181000","4181000-203-2005-00007","2005-10-05","","03","폐업","02","폐업","2009-05-15","","","","","94.00","","강원특별자치도 춘천시 운교동 107-1","","","드림이용원","2007-12-10 14:42:21","I","2023-06-13 00:00:00","일반이용업","264324.654585059","486238.289978923","일반이용업","0","0","0","0","0","0","0","","","","","0","0","0","N",
"738","이용업","05_19_01_P","4181000","4181000-203-2005-00008","2005-11-01","","03","폐업","02","폐업","2008-11-14","","","","","106.00","","강원특별자치도 춘천시 중앙로2가 56","","","황궁이용원","2008-09-10 13:44:55","I","2023-06-13 00:00:00","일반이용업","263686.70706117","486417.765209507","일반이용업","0","0","0","0","0","0","7","","","","","0","0","0","N",
"739","이용업","05_19_01_P","4181000","4181000-203-1965-00001","1965-10-12","","03","폐업","02","폐업","2006-03-09","","","","033 243 265","0.00","","강원특별자치도 춘천시 서면 금산리 829-2","","","희망이용소","2003-07-30 00:00:00","I","2023-06-13 00:00:00","일반이용업","260767.474526995","489355.232227278","일반이용업","0","0","0","0","0","0","0","","","","","0","0","0","N",
"740","이용업","05_19_01_P","4181000","4181000-203-1984-00006","1984-11-24","","03","폐업","02","폐업","2018-11-27","","","","033 2421035","13.00","","강원특별자치도 춘천시 동면 지내리 140-5","강원특별자치도 춘천시 동면 가산로 68","24211","동면이용소","2018-11-27 10:50:23","I","2023-06-13 00:00:00","일반이용업","268683.32235476","489991.153323451","일반이용업","0","0","0","0","0","0","0","","","","","0","0","0","N",
"741","이용업","05_19_01_P","4181000","4181000-203-1985-00001","1985-04-24","","03","폐업","02","폐업","2020-08-28","","","","033241 3513","15.00","","강원특별자치도 춘천시 신북읍 천전리 64-5 6통1반","강원특별자치도 춘천시 신북읍 신샘밭로 712","24204","문화이용소","2020-08-28 09:06:31","I","2023-06-13 00:00:00","일반이용업","269291.79777572","492227.724801763","일반이용업","0","0","0","0","0","0","0","","","","","0","0","0","N",
"742","이용업","05_19_01_P","4181000","4181000-203-1985-00003","1985-01-18","","03","폐업","02","폐업","2019-05-02","","","","033 2520300","37.00","","강원특별자치도 춘천시 죽림동 32 제일종합시장백화점, 2층","강원특별자치도 춘천시 약사고개길 13, 2층 (죽림동, 제일종합시장백화점)","24355","제일백화점구내이용소","2019-05-02 09:56:22","I","2023-06-13 00:00:00","일반이용업","263815.717679964","486351.132414808","일반이용업","0","0","0","0","0","0","3","","","","","0","0","0","N",
"743","이용업","05_19_01_P","4181000","4181000-203-1985-00005","1985-04-26","","03","폐업","02","폐업","2021-12-28","","","","","23.00","","강원특별자치도 춘천시 후평동 300-1","강원특별자치도 춘천시 춘천로 369, 후평동 (후평동)","24233","미림이용소","2021-12-28 16:57:33","I","2023-06-13 00:00:00","일반이용업","265911.418935279","487358.834191239","일반이용업","0","0","1","0","0","0","3","","","","","0","0","0","N",
"744","이용업","05_19_01_P","4181000","4181000-203-1985-00007","1985-08-08","","03","폐업","02","폐업","2018-10-15","","","","033 2578048","15.00","","강원특별자치도 춘천시 사농동 115-19","강원특별자치도 춘천시 영서로 2859 (사농동)","24235","문화이용소","2018-10-15 14:44:43","I","2023-06-13 00:00:00","일반이용업","263566.455524892","489658.162471359","일반이용업","0","0","1","0","0","0","2","","","","","0","0","0","N",
"745","이용업","05_19_01_P","4181000","4181000-203-1985-00011","1985-12-04","","03","폐업","02","폐업","2025-03-31","","","","033 2578788","24.00","","강원특별자치도 춘천시 소양로4가 103-9","강원특별자치도 춘천시 가연길 15 (소양로4가)","24275","소낙이용소","2025-03-31 09:53:47","U","2025-04-02 02:40:00","일반이용업","263419.742460139","486381.291532468","일반이용업","0","0","0","0","0","0","2","","","","","0","0","0","N",
"746","이용업","05_19_01_P","4181000","4181000-203-1985-00012","1985-12-04","","03","폐업","02","폐업","2009-09-16","","","","033 2572223","32.64","","강원특별자치도 춘천시 근화동 797-5","","","충북이용소","2003-07-24 00:00:00","I","2023-06-13 00:00:00","일반이용업","263585.371336082","487980.714652331","일반이용업","0","0","0","0","0","0","0","","","","","0","0","0","N",
"747","이용업","05_19_01_P","4181000","4181000-203-1986-00001","1986-02-08","","03","폐업","02","폐업","2025-03-14","","","","033 254 4689","29.00","","강원특별자치도 춘천시 효자동 743-21","강원특별자치도 춘천시 춘천로 220, 1층 (효자동)","24293","미광이용소","2025-03-14 15:43:41","U","2025-03-16 02:40:00","일반이용업","264896.625172441","486359.744064114","일반이용업","0","0","1","0","0","0","3","","","","","0","0","0","N",
"748","이용업","05_19_01_P","4181000","4181000-203-1986-00003","1986-05-14","","03","폐업","02","폐업","2011-11-23","","","","033 2558916","0.00","","강원특별자치도 춘천시 퇴계동 369-52","","","행복이용소","2003-07-24 00:00:00","I","2023-06-13 00:00:00","일반이용업","","","일반이용업","0","0","0","0","0","0","0","","","","","0","0","0","N",
"749","이용업","05_19_01_P","4181000","4181000-203-1986-00004","1986-08-06","","03","폐업","02","폐업","2004-07-08","","","","033 2565760","36.95","","강원특별자치도 춘천시 효자동 192-1","","","강원대학구내이용소","2003-07-24 00:00:00","I","2023-06-13 00:00:00","일반이용업","265481.557982219","485420.871953344","일반이용업","0","0","0","0","0","0","5","","","","","0","0","0","N",
"750","이용업","05_19_01_P","4181000","4181000-203-1986-00005","1986-10-08","","03","폐업","02","폐업","2010-03-24","","","","033 2548381","0.00","","강원특별자치도 춘천시 효자동 684-11 남부시장 2층 4호","","","남부이용소","2003-07-24 00:00:00","I","2023-06-13 00:00:00","일반이용업","263776.104141899","485573.469431416","일반이용업","0","0","0","0","0","0","0","","","","","0","0","0","N",
"751","이용업","05_19_01_P","4181000","4181000-203-1986-00006","1986-11-26","","03","폐업","02","폐업","2016-06-14","","","","033 2515318","21.00","","강원특별자치도 춘천시 죽림동 12-1","강원특별자치도 춘천시 명동길 43 (죽림동)","24357","죽림이용소","2013-07-23 16:23:14","I","2023-06-13 00:00:00","일반이용업","263700.895910776","486325.154526633","일반이용업","0","0","1","0","0","0","3","","","","","0","0","0","N",
"752","이용업","05_19_01_P","4181000","4181000-203-2021-00001","2021-02-09","","03","폐업","02","폐업","2021-11-30","","","","","13.77","","강원특별자치도 춘천시 퇴계동 79","강원특별자치도 춘천시 안마산로 213, 301호 (퇴계동)","24421","가야이용원","2021-11-30 11:12:16","I","2023-06-13 00:00:00","일반이용업","264855.838698284","483301.263496797","일반이용업","0","0","0","0","0","0","2","","","","","0","0","0","N",
"753","이용업","05_19_01_P","4181000","4181000-203-2019-00004","2019-11-22","","03","폐업","02","폐업","2021-05-25","","","","","16.96","","강원특별자치도 춘천시 후평동 686","강원특별자치도 춘천시 춘천로281번길 6, 가동 102호 (후평동)","24256","젠틀맨이발","2021-05-25 10:46:28","I","2023-06-13 00:00:00","일반이용업","265418.867527235","486742.137485723","일반이용업","0","0","0","0","0","0","2","","","","","0","0","0","N",
"754","이용업","05_19_01_P","4181000","4181000-203-2017-00001","2017-01-04","","03","폐업","02","폐업","2018-02-28","","","","033 253 3610","12.30","","강원특별자치도 춘천시 효자동 740-6 1층","강원특별자치도 춘천시 춘천로213번길 9, 1층 (효자동)","24261","바위이용원","2018-02-28 10:39:08","I","2023-06-13 00:00:00","일반이용업","264777.033299891","486429.36443569","일반이용업","2","1","1","1","0","0","2","","","","임대","0","0","0","N",
"755","이용업","05_19_01_P","4181000","4181000-203-2009-00008","2009-08-18","","03","폐업","02","폐업","2018-11-19","","","","033 243 9123","19.35","","강원특별자치도 춘천시 후평동 714-14","강원특별자치도 춘천시 후석로 415-1 (후평동)","24251","춘일이용소","2018-11-19 15:33:08","I","2023-06-13 00:00:00","일반이용업","265422.643915227","487413.318118827","일반이용업","2","0","1","1","0","0","2","","","","임대","0","1","0","N",
"756","이용업","05_19_01_P","4181000","4181000-203-2009-00009","2009-09-18","","03","폐업","02","폐업","2010-08-26","","","","","28.49","","강원특별자치도 춘천시 퇴계동 910","","","연심이용소","2009-09-21 09:57:17","I","2023-06-13 00:00:00","일반이용업","263820.181848402","484410.579598224","일반이용업","1","0","1","0","0","0","3","","","","임대","1","1","0","N",
"757","이용업","05_19_01_P","4181000","4181000-203-2009-00010","2009-11-25","","03","폐업","02","폐업","2010-09-10","","","","","68.81","","강원특별자치도 춘천시 효자동 655-9","","","발리이용원","2009-12-10 10:38:13","I","2023-06-13 00:00:00","일반이용업","264555.847092814","486221.540233505","일반이용업","3","0","2","0","0","0","2","","","","","1","1","0","N",
"758","이용업","05_19_01_P","4181000","4181000-203-2015-00004","2015-11-10","","03","폐업","02","폐업","2023-12-04","","","","","16.75","","강원특별자치도 춘천시 온의동 151-2","강원특별자치도 춘천시 영서로 2309, 4층 (온의동)","24435","화산이용원","2023-12-04 09:26:30","U","2023-12-06 02:40:00","일반이용업","263145.477711722","485095.984266514","일반이용업","5","1","4","4","0","0","3","","","","","0","0","0","N",
"759","이용업","05_19_01_P","4181000","4181000-203-2021-00002","2021-05-06","","03","폐업","02","폐업","2021-11-01","","","","","36.00","","강원특별자치도 춘천시 퇴계동 1180","강원특별자치도 춘천시 퇴계로 34, 가동 (퇴계동)","24368","노벨바버샵(남춘천역점)","2021-11-02 13:53:45","I","2023-06-13 00:00:00","일반이용업","263727.864177962","484955.696730972","일반이용업","0","0","0","0","0","0","2","","","","","0","0","0","N",
"760","이용업","05_19_01_P","4181000","4181000-203-2021-00004","2021-08-18","","03","폐업","02","폐업","2024-04-08","","","","","39.00","","강원특별자치도 춘천시 온의동 541-3","강원특별자치도 춘천시 충혼길 48 (온의동)","24437","미스다컴","2024-04-08 13:13:47","U","2024-04-10 02:40:00","일반이용업","263335.824804232","484445.254383295","일반이용업","0","0","0","0","0","0","3","","","","","0","0","0","N",
"761","이용업","05_19_01_P","4181000","4181000-203-2021-00005","2021-11-10","","03","폐업","02","폐업","2022-09-27","","","","033 256 1180","36.00","","강원특별자치도 춘천시 퇴계동 1180","강원특별자치도 춘천시 퇴계로 34, 가동 1층 (퇴계동)","24368","노벨바버샵(남춘천역점)","2022-09-27 14:43:44","I","2023-06-13 00:00:00","일반이용업","263727.864177962","484955.696730972","일반이용업","1","0","1","1","0","0","2","","","","임대","0","0","0","N",
"762","이용업","05_19_01_P","4181000","4181000-203-1987-00003","1987-09-28","","03","폐업","02","폐업","2019-08-06","","","","033 2541297","0.00","","강원특별자치도 춘천시 운교동 179-16","강원특별자치도 춘천시 춘천로 170 (운교동)","24329","계림이용원","2019-08-06 16:48:11","I","2023-06-13 00:00:00","일반이용업","264418.851821577","486207.946022308","일반이용업","0","0","0","0","0","0","0","","","","","0","0","0","N",
"763","이용업","05_19_01_P","4181000","4181000-203-1987-00004","1987-12-29","","03","폐업","02","폐업","2007-05-04","","","","033 2517238","0.00","","강원특별자치도 춘천시 신북읍 산천리 349-1","","","산천이용소","2003-07-30 00:00:00","I","2023-06-13 00:00:00","일반이용업","265987.667621157","494032.508311463","일반이용업","0","0","0","0","0","0","0","","","","","0","0","0","N",
"764","이용업","05_19_01_P","4181000","4181000-203-1989-00002","1989-06-09","","03","폐업","02","폐업","2019-06-26","","","","033 2527803","33.00","","강원특별자치도 춘천시 퇴계동 908-6","강원특별자치도 춘천시 춘주로179번길 6-4 (퇴계동)","24451","신효자이용원","2019-06-26 17:39:53","I","2023-06-13 00:00:00","일반이용업","263922.967692794","484323.323699792","일반이용업","0","0","1","0","0","0","4","","","","","0","0","0","N",
"765","이용업","05_19_01_P","4181000","4181000-203-1990-00003","1990-04-06","","03","폐업","02","폐업","2025-10-10","","","","033 2515254","26.00","","강원특별자치도 춘천시 후평동 801-3","강원특별자치도 춘천시 보안길 21 (후평동)","24304","동광이용소","2025-10-10 13:22:27","U","2025-10-12 02:40:00","일반이용업","266161.443337013","486280.587050462","일반이용업","0","0","1","0","0","0","3","","","","","0","0","0","N",
"766","이용업","05_19_01_P","4181000","4181000-203-1990-00005","1990-10-05","","03","폐업","02","폐업","2017-01-25","","","","033 2522631","23.00","","강원특별자치도 춘천시 소양로1가 99-12 2층","강원특별자치도 춘천시 소양로211번길 8-8, 2층 (소양로1가)","24241","광진이용소","2015-06-17 10:24:48","I","2023-06-13 00:00:00","일반이용업","263724.315046265","487969.813181515","일반이용업","0","0","0","0","0","0","3","","","","","0","0","0","N",
"767","이용업","05_19_01_P","4181000","4181000-203-1991-00001","1991-07-24","","03","폐업","02","폐업","2013-10-31","","","","033 2526838","23.10","","강원특별자치도 춘천시 효자동 745-2","강원특별자치도 춘천시 춘천로213번길 8 (효자동)","24259","명로이용원","2013-07-24 09:51:40","I","2023-06-13 00:00:00","일반이용업","264815.235318304","486421.494567124","일반이용업","0","0","1","0","0","0","3","","","","","0","0","0","N",
"768","이용업","05_19_01_P","4181000","4181000-203-1991-00002","1991-11-26","","03","폐업","02","폐업","2005-04-22","","","","","0.00","","강원특별자치도 춘천시 운교동 181-2","","","대한이용소","2004-12-14 00:00:00","I","2023-06-13 00:00:00","일반이용업","264455.753606792","486181.178189515","일반이용업","0","0","0","0","0","0","0","","","","","0","0","0","N",
"769","이용업","05_19_01_P","4181000","4181000-203-1960-00001","1960-11-25","","03","폐업","02","폐업","2003-08-01","","","","","0.00","","강원특별자치도 춘천시 효자동 550","","","동신이발관","2003-07-29 00:00:00","I","2023-06-13 00:00:00","일반이용업","","","일반이용업","0","0","0","0","0","0","4","","","","","0","0","0","N",
"770","이용업","05_19_01_P","4181000","4181000-203-2010-00002","2010-03-30","","03","폐업","02","폐업","2010-07-23","","","","","7.77","","강원특별자치도 춘천시 퇴계동 668","","","효신이용원","2010-03-30 15:53:52","I","2023-06-13 00:00:00","일반이용업","","","일반이용업","0","1","0","0","0","0","2","","","","","0","0","0","N",
"771","이용업","05_19_01_P","4181000","4181000-203-1992-00002","1992-01-27","","03","폐업","02","폐업","2008-04-03","","","","033 2613356","18.54","","강원특별자치도 춘천시 석사동 667-6","","","뉴욕이발관","2007-12-17 10:19:59","I","2023-06-13 00:00:00","일반이용업","265449.520076664","484153.034992138","일반이용업","0","0","0","0","0","0","3","","","","","0","0","0","N",
"772","이용업","05_19_01_P","4181000","4181000-203-2008-00001","2008-01-18","","03","폐업","02","폐업","2009-08-11","","","","033 243 9123","32.00","","강원특별자치도 춘천시 신북읍 율문리 304-4","","","승민이용원","2008-01-22 10:27:57","I","2023-06-13 00:00:00","일반이용업","265656.73599808","491818.978976613","일반이용업","0","0","1","1","0","0","2","","","","","0","0","0","N",
"773","이용업","05_19_01_P","4181000","4181000-203-2008-00002","2008-02-11","","03","폐업","02","폐업","2008-04-29","","","","033 242 4011","14.00","","강원특별자치도 춘천시 온의동 151-2","","","화산이용원","2008-02-11 16:48:52","I","2023-06-13 00:00:00","일반이용업","263145.477711722","485095.984266514","일반이용업","4","0","4","5","0","0","4","","","","","0","0","0","N",
"774","이용업","05_19_01_P","4181000","4181000-203-2008-00003","2008-02-15","","03","폐업","02","폐업","2008-09-02","","","","","7.77","","강원특별자치도 춘천시 퇴계동 53-1 11토지53브럭1롯트","","","효신이용소","2008-02-20 16:03:45","I","2023-06-13 00:00:00","일반이용업","","","일반이용업","4","0","3","0","1","0","2","","","","임대","0","0","0","N",
"775","이용업","05_19_01_P","4181000","4181000-203-2008-00004","2008-03-06","","03","폐업","02","폐업","2008-12-01","","","","033 254 4412","10.50","","강원특별자치도 춘천시 퇴계동 891","","","퇴계목욕탕이용소","2008-03-06 17:15:53","I","2023-06-13 00:00:00","일반이용업","263622.826907246","484368.287575949","일반이용업","0","1","0","0","0","0","2","","","","","0","0","0","N",
"776","이용업","05_19_01_P","4181000","4181000-203-2008-00005","2008-05-20","","03","폐업","02","폐업","2008-12-22","","","","","14.00","","강원특별자치도 춘천시 온의동 151-2","","","온의이용소","2008-05-26 14:28:54","I","2023-06-13 00:00:00","일반이용업","263145.477711722","485095.984266514","일반이용업","5","0","4","0","0","0","4","","","","","0","0","0","N",
"777","이용업","05_19_01_P","4181000","4181000-203-2008-00010","2008-09-30","","03","폐업","02","폐업","2009-04-01","","","","033 255 0904","24.00","","강원특별자치도 춘천시 후평동 714-14","","","스마일헤어샵","2008-10-07 11:05:08","I","2023-06-13 00:00:00","일반이용업","265422.643915227","487413.318118827","일반이용업","1","0","1","0","0","0","2","","","","임대","0","0","0","N",
"778","이용업","05_19_01_P","4181000","4181000-203-2008-00011","2008-10-02","","03","폐업","02","폐업","2009-05-04","","","","","18.00","","강원특별자치도 춘천시 신북읍 산천리 310-13","","","온천구내이발관","2008-10-16 09:05:46","I","2023-06-13 00:00:00","일반이용업","266194.20550817","494379.173036803","일반이용업","1","0","0","0","0","0","2","","","","임대","0","1","0","N",
"779","이용업","05_19_01_P","4181000","4181000-203-2008-00013","2008-12-18","","03","폐업","02","폐업","2015-09-23","","","","","78.84","","강원특별자치도 춘천시 후평동 794-1 지하1층","강원특별자치도 춘천시 후석로 300, 지하1층 (후평동)","24304","영웅이발관","2014-11-21 14:35:08","I","2023-06-13 00:00:00","일반이용업","266046.834875687","486431.700615874","일반이용업","3","0","1","0","0","0","2","","","","임대","0","0","0","N",
"780","이용업","05_19_01_P","4181000","4181000-203-2008-00014","2008-12-22","","03","폐업","02","폐업","2019-09-18","","","","033 242 4011","10.50","","강원특별자치도 춘천시 온의동 151-2","강원특별자치도 춘천시 영서로 2309 (온의동)","24435","온의이용소","2019-09-18 09:41:53","I","2023-06-13 00:00:00","일반이용업","263145.477711722","485095.984266514","일반이용업","4","0","0","0","0","0","4","","","","임대","0","0","0","N",
"781","이용업","05_19_01_P","4181000","4181000-203-2008-00015","2008-12-23","","03","폐업","02","폐업","2011-02-28","","","","033 242 1880","20.00","","강원특별자치도 춘천시 근화동 289-15","","","컷트전문점","2008-12-26 10:54:47","I","2023-06-13 00:00:00","일반이용업","263197.598625068","485784.258158619","일반이용업","1","0","0","0","0","0","3","","","","자가","0","0","0","N",
"782","이용업","05_19_01_P","4181000","4181000-203-2010-00001","2010-03-15","","03","폐업","02","폐업","2013-10-22","","","","","12.50","","강원특별자치도 춘천시 퇴계동 891","강원특별자치도 춘천시 공원4길 23, 퇴계동 (퇴계동)","24441","퇴계이용원","2013-07-23 14:11:09","I","2023-06-13 00:00:00","일반이용업","263622.826907246","484368.287575949","일반이용업","3","0","3","0","1","0","2","","","","","0","1","0","N",
"783","이용업","05_19_01_P","4181000","4181000-203-2008-00016","2008-12-23","","03","폐업","02","폐업","2011-05-24","","","","","102.00","","강원특별자치도 춘천시 중앙로2가 56","","","황궁이발관","2010-01-21 15:14:27","I","2023-06-13 00:00:00","일반이용업","263686.70706117","486417.765209507","일반이용업","0","0","0","0","0","0","1","","","","","0","0","0","N",
"784","이용업","05_19_01_P","4181000","4181000-203-2009-00001","2009-01-21","","03","폐업","02","폐업","2010-03-15","","","","033 254 1799","10.50","","강원특별자치도 춘천시 퇴계동 891","","","퇴계이용원","2009-01-23 15:58:07","I","2023-06-13 00:00:00","일반이용업","263622.826907246","484368.287575949","일반이용업","3","1","0","0","1","0","0","","","","임대","0","1","0","N",
"785","이용업","05_19_01_P","4181000","4181000-203-2011-00004","2011-08-26","","03","폐업","02","폐업","2013-08-13","","","","033 241 1459","45.00","","강원특별자치도 춘천시 조양동 47-2","강원특별자치도 춘천시 시청길12번길 14 (조양동)","24352","새명동 이발소","2011-11-30 10:33:23","I","2023-06-13 00:00:00","일반이용업","264133.482785711","486543.987820368","일반이용업","4","1","1","1","0","0","3","","","","임대","0","0","0","N",
"786","이용업","05_19_01_P","4181000","4181000-203-2012-00001","2012-01-09","","03","폐업","02","폐업","2013-02-05","","","","033 253 1677","88.00","","강원특별자치도 춘천시 효자동 751-13","강원특별자치도 춘천시 성심로 52-1 (효자동)","24259","귀빈이용원","2012-01-20 10:22:23","I","2023-06-13 00:00:00","일반이용업","265075.747343893","486516.595362129","일반이용업","2","1","2","2","0","0","2","","","","임대","1","1","0","N",
"787","이용업","05_19_01_P","4181000","4181000-203-2012-00002","2012-04-19","","03","폐업","02","폐업","2012-04-25","","","","","0.00","","강원특별자치도 춘천시 죽림동 11-9 2층","강원특별자치도 춘천시 약사고개길 15-1, 2층 (죽림동)","24355","천호이발소","2012-04-19 13:17:51","I","2023-06-13 00:00:00","일반이용업","263814.724440574","486305.179917905","일반이용업","0","0","0","0","0","0","0","","","","","0","0","0","N",
"788","이용업","05_19_01_P","4181000","4181000-203-2012-00003","2012-04-26","","03","폐업","02","폐업","2013-05-16","","","","","9.60","","강원특별자치도 춘천시 죽림동 11-9 2층","강원특별자치도 춘천시 약사고개길 15-1, 2층 (죽림동)","24355","천호이발소","2012-04-26 14:41:17","I","2023-06-13 00:00:00","일반이용업","263814.724440574","486305.179917905","일반이용업","5","1","2","2","0","0","1","","","","임대","0","0","0","N",
"789","이용업","05_19_01_P","4181000","4181000-203-2012-00004","2012-05-04","","03","폐업","02","폐업","2013-09-13","","","","","5.00","","강원특별자치도 춘천시 효자동 740-6 바위목욕탕내","강원특별자치도 춘천시 춘천로213번길 9, 효자동동 (효자동)","24261","바위이발소","2013-07-23 14:12:14","I","2023-06-13 00:00:00","일반이용업","264777.033299891","486429.36443569","일반이용업","1","0","0","0","0","0","1","","","","","0","1","0","N",
"790","이용업","05_19_01_P","4181000","4181000-203-2011-00006","2011-11-22","","03","폐업","02","폐업","2012-04-23","","","","","12.00","","강원특별자치도 춘천시 후평동 704-15","","","토우사우나이용원","2011-11-25 11:17:22","I","2023-06-13 00:00:00","일반이용업","265698.609120601","486934.000158912","일반이용업","0","0","0","0","1","0","2","","","","임대","0","0","0","N",
"791","이용업","05_19_01_P","4181000","4181000-203-2011-00001","2011-02-28","","03","폐업","02","폐업","2015-10-08","","","","","7.77","","강원특별자치도 춘천시 퇴계동 1183-5 효신맥반석내","강원특별자치도 춘천시 퇴계로 20 (퇴계동, 효신맥반석내)","24368","효신이용원","2015-06-24 11:30:06","I","2023-06-13 00:00:00","일반이용업","263621.400632354","485048.931639369","일반이용업","0","0","0","0","1","0","2","","","","","0","0","0","N",
"792","이용업","05_19_01_P","4181000","4181000-203-2011-00002","2011-03-02","","03","폐업","02","폐업","2022-12-29","","","","033 263 5570","13.00","","강원특별자치도 춘천시 신북읍 산천리 310-13 월드온천24","강원특별자치도 춘천시 신북읍 장본길 35 (월드온천24)","24203","온천이발소","2022-12-29 15:21:41","I","2023-06-13 00:00:00","일반이용업","266194.20550817","494379.173036803","일반이용업","3","1","1","1","0","0","2","","","","임대","0","0","0","N",
"793","이용업","05_19_01_P","4181000","4181000-203-2011-00003","2011-03-07","","03","폐업","02","폐업","2015-02-23","","","","033 252 3040","16.20","","강원특별자치도 춘천시 죽림동 4-14","강원특별자치도 춘천시 중앙로67번길 33, 죽림동 (죽림동)","24353","동자이발소","2011-11-29 10:03:41","I","2023-06-13 00:00:00","일반이용업","264082.683410327","486361.236085672","일반이용업","1","0","0","0","0","0","2","","","","임대","0","1","0","N",
"794","이용업","05_19_01_P","4181000","4181000-203-2013-00001","2013-11-20","","03","폐업","02","폐업","2017-08-07","","","","033 253 7000","10.80","","강원특별자치도 춘천시 칠전동 295 지1층","강원특별자치도 춘천시 옛경춘로 425-6, 지1층 (칠전동)","24239","춘천스파레저이용원","2017-08-07 09:08:36","I","2023-06-13 00:00:00","일반이용업","261825.611352486","482764.386579068","일반이용업","1","1","0","0","1","0","2","","","","","0","0","0","N",
"795","이용업","05_19_01_P","4181000","4181000-203-2002-00009","2002-05-02","","03","폐업","02","폐업","2014-07-25","","","","033 241 3138","14.15","","강원특별자치도 춘천시 효자동 607","강원특별자치도 춘천시 서부대성로173번길 6 (효자동)","24294","남성컷트점","2014-05-08 13:16:30","I","2023-06-13 00:00:00","일반이용업","264901.396477597","486181.058631708","일반이용업","3","0","1","1","0","0","3","","","","임대","0","0","0","N",
"796","이용업","05_19_01_P","4181000","4181000-203-2014-00002","2014-10-13","","03","폐업","02","폐업","2015-03-05","","","","","15.00","","강원특별자치도 춘천시 퇴계동 891 퇴계사우나 내 (지하1층)","강원특별자치도 춘천시 공원4길 23, 지하1층 (퇴계동)","24441","퇴계사우나구내이용소","2014-10-13 16:21:43","I","2023-06-13 00:00:00","일반이용업","263622.826907246","484368.287575949","일반이용업","4","2","1","1","0","0","2","","","","","0","0","0","N",
"797","이용업","05_19_01_P","4181000","4181000-203-2012-00005","2012-11-13","","03","폐업","02","폐업","2013-09-13","","","","033 261 9446","26.70","","강원특별자치도 춘천시 석사동 902-4","강원특별자치도 춘천시 스무숲1길 13 (석사동)","24416","모스테이션","2013-07-31 16:08:23","I","2023-06-13 00:00:00","일반이용업","265853.365","483357.395","일반이용업","4","0","1","0","0","0","2","","","","","0","0","0","N",
"798","이용업","05_19_01_P","4181000","4181000-203-1971-00009","1971-09-29","","03","폐업","02","폐업","2024-05-02","","","","033 2411459","31.28","","강원특별자치도 춘천시 약사동 96-1","강원특별자치도 춘천시 약사고개길 48, 1층 (약사동)","24357","의봉이발관","2024-05-02 14:40:31","U","2024-05-04 02:40:00","일반이용업","263871.816490876","485996.047597978","일반이용업","3","1","1","1","0","0","3","","","","임대","0","0","0","N",
"799","이용업","05_19_01_P","4181000","4181000-203-2015-00002","2015-09-11","","03","폐업","02","폐업","2018-01-19","","","","033 254 7844","12.10","","강원특별자치도 춘천시 중앙로2가 42-89","강원특별자치도 춘천시 중앙로 83-1 (중앙로2가)","24354","뷰티초이스천연머리염색(중앙로점)","2018-01-19 15:04:51","I","2023-06-13 00:00:00","일반이용업","263733.164761326","486416.435240309","일반이용업","3","0","1","0","0","0","2","","","","","0","0","0","N",
"800","이용업","05_19_01_P","4181000","4181000-203-2015-00003","2015-11-04","","03","폐업","02","폐업","2016-04-18","","","","","13.22","","강원특별자치도 춘천시 효자동 740-6","강원특별자치도 춘천시 춘천로213번길 9 (효자동)","24261","바위이용원","2015-11-04 11:57:31","I","2023-06-13 00:00:00","일반이용업","264777.033299891","486429.36443569","일반이용업","2","1","0","0","0","0","2","","","","","0","0","0","N",
"801","이용업","05_19_01_P","4181000","4181000-203-2015-00005","2015-12-08","","03","폐업","02","폐업","2020-10-06","","","","","6.60","","강원특별자치도 춘천시 우두동 742-1","강원특별자치도 춘천시 영서로 2793 (우두동)","24236","두미르이용소","2020-10-06 12:09:33","I","2023-06-13 00:00:00","일반이용업","263855.784005587","489030.794908325","일반이용업","0","0","0","0","0","0","2","","","","","0","0","0","N",
"802","이용업","05_19_01_P","4181000","4181000-203-2024-00001","2024-01-02","","03","폐업","02","폐업","2024-10-11","","","","","16.75","","강원특별자치도 춘천시 온의동 151-2","강원특별자치도 춘천시 영서로 2309, 4층 (온의동)","24435","화산이발","2024-10-11 10:33:55","U","2024-10-13 02:40:00","일반이용업","263145.477711722","485095.984266514","일반이용업","5","1","4","4","0","0","3","","","","임대","0","0","0","N",
"803","이용업","05_19_01_P","4191000","4191000-203-1981-00001","1981-06-30","","03","폐업","02","폐업","2024-09-30","","","","033 7633709","37.44","","강원특별자치도 원주시 개운동 383-2 지하1층","강원특별자치도 원주시 치악로 1790, 지하1층 (개운동)","26443","명동이용원","2024-09-30 10:24:20","U","2024-10-02 02:40:00","일반이용업","284608.171396176","427134.026528439","일반이용업","2","1","0","0","1","1","0","","","","","0","0","0","N",
"804","이용업","05_19_01_P","4191000","4191000-203-1981-00002","1981-08-07","","03","폐업","02","폐업","2017-02-15","","","","033 7430454","1.00","","강원특별자치도 원주시 일산동 51-12","강원특별자치도 원주시 무실로12번길 46 (일산동)","26427","쌍학이용원","2017-01-31 13:17:34","I","2023-06-13 00:00:00","일반이용업","283900.623477336","428030.822553088","일반이용업","0","0","0","0","0","0","2","","","","","0","0","0","N",
"805","이용업","05_19_01_P","4191000","4191000-203-2000-00002","2000-01-22","","03","폐업","02","폐업","2003-02-25","","","","033 7431212","1.00","","강원특별자치도 원주시 단계동 111-44 ,64","","","뉴그린이용원","2003-03-06 00:00:00","I","2023-06-13 00:00:00","일반이용업","282595.04389625","428608.159554672","일반이용업","0","0","0","0","0","0","0","","","","","0","0","0","N",
"806","이용업","05_19_01_P","4191000","4191000-203-2000-00003","2000-01-31","","03","폐업","02","폐업","2008-08-12","","","","033 7432868","16.42","","강원특별자치도 원주시 단계동 799-7 (1층)","","","성일이용원","2003-08-22 00:00:00","I","2023-06-13 00:00:00","일반이용업","283158.966903865","427130.366180278","일반이용업","0","0","0","0","0","0","3","","","","","0","0","0","N",
"807","이용업","05_19_01_P","4191000","4191000-203-2000-00005","2000-04-26","","03","폐업","02","폐업","2003-02-25","","","","033 7444161","1.00","","강원특별자치도 원주시 학성동 1023-13","","","미스터헤어두","2003-03-12 00:00:00","I","2023-06-13 00:00:00","일반이용업","283058.423446281","428714.94125219","일반이용업","0","0","0","0","0","0","0","","","","","0","0","0","N",
"808","이용업","05_19_01_P","4191000","4191000-203-2000-00008","2000-06-21","","03","폐업","02","폐업","2003-02-25","","","","033 7610803","30.24","","강원특별자치도 원주시 명륜동 847-3 청구A 상가지하B04","","","뉴신신이용원","2004-05-04 00:00:00","I","2023-06-13 00:00:00","일반이용업","283221.754269091","425218.255922879","일반이용업","0","0","0","0","0","0","0","","","","","0","0","0","N",
"809","이용업","05_19_01_P","4191000","4191000-203-2000-00014","2000-11-16","","03","폐업","02","폐업","2002-01-16","","","","033 7612804","1.00","","강원특별자치도 원주시 단구동 1576-2","","","우정이용원","2004-05-04 00:00:00","I","2023-06-13 00:00:00","일반이용업","284118.25356781","424883.107529349","일반이용업","0","0","0","0","0","0","0","","","","","0","0","0","N",
"810","이용업","05_19_01_P","4191000","4191000-203-1999-00013","1999-05-14","","03","폐업","02","폐업","2003-01-14","","","","033 7468879","150.58","","강원특별자치도 원주시 단계동 851","","","바다이용원","2003-01-14 00:00:00","I","2023-06-13 00:00:00","일반이용업","282584.994093722","427479.991786911","일반이용업","0","0","0","0","0","0","0","","","","","0","0","0","N",
"811","이용업","05_19_01_P","4191000","4191000-203-2002-00006","2002-04-22","","03","폐업","02","폐업","2003-02-25","","","","","18.00","","강원특별자치도 원주시 단구동 1589-2 청솔1차a 상가101","","","청솔이용원","2003-03-06 00:00:00","I","2023-06-13 00:00:00","일반이용업","284148.862280891","424715.600173354","일반이용업","1","0","0","0","0","0","4","","","","","0","0","0","N",
"812","이용업","05_19_01_P","4191000","4191000-203-2001-00019","2001-11-15","","03","폐업","02","폐업","2004-10-19","","","","","25.00","","강원특별자치도 원주시 문막읍 문막리 304","","","금광이용원","2003-04-22 00:00:00","I","2023-06-13 00:00:00","일반이용업","272365.940089907","423177.951148618","일반이용업","7","0","0","3","0","0","2","","","","","0","0","0","N",
"813","이용업","05_19_01_P","4191000","4191000-203-1998-00003","1998-01-22","","03","폐업","02","폐업","2003-08-27","","","","","11.00","","강원특별자치도 원주시 단계동 871","","","중앙이용원","2003-08-28 00:00:00","I","2023-06-13 00:00:00","일반이용업","282255.475912029","427439.669709274","일반이용업","5","0","0","2","0","0","2","","","","","0","0","0","N",
"814","이용업","05_19_01_P","4191000","4191000-203-2003-00001","2003-01-14","","03","폐업","02","폐업","2004-08-31","","","","033 7468879","11.40","","강원특별자치도 원주시 단계동 851","","","세종이용원","2006-03-15 00:00:00","I","2023-06-13 00:00:00","일반이용업","282584.994093722","427479.991786911","일반이용업","7","1","0","4","0","0","2","","","","","0","0","0","N",
"815","이용업","05_19_01_P","4191000","4191000-203-1964-00002","1964-08-29","","03","폐업","02","폐업","2003-02-25","","","","033 7421586","0.00","","강원특별자치도 원주시 봉산동 1104-8","","","배말이용원","2003-03-10 00:00:00","I","2023-06-13 00:00:00","일반이용업","284777.115692134","427797.687584455","일반이용업","0","0","0","0","0","0","0","","","","","0","0","0","N",
"816","이용업","05_19_01_P","4191000","4191000-203-2001-00020","2001-11-20","","03","폐업","02","폐업","2002-05-13","","","","","0.00","","강원특별자치도 원주시 문막읍 문막리 304","","","금강옥사우나내","2004-05-04 00:00:00","I","2023-06-13 00:00:00","일반이용업","272365.940089907","423177.951148618","일반이용업","0","0","0","0","0","0","0","","","","","0","0","0","N",
"817","이용업","05_19_01_P","4191000","4191000-203-1997-00008","1997-09-10","","03","폐업","02","폐업","2002-05-23","","","","","1.00","","강원특별자치도 원주시 단계동 802-7","","","우리이용원","2004-05-04 00:00:00","I","2023-06-13 00:00:00","일반이용업","283201.542994157","427006.252856055","일반이용업","0","0","0","0","0","0","0","","","","","0","0","0","N",
"818","이용업","05_19_01_P","4191000","4191000-203-1971-00006","1971-04-03","","03","폐업","02","폐업","2003-02-25","","","","033 7423040","1.00","","강원특별자치도 원주시 봉산동 1030","","","짱가이용원","2004-05-04 00:00:00","I","2023-06-13 00:00:00","일반이용업","284516.128663333","428248.576512981","일반이용업","0","0","0","0","0","0","0","","","","","0","0","0","N",
"819","이용업","05_19_01_P","4191000","4191000-203-2001-00010","2001-10-10","","03","폐업","02","폐업","2003-02-25","","","","033 7662805","69.74","","강원특별자치도 원주시 인동 264-8","","","으뜸이용원","2004-05-04 00:00:00","I","2023-06-13 00:00:00","일반이용업","284482.093866699","427441.660047554","일반이용업","0","0","0","0","0","0","8","","","","","0","0","0","N",
"820","이용업","05_19_01_P","4191000","4191000-203-1980-00007","1980-07-29","","03","폐업","02","폐업","2008-01-09","","","","033 7430785","1.00","","강원특별자치도 원주시 봉산동 1094-245","","","쌍다리이용원","2004-05-04 00:00:00","I","2023-06-13 00:00:00","일반이용업","","","일반이용업","0","0","0","0","0","0","3","","","","","0","0","0","N",
"821","이용업","05_19_01_P","4191000","4191000-203-1992-00003","1992-06-18","","03","폐업","02","폐업","2003-02-25","","","","033 7480248","1.00","","강원특별자치도 원주시 단계동 457-3","","","평원목욕탕이용원","2003-03-06 00:00:00","I","2023-06-13 00:00:00","일반이용업","","","일반이용업","0","0","0","0","0","0","0","","","","","0","0","0","N",
"822","이용업","05_19_01_P","4191000","4191000-203-1995-00006","1995-11-07","","03","폐업","02","폐업","2010-01-14","","","","033 7423082","1.00","","강원특별자치도 원주시 학성동 203-7","","","별궁이용원","2003-05-22 00:00:00","I","2023-06-13 00:00:00","일반이용업","283998.451380681","428281.324629935","일반이용업","0","0","0","0","0","0","7","","","","","0","0","0","N",
"823","이용업","05_19_01_P","4191000","4191000-203-1973-00010","1973-08-25","","03","폐업","02","폐업","2017-12-26","","","","033 732 8930","1.00","","강원특별자치도 원주시 호저면 무장리 200","강원특별자치도 원주시 호저면 장포안길 86","26301","무장이용원","2017-12-26 14:09:33","I","2023-06-13 00:00:00","일반이용업","279517.087515621","435210.416573871","일반이용업","0","0","0","0","0","0","3","","","","","0","0","0","N",
"824","이용업","05_19_01_P","4191000","4191000-203-1974-00002","1974-01-17","","03","폐업","02","폐업","2003-02-25","","","","033 7431131","1.00","","강원특별자치도 원주시 호저면 주산리 513","","","들리자이용원","2004-05-04 00:00:00","I","2023-06-13 00:00:00","일반이용업","","","일반이용업","0","0","0","0","0","0","0","","","","","0","0","0","N",
"825","이용업","05_19_01_P","4191000","4191000-203-1990-00006","1990-12-11","","03","폐업","02","폐업","2013-12-23","","","","033 7472019","1.00","","강원특별자치도 원주시 호저면 만종리 658","","","일신이용원","2003-05-22 00:00:00","I","2023-06-13 00:00:00","일반이용업","279579.447","428277.882666667","일반이용업","0","0","0","0","0","0","3","","","","","0","0","0","N",
"826","이용업","05_19_01_P","4191000","4191000-203-1966-00001","1966-07-11","","03","폐업","02","폐업","2017-05-16","","","","033 7323111","1.00","","강원특별자치도 원주시 지정면 간현리 759","","","지정이용원","2017-05-16 14:59:52","I","2023-06-13 00:00:00","일반이용업","274471.434068284","429657.187496242","일반이용업","0","0","0","0","0","0","3","","","","","0","0","0","N",
"827","이용업","05_19_01_P","4191000","4191000-203-1971-00007","1971-07-27","","03","폐업","02","폐업","2001-03-27","","","","033 7327327","1.00","","강원특별자치도 원주시 문막읍 문막리 485-7","","","태응이용원","2004-05-04 00:00:00","I","2023-06-13 00:00:00","일반이용업","","","일반이용업","0","0","0","0","0","0","0","","","","","0","0","0","N",
"828","이용업","05_19_01_P","4191000","4191000-203-1976-00002","1976-09-14","","03","폐업","02","폐업","2007-09-14","","","","033 7317351","1.00","","강원특별자치도 원주시 문막읍 문막리 265-5","","","문막이용원","2003-05-22 00:00:00","I","2023-06-13 00:00:00","일반이용업","272297.879335677","422931.842337439","일반이용업","0","0","0","0","0","0","3","","","","","0","0","0","N",
"829","이용업","05_19_01_P","4191000","4191000-203-1972-00010","1972-08-12","","03","폐업","02","폐업","2013-09-10","","","","033 765 9522","1.00","","강원특별자치도 원주시 부론면 정산리 1266","","","정산이용원","2012-08-22 16:01:29","I","2023-06-13 00:00:00","일반이용업","268631.101190832","408315.703807618","일반이용업","0","0","0","0","0","0","3","","","","","0","0","0","N",
"830","이용업","05_19_01_P","4191000","4191000-203-2009-00013","2009-11-10","","03","폐업","02","폐업","2014-07-01","","","","033 732 3001","0.00","","강원특별자치도 원주시 태장동 1364-10","강원특별자치도 원주시 북원로2718번길 9 (태장동)","26316","북원탕이발소","2009-11-10 10:52:07","I","2023-06-13 00:00:00","일반이용업","283957.517725799","431969.527610184","일반이용업","0","0","0","0","0","0","2","","","","임대","0","0","0","N",
"831","이용업","05_19_01_P","4191000","4191000-203-2007-00007","2007-11-13","","03","폐업","02","폐업","2011-04-08","","","","","15.94","","강원특별자치도 원주시 신림면 황둔리 283-2 (1층)","","","행운이용원","2009-11-18 15:38:19","I","2023-06-13 00:00:00","일반이용업","305634.223697915","418420.961026758","일반이용업","1","0","1","0","0","0","2","","","","임대","0","0","0","N",
"832","이용업","05_19_01_P","4191000","4191000-203-2001-00012","2001-05-18","","03","폐업","02","폐업","2014-10-13","","","","033 7445961","46.11","","강원특별자치도 원주시 중앙동 154 (2층)","강원특별자치도 원주시 감영길 53-4 (중앙동,(2층))","26428","대동이용원","2014-08-11 09:18:47","I","2023-06-13 00:00:00","일반이용업","284303.111973278","427855.291714469","일반이용업","0","0","2","2","0","0","6","","","","","0","0","0","N",
"833","이용업","05_19_01_P","4191000","4191000-203-2012-00001","2012-04-17","","03","폐업","02","폐업","2012-10-18","","","","033 735 2340","11.26","","강원특별자치도 원주시 문막읍 문막리 304","강원특별자치도 원주시 문막읍 문막시장1길 16","26373","금강옥사우나 이발소","2012-04-25 16:09:22","I","2023-06-13 00:00:00","일반이용업","272365.940089907","423177.951148618","일반이용업","7","1","3","0","0","0","2","","","","임대","0","1","0","N",
"834","이용업","05_19_01_P","4191000","4191000-203-2013-00001","2013-03-19","","03","폐업","02","폐업","2016-05-24","","","","033 734 5810","40.32","","강원특별자치도 원주시 학성동 326-13","강원특별자치도 원주시 중앙로 211, 1층 (학성동)","26415","단골이용원","2013-03-19 11:32:06","I","2023-06-13 00:00:00","일반이용업","283804.415140872","428467.05230698","일반이용업","4","0","1","1","0","0","4","","","","임대","0","0","0","N",
"835","이용업","05_19_01_P","4191000","4191000-203-2012-00002","2012-07-17","","03","폐업","02","폐업","2015-02-23","","","","033 743 1349","28.60","","강원특별자치도 원주시 단구동 114-14","강원특별자치도 원주시 치악로1570번길 2, 1층 (단구동)","26452","와우이용원","2013-03-28 09:24:55","I","2023-06-13 00:00:00","일반이용업","285227.912574244","425040.698217521","일반이용업","4","1","1","1","0","0","3","","","","임대","0","1","0","N",
"836","이용업","05_19_01_P","4191000","4191000-203-2013-00002","2013-04-04","","03","폐업","02","폐업","2015-09-07","","","","","6.60","","강원특별자치도 원주시 문막읍 문막리 304 외3필지 금강옥사우나 내","강원특별자치도 원주시 문막읍 문막시장1길 16, 지상3층 (금강옥사우나 내)","26373","금강","2013-04-04 13:26:18","I","2023-06-13 00:00:00","일반이용업","272365.940089907","423177.951148618","일반이용업","7","1","3","3","0","0","2","","","","","0","0","0","N",
"837","이용업","05_19_01_P","4191000","4191000-203-2011-00007","2011-11-07","","03","폐업","02","폐업","2015-11-17","","","","","10.80","","강원특별자치도 원주시 개운동 381-16","강원특별자치도 원주시 개봉교길 3 (개운동)","26443","금풍장이용원","2011-11-18 14:09:04","I","2023-06-13 00:00:00","일반이용업","284617.041312355","427208.692440919","일반이용업","3","1","2","0","0","0","1","","","","임대","0","1","0","N",
"838","이용업","05_19_01_P","4191000","4191000-203-2009-00014","2009-12-02","","03","폐업","02","폐업","2010-05-24","","","","033 744 4559","0.00","","강원특별자치도 원주시 무실동 1642-2","","","영신사우나이용원","2009-12-02 13:26:19","I","2023-06-13 00:00:00","일반이용업","282212.867026178","426408.618514418","일반이용업","0","0","0","0","0","0","3","","","","임대","0","0","0","N",
"839","이용업","05_19_01_P","4191000","4191000-203-2009-00015","2009-12-10","","03","폐업","02","폐업","2011-03-14","","","","033 743 2324","33.75","","강원특별자치도 원주시 단계동 943-11","","","까까머리이용원","2010-01-07 17:41:45","I","2023-06-13 00:00:00","일반이용업","282600.580428425","426594.156330626","일반이용업","3","1","1","0","0","0","3","","","","임대","0","0","0","N",
"840","이용업","05_19_01_P","4191000","4191000-203-2009-00016","2009-12-17","","03","폐업","02","폐업","2010-11-03","","","","","23.03","","강원특별자치도 원주시 부론면 법천리 1402-6","","","명동이용실","2009-12-17 11:39:57","I","2023-06-13 00:00:00","일반이용업","266746.932781122","411901.240555597","일반이용업","1","0","1","0","0","0","3","","","","임대","0","0","0","N",
"841","이용업","05_19_01_P","4191000","4191000-203-2009-00017","2009-12-21","","03","폐업","02","폐업","2010-10-21","","","","070 77710023","0.00","","강원특별자치도 원주시 문막읍 동화리 342-1","","","선영이용원","2009-12-21 11:41:45","I","2023-06-13 00:00:00","일반이용업","275120.848291021","425497.448689835","일반이용업","0","0","0","0","1","0","3","","","","임대","0","0","0","N",
"842","이용업","05_19_01_P","4191000","4191000-203-2010-00002","2010-01-29","","03","폐업","02","폐업","2010-02-10","","","","","0.00","","강원특별자치도 원주시 관설동 1765-4","","","프리스타일","2010-01-29 09:47:11","I","2023-06-13 00:00:00","일반이용업","285019.586723012","424198.053231936","일반이용업","0","0","0","0","0","0","0","","","","","0","0","0","N",
"843","이용업","05_19_01_P","4191000","4191000-203-2010-00003","2010-03-15","","03","폐업","02","폐업","2014-03-10","","","","033 765 7887","0.00","","강원특별자치도 원주시 관설동 1765-4","강원특별자치도 원주시 치악고교길 21 (관설동)","26469","프리스타일","2010-03-15 09:34:08","I","2023-06-13 00:00:00","일반이용업","285019.586723012","424198.053231936","일반이용업","5","0","1","0","0","0","3","","","","임대","0","0","0","N",
"844","이용업","05_19_01_P","4191000","4191000-203-2008-00003","2008-03-19","","03","폐업","02","폐업","2020-10-22","","","","","19.17","","강원특별자치도 원주시 우산동 91-6","강원특별자치도 원주시 북원로2475번길 10-7, 1층 (우산동)","26343","80이용원","2020-10-22 09:49:55","I","2023-06-13 00:00:00","이용업 기타","283142.743541813","429734.298404502","이용업 기타","2","0","1","1","0","0","2","","","","","0","1","0","N",
"845","이용업","05_19_01_P","4191000","4191000-203-2010-00007","2010-09-15","","03","폐업","02","폐업","2018-03-02","","","","","13.08","","강원특별자치도 원주시 우산동 289-17","강원특별자치도 원주시 우무개로 30 (우산동)","26343","88이용원","2018-03-02 17:24:53","I","2023-06-13 00:00:00","일반이용업","282983.253386194","429631.73049686","일반이용업","2","0","1","0","0","0","2","","","","임대","0","0","0","N",
"846","이용업","05_19_01_P","4191000","4191000-203-2011-00002","2011-05-03","","03","폐업","02","폐업","2012-11-01","","","","","0.00","","강원특별자치도 원주시 문막읍 동화리 342-1 (지하1층)","강원특별자치도 원주시 문막읍 원문로 1379 ((지하1층))","26372","비앤비비스타이용원","2012-07-11 11:12:18","I","2023-06-13 00:00:00","일반이용업","275120.848291021","425497.448689835","일반이용업","0","0","0","0","0","0","0","","","","","0","0","0","N",
"847","이용업","05_19_01_P","4191000","4191000-203-2011-00003","2011-05-17","","03","폐업","02","폐업","2012-05-08","","","","070 88806649","0.00","","강원특별자치도 원주시 개운동 398-12 외1필지(2층)","","","부산이용원","2011-05-17 13:24:25","I","2023-06-13 00:00:00","일반이용업","284678.853440635","426790.411735349","일반이용업","2","1","2","0","0","0","3","","","","임대","0","0","0","N",
"848","이용업","05_19_01_P","4191000","4191000-203-2011-00006","2011-09-26","","03","폐업","02","폐업","2014-04-07","","","","033 744 4559","19.60","","강원특별자치도 원주시 무실동 1642-2","강원특별자치도 원주시 시청로 96 (무실동)","26391","영신사우나이용원","2012-08-22 16:00:29","I","2023-06-13 00:00:00","일반이용업","282212.867026178","426408.618514418","일반이용업","7","1","5","0","0","0","3","","","","임대","0","1","0","N",
"849","이용업","05_19_01_P","4191000","4191000-203-2011-00001","2011-04-01","","03","폐업","02","폐업","2016-09-30","","","","","0.00","","강원특별자치도 원주시 학성동 1061-5 외2필지(3층)","강원특별자치도 원주시 남산로 180 (학성동,외2필지(3층))","26417","대성스파이용원","2013-10-07 14:18:54","I","2023-06-13 00:00:00","일반이용업","283291.73714663","428198.67238433","일반이용업","8","1","3","0","0","0","3","","","","임대","0","0","0","N",
"850","이용업","05_19_01_P","4191000","4191000-203-2010-00005","2010-05-18","","03","폐업","02","폐업","2010-09-28","","","","","0.00","","강원특별자치도 원주시 반곡동 1401-10 외29필지(2층)","","","인터불고이용원","2010-05-18 11:43:22","I","2023-06-13 00:00:00","일반이용업","","","일반이용업","0","0","2","0","0","0","2","","","","임대","0","0","0","N",
"851","이용업","05_19_01_P","4191000","4191000-203-2001-00001","2001-01-09","","03","폐업","02","폐업","2011-03-21","","","","033 7466933","0.00","","강원특별자치도 원주시 우산동 159-13","","","삼호이용원","2010-07-04 16:53:16","I","2023-06-13 00:00:00","일반이용업","282910.380427621","429438.522453161","일반이용업","0","0","0","0","0","0","3","","","","임대","0","0","0","N",
"852","이용업","05_19_01_P","4191000","4191000-203-2011-00008","2011-11-29","","03","폐업","02","폐업","2012-01-11","","","","","7.36","","강원특별자치도 원주시 명륜동 833-1","강원특별자치도 원주시 남원로469번길 7 (명륜동)","26482","로얄사우나이용원","2011-12-09 10:42:11","I","2023-06-13 00:00:00","일반이용업","283445.570846743","425455.484263598","일반이용업","4","0","3","0","0","0","1","","","","임대","0","1","0","N",
"853","이용업","05_19_01_P","4191000","4191000-203-2013-00003","2013-09-23","","03","폐업","02","폐업","2015-01-02","","","","033 746 6230","60.45","","강원특별자치도 원주시 봉산동 1099-18 외1필지,원주시동부타운상가 101호","강원특별자치도 원주시 치악로 1871, 지상1층 101호 (봉산동, 외1필지,원주시동부타운상가)","26329","송암이용원","2013-09-23 15:41:11","I","2023-06-13 00:00:00","일반이용업","284672.066410154","427788.308925988","일반이용업","2","0","1","1","0","0","4","","","","","0","0","0","N",
"854","이용업","05_19_01_P","4191000","4191000-203-2013-00004","2013-10-15","","03","폐업","02","폐업","2016-10-06","","","","","7.36","","강원특별자치도 원주시 명륜동 833-1 외2필지 3층","강원특별자치도 원주시 남원로469번길 7 (명륜동, 외2필지 3층)","26482","로얄이용원","2016-03-15 11:45:28","I","2023-06-13 00:00:00","일반이용업","283445.570846743","425455.484263598","일반이용업","5","1","3","3","0","0","2","","","","","0","0","0","N",
"855","이용업","05_19_01_P","4191000","4191000-203-2015-00002","2015-03-24","","03","폐업","02","폐업","2015-09-21","","","","","8.60","","강원특별자치도 원주시 태장동 1364-9 지상2층, 박정호씨근린생활시설 가동","강원특별자치도 원주시 북원로2718번길 9, 가동 지상2층 (태장동, 박정호씨근린생활시설)","26316","북원탕이발소","2015-04-03 15:26:28","I","2023-06-13 00:00:00","일반이용업","283959.351795965","431981.374813098","일반이용업","3","1","2","2","0","0","2","","","","임대","0","1","0","N",
"856","이용업","05_19_01_P","4191000","4191000-203-2015-00004","2015-04-22","","03","폐업","02","폐업","2016-05-18","","","","","18.55","","강원특별자치도 원주시 우산동 234-2","강원특별자치도 원주시 우산로 32, 1층 (우산동)","26343","상지사우나이용원","2015-05-08 17:36:22","I","2023-06-13 00:00:00","일반이용업","282900.934305789","429865.231325672","일반이용업","2","0","1","1","0","0","3","","","","임대","0","0","0","N",
"857","이용업","05_19_01_P","4191000","4191000-203-2015-00005","2015-04-28","","03","폐업","02","폐업","2018-08-17","","","","","15.60","","강원특별자치도 원주시 단구동 172-3 1층","강원특별자치도 원주시 치악로 1624 (단구동, 1층)","26451","수현이용원","2018-08-17 13:24:51","I","2023-06-13 00:00:00","일반이용업","285044.435053414","425514.585198573","일반이용업","2","0","1","1","0","0","3","","","","임대","0","1","0","N",
"858","이용업","05_19_01_P","4191000","4191000-203-2015-00009","2015-10-01","","03","폐업","02","폐업","2019-12-09","","","","","6.25","","강원특별자치도 원주시 단계동 651-1 지하1층","강원특별자치도 원주시 서원대로 106, 지하1층 (단계동)","26381","(주)신우","2019-12-09 11:46:42","I","2023-06-13 00:00:00","일반이용업","281838.569698066","427613.759606355","일반이용업","4","2","0","0","1","1","0","","","","","0","0","0","N",
"859","이용업","05_19_01_P","4191000","4191000-203-2015-00010","2015-10-12","","03","폐업","02","폐업","2018-06-18","","","","","5.21","","강원특별자치도 원주시 단구동 185-8 3층","강원특별자치도 원주시 강변로 231-2 (단구동, 3층)","26451","온천이용원","2018-06-18 09:11:05","I","2023-06-13 00:00:00","이용업 기타","285187.51465953","425592.23037359","이용업 기타","3","0","3","3","0","0","1","","","","임대","0","0","0","N",
"860","이용업","05_19_01_P","4191000","4191000-203-2015-00012","2015-11-10","","03","폐업","02","폐업","2016-04-08","","","","","8.60","","강원특별자치도 원주시 태장동 1364-9 외1필지,지상2층","강원특별자치도 원주시 북원로2718번길 9, 지상2층 (태장동, 외1필지)","26316","북원목욕탕이발소","2015-11-30 09:44:02","I","2023-06-13 00:00:00","일반이용업","283959.351795965","431981.374813098","일반이용업","3","1","2","2","0","0","0","","","","임대","0","1","0","N",
"861","이용업","05_19_01_P","4191000","4191000-203-2015-00006","2015-07-16","","03","폐업","02","폐업","2015-09-16","","","","","5.21","","강원특별자치도 원주시 단구동 185-8 3층","강원특별자치도 원주시 강변로 231-2 (단구동, 3층)","26451","온천이용원","2015-08-10 16:01:41","I","2023-06-13 00:00:00","일반이용업","285187.51465953","425592.23037359","일반이용업","3","0","3","3","0","0","0","","","","임대","0","0","0","N",
"862","이용업","05_19_01_P","4191000","4191000-203-2015-00007","2015-07-17","","03","폐업","02","폐업","2015-12-07","","","","","19.35","","강원특별자치도 원주시 반곡동 1401-10 (인터불고호텔사우나내2층)","강원특별자치도 원주시 동부순환로 200 (반곡동, (인터불고호텔사우나내2층))","26460","인터불고이용원","2015-08-10 15:45:45","I","2023-06-13 00:00:00","일반이용업","286272.710008855","426045.161207519","일반이용업","8","2","2","2","0","0","0","","","","임대","0","0","0","N",
"863","이용업","05_19_01_P","4191000","4191000-203-2007-00002","2007-03-14","","03","폐업","02","폐업","2017-04-11","","","","033744 0188","22.77","","강원특별자치도 원주시 단계동 929-6","강원특별자치도 원주시 이화2길 33 (단계동)","26474","준이용원","2017-04-11 15:20:41","I","2023-06-13 00:00:00","일반이용업","282655.698029098","426774.591026489","일반이용업","2","0","1","1","0","0","3","","","","임대","0","0","0","N",
"864","이용업","05_19_01_P","4191000","4191000-203-2007-00003","2007-05-15","","03","폐업","02","폐업","2015-02-26","","","","033 7660213","26.72","","강원특별자치도 원주시 명륜동 417","강원특별자치도 원주시 예술관길 6 (명륜동)","26480","헤어클럽","2007-05-30 00:00:00","I","2023-06-13 00:00:00","일반이용업","283546.753709363","426239.749684492","일반이용업","3","1","1","1","0","0","3","","","","임대","0","0","0","N",
"865","이용업","05_19_01_P","4191000","4191000-203-2007-00006","2007-08-01","","03","폐업","02","폐업","2008-11-07","","","","033 745 9740","27.12","","강원특별자치도 원주시 개운동 117-5 지하1층","","","남경이발관","2007-08-01 17:50:35","I","2023-06-13 00:00:00","일반이용업","284531.518990407","427087.206278375","일반이용업","5","1","0","0","1","1","2","","","","임대","0","0","0","N",
"866","이용업","05_19_01_P","4191000","4191000-203-2008-00001","2008-01-17","","03","폐업","02","폐업","2018-03-12","","","","033 748 5037","10.31","","강원특별자치도 원주시 단구동 112","강원특별자치도 원주시 치악로1568번길 13 (단구동)","26452","대원목욕탕 이용소","2018-03-12 09:59:47","I","2023-06-13 00:00:00","일반이용업","285324.908957855","425055.82239569","일반이용업","3","1","1","1","0","0","2","","","","임대","0","0","0","N",
"867","이용업","05_19_01_P","4191000","4191000-203-2008-00002","2008-03-06","","03","폐업","02","폐업","2011-04-07","","","","","11.52","","강원특별자치도 원주시 문막읍 문막리 304 (3층)","","","금강옥사우나 이용원","2010-01-26 13:13:28","I","2023-06-13 00:00:00","일반이용업","272365.940089907","423177.951148618","일반이용업","7","1","3","3","0","0","2","","","","","0","0","0","N",
"868","이용업","05_19_01_P","4191000","4191000-203-2008-00005","2008-11-11","","03","폐업","02","폐업","2013-01-16","","","","","21.60","","강원특별자치도 원주시 단계동 867-4","강원특별자치도 원주시 장미공원길 71-9 (단계동)","26436","모범이용원","2008-11-27 11:17:54","I","2023-06-13 00:00:00","일반이용업","282335.149117771","427495.377711441","일반이용업","3","0","30","0","0","0","1","","","","임대","0","0","0","N",
"869","이용업","05_19_01_P","4191000","4191000-203-2008-00006","2008-12-26","","03","폐업","02","폐업","2015-08-27","","","","033 735 5850","6.35","","강원특별자치도 원주시 단계동 871","강원특별자치도 원주시 장미공원길 75 (단계동)","26436","중앙사우나이용원","2009-01-02 17:12:40","I","2023-06-13 00:00:00","일반이용업","282255.475912029","427439.669709274","일반이용업","5","1","2","2","0","0","2","","","","임대","0","0","0","N",
"870","이용업","05_19_01_P","4191000","4191000-203-2009-00001","2009-01-05","","03","폐업","02","폐업","2024-01-19","","","","033 732 0068","26.56","","강원특별자치도 원주시 부론면 법천리 1529 외2필지","","","부영이용원","2024-01-19 16:04:42","U","2024-01-21 02:40:00","일반이용업","266449.666300118","412246.304562798","일반이용업","2","0","1","1","0","0","1","","","","","0","0","0","N",
"871","이용업","05_19_01_P","4191000","4191000-203-2009-00002","2009-01-05","","03","폐업","02","폐업","2015-06-19","","","","","12.87","","강원특별자치도 원주시 개운동 395-16","강원특별자치도 원주시 개운4길 8 (개운동)","26444","상지이용원","2009-03-06 16:59:56","I","2023-06-13 00:00:00","일반이용업","284952.582392706","426954.623945136","일반이용업","2","0","1","1","0","0","2","","","","","0","0","0","N",
"872","이용업","05_19_01_P","4191000","4191000-203-2009-00003","2009-01-13","","03","폐업","02","폐업","2009-02-16","","","","","8.01","","강원특별자치도 원주시 행구동 1534-1 2층","","","동원사우나이발소","2009-01-20 17:07:42","I","2023-06-13 00:00:00","일반이용업","287425.917819362","427244.881681213","일반이용업","3","1","2","0","0","0","0","","","","","0","0","0","N",
"873","이용업","05_19_01_P","4191000","4191000-203-2009-00004","2009-01-29","","03","폐업","02","폐업","2010-03-26","","","","","38.25","","강원특별자치도 원주시 학성동 436-29","","","럭키이용원","2009-01-29 16:29:10","I","2023-06-13 00:00:00","일반이용업","283577.257602754","428604.145453612","일반이용업","0","0","3","2","0","0","1","","","","임대","0","0","0","N",
"874","이용업","05_19_01_P","4191000","4191000-203-2009-00007","2009-09-03","","03","폐업","02","폐업","2017-04-03","","","","033 7647961","15.21","","강원특별자치도 원주시 단구동 172-3","강원특별자치도 원주시 치악로 1624 (단구동)","26451","강남이용원","2017-04-03 16:47:32","I","2023-06-13 00:00:00","일반이용업","285044.435053414","425514.585198573","일반이용업","0","0","1","0","0","0","3","","","","임대","0","0","0","N",
"875","이용업","05_19_01_P","4191000","4191000-203-2009-00008","2009-09-30","","03","폐업","02","폐업","2015-03-23","","","","","19.52","","강원특별자치도 원주시 우산동 234-2","강원특별자치도 원주시 우산로 32 (우산동)","26343","상지사우나이용원","2011-05-17 09:38:00","I","2023-06-13 00:00:00","일반이용업","282900.934305789","429865.231325672","일반이용업","2","1","1","0","0","0","3","","","","임대","0","0","0","N",
"876","이용업","05_19_01_P","4191000","4191000-203-2009-00005","2009-05-04","","03","폐업","02","폐업","2009-07-02","","","","033 742 9215","30.40","","강원특별자치도 원주시 단계동 809 벽산APT 상가2층  201호","","","하나로이용원","2009-05-04 11:32:36","I","2023-06-13 00:00:00","일반이용업","282575.668951368","428109.420429959","일반이용업","2","1","2","0","0","0","3","","","","임대","0","0","0","N",
"877","이용업","05_19_01_P","4191000","4191000-203-2009-00011","2009-10-15","","03","폐업","02","폐업","2009-12-02","","","","033 761 6507","23.80","","강원특별자치도 원주시 일산동 264-23","","","국제이용원","2009-10-15 17:10:59","I","2023-06-13 00:00:00","일반이용업","283235.619066756","427807.402246572","일반이용업","5","1","1","0","0","0","2","","","","임대","0","0","0","N",
"878","이용업","05_19_01_P","4191000","4191000-203-2008-00004","2008-10-20","","03","폐업","02","폐업","2012-02-13","","","","","15.90","","강원특별자치도 원주시 명륜동 124 외1필지대성아파트상가105호","","","원이발소","2009-12-18 10:34:52","I","2023-06-13 00:00:00","일반이용업","284132.141987679","426812.624137424","일반이용업","0","0","0","0","0","0","2","","","","임대","0","0","0","N",
"879","이용업","05_19_01_P","4191000","4191000-203-2009-00012","2009-10-29","","03","폐업","02","폐업","2010-11-24","","","","033 766 5885","0.00","","강원특별자치도 원주시 단구동 146-3","","","스파이용원","2009-11-11 15:43:04","I","2023-06-13 00:00:00","일반이용업","285269.145823877","425351.223118513","일반이용업","0","0","0","0","0","0","2","","","","임대","0","0","0","N",
"880","이용업","05_19_01_P","4191000","4191000-203-1980-00008","1980-08-28","","03","폐업","02","폐업","2017-09-28","","","","033 732 1106","18.63","","강원특별자치도 원주시 부론면 법천리 1449-36","강원특별자치도 원주시 부론면 법천시장길 41-1, 지상1층","26498","대영이용원","2017-09-28 13:46:25","I","2023-06-13 00:00:00","일반이용업","266500.954347606","412150.034089948","일반이용업","1","0","1","1","0","0","2","","","","임대","0","1","0","N",
"881","이용업","05_19_01_P","4191000","4191000-203-1977-00001","1977-08-03","","03","폐업","02","폐업","2016-10-26","","","","033 7637223","1.00","","강원특별자치도 원주시 귀래면 운남리 555","","","화성이용원","2011-10-27 14:02:24","I","2023-06-13 00:00:00","일반이용업","","","일반이용업","0","0","0","0","0","0","3","","","","","0","0","0","N",
"882","이용업","05_19_01_P","4191000","4191000-203-1973-00001","1973-09-24","","03","폐업","02","폐업","2024-09-02","","","","033 7644441","1.00","","강원특별자치도 원주시 원동 58-27","강원특별자치도 원주시 원일로 55 (원동)","26431","중앙이용원","2024-09-02 11:53:41","U","2024-09-04 02:40:00","일반이용업","284270.31808148","427658.998571723","일반이용업","0","0","0","0","0","0","7","","","","","0","0","0","N",
"883","이용업","05_19_01_P","4191000","4191000-203-1962-00003","1962-11-27","","03","폐업","02","폐업","2018-02-27","","","","033 7427598","1.00","","강원특별자치도 원주시 중앙동 8 중앙시장2층 라8.9","","","신원이용원","2018-02-27 10:20:09","I","2023-06-13 00:00:00","일반이용업","","","일반이용업","0","0","0","0","0","0","4","","","","","0","0","0","N",
"884","이용업","05_19_01_P","4191000","4191000-203-1973-00003","1973-03-09","","03","폐업","02","폐업","2025-06-11","","","","033 7426969","13.12","","강원특별자치도 원주시 평원동 190-11","강원특별자치도 원주시 중앙시장길 53 (평원동)","26430","미도이용원","2025-06-11 18:00:02","U","2025-06-13 02:40:00","일반이용업","284189.703813465","428151.917564059","일반이용업","2","0","1","1","0","0","0","","","","임대","0","0","0","N",
"885","이용업","05_19_01_P","4191000","4191000-203-1971-00001","1971-03-12","","03","폐업","02","폐업","2011-12-22","","","","033 7421777","28.07","","강원특별자치도 원주시 우산동 234-3","","","일산이용원","2006-04-03 00:00:00","I","2023-06-13 00:00:00","일반이용업","282895.984884175","429915.781168179","일반이용업","2","0","1","1","0","0","3","","","","임대","0","0","0","N",
"886","이용업","05_19_01_P","4191000","4191000-203-1967-00001","1967-02-17","","03","폐업","02","폐업","2003-02-25","","","","033 7645720","1.00","","강원특별자치도 원주시 인동 222-2","","","원주이용원","2004-05-04 00:00:00","I","2023-06-13 00:00:00","일반이용업","284409.3892407","427603.973822071","일반이용업","0","0","0","0","0","0","0","","","","","0","0","0","N",
"887","이용업","05_19_01_P","4191000","4191000-203-1972-00001","1972-08-24","","03","폐업","02","폐업","2003-02-25","","","","033 7433483","1.00","","강원특별자치도 원주시 학성동 436-29","","","근화이용원","2004-05-04 00:00:00","I","2023-06-13 00:00:00","일반이용업","283577.257602754","428604.145453612","일반이용업","0","0","0","0","0","0","0","","","","","0","0","0","N",
"888","이용업","05_19_01_P","4191000","4191000-203-1985-00002","1985-11-27","","03","폐업","02","폐업","2003-02-25","","","","033 7433794","1.00","","강원특별자치도 원주시 학성동 430-23","","","용궁이용원","2003-03-12 00:00:00","I","2023-06-13 00:00:00","일반이용업","283636.209824133","428566.006922277","일반이용업","0","0","0","0","0","0","0","","","","","0","0","0","N",
"889","이용업","05_19_01_P","4191000","4191000-203-1986-00002","1986-07-03","","03","폐업","02","폐업","2007-05-28","","","","033 7640508","1.00","","강원특별자치도 원주시 명륜동 118-2","","","치악이용원","2003-03-07 00:00:00","I","2023-06-13 00:00:00","일반이용업","284316.832019097","426865.293734424","일반이용업","0","0","0","0","0","0","3","","","","","0","0","0","N",
"890","이용업","05_19_01_P","4191000","4191000-203-1963-00001","1963-01-18","","03","폐업","02","폐업","2022-12-01","","","","033 7624075","1.00","","강원특별자치도 원주시 판부면 서곡리 741","","","삼화이용원","2022-12-01 15:06:12","I","2023-06-13 00:00:00","일반이용업","","","일반이용업","0","0","0","0","0","0","3","","","","","0","0","0","N",
"891","이용업","05_19_01_P","4191000","4191000-203-1955-00001","1955-04-27","","03","폐업","02","폐업","2003-02-25","","","","033 7633737","1.00","","강원특별자치도 원주시 신림면 신림리 693","","","혁성이용원","2004-05-04 00:00:00","I","2023-06-13 00:00:00","일반이용업","","","일반이용업","0","0","0","0","0","0","0","","","","","0","0","0","N",
"892","이용업","05_19_01_P","4191000","4191000-203-1979-00002","1979-11-08","","03","폐업","02","폐업","2011-05-30","","","","033 7625054","1.00","","강원특별자치도 원주시 신림면 신림리 698","","","신림이용원","2003-05-22 00:00:00","I","2023-06-13 00:00:00","일반이용업","","","일반이용업","0","0","0","0","0","0","3","","","","","0","0","0","N",
"893","이용업","05_19_01_P","4191000","4191000-203-1994-00013","1994-06-09","","03","폐업","02","폐업","2011-12-01","","","","033 7612045","1.00","","강원특별자치도 원주시 신림면 황둔리 283-1","","","황둔이용원","2011-12-05 13:18:18","I","2023-06-13 00:00:00","일반이용업","305621.903514031","418419.617163345","일반이용업","0","0","0","0","0","0","2","","","","","0","0","0","N",
"894","이용업","05_19_01_P","4191000","4191000-203-1996-00002","1996-08-26","","03","폐업","02","폐업","2007-05-23","","","","033 7646634","1.00","","강원특별자치도 원주시 원동 5-27","","","수정이용원","2006-12-15 00:00:00","I","2023-06-13 00:00:00","일반이용업","284179.339530384","427680.101395095","일반이용업","0","0","0","0","0","0","2","","","","","0","0","0","N",
"895","이용업","05_19_01_P","4191000","4191000-203-1996-00003","1996-09-16","","03","폐업","02","폐업","2006-11-27","","","","033 7426259","1.00","","강원특별자치도 원주시 학성동 1047-2","","","뉴영진이용원","2004-05-04 00:00:00","I","2023-06-13 00:00:00","일반이용업","283387.435925201","428357.61471904","일반이용업","0","0","0","0","0","0","4","","","","","0","0","0","N",
"896","이용업","05_19_01_P","4191000","4191000-203-2003-00013","2003-08-28","","03","폐업","02","폐업","2005-07-18","","","","033 7454967","9.20","","강원특별자치도 원주시 단계동 871 경평사우나내","","","경평이용원","2005-07-14 00:00:00","I","2023-06-13 00:00:00","일반이용업","282255.475912029","427439.669709274","일반이용업","5","1","2","2","0","0","2","","","","임대","0","0","0","N",
"897","이용업","05_19_01_P","4191000","4191000-203-2003-00014","2003-09-16","","03","폐업","02","폐업","2004-06-07","","","","033 7338890","168.82","","강원특별자치도 원주시 단계동 849-1 (4층)","","","천운이용원","2004-06-07 00:00:00","I","2023-06-13 00:00:00","일반이용업","282591.455567371","427530.351686167","일반이용업","5","1","4","4","0","0","13","","","","","0","0","0","N",
"898","이용업","05_19_01_P","4191000","4191000-203-2003-00015","2003-09-18","","03","폐업","02","폐업","2004-07-01","","","","033 7323001","9.46","","강원특별자치도 원주시 태장동 1364-9","","","정우이용원","2004-07-01 00:00:00","I","2023-06-13 00:00:00","일반이용업","283959.351795965","431981.374813098","일반이용업","3","1","2","2","0","0","2","","","","임대","0","0","0","N",
"899","이용업","05_19_01_P","4191000","4191000-203-2005-00003","2005-04-22","","03","폐업","02","폐업","2006-05-16","","","","","102.23","","강원특별자치도 원주시 우산동 89-3","","","승진이용원","2006-04-18 00:00:00","I","2023-06-13 00:00:00","일반이용업","283194.509414597","429860.165301438","일반이용업","3","0","2","2","0","0","4","","","","임대","0","0","0","N",
"900","이용업","05_19_01_P","4191000","4191000-203-2004-00006","2004-10-18","","03","폐업","02","폐업","2005-07-04","","","","","22.40","","강원특별자치도 원주시 일산동 229-8","","","삼익이용원","2004-12-20 00:00:00","I","2023-06-13 00:00:00","일반이용업","283205.12683956","427772.047307867","일반이용업","1","0","1","1","0","0","3","","","","임대","0","0","0","N",
"901","이용업","05_19_01_P","4191000","4191000-203-2003-00005","2003-03-20","","03","폐업","02","폐업","2006-06-19","","","","033 7470482","8.91","","강원특별자치도 원주시 일산동 52-22 -24","","","평화이용원","2006-06-02 00:00:00","I","2023-06-13 00:00:00","일반이용업","283964.621535918","427918.738257559","일반이용업","5","1","0","5","0","0","2","","","","임대","0","0","0","N",
"902","이용업","05_19_01_P","4191000","4191000-203-2004-00008","2004-11-04","","03","폐업","02","폐업","2005-03-30","","","","","21.12","","강원특별자치도 원주시 단계동 924-4 (1층)","","","이화이용원","2004-11-05 00:00:00","I","2023-06-13 00:00:00","일반이용업","282562.107080384","426650.396917517","일반이용업","1","0","1","1","0","0","4","","","","","0","0","0","N",
"903","이용업","05_19_01_P","4191000","4191000-203-2004-00007","2004-10-25","","03","폐업","02","폐업","2005-09-14","","","","033 7637223","9.10","","강원특별자치도 원주시 흥업면 흥업리 596-1 (흥업옥사우나 내 2층)","","","뉴대성이용원","2005-07-14 00:00:00","I","2023-06-13 00:00:00","일반이용업","281404.296157252","422658.893194706","일반이용업","3","1","2","2","0","0","2","","","","","0","0","0","N",
"904","이용업","05_19_01_P","4191000","4191000-203-1994-00007","1994-09-17","","03","폐업","02","폐업","2019-11-11","","","","","24.00","","강원특별자치도 원주시 단구동 1679","강원특별자치도 원주시 단구로 398 (단구동)","26488","보석사우나이용원","2019-11-11 20:37:23","I","2023-06-13 00:00:00","일반이용업","284548.975569643","424799.836046913","일반이용업","2","1","0","1","0","0","2","","","","임대","0","0","0","N",
"905","이용업","05_19_01_P","4191000","4191000-203-2001-00006","2001-04-19","","03","폐업","02","폐업","2003-02-25","","","","","1.00","","강원특별자치도 원주시 문막읍 문막리 304 문막프라자3층","","","금광이용원","2004-05-04 00:00:00","I","2023-06-13 00:00:00","일반이용업","272365.940089907","423177.951148618","일반이용업","0","0","0","0","0","0","0","","","","","0","0","0","N",
"906","이용업","05_19_01_P","4191000","4191000-203-1986-00003","1986-07-09","","03","폐업","02","폐업","2003-02-25","","","","033 7425470","1.00","","강원특별자치도 원주시 우산동 120-7","","","내모양이용원","2004-05-04 00:00:00","I","2023-06-13 00:00:00","일반이용업","282896.985570671","430199.690763636","일반이용업","0","0","0","0","0","0","0","","","","","0","0","0","N",
"907","이용업","05_19_01_P","4191000","4191000-203-1986-00005","1986-10-02","","03","폐업","02","폐업","2003-02-25","","","","033 7428277","1.00","","강원특별자치도 원주시 봉산동 908-6","","","봉산이용원","2004-05-04 00:00:00","I","2023-06-13 00:00:00","일반이용업","285133.450387072","427586.410582759","일반이용업","0","0","0","0","0","0","0","","","","","0","0","0","N",
"908","이용업","05_19_01_P","4191000","4191000-203-1986-00006","1986-12-29","","03","폐업","02","폐업","2010-04-30","","","","033 7456420","1.00","","강원특별자치도 원주시 우산동 102-7","","","우산이용원","2003-05-21 00:00:00","I","2023-06-13 00:00:00","일반이용업","283183.09683067","430369.52796618","일반이용업","0","0","0","0","0","0","3","","","","","0","0","0","N",
"909","이용업","05_19_01_P","4191000","4191000-203-1988-00001","1988-03-21","","03","폐업","02","폐업","2021-10-18","","","","033 761 9176","","","강원특별자치도 원주시 인동 222-2","강원특별자치도 원주시 중앙로 33 (인동)","26429","현대이용원","2021-10-18 09:36:58","I","2023-06-13 00:00:00","일반이용업","284409.3892407","427603.973822071","일반이용업","0","0","0","0","0","0","5","","","","","0","0","0","N",
"910","이용업","05_19_01_P","4191000","4191000-203-1988-00004","1988-12-23","","03","폐업","02","폐업","2007-08-16","","","","033 7438627","1.00","","강원특별자치도 원주시 우산동 289-17","","","88이용원","2005-12-20 00:00:00","I","2023-06-13 00:00:00","일반이용업","282983.253386194","429631.73049686","일반이용업","0","0","0","0","0","0","3","","","","","0","0","0","N",
"911","이용업","05_19_01_P","4191000","4191000-203-1989-00001","1989-01-06","","03","폐업","02","폐업","2022-12-07","","","","033 7632219","1.00","","강원특별자치도 원주시 개운동 409-87","","","도고이용원","2022-12-07 11:30:19","I","2023-06-13 00:00:00","일반이용업","","","일반이용업","0","0","0","0","0","0","3","","","","","0","0","0","N",
"912","이용업","05_19_01_P","4191000","4191000-203-1989-00003","1989-10-16","","03","폐업","02","폐업","2018-06-20","","","","033 7649677","24.97","","강원특별자치도 원주시 봉산동 901-46","강원특별자치도 원주시 우물시장길 22, 지상1층 (봉산동)","26330","장군이발관","2018-06-20 14:00:58","I","2023-06-13 00:00:00","일반이용업","284991.197324818","427454.808926396","일반이용업","2","0","1","1","0","0","2","","","","임대","0","1","0","N",
"913","이용업","05_19_01_P","4191000","4191000-203-1989-00004","1989-12-14","","03","폐업","02","폐업","2003-02-25","","","","033 7649677","1.00","","강원특별자치도 원주시 명륜동 259","","","향교이용원","2004-05-04 00:00:00","I","2023-06-13 00:00:00","일반이용업","284117.985704784","426678.538969523","일반이용업","0","0","0","0","0","0","0","","","","","0","0","0","N",
"914","이용업","05_19_01_P","4191000","4191000-203-1990-00002","1990-03-26","","03","폐업","02","폐업","2013-09-16","","","","033 7616041","1.00","","강원특별자치도 원주시 단구동 1065-5","강원특별자치도 원주시 치악로1735번길 74 (단구동)","26446","삼우이용원","2004-04-07 00:00:00","I","2023-06-13 00:00:00","일반이용업","284438.49633589","426097.781807301","일반이용업","0","0","0","0","0","0","3","","","","임대","0","0","0","N",
"915","이용업","05_19_01_P","4191000","4191000-203-1990-00003","1990-06-09","","03","폐업","02","폐업","2002-05-23","","","","033 7658703","1.00","","강원특별자치도 원주시 인동 25-24","","","명성이용원","2004-05-04 00:00:00","I","2023-06-13 00:00:00","일반이용업","284429.846918704","427612.482574723","일반이용업","0","0","0","0","0","0","0","","","","","0","0","0","N",
"916","이용업","05_19_01_P","4191000","4191000-203-1990-00005","1990-10-19","","03","폐업","02","폐업","2024-04-29","","","","033 7447952","1.00","","강원특별자치도 원주시 단계동 794-7","강원특별자치도 원주시 단구로 52 (단계동)","26424","청원이용원","2024-04-29 15:13:20","U","2024-05-01 02:40:00","일반이용업","283014.483574534","427312.609685093","일반이용업","0","0","0","0","0","0","2","","","","","0","0","0","N",
"917","이용업","05_19_01_P","4191000","4191000-203-1991-00001","1991-06-14","","03","폐업","02","폐업","2008-07-18","","","","033 7634194","1.00","","강원특별자치도 원주시 개운동 384-7","","","성심이용원","2005-08-16 00:00:00","I","2023-06-13 00:00:00","일반이용업","284681.423711345","427211.384933684","일반이용업","2","0","1","1","0","0","4","","","","임대","0","0","0","N",
"918","이용업","05_19_01_P","4191000","4191000-203-1991-00004","1991-12-03","","03","폐업","02","폐업","2009-04-21","","","","033 7429215","28.86","","강원특별자치도 원주시 단계동 809 벽산A상가 201호","","","새로나이용원","2005-07-14 00:00:00","I","2023-06-13 00:00:00","일반이용업","282575.668951368","428109.420429959","일반이용업","2","1","2","2","0","0","3","","","","임대","0","0","0","N",
"919","이용업","05_19_01_P","4191000","4191000-203-1973-00005","1973-06-11","","03","폐업","02","폐업","2003-02-25","","","","033 7457722","1.00","","강원특별자치도 원주시 태장동 765-9","","","은하이용원","2004-05-04 00:00:00","I","2023-06-13 00:00:00","일반이용업","284608.292367264","428650.942823745","일반이용업","0","0","0","0","0","0","0","","","","","0","0","0","N",
"920","이용업","05_19_01_P","4191000","4191000-203-1968-00001","1968-12-17","","03","폐업","02","폐업","2021-08-12","","","","033 7614240","1.00","","강원특별자치도 원주시 개운동 380-21","강원특별자치도 원주시 치악로 1810-1 (개운동)","26443","유한이용원","2021-08-12 17:41:58","I","2023-06-13 00:00:00","일반이용업","284561.886534662","427312.558275586","일반이용업","0","0","0","0","0","0","4","","","","","0","0","0","N",
"921","이용업","05_19_01_P","4191000","4191000-203-1969-00002","1969-11-19","","03","폐업","02","폐업","2014-02-25","","","","033 7612828","1.00","","강원특별자치도 원주시 단구동 624","","","희망이용원","2004-04-07 00:00:00","I","2023-06-13 00:00:00","일반이용업","","","일반이용업","0","0","0","0","0","0","3","","","","","0","0","0","N",
"922","이용업","05_19_01_P","4191000","4191000-203-1972-00002","1972-04-03","","03","폐업","02","폐업","2003-02-25","","","","033 7627278","1.00","","강원특별자치도 원주시 개운동 124","","","금실이용원","2004-05-04 00:00:00","I","2023-06-13 00:00:00","일반이용업","","","일반이용업","0","0","0","0","0","0","0","","","","","0","0","0","N",
"923","이용업","05_19_01_P","4191000","4191000-203-1995-00008","1995-08-16","","03","폐업","02","폐업","2007-08-02","","","","033 7324743","1.00","","강원특별자치도 원주시 문막읍 건등리 1699-10","","","형제이용원","2003-09-30 00:00:00","I","2023-06-13 00:00:00","일반이용업","272672.764291095","423900.136719942","일반이용업","0","0","0","0","0","0","3","","","","임대","0","0","0","N",
"924","이용업","05_19_01_P","4191000","4191000-203-1996-00004","1996-12-28","","03","폐업","02","폐업","2011-12-01","","","","033 7446650","105.02","","강원특별자치도 원주시 학성동 326-4","","","한일이용원","2011-12-05 13:22:44","I","2023-06-13 00:00:00","일반이용업","283804.042402328","428408.695820195","일반이용업","0","0","2","2","0","0","7","","","","","0","0","0","N",
"925","이용업","05_19_01_P","4191000","4191000-203-1997-00003","1997-03-08","","03","폐업","02","폐업","2009-06-02","","","","033 7615509","16.28","","강원특별자치도 원주시 단계동 799-7","","","새반도이용원","2008-10-21 13:11:05","I","2023-06-13 00:00:00","일반이용업","283158.966903865","427130.366180278","일반이용업","0","0","0","0","0","0","3","","","","","0","0","0","N",
"926","이용업","05_19_01_P","4191000","4191000-203-1997-00005","1997-07-18","","03","폐업","02","폐업","2025-02-14","","","","033 7662838","29.62","","강원특별자치도 원주시 단구동 1465-1","강원특별자치도 원주시 송림길 50 (단구동)","26449","단구이용원","2025-02-14 13:07:33","U","2025-02-16 02:40:00","일반이용업","284384.67281935","425986.475042554","일반이용업","3","0","1","1","0","0","3","","","","임대","0","0","0","N",
"927","이용업","05_19_01_P","4191000","4191000-203-1997-00006","1997-08-27","","03","폐업","02","폐업","2002-05-23","","","","0337461 310","1.00","","강원특별자치도 원주시 단계동 802-7","","","우리이용원","2004-05-04 00:00:00","I","2023-06-13 00:00:00","일반이용업","283201.542994157","427006.252856055","일반이용업","0","0","0","0","0","0","0","","","","","0","0","0","N",
"928","이용업","05_19_01_P","4191000","4191000-203-1997-00007","1997-08-28","","03","폐업","02","폐업","2003-02-25","","","","033 7323785","1.00","","강원특별자치도 원주시 소초면 평장리 753-3","","","평장이용원","2004-05-04 00:00:00","I","2023-06-13 00:00:00","일반이용업","288580.269203151","435494.512230631","일반이용업","0","0","0","0","0","0","0","","","","","0","0","0","N",
"929","이용업","05_19_01_P","4191000","4191000-203-1998-00004","1998-02-09","","03","폐업","02","폐업","2006-04-03","","","","033 7447952","1.00","","강원특별자치도 원주시 우산동 89-2","","","다모아이용원","2005-07-14 00:00:00","I","2023-06-13 00:00:00","일반이용업","283181.690144386","429841.174494644","일반이용업","0","0","0","0","0","0","5","","","","","0","0","0","N",
"930","이용업","05_19_01_P","4191000","4191000-203-2003-00003","2003-02-05","","03","폐업","02","폐업","2007-05-14","","","","","12.00","","강원특별자치도 원주시 단구동 146-3","","","스파이용원","2005-07-15 00:00:00","I","2023-06-13 00:00:00","일반이용업","285269.145823877","425351.223118513","일반이용업","3","0","2","2","0","0","2","","","","","0","0","0","N",
"931","이용업","05_19_01_P","4191000","4191000-203-2000-00015","2000-07-25","","03","폐업","02","폐업","2003-02-25","","","","","0.00","","강원특별자치도 원주시 봉산동 1030","","","짱가이용원","2004-05-04 00:00:00","I","2023-06-13 00:00:00","일반이용업","284516.128663333","428248.576512981","일반이용업","0","0","0","0","0","0","0","","","","","0","0","0","N",
"932","이용업","05_19_01_P","4191000","4191000-203-1992-00001","1992-03-16","","03","폐업","02","폐업","2006-03-31","","","","033 7461164","1.00","","강원특별자치도 원주시 학성동 203-21","","","경인이용원","2003-03-10 00:00:00","I","2023-06-13 00:00:00","일반이용업","283924.95631852","428314.010181317","일반이용업","0","0","0","0","0","0","6","","","","","0","0","0","N",
"933","이용업","05_19_01_P","4191000","4191000-203-2002-00008","2002-06-17","","03","폐업","02","폐업","2010-07-12","","","","033 7479396","6.00","","강원특별자치도 원주시 명륜동 802 성원사우나내","","","뉴성원이용원","2010-04-12 14:18:04","I","2023-06-13 00:00:00","일반이용업","283383.087355804","427002.92589923","일반이용업","0","0","0","0","0","0","2","","","","","0","0","0","N",
"934","이용업","05_19_01_P","4191000","4191000-203-2001-00008","2001-06-08","","03","폐업","02","폐업","2003-03-25","","","","033 7340185","180.00","","강원특별자치도 원주시 단계동 882-5 세경빌딩지하","","","백작이용원","2003-03-31 00:00:00","I","2023-06-13 00:00:00","일반이용업","282486.870188917","427268.226549625","일반이용업","6","1","0","0","0","1","0","","","","임대","0","0","0","N",
"935","이용업","05_19_01_P","4191000","4191000-203-2001-00004","2001-03-05","","03","폐업","02","폐업","2012-06-12","","","","","93.09","","강원특별자치도 원주시 단계동 861-3","강원특별자치도 원주시 장미공원길 43-4 (단계동)","26436","타임이용원","2011-03-31 14:19:38","I","2023-06-13 00:00:00","일반이용업","282362.752287631","427610.584074633","일반이용업","6","2","5","5","0","0","10","","","","임대","0","0","0","N",
"936","이용업","05_19_01_P","4191000","4191000-203-2001-00022","2001-01-09","","03","폐업","02","폐업","2003-02-25","","","","033 7466933","0.00","","강원특별자치도 원주시 우산동 127-54","","","삼호이용원","2003-03-10 00:00:00","I","2023-06-13 00:00:00","일반이용업","283045.541169201","429292.53881374","일반이용업","0","0","0","0","0","0","0","","","","","0","0","0","N",
"937","이용업","05_19_01_P","4191000","4191000-203-2002-00011","2002-09-04","","03","폐업","02","폐업","2004-10-26","","","","033 7451095","24.00","","강원특별자치도 원주시 태장동 540-6","","","우리이용원","2004-05-17 00:00:00","I","2023-06-13 00:00:00","일반이용업","284737.753734515","431659.080620206","일반이용업","0","0","0","0","0","0","3","","","","","0","0","0","N",
"938","이용업","05_19_01_P","4191000","4191000-203-2002-00012","2002-10-08","","03","폐업","02","폐업","2004-10-15","","","","","7.00","","강원특별자치도 원주시 흥업면 흥업리 596-1","","","흥업옥사우나이용원","2004-10-15 00:00:00","I","2023-06-13 00:00:00","일반이용업","281404.296157252","422658.893194706","일반이용업","3","1","0","0","0","0","2","","","","","0","0","0","N",
"939","이용업","05_19_01_P","4191000","4191000-203-2002-00013","2002-10-08","","03","폐업","02","폐업","2006-02-15","","","","","3.00","","강원특별자치도 원주시 학성동 1030-8","","","황금찜질사우나이용원","2004-04-07 00:00:00","I","2023-06-13 00:00:00","일반이용업","283004.883918968","428526.255490751","일반이용업","3","1","1","3","0","0","2","","","","","0","0","0","N",
"940","이용업","05_19_01_P","4191000","4191000-203-1991-00005","1991-12-30","","03","폐업","02","폐업","2015-07-07","","","","033 7644038","1.00","","강원특별자치도 원주시 명륜동 205-35 현대1차 상가106","","","현이용원","2009-06-02 12:49:40","I","2023-06-13 00:00:00","일반이용업","","","일반이용업","0","0","0","0","0","0","3","","","","","0","0","0","N",
"941","이용업","05_19_01_P","4191000","4191000-203-1993-00002","1993-03-06","","03","폐업","02","폐업","2004-10-19","","","","033 7314091","1.00","","강원특별자치도 원주시 단구동 1522-1","","","실림이용원","2004-04-07 00:00:00","I","2023-06-13 00:00:00","일반이용업","283726.896975969","425506.390600062","일반이용업","0","0","0","0","0","0","3","","","","","0","0","0","N",
"942","이용업","05_19_01_P","4191000","4191000-203-1993-00003","1993-04-15","","03","폐업","02","폐업","2004-02-02","","","","033 7322820","1.00","","강원특별자치도 원주시 단계동 509-10","","","성실이용원","2004-02-02 00:00:00","I","2023-06-13 00:00:00","일반이용업","","","일반이용업","0","0","0","0","0","0","3","","","","","0","0","0","N",
"943","이용업","05_19_01_P","4191000","4191000-203-1993-00004","1993-05-08","","03","폐업","02","폐업","2005-08-12","","","","033 7662805","1.00","","강원특별자치도 원주시 인동 264-8","","","으뜸이용원","2006-01-02 00:00:00","I","2023-06-13 00:00:00","일반이용업","284482.093866699","427441.660047554","일반이용업","0","0","0","0","0","0","6","","","","","0","0","0","N",
"944","이용업","05_19_01_P","4191000","4191000-203-2012-00004","2012-03-26","","03","폐업","02","폐업","2013-08-12","","","","","66.40","","강원특별자치도 원주시 명륜동 90-6","강원특별자치도 원주시 남원로 667-1, 지상1층 (명륜동)","26441","신카리스마헤어샵","2013-07-19 11:10:23","I","2023-06-13 00:00:00","일반이용업","284484.232581673","427116.557153232","일반이용업","0","0","1","1","0","0","3","","","","","0","0","0","N",
"945","이용업","05_19_01_P","4191000","4191000-203-2017-00001","2017-01-13","","03","폐업","02","폐업","2017-03-27","","","","","29.29","","강원특별자치도 원주시 판부면 서곡리 1990-2 지상1층","강원특별자치도 원주시 판부면 매봉길 19, 지상1층","26399","청아이용원","2017-03-27 13:15:49","I","2023-06-13 00:00:00","일반이용업","283519.399453243","424801.852972003","일반이용업","4","0","1","0","0","0","3","","","","임대","0","0","0","N",
"946","이용업","05_19_01_P","4191000","4191000-203-2017-00002","2017-01-16","","03","폐업","02","폐업","2018-05-09","","","","","11.96","","강원특별자치도 원주시 단계동 871 지상2층","강원특별자치도 원주시 장미공원길 75, 지상2층 (단계동)","26436","천지사우나","2018-05-09 13:53:04","I","2023-06-13 00:00:00","일반이용업","282255.475912029","427439.669709274","일반이용업","5","0","2","0","0","0","1","체류기간","20160125","20190113","","0","0","0","N",
"947","이용업","05_19_01_P","4191000","4191000-203-2017-00003","2017-02-27","","03","폐업","02","폐업","2020-05-08","","","","","19.67","","강원특별자치도 원주시 반곡동 1809-1 인터불고호텔사우나내 2층","강원특별자치도 원주시 동부순환로 200, 2층 (반곡동, 인터불고호텔사우나내 )","26460","인터불고이용원","2020-05-08 14:51:58","I","2023-06-13 00:00:00","일반이용업","286272.710008855","426045.161207519","일반이용업","8","2","2","2","0","0","2","","","","임대","0","1","0","N",
"948","이용업","05_19_01_P","4191000","4191000-203-2015-00003","2015-04-20","","03","폐업","02","폐업","2021-12-23","","","","","18.50","","강원특별자치도 원주시 우산동 234-2","강원특별자치도 원주시 우산로 32 (우산동)","26343","상지이용원","2021-12-23 09:05:54","I","2023-06-13 00:00:00","일반이용업","282900.934305789","429865.231325672","일반이용업","2","1","1","1","0","0","3","","","","임대","0","1","0","N",
"949","이용업","05_19_01_P","4191000","4191000-203-2018-00001","2018-09-11","","03","폐업","02","폐업","2019-01-07","","","","","11.52","","강원특별자치도 원주시 문막읍 문막리 304","강원특별자치도 원주시 문막읍 문막시장1길 16, 3층","26373","금강옥이용원","2019-01-07 14:09:44","I","2023-06-13 00:00:00","일반이용업","272365.940089907","423177.951148618","일반이용업","7","1","3","3","0","0","2","","","","임대","0","0","0","N",
"950","이용업","05_19_01_P","4191000","4191000-203-2018-00002","2018-10-02","","03","폐업","02","폐업","2020-03-16","","","","","6.00","","강원특별자치도 원주시 단구동 185-8 3층","강원특별자치도 원주시 강변로 231-2, 3층 (단구동)","26451","온천이용원","2020-03-16 09:44:44","I","2023-06-13 00:00:00","일반이용업","285187.51465953","425592.23037359","일반이용업","4","0","3","3","0","0","1","","","","임대","0","1","0","N",
"951","이용업","05_19_01_P","4191000","4191000-203-2018-00003","2018-12-17","","03","폐업","02","폐업","2019-04-10","","","","","18.75","","강원특별자치도 원주시 명륜동 205-148","강원특별자치도 원주시 단구로 123, 1층 (명륜동)","26439","바버샵","2019-04-10 14:24:44","I","2023-06-13 00:00:00","이용업 기타","283549.308659542","426781.116994774","이용업 기타","3","1","1","1","0","0","1","","","","","0","0","0","N",
"952","이용업","05_19_01_P","4191000","4191000-203-2020-00004","2020-05-06","","03","폐업","02","폐업","2020-06-23","","","","","24.96","","강원특별자치도 원주시 명륜동 104-8","강원특별자치도 원주시 남원로 654, 1층 (명륜동)","26442","새반도이용원","2020-06-23 10:34:46","I","2023-06-13 00:00:00","일반이용업","284451.006621337","426983.999461025","일반이용업","0","0","0","0","0","0","2","","","","","0","1","0","N",
"953","이용업","05_19_01_P","4191000","4191000-203-1974-00001","1974-03-13","","03","폐업","02","폐업","2011-05-12","","","","033 7621815","1.00","","강원특별자치도 원주시 개운동 398-12","","","부산이용원","2011-10-27 10:15:10","I","2023-06-13 00:00:00","일반이용업","284678.853440635","426790.411735349","일반이용업","0","0","0","0","0","0","4","","","","","0","0","0","N",
"954","이용업","05_19_01_P","4191000","4191000-203-1971-00003","1971-06-10","","03","폐업","02","폐업","2017-10-31","","","","033 7447807","1.00","","강원특별자치도 원주시 봉산동 900","","","봉미이용원","2017-10-31 11:38:35","I","2023-06-13 00:00:00","일반이용업","","","일반이용업","0","0","0","0","0","0","3","","","","","0","0","0","N",
"955","이용업","05_19_01_P","4191000","4191000-203-1973-00007","1973-04-11","","03","폐업","02","폐업","2011-06-08","","","","033 7433157","1.00","","강원특별자치도 원주시 일산동 292-2","","","일화이용원","2005-07-14 00:00:00","I","2023-06-13 00:00:00","일반이용업","283581.163914096","427418.649850272","일반이용업","0","0","0","0","0","0","3","","","","임대","0","0","0","N",
"956","이용업","05_19_01_P","4191000","4191000-203-1972-00005","1972-01-20","","03","폐업","02","폐업","2003-02-25","","","","033 7439996","1.00","","강원특별자치도 원주시 학성동 242","","","영진이용원","2004-05-04 00:00:00","I","2023-06-13 00:00:00","일반이용업","","","일반이용업","0","0","0","0","0","0","0","","","","","0","0","0","N",
"957","이용업","05_19_01_P","4191000","4191000-203-1971-00005","1971-09-29","","03","폐업","02","폐업","2011-10-07","","","","033 7427940","31.57","","강원특별자치도 원주시 중앙동 42-3","","","노동회관이용원","2005-03-03 00:00:00","I","2023-06-13 00:00:00","일반이용업","284072.32267231","428160.288733114","일반이용업","2","0","1","1","0","0","4","","","","자가","0","0","0","N",
"958","이용업","05_19_01_P","4191000","4191000-203-1972-00006","1972-04-20","","03","폐업","02","폐업","2008-06-11","","","","033 7434042","1.00","","강원특별자치도 원주시 학성동 436-4","","","동경이용원","2007-07-02 00:00:00","I","2023-06-13 00:00:00","일반이용업","283547.607450364","428641.2365468","일반이용업","0","0","0","0","0","0","7","","","","","0","0","0","N",
"959","이용업","05_19_01_P","4191000","4191000-203-1961-00001","1961-06-07","","03","폐업","02","폐업","2008-06-27","","","","033 7471900","1.00","","강원특별자치도 원주시 반곡동 1364","","","반곡이용원","2003-05-21 00:00:00","I","2023-06-13 00:00:00","일반이용업","","","일반이용업","0","0","0","0","0","0","2","","","","","0","0","0","N",
"960","이용업","05_19_01_P","4191000","4191000-203-1968-00002","1968-02-26","","03","폐업","02","폐업","2013-09-04","","","","033 7440294","1.00","","강원특별자치도 원주시 가현동 62-194","","","서울이용원","2003-05-20 00:00:00","I","2023-06-13 00:00:00","일반이용업","","","일반이용업","0","0","0","0","0","0","3","","","","","0","0","0","N",
"961","이용업","05_19_01_P","4191000","4191000-203-1972-00009","1972-08-18","","03","폐업","02","폐업","2006-05-11","","","","033 7612564","1.00","","강원특별자치도 원주시 관설동 1327","","","관설협동이용원","2006-02-13 00:00:00","I","2023-06-13 00:00:00","일반이용업","","","일반이용업","0","0","0","0","0","0","2","","","","","0","0","0","N",
"962","이용업","05_19_01_P","4191000","4191000-203-1980-00002","1980-03-31","","03","폐업","02","폐업","2018-09-12","","","","033 7483772","1.00","","강원특별자치도 원주시 일산동 186-20","강원특별자치도 원주시 천사로 179 (일산동)","26417","신흥이용원","2018-09-12 11:54:49","I","2023-06-13 00:00:00","일반이용업","283577.401181987","427998.455150981","일반이용업","0","0","0","0","0","0","3","","","","","0","0","0","N",
"963","이용업","05_19_01_P","4191000","4191000-203-1980-00003","1980-05-13","","03","폐업","02","폐업","2004-07-23","","","","033 7472807","0.00","","강원특별자치도 원주시 단계동 857 선제빌딩 4층동","","","수지이용원","2004-07-23 00:00:00","I","2023-06-13 00:00:00","일반이용업","282320.940679545","427699.105885804","일반이용업","0","0","0","0","0","0","10","","","","","0","0","0","N",
"964","이용업","05_19_01_P","4191000","4191000-203-1980-00004","1980-07-15","","03","폐업","02","폐업","2014-03-27","","","","033 7430293","1.00","","강원특별자치도 원주시 학성동 969-3","강원특별자치도 원주시 북원로 2386 (학성동)","26413","대흥이용원","2004-04-07 00:00:00","I","2023-06-13 00:00:00","일반이용업","282991.916059173","428841.753269142","일반이용업","0","0","0","0","0","0","3","","","","","0","0","0","N",
"965","이용업","05_19_01_P","4191000","4191000-203-1980-00005","1980-09-02","","03","폐업","02","폐업","2011-12-01","","","","033 7426609","1.00","","강원특별자치도 원주시 학성동 977-5","","","부여이용원","2011-12-05 13:22:08","I","2023-06-13 00:00:00","일반이용업","283065.652281289","428754.718676811","일반이용업","0","0","0","0","0","0","3","","","","","0","0","0","N",
"966","이용업","05_19_01_P","4191000","4191000-203-1980-00006","1980-10-31","","03","폐업","02","폐업","2002-12-20","","","","033 7432678","1.00","","강원특별자치도 원주시 원동 59-19","","","미화이용원","2002-12-21 00:00:00","I","2023-06-13 00:00:00","일반이용업","284233.174972149","427617.09644672","일반이용업","0","0","0","0","0","0","0","","","","","0","0","0","N",
"967","이용업","05_19_01_P","4191000","4191000-203-1998-00005","1998-02-13","","03","폐업","02","폐업","2009-01-05","","","","033 7627779","1.00","","강원특별자치도 원주시 개운동 395-16","","","상지이용원","2004-05-04 00:00:00","I","2023-06-13 00:00:00","일반이용업","284952.582392706","426954.623945136","일반이용업","0","0","0","0","0","0","3","","","","","0","0","0","N",
"968","이용업","05_19_01_P","4191000","4191000-203-1998-00008","1998-07-06","","03","폐업","02","폐업","2025-01-07","","","","033 744 1366","33.37","","강원특별자치도 원주시 중앙동 251-2","강원특별자치도 원주시 중앙로 58-4 (중앙동)","26429","용진이용원","2025-01-06 13:31:19","U","2025-01-08 02:40:00","일반이용업","284365.210052298","427726.117602927","일반이용업","3","0","2","2","0","0","4","","","","임대","0","0","0","N",
"969","이용업","05_19_01_P","4191000","4191000-203-1998-00012","1998-09-24","","03","폐업","02","폐업","2003-02-25","","","","033 7420233","119.01","","강원특별자치도 원주시 학성동 327-3","","","황실이용타운","2004-05-04 00:00:00","I","2023-06-13 00:00:00","일반이용업","283914.177440951","428365.97014112","일반이용업","0","0","0","0","0","0","11","","","","","0","0","0","N",
"970","이용업","05_19_01_P","4191000","4191000-203-1998-00013","1998-09-30","","03","폐업","02","폐업","2005-02-05","","","","03374627  77","1.00","","강원특별자치도 원주시 단계동 908-3","","","수석이용원","2004-05-07 00:00:00","I","2023-06-13 00:00:00","일반이용업","282768.462486574","427033.400093264","일반이용업","0","0","0","0","0","0","4","","","","","0","0","0","N",
"971","이용업","05_19_01_P","4191000","4191000-203-1998-00015","1998-12-24","","03","폐업","02","폐업","2003-02-25","","","","033 7480109","134.00","","강원특별자치도 원주시 중앙동 68 중앙시장2층 라동 68호","","","신장한이용원","2004-05-04 00:00:00","I","2023-06-13 00:00:00","일반이용업","284150.202486167","428013.890784564","일반이용업","0","0","0","0","0","0","0","","","","","0","0","0","N",
"972","이용업","05_19_01_P","4191000","4191000-203-1999-00001","1999-01-28","","03","폐업","02","폐업","2003-02-25","","","","033 7348877","9.00","","강원특별자치도 원주시 행구동 1534-1","","","건영이용원","2003-03-12 00:00:00","I","2023-06-13 00:00:00","일반이용업","287425.917819362","427244.881681213","일반이용업","0","0","0","0","0","0","0","","","","","0","0","0","N",
"973","이용업","05_19_01_P","4191000","4191000-203-1999-00002","1999-01-30","","03","폐업","02","폐업","2003-02-25","","","","033 7470482","1.00","","강원특별자치도 원주시 태장동 1381-16","","","보라이용원","2004-05-04 00:00:00","I","2023-06-13 00:00:00","일반이용업","283912.455916512","431741.32980273","일반이용업","0","0","0","0","0","0","0","","","","","0","0","0","N",
"974","이용업","05_19_01_P","4191000","4191000-203-1999-00003","1999-02-01","","03","폐업","02","폐업","2006-10-10","","","","033 7642794","1.00","","강원특별자치도 원주시 단구동 719-9","","","성원이용원","2004-05-04 00:00:00","I","2023-06-13 00:00:00","일반이용업","","","일반이용업","0","0","0","0","0","0","3","","","","","0","0","0","N",
"975","이용업","05_19_01_P","4191000","4191000-203-1999-00004","1999-03-29","","03","폐업","02","폐업","2004-01-29","","","","033 7453625","1.00","","강원특별자치도 원주시 봉산동 0 삼익A 상가 2층203","","","로얄이용원","2004-01-29 00:00:00","I","2023-06-13 00:00:00","일반이용업","","","일반이용업","0","0","0","0","0","0","3","","","","","0","0","0","N",
"976","이용업","05_19_01_P","4191000","4191000-203-1999-00005","1999-03-29","","03","폐업","02","폐업","2003-02-25","","","","033 7424888","1.00","","강원특별자치도 원주시 단계동 855-1","","","갑을이용원","2003-06-03 00:00:00","I","2023-06-13 00:00:00","일반이용업","282497.027969516","427676.450873445","일반이용업","0","0","0","0","0","0","9","","","","","0","0","0","N",
"977","이용업","05_19_01_P","4191000","4191000-203-1999-00006","1999-03-31","","03","폐업","02","폐업","2003-02-25","","","","03376480  31","1.00","","강원특별자치도 원주시 평원동 380-13","","","백금이용원","2004-05-04 00:00:00","I","2023-06-13 00:00:00","일반이용업","284469.228247219","427736.585917393","일반이용업","0","0","0","0","0","0","0","","","","","0","0","0","N",
"978","이용업","05_19_01_P","4191000","4191000-203-1999-00007","1999-03-31","","03","폐업","02","폐업","2003-02-25","","","","033 7352828","1.00","","강원특별자치도 원주시 문막읍 건등리 1699-10","","","정성이용원","2004-05-04 00:00:00","I","2023-06-13 00:00:00","일반이용업","272672.764291095","423900.136719942","일반이용업","0","0","0","0","0","0","0","","","","","0","0","0","N",
"979","이용업","05_19_01_P","4191000","4191000-203-1999-00010","1999-09-17","","03","폐업","02","폐업","2003-02-25","","","","033 7649769","132.64","","강원특별자치도 원주시 단구동 529-18","","","안성이용원","2004-05-04 00:00:00","I","2023-06-13 00:00:00","일반이용업","284758.302513717","426353.376922388","일반이용업","0","0","0","0","0","0","0","","","","","0","0","0","N",
"980","이용업","05_19_01_P","4191000","4191000-203-2002-00001","2002-12-12","","03","폐업","02","폐업","2003-02-25","","","","","18.00","","강원특별자치도 원주시 단구동 1679 청솔3단지아파트 2공구","","","보석사우나내이용원","2003-03-07 00:00:00","I","2023-06-13 00:00:00","일반이용업","284548.975569643","424799.836046913","일반이용업","2","0","0","0","0","0","0","","","","","0","0","0","N",
"981","이용업","05_19_01_P","4191000","4191000-203-2001-00021","2001-12-12","","03","폐업","02","폐업","2003-02-25","","","","033 7331695","0.00","","강원특별자치도 원주시 단구동 1679 청솔3단지 아파트내","","","보석사우나내이용원","2003-03-07 00:00:00","I","2023-06-13 00:00:00","일반이용업","284548.975569643","424799.836046913","일반이용업","0","0","0","0","0","0","0","","","","","0","0","0","N",
"982","이용업","05_19_01_P","4191000","4191000-203-2002-00002","2002-01-14","","03","폐업","02","폐업","2003-02-25","","","","033 7613141","18.00","","강원특별자치도 원주시 개운동 203-71","","","부라보이용원","2003-03-06 00:00:00","I","2023-06-13 00:00:00","일반이용업","285238.47313672","426829.447937972","일반이용업","0","0","0","0","0","0","0","","","","","0","0","0","N",
"983","이용업","05_19_01_P","4191000","4191000-203-2002-00004","2002-02-18","","03","폐업","02","폐업","2003-02-25","","","","033 7358445","0.00","","강원특별자치도 원주시 단계동 885","","","태크노이용원","2003-04-16 00:00:00","I","2023-06-13 00:00:00","일반이용업","282510.781644031","427180.828752635","일반이용업","0","0","0","0","0","0","2","","","","","0","0","0","N",
"984","이용업","05_19_01_P","4191000","4191000-203-2002-00003","2002-01-16","","03","폐업","02","폐업","2003-02-25","","","","033 7619889","0.00","","강원특별자치도 원주시 명륜동 833-1 로얄사우나내","","","로얄이용원","2003-03-10 00:00:00","I","2023-06-13 00:00:00","일반이용업","283445.570846743","425455.484263598","일반이용업","0","0","0","0","0","0","0","","","","","0","0","0","N",
"985","이용업","05_19_01_P","4191000","4191000-203-1998-00007","1998-04-27","","03","폐업","02","폐업","2006-03-24","","","","033 7452188","1.00","","강원특별자치도 원주시 학성동 211-3","","","덕이이용원","2004-11-25 00:00:00","I","2023-06-13 00:00:00","일반이용업","283779.283519682","428317.049265625","일반이용업","0","0","0","0","0","0","8","","","","","0","0","0","N",
"986","이용업","05_19_01_P","4191000","4191000-203-2014-00001","2014-05-21","","03","폐업","02","폐업","2015-10-27","","","","","19.60","","강원특별자치도 원주시 무실동 1642-2 영신프라자 지상5층 501호","강원특별자치도 원주시 시청로 96, 501호 (무실동, 영신프라자 지상5층)","26391","영신이용원","2014-05-27 12:50:39","I","2023-06-13 00:00:00","일반이용업","282212.867026178","426408.618514418","일반이용업","7","1","5","5","0","0","3","","","","임대","0","0","0","N",
"987","이용업","05_19_01_P","4191000","4191000-203-2001-00014","2001-09-04","","03","폐업","02","폐업","2004-08-26","","","","033 7325080","0.00","","강원특별자치도 원주시 단계동 870-3","","","계림이용원","2004-08-26 00:00:00","I","2023-06-13 00:00:00","일반이용업","282213.413125369","427443.314960486","일반이용업","0","0","0","0","0","0","9","","","","","0","0","0","N",
"988","이용업","05_19_01_P","4191000","4191000-203-2001-00013","2001-08-27","","03","폐업","02","폐업","2003-02-25","","","","","0.00","","강원특별자치도 원주시 문막읍 문막리 485-2","","","프로이용원","2003-03-10 00:00:00","I","2023-06-13 00:00:00","일반이용업","","","일반이용업","0","0","0","0","0","0","0","","","","","0","0","0","N",
"989","이용업","05_19_01_P","4191000","4191000-203-2001-00015","2001-09-24","","03","폐업","02","폐업","2003-02-25","","","","033 7458913","0.00","","강원특별자치도 원주시 단계동 936","","","박경석이용원","2004-05-04 00:00:00","I","2023-06-13 00:00:00","일반이용업","282659.043861649","426658.267888061","일반이용업","0","0","0","0","0","0","0","","","","","0","0","0","N",
"990","이용업","05_19_01_P","4191000","4191000-203-2001-00016","2001-10-17","","03","폐업","02","폐업","2004-02-16","","","","033 7336533","0.00","","강원특별자치도 원주시 단계동 867-4","","","대인이용원","2004-02-16 00:00:00","I","2023-06-13 00:00:00","일반이용업","282335.149117771","427495.377711441","일반이용업","0","0","0","0","0","0","12","","","","","0","0","0","N",
"991","이용업","05_19_01_P","4191000","4191000-203-1999-00009","1999-07-01","","03","폐업","02","폐업","2004-08-17","","","","033 7479396","1.00","","강원특별자치도 원주시 학성동 326-17","","","선일이용원","2004-08-17 00:00:00","I","2023-06-13 00:00:00","일반이용업","283830.885062594","428424.754566896","일반이용업","0","0","0","0","0","0","7","","","","","0","0","0","N",
"992","이용업","05_19_01_P","4191000","4191000-203-1993-00006","1993-12-28","","03","폐업","02","폐업","2003-02-25","","","","033 7465083","1.00","","강원특별자치도 원주시 단계동 808-1","","","스타이용원","2004-05-04 00:00:00","I","2023-06-13 00:00:00","일반이용업","282406.852736425","428094.957948485","일반이용업","0","0","0","0","0","0","0","","","","","0","0","0","N",
"993","이용업","05_19_01_P","4191000","4191000-203-1994-00003","1994-02-01","","03","폐업","02","폐업","2003-02-25","","","","033 7462332","1.00","","강원특별자치도 원주시 태장동 1399-15","","","아빠이용원","2004-05-04 00:00:00","I","2023-06-13 00:00:00","일반이용업","","","일반이용업","0","0","0","0","0","0","0","","","","","0","0","0","N",
"994","이용업","05_19_01_P","4191000","4191000-203-1994-00004","1994-06-04","","03","폐업","02","폐업","2003-02-25","","","","033 7311997","1.00","","강원특별자치도 원주시 단계동 105 삼익A 상가105호","","","삼익이용원","2004-05-04 00:00:00","I","2023-06-13 00:00:00","일반이용업","","","일반이용업","0","0","0","0","0","0","0","","","","","0","0","0","N",
"995","이용업","05_19_01_P","4191000","4191000-203-1994-00005","1994-07-14","","03","폐업","02","폐업","2011-10-27","","","","033 7627292","1.00","","강원특별자치도 원주시 개운동 381-16","","","금풍이용원","2011-09-02 09:31:21","I","2023-06-13 00:00:00","일반이용업","284617.041312355","427208.692440919","일반이용업","0","0","0","0","0","0","2","","","","","0","0","0","N",
"996","이용업","05_19_01_P","4191000","4191000-203-1994-00006","1994-07-14","","03","폐업","02","폐업","2003-02-25","","","","033 7430785","1.00","","강원특별자치도 원주시 봉산동 1094-2","","","쌍다리이용원","2004-05-04 00:00:00","I","2023-06-13 00:00:00","일반이용업","284650.298356712","427745.758112229","일반이용업","0","0","0","0","0","0","0","","","","","0","0","0","N",
"997","이용업","05_19_01_P","4191000","4191000-203-1994-00009","1994-10-12","","03","폐업","02","폐업","2016-06-02","","","","033 7612932","26.60","","강원특별자치도 원주시 단구동 1458-31","강원특별자치도 원주시 송림길 78-52, 1층 (단구동)","26449","서진이용원","2013-03-28 09:11:03","I","2023-06-13 00:00:00","일반이용업","284540.39990578","425709.194647197","일반이용업","2","0","1","1","0","0","3","","","","임대","0","1","0","N",
"998","이용업","05_19_01_P","4191000","4191000-203-1994-00010","1994-11-01","","03","폐업","02","폐업","2003-02-25","","","","03374536  25","1.00","","강원특별자치도 원주시 봉산동 203 삼익a 상가203","","","로얄이용원","2004-05-04 00:00:00","I","2023-06-13 00:00:00","일반이용업","","","일반이용업","0","0","0","0","0","0","0","","","","","0","0","0","N",
"999","이용업","05_19_01_P","4191000","4191000-203-1994-00011","1994-11-24","","03","폐업","02","폐업","2003-02-25","","","","03376192  72","1.00","","강원특별자치도 원주시 단구동 114-6","","","한솔이용원","2003-03-06 00:00:00","I","2023-06-13 00:00:00","일반이용업","285261.302627753","425033.264532108","일반이용업","0","0","0","0","0","0","0","","","","","0","0","0","N",
"1000","이용업","05_19_01_P","4191000","4191000-203-1995-00002","1995-01-26","","03","폐업","02","폐업","2006-05-16","","","","033 7421586","1.00","","강원특별자치도 원주시 봉산동 1104-8","","","배말이용원","2003-03-10 00:00:00","I","2023-06-13 00:00:00","일반이용업","284777.115692134","427797.687584455","일반이용업","0","0","0","0","0","0","3","","","","","0","0","0","N",
"1001","이용업","05_19_01_P","4191000","4191000-203-1995-00003","1995-02-16","","03","폐업","02","폐업","2004-10-26","","","","033 7457888","1.00","","강원특별자치도 원주시 일산동 52-22 .24","","","평화이용원","2003-05-22 00:00:00","I","2023-06-13 00:00:00","일반이용업","283964.621535918","427918.738257559","일반이용업","0","0","0","0","0","0","2","","","","","0","0","0","N",
"1002","이용업","05_19_01_P","4191000","4191000-203-1995-00005","1995-06-02","","03","폐업","02","폐업","2003-02-25","","","","033 7467474","1.00","","강원특별자치도 원주시 단계동 809 벽산아파트상가204","","","예술이용원","2004-05-04 00:00:00","I","2023-06-13 00:00:00","일반이용업","282575.668951368","428109.420429959","일반이용업","0","0","0","0","0","0","0","","","","","0","0","0","N",
"1003","이용업","05_19_01_P","4191000","4191000-203-1971-00008","1971-10-30","","03","폐업","02","폐업","2011-12-01","","","","033 7320688","1.00","","강원특별자치도 원주시 부론면 법천리 1533","","","부영이용원","2011-12-05 13:21:30","I","2023-06-13 00:00:00","일반이용업","266445.500435583","412148.095556196","일반이용업","0","0","0","0","0","0","3","","","","","0","0","0","N",
"1004","이용업","05_19_01_P","4191000","4191000-203-2007-00005","2007-07-06","","03","폐업","02","폐업","2009-02-17","","","","033 7441259","22.07","","강원특별자치도 원주시 단계동 910-10","","","굿모닝컷트맨","2007-07-09 00:00:00","I","2023-06-13 00:00:00","일반이용업","283008.910279634","426811.33668287","일반이용업","3","1","1","1","0","0","3","","","","임대","0","0","0","N",
"1005","이용업","05_19_01_P","4191000","4191000-203-2011-00004","2011-06-10","","03","폐업","02","폐업","2014-10-22","","","","033 747 0789","0.00","","강원특별자치도 원주시 학성동 1047","","","신사이용원","2011-06-10 10:22:05","I","2023-06-13 00:00:00","일반이용업","283370.633826974","428325.679656987","일반이용업","1","0","1","0","0","0","3","","","","자가","0","0","0","N",
"1006","이용업","05_19_01_P","4191000","4191000-203-1996-00001","1996-01-31","","03","폐업","02","폐업","2004-10-26","","","","033 7480789","1.00","","강원특별자치도 원주시 학성동 1047","","","신사이용원","2004-04-07 00:00:00","I","2023-06-13 00:00:00","일반이용업","283370.633826974","428325.679656987","일반이용업","0","0","0","0","0","0","4","","","","","0","0","0","N",
"1007","이용업","05_19_01_P","4191000","4191000-203-2002-00010","2002-08-02","","03","폐업","02","폐업","2003-02-25","","","","033 7442828","15.00","","강원특별자치도 원주시 일산동 187-6","","","시청이용원","2003-03-10 00:00:00","I","2023-06-13 00:00:00","일반이용업","283521.747394422","428039.582176171","일반이용업","2","0","0","0","0","0","0","","","","","0","0","0","N",
"1008","이용업","05_19_01_P","4191000","4191000-203-2000-00013","2000-11-03","","03","폐업","02","폐업","2003-02-25","","","","033 7443308","1.00","","강원특별자치도 원주시 태장동 1380-17","","","신라이용원","2004-05-04 00:00:00","I","2023-06-13 00:00:00","일반이용업","283890.414178627","431777.104497294","일반이용업","0","0","0","0","0","0","0","","","","","0","0","0","N",
"1009","이용업","05_19_01_P","4191000","4191000-203-2000-00009","2000-07-25","","03","폐업","02","폐업","2004-11-18","","","","","1.00","","강원특별자치도 원주시 태장동 1038-3","","","뉴대성이용원","2004-05-04 00:00:00","I","2023-06-13 00:00:00","일반이용업","284024.037701336","431142.908624314","일반이용업","0","0","0","0","0","0","3","","","","","0","0","0","N",
"1010","이용업","05_19_01_P","4191000","4191000-203-1998-00011","1998-09-21","","03","폐업","02","폐업","2010-10-18","","","","033 762 1044","12.50","","강원특별자치도 원주시 학성동 1061-5 대성인더스파 3층","","","대성사우나 이용원","2010-09-24 09:20:06","I","2023-06-13 00:00:00","일반이용업","283291.73714663","428198.67238433","일반이용업","8","1","3","3","0","0","3","","","","임대","0","0","0","N",
"1011","이용업","05_19_01_P","4191000","4191000-203-2006-00006","2006-05-25","","03","폐업","02","폐업","2006-12-15","","","","033 7624090","9.00","","강원특별자치도 원주시 개운동 403-17 청수목욕탕2층","","","청수이용원","2006-06-01 00:00:00","I","2023-06-13 00:00:00","일반이용업","284868.126568591","426790.707419162","일반이용업","2","1","2","2","0","0","2","","","","임대","0","0","0","N",
"1012","이용업","05_19_01_P","4191000","4191000-203-2005-00007","2005-11-21","","03","폐업","02","폐업","2006-12-21","","","","033 7427764","28.38","","강원특별자치도 원주시 단구동 1589-3 세경월러스A상가104호","","","세경이발&컷트","2006-05-29 00:00:00","I","2023-06-13 00:00:00","일반이용업","","","일반이용업","2","0","1","1","0","0","3","","","","임대","0","0","0","N",
"1013","이용업","05_19_01_P","4191000","4191000-203-1972-00004","1972-12-26","","03","폐업","02","폐업","2007-02-05","","","","033 7441681","1.00","","강원특별자치도 원주시 태장동 1398-19","","","충무이용원","2006-05-29 00:00:00","I","2023-06-13 00:00:00","일반이용업","283880.97637722","431498.002653447","일반이용업","0","0","0","0","0","0","3","","","","","0","0","0","N",
"1014","이용업","05_19_01_P","4191000","4191000-203-2006-00007","2006-06-16","","03","폐업","02","폐업","2006-06-30","","","","033 7421586","18.90","","강원특별자치도 원주시 봉산동 1104-8","","","배말이용원","2006-06-20 00:00:00","I","2023-06-13 00:00:00","일반이용업","284777.115692134","427797.687584455","일반이용업","4","0","1","1","0","0","3","","","","","0","0","0","N",
"1015","이용업","05_19_01_P","4191000","4191000-203-2006-00001","2006-02-20","","03","폐업","02","폐업","2007-03-23","","","","","24.57","","강원특별자치도 원주시 봉산동 1203-4 아포리배말타운 상가동 102호","","","청솔셀프이발관","2006-02-20 00:00:00","I","2023-06-13 00:00:00","일반이용업","284678.401262819","427883.879282224","일반이용업","3","1","1","1","0","0","2","","","","임대","0","0","0","N",
"1016","이용업","05_19_01_P","4191000","4191000-203-2006-00002","2006-02-22","","03","폐업","02","폐업","2008-06-09","","","","033 7636201","27.58","","강원특별자치도 원주시 명륜동 419","","","도영이용원","2006-02-23 00:00:00","I","2023-06-13 00:00:00","일반이용업","283523.577367927","426241.314963094","일반이용업","3","1","1","1","0","0","3","","","","임대","0","0","0","N",
"1017","이용업","05_19_01_P","4191000","4191000-203-1993-00007","1993-05-08","","03","폐업","02","폐업","2010-07-14","","","","033 7458748","18.72","","강원특별자치도 원주시 개운동 347-1","","","국신이발관","2006-02-23 00:00:00","I","2023-06-13 00:00:00","일반이용업","284203.152757702","426238.043735956","일반이용업","2","1","1","1","0","0","3","","","","임대","0","0","0","N",
"1018","이용업","05_19_01_P","4191000","4191000-203-2000-00011","2000-09-08","","03","폐업","02","폐업","2006-05-16","","","","033 7463238","1.00","","강원특별자치도 원주시 단계동 876-3 (2층)","","","대경이용원","2006-03-23 00:00:00","I","2023-06-13 00:00:00","일반이용업","282333.987294001","427363.165358746","일반이용업","0","0","0","0","0","0","10","","","","","0","0","0","N",
"1019","이용업","05_19_01_P","4191000","4191000-203-2006-00003","2006-03-31","","03","폐업","02","폐업","2007-04-11","","","","","9.10","","강원특별자치도 원주시 단계동 871 중앙사우나찜질방 2층","","","중앙사우나이용원","2006-04-05 00:00:00","I","2023-06-13 00:00:00","일반이용업","282255.475912029","427439.669709274","일반이용업","5","1","2","2","0","0","2","","","","임대","0","0","0","N",
"1020","이용업","05_19_01_P","4191000","4191000-203-2006-00004","2006-04-03","","03","폐업","02","폐업","2010-11-05","","","","033 7428978","24.62","","강원특별자치도 원주시 학성동 1047","","","신사이용원","2008-10-02 10:43:13","I","2023-06-13 00:00:00","일반이용업","283370.633826974","428325.679656987","일반이용업","1","0","1","1","0","0","3","","","","자가","0","0","0","N",
"1021","이용업","05_19_01_P","4191000","4191000-203-2007-00001","2007-01-16","","03","폐업","02","폐업","2018-10-23","","","","033 7614793","12.48","","강원특별자치도 원주시 학성동 430-1","강원특별자치도 원주시 평원로 157 (학성동)","26415","역전이용원","2018-10-23 10:12:26","I","2023-06-13 00:00:00","일반이용업","283616.444676651","428673.911383275","일반이용업","3","1","2","2","0","0","2","","","","임대","0","0","0","N",
"1022","이용업","05_19_01_P","4191000","4191000-203-2006-00011","2006-12-20","","03","폐업","02","폐업","2010-06-04","","","","","5.88","","강원특별자치도 원주시 일산동 52-22","","","평화탕이용원","2007-06-04 00:00:00","I","2023-06-13 00:00:00","일반이용업","283964.621535918","427918.738257559","일반이용업","5","1","2","2","0","0","1","","","","임대","0","0","0","N",
"1023","이용업","05_19_01_P","4191000","4191000-203-1997-00004","1997-06-05","","03","폐업","02","폐업","2014-05-19","","","","033 7480464","1.00","","강원특별자치도 원주시 단계동 832-6","강원특별자치도 원주시 금불1길 28 (단계동)","26423","세광이용원","2007-07-18 00:00:00","I","2023-06-13 00:00:00","일반이용업","282450.148485507","427743.673899657","일반이용업","3","1","0","0","1","1","5","","","","임대","0","0","0","N",
"1024","이용업","05_19_01_P","4191000","4191000-203-2005-00004","2005-07-08","","03","폐업","02","폐업","2005-10-27","","","","033 7351209","28.35","","강원특별자치도 원주시 태장동 1397-19","","","현대이용원","2005-07-08 00:00:00","I","2023-06-13 00:00:00","일반이용업","283907.19200888","431506.334938791","일반이용업","4","1","1","1","0","0","3","","","","임대","0","0","0","N",
"1025","이용업","05_19_01_P","4191000","4191000-203-2002-00014","2002-10-30","","03","폐업","02","폐업","2008-02-29","","","","033 7470789","45.00","","강원특별자치도 원주시 학성동 436-29","","","럭키이용원","2005-07-21 00:00:00","I","2023-06-13 00:00:00","일반이용업","283577.257602754","428604.145453612","일반이용업","0","0","0","0","0","0","5","","","","","0","0","0","N",
"1026","이용업","05_19_01_P","4191000","4191000-203-2005-00005","2005-08-17","","03","폐업","02","폐업","2007-04-13","","","","","52.80","","강원특별자치도 원주시 학성동 223-2","","","신진주이용원","2005-08-17 00:00:00","I","2023-06-13 00:00:00","일반이용업","","","일반이용업","1","3","2","2","0","0","5","","","","임대","0","0","0","N",
"1027","이용업","05_19_01_P","4191000","4191000-203-2019-00004","2019-12-24","","03","폐업","02","폐업","2020-10-21","","","","","17.55","","강원특별자치도 원주시 무실동 1835-2","강원특별자치도 원주시 봉바위길 43, 1층 (무실동)","26393","레드폴바버샵원주점","2020-10-21 15:18:48","I","2023-06-13 00:00:00","일반이용업","282453.071255699","425964.764981178","일반이용업","0","0","0","0","0","0","2","","","","","0","0","0","N",
"1028","이용업","05_19_01_P","4191000","4191000-203-2020-00003","2020-03-13","","03","폐업","02","폐업","2021-10-08","","","","","10.92","","강원특별자치도 원주시 단구동 997-6","강원특별자치도 원주시 남원로534번길 64, 2층 일부호 (단구동)","26485","청담이용원","2021-10-08 10:15:04","I","2023-06-13 00:00:00","일반이용업","284310.250897042","425529.166771353","일반이용업","3","1","2","2","0","0","2","","","","임대","0","1","0","N",
"1029","이용업","05_19_01_P","4191000","4191000-203-2012-00003","2012-08-22","","03","폐업","02","폐업","2020-07-23","","","","033 766 1417","0.00","","강원특별자치도 원주시 명륜동 802 성원아파트","강원특별자치도 원주시 무실로 153, 성원아파트 지하1층 (명륜동)","26438","옥수정이용원","2020-07-23 10:39:13","I","2023-06-13 00:00:00","일반이용업","283383.087355804","427002.92589923","일반이용업","4","1","0","0","1","1","2","","","","임대","0","1","0","N",
"1030","이용업","05_19_01_P","4191000","4191000-203-2020-00006","2020-07-06","","03","폐업","02","폐업","2024-12-31","","","","","6.00","","강원특별자치도 원주시 단구동 185-8","강원특별자치도 원주시 강변로 231-2, 3층 일부호 (단구동)","26451","온천이용원","2024-12-31 10:13:01","U","2025-01-04 02:40:00","일반이용업","285187.51465953","425592.23037359","일반이용업","4","0","3","3","0","0","1","","","","임대","0","1","0","N",
"1031","이용업","05_19_01_P","4191000","4191000-203-2021-00002","2021-05-10","","03","폐업","02","폐업","2021-10-05","","","","","48.16","","강원특별자치도 원주시 단계동 78-1","강원특별자치도 원주시 모란1길 19 (단계동)","26407","모란이용원","2021-10-05 15:09:22","I","2023-06-13 00:00:00","일반이용업","282932.80491844","429123.940969732","일반이용업","3","1","1","1","0","0","2","","","","임대","0","0","0","N",
"1032","이용업","05_19_01_P","4191000","4191000-203-2019-00002","2019-01-15","","03","폐업","02","폐업","2021-11-30","","","","033 7352345","37.73","","강원특별자치도 원주시 문막읍 건등리 1700-2","강원특별자치도 원주시 문막읍 건등로 46, 1층","26370","주윤이용원","2021-11-30 14:50:47","I","2023-06-13 00:00:00","일반이용업","272697.106592786","423865.795515939","일반이용업","3","0","1","1","0","0","2","","","","","0","0","0","N",
"1033","이용업","05_19_01_P","4191000","4191000-203-2005-00006","2005-08-22","","03","폐업","02","폐업","2006-03-29","","","","","35.69","","강원특별자치도 원주시 명륜동 90-9","","","해광이용원","2005-09-30 00:00:00","I","2023-06-13 00:00:00","일반이용업","","","일반이용업","3","1","1","1","0","0","4","","","","임대","0","0","0","N",
"1034","이용업","05_19_01_P","4191000","4191000-203-2015-00001","2015-01-13","","03","폐업","02","폐업","2016-07-22","","","","033 746 6230","34.44","","강원특별자치도 원주시 명륜동 90-9 지상1층","강원특별자치도 원주시 남원로 659-2, 지상1층 (명륜동)","26441","남부세경이용원","2015-01-13 17:18:27","I","2023-06-13 00:00:00","일반이용업","284450.721284251","427068.856594792","일반이용업","3","1","1","1","0","0","3","","","","임대","0","1","0","N",
"1035","이용업","05_19_01_P","4191000","4191000-203-2000-00007","2000-05-19","","03","폐업","02","폐업","2005-07-21","","","","033 7448745","78.30","","강원특별자치도 원주시 학성동 223-2 (2층)","","","효자동이용원","2005-03-03 00:00:00","I","2023-06-13 00:00:00","일반이용업","283703.254877201","428378.658944174","일반이용업","2","0","2","2","0","0","6","","","","임대","0","0","0","N",
"1036","이용업","05_19_01_P","4191000","4191000-203-2003-00016","2003-09-23","","03","폐업","02","폐업","2003-12-16","","","","033 7354332","172.57","","강원특별자치도 원주시 일산동 193-6 (지하1층)","","","쎄븐이용원","2003-12-16 00:00:00","I","2023-06-13 00:00:00","일반이용업","283726.656468159","428089.936836396","일반이용업","8","1","0","0","1","1","12","","","","임대","0","0","0","N",
"1037","이용업","05_19_01_P","4191000","4191000-203-2003-00017","2003-09-30","","03","폐업","02","폐업","2007-08-30","","","","","22.56","","강원특별자치도 원주시 봉산동 908-6 (1층)","","","봉산이용원","2006-02-13 00:00:00","I","2023-06-13 00:00:00","일반이용업","285133.450387072","427586.410582759","일반이용업","1","0","1","1","0","0","3","","","","임대","0","0","0","N",
"1038","이용업","05_19_01_P","4191000","4191000-203-2003-00018","2003-10-01","","03","폐업","02","폐업","2008-03-05","","","","","18.82","","강원특별자치도 원주시 우산동 234-2 (1층)","","","상지보석이용원","2005-07-14 00:00:00","I","2023-06-13 00:00:00","일반이용업","282900.934305789","429865.231325672","일반이용업","2","1","1","1","0","0","1","","","","","0","0","0","N",
"1039","이용업","05_19_01_P","4191000","4191000-203-1990-00001","1990-01-06","","03","폐업","02","폐업","2006-03-24","","","","033 7425251","1.00","","강원특별자치도 원주시 학성동 207-26","","","모모이용원","2005-07-14 00:00:00","I","2023-06-13 00:00:00","일반이용업","283855.928085248","428195.875513155","일반이용업","0","0","0","0","0","0","9","","","","","0","0","0","N",
"1040","이용업","05_19_01_P","4191000","4191000-203-2002-00007","2002-05-17","","03","폐업","02","폐업","2024-07-02","","","","","32.14","","강원특별자치도 원주시 중앙동 40-3","강원특별자치도 원주시 중앙로 158 (중앙동)","26428","영빈이용원","2024-07-02 15:43:28","U","2024-07-04 02:40:00","일반이용업","284013.035428309","428175.557609086","일반이용업","0","0","0","0","0","0","3","","","","","0","0","0","N",
"1041","이용업","05_19_01_P","4191000","4191000-203-2003-00007","2003-04-16","","03","폐업","02","폐업","2006-05-04","","","","","17.50","","강원특별자치도 원주시 학성동 1061-5 (3층)","","","테크노이용원","2005-07-13 00:00:00","I","2023-06-13 00:00:00","일반이용업","283291.73714663","428198.67238433","일반이용업","7","1","0","6","0","0","2","","","","임대","0","0","0","N",
"1042","이용업","05_19_01_P","4191000","4191000-203-2003-00009","2003-04-03","","03","폐업","02","폐업","2003-04-25","","","","033 7662025","17.60","","강원특별자치도 원주시 단구동 1517-2 한일a상가 205호","","","맨헤어클럽","2003-04-25 00:00:00","I","2023-06-13 00:00:00","일반이용업","284005.688682687","425637.406586596","일반이용업","2","0","0","2","0","0","3","","","","임대","0","0","0","N",
"1043","이용업","05_19_01_P","4191000","4191000-203-2003-00010","2003-06-02","","03","폐업","02","폐업","2003-10-30","","","","033 7482893","22.45","","강원특별자치도 원주시 우산동 411-27","","","흥성이용원","2003-06-22 00:00:00","I","2023-06-13 00:00:00","일반이용업","283312.245427678","430647.288951115","일반이용업","1","1","0","1","0","0","3","","","","임대","0","0","0","N",
"1044","이용업","05_19_01_P","4191000","4191000-203-2003-00011","2003-06-03","","03","폐업","02","폐업","2003-09-08","","","","033 7424888","88.30","","강원특별자치도 원주시 단계동 885-1 (4층)","","","갑을이용원","2003-09-08 00:00:00","I","2023-06-13 00:00:00","일반이용업","282526.199992857","427178.549934246","일반이용업","8","1","0","4","0","0","9","","","","임대","0","0","0","N",
"1045","이용업","05_19_01_P","4191000","4191000-203-2003-00020","2003-12-03","","03","폐업","02","폐업","2011-09-22","","","","033 7616327","8.00","","강원특별자치도 원주시 단구동 130-6 (2층)","","","북경이용원","2007-07-31 10:36:26","I","2023-06-13 00:00:00","일반이용업","285178.081511789","425110.845025305","일반이용업","2","0","2","2","0","0","2","","","","임대","0","0","0","N",
"1046","이용업","05_19_01_P","4191000","4191000-203-2003-00008","2003-04-21","","03","폐업","02","폐업","2011-09-29","","","","033 7648031","18.66","","강원특별자치도 원주시 명륜동 833-1 (3층)","","","로얄사우나이용원","2005-07-13 00:00:00","I","2023-06-13 00:00:00","일반이용업","283445.570846743","425455.484263598","일반이용업","2","0","1","1","0","0","3","","","","임대","0","0","0","N",
"1047","이용업","05_19_01_P","4191000","4191000-203-2001-00009","2001-07-12","","03","폐업","02","폐업","2004-12-02","","","","033 7468841","12.60","","강원특별자치도 원주시 원동 303 (1층)","","","마라톤이용원","2004-03-18 00:00:00","I","2023-06-13 00:00:00","일반이용업","283904.190006873","427131.812347202","일반이용업","0","0","0","0","0","0","2","","","","","0","0","0","N",
"1048","이용업","05_19_01_P","4191000","4191000-203-2003-00022","2003-12-29","","03","폐업","02","폐업","2011-09-06","","","","033 7310414","21.94","","강원특별자치도 원주시 태장동 1266-6 우성2차(아) 상가동 301호","","","태우이용원","2006-04-21 00:00:00","I","2023-06-13 00:00:00","일반이용업","283979.729676464","431362.066130018","일반이용업","3","0","3","3","0","0","3","","","","임대","0","0","0","N",
"1049","이용업","05_19_01_P","4191000","4191000-203-2003-00023","2003-12-30","","03","폐업","02","폐업","2006-09-21","","","","","19.44","","강원특별자치도 원주시 단구동 192-5 (원주건강스파랜드 3층목욕탕내)","","","스파랜드이발","2005-07-14 00:00:00","I","2023-06-13 00:00:00","일반이용업","285172.86129794","425713.695297587","일반이용업","4","1","3","3","0","0","3","","","","임대","0","0","0","N",
"1050","이용업","05_19_01_P","4191000","4191000-203-2003-00012","2003-08-19","","03","폐업","02","폐업","2007-05-01","","","","033 7438384","12.96","","강원특별자치도 원주시 단계동 853-6 (5층)","","","하트이용원","2006-10-09 00:00:00","I","2023-06-13 00:00:00","일반이용업","282447.83","427481.465","일반이용업","6","1","5","5","0","0","2","","","","임대","0","0","0","N",
"1051","이용업","05_19_01_P","4191000","4191000-203-2004-00009","2004-12-13","","03","폐업","02","폐업","2005-02-22","","","","","160.75","","강원특별자치도 원주시 일산동 193-6 (지하)","","","쎄븐이용원","2004-12-14 00:00:00","I","2023-06-13 00:00:00","일반이용업","283726.656468159","428089.936836396","일반이용업","8","1","0","0","1","1","8","","","","임대","0","0","0","N",
"1052","이용업","05_19_01_P","4191000","4191000-203-2006-00009","2006-11-06","","03","폐업","02","폐업","2009-10-26","","","","","23.52","","강원특별자치도 원주시 단구동 719-7","","","성원이발관","2006-11-06 00:00:00","I","2023-06-13 00:00:00","일반이용업","284998.479543208","425510.793319889","일반이용업","3","0","1","1","0","0","3","","","","임대","0","0","0","N",
"1053","이용업","05_19_01_P","4191000","4191000-203-2022-00003","2022-06-27","","03","폐업","02","폐업","2022-10-06","","","","","25.59","","강원특별자치도 원주시 문막읍 건등리 1714-2","강원특별자치도 원주시 문막읍 건등로 6-4, 1층","26370","금강사우나이용원","2022-10-06 11:26:47","I","2023-06-13 00:00:00","일반이용업","272423.30041175","423574.386658287","일반이용업","0","0","1","1","0","0","2","","","","임대","0","0","0","N",
"1054","이용업","05_19_01_P","4191000","4191000-203-2023-00001","2023-02-23","","03","폐업","02","폐업","2024-10-23","","","","","32.58","","강원특별자치도 원주시 명륜동 324","강원특별자치도 원주시 남산로48번길 42-13, 1층 (명륜동)","26439","아리아헤어","2024-10-23 16:39:17","U","2024-10-25 02:40:00","일반이용업","283814.000407816","426954.228180476","일반이용업","2","1","1","1","0","0","3","","","","임대","0","0","0","N",
"1055","이용업","05_19_01_P","4191000","4191000-203-2005-00001","2005-01-12","","03","폐업","02","폐업","2008-08-04","","","","033 7633464","26.36","","강원특별자치도 원주시 명륜동 847-3 구곡청구아파트 상가동 101,102호","","","신광이용원","2008-08-05 10:27:23","I","2023-06-13 00:00:00","일반이용업","283221.754269091","425218.255922879","일반이용업","3","0","1","1","0","0","3","","","","임대","0","0","0","N",
"1056","이용업","05_19_01_P","4191000","4191000-203-1972-00008","1972-06-29","","03","폐업","02","폐업","2015-06-22","","","","","1.00","","강원특별자치도 원주시 태장동 1371-1 ,2","","","주공이용원","2004-07-27 00:00:00","I","2023-06-13 00:00:00","일반이용업","284184.73287345","431873.575606577","일반이용업","0","0","0","0","0","0","3","","","","","0","0","0","N",
"1057","이용업","05_19_01_P","4191000","4191000-203-2003-00006","2003-03-31","","03","폐업","02","폐업","2006-05-16","","","","033 7461507","123.31","","강원특별자치도 원주시 단계동 882-5","","","발리이용원","2006-05-11 00:00:00","I","2023-06-13 00:00:00","일반이용업","282486.870188917","427268.226549625","일반이용업","6","1","0","0","0","1","9","","","","임대","0","0","0","N",
"1058","이용업","05_19_01_P","4191000","4191000-203-2004-00003","2004-08-24","","03","폐업","02","폐업","2005-04-15","","","","033 7348802","24.12","","강원특별자치도 원주시 문막읍 문막리 482-2","","","휴게실이용원","2004-08-24 00:00:00","I","2023-06-13 00:00:00","일반이용업","272383.950138735","423232.497746984","일반이용업","3","0","3","3","0","0","1","","","","임대","0","0","0","N",
"1059","이용업","05_19_01_P","4191000","4191000-203-2003-00021","2003-12-04","","03","폐업","02","폐업","2012-05-02","","","","","23.60","","강원특별자치도 원주시 단구동 997-6 (2층)","강원특별자치도 원주시 남원로534번길 64 (단구동,(2층))","26485","강원주건강랜드사우나이용원","2006-05-11 00:00:00","I","2023-06-13 00:00:00","일반이용업","284310.250897042","425529.166771353","일반이용업","6","1","6","6","0","0","3","","","","임대","0","0","0","N",
"1060","이용업","05_19_01_P","4191000","4191000-203-2004-00004","2004-09-23","","03","폐업","02","폐업","2004-11-01","","","","","172.45","","강원특별자치도 원주시 일산동 193-6 (지하)","","","쎄븐이용원","2004-09-23 00:00:00","I","2023-06-13 00:00:00","일반이용업","283726.656468159","428089.936836396","일반이용업","8","1","0","0","1","1","10","","","","자가","0","0","0","N",
"1061","이용업","05_19_01_P","4191000","4191000-203-2004-00001","2004-03-05","","03","폐업","02","폐업","2004-07-01","","","","033 7422745","3.00","","강원특별자치도 원주시 우산동 231-3 (1층)","","","오봉이용원","2004-07-01 00:00:00","I","2023-06-13 00:00:00","일반이용업","283045.022235119","429853.569760736","일반이용업","3","1","1","1","0","0","1","","","","임대","0","0","0","N",
"1062","이용업","05_19_01_P","4191000","4191000-203-2003-00019","2003-11-25","","03","폐업","02","폐업","2004-01-19","","","","033 7465688","7.75","","강원특별자치도 원주시 관설동 1713-1 청솔6차상가 지층101호","","","청솔골드파크이용원","2004-01-19 00:00:00","I","2023-06-13 00:00:00","일반이용업","285516.185574864","424374.586469565","일반이용업","2","1","0","0","1","1","2","","","","","0","0","0","N",
"1063","이용업","05_19_01_P","4191000","4191000-203-2025-00001","2025-01-07","","03","폐업","02","폐업","2025-02-05","","","","","0.00","","강원특별자치도 원주시 반곡동 1961-6","강원특별자치도 원주시 웅비1길 23, 1층 (반곡동)","26462","슬럼독바버샵&제이살롱원주점","2025-02-05 14:07:04","U","2025-02-07 02:40:00","일반이용업","287599.346353657","425741.255531013","일반이용업","0","0","0","0","0","0","0","","","","","0","0","0","N",
"1064","이용업","05_19_01_P","4201000","4201000-203-2003-00007","2003-06-25","","03","폐업","02","폐업","2009-04-02","","","","033 6427273","8.40","","강원특별자치도 강릉시 성남동 61-6","","","중앙이용소","2003-07-08 00:00:00","I","2023-06-13 00:00:00","일반이용업","367198.881040234","473984.499358399","일반이용업","3","0","0","1","0","0","2","","","","","0","0","0","N",
"1065","이용업","05_19_01_P","4201000","4201000-203-1976-00001","1976-03-16","","03","폐업","02","폐업","2017-03-03","","","","033 6468721","33.90","","강원특별자치도 강릉시 입암동 547","강원특별자치도 강릉시 월대산로 33-7 (입암동)","25578","성민이용소","2013-07-02 09:19:54","I","2023-06-13 00:00:00","일반이용업","368583.02021281","474800.463104585","일반이용업","0","0","0","0","0","0","0","","","","","0","0","0","N",
"1066","이용업","05_19_01_P","4201000","4201000-203-2002-00012","2002-02-27","","03","폐업","02","폐업","2009-07-29","","","","033 6462902","26.40","","강원특별자치도 강릉시 포남동 1147-10","","","대중이용소","2003-07-08 00:00:00","I","2023-06-13 00:00:00","일반이용업","368048.073281316","475276.669572777","일반이용업","0","0","0","0","0","0","5","","","","","0","0","0","N",
"1067","이용업","05_19_01_P","4201000","4201000-203-2003-00002","2003-01-29","","03","폐업","02","폐업","2007-06-18","","","","033 6517114","33.05","","강원특별자치도 강릉시 포남동 1176-14","","","종로이용소","2003-04-01 00:00:00","I","2023-06-13 00:00:00","일반이용업","368347.910808747","475824.213187221","일반이용업","3","0","0","1","0","0","3","","","","","0","0","0","N",
"1068","이용업","05_19_01_P","4201000","4201000-203-2006-00002","2006-04-24","","03","폐업","02","폐업","2006-06-28","","","","6457720","16.20","","강원특별자치도 강릉시 교동 146-8","","","오복이발관","2006-05-10 00:00:00","I","2023-06-13 00:00:00","일반이용업","367059.240016579","474690.824463085","일반이용업","3","0","0","1","0","0","0","","","","임대","0","0","0","N",
"1069","이용업","05_19_01_P","4201000","4201000-203-1999-00002","1999-04-03","","03","폐업","02","폐업","2019-07-22","","","","033 6426865","19.50","","강원특별자치도 강릉시 포남동 1291","강원특별자치도 강릉시 하평1길 20 (포남동)","25566","고려이용소","2019-07-22 10:25:50","I","2023-06-13 00:00:00","일반이용업","368396.287151892","476070.867280176","일반이용업","0","0","0","0","0","0","2","","","","","0","0","0","N",
"1070","이용업","05_19_01_P","4201000","4201000-203-2005-00005","2005-08-18","","03","폐업","02","폐업","2016-04-22","","","","6461513","59.00","","강원특별자치도 강릉시 성남동 45-7","강원특별자치도 강릉시 율곡로 2789-1 (성남동)","25542","만남이용소","2009-09-02 16:41:16","I","2023-06-13 00:00:00","일반이용업","367468.741907282","474091.286422038","일반이용업","4","1","2","2","0","0","0","","","","임대","0","0","0","N",
"1071","이용업","05_19_01_P","4201000","4201000-203-2005-00003","2005-03-30","","03","폐업","02","폐업","2006-03-07","","","","033 6458828","55.77","","강원특별자치도 강릉시 성남동 244","","","광장이용소","2005-11-16 00:00:00","I","2023-06-13 00:00:00","일반이용업","","","일반이용업","3","1","0","0","0","1","4","","","","임대","0","0","0","N",
"1072","이용업","05_19_01_P","4201000","4201000-203-2005-00004","2005-05-17","","03","폐업","02","폐업","2007-11-19","","","","033 6487554","5.00","","강원특별자치도 강릉시 교동 941-1","","","수정이용소","2005-05-17 00:00:00","I","2023-06-13 00:00:00","일반이용업","366166.36229465","474445.971418681","일반이용업","2","0","2","0","0","0","1","","","","임대","0","0","0","N",
"1073","이용업","05_19_01_P","4201000","4201000-203-1975-00005","1975-07-24","","03","폐업","02","폐업","2006-04-12","","","","6429214","74.80","","강원특별자치도 강릉시 포남동 1138-5","","","개성시대","2005-08-22 00:00:00","I","2023-06-13 00:00:00","일반이용업","367763.387730084","474842.07380285","일반이용업","4","1","0","2","0","0","6","","","","임대","0","0","0","N",
"1074","이용업","05_19_01_P","4201000","4201000-203-2004-00002","2004-03-19","","03","폐업","02","폐업","2006-03-10","","","","033 6425956","18.85","","강원특별자치도 강릉시 포남동 1291","","","고려이용소","2004-06-18 00:00:00","I","2023-06-13 00:00:00","일반이용업","368396.287151892","476070.867280176","일반이용업","5","1","3","0","0","0","4","","","","","0","0","0","N",
"1075","이용업","05_19_01_P","4201000","4201000-203-2004-00003","2004-05-01","","03","폐업","02","폐업","2004-05-03","","","","","44.50","","강원특별자치도 강릉시 성내동 22-2","","","국일이용원","2004-05-01 00:00:00","I","2023-06-13 00:00:00","일반이용업","366800.52751178","473858.290771791","일반이용업","4","1","0","0","1","0","6","","","","임대","0","0","0","N",
"1076","이용업","05_19_01_P","4201000","4201000-203-2002-00016","2002-03-28","","03","폐업","02","폐업","2004-05-12","","","","033 6526420","92.60","","강원특별자치도 강릉시 포남동 1313-8","","","한강이용소","2003-12-04 00:00:00","I","2023-06-13 00:00:00","일반이용업","368813.234095798","475874.95685988","일반이용업","0","0","0","0","0","0","6","","","","","0","0","0","N",
"1077","이용업","05_19_01_P","4201000","4201000-203-2004-00001","2004-02-10","","03","폐업","02","폐업","2016-12-20","","","","033 6532838","31.24","","강원특별자치도 강릉시 입암동 594-1 1층","강원특별자치도 강릉시 성덕포남로 102, 1층 (입암동)","25576","주공이용소","2014-08-05 12:40:08","I","2023-06-13 00:00:00","일반이용업","368723.901238152","475116.563574855","일반이용업","1","4","1","0","0","0","3","","","","","0","0","0","N",
"1078","이용업","05_19_01_P","4201000","4201000-203-1985-00001","1985-07-12","","03","폐업","02","폐업","2003-03-11","","","","033 6485513","13.80","","강원특별자치도 강릉시 노암동 314-2","","","거북이용소","2003-03-12 00:00:00","I","2023-06-13 00:00:00","일반이용업","367493.119161669","473356.734638226","일반이용업","0","0","0","0","0","0","2","","","","","0","0","0","N",
"1079","이용업","05_19_01_P","4201000","4201000-203-1975-00003","1975-06-09","","03","폐업","02","폐업","2002-04-25","","","","033 6415792","19.80","","강원특별자치도 강릉시 노암동 346-1","","","노암이용소","2003-02-24 00:00:00","I","2023-06-13 00:00:00","일반이용업","367259.590364131","473226.017085032","일반이용업","0","0","0","0","0","0","3","","","","","0","0","0","N",
"1080","이용업","05_19_01_P","4201000","4201000-203-1986-00001","1986-02-05","","03","폐업","02","폐업","2019-03-19","","","","033 6481240","21.93","","강원특별자치도 강릉시 노암동 703-53","강원특별자치도 강릉시 단오장길22번길 10-1 (노암동)","25586","진이용소","2019-03-19 14:29:16","I","2023-06-13 00:00:00","일반이용업","367059.218399974","473312.499280295","일반이용업","0","0","0","0","0","0","2","","","","","0","0","0","N",
"1081","이용업","05_19_01_P","4201000","4201000-203-1983-00002","1983-12-12","","03","폐업","02","폐업","2002-11-29","","","","033 6434035","16.00","","강원특별자치도 강릉시 노암동 703-131","","","진주이용소","2003-02-24 00:00:00","I","2023-06-13 00:00:00","일반이용업","367105.849104753","473375.907181037","일반이용업","0","0","0","0","0","0","3","","","","","0","0","0","N",
"1082","이용업","05_19_01_P","4201000","4201000-203-1980-00001","1980-06-30","","03","폐업","02","폐업","2022-05-02","","","","033 6462938","14.00","","강원특별자치도 강릉시 노암동 704-1","강원특별자치도 강릉시 단오장길 18 (노암동)","25586","협동이용소","2022-05-02 11:04:36","I","2023-06-13 00:00:00","일반이용업","367015.031120474","473383.389130114","일반이용업","1","0","0","1","0","0","2","","","","임대","0","0","0","N",
"1083","이용업","05_19_01_P","4201000","4201000-203-1960-00001","1960-10-20","","03","폐업","02","폐업","2017-05-15","","","","033 6463496","23.30","","강원특별자치도 강릉시 장현동 74-3","강원특별자치도 강릉시 모산로 218 (장현동)","25606","모산이용소","2017-05-15 14:42:45","I","2023-06-13 00:00:00","일반이용업","367535.753481832","471442.239256759","일반이용업","0","0","0","0","0","0","2","","","","","0","0","0","N",
"1084","이용업","05_19_01_P","4201000","4201000-203-1973-00002","1973-08-21","","03","폐업","02","폐업","2003-03-14","","","","033 6446209","0.00","","강원특별자치도 강릉시 강동면 안인리 558-66","","","영남이용소","2003-04-19 00:00:00","I","2023-06-13 00:00:00","일반이용업","374358.820271301","471208.685201614","일반이용업","0","0","0","0","0","0","2","","","","","0","0","0","N",
"1085","이용업","05_19_01_P","4201000","4201000-203-2006-00003","2006-06-15","","03","폐업","02","폐업","2007-04-30","","","","6485181","17.00","","강원특별자치도 강릉시 내곡동 461-5","","","내곡옥사우나이용소","2006-06-16 00:00:00","I","2023-06-13 00:00:00","일반이용업","365987.295369488","473063.655198119","일반이용업","3","0","0","3","0","0","0","","","","임대","0","0","0","N",
"1086","이용업","05_19_01_P","4201000","4201000-203-2003-00013","2003-10-10","","03","폐업","02","폐업","2004-02-09","","","","033 6420822","224.59","","강원특별자치도 강릉시 교동 1743-1","","","터미널이용소","2003-10-10 00:00:00","I","2023-06-13 00:00:00","일반이용업","365780.936863432","474185.277526729","일반이용업","0","0","2","0","0","0","15","","","","","0","0","0","N",
"1087","이용업","05_19_01_P","4201000","4201000-203-2003-00014","2003-11-03","","03","폐업","02","폐업","2006-09-25","","","","033 6613401","7.60","","강원특별자치도 강릉시 주문진읍 교항리 50-4","","","신영이용소","2003-11-03 00:00:00","I","2023-06-13 00:00:00","일반이용업","360518.653372176","488002.224806728","일반이용업","2","0","2","0","0","0","2","","","","임대","0","0","0","N",
"1088","이용업","05_19_01_P","4201000","4201000-203-2001-00174","2001-12-14","","03","폐업","02","폐업","2004-01-08","","","","033 6416429","75.90","","강원특별자치도 강릉시 옥천동 278-1","","","발리이용원","2004-01-08 00:00:00","I","2023-06-13 00:00:00","일반이용업","367242.295516403","474712.994884166","일반이용업","4","0","0","3","0","0","6","","","","","0","0","0","N",
"1089","이용업","05_19_01_P","4201000","4201000-203-2003-00008","2003-07-23","","03","폐업","02","폐업","2005-01-21","","","","033 6510740","45.14","","강원특별자치도 강릉시 포남동 1171-7","","","쭈리이용원","2003-07-23 00:00:00","I","2023-06-13 00:00:00","일반이용업","368335.506643516","475529.735516848","일반이용업","4","1","0","0","0","1","4","","","","임대","0","0","0","N",
"1090","이용업","05_19_01_P","4201000","4201000-203-2003-00009","2003-08-13","","03","폐업","02","폐업","2004-06-30","","","","033 6453988","9.90","","강원특별자치도 강릉시 명주동 7-4","","","그린명성이용소","2003-08-21 00:00:00","I","2023-06-13 00:00:00","일반이용업","366793.632251734","473778.706702935","일반이용업","2","1","0","0","0","1","2","","","","","0","0","0","N",
"1091","이용업","05_19_01_P","4201000","4201000-203-2003-00010","2003-08-23","","03","폐업","02","폐업","2004-04-16","","","","033 6482707","183.00","","강원특별자치도 강릉시 옥천동 287 외1필지","","","오케이이용원","2004-04-07 00:00:00","I","2023-06-13 00:00:00","일반이용업","367403.787640449","474678.684966155","일반이용업","1","5","0","3","0","0","10","","","","임대","0","0","0","N",
"1092","이용업","05_19_01_P","4201000","4201000-203-2003-00011","2003-09-03","","03","폐업","02","폐업","2008-08-28","","","","","37.00","","강원특별자치도 강릉시 성남동 50","","","성남이용소","2006-04-24 00:00:00","I","2023-06-13 00:00:00","일반이용업","367255.878725242","474087.754397503","일반이용업","2","0","0","2","0","0","3","","","","","0","0","0","N",
"1093","이용업","05_19_01_P","4201000","4201000-203-2003-00004","2003-04-18","","03","폐업","02","폐업","2004-04-08","","","","033 6426534","44.50","","강원특별자치도 강릉시 성내동 22-2","","","국일이용소","2003-08-19 00:00:00","I","2023-06-13 00:00:00","일반이용업","366800.52751178","473858.290771791","일반이용업","4","1","0","0","0","1","7","","","","임대","0","0","0","N",
"1094","이용업","05_19_01_P","4201000","4201000-203-1993-00002","1993-01-29","","03","폐업","02","폐업","2022-03-22","","","","033 6460778","37.10","","강원특별자치도 강릉시 포남동 1124-16","강원특별자치도 강릉시 남구길17번길 5 (포남동)","25549","역전이용소","2022-03-22 10:27:23","I","2023-06-13 00:00:00","일반이용업","367838.885001391","475241.624481642","일반이용업","2","0","0","1","0","0","2","","","","","0","0","0","N",
"1095","이용업","05_19_01_P","4201000","4201000-203-1979-00001","1979-02-15","","03","폐업","02","폐업","2006-01-23","","","","033 6419043","32.00","","강원특별자치도 강릉시 성산면 구산리 263-1","","","성산이용소","2003-07-08 00:00:00","I","2023-06-13 00:00:00","일반이용업","361465.257289306","469891.496144991","일반이용업","0","0","0","0","0","0","0","","","","","0","0","0","N",
"1096","이용업","05_19_01_P","4201000","4201000-203-1995-00002","1995-07-05","","03","폐업","02","폐업","2003-10-02","","","","033 6448787","0.00","","강원특별자치도 강릉시 성산면 금산리 348-6","","","금산이발소","2003-04-19 00:00:00","I","2023-06-13 00:00:00","일반이용업","362991.308262256","471985.027498751","일반이용업","0","0","0","0","0","0","0","","","","","0","0","0","N",
"1097","이용업","05_19_01_P","4201000","4201000-203-2000-00009","2000-06-26","","03","폐업","02","폐업","2003-03-07","","","","033 6412274","12.20","","강원특별자치도 강릉시 송정동 970-3","","","세한이용소","2003-03-08 00:00:00","I","2023-06-13 00:00:00","일반이용업","","","일반이용업","0","0","0","0","0","0","2","","","","","0","0","0","N",
"1098","이용업","05_19_01_P","4201000","4201000-203-1995-00004","1995-05-10","","03","폐업","02","폐업","2020-07-27","","","","033 6518704","21.70","","강원특별자치도 강릉시 포남동 1306-9","강원특별자치도 강릉시 하평3길 16-1 (포남동)","25565","우리네이용소","2020-07-27 11:09:47","I","2023-06-13 00:00:00","일반이용업","368821.289048852","475992.85261679","일반이용업","0","0","0","0","0","0","3","","","","","0","0","0","N",
"1099","이용업","05_19_01_P","4201000","4201000-203-1996-00003","1996-06-27","","03","폐업","02","폐업","2003-03-11","","","","033 6459131","13.30","","강원특별자치도 강릉시 신석동 217-1","","","신석이용소","2003-03-12 00:00:00","I","2023-06-13 00:00:00","일반이용업","369386.036761771","471844.580965039","일반이용업","0","0","0","0","0","0","2","","","","","0","0","0","N",
"1100","이용업","05_19_01_P","4201000","4201000-203-1972-00002","1972-04-25","","03","폐업","02","폐업","2011-12-01","","","","033 6625255","0.00","","강원특별자치도 강릉시 연곡면 방내리 46-4","","","희망이용소","2003-07-08 00:00:00","I","2023-06-13 00:00:00","일반이용업","361555.861521088","485679.231981882","일반이용업","0","0","0","0","0","0","2","","","","","0","0","0","N",
"1101","이용업","05_19_01_P","4201000","4201000-203-1995-00005","1995-11-15","","03","폐업","02","폐업","2018-11-06","","","","033 6625067","13.20","","강원특별자치도 강릉시 연곡면 영진리 67-5","강원특별자치도 강릉시 연곡면 홍질목길 2","25430","영진이용원","2018-11-06 13:12:54","I","2023-06-13 00:00:00","일반이용업","362266.960402258","486715.242735389","일반이용업","0","0","0","0","0","0","2","","","","","0","0","0","N",
"1102","이용업","05_19_01_P","4201000","4201000-203-1967-00003","1967-11-10","","03","폐업","02","폐업","2006-01-04","","","","033 6616453","0.00","","강원특별자치도 강릉시 연곡면 행정리 77","","","행신이용소","2003-07-30 00:00:00","I","2023-06-13 00:00:00","일반이용업","","","일반이용업","1","0","0","1","0","0","2","","","","","0","0","0","N",
"1103","이용업","05_19_01_P","4201000","4201000-203-2005-00006","2005-08-23","","03","폐업","02","폐업","2006-01-04","","","","6487251","7.20","","강원특별자치도 강릉시 교동 165-59","","","영동탕이발소","2005-11-16 00:00:00","I","2023-06-13 00:00:00","일반이용업","366890.432094272","474678.692760066","일반이용업","3","1","0","2","0","0","2","","","","임대","0","0","0","N",
"1104","이용업","05_19_01_P","4201000","4201000-203-2008-00005","2008-05-13","","03","폐업","02","폐업","2008-06-20","","","","","42.30","","강원특별자치도 강릉시 연곡면 영진리 355-4","","","부영이용원","2008-05-13 17:46:24","I","2023-06-13 00:00:00","일반이용업","361515.839579143","486947.304831688","일반이용업","1","0","1","1","0","0","3","","","","임대","0","0","0","N",
"1105","이용업","05_19_01_P","4201000","4201000-203-2008-00007","2008-07-23","","03","폐업","02","폐업","2009-06-15","","","","","33.00","","강원특별자치도 강릉시 포남동 1293-1 일송상가, 121호","","","현영이발관","2008-07-23 17:07:56","I","2023-06-13 00:00:00","일반이용업","368638.024909925","476079.651464047","일반이용업","1","0","1","0","0","0","2","","","","임대","0","0","0","N",
"1106","이용업","05_19_01_P","4201000","4201000-203-2010-00001","2010-03-03","","03","폐업","02","폐업","2010-10-04","","","","033 653 1061","64.50","","강원특별자치도 강릉시 옥천동 138","","","솔향이용소","2010-03-03 15:29:56","I","2023-06-13 00:00:00","일반이용업","367524.391101498","474584.153168798","일반이용업","0","0","0","0","1","1","8","","","","","0","0","0","N",
"1107","이용업","05_19_01_P","4201000","4201000-203-2010-00002","2010-03-15","","03","폐업","02","폐업","2011-05-25","","","","","32.80","","강원특별자치도 강릉시 옥천동 217-11","","","회진페밀리이용샵","2010-03-15 13:23:29","I","2023-06-13 00:00:00","일반이용업","367309.102745191","474729.985679884","일반이용업","2","0","1","0","0","0","4","","","","임대","0","0","0","N",
"1108","이용업","05_19_01_P","4201000","4201000-203-2011-00001","2011-05-24","","03","폐업","02","폐업","2011-07-26","","","","","28.27","","강원특별자치도 강릉시 포남동 1082-14","","","서일이발관","2011-07-26 14:16:36","I","2023-06-13 00:00:00","일반이용업","368115.729177151","476120.292303288","일반이용업","3","0","1","1","0","0","3","","","","임대","0","0","0","N",
"1109","이용업","05_19_01_P","4201000","4201000-203-2013-00005","2013-11-18","","03","폐업","02","폐업","2014-07-18","","","","033 642 7273","8.40","","강원특별자치도 강릉시 성남동 61-6","강원특별자치도 강릉시 중앙시장1길 3 (성남동, 1층)","25543","중앙목욕탕이용소","2013-11-18 20:49:30","I","2023-06-13 00:00:00","일반이용업","367198.881040234","473984.499358399","일반이용업","0","0","1","1","0","0","2","","","","임대","0","0","0","N",
"1110","이용업","05_19_01_P","4201000","4201000-203-2011-00002","2011-08-03","","03","폐업","02","폐업","2011-08-12","","","","","33.65","","강원특별자치도 강릉시 옥천동 217-11","","","회진패밀리이용샆","2011-08-03 12:00:40","I","2023-06-13 00:00:00","일반이용업","367309.102745191","474729.985679884","일반이용업","2","0","1","0","0","0","2","","","","임대","0","0","0","N",
"1111","이용업","05_19_01_P","4201000","4201000-203-2000-00003","2000-12-27","","03","폐업","02","폐업","2021-02-01","","","","033 6447126","84.24","","강원특별자치도 강릉시 옥천동 217-11","강원특별자치도 강릉시 옥천로 60 (옥천동)","25551","성실이용소","2021-02-01 16:58:00","I","2023-06-13 00:00:00","일반이용업","367309.102745191","474729.985679884","일반이용업","0","0","0","0","0","0","2","","","","","0","0","0","N",
"1112","이용업","05_19_01_P","4201000","4201000-203-2011-00003","2011-12-29","","03","폐업","02","폐업","2012-02-08","","","","033 641 6017","10.00","","강원특별자치도 강릉시 성남동 61-6","","","중앙목욕탕이용소","2011-12-29 10:27:42","I","2023-06-13 00:00:00","일반이용업","367198.881040234","473984.499358399","일반이용업","3","0","1","1","0","0","2","","","","임대","0","0","0","N",
"1113","이용업","05_19_01_P","4201000","4201000-203-2002-00009","2002-01-23","","03","폐업","02","폐업","2016-07-18","","","","033 6472828","9.90","","강원특별자치도 강릉시 옥천동 135","강원특별자치도 강릉시 경강로 2157 (옥천동)","25552","효경이용소","2012-02-20 15:13:32","I","2023-06-13 00:00:00","일반이용업","367471.779111385","474631.614462624","일반이용업","0","0","0","0","0","0","2","","","","","0","0","0","N",
"1114","이용업","05_19_01_P","4201000","4201000-203-2013-00001","2013-02-13","","03","폐업","02","폐업","2014-06-13","","","","","10.00","","강원특별자치도 강릉시 주문진읍 주문리 311-1","강원특별자치도 강릉시 주문진읍 주문로 144","25412","에이스사우나이용소","2013-02-13 17:30:15","I","2023-06-13 00:00:00","일반이용업","360963.318892261","489604.913895264","일반이용업","0","0","3","3","0","0","1","","","","","0","0","0","N",
"1115","이용업","05_19_01_P","4201000","4201000-203-1983-00003","1983-07-02","","03","폐업","02","폐업","2025-05-27","","","","033 5341525","23.32","","강원특별자치도 강릉시 옥계면 현내리 372-5","강원특별자치도 강릉시 옥계면 현내시장길 75-1, 1층","25634","옥계이용소","2025-05-27 17:29:55","U","2025-05-29 02:40:00","일반이용업","379661.501853586","458219.985334613","일반이용업","1","0","0","0","0","0","2","","","","","0","0","0","N",
"1116","이용업","05_19_01_P","4201000","4201000-203-1992-00002","1992-03-25","","03","폐업","02","폐업","2018-10-29","","","","033 6481534","20.80","","강원특별자치도 강릉시 옥천동 123-6","강원특별자치도 강릉시 옥천로 17-1 (옥천동)","25555","최이용소","2018-10-29 10:47:43","I","2023-06-13 00:00:00","일반이용업","367622.157088283","474486.397935981","일반이용업","1","0","0","0","0","0","3","","","","","0","0","0","N",
"1117","이용업","05_19_01_P","4201000","4201000-203-1985-00002","1985-01-29","","03","폐업","02","폐업","2008-03-17","","","","033 6465453","64.50","","강원특별자치도 강릉시 옥천동 138","","","금강이용소","2004-03-23 00:00:00","I","2023-06-13 00:00:00","일반이용업","367524.391101498","474584.153168798","일반이용업","0","0","0","0","0","0","7","","","","","0","0","0","N",
"1118","이용업","05_19_01_P","4201000","4201000-203-1999-00004","1999-09-15","","03","폐업","02","폐업","2017-11-27","","","","033 6475564","127.80","","강원특별자치도 강릉시 옥천동 142-9","강원특별자치도 강릉시 옥천로65번길 18 (옥천동)","25551","뉴국제이용원","2017-11-27 14:08:02","I","2023-06-13 00:00:00","일반이용업","367177.088888663","474574.062872888","일반이용업","0","0","0","0","0","0","12","","","","","0","0","0","N",
"1119","이용업","05_19_01_P","4201000","4201000-203-1997-00004","1997-03-13","","03","폐업","02","폐업","2004-10-13","","","","033 6477973","50.00","","강원특별자치도 강릉시 옥천동 185-3","","","쎈스이용소","2004-10-13 00:00:00","I","2023-06-13 00:00:00","일반이용업","367225.626292689","474343.054946473","일반이용업","3","1","0","0","0","0","10","","","","","0","0","0","N",
"1120","이용업","05_19_01_P","4201000","4201000-203-2007-00001","2007-04-19","","03","폐업","02","폐업","2009-03-06","","","","","33.00","","강원특별자치도 강릉시 포남동 1073-18","","","K K 이용소","2010-12-10 17:20:43","I","2023-06-13 00:00:00","일반이용업","368378.366140546","476237.364113108","일반이용업","3","0","1","0","0","0","0","","","","","0","0","0","N",
"1121","이용업","05_19_01_P","4201000","4201000-203-1987-00004","1987-11-10","","03","폐업","02","폐업","2005-08-29","","","","033 6461513","30.00","","강원특별자치도 강릉시 포남동 1139-3","","","서울이용소","2004-10-04 00:00:00","I","2023-06-13 00:00:00","일반이용업","367879.144502003","474963.023078442","일반이용업","2","0","0","0","0","0","4","","","","","0","0","0","N",
"1122","이용업","05_19_01_P","4201000","4201000-203-1975-00001","1975-03-05","","03","폐업","02","폐업","2021-02-09","","","","033 6410526","16.50","","강원특별자치도 강릉시 노암동 249-15","강원특별자치도 강릉시 율곡로 2748-1 (노암동)","25584","보경이용소","2021-02-09 16:17:25","I","2023-06-13 00:00:00","일반이용업","367855.699557307","473902.882374342","일반이용업","0","0","0","0","0","0","3","","","","","0","0","0","N",
"1123","이용업","05_19_01_P","4201000","4201000-203-1972-00005","1972-09-16","","03","폐업","02","폐업","2013-10-18","","","","033 6610284","21.40","","강원특별자치도 강릉시 주문진읍 주문리 784","강원특별자치도 강릉시 주문진읍 소돌안길 48","25407","7.7이용소","2013-07-02 09:13:16","I","2023-06-13 00:00:00","일반이용업","360584.005950004","490763.510468155","일반이용업","0","0","0","0","0","0","3","","","","","0","0","0","N",
"1124","이용업","05_19_01_P","4201000","4201000-203-1984-00003","1984-06-27","","03","폐업","02","폐업","2003-03-14","","","","033 6611949","15.40","","강원특별자치도 강릉시 주문진읍 주문리 1053","","","우정이용소","2003-07-08 00:00:00","I","2023-06-13 00:00:00","일반이용업","360547.202258422","489249.43255962","일반이용업","1","0","0","0","0","0","2","","","","","0","0","0","N",
"1125","이용업","05_19_01_P","4201000","4201000-203-1975-00009","1975-07-21","","03","폐업","02","폐업","2013-02-15","","","","033 6481750","10.00","","강원특별자치도 강릉시 남문동 7-8","","","국제이용소","2003-08-19 00:00:00","I","2023-06-13 00:00:00","일반이용업","366783.746668309","473717.58581593","일반이용업","0","0","0","0","0","0","2","","","","","0","0","0","N",
"1126","이용업","05_19_01_P","4201000","4201000-203-1990-00001","1990-08-16","","03","폐업","02","폐업","2006-11-21","","","","033 6450388","15.90","","강원특별자치도 강릉시 노암동 310-7","","","자력수이용소","2003-08-19 00:00:00","I","2023-06-13 00:00:00","일반이용업","367491.747857531","473556.160720087","일반이용업","0","0","0","0","0","0","2","","","","","0","0","0","N",
"1127","이용업","05_19_01_P","4201000","4201000-203-1975-00002","1975-02-05","","03","폐업","02","폐업","2021-05-03","","","","033 6481203","17.30","","강원특별자치도 강릉시 노암동 311-2","강원특별자치도 강릉시 노가니길 14 (노암동)","25587","그린이용소","2021-05-03 17:25:10","I","2023-06-13 00:00:00","일반이용업","367407.865335716","473526.484897037","일반이용업","0","0","0","0","0","0","3","","","","","0","0","0","N",
"1128","이용업","05_19_01_P","4201000","4201000-203-1972-00004","1972-08-17","","03","폐업","02","폐업","2003-03-14","","","","033 6622848","14.00","","강원특별자치도 강릉시 주문진읍 주문리 270","","","동해이용소","2003-03-17 00:00:00","I","2023-06-13 00:00:00","일반이용업","361118.190755102","489676.566639541","일반이용업","0","0","0","0","0","0","2","","","","","0","0","0","N",
"1129","이용업","05_19_01_P","4201000","4201000-203-1981-00001","1981-08-10","","03","폐업","02","폐업","2017-07-29","","","","033 6626371","13.30","","강원특별자치도 강릉시 주문진읍 주문리 1052-1","강원특별자치도 강릉시 주문진읍 민등산길 4","","철뚝이용소","2017-07-28 11:00:39","I","2023-06-13 00:00:00","일반이용업","","","일반이용업","0","0","0","0","0","0","2","","","","","0","0","0","N",
"1130","이용업","05_19_01_P","4201000","4201000-203-1966-00001","1966-07-22","","03","폐업","02","폐업","2013-10-18","","","","033 6627679","19.37","","강원특별자치도 강릉시 주문진읍 주문리 312-32","강원특별자치도 강릉시 주문진읍 항구3길 5","25412","월화이용소","2008-10-29 14:03:25","I","2023-06-13 00:00:00","일반이용업","360859.5063894","489563.931434986","일반이용업","0","0","0","0","0","0","2","","","","","0","0","0","N",
"1131","이용업","05_19_01_P","4201000","4201000-203-1998-00001","1998-04-15","","03","폐업","02","폐업","2004-08-20","","","","033 6422859","79.20","","강원특별자치도 강릉시 옥천동 300-3","","","월드이용소","2003-07-08 00:00:00","I","2023-06-13 00:00:00","일반이용업","367466.367942136","475109.72238831","일반이용업","0","0","0","0","0","0","10","","","","","0","0","0","N",
"1132","이용업","05_19_01_P","4201000","4201000-203-2000-00010","2000-01-27","","03","폐업","02","폐업","2021-02-08","","","","033 6421310","23.60","","강원특별자치도 강릉시 옥천동 304-1","강원특별자치도 강릉시 중기안길 29 (옥천동)","25550","나래이용소","2021-02-08 10:38:31","I","2023-06-13 00:00:00","일반이용업","367512.78570639","475062.102356808","일반이용업","0","0","0","0","0","0","3","","","","","0","0","0","N",
"1133","이용업","05_19_01_P","4201000","4201000-203-1974-00003","1974-07-26","","03","폐업","02","폐업","2005-02-15","","","","033 6482467","19.50","","강원특별자치도 강릉시 옥천동 317-3","","","문화이용소","2004-04-12 00:00:00","I","2023-06-13 00:00:00","일반이용업","","","일반이용업","0","0","0","0","0","0","3","","","","","0","0","0","N",
"1134","이용업","05_19_01_P","4201000","4201000-203-1995-00007","1995-07-02","","03","폐업","02","폐업","2011-09-19","","","","033 6468701","18.00","","강원특별자치도 강릉시 옥천동 321","","","용천이용소","2003-07-08 00:00:00","I","2023-06-13 00:00:00","일반이용업","367503.646108367","474947.163580054","일반이용업","0","0","0","0","0","0","3","","","","","0","0","0","N",
"1135","이용업","05_19_01_P","4201000","4201000-203-1998-00002","1998-01-14","","03","폐업","02","폐업","2009-07-22","","","","033 6411251","8.00","","강원특별자치도 강릉시 옥천동 334-8","","","명도이용소","2003-07-08 00:00:00","I","2023-06-13 00:00:00","일반이용업","367473.785281921","474822.636558553","일반이용업","1","0","0","0","0","0","2","","","","","0","0","0","N",
"1136","이용업","05_19_01_P","4201000","4201000-203-1987-00006","1987-05-26","","03","폐업","02","폐업","2003-03-14","","","","033 6465698","15.90","","강원특별자치도 강릉시 성남동 19-2","","","남강이용소","2003-07-08 00:00:00","I","2023-06-13 00:00:00","일반이용업","367563.093410276","474140.660950263","일반이용업","0","0","0","0","0","0","2","","","","","0","0","0","N",
"1137","이용업","05_19_01_P","4201000","4201000-203-1971-00002","1971-10-30","","03","폐업","02","폐업","2003-01-06","","","","033 6467470","26.70","","강원특별자치도 강릉시 성남동 45","","","금성이용소","2003-02-24 00:00:00","I","2023-06-13 00:00:00","일반이용업","","","일반이용업","0","0","0","0","0","0","5","","","","","0","0","0","N",
"1138","이용업","05_19_01_P","4201000","4201000-203-1968-00002","1968-03-25","","03","폐업","02","폐업","2017-05-16","","","","033 6485211","25.80","","강원특별자치도 강릉시 임당동 176-4","강원특별자치도 강릉시 임영로164번길 3 (임당동)","25529","동아이용소","2017-05-16 14:28:15","I","2023-06-13 00:00:00","일반이용업","366652.848132837","474300.011406942","일반이용업","0","0","0","0","0","0","4","","","","","0","0","0","N",
"1139","이용업","05_19_01_P","4201000","4201000-203-1998-00004","1998-09-28","","03","폐업","02","폐업","2003-03-14","","","","033 6414862","48.10","","강원특별자치도 강릉시 임당동 37-2","","","새문화이용원","2003-04-19 00:00:00","I","2023-06-13 00:00:00","일반이용업","366857.65024242","474269.832339896","일반이용업","0","0","0","0","0","0","6","","","","","0","0","0","N",
"1140","이용업","05_19_01_P","4201000","4201000-203-1970-00003","1970-03-17","","03","폐업","02","폐업","2006-05-02","","","","033 6466673","25.60","","강원특별자치도 강릉시 홍제동 26-5","","","명성이용소","2003-07-08 00:00:00","I","2023-06-13 00:00:00","일반이용업","366353.162581299","474138.164201179","일반이용업","0","0","0","0","0","0","3","","","","","0","0","0","N",
"1141","이용업","05_19_01_P","4201000","4201000-203-1968-00003","1968-12-04","","03","폐업","02","폐업","2022-02-24","","","","033 6417882","25.50","","강원특별자치도 강릉시 홍제동 93-18","강원특별자치도 강릉시 경강로 1957-1 (홍제동)","25537","한일이용소","2022-02-24 15:39:06","I","2023-06-13 00:00:00","일반이용업","365994.265839963","473408.615781703","일반이용업","0","0","0","0","0","0","2","","","","","0","0","0","N",
"1142","이용업","05_19_01_P","4201000","4201000-203-2002-00003","2002-03-21","","03","폐업","02","폐업","2003-06-20","","","","033 6438177","26.00","","강원특별자치도 강릉시 교동 928-22","","","견우이용소","2003-06-20 00:00:00","I","2023-06-13 00:00:00","일반이용업","366195.321238605","474528.376392347","일반이용업","0","0","0","0","0","0","3","","","","","0","0","0","N",
"1143","이용업","05_19_01_P","4201000","4201000-203-2002-00004","2002-05-22","","03","폐업","02","폐업","2006-01-05","","","","033 6427183","82.60","","강원특별자치도 강릉시 교동 139","","","대명이용소","2004-09-23 00:00:00","I","2023-06-13 00:00:00","일반이용업","367201.377346288","474832.320101775","일반이용업","0","0","0","0","0","0","5","","","","","0","0","0","N",
"1144","이용업","05_19_01_P","4201000","4201000-203-2002-00005","2002-03-07","","03","폐업","02","폐업","2006-02-21","","","","033 6475452","132.20","","강원특별자치도 강릉시 교동 146-1","","","1급이용소","2003-11-18 00:00:00","I","2023-06-13 00:00:00","일반이용업","367070.16371905","474670.814879394","일반이용업","3","1","0","0","0","0","10","","","","","0","0","0","N",
"1145","이용업","05_19_01_P","4201000","4201000-203-2002-00007","2002-03-20","","03","폐업","02","폐업","2003-05-23","","","","033 6439330","13.20","","강원특별자치도 강릉시 옥천동 330","","","광장이용소","2003-07-08 00:00:00","I","2023-06-13 00:00:00","일반이용업","367388.120014165","474853.707457734","일반이용업","3","0","0","3","0","0","2","","","","","0","0","0","N",
"1146","이용업","05_19_01_P","4201000","4201000-203-2002-00011","2002-01-31","","03","폐업","02","폐업","2003-04-11","","","","033 6426534","66.10","","강원특별자치도 강릉시 성내동 22-2","","","국일이용소","2003-04-16 00:00:00","I","2023-06-13 00:00:00","일반이용업","366800.52751178","473858.290771791","일반이용업","0","0","0","0","0","0","8","","","","","0","0","0","N",
"1147","이용업","05_19_01_P","4201000","4201000-203-1987-00005","1987-11-02","","03","폐업","02","폐업","2022-07-18","","","","033 6613260","19.30","","강원특별자치도 강릉시 주문진읍 교항리 219-2","강원특별자치도 강릉시 주문진읍 작은다리길 12","25414","아하이용소","2022-07-18 13:36:28","I","2023-06-13 00:00:00","일반이용업","360520.087591079","489116.281514477","일반이용업","0","0","0","0","0","0","3","","","","","0","0","0","N",
"1148","이용업","05_19_01_P","4201000","4201000-203-1973-00004","1973-07-21","","03","폐업","02","폐업","2003-03-14","","","","033 6612353","18.30","","강원특별자치도 강릉시 주문진읍 교항리 48-66","","","상록수이용소","2003-07-08 00:00:00","I","2023-06-13 00:00:00","일반이용업","360633.13714549","487891.023881741","일반이용업","0","0","0","0","0","0","3","","","","","0","0","0","N",
"1149","이용업","05_19_01_P","4201000","4201000-203-1986-00003","1986-11-07","","03","폐업","02","폐업","2007-03-02","","","","033 6611213","26.20","","강원특별자치도 강릉시 주문진읍 교항리 114-9","","","서민이용소","2003-07-08 00:00:00","I","2023-06-13 00:00:00","일반이용업","360445.355601668","488552.55553251","일반이용업","0","0","0","0","0","0","4","","","","","0","0","0","N",
"1150","이용업","05_19_01_P","4201000","4201000-203-2002-00010","2002-01-23","","03","폐업","02","폐업","2003-08-12","","","","033 6453988","12.00","","강원특별자치도 강릉시 남문동 7-4","","","명성이용원","2003-08-12 00:00:00","I","2023-06-13 00:00:00","일반이용업","366827.536877171","473746.891228396","일반이용업","0","0","0","0","0","0","2","","","","","0","0","0","N",
"1151","이용업","05_19_01_P","4201000","4201000-203-2002-00017","2002-10-21","","03","폐업","02","폐업","2003-11-05","","","","033 6451677","29.75","","강원특별자치도 강릉시 입암동 651-14","","","짱이용소","2003-04-01 00:00:00","I","2023-06-13 00:00:00","일반이용업","367893.684999257","473952.934211509","일반이용업","2","0","0","0","0","0","3","","","","","0","0","0","N",
"1152","이용업","05_19_01_P","4201000","4201000-203-2002-00018","2002-10-30","","03","폐업","02","폐업","2004-11-12","","","","033 6428007","99.17","","강원특별자치도 강릉시 성내동 9-1","","","부성이용소","2004-04-06 00:00:00","I","2023-06-13 00:00:00","일반이용업","366825.910254017","473896.543865934","일반이용업","5","1","0","0","0","0","0","","","","","0","0","0","N",
"1153","이용업","05_19_01_P","4201000","4201000-203-2001-00164","2001-07-23","","03","폐업","02","폐업","2011-07-28","","","","033 6461558","19.80","","강원특별자치도 강릉시 교동 923-3","","","성실이용소","2011-06-02 14:48:50","I","2023-06-13 00:00:00","일반이용업","366386.608935762","474467.136750794","일반이용업","0","0","0","0","0","0","4","","","","","0","0","0","N",
"1154","이용업","05_19_01_P","4201000","4201000-203-1960-00002","1960-10-20","","03","폐업","02","폐업","2003-03-11","","","","033 6462391","20.40","","강원특별자치도 강릉시 노암동 226","","","성덕이용소","2003-03-12 00:00:00","I","2023-06-13 00:00:00","일반이용업","","","일반이용업","1","0","0","0","0","0","2","","","","","0","0","0","N",
"1155","이용업","05_19_01_P","4201000","4201000-203-1996-00004","1996-05-17","","03","폐업","02","폐업","2009-04-10","","","","033 6455179","29.02","","강원특별자치도 강릉시 용강동 33-7","","","행복이용소","2009-02-13 13:16:32","I","2023-06-13 00:00:00","일반이용업","366535.401884255","474100.995310899","일반이용업","0","0","0","0","0","0","3","","","","","0","0","0","N",
"1156","이용업","05_19_01_P","4201000","4201000-203-2002-00020","2002-02-19","","03","폐업","02","폐업","2013-01-14","","","","033 6617332","148.00","","강원특별자치도 강릉시 주문진읍 주문리 312-103","","","뉴발리이용소","2005-09-06 00:00:00","I","2023-06-13 00:00:00","일반이용업","360704.191910102","489421.662707463","일반이용업","3","0","0","2","0","0","10","","","","임대","0","0","0","N",
"1157","이용업","05_19_01_P","4201000","4201000-203-1987-00007","1987-03-12","","03","폐업","02","폐업","2003-03-05","","","","033 6421847","20.30","","강원특별자치도 강릉시 포남동 913-5","","","기아이용소","2003-07-08 00:00:00","I","2023-06-13 00:00:00","일반이용업","","","일반이용업","2","0","0","2","0","0","3","","","","임대","0","0","0","N",
"1158","이용업","05_19_01_P","4201000","4201000-203-1998-00005","1998-02-04","","03","폐업","02","폐업","2006-06-30","","","","033 6512822","34.00","","강원특별자치도 강릉시 포남동 1061","","","007이용소","2005-11-16 00:00:00","I","2023-06-13 00:00:00","일반이용업","368354.13471307","476585.22089269","일반이용업","0","0","0","0","0","0","3","","","","","0","0","0","N",
"1159","이용업","05_19_01_P","4201000","4201000-203-2009-00001","2009-03-27","","03","폐업","02","폐업","2009-04-07","","","","","0.00","","강원특별자치도 강릉시 주문진읍 주문리 312-38","","","동명이발헤어디자인","2009-03-27 11:09:30","I","2023-06-13 00:00:00","일반이용업","360803.656832523","489527.81054029","일반이용업","0","0","0","0","0","0","0","","","","","0","0","0","N",
"1160","이용업","05_19_01_P","4201000","4201000-203-2009-00002","2009-07-07","","03","폐업","02","폐업","2011-10-06","","","","033 662 1770","10.00","","강원특별자치도 강릉시 주문진읍 주문리 311-1","","","에이스사우나이발소","2011-03-28 09:24:24","I","2023-06-13 00:00:00","일반이용업","360963.318892261","489604.913895264","일반이용업","10","0","3","0","0","0","1","","","","","0","0","0","N",
"1161","이용업","05_19_01_P","4201000","4201000-203-1997-00008","1997-10-10","","03","폐업","02","폐업","2013-05-07","","","","033 641 1251","8.00","","강원특별자치도 강릉시 옥천동 334-8","강원특별자치도 강릉시 옥가로50번길 11-1 (옥천동)","25552","명도이용소","2009-10-29 13:06:47","I","2023-06-13 00:00:00","일반이용업","367473.785281921","474822.636558553","일반이용업","4","1","0","0","0","0","2","","","","","0","0","0","N",
"1162","이용업","05_19_01_P","4201000","4201000-203-2007-00002","2007-09-28","","03","폐업","02","폐업","2008-01-11","","","","","11.50","","강원특별자치도 강릉시 입암동 102-1","","","강남이용원","2010-12-10 17:21:50","I","2023-06-13 00:00:00","일반이용업","368876.438553828","474733.112295114","일반이용업","5","1","0","0","0","0","2","","","","임대","0","0","0","N",
"1163","이용업","05_19_01_P","4201000","4201000-203-2007-00003","2007-10-15","","03","폐업","02","폐업","2009-05-22","","","","","10.00","","강원특별자치도 강릉시 주문진읍 주문리 311-1","","","에이스사우나이발소","2007-10-15 09:56:41","I","2023-06-13 00:00:00","일반이용업","360963.318892261","489604.913895264","일반이용업","0","0","0","0","0","0","2","","","","임대","0","0","0","N",
"1164","이용업","05_19_01_P","4201000","4201000-203-1984-00001","1984-10-24","","03","폐업","02","폐업","2009-09-11","","","","033 6423693","4.70","","강원특별자치도 강릉시 교동 941-1","","","수정이용소","2010-12-10 17:08:05","I","2023-06-13 00:00:00","일반이용업","366166.36229465","474445.971418681","일반이용업","4","0","0","1","0","0","3","","","","임대","0","0","0","N",
"1165","이용업","05_19_01_P","4201000","4201000-203-2007-00004","2007-12-24","","03","폐업","02","폐업","2009-05-29","","","","","12.70","","강원특별자치도 강릉시 임당동 23-9","","","명상이용소","2007-12-24 15:40:51","I","2023-06-13 00:00:00","일반이용업","366813.062336961","474420.777365682","일반이용업","1","0","0","0","0","0","3","","","","임대","0","0","0","N",
"1166","이용업","05_19_01_P","4201000","4201000-203-2008-00001","2008-01-02","","03","폐업","02","폐업","2008-11-14","","","","","20.60","","강원특별자치도 강릉시 입암동 505-8","","","희망이용샵","2008-01-02 09:47:10","I","2023-06-13 00:00:00","일반이용업","368362.967837501","474344.526804226","일반이용업","1","0","0","0","0","0","0","","","","임대","0","0","0","N",
"1167","이용업","05_19_01_P","4201000","4201000-203-2008-00002","2008-01-16","","03","폐업","02","폐업","2010-01-05","","","","033 653 6789","11.50","","강원특별자치도 강릉시 입암동 102-1","","","강남이용원","2008-01-16 13:45:57","I","2023-06-13 00:00:00","일반이용업","368876.438553828","474733.112295114","일반이용업","2","0","0","0","0","0","2","","","","임대","0","0","0","N",
"1168","이용업","05_19_01_P","4201000","4201000-203-2008-00004","2008-03-24","","03","폐업","02","폐업","2017-11-09","","","","","19.40","","강원특별자치도 강릉시 포남동 1068-4","강원특별자치도 강릉시 강릉대로443번길 24 (포남동)","25485","헤어센스이용원","2017-11-09 13:20:55","I","2023-06-13 00:00:00","일반이용업","368229.602106571","476388.386227719","일반이용업","4","1","1","1","0","0","2","","","","임대","0","0","0","N",
"1169","이용업","05_19_01_P","4201000","4201000-203-1984-00004","1984-01-10","","03","폐업","02","폐업","2024-12-17","","","","","6.81","","강원특별자치도 강릉시 주문진읍 교항리 50-4","강원특별자치도 강릉시 주문진읍 매맥이윗길 6-3, 2층","25423","머리까끼이발소","2024-12-17 13:30:48","U","2024-12-19 02:40:00","일반이용업","360518.653372176","488002.224806728","일반이용업","0","0","0","0","0","0","3","","","","","0","0","0","N",
"1170","이용업","05_19_01_P","4201000","4201000-203-2022-00001","2022-01-13","","03","폐업","02","폐업","2024-02-01","","","","","12.96","","강원특별자치도 강릉시 임당동 83-5","강원특별자치도 강릉시 경강로 2089-1 (임당동)","25532","은수이용소","2024-02-01 16:01:21","U","2024-02-03 02:40:00","일반이용업","366974.668586183","474159.96593959","일반이용업","0","0","0","0","0","0","2","","","","","0","0","0","N",
"1171","이용업","05_19_01_P","4201000","4201000-203-1999-00007","1999-07-16","","03","폐업","02","폐업","2003-03-07","","","","033 6525859","26.80","","강원특별자치도 강릉시 포남동 1068-5","","","신영진이용소","2003-05-06 00:00:00","I","2023-06-13 00:00:00","일반이용업","368214.973895204","476408.472817327","일반이용업","0","0","0","0","0","0","5","","","","","0","0","0","N",
"1172","이용업","05_19_01_P","4201000","4201000-203-1996-00005","1996-04-16","","03","폐업","02","폐업","2003-03-07","","","","033 6456341","13.60","","강원특별자치도 강릉시 포남동 1070-4","","","대웅이용소","2003-04-19 00:00:00","I","2023-06-13 00:00:00","일반이용업","368411.329404619","476357.97892993","일반이용업","0","0","0","0","0","0","2","","","","","0","0","0","N",
"1173","이용업","05_19_01_P","4201000","4201000-203-2000-00014","2000-05-27","","03","폐업","02","폐업","2014-04-01","","","","033 6518133","15.00","","강원특별자치도 강릉시 포남동 1074-15","강원특별자치도 강릉시 보래미하길 43 (포남동)","25485","동천이용소","2003-09-03 00:00:00","I","2023-06-13 00:00:00","일반이용업","368322.349085402","476251.407475892","일반이용업","0","0","0","0","0","0","2","","","","","0","0","0","N",
"1174","이용업","05_19_01_P","4201000","4201000-203-2002-00019","2002-12-24","","03","폐업","02","폐업","2004-03-22","","","","033 6464478","148.76","","강원특별자치도 강릉시 포남동 1005-313","","","에이스이용원","2003-11-08 00:00:00","I","2023-06-13 00:00:00","일반이용업","368175.925308636","475338.673610207","일반이용업","3","0","0","0","0","0","10","","","","","0","0","0","N",
"1175","이용업","05_19_01_P","4201000","4201000-203-2003-00001","2003-01-17","","03","폐업","02","폐업","2006-03-30","","","","033 6470525","112.30","","강원특별자치도 강릉시 성남동 108-1","","","벤허이용원","2003-04-14 00:00:00","I","2023-06-13 00:00:00","일반이용업","367039.82415381","473855.735555667","일반이용업","3","1","0","0","0","0","8","","","","","0","0","0","N",
"1176","이용업","05_19_01_P","4201000","4201000-203-2001-00168","2001-12-13","","03","폐업","02","폐업","2008-08-28","","","","033 6463772","9.86","","강원특별자치도 강릉시 남문동 7-4","","","명동이용소","2010-12-10 17:18:43","I","2023-06-13 00:00:00","일반이용업","366827.536877171","473746.891228396","일반이용업","0","0","0","0","0","0","2","","","","","0","0","0","N",
"1177","이용업","05_19_01_P","4201000","4201000-203-2001-00169","2001-09-11","","03","폐업","02","폐업","2003-03-07","","","","033 6539336","62.40","","강원특별자치도 강릉시 포남동 1171-7","","","비치이용소","2003-03-08 00:00:00","I","2023-06-13 00:00:00","일반이용업","368335.506643516","475529.735516848","일반이용업","0","0","0","0","0","0","6","","","","","0","0","0","N",
"1178","이용업","05_19_01_P","4201000","4201000-203-1992-00004","1992-01-24","","03","폐업","02","폐업","2004-03-25","","","","033 6519359","18.20","","강원특별자치도 강릉시 포남동 1191-6","","","성심이용소","2004-03-25 00:00:00","I","2023-06-13 00:00:00","일반이용업","368683.900601307","475736.862203876","일반이용업","0","0","0","0","0","0","3","","","","","0","0","0","N",
"1179","이용업","05_19_01_P","4201000","4201000-203-1992-00005","1992-09-24","","03","폐업","02","폐업","2017-06-22","","","","033 6450436","37.10","","강원특별자치도 강릉시 포남동 1124-16","강원특별자치도 강릉시 남구길17번길 5 (포남동)","25549","수진이용소","2017-06-22 13:39:46","I","2023-06-13 00:00:00","일반이용업","367838.885001391","475241.624481642","일반이용업","0","0","0","0","0","0","4","","","","","0","0","0","N",
"1180","이용업","05_19_01_P","4201000","4201000-203-2002-00006","2002-06-07","","03","폐업","02","폐업","2004-08-20","","","","033 6462456","101.40","","강원특별자치도 강릉시 옥천동 315-9","","","별궁이용소","2003-07-08 00:00:00","I","2023-06-13 00:00:00","일반이용업","367554.035082513","474983.360746716","일반이용업","0","0","0","0","0","0","10","","","","","0","0","0","N",
"1181","이용업","05_19_01_P","4201000","4201000-203-1990-00004","1990-08-14","","03","폐업","02","폐업","2003-03-07","","","","033 6513561","10.70","","강원특별자치도 강릉시 포남동 1211-2","","","화성이용소","2003-03-08 00:00:00","I","2023-06-13 00:00:00","일반이용업","368935.549242864","477039.052859565","일반이용업","0","0","0","0","0","0","2","","","","","0","0","0","N",
"1182","이용업","05_19_01_P","4201000","4201000-203-1992-00003","1992-12-26","","03","폐업","02","폐업","2002-11-29","","","","033 6473426","21.30","","강원특별자치도 강릉시 포남동 1211-6","","","태광이용소","2003-02-24 00:00:00","I","2023-06-13 00:00:00","일반이용업","368945.502556441","477051.48793248","일반이용업","0","0","0","0","0","0","3","","","","","0","0","0","N",
"1183","이용업","05_19_01_P","4201000","4201000-203-1985-00003","1985-07-12","","03","폐업","02","폐업","2010-10-21","","","","033 6516329","28.80","","강원특별자치도 강릉시 포남동 1175-6","","","포남이용소","2003-07-08 00:00:00","I","2023-06-13 00:00:00","일반이용업","368268.753050181","475881.394143387","일반이용업","3","1","0","0","0","1","3","","","","임대","0","0","0","N",
"1184","이용업","05_19_01_P","4201000","4201000-203-1997-00007","1997-11-06","","03","폐업","02","폐업","2004-03-16","","","","033 6511259","11.10","","강원특별자치도 강릉시 포남동 1291","","","고려이용소","2003-08-30 00:00:00","I","2023-06-13 00:00:00","일반이용업","368396.287151892","476070.867280176","일반이용업","0","0","0","0","0","0","2","","","","","0","0","0","N",
"1185","이용업","05_19_01_P","4201000","4201000-203-2003-00006","2003-05-03","","03","폐업","02","폐업","2006-06-30","","","","0336535988","11.50","","강원특별자치도 강릉시 입암동 102-1","","","강남이용소","2005-08-22 00:00:00","I","2023-06-13 00:00:00","일반이용업","368876.438553828","474733.112295114","일반이용업","5","1","0","2","0","0","2","","","","임대","0","0","0","N",
"1186","이용업","05_19_01_P","4201000","4201000-203-1984-00002","1984-09-12","","03","폐업","02","폐업","2020-08-14","","","","033 5340024","0.00","","강원특별자치도 강릉시 옥계면 현내리 357-3","강원특별자치도 강릉시 옥계면 현내시장길 61","25634","대우이용소","2020-08-14 10:37:15","I","2023-06-13 00:00:00","일반이용업","379747.096047779","458358.141769613","일반이용업","0","0","0","0","0","0","2","","","","","0","0","0","N",
"1187","이용업","05_19_01_P","4201000","4201000-203-1975-00007","1975-01-09","","03","폐업","02","폐업","2020-11-26","","","","033 6436567","28.00","","강원특별자치도 강릉시 옥천동 68-4","강원특별자치도 강릉시 은행나무길 5 (옥천동)","25541","신진이용소","2020-11-26 14:50:47","I","2023-06-13 00:00:00","일반이용업","367294.151670121","474242.936834101","일반이용업","0","0","0","0","0","0","4","","","","","0","0","0","N",
"1188","이용업","05_19_01_P","4201000","4201000-203-2017-00001","2017-02-21","","03","폐업","02","폐업","2022-11-21","","","","","40.00","","강원특별자치도 강릉시 입암동 82-14","강원특별자치도 강릉시 성덕포남로 89-10 (입암동)","25578","내곡이용소","2022-11-21 10:34:20","I","2023-06-13 00:00:00","일반이용업","368714.282226642","474979.033029355","일반이용업","1","0","0","0","0","0","2","","","","임대","0","1","0","N",
"1189","이용업","05_19_01_P","4201000","4201000-203-2017-00002","2017-03-20","","03","폐업","02","폐업","2018-09-14","","","","033 643 8641","26.44","","강원특별자치도 강릉시 용강동 29","강원특별자치도 강릉시 임영로155번길 6 (용강동)","25528","성홍이용소","2018-09-14 13:50:23","I","2023-06-13 00:00:00","일반이용업","366564.34266928","474192.135182166","일반이용업","0","0","0","0","0","0","2","","","","","0","1","0","N",
"1190","이용업","05_19_01_P","4201000","4201000-203-2017-00003","2017-08-25","","03","폐업","02","폐업","2020-10-14","","","","","3.30","","강원특별자치도 강릉시 연곡면 영진리 359-1","강원특별자치도 강릉시 연곡면 연주로 234","25429","태양이용원","2020-10-14 13:47:10","I","2023-06-13 00:00:00","일반이용업","361059.830054634","487369.596093761","일반이용업","0","0","0","0","0","0","2","","","","","0","0","0","N",
"1191","이용업","05_19_01_P","4201000","4201000-203-2018-00001","2018-01-26","","03","폐업","02","폐업","2018-04-03","","","","","10.00","","강원특별자치도 강릉시 주문진읍 주문리 311-1","강원특별자치도 강릉시 주문진읍 주문로 144, 2층","25412","에이스이용원","2018-04-03 13:29:04","I","2023-06-13 00:00:00","일반이용업","360963.318892261","489604.913895264","일반이용업","0","0","0","0","0","0","1","","","","","0","0","0","N",
"1192","이용업","05_19_01_P","4201000","4201000-203-2006-00004","2006-09-14","","03","폐업","02","폐업","2013-04-25","","","","033 6447026","11.50","","강원특별자치도 강릉시 입암동 102-1","강원특별자치도 강릉시 월대산로 56-7 (입암동)","25579","강남사우나이용소","2013-02-14 09:29:51","I","2023-06-13 00:00:00","일반이용업","368876.438553828","474733.112295114","일반이용업","0","0","0","0","0","0","2","","","","임대","0","0","0","N",
"1193","이용업","05_19_01_P","4201000","4201000-203-2013-00002","2013-02-14","","03","폐업","02","폐업","2016-08-24","","","","","9.10","","강원특별자치도 강릉시 연곡면 영진리 359","강원특별자치도 강릉시 연곡면 연주로 234","25429","오션스파이용원","2013-02-14 11:25:14","I","2023-06-13 00:00:00","일반이용업","361066.203443341","487395.705198662","일반이용업","0","0","2","2","0","0","2","","","","","0","0","0","N",
"1194","이용업","05_19_01_P","4201000","4201000-203-2016-00002","2016-10-27","","03","폐업","02","폐업","2016-12-02","","","","033 661 6115","32.69","","강원특별자치도 강릉시 주문진읍 주문리 362","강원특별자치도 강릉시 주문진읍 주문로 125","25410","젠틀맨","2016-10-27 09:47:26","I","2023-06-13 00:00:00","일반이용업","360780.222380225","489575.325018519","일반이용업","3","0","1","1","0","0","3","","","","","0","0","0","N",
"1195","이용업","05_19_01_P","4201000","4201000-203-2016-00003","2016-11-11","","03","폐업","02","폐업","2017-03-08","","","","033 642 7273","8.40","","강원특별자치도 강릉시 성남동 61-6","강원특별자치도 강릉시 중앙시장1길 3 (성남동)","25543","중앙목욕탕이용원","2016-11-11 09:28:34","I","2023-06-13 00:00:00","일반이용업","367198.881040234","473984.499358399","일반이용업","3","1","1","1","0","0","1","","","","","0","0","0","N",
"1196","이용업","05_19_01_P","4201000","4201000-203-1971-00004","1971-02-24","","03","폐업","02","폐업","2017-09-20","","","","033 6467678","9.90","","강원특별자치도 강릉시 주문진읍 교항리 50-4","강원특별자치도 강릉시 주문진읍 매맥이윗길 6-3","25423","신영이용소","2017-09-20 10:21:58","I","2023-06-13 00:00:00","일반이용업","360518.653372176","488002.224806728","일반이용업","0","0","0","0","0","0","3","","","","","0","0","0","N",
"1197","이용업","05_19_01_P","4201000","4201000-203-2015-00001","2015-10-12","","03","폐업","02","폐업","2016-11-11","","","","033 6438641","28.00","","강원특별자치도 강릉시 용강동 29","강원특별자치도 강릉시 임영로155번길 6 (용강동)","25528","성홍이용원","2015-10-12 13:15:08","I","2023-06-13 00:00:00","일반이용업","366564.34266928","474192.135182166","일반이용업","4","0","1","1","0","0","3","","","","임대","0","0","0","N",
"1198","이용업","05_19_01_P","4201000","4201000-203-1968-00001","1968-04-10","","03","폐업","02","폐업","2004-10-08","","","","033 6477005","25.00","","강원특별자치도 강릉시 왕산면 도마리 329-40","","","금성이용소","2003-03-28 00:00:00","I","2023-06-13 00:00:00","일반이용업","362035.927067007","464905.902043457","일반이용업","1","0","0","0","0","0","4","","","","","0","0","0","N",
"1199","이용업","05_19_01_P","4201000","4201000-203-1998-00003","1998-10-22","","03","폐업","02","폐업","2010-02-02","","","","033 6621288","16.50","","강원특별자치도 강릉시 주문진읍 교항리 372-1","","","세일이용소","2003-04-01 00:00:00","I","2023-06-13 00:00:00","일반이용업","360191.75182312","488237.51632612","일반이용업","0","0","0","0","0","0","2","","","","","0","0","0","N",
"1200","이용업","05_19_01_P","4201000","4201000-203-1967-00004","1967-12-18","","03","폐업","02","폐업","2015-02-13","","","","","10.80","","강원특별자치도 강릉시 주문진읍 교항리 264-43","강원특별자치도 강릉시 주문진읍 웃사다리4길 1","25417","현대이용소","2015-02-16 15:13:56","I","2023-06-13 00:00:00","일반이용업","360345.083029679","488843.557098247","일반이용업","0","0","0","0","0","0","2","","","","","0","0","0","N",
"1201","이용업","05_19_01_P","4201000","4201000-203-1986-00002","1986-08-08","","03","폐업","02","폐업","2003-03-14","","","","033 6623849","28.10","","강원특별자치도 강릉시 주문진읍 교항리 106-8","","","금성이용소","2003-07-08 00:00:00","I","2023-06-13 00:00:00","일반이용업","360440.216759225","488393.640399901","일반이용업","0","0","0","0","0","0","4","","","","","0","0","0","N",
"1202","이용업","05_19_01_P","4201000","4201000-203-1972-00003","1972-01-17","","03","폐업","02","폐업","2019-01-24","","","","033 6624218","23.20","","강원특별자치도 강릉시 주문진읍 교항리 186-8","강원특별자치도 강릉시 주문진읍 시장길 27","25418","중앙이용소","2019-01-24 11:00:59","I","2023-06-13 00:00:00","일반이용업","360630.059074174","489070.590075132","일반이용업","0","0","0","0","0","0","3","","","","","0","0","0","N",
"1203","이용업","05_19_01_P","4201000","4201000-203-2002-00013","2002-03-06","","03","폐업","02","폐업","2002-11-29","","","","033 6455486","13.20","","강원특별자치도 강릉시 포남동 1135-5","","","귀빈이용소","2003-07-08 00:00:00","I","2023-06-13 00:00:00","일반이용업","367795.488806016","474988.284133101","일반이용업","0","0","0","0","0","0","2","","","","","0","0","0","N",
"1204","이용업","05_19_01_P","4201000","4201000-203-2002-00014","2002-02-27","","03","폐업","02","폐업","2002-03-14","","","","033 6411358","13.20","","강원특별자치도 강릉시 포남동 1123-16","","","궁전사우나이용소","2003-06-23 00:00:00","I","2023-06-13 00:00:00","일반이용업","367762.477737618","475246.459176855","일반이용업","0","0","0","0","0","0","2","","","","","0","0","0","N",
"1205","이용업","05_19_01_P","4201000","4201000-203-2002-00015","2002-03-20","","03","폐업","02","폐업","2004-04-08","","","","033 6528610","99.20","","강원특별자치도 강릉시 포남동 1240-2","","","VIP이용원","2004-04-08 00:00:00","I","2023-06-13 00:00:00","일반이용업","368144.02497379","475848.027270191","일반이용업","0","0","0","0","0","0","9","","","","","0","0","0","N",
"1206","이용업","05_19_01_P","4201000","4201000-203-1989-00001","1989-03-30","","03","폐업","02","폐업","2002-02-22","","","","033 6444709","37.60","","강원특별자치도 강릉시 임당동 83-5","","","은수이용소","2003-02-24 00:00:00","I","2023-06-13 00:00:00","일반이용업","366974.668586183","474159.96593959","일반이용업","0","0","0","0","0","0","6","","","","","0","0","0","N",
"1207","이용업","05_19_01_P","4201000","4201000-203-2000-00012","2000-12-27","","03","폐업","02","폐업","2001-12-24","","","","033 6444709","19.80","","강원특별자치도 강릉시 임당동 83-5","","","대운이용소","2005-08-22 00:00:00","I","2023-06-13 00:00:00","일반이용업","366974.668586183","474159.96593959","일반이용업","0","0","0","0","0","0","3","","","","","0","0","0","N",
"1208","이용업","05_19_01_P","4201000","4201000-203-1972-00007","1972-09-07","","03","폐업","02","폐업","2013-05-07","","","","033 643 4341","17.80","","강원특별자치도 강릉시 임당동 98-3","","","동산이용소","2009-10-29 12:52:33","I","2023-06-13 00:00:00","일반이용업","367010.077200567","474405.908979449","일반이용업","0","0","0","0","0","0","3","","","","","0","0","0","N",
"1209","이용업","05_19_01_P","4201000","4201000-203-1990-00002","1990-07-19","","03","폐업","02","폐업","2003-03-07","","","","033 6449646","19.60","","강원특별자치도 강릉시 초당동 261-1","","","호성이용소","2003-04-19 00:00:00","I","2023-06-13 00:00:00","일반이용업","368528.151626644","477818.795145237","일반이용업","0","0","0","0","0","0","3","","","","","0","0","0","N",
"1210","이용업","05_19_01_P","4201000","4201000-203-1994-00002","1994-03-17","","03","폐업","02","폐업","2017-03-03","","","","033 6453609","0.00","","강원특별자치도 강릉시 포남동 1005-364","강원특별자치도 강릉시 경강로2234번길 7 (포남동)","25547","대종이용소","2007-07-24 14:59:32","I","2023-06-13 00:00:00","일반이용업","368070.063540536","475106.790433704","일반이용업","0","0","0","0","0","0","0","","","","","0","0","0","N",
"1211","이용업","05_19_01_P","4201000","4201000-203-1994-00003","1994-10-25","","03","폐업","02","폐업","2015-01-16","","","","033 644 3386","25.00","","강원특별자치도 강릉시 포남동 1005-52","강원특별자치도 강릉시 경강로2224번길 13 (포남동)","25548","평화이용소","2009-10-29 12:59:41","I","2023-06-13 00:00:00","일반이용업","368036.198979323","474978.912341425","일반이용업","0","0","0","0","0","0","4","","","","","0","0","0","N",
"1212","이용업","05_19_01_P","4201000","4201000-203-2000-00013","2000-02-15","","03","폐업","02","폐업","2024-09-24","","","","033 6531171","36.00","","강원특별자치도 강릉시 포남동 1104-3","강원특별자치도 강릉시 가작로 280 (포남동)","25488","해석이용소","2024-09-25 10:05:50","U","2024-09-27 02:40:00","일반이용업","367843.625417187","475892.378314565","일반이용업","1","0","0","0","0","0","3","","","","","0","0","0","N",
"1213","이용업","05_19_01_P","4201000","4201000-203-1974-00001","1974-10-04","","03","폐업","02","폐업","2011-10-18","","","","033 6476195","28.50","","강원특별자치도 강릉시 교동 1001-4","","","대흥이용소","2007-12-14 15:44:07","I","2023-06-13 00:00:00","일반이용업","366444.605372832","474418.39235313","일반이용업","0","0","0","0","0","0","5","","","","","0","0","0","N",
"1214","이용업","05_19_01_P","4201000","4201000-203-1995-00001","1995-10-18","","03","폐업","02","폐업","2005-05-13","","","","033 6487554","8.30","","강원특별자치도 강릉시 교동 941-1","","","수정이용소","2003-04-01 00:00:00","I","2023-06-13 00:00:00","일반이용업","366166.36229465","474445.971418681","일반이용업","0","0","0","0","0","0","2","","","","","0","0","0","N",
"1215","이용업","05_19_01_P","4201000","4201000-203-1997-00001","1997-10-17","","03","폐업","02","폐업","2004-01-02","","","","033 6435957","22.20","","강원특별자치도 강릉시 교동 984-18","","","우석이용타운","2004-01-02 00:00:00","I","2023-06-13 00:00:00","일반이용업","366098.261433415","474339.25204519","일반이용업","0","0","0","0","0","0","3","","","","","0","0","0","N",
"1216","이용업","05_19_01_P","4201000","4201000-203-1975-00006","1975-01-09","","03","폐업","02","폐업","2003-08-04","","","","033 6433420","29.80","","강원특별자치도 강릉시 교동 165-176","","","번영이용소","2003-08-04 00:00:00","I","2023-06-13 00:00:00","일반이용업","366832.183259988","474670.695981476","일반이용업","0","0","0","0","0","0","5","","","","","0","0","0","N",
"1217","이용업","05_19_01_P","4201000","4201000-203-1970-00001","1970-10-10","","03","폐업","02","폐업","2003-03-07","","","","033 6427837","13.60","","강원특별자치도 강릉시 교동 798-2","","","부흥이용소","2003-03-08 00:00:00","I","2023-06-13 00:00:00","일반이용업","366625.427349653","475439.707555331","일반이용업","0","0","0","0","0","0","2","","","","","0","0","0","N",
"1218","이용업","05_19_01_P","4201000","4201000-203-2000-00005","2000-05-27","","03","폐업","02","폐업","2004-05-07","","","","033 6421282","14.40","","강원특별자치도 강릉시 교동 798-2","","","서부이용소","2003-07-08 00:00:00","I","2023-06-13 00:00:00","일반이용업","366625.427349653","475439.707555331","일반이용업","0","0","0","0","0","0","2","","","","","0","0","0","N",
"1219","이용업","05_19_01_P","4201000","4201000-203-1990-00003","1990-06-02","","03","폐업","02","폐업","2018-01-30","","","","033 6416633","11.80","","강원특별자치도 강릉시 포남동 1142","강원특별자치도 강릉시 용지각길38번길 4 (포남동)","25548","올림피아이용소","2018-01-30 11:12:48","I","2023-06-13 00:00:00","일반이용업","368001.269679426","475043.49356145","일반이용업","0","0","0","0","0","0","2","","","","","0","0","0","N",
"1220","이용업","05_19_01_P","4201000","4201000-203-2000-00006","2000-09-25","","03","폐업","02","폐업","2009-09-11","","","","033 6487745","23.10","","강원특별자치도 강릉시 내곡동 452-1","","","순웅이용소","2003-04-01 00:00:00","I","2023-06-13 00:00:00","일반이용업","366151.588923254","473174.424765001","일반이용업","0","0","0","0","0","0","3","","","","","0","0","0","N",
"1221","이용업","05_19_01_P","4201000","4201000-203-1996-00001","1996-01-16","","03","폐업","02","폐업","2016-05-10","","","","033 6472458","36.00","","강원특별자치도 강릉시 내곡동 522","강원특별자치도 강릉시 범일로579번길 24 (내곡동)","25601","학사이용소","2003-04-01 00:00:00","I","2023-06-13 00:00:00","일반이용업","365136.451379883","472058.531076918","일반이용업","0","0","0","0","0","0","0","","","","","0","0","0","N",
"1222","이용업","05_19_01_P","4201000","4201000-203-1965-00001","1965-01-14","","03","폐업","02","폐업","2002-12-30","","","","033 6438388","18.70","","강원특별자치도 강릉시 내곡동 625-7","","","일심이용소","2003-04-19 00:00:00","I","2023-06-13 00:00:00","일반이용업","365546.14376294","472448.042960531","일반이용업","0","0","0","0","0","0","3","","","","","0","0","0","N",
"1223","이용업","05_19_01_P","4201000","4201000-203-1973-00003","1973-01-11","","03","폐업","02","폐업","2018-12-26","","","","033 6522786","16.40","","강원특별자치도 강릉시 병산동 340-9","강원특별자치도 강릉시 공항길 23 (병산동)","25617","영도이용소","2018-12-26 14:58:55","I","2023-06-13 00:00:00","일반이용업","370790.042180409","475090.892845029","일반이용업","0","0","0","0","0","0","2","","","","","0","0","0","N",
"1224","이용업","05_19_01_P","4201000","4201000-203-1997-00002","1997-11-17","","03","폐업","02","폐업","2025-10-31","","","","033 6418321","9.00","","강원특별자치도 강릉시 사천면 판교리 629-9","강원특별자치도 강릉시 사천면 구라미등길 25-15","25434","구라미이용소","2025-10-31 11:05:25","U","2025-11-02 02:40:00","일반이용업","361859.206476651","483925.533816895","일반이용업","0","0","0","0","0","0","2","","","","","0","0","0","N",
"1225","이용업","05_19_01_P","4201000","4201000-203-2000-00007","2000-05-09","","03","폐업","02","폐업","2023-08-23","","","","033 6410436","31.60","","강원특별자치도 강릉시 입암동 503-7 101호","강원특별자치도 강릉시 강변로410번길 38, 1층 101호 (입암동, 강동4차아파트상가)","25580","청송이용소","2023-08-23 10:45:58","U","2023-08-25 02:40:00","일반이용업","368326.994574246","474296.973388809","일반이용업","0","0","0","0","0","0","0","","","","","0","0","0","N",
"1226","이용업","05_19_01_P","4201000","4201000-203-1999-00003","1999-05-04","","03","폐업","02","폐업","2004-04-28","","","","033 6539910","32.70","","강원특별자치도 강릉시 입암동 138-9","","","장미이용소","2003-04-19 00:00:00","I","2023-06-13 00:00:00","일반이용업","369163.804034952","474694.895936081","일반이용업","0","0","0","0","0","0","0","","","","","0","0","0","N",
"1227","이용업","05_19_01_P","4201000","4201000-203-2001-00008","2001-09-03","","03","폐업","02","폐업","2003-10-06","","","","033 6420822","21.17","","강원특별자치도 강릉시 교동 1743-1","","","신세계이용원","2003-10-07 00:00:00","I","2023-06-13 00:00:00","일반이용업","365780.936863432","474185.277526729","일반이용업","4","0","0","2","0","0","12","","","","","0","0","0","N",
"1228","이용업","05_19_01_P","4201000","4201000-203-2021-00001","2021-02-10","","03","폐업","02","폐업","2025-05-22","","","","","16.50","","강원특별자치도 강릉시 노암동 249-15","강원특별자치도 강릉시 율곡로 2748-1 (노암동)","25584","남성컷트샾","2025-05-22 15:40:27","U","2025-05-24 02:40:00","일반이용업","367855.699557307","473902.882374342","일반이용업","0","0","0","0","0","0","2","","","","","0","0","0","N",
"1229","이용업","05_19_01_P","4201000","4201000-203-2020-00001","2020-02-06","","03","폐업","02","폐업","2022-10-31","","","","","19.50","","강원특별자치도 강릉시 포남동 1291","강원특별자치도 강릉시 하평1길 20, 2층 (포남동)","25566","고려이용소","2022-10-31 14:19:11","I","2023-06-13 00:00:00","일반이용업","368396.287151892","476070.867280176","일반이용업","0","0","2","2","0","0","3","","","","","0","0","0","N",
"1230","이용업","05_19_01_P","4201000","4201000-203-2024-00001","2024-05-27","","03","폐업","02","폐업","2025-03-24","","","","","8.97","","강원특별자치도 강릉시 연곡면 영진리 359-1","강원특별자치도 강릉시 연곡면 연주로 234, 2층","25429","더현","2025-03-24 14:26:12","U","2025-03-26 02:40:00","일반이용업","361059.830054634","487369.596093761","일반이용업","0","0","0","0","0","0","2","","","","","0","0","0","N",
"1231","이용업","05_19_01_P","4211000","4211000-203-1973-00002","1973-09-07","","03","폐업","02","폐업","2007-06-08","","","","","0.00","","강원특별자치도 동해시 발한동 559 9통2반","","","협동이용소","2003-07-23 00:00:00","I","2023-06-13 00:00:00","일반이용업","385428.406069259","451240.067554004","일반이용업","0","0","0","0","0","0","0","","","","","0","0","0","N",
"1232","이용업","05_19_01_P","4211000","4211000-203-1984-00003","1984-10-20","","03","폐업","02","폐업","2018-02-09","","","","033 5326302","0.00","","강원특별자치도 동해시 발한동 4-1","강원특별자치도 동해시 일출로 24 (발한동)","","성류장이용","2018-02-09 17:34:08","I","2023-06-13 00:00:00","일반이용업","386470.576758498","451953.113518849","일반이용업","0","0","0","0","0","0","3","","","","임대","0","0","0","N",
"1233","이용업","05_19_01_P","4211000","4211000-203-1985-00001","1985-01-23","","03","폐업","02","폐업","2007-02-23","","","","5339471","24.99","","강원특별자치도 동해시 발한동 3-7 3통3반","","","묵호이용소","2003-07-23 00:00:00","I","2023-06-13 00:00:00","일반이용업","386397.945885827","451936.584857212","일반이용업","0","0","0","0","0","0","0","","","","","0","0","0","N",
"1234","이용업","05_19_01_P","4211000","4211000-203-1986-00002","1986-08-01","","03","폐업","02","폐업","2009-08-05","","","","5335244","30.00","","강원특별자치도 동해시 발한동 180-4","","","용궁이용소","2009-08-05 11:08:59","I","2023-06-13 00:00:00","일반이용업","385858.798750529","451160.535195145","일반이용업","0","0","0","0","0","0","0","","","","","0","0","0","N",
"1235","이용업","05_19_01_P","4211000","4211000-203-2003-00002","2003-02-21","","03","폐업","02","폐업","2012-07-09","","","","5329273","58.24","","강원특별자치도 동해시 천곡동 802-4 , 황실이용실 지층","강원특별자치도 동해시 천곡로 67, 지층 (천곡동, 황실이용실)","25759","황실이용소","2012-02-24 10:40:34","I","2023-06-13 00:00:00","일반이용업","386691.680914314","448946.777698166","일반이용업","2","1","0","0","1","1","0","","","","임대","0","0","0","N",
"1236","이용업","05_19_01_P","4211000","4211000-203-2003-00003","2003-04-18","","03","폐업","02","폐업","2003-06-05","","","","5210019","22.10","","강원특별자치도 동해시 동회동 86-5 협성상가 가동 105호","","","지아헤어아트","2004-01-28 00:00:00","I","2023-06-13 00:00:00","일반이용업","386427.13509068","444798.762967624","일반이용업","1","1","1","1","0","0","0","","","","임대","0","0","0","N",
"1237","이용업","05_19_01_P","4211000","4211000-203-2002-00012","2002-11-07","","03","폐업","02","폐업","2012-07-27","","","","5316610","17.00","","강원특별자치도 동해시 천곡동 859 , 5층","강원특별자치도 동해시 한섬로 111-1, 5층 (천곡동)","25769","올림피아이용원","2012-06-22 10:02:16","I","2023-06-13 00:00:00","일반이용업","386978.197221842","448686.939017646","일반이용업","5","1","5","5","0","0","1","","","","임대","0","0","0","N",
"1238","이용업","05_19_01_P","4211000","4211000-203-2006-00001","2006-02-16","","03","폐업","02","폐업","2006-03-31","","","","5350057","10.88","","강원특별자치도 동해시 천곡동 992 외2","","","동송사우나이용소","2006-02-17 00:00:00","I","2023-06-13 00:00:00","일반이용업","387693.753803123","448014.497153583","일반이용업","4","1","0","0","1","1","2","","","","임대","0","0","0","N",
"1239","이용업","05_19_01_P","4211000","4211000-203-2006-00002","2006-04-14","","03","폐업","02","폐업","2012-10-31","","","","5350057","10.88","","강원특별자치도 동해시 천곡동 992","강원특별자치도 동해시 감추7길 52 (천곡동)","25781","동송사우나이용실","2011-11-23 11:26:38","I","2023-06-13 00:00:00","일반이용업","387693.753803123","448014.497153583","일반이용업","4","1","0","0","1","1","2","","","","임대","0","0","0","N",
"1240","이용업","05_19_01_P","4211000","4211000-203-2002-00004","2002-01-31","","03","폐업","02","폐업","2013-07-19","","","","","0.00","","강원특별자치도 동해시 천곡동 1084-11","강원특별자치도 동해시 항골1길 3 (천곡동)","25764","로타리이용원","2012-07-09 11:02:39","I","2023-06-13 00:00:00","일반이용업","386125.223267259","449063.818476388","일반이용업","0","0","0","0","0","0","2","","","","임대","0","0","0","N",
"1241","이용업","05_19_01_P","4211000","4211000-203-2005-00002","2005-08-09","","03","폐업","02","폐업","2008-10-02","","","","","14.04","","강원특별자치도 동해시 부곡동 80 외5필지 썬샤인파크 /동 201호","","","금강산구내이용소","2005-08-09 00:00:00","I","2023-06-13 00:00:00","일반이용업","385804.430682709","450533.65334053","일반이용업","2","0","2","2","0","0","2","","","","임대","0","0","0","N",
"1242","이용업","05_19_01_P","4211000","4211000-203-2000-00001","2000-03-27","","03","폐업","02","폐업","2006-05-26","","","","5335287","7.50","","강원특별자치도 동해시 천곡동 1078-3 , 4","","","한국사우나이용소","2005-09-07 00:00:00","I","2023-06-13 00:00:00","일반이용업","386536.785042744","448900.897697686","일반이용업","5","3","0","0","2","2","1","","","","임대","0","0","0","N",
"1243","이용업","05_19_01_P","4211000","4211000-203-2005-00004","2005-12-16","","03","폐업","02","폐업","2006-01-20","","","","","63.90","","강원특별자치도 동해시 평릉동 166-5","","","종로이용소","2005-12-16 00:00:00","I","2023-06-13 00:00:00","일반이용업","385932.212225951","449457.252913133","일반이용업","4","1","1","1","0","0","5","","","","임대","0","0","0","N",
"1244","이용업","05_19_01_P","4211000","4211000-203-2002-00015","2002-12-31","","03","폐업","02","폐업","2003-06-05","","","","5329029","7.00","","강원특별자치도 동해시 천곡동 922 동송목욕탕 내 지하","","","동송목욕탕내이발소","2002-12-31 00:00:00","I","2023-06-13 00:00:00","일반이용업","387208.470096513","448392.302365577","일반이용업","7","1","0","0","1","0","2","","","","","0","0","0","N",
"1245","이용업","05_19_01_P","4211000","4211000-203-2002-00014","2002-12-28","","03","폐업","02","폐업","2003-06-05","","","","","66.00","","강원특별자치도 동해시 천곡동 980 태영빌딩 지하 2호","","","리무진이용원","2003-01-07 00:00:00","I","2023-06-13 00:00:00","일반이용업","387279.57446613","447985.540223044","일반이용업","5","1","0","0","1","0","8","","","","","0","0","0","N",
"1246","이용업","05_19_01_P","4211000","4211000-203-2003-00001","2003-01-23","","03","폐업","02","폐업","2005-02-03","","","","","7.00","","강원특별자치도 동해시 천곡동 878 화정원목욕탕","","","화정원목욕탕이용소","2003-07-23 00:00:00","I","2023-06-13 00:00:00","일반이용업","387088.050419903","448653.694694045","일반이용업","3","1","3","3","0","0","2","","","","","0","0","0","N",
"1247","이용업","05_19_01_P","4211000","4211000-203-1970-00001","1970-05-19","","03","폐업","02","폐업","1999-11-15","","","","5351426","0.00","","강원특별자치도 동해시 발한동 3-1","","","광명이용소","2002-04-12 00:00:00","I","2023-06-13 00:00:00","일반이용업","386403.439886149","451922.457587858","일반이용업","0","0","0","0","0","0","0","","","","","0","0","0","N",
"1248","이용업","05_19_01_P","4211000","4211000-203-2002-00010","2002-06-17","","03","폐업","02","폐업","2003-06-05","","","","5214845","0.00","","강원특별자치도 동해시 송정동 717 9통2반","","","선이용","2002-06-20 00:00:00","I","2023-06-13 00:00:00","일반이용업","388075.043613713","445928.475883131","일반이용업","0","0","0","0","0","0","0","","","","","0","0","0","N",
"1249","이용업","05_19_01_P","4211000","4211000-203-1966-00001","1966-11-19","","03","폐업","02","폐업","2008-05-19","","","","5335669","0.00","","강원특별자치도 동해시 묵호진동 7-2 15통","","","동해이용소","2003-07-23 00:00:00","I","2023-06-13 00:00:00","일반이용업","386972.616054259","452301.651932705","일반이용업","0","0","0","0","0","0","0","","","","","0","0","0","N",
"1250","이용업","05_19_01_P","4211000","4211000-203-1973-00001","1973-12-28","","03","폐업","02","폐업","2013-05-03","","","","5315938","0.00","","강원특별자치도 동해시 부곡동 2-1 49통13반","강원특별자치도 동해시 향로봉길 88 (부곡동)","","대곡이용소","2012-07-09 10:36:32","I","2023-06-13 00:00:00","일반이용업","386592.040300911","450712.882298388","일반이용업","0","0","0","0","0","0","3","","","","임대","0","0","0","N",
"1251","이용업","05_19_01_P","4211000","4211000-203-1968-00001","1968-09-30","","03","폐업","02","폐업","2003-06-05","","","","5313515","0.00","","강원특별자치도 동해시 발한동 6-2","","","우리이용소","2012-07-09 10:34:11","I","2023-06-13 00:00:00","일반이용업","","","일반이용업","0","0","0","0","0","0","3","","","","임대","0","0","0","N",
"1252","이용업","05_19_01_P","4211000","4211000-203-1974-00001","1974-04-19","","03","폐업","02","폐업","2020-12-07","","","","033 5327918","59.40","","강원특별자치도 동해시 부곡동 83","강원특별자치도 동해시 발한로 58 (부곡동)","25734","국제이용소","2020-12-07 11:53:17","I","2023-06-13 00:00:00","일반이용업","385789.029463436","450470.176293311","일반이용업","0","0","0","0","0","0","2","","","","임대","0","0","0","N",
"1253","이용업","05_19_01_P","4211000","4211000-203-1974-00003","1974-12-10","","03","폐업","02","폐업","2015-07-01","","","","5333507","24.42","","강원특별자치도 동해시 발한동 580-27","강원특별자치도 동해시 느릅재길 10 (발한동)","25724","구내이용소","2014-04-01 10:10:49","I","2023-06-13 00:00:00","일반이용업","385629.264038099","450979.007834498","일반이용업","2","0","1","1","0","0","3","","","","임대","0","0","0","N",
"1254","이용업","05_19_01_P","4211000","4211000-203-1966-00002","1966-02-04","","03","폐업","02","폐업","2012-11-28","","","","5314503","0.00","","강원특별자치도 동해시 발한동 319-7","강원특별자치도 동해시 해안로 583-10 (발한동)","","장미이용소","2012-02-10 13:52:05","I","2023-06-13 00:00:00","일반이용업","385875.178222331","452096.67473332","일반이용업","0","0","0","0","0","0","0","","","","","0","0","0","N",
"1255","이용업","05_19_01_P","4211000","4211000-203-2002-00009","2002-06-03","","03","폐업","02","폐업","2015-04-13","","","","5352803","0.00","","강원특별자치도 동해시 천곡동 1077-1 삼성상가 2층 206,207호","강원특별자치도 동해시 대학로 31, 천곡동 2층 206,207호 (천곡동, 삼성상가)","25760","삼성이용원","2014-04-01 10:13:56","I","2023-06-13 00:00:00","일반이용업","386671.753706762","448820.824659876","일반이용업","0","0","0","0","0","0","3","","","","임대","0","0","0","N",
"1256","이용업","05_19_01_P","4211000","4211000-203-2002-00005","2002-02-02","","03","폐업","02","폐업","2003-06-05","","","","5351549","0.00","","강원특별자치도 동해시 천곡동 1078-3 한국사우나","","","한국사우나이용원","2002-04-15 00:00:00","I","2023-06-13 00:00:00","일반이용업","386536.785042744","448900.897697686","일반이용업","0","0","0","0","0","0","0","","","","","0","0","0","N",
"1257","이용업","05_19_01_P","4211000","4211000-203-2002-00007","2002-03-04","","03","폐업","02","폐업","2003-06-05","","","","5325044","0.00","","강원특별자치도 동해시 천곡동 851 2층 B","","","대궐이용원","2002-11-26 00:00:00","I","2023-06-13 00:00:00","일반이용업","386876.713627656","448779.823143996","일반이용업","0","0","0","0","0","0","0","","","","","0","0","0","N",
"1258","이용업","05_19_01_P","4211000","4211000-203-2002-00008","2002-04-08","","03","폐업","02","폐업","2007-06-07","","","","5315443","0.00","","강원특별자치도 동해시 발한동 235-1","","","엘림이발관","2003-07-23 00:00:00","I","2023-06-13 00:00:00","일반이용업","386115.192039886","451596.309962712","일반이용업","0","0","0","0","0","0","0","","","","","0","0","0","N",
"1259","이용업","05_19_01_P","4211000","4211000-203-1992-00001","1992-02-19","","03","폐업","02","폐업","2015-11-06","","","","5350305","28.40","","강원특별자치도 동해시 천곡동 985 , 105호","강원특별자치도 동해시 감추4길 5, 105호 (천곡동)","25777","남양이용소","2014-04-01 09:58:41","I","2023-06-13 00:00:00","일반이용업","387333.899421132","448012.837011088","일반이용업","0","0","0","0","0","0","3","","","","임대","0","0","0","N",
"1260","이용업","05_19_01_P","4211000","4211000-203-1993-00001","1993-09-10","","03","폐업","02","폐업","2011-12-15","","","","5339215","11.88","","강원특별자치도 동해시 천곡동 484-1","강원특별자치도 동해시 평릉길 1 (천곡동)","25750","뉴동해관광호텔이용소","2011-11-23 10:06:58","I","2023-06-13 00:00:00","일반이용업","385846.895247034","449228.719024514","일반이용업","0","0","0","0","0","0","0","","","","","0","0","0","N",
"1261","이용업","05_19_01_P","4211000","4211000-203-1993-00002","1993-11-04","","03","폐업","02","폐업","2000-09-06","","","","5313009","12.32","","강원특별자치도 동해시 부곡동 87-1","","","부영이용소","2002-04-15 00:00:00","I","2023-06-13 00:00:00","일반이용업","385932.498296938","450315.500884823","일반이용업","0","0","0","0","0","0","0","","","","","0","0","0","N",
"1262","이용업","05_19_01_P","4211000","4211000-203-1993-00003","1993-11-08","","03","폐업","02","폐업","2003-06-05","","","","5357727","0.00","","강원특별자치도 동해시 천곡동 1069","","","보문이용원","2002-04-15 00:00:00","I","2023-06-13 00:00:00","일반이용업","386828.62469421","448667.612774727","일반이용업","0","0","0","0","0","0","0","","","","","0","0","0","N",
"1263","이용업","05_19_01_P","4211000","4211000-203-1994-00001","1994-02-26","","03","폐업","02","폐업","2020-10-27","","","","033 5215590","33.54","","강원특별자치도 동해시 구미동 592","강원특별자치도 동해시 구미택지6길 18 (구미동)","25817","이주이용소","2020-10-27 17:27:53","I","2023-06-13 00:00:00","일반이용업","388220.305660899","443962.553414721","일반이용업","0","0","0","0","0","0","3","","","","임대","0","0","0","N",
"1264","이용업","05_19_01_P","4211000","4211000-203-1994-00002","1994-05-16","","03","폐업","02","폐업","2000-11-30","","","","5321630","10.89","","강원특별자치도 동해시 천곡동 1078-3","","","한국이용소","2012-07-09 11:00:12","I","2023-06-13 00:00:00","일반이용업","386536.785042744","448900.897697686","일반이용업","0","0","0","0","0","0","3","","","","임대","0","0","0","N",
"1265","이용업","05_19_01_P","4211000","4211000-203-1994-00004","1994-12-07","","03","폐업","02","폐업","1998-06-30","","","","5321630","0.00","","강원특별자치도 동해시 천곡동 1028-3","","","한국이용소","2002-04-15 00:00:00","I","2023-06-13 00:00:00","일반이용업","","","일반이용업","0","0","0","0","0","0","0","","","","","0","0","0","N",
"1266","이용업","05_19_01_P","4211000","4211000-203-1994-00005","1994-12-23","","03","폐업","02","폐업","2001-02-22","","","","5357919","0.00","","강원특별자치도 동해시 발한동 224-6","","","미진이용소","2002-04-15 00:00:00","I","2023-06-13 00:00:00","일반이용업","385875.622500598","451332.559843479","일반이용업","0","0","0","0","0","0","0","","","","","0","0","0","N",
"1267","이용업","05_19_01_P","4211000","4211000-203-1995-00002","1995-04-14","","03","폐업","02","폐업","2007-01-26","","","","5350100","14.00","","강원특별자치도 동해시 천곡동 889","","","대주호텔이용소","2003-07-23 00:00:00","I","2023-06-13 00:00:00","일반이용업","387018.307754694","448506.244035511","일반이용업","0","0","0","0","0","0","0","","","","","0","0","0","N",
"1268","이용업","05_19_01_P","4211000","4211000-203-1995-00003","1995-04-26","","03","폐업","02","폐업","2003-07-11","","","","5355965","16.22","","강원특별자치도 동해시 천곡동 878 화정원","강원특별자치도 동해시 한섬로 118 (천곡동, 화정원)","25770","동송이용소","2014-04-01 10:24:32","I","2023-06-13 00:00:00","일반이용업","387088.050419903","448653.694694045","일반이용업","0","0","0","0","0","0","1","","","","임대","0","0","0","N",
"1269","이용업","05_19_01_P","4211000","4211000-203-1995-00004","1995-09-14","","03","폐업","02","폐업","2009-03-09","","","","3220 768","0.00","","강원특별자치도 동해시 쇄운동 105","","","대동이용소","2003-07-23 00:00:00","I","2023-06-13 00:00:00","일반이용업","","","일반이용업","0","0","0","0","0","0","0","","","","","0","0","0","N",
"1270","이용업","05_19_01_P","4211000","4211000-203-1995-00005","1995-12-13","","03","폐업","02","폐업","2003-11-05","","","","5212989","9.28","","강원특별자치도 동해시 송정동 849-10","","","미도이용소","2003-07-23 00:00:00","I","2023-06-13 00:00:00","일반이용업","388039.867167597","446155.582461649","일반이용업","0","0","0","0","0","0","0","","","","","0","0","0","N",
"1271","이용업","05_19_01_P","4211000","4211000-203-1996-00001","1996-11-14","","03","폐업","02","폐업","2011-12-21","","","","5316691","48.08","","강원특별자치도 동해시 천곡동 588-39 이주민상가","","","새시대이용원","2003-07-23 00:00:00","I","2023-06-13 00:00:00","일반이용업","","","일반이용업","0","0","0","0","0","0","0","","","","","0","0","0","N",
"1272","이용업","05_19_01_P","4211000","4211000-203-1997-00001","1997-01-20","","03","폐업","02","폐업","2023-03-03","","","","033 5352032","12.30","","강원특별자치도 동해시 발한동 594-16","강원특별자치도 동해시 향로복개로 4 (발한동)","25731","무궁화이용소","2023-03-03 11:18:59","I","2023-06-13 00:00:00","일반이용업","385745.372573949","450892.574271439","일반이용업","4","0","2","2","0","0","2","","","","임대","0","0","0","N",
"1273","이용업","05_19_01_P","4211000","4211000-203-1997-00003","1997-09-03","","03","폐업","02","폐업","2024-02-19","","","","033 5353540","30.60","","강원특별자치도 동해시 천곡동 995-7","강원특별자치도 동해시 감추로 8-1 (천곡동)","25781","브이아이피이용원","2024-02-27 10:49:35","U","2024-02-29 02:40:00","일반이용업","387392.378457787","447929.325817145","일반이용업","0","0","0","0","0","0","0","","","","","0","0","0","N",
"1274","이용업","05_19_01_P","4211000","4211000-203-1997-00004","1997-11-11","","03","폐업","02","폐업","1999-03-09","","","","5222401","10.89","","강원특별자치도 동해시 효가동 208-8","","","연선이용소","2002-04-15 00:00:00","I","2023-06-13 00:00:00","일반이용업","","","일반이용업","0","0","0","0","0","0","0","","","","","0","0","0","N",
"1275","이용업","05_19_01_P","4211000","4211000-203-2019-00001","2019-04-24","","03","폐업","02","폐업","2020-05-15","","","","","18.90","","강원특별자치도 동해시 북평동 232-3","강원특별자치도 동해시 전천로 240, 2층 (북평동)","25814","환영","2020-05-15 10:47:26","I","2023-06-13 00:00:00","일반이용업","387306.320835399","444142.142805426","일반이용업","0","0","0","0","0","0","1","","","","임대","0","0","0","N",
"1276","이용업","05_19_01_P","4211000","4211000-203-2020-00003","2020-05-21","","03","폐업","02","폐업","2020-10-08","","","","","18.90","","강원특별자치도 동해시 북평동 232-3","강원특별자치도 동해시 전천로 240, 북평목욕탕 2층 (북평동)","25814","북평이용원","2020-10-08 13:32:03","I","2023-06-13 00:00:00","일반이용업","387306.320835399","444142.142805426","일반이용업","0","0","0","0","0","0","1","","","","임대","0","0","0","N",
"1277","이용업","05_19_01_P","4211000","4211000-203-1974-00002","1974-11-28","","03","폐업","02","폐업","2022-11-22","","","","033 5338686","25.92","","강원특별자치도 동해시 묵호진동 52-2","강원특별자치도 동해시 묵호시장길 29, 1층 (묵호진동)","25711","영환이용원","2022-11-22 08:08:32","I","2023-06-13 00:00:00","일반이용업","386892.631913617","452143.753590784","일반이용업","1","0","1","1","0","0","3","","","","임대","0","0","0","N",
"1278","이용업","05_19_01_P","4211000","4211000-203-1986-00001","1986-03-05","","03","폐업","02","폐업","2017-08-31","","","","033 5217020","11.88","","강원특별자치도 동해시 천곡동 484-1","강원특별자치도 동해시 평릉길 1 (천곡동)","25750","뉴동해관광호텔이용소","2017-08-31 10:55:50","I","2023-06-13 00:00:00","일반이용업","385846.895247034","449228.719024514","일반이용업","0","0","0","0","0","0","2","","","","임대","0","0","0","N",
"1279","이용업","05_19_01_P","4211000","4211000-203-2020-00004","2020-10-27","","03","폐업","02","폐업","2023-09-25","","","","","18.90","","강원특별자치도 동해시 북평동 232-3 북평목욕탕 2층","강원특별자치도 동해시 전천로 240, 북평목욕탕 2층 (북평동)","25814","북평이용원","2023-09-25 15:03:55","U","2023-09-27 02:40:00","일반이용업","387306.320835399","444142.142805426","일반이용업","3","1","2","2","0","0","2","","","","임대","0","0","0","N",
"1280","이용업","05_19_01_P","4211000","4211000-203-1998-00001","1998-03-07","","03","폐업","02","폐업","2005-06-29","","","","5348302","19.70","","강원특별자치도 동해시 이로동 424-7","","","삼흥이용소","2003-07-23 00:00:00","I","2023-06-13 00:00:00","일반이용업","381778.46676962","445577.529932304","일반이용업","0","0","0","0","0","0","0","","","","","0","0","0","N",
"1281","이용업","05_19_01_P","4211000","4211000-203-1998-00002","1998-03-21","","03","폐업","02","폐업","2001-12-21","","","","5215821","46.80","","강원특별자치도 동해시 구미동 30-1","","","오성이용소","2002-04-15 00:00:00","I","2023-06-13 00:00:00","일반이용업","","","일반이용업","0","0","0","0","0","0","0","","","","","0","0","0","N",
"1282","이용업","05_19_01_P","4211000","4211000-203-1978-00001","1978-03-07","","03","폐업","02","폐업","2024-04-09","","","","033 5220022","30.34","","강원특별자치도 동해시 효가동 162-29 , 1층","강원특별자치도 동해시 지양길 4, 1층 (효가동)","25802","중앙이용원","2024-04-09 14:56:03","U","2024-04-11 02:40:00","일반이용업","386387.102994342","445493.234732165","일반이용업","0","0","0","0","0","0","3","","","","임대","0","0","0","N",
"1283","이용업","05_19_01_P","4211000","4211000-203-2002-00013","2002-12-09","","03","폐업","02","폐업","2013-05-22","","","","5330351","88.90","","강원특별자치도 동해시 천곡동 1079-3","강원특별자치도 동해시 천곡로 40 (천곡동)","25761","유화이용원","2011-11-23 11:25:56","I","2023-06-13 00:00:00","일반이용업","386411.484451589","448970.52037143","일반이용업","4","0","2","2","0","0","5","","","","임대","0","0","0","N",
"1284","이용업","05_19_01_P","4211000","4211000-203-2008-00001","2008-10-14","","03","폐업","02","폐업","2013-10-10","","","","","14.04","","강원특별자치도 동해시 부곡동 80 썬샤인파크 201호","강원특별자치도 동해시 임항로 10, 201호 (부곡동, 썬샤인파크)","25734","금강산사우나이용원","2012-02-24 10:43:48","I","2023-06-13 00:00:00","일반이용업","385804.430682709","450533.65334053","일반이용업","0","0","2","2","0","0","2","","","","임대","0","0","0","N",
"1285","이용업","05_19_01_P","4211000","4211000-203-2003-00007","2003-11-13","","03","폐업","02","폐업","2006-12-14","","","","","26.70","","강원특별자치도 동해시 발한동 39-34 외2필지","","","태평양이발관","2004-05-06 00:00:00","I","2023-06-13 00:00:00","일반이용업","386310.205623318","451582.824319102","일반이용업","3","1","2","0","0","0","3","","","","임대","0","0","0","N",
"1286","이용업","05_19_01_P","4211000","4211000-203-2004-00002","2004-09-09","","03","폐업","02","폐업","2007-01-30","","","","0033 5336744","16.24","","강원특별자치도 동해시 발한동 80-60","","","진성이용원","2004-09-09 00:00:00","I","2023-06-13 00:00:00","일반이용업","386430.001459373","451059.944214964","일반이용업","1","0","1","0","0","0","2","","","","","0","0","0","N",
"1287","이용업","05_19_01_P","4211000","4211000-203-2004-00003","2004-09-09","","03","폐업","02","폐업","2005-01-20","","","","","26.91","","강원특별자치도 동해시 북평동 117-11","","","광동이용원","2004-09-09 00:00:00","I","2023-06-13 00:00:00","일반이용업","387633.989178298","444294.867542773","일반이용업","1","0","1","0","0","0","4","","","","임대","0","0","0","N",
"1288","이용업","05_19_01_P","4211000","4211000-203-2004-00004","2004-10-20","","03","폐업","02","폐업","2007-04-24","","","","","35.84","","강원특별자치도 동해시 나안동 176-1 /동 101호","","","동광이용원","2007-04-11 00:00:00","I","2023-06-13 00:00:00","일반이용업","386573.139646903","444775.772916733","일반이용업","1","0","1","0","0","0","2","","","","임대","0","0","0","N",
"1289","이용업","05_19_01_P","4211000","4211000-203-2003-00005","2003-06-05","","03","폐업","02","폐업","2005-11-08","","","","","","","강원특별자치도 동해시 천곡동 922 번지","","","동송사우나이용소","2005-04-18 00:00:00","I","2023-06-13 00:00:00","일반이용업","387208.470096513","448392.302365577","일반이용업","1","0","0","0","0","0","2","","","","","0","0","0","N",
"1290","이용업","05_19_01_P","4211000","4211000-203-2004-00005","2004-12-01","","03","폐업","02","폐업","2019-04-22","","","","033 5346800","19.24","","강원특별자치도 동해시 망상동 459-10 , 망상실버타운 지하 1층","강원특별자치도 동해시 석두골길 145, 지하 1층 (망상동, 망상실버타운)","25701","실버타운이용원","2019-04-22 15:22:47","I","2023-06-13 00:00:00","일반이용업","382515.369775451","456595.119749026","일반이용업","0","0","0","0","1","1","3","","","","임대","0","0","0","N",
"1291","이용업","05_19_01_P","4211000","4211000-203-2005-00001","2005-01-13","","03","폐업","02","폐업","2013-11-13","","","","","0.00","","강원특별자치도 동해시 나안동 174-5 , 대륜헬스클럽목욕탕 203호","강원특별자치도 동해시 청운1길 60, 203호 (나안동, 대륜헬스클럽목욕탕)","25810","대륜이용소","2012-10-31 15:29:07","I","2023-06-13 00:00:00","일반이용업","386541.691965798","444706.224965102","일반이용업","0","0","0","0","0","0","1","","","","","0","0","0","N",
"1292","이용업","05_19_01_P","4211000","4211000-203-1997-00005","1997-11-19","","03","폐업","02","폐업","2005-12-13","","","","5324661","10.88","","강원특별자치도 동해시 천곡동 878 화정원목욕탕내3층","","","화정원이용소","2005-02-11 00:00:00","I","2023-06-13 00:00:00","일반이용업","387088.050419903","448653.694694045","일반이용업","0","0","0","0","0","0","2","","","","","0","0","0","N",
"1293","이용업","05_19_01_P","4211000","4211000-203-2013-00001","2013-04-23","","03","폐업","02","폐업","2016-06-30","","","","0335219260","15.23","","강원특별자치도 동해시 동회동 51","강원특별자치도 동해시 효자남1길 3 (동회동)","25806","그린옥사우나이용소","2015-03-19 11:28:02","I","2023-06-13 00:00:00","일반이용업","386439.071768974","445194.554429686","일반이용업","0","0","0","0","0","0","2","","","","임대","0","0","0","N",
"1294","이용업","05_19_01_P","4211000","4211000-203-1998-00003","1998-10-29","","03","폐업","02","폐업","1999-02-22","","","","5318982","14.91","","강원특별자치도 동해시 묵호진동 2-2 301호","","","삼양비취이용원","2002-04-15 00:00:00","I","2023-06-13 00:00:00","일반이용업","387323.883986963","452587.831165536","일반이용업","0","0","0","0","0","0","0","","","","","0","0","0","N",
"1295","이용업","05_19_01_P","4211000","4211000-203-1998-00004","1998-12-05","","03","폐업","02","폐업","2001-02-06","","","","5213730","34.44","","강원특별자치도 동해시 동회동 86-5","강원특별자치도 동해시 효자남길 4 (동회동)","25808","반도이용원","2012-05-03 10:54:13","I","2023-06-13 00:00:00","일반이용업","386427.13509068","444798.762967624","일반이용업","0","0","0","0","0","0","0","","","","","0","0","0","N",
"1296","이용업","05_19_01_P","4211000","4211000-203-1999-00001","1999-03-03","","03","폐업","02","폐업","2007-01-30","","","","5318982","14.91","","강원특별자치도 동해시 묵호진동 2-2 301호","","","삼양이용원","2003-07-23 00:00:00","I","2023-06-13 00:00:00","일반이용업","387323.883986963","452587.831165536","일반이용업","0","0","0","0","0","0","0","","","","","0","0","0","N",
"1297","이용업","05_19_01_P","4211000","4211000-203-1999-00003","1999-07-21","","03","폐업","02","폐업","2002-02-01","","","","5323118","0.00","","강원특별자치도 동해시 천곡동 1086-8","","","로타리이발관","2002-04-15 00:00:00","I","2023-06-13 00:00:00","일반이용업","386082.936934133","449080.734881189","일반이용업","0","0","0","0","0","0","0","","","","","0","0","0","N",
"1298","이용업","05_19_01_P","4211000","4211000-203-2000-00002","2000-06-22","","03","폐업","02","폐업","2002-03-04","","","","5324344","0.00","","강원특별자치도 동해시 천곡동 851 2층","","","대궐이용소","2002-04-15 00:00:00","I","2023-06-13 00:00:00","일반이용업","386876.713627656","448779.823143996","일반이용업","0","0","0","0","0","0","0","","","","","0","0","0","N",
"1299","이용업","05_19_01_P","4211000","4211000-203-2000-00003","2000-07-03","","03","폐업","02","폐업","2003-06-05","","","","5333007","0.00","","강원특별자치도 동해시 천곡동 1030-3","","","광명이용소","2002-04-15 00:00:00","I","2023-06-13 00:00:00","일반이용업","386815.785903142","448467.99706733","일반이용업","0","0","0","0","0","0","0","","","","","0","0","0","N",
"1300","이용업","05_19_01_P","4211000","4211000-203-2000-00004","2000-10-09","","03","폐업","02","폐업","2007-01-22","","","","5325468","0.00","","강원특별자치도 동해시 발한동 39-1","","","대중이용소","2003-07-23 00:00:00","I","2023-06-13 00:00:00","일반이용업","386320.246051776","451658.567018996","일반이용업","0","0","0","0","0","0","0","","","","","0","0","0","N",
"1301","이용업","05_19_01_P","4211000","4211000-203-2000-00005","2000-11-16","","03","폐업","02","폐업","2001-03-26","","","","","0.00","","강원특별자치도 동해시 발한동 594-16","","","향로목욕탕내이용소","2002-04-15 00:00:00","I","2023-06-13 00:00:00","일반이용업","385745.372573949","450892.574271439","일반이용업","0","0","0","0","0","0","0","","","","","0","0","0","N",
"1302","이용업","05_19_01_P","4211000","4211000-203-2000-00006","2000-12-29","","03","폐업","02","폐업","2002-11-06","","","","5356343","0.00","","강원특별자치도 동해시 천곡동 859 5층","","","광장이용원","2002-11-07 00:00:00","I","2023-06-13 00:00:00","일반이용업","386978.197221842","448686.939017646","일반이용업","0","0","0","0","0","0","0","","","","","0","0","0","N",
"1303","이용업","05_19_01_P","4211000","4211000-203-2001-00001","2001-01-13","","03","폐업","02","폐업","2005-01-14","","","","","0.00","","강원특별자치도 동해시 나안동 174-5 403호","","","동양이용소","2005-01-21 00:00:00","I","2023-06-13 00:00:00","일반이용업","386541.691965798","444706.224965102","일반이용업","0","0","0","0","0","0","0","","","","","0","0","0","N",
"1304","이용업","05_19_01_P","4211000","4211000-203-2001-00002","2001-02-06","","03","폐업","02","폐업","2002-01-22","","","","5353118","0.00","","강원특별자치도 동해시 발한동 240-52","","","신세계이용원","2002-04-15 00:00:00","I","2023-06-13 00:00:00","일반이용업","385970.061253424","451490.47049125","일반이용업","0","0","0","0","0","0","0","","","","","0","0","0","N",
"1305","이용업","05_19_01_P","4211000","4211000-203-2001-00003","2001-02-16","","03","폐업","02","폐업","2002-10-18","","","","5328641","0.00","","강원특별자치도 동해시 천곡동 491-2","강원특별자치도 동해시 평릉길 7 (천곡동)","25750","금강산모텔이용원","2012-07-09 11:12:33","I","2023-06-13 00:00:00","일반이용업","385814.646543049","449264.000551974","일반이용업","0","0","0","0","0","0","3","","","","임대","0","0","0","N",
"1306","이용업","05_19_01_P","4211000","4211000-203-2001-00004","2001-02-26","","03","폐업","02","폐업","2003-06-05","","","","5334297","0.00","","강원특별자치도 동해시 발한동 80-20","","","청자이용소","2002-04-15 00:00:00","I","2023-06-13 00:00:00","일반이용업","386398.653043991","451050.543696403","일반이용업","0","0","0","0","0","0","0","","","","","0","0","0","N",
"1307","이용업","05_19_01_P","4211000","4211000-203-2001-00005","2001-04-23","","03","폐업","02","폐업","2007-06-18","","","","5355598","0.00","","강원특별자치도 동해시 천곡동 980 태영빌딩 지하","","","월드컵이용원","2014-12-29 17:01:10","I","2023-06-13 00:00:00","일반이용업","387279.57446613","447985.540223044","일반이용업","0","0","0","0","0","0","0","","","","","0","0","0","N",
"1308","이용업","05_19_01_P","4211000","4211000-203-2002-00001","2002-01-16","","03","폐업","02","폐업","2003-12-08","","","","5355019","0.00","","강원특별자치도 동해시 천곡동 1069 5층","","","맨즈헤어샾","2003-08-04 00:00:00","I","2023-06-13 00:00:00","일반이용업","386828.62469421","448667.612774727","일반이용업","0","0","0","0","0","0","0","","","","","0","0","0","N",
"1309","이용업","05_19_01_P","4211000","4211000-203-2002-00002","2002-01-19","","03","폐업","02","폐업","2003-02-21","","","","5329272","0.00","","강원특별자치도 동해시 천곡동 802-4","","","대궁원이용원","2003-02-24 00:00:00","I","2023-06-13 00:00:00","일반이용업","386691.680914314","448946.777698166","일반이용업","0","0","0","0","0","0","0","","","","","0","0","0","N",
"1310","이용업","05_19_01_P","4211000","4211000-203-2002-00003","2002-01-22","","03","폐업","02","폐업","2005-03-11","","","","5353118","0.00","","강원특별자치도 동해시 발한동 240-52","","","뉴신세계","2003-12-23 00:00:00","I","2023-06-13 00:00:00","일반이용업","385970.061253424","451490.47049125","일반이용업","0","0","0","0","0","0","0","","","","","0","0","0","N",
"1311","이용업","05_19_01_P","4211000","4211000-203-1974-00004","1974-10-28","","03","폐업","02","폐업","2003-06-05","","","","5327457","23.52","","강원특별자치도 동해시 발한동 105-3 2통4반","","","스타이용소","2002-04-12 00:00:00","I","2023-06-13 00:00:00","일반이용업","","","일반이용업","0","0","0","0","0","0","0","","","","","0","0","0","N",
"1312","이용업","05_19_01_P","4211000","4211000-203-1971-00001","1971-01-12","","03","폐업","02","폐업","2021-12-13","","","","033 5319023","0.00","","강원특별자치도 동해시 천곡동 1052-23","강원특별자치도 동해시 샘실1길 6 (천곡동)","25766","송림이용소","2021-12-13 15:18:12","I","2023-06-13 00:00:00","일반이용업","386045.634266363","448497.608875451","일반이용업","0","0","0","0","0","0","3","","","","임대","0","0","0","N",
"1313","이용업","05_19_01_P","4211000","4211000-203-1974-00005","1974-04-06","","03","폐업","02","폐업","2006-01-20","","","","5321036","0.00","","강원특별자치도 동해시 어달동 130 1통4반","","","새마을이용소","2003-07-23 00:00:00","I","2023-06-13 00:00:00","일반이용업","","","일반이용업","0","0","0","0","0","0","0","","","","","0","0","0","N",
"1314","이용업","05_19_01_P","4211000","4211000-203-1971-00002","1971-08-12","","03","폐업","02","폐업","2005-12-13","","","","5314832","0.00","","강원특별자치도 동해시 발한동 11-1","","","태백이용소","2003-07-23 00:00:00","I","2023-06-13 00:00:00","일반이용업","386261.974303788","451940.954844598","일반이용업","0","0","0","0","0","0","0","","","","","0","0","0","N",
"1315","이용업","05_19_01_P","4211000","4211000-203-1976-00001","1976-09-04","","03","폐업","02","폐업","2009-06-03","","","","5314694","0.00","","강원특별자치도 동해시 발한동 23 1통5반","","","동호이용소","2003-07-23 00:00:00","I","2023-06-13 00:00:00","일반이용업","","","일반이용업","0","0","0","0","0","0","0","","","","","0","0","0","N",
"1316","이용업","05_19_01_P","4211000","4211000-203-1970-00003","1970-05-28","","03","폐업","02","폐업","2023-12-19","","","","033 5215176","26.03","","강원특별자치도 동해시 송정동 955-25","강원특별자치도 동해시 동해역길 60-4 (송정동)","25789","신농이용소","2023-12-19 13:52:12","U","2023-12-21 02:40:00","일반이용업","387737.833183026","445996.382229324","일반이용업","0","0","0","0","0","0","2","","","","","0","0","0","N",
"1317","이용업","05_19_01_P","4211000","4211000-203-1972-00002","1972-07-22","","03","폐업","02","폐업","2004-01-19","","","","5344189","0.00","","강원특별자치도 동해시 북평동 689 8통1반","","","새마을이용소","2003-07-23 00:00:00","I","2023-06-13 00:00:00","일반이용업","","","일반이용업","0","0","0","0","0","0","0","","","","","0","0","0","N",
"1318","이용업","05_19_01_P","4211000","4211000-203-1974-00006","1974-08-14","","03","폐업","02","폐업","2007-06-07","","","","5214652","0.00","","강원특별자치도 동해시 송정동 224 4통2반","","","구내이용소","2003-07-23 00:00:00","I","2023-06-13 00:00:00","일반이용업","","","일반이용업","0","0","0","0","0","0","0","","","","","0","0","0","N",
"1319","이용업","05_19_01_P","4211000","4211000-203-1972-00004","1972-04-19","","03","폐업","02","폐업","2003-06-05","","","","5348450","0.00","","강원특별자치도 동해시 삼화동 23 4통4반","","","신성이용소","2012-07-09 10:41:52","I","2023-06-13 00:00:00","일반이용업","382055.53401801","444192.354076097","일반이용업","0","0","0","0","0","0","3","","","","임대","0","0","0","N",
"1320","이용업","05_19_01_P","4211000","4211000-203-1973-00003","1973-05-29","","03","폐업","02","폐업","2021-06-18","","","","033 5330614","30.00","","강원특별자치도 동해시 천곡동 1040-5","강원특별자치도 동해시 한섬로 68 (천곡동)","25771","서울이용소","2021-06-18 15:27:22","I","2023-06-13 00:00:00","일반이용업","386589.610607328","448498.307793379","일반이용업","0","0","0","0","0","0","3","","","","임대","0","0","0","N",
"1321","이용업","05_19_01_P","4211000","4211000-203-1981-00001","1981-09-03","","03","폐업","02","폐업","2003-06-05","","","","5329743","0.00","","강원특별자치도 동해시 천곡동 9-2 1통1반","","","명신이용소","2002-04-12 00:00:00","I","2023-06-13 00:00:00","일반이용업","","","일반이용업","0","0","0","0","0","0","0","","","","","0","0","0","N",
"1322","이용업","05_19_01_P","4211000","4211000-203-1983-00001","1983-02-05","","03","폐업","02","폐업","2021-01-26","","","","033 5330253","29.21","","강원특별자치도 동해시 발한동 235-1","강원특별자치도 동해시 해안로 531 (발한동)","25721","소망이용소","2021-01-26 11:04:37","I","2023-06-13 00:00:00","일반이용업","386115.192039886","451596.309962712","일반이용업","0","0","0","0","0","0","3","","","","임대","0","0","0","N",
"1323","이용업","05_19_01_P","4211000","4211000-203-1982-00001","1982-12-14","","03","폐업","02","폐업","2002-06-17","","","","5322195","0.00","","강원특별자치도 동해시 발한동 307-3","","","대호이용소","2012-04-03 10:58:55","I","2023-06-13 00:00:00","일반이용업","386107.320435018","451978.467629244","일반이용업","0","0","0","0","0","0","3","","","","임대","0","0","0","N",
"1324","이용업","05_19_01_P","4211000","4211000-203-1983-00002","1983-01-27","","03","폐업","02","폐업","2002-06-17","","","","5326326","0.00","","강원특별자치도 동해시 부곡동 72-9 7통5반","","","수원지이용","2002-06-20 00:00:00","I","2023-06-13 00:00:00","일반이용업","385712.199527748","450501.501246174","일반이용업","0","0","0","0","0","0","0","","","","","0","0","0","N",
"1325","이용업","05_19_01_P","4211000","4211000-203-1984-00001","1984-02-28","","03","폐업","02","폐업","1998-04-08","","","","5335442","0.00","","강원특별자치도 동해시 천곡동 966-1","","","송정이용소","2002-04-12 00:00:00","I","2023-06-13 00:00:00","일반이용업","387218.313594136","448236.794935221","일반이용업","0","0","0","0","0","0","0","","","","","0","0","0","N",
"1326","이용업","05_19_01_P","4211000","4211000-203-1984-00002","1984-07-11","","03","폐업","02","폐업","2002-01-19","","","","5329273","0.00","","강원특별자치도 동해시 천곡동 802-4","","","대궁원이용소","2002-04-12 00:00:00","I","2023-06-13 00:00:00","일반이용업","386691.680914314","448946.777698166","일반이용업","0","0","0","0","0","0","0","","","","","0","0","0","N",
"1327","이용업","05_19_01_P","4211000","4211000-203-1975-00001","1975-04-08","","03","폐업","02","폐업","2003-06-05","","","","5314881","10.81","","강원특별자치도 동해시 발한동 244-1 동부목욕탕내","","","동부이용소","2002-04-12 00:00:00","I","2023-06-13 00:00:00","일반이용업","386191.584793438","451729.18624176","일반이용업","0","0","0","0","0","0","0","","","","","0","0","0","N",
"1328","이용업","05_19_01_P","4211000","4211000-203-1990-00002","1990-10-16","","03","폐업","02","폐업","2002-12-07","","","","5339894","41.04","","강원특별자치도 동해시 천곡동 1079-1","","","로얄이용소","2002-12-09 00:00:00","I","2023-06-13 00:00:00","일반이용업","386387.639812044","448978.587541228","일반이용업","0","0","0","0","0","0","0","","","","","0","0","0","N",
"1329","이용업","05_19_01_P","4211000","4211000-203-1990-00003","1990-11-30","","03","폐업","02","폐업","2008-10-20","","","","5315446","58.86","","강원특별자치도 동해시 발한동 209-13","","","대림이발소","2003-07-23 00:00:00","I","2023-06-13 00:00:00","일반이용업","386123.954358961","451426.590800121","일반이용업","0","0","0","0","0","0","0","","","","","0","0","0","N",
"1330","이용업","05_19_01_P","4211000","4211000-203-2013-00003","2013-11-13","","03","폐업","02","폐업","2014-08-18","","","","","14.04","","강원특별자치도 동해시 부곡동 80 201호","강원특별자치도 동해시 임항로 10, 201호 (부곡동)","25734","금강산이용원","2013-11-13 11:24:08","I","2023-06-13 00:00:00","일반이용업","385804.430682709","450533.65334053","일반이용업","0","0","0","0","0","0","2","","","","","0","0","0","N",
"1331","이용업","05_19_01_P","4211000","4211000-203-2014-00001","2014-01-10","","03","폐업","02","폐업","2014-10-21","","","","","12.45","","강원특별자치도 동해시 발한동 302-2","강원특별자치도 동해시 발한복개로 19 (발한동)","","명천사우나커트실","2014-04-01 10:39:39","I","2023-06-13 00:00:00","일반이용업","386184.71293322","452029.197584312","일반이용업","0","0","2","0","0","0","0","","","","임대","0","1","0","N",
"1332","이용업","05_19_01_P","4211000","4211000-203-2020-00002","2020-02-19","","03","폐업","02","폐업","2020-02-24","","","","033 5326454","15.00","","강원특별자치도 동해시 부곡동 80 금강산건강랜드 201호","강원특별자치도 동해시 임항로 10, 201호 (부곡동, 썬샤인파크)","25734","금강산건강랜드 이발소","2020-02-24 09:45:23","I","2023-06-13 00:00:00","일반이용업","385804.430682709","450533.65334053","일반이용업","0","0","0","0","0","0","2","","","","임대","0","0","0","N",
"1333","이용업","05_19_01_P","4211000","4211000-203-2014-00002","2014-12-02","","03","폐업","02","폐업","2015-03-18","","","","","14.04","","강원특별자치도 동해시 부곡동 80 썬샤인파크 2층, 금강산건강랜드","강원특별자치도 동해시 임항로 10, 2층 (부곡동, 썬샤인파크, 금강산건강랜드)","25734","금강산이용소","2014-12-02 15:01:10","I","2023-06-13 00:00:00","일반이용업","385804.430682709","450533.65334053","일반이용업","0","0","2","2","0","0","2","","","","임대","0","0","0","N",
"1334","이용업","05_19_01_P","4211000","4211000-203-2015-00001","2015-02-11","","03","폐업","02","폐업","2015-03-17","","","","","18.90","","강원특별자치도 동해시 북평동 232-3","강원특별자치도 동해시 전천로 240, 2층 (북평동)","25814","북평헬스사우나이발소","2015-02-11 08:49:47","I","2023-06-13 00:00:00","일반이용업","387306.320835399","444142.142805426","일반이용업","3","1","2","2","0","0","2","","","","임대","0","0","0","Y",
"1335","이용업","05_19_01_P","4211000","4211000-203-2015-00002","2015-03-18","","03","폐업","02","폐업","2015-10-30","","","","","18.90","","강원특별자치도 동해시 북평동 232-3","강원특별자치도 동해시 전천로 240 (북평동)","25814","북평헬스사우나이발소","2015-03-20 16:01:27","I","2023-06-13 00:00:00","일반이용업","387306.320835399","444142.142805426","일반이용업","0","0","2","2","0","0","2","","","","임대","0","0","0","N",
"1336","이용업","05_19_01_P","4211000","4211000-203-2015-00003","2015-04-28","","03","폐업","02","폐업","2015-11-30","","","","","14.04","","강원특별자치도 동해시 부곡동 80 썬샤인파크 201호","강원특별자치도 동해시 임항로 10, 201호 (부곡동, 썬샤인파크)","25734","부곡동사우나이용소","2015-04-28 16:13:44","I","2023-06-13 00:00:00","일반이용업","385804.430682709","450533.65334053","일반이용업","0","0","1","1","0","0","2","","","","","0","0","0","N",
"1337","이용업","05_19_01_P","4211000","4211000-203-2016-00001","2016-03-25","","03","폐업","02","폐업","2017-03-21","","","","033 5350305","28.60","","강원특별자치도 동해시 천곡동 985 천곡종합재래시장 105호","강원특별자치도 동해시 감추4길 5, 1층 105호 (천곡동, 천곡종합재래시장)","25777","남양이용소","2016-03-29 10:45:11","I","2023-06-13 00:00:00","일반이용업","387333.899421132","448012.837011088","일반이용업","0","0","1","1","0","0","3","","","","","0","0","0","N",
"1338","이용업","05_19_01_P","4211000","4211000-203-2016-00002","2016-05-24","","03","폐업","02","폐업","2016-08-08","","","","033 5326454","15.66","","강원특별자치도 동해시 부곡동 80","강원특별자치도 동해시 임항로 10, 201호 (부곡동)","25734","금강산이용원","2016-05-24 09:31:12","I","2023-06-13 00:00:00","일반이용업","385804.430682709","450533.65334053","일반이용업","2","0","0","0","0","0","2","","","","","0","0","0","N",
"1339","이용업","05_19_01_P","4211000","4211000-203-2016-00003","2016-07-05","","03","폐업","02","폐업","2018-03-15","","","","","42.10","","강원특별자치도 동해시 평릉동 190","강원특별자치도 동해시 하평로 11 (평릉동)","25738","동해병원 구내 이용소","2018-03-15 17:08:07","I","2023-06-13 00:00:00","일반이용업","386254.528257327","449765.816314041","일반이용업","0","0","0","0","0","0","2","","","","","0","0","0","N",
"1340","이용업","05_19_01_P","4211000","4211000-203-2016-00004","2016-11-17","","03","폐업","02","폐업","2021-08-31","","","","033 5219260","12.80","","강원특별자치도 동해시 동회동 51","강원특별자치도 동해시 효자남1길 3 (동회동, 그린옥사우나)","25806","그린옥사우나이용소","2021-08-31 10:03:01","I","2023-06-13 00:00:00","일반이용업","386439.071768974","445194.554429686","일반이용업","0","0","0","0","0","0","2","","","","임대","0","0","0","N",
"1341","이용업","05_19_01_P","4211000","4211000-203-2010-00001","2010-05-07","","03","폐업","02","폐업","2012-04-30","","","","","48.07","","강원특별자치도 동해시 쇄운동 312-1","강원특별자치도 동해시 효자로 534 (쇄운동)","25805","평화이용원","2011-11-22 17:39:47","I","2023-06-13 00:00:00","일반이용업","385256.184653238","444642.248944941","일반이용업","0","0","0","0","0","0","3","","","","","0","0","0","N",
"1342","이용업","05_19_01_P","4211000","4211000-203-2010-00002","2010-10-27","","03","폐업","02","폐업","2011-09-19","","","","","13.44","","강원특별자치도 동해시 발한동 302-3","","","명천이발부","2010-10-27 11:33:56","I","2023-06-13 00:00:00","일반이용업","","","일반이용업","0","0","0","0","0","0","1","","","","","0","0","0","N",
"1343","이용업","05_19_01_P","4211000","4211000-203-2010-00003","2010-12-23","","03","폐업","02","폐업","2013-05-03","","","","5321408","18.00","","강원특별자치도 동해시 천곡동 1077-13 34통9반","강원특별자치도 동해시 한섬로 61-11 (천곡동)","25761","정이용원","2012-04-02 13:56:36","I","2023-06-13 00:00:00","일반이용업","386588.84258989","448616.092893557","일반이용업","3","0","3","0","0","0","2","","","","임대","0","0","0","N",
"1344","이용업","05_19_01_P","4211000","4211000-203-1977-00001","1977-10-12","","03","폐업","02","폐업","2013-07-15","","","","033 5224981","0.00","","강원특별자치도 동해시 송정동 844 4통2반","강원특별자치도 동해시 송정중앙로 44 (송정동)","25787","행복이용원","2013-05-31 13:52:35","I","2023-06-13 00:00:00","일반이용업","387988.477045111","446056.250352056","일반이용업","0","0","0","0","0","0","0","","","","","0","0","0","N",
"1345","이용업","05_19_01_P","4211000","4211000-203-2011-00001","2011-11-24","","03","폐업","02","폐업","2011-12-27","","","","","13.44","","강원특별자치도 동해시 발한동 302-3","강원특별자치도 동해시 발한복개로 19, 발한동동 (발한동, 명천탕)","","명천사우나이용소","2011-11-24 11:10:10","I","2023-06-13 00:00:00","일반이용업","","","일반이용업","3","0","2","0","0","0","1","","","","임대","0","0","0","N",
"1346","이용업","05_19_01_P","4211000","4211000-203-2009-00001","2009-03-11","","03","폐업","02","폐업","2016-10-24","","","","","108.53","","강원특별자치도 동해시 효가동 5008","강원특별자치도 동해시 동해대로 5008 (효가동)","25785","궁전이용소","2014-04-01 10:16:04","I","2023-06-13 00:00:00","일반이용업","386637.338181786","445521.73912981","일반이용업","2","0","2","2","0","0","4","","","","임대","0","0","0","N",
"1347","이용업","05_19_01_P","4211000","4211000-203-2011-00002","2011-12-27","","03","폐업","02","폐업","2013-06-28","","","","","13.44","","강원특별자치도 동해시 발한동 302-3","강원특별자치도 동해시 발한복개로 19 (발한동)","","명천사우나이용소","2012-03-30 17:52:05","I","2023-06-13 00:00:00","일반이용업","","","일반이용업","0","0","0","0","0","0","1","","","","임대","0","0","0","N",
"1348","이용업","05_19_01_P","4211000","4211000-203-2012-00001","2012-01-17","","03","폐업","02","폐업","2012-05-22","","","","","33.00","","강원특별자치도 동해시 천곡동 855","강원특별자치도 동해시 중앙로 234 (천곡동)","25769","새시대이용소","2012-03-30 17:42:45","I","2023-06-13 00:00:00","일반이용업","386911.220396872","448705.840286081","일반이용업","2","0","1","0","0","0","3","","","","임대","0","0","0","N",
"1349","이용업","05_19_01_P","4211000","4211000-203-2012-00002","2012-07-12","","03","폐업","02","폐업","2013-04-15","","","","","15.23","","강원특별자치도 동해시 동회동 62-4","강원특별자치도 동해시 효자남길 51 (동회동)","25806","그린옥사우나이용소","2012-07-12 10:55:52","I","2023-06-13 00:00:00","일반이용업","386320.642957683","445271.508642748","일반이용업","0","0","0","0","0","0","2","","","","임대","0","0","0","N",
"1350","이용업","05_19_01_P","4211000","4211000-203-2013-00004","2013-11-13","","03","폐업","02","폐업","2018-01-11","","","","033 5223489","17.20","","강원특별자치도 동해시 북평동 232-3","강원특별자치도 동해시 전천로 240, 2층 (북평동, 북평헬스사우나)","25814","북평헬스사우나 이용원","2018-01-11 16:59:09","I","2023-06-13 00:00:00","일반이용업","387306.320835399","444142.142805426","일반이용업","2","0","0","0","0","0","2","","","","","0","0","0","N",
"1351","이용업","05_19_01_P","4211000","4211000-203-2017-00002","2017-07-05","","03","폐업","02","폐업","2017-07-31","","","","","9.00","","강원특별자치도 동해시 나안동 174-5","강원특별자치도 동해시 청운1길 60, 2층 (나안동, 대륜사우나)","25810","대륜사우나이용소","2017-07-31 14:31:21","I","2023-06-13 00:00:00","일반이용업","386541.691965798","444706.224965102","일반이용업","5","1","2","2","0","0","2","","","","","0","0","0","N",
"1352","이용업","05_19_01_P","4211000","4211000-203-2017-00003","2017-11-23","","03","폐업","02","폐업","2019-04-16","","","","033 5223489","16.80","","강원특별자치도 동해시 나안동 174-5","강원특별자치도 동해시 청운1길 60, 2층 203호 (나안동)","25810","대륜이발소","2019-04-16 17:41:32","I","2023-06-13 00:00:00","일반이용업","386541.691965798","444706.224965102","일반이용업","0","0","2","2","0","0","2","","","","","0","0","0","N",
"1353","이용업","05_19_01_P","4211000","4211000-203-2018-00001","2018-03-20","","03","폐업","02","폐업","2025-08-18","","","","","41.44","","강원특별자치도 동해시 평릉동 190 근로복지공단동해병원","강원특별자치도 동해시 하평로 11, 근로복지공단동해병원 지하1층 (평릉동)","25738","동해병원구내이용소","2025-08-18 11:54:21","U","2025-08-20 02:40:00","일반이용업","386254.528257327","449765.816314041","일반이용업","5","1","0","0","1","1","2","","","","임대","0","1","0","N",
"1354","이용업","05_19_01_P","4211000","4211000-203-2024-00002","2024-12-10","","03","폐업","02","폐업","2025-08-11","","","","","13.12","","강원특별자치도 동해시 동회동 51","강원특별자치도 동해시 효자남1길 3, 1층 (동회동)","25806","북삼목욕탕 이발관","2025-08-11 09:49:56","U","2025-08-13 02:40:00","일반이용업","386439.071768974","445194.554429686","일반이용업","2","1","1","1","0","0","2","","","","","0","1","0","N",
"1355","이용업","05_19_01_P","4221000","4221000-203-1970-00001","1970-03-10","","03","폐업","02","폐업","2020-05-08","","","","033 5816575","23.10","","강원특별자치도 태백시 장성동 170-106 1통3반","강원특별자치도 태백시 장성시장1길 34-8 (장성동)","26052","경화이발관","2020-05-12 09:45:30","I","2023-06-13 00:00:00","일반이용업","378555.036125452","401733.798624474","일반이용업","1","0","0","0","0","0","3","","","","임대","0","0","0","N",
"1356","이용업","05_19_01_P","4221000","4221000-203-2013-00001","2013-02-26","","03","폐업","02","폐업","2020-04-16","","","","","4.30","","강원특별자치도 태백시 황지동 174","강원특별자치도 태백시 연지로 28 (황지동)","26011","산칠록목욕탕구내이용소","2020-04-16 13:19:52","I","2023-06-13 00:00:00","일반이용업","376422.365271664","406876.945423839","일반이용업","1","0","0","0","0","0","1","","","","임대","0","0","0","N",
"1357","이용업","05_19_01_P","4221000","4221000-203-2003-00002","2003-03-16","","03","폐업","02","폐업","2017-06-28","","","","033 5827686","32.66","","강원특별자치도 태백시 철암동 350-7","강원특별자치도 태백시 동태백로 448-4 (철암동)","26045","태백헤어샵","2017-06-28 14:47:10","I","2023-06-13 00:00:00","일반이용업","381137.616284259","403654.554053257","일반이용업","1","0","1","1","0","0","2","","","","임대","0","0","0","N",
"1358","이용업","05_19_01_P","4221000","4221000-203-1963-00001","1963-10-15","","03","폐업","02","폐업","2007-04-19","","","","033 5527760","0.00","","강원특별자치도 태백시 황지동 264-18 10통1반","","","삼화이용소","2006-02-02 00:00:00","I","2023-06-13 00:00:00","일반이용업","376661.879727266","409948.025305204","일반이용업","0","0","0","0","0","0","5","","","","","0","0","0","N",
"1359","이용업","05_19_01_P","4221000","4221000-203-1985-00002","1985-07-01","","03","폐업","02","폐업","2008-11-21","","","","033 5522061","0.00","","강원특별자치도 태백시 황지동 39-56 11통2반","","","천일이용소","2006-09-11 00:00:00","I","2023-06-13 00:00:00","일반이용업","376784.260393848","409828.162711303","일반이용업","0","0","0","0","0","0","7","","","","","0","0","0","N",
"1360","이용업","05_19_01_P","4221000","4221000-203-1985-00003","1985-10-15","","03","폐업","02","폐업","2016-04-26","","","","033 5527800","26.40","","강원특별자치도 태백시 황지동 81-27 2통5반","강원특별자치도 태백시 황지로 79 (황지동)","26020","경북이용소","2009-10-24 16:09:23","I","2023-06-13 00:00:00","일반이용업","376825.844156962","408972.179698428","일반이용업","1","0","0","0","0","0","4","","","","자가","0","0","0","N",
"1361","이용업","05_19_01_P","4221000","4221000-203-1987-00001","1987-03-28","","03","폐업","02","폐업","2014-03-14","","","","033 5521767","29.70","","강원특별자치도 태백시 황지동 45-23","강원특별자치도 태백시 황지로 131 (황지동)","26015","중앙이용소","2013-05-16 17:07:55","I","2023-06-13 00:00:00","일반이용업","376848.284631727","409500.658721782","일반이용업","1","0","0","0","0","0","4","","","","임대","0","0","0","N",
"1362","이용업","05_19_01_P","4221000","4221000-203-2020-00002","2020-08-25","","03","폐업","02","폐업","2020-10-15","","","","","4.30","","강원특별자치도 태백시 황지동 8-2 산칠록여관","강원특별자치도 태백시 연지로 28, 산칠록여관 1층 (황지동)","26011","산칠록목욕탕이용소","2020-10-15 13:18:05","I","2023-06-13 00:00:00","이용업 기타","376685.258941938","410075.320920454","이용업 기타","0","0","1","0","0","0","1","","","","","0","1","0","N",
"1363","이용업","05_19_01_P","4221000","4221000-203-2018-00001","2018-09-10","","03","폐업","02","폐업","2021-04-28","","","","","4.25","","강원특별자치도 태백시 황지동 87-47","강원특별자치도 태백시 황지로 21 (황지동)","26022","덕천사우나이용소","2021-04-28 14:51:16","I","2023-06-13 00:00:00","일반이용업","376725.449541998","408404.324641378","일반이용업","0","0","0","0","0","0","1","","","","","0","0","0","N",
"1364","이용업","05_19_01_P","4221000","4221000-203-2018-00002","2018-11-12","","03","폐업","02","폐업","2021-11-24","","","","033 552 2505","15.00","","강원특별자치도 태백시 황지동 33-41","강원특별자치도 태백시 시장남2길 16 (황지동)","26012","그린목욕탕이용소","2021-11-24 16:00:39","I","2023-06-13 00:00:00","일반이용업","376985.721503438","409728.512958488","일반이용업","0","0","0","0","0","0","1","","","","","0","1","0","N",
"1365","이용업","05_19_01_P","4221000","4221000-203-2008-00002","2008-10-24","","03","폐업","02","폐업","2018-09-10","","","","033 552 8366","3.29","","강원특별자치도 태백시 황지동 87-47","강원특별자치도 태백시 황지로 21 (황지동)","26022","덕천사우나 이용소","2018-09-10 15:04:46","I","2023-06-13 00:00:00","일반이용업","376725.449541998","408404.324641378","일반이용업","2","0","3","3","0","0","1","","","","임대","0","0","0","N",
"1366","이용업","05_19_01_P","4221000","4221000-203-2008-00003","2008-10-30","","03","폐업","02","폐업","2017-11-14","","","","033 552 0702","21.46","","강원특별자치도 태백시 동점동 498-37","강원특별자치도 태백시 방터골1길 28 (동점동)","26048","현대이용소","2017-11-14 10:29:23","I","2023-06-13 00:00:00","일반이용업","381980.227720675","401630.026333366","일반이용업","1","0","1","1","0","0","2","","","","자가","0","0","0","N",
"1367","이용업","05_19_01_P","4221000","4221000-203-2007-00002","2007-09-20","","03","폐업","02","폐업","2011-06-10","","","","033 552 2061","38.57","","강원특별자치도 태백시 황지동 95-11","","","천일이발관","2009-10-24 16:08:25","I","2023-06-13 00:00:00","일반이용업","376817.198844595","408650.561810416","일반이용업","1","0","0","0","0","0","3","","","","임대","0","0","0","N",
"1368","이용업","05_19_01_P","4221000","4221000-203-2009-00001","2009-01-08","","03","폐업","02","폐업","2009-03-20","","","","","4.46","","강원특별자치도 태백시 황지동 70-11","","","대현이용소","2009-01-08 09:32:03","I","2023-06-13 00:00:00","일반이용업","376910.367613102","409450.246785469","일반이용업","0","0","0","0","0","0","1","","","","","0","0","0","N",
"1369","이용업","05_19_01_P","4221000","4221000-203-2009-00002","2009-08-10","","03","폐업","02","폐업","2010-03-16","","","","","4.40","","강원특별자치도 태백시 황지동 70-11","","","대현목욕탕이용소","2009-10-24 16:33:19","I","2023-06-13 00:00:00","일반이용업","376910.367613102","409450.246785469","일반이용업","1","0","0","0","0","0","1","","","","임대","0","0","0","N",
"1370","이용업","05_19_01_P","4221000","4221000-203-2012-00001","2012-03-20","","03","폐업","02","폐업","2012-07-31","","","","033 552 2505","0.00","","강원특별자치도 태백시 황지동 33-41","강원특별자치도 태백시 시장남2길 16 (황지동)","26012","그린이용소","2018-12-06 09:04:04","I","2023-06-13 00:00:00","일반이용업","376985.721503438","409728.512958488","일반이용업","0","0","0","0","0","0","2","","","","","0","0","0","N",
"1371","이용업","05_19_01_P","4221000","4221000-203-2010-00001","2010-03-23","","03","폐업","02","폐업","2010-10-20","","","","033 552 2505","11.00","","강원특별자치도 태백시 황지동 33-41","","","그린목욕탕이용소","2010-04-19 10:56:51","I","2023-06-13 00:00:00","일반이용업","376985.721503438","409728.512958488","일반이용업","2","0","0","0","0","0","1","","","","","0","0","0","N",
"1372","이용업","05_19_01_P","4221000","4221000-203-2010-00002","2010-07-07","","03","폐업","02","폐업","2019-01-08","","","","033 581 7167","6.60","","강원특별자치도 태백시 장성동 58-18","강원특별자치도 태백시 하장성2길 7 (장성동)","26047","태양사우나구내이용소","2019-01-08 13:34:00","I","2023-06-13 00:00:00","일반이용업","379745.269840471","402014.189642801","일반이용업","0","0","0","0","0","0","1","","","","임대","0","0","0","N",
"1373","이용업","05_19_01_P","4221000","4221000-203-1996-00001","1996-05-01","","03","폐업","02","폐업","2013-05-08","","","","033 5828206","26.90","","강원특별자치도 태백시 철암동 354-18 9통1반","강원특별자치도 태백시 동태백로 440 (철암동)","","태백이용소","2009-10-24 16:06:25","I","2023-06-13 00:00:00","일반이용업","","","일반이용업","1","0","0","0","0","0","3","","","","임대","0","0","0","N",
"1374","이용업","05_19_01_P","4221000","4221000-203-1998-00001","1998-03-18","","03","폐업","02","폐업","2003-01-13","","","","033 5827686","0.00","","강원특별자치도 태백시 철암동 0 6통1반","","","가위손이용소","2003-03-24 00:00:00","I","2023-06-13 00:00:00","일반이용업","","","일반이용업","0","0","0","0","0","0","0","","","","","0","0","0","N",
"1375","이용업","05_19_01_P","4221000","4221000-203-2003-00004","2003-07-24","","03","폐업","02","폐업","2018-09-10","","","","033 5544109","8.00","","강원특별자치도 태백시 황지동 274-99","강원특별자치도 태백시 황연2길 10 (황지동)","26026","보명목욕탕내이용소","2018-09-10 16:40:31","I","2023-06-13 00:00:00","일반이용업","376387.178852363","410293.732607127","일반이용업","0","1","0","0","0","0","1","","","","임대","0","0","0","N",
"1376","이용업","05_19_01_P","4221000","4221000-203-1983-00001","1983-01-27","","03","폐업","02","폐업","2001-12-12","","","","033 5521073","0.00","","강원특별자치도 태백시 통동 76-8","","","통도이용소","2001-12-12 00:00:00","I","2023-06-13 00:00:00","일반이용업","380961.191185141","409836.217188423","일반이용업","0","0","0","0","0","0","0","","","","","0","0","0","N",
"1377","이용업","05_19_01_P","4221000","4221000-203-1980-00001","1980-08-18","","03","폐업","02","폐업","2003-02-03","","","","033 5527040","0.00","","강원특별자치도 태백시 황지동 253-89","","","명도이용소","2003-03-31 00:00:00","I","2023-06-13 00:00:00","일반이용업","376701.59914676","409850.370563491","일반이용업","0","0","0","0","0","0","0","","","","","0","0","0","N",
"1378","이용업","05_19_01_P","4221000","4221000-203-1982-00001","1982-01-06","","03","폐업","02","폐업","2004-09-01","","","","033 5535643","0.00","","강원특별자치도 태백시 황지동 273-95 3통2반","","","황지이용소","2003-12-26 00:00:00","I","2023-06-13 00:00:00","일반이용업","376240.416765677","410263.796959075","일반이용업","0","0","0","0","0","0","3","","","","임대","0","0","0","N",
"1379","이용업","05_19_01_P","4221000","4221000-203-1999-00002","1999-03-17","","03","폐업","02","폐업","2001-06-01","","","","033 5529544","0.00","","강원특별자치도 태백시 황지동 253-12 1통2반","","","대우목욕탕내이용소","2002-08-19 00:00:00","I","2023-06-13 00:00:00","일반이용업","376639.417542037","409893.158325929","일반이용업","0","0","0","0","0","0","0","","","","","0","0","0","N",
"1380","이용업","05_19_01_P","4221000","4221000-203-1964-00001","1964-04-29","","03","폐업","02","폐업","2007-04-19","","","","033 5532460","0.00","","강원특별자치도 태백시 황지동 132-5 6통5반","","","신명이용소","2006-02-02 00:00:00","I","2023-06-13 00:00:00","일반이용업","376721.297973895","406956.485348871","일반이용업","0","0","0","0","0","0","3","","","","","0","0","0","N",
"1381","이용업","05_19_01_P","4221000","4221000-203-1991-00002","1991-11-29","","03","폐업","02","폐업","2003-07-24","","","","033 5520828","0.00","","강원특별자치도 태백시 황지동 95-13 3통3반","","","대우이용소","2003-07-28 00:00:00","I","2023-06-13 00:00:00","일반이용업","376781.436131232","408500.229283654","일반이용업","0","0","0","0","0","0","0","","","","임대","0","0","0","N",
"1382","이용업","05_19_01_P","4221000","4221000-203-1963-00002","1963-10-15","","03","폐업","02","폐업","2009-10-14","","","","033 5524076","0.00","","강원특별자치도 태백시 소도동 16-9 1통6반","","","함태이용소","2006-09-11 00:00:00","I","2023-06-13 00:00:00","일반이용업","375491.074456927","405664.343968368","일반이용업","0","0","0","0","0","0","3","","","","","0","0","0","N",
"1383","이용업","05_19_01_P","4221000","4221000-203-2001-00002","2001-02-05","","03","폐업","02","폐업","2007-01-15","","","","033 5527090","0.00","","강원특별자치도 태백시 소도동 106-4 6통2반","","","훼미리보석사우나구내이용소","2006-09-04 00:00:00","I","2023-06-13 00:00:00","일반이용업","374092.830638814","404937.029104665","일반이용업","0","0","0","0","0","0","0","","","","","0","0","0","N",
"1384","이용업","05_19_01_P","4221000","4221000-203-2003-00005","2003-10-16","","03","폐업","02","폐업","2010-07-07","","","","033581 7167","9.90","","강원특별자치도 태백시 장성동 58-18 2통1반","","","태양사우나구내이용소","2009-10-24 16:00:31","I","2023-06-13 00:00:00","일반이용업","379745.269840471","402014.189642801","일반이용업","2","0","0","0","0","0","1","","","","임대","0","0","0","N",
"1385","이용업","05_19_01_P","4221000","4221000-203-1993-00001","1993-07-31","","03","폐업","02","폐업","2005-10-25","","","","033 5535716","0.00","","강원특별자치도 태백시 황지동 24 대산APT 해오름상가207호","","","광명이용소","2006-02-02 00:00:00","I","2023-06-13 00:00:00","일반이용업","377120.410498732","409573.217926738","일반이용업","0","0","0","0","0","0","3","","","","","0","0","0","N",
"1386","이용업","05_19_01_P","4221000","4221000-203-2004-00001","2004-09-01","","03","폐업","02","폐업","2007-10-05","","","","","0.00","","강원특별자치도 태백시 황지동 87-8 2주공복합상가 가동 104호","","","주공이용원","2006-09-11 00:00:00","I","2023-06-13 00:00:00","일반이용업","376651.926333629","408424.364704078","일반이용업","1","0","0","0","0","0","2","","","","임대","0","0","0","N",
"1387","이용업","05_19_01_P","4221000","4221000-203-2004-00002","2004-09-08","","03","폐업","02","폐업","2005-06-22","","","","033 5526017","0.00","","강원특별자치도 태백시 황지동 39-75 11통4반","","","용궁거북이발관","2004-09-08 00:00:00","I","2023-06-13 00:00:00","일반이용업","376851.642577109","409786.667713235","일반이용업","0","0","0","0","1","1","7","","","","임대","0","0","0","N",
"1388","이용업","05_19_01_P","4221000","4221000-203-2005-00001","2005-05-25","","03","폐업","02","폐업","2007-04-04","","","","033 5523039","0.00","","강원특별자치도 태백시 황지동 368 9통5반","","","성지목욕탕구내이용소","2006-09-14 00:00:00","I","2023-06-13 00:00:00","일반이용업","","","일반이용업","0","0","0","0","0","0","1","","","","","0","0","0","N",
"1389","이용업","05_19_01_P","4221000","4221000-203-1985-00001","1985-01-10","","03","폐업","02","폐업","2004-08-25","","","","033 5526017","0.00","","강원특별자치도 태백시 황지동 39-75 11통4반","","","용궁거북이발관","2004-08-25 00:00:00","I","2023-06-13 00:00:00","일반이용업","376851.642577109","409786.667713235","일반이용업","0","0","0","0","0","0","7","","","","","0","0","0","N",
"1390","이용업","05_19_01_P","4221000","4221000-203-1988-00001","1988-01-22","","03","폐업","02","폐업","2008-06-03","","","","033 5812657","0.00","","강원특별자치도 태백시 장성동 147-8 4통3반","","","서부이용소","2006-09-11 00:00:00","I","2023-06-13 00:00:00","일반이용업","378460.027473698","402092.534000266","일반이용업","0","0","0","0","0","0","2","","","","","0","0","0","N",
"1391","이용업","05_19_01_P","4221000","4221000-203-1993-00002","1993-12-22","","03","폐업","02","폐업","2006-02-01","","","","033 5817646","0.00","","강원특별자치도 태백시 장성동 160-20 4통1반","","","척김이용소","2006-02-02 00:00:00","I","2023-06-13 00:00:00","일반이용업","378648.303061748","401836.400870491","일반이용업","0","0","0","0","0","0","0","","","","","0","0","0","N",
"1392","이용업","05_19_01_P","4221000","4221000-203-2000-00002","2000-05-16","","03","폐업","02","폐업","2001-11-06","","","","033 5812277","0.00","","강원특별자치도 태백시 장성동 147-16 4통3반","","","일신싸우나구내이용소","2003-02-28 00:00:00","I","2023-06-13 00:00:00","일반이용업","378401.667684132","402033.898194683","일반이용업","0","0","0","0","0","0","0","","","","","0","0","0","N",
"1393","이용업","05_19_01_P","4221000","4221000-203-1981-00003","1981-06-05","","03","폐업","02","폐업","2013-10-29","","","","033 5828537","16.50","","강원특별자치도 태백시 동점동 498","강원특별자치도 태백시 방터골1길 3 (동점동)","","동진이용소","2013-10-28 14:05:19","I","2023-06-13 00:00:00","일반이용업","381851.53984995","400498.512462842","일반이용업","1","0","0","0","0","0","3","","","","자가","0","0","0","N",
"1394","이용업","05_19_01_P","4221000","4221000-203-1993-00003","1993-11-12","","03","폐업","02","폐업","2001-03-19","","","","033 5812120","0.00","","강원특별자치도 태백시 장성동 산 31","","","호암이용소","2003-03-18 00:00:00","I","2023-06-13 00:00:00","일반이용업","","","일반이용업","0","0","0","0","0","0","0","","","","","0","0","0","N",
"1395","이용업","05_19_01_P","4221000","4221000-203-1975-00002","1975-11-05","","03","폐업","02","폐업","2006-08-23","","","","033 5828513","0.00","","강원특별자치도 태백시 철암동 307-1 3통2반","","","영진이용소","2006-09-11 00:00:00","I","2023-06-13 00:00:00","일반이용업","381414.56276105","404461.020626549","일반이용업","0","0","0","0","0","0","2","","","","","0","0","0","N",
"1396","이용업","05_19_01_P","4221000","4221000-203-2001-00003","2001-11-06","","03","폐업","02","폐업","2003-02-10","","","","","0.00","","강원특별자치도 태백시 장성동 58-18 2통1반","","","태양사우나이용소","2003-03-20 00:00:00","I","2023-06-13 00:00:00","일반이용업","379745.269840471","402014.189642801","일반이용업","0","0","0","0","0","0","0","","","","","0","0","0","N",
"1397","이용업","05_19_01_P","4221000","4221000-203-2003-00001","2003-02-28","","03","폐업","02","폐업","2007-05-16","","","","033 5526460","0.00","","강원특별자치도 태백시 황지동 662 청솔아파트 단지내","","","청솔사우나이용소","2006-09-11 00:00:00","I","2023-06-13 00:00:00","일반이용업","376026.920538997","408769.773874892","일반이용업","1","0","1","1","0","0","0","","","","","0","0","0","N",
"1398","이용업","05_19_01_P","4221000","4221000-203-2003-00003","2003-02-03","","03","폐업","02","폐업","2005-03-10","","","","033 5522505","0.00","","강원특별자치도 태백시 황지동 33-41 3통1반","","","그린목욕탕이용소","2003-03-26 00:00:00","I","2023-06-13 00:00:00","일반이용업","376985.721503438","409728.512958488","일반이용업","0","0","0","0","0","0","0","","","","","0","0","0","N",
"1399","이용업","05_19_01_P","4221000","4221000-203-2002-00001","2002-01-30","","03","폐업","02","폐업","2003-02-17","","","","033 5520821","0.00","","강원특별자치도 태백시 황지동 25-6 1통6반","","","호텔사우나이용소","2003-02-28 00:00:00","I","2023-06-13 00:00:00","일반이용업","376749.482776117","409700.97366887","일반이용업","6","1","0","0","1","1","0","","","","","0","0","0","N",
"1400","이용업","05_19_01_P","4221000","4221000-203-2002-00002","2002-02-01","","03","폐업","02","폐업","2002-03-06","","","","","0.00","","강원특별자치도 태백시 황지동 274-137 2통2반","","","보명목욕탕내이용소","2003-03-20 00:00:00","I","2023-06-13 00:00:00","일반이용업","376397.58958768","410282.055798467","일반이용업","0","0","0","0","0","0","0","","","","","0","0","0","N",
"1401","이용업","05_19_01_P","4221000","4221000-203-2017-00001","2017-02-15","","03","폐업","02","폐업","2018-06-18","","","","033 552 7779","27.48","","강원특별자치도 태백시 소도동 16-5","강원특별자치도 태백시 소도길 47 (소도동)","26043","두피앤에디쁘","2018-12-06 09:04:56","I","2023-06-13 00:00:00","일반이용업","375532.25835526","405730.858941894","일반이용업","2","0","1","0","0","0","2","","","","","1","0","0","N",
"1402","이용업","05_19_01_P","4221000","4221000-203-1990-00001","1990-02-01","","03","폐업","02","폐업","2005-08-23","","","","033 5525096","0.00","","강원특별자치도 태백시 황지동 70-52 5통2반","","","대현목욕탕내이용소","2006-02-02 00:00:00","I","2023-06-13 00:00:00","일반이용업","376919.380143623","409445.178788524","일반이용업","0","0","0","0","0","0","0","","","","","0","0","0","N",
"1403","이용업","05_19_01_P","4221000","4221000-203-1991-00001","1991-06-10","","03","폐업","02","폐업","2005-01-07","","","","033 5523343","0.00","","강원특별자치도 태백시 황지동 66-2 5통3반","","","화성이용소","2005-01-07 00:00:00","I","2023-06-13 00:00:00","일반이용업","376868.053955513","409287.680387462","일반이용업","0","0","0","0","0","0","3","","","","","0","0","0","N",
"1404","이용업","05_19_01_P","4221000","4221000-203-1973-00001","1973-01-25","","03","폐업","02","폐업","2010-10-07","","","","033 5523134","16.50","","강원특별자치도 태백시 황지동 274-435 7통1반","","","신진이용소","2009-10-24 16:20:20","I","2023-06-13 00:00:00","일반이용업","376093.60634796","410414.029322323","일반이용업","1","0","0","0","0","0","2","","","","자가","0","0","0","N",
"1405","이용업","05_19_01_P","4221000","4221000-203-1981-00001","1981-05-04","","03","폐업","02","폐업","2010-10-15","","","","033 5532212","33.00","","강원특별자치도 태백시 황지동 274-246 8통2반","","","신승이용소","2009-10-23 16:59:18","I","2023-06-13 00:00:00","일반이용업","375988.97261638","410415.412028758","일반이용업","1","0","0","0","0","0","3","","","","자가","0","0","0","N",
"1406","이용업","05_19_01_P","4221000","4221000-203-1987-00002","1987-11-17","","03","폐업","02","폐업","2020-12-18","","","","033 5528793","22.73","","강원특별자치도 태백시 황지동 274-356 2통3반","강원특별자치도 태백시 황연1길 8 (황지동)","26026","부산이용소","2020-12-18 14:14:25","I","2023-06-13 00:00:00","일반이용업","376364.529506901","410284.82144972","일반이용업","1","0","0","0","0","0","2","","","","자가","0","0","0","N",
"1407","이용업","05_19_01_P","4221000","4221000-203-1999-00001","1999-07-31","","03","폐업","02","폐업","2002-03-18","","","","033 5544002","0.00","","강원특별자치도 태백시 황지동 2-3","","","한보이용소","2003-03-18 00:00:00","I","2023-06-13 00:00:00","일반이용업","","","일반이용업","0","0","0","0","0","0","0","","","","","0","0","0","N",
"1408","이용업","05_19_01_P","4221000","4221000-203-2001-00001","2001-01-02","","03","폐업","02","폐업","2016-01-05","","","","033 5521073","23.10","","강원특별자치도 태백시 황지동 69-39","강원특별자치도 태백시 통리1길 7 (통동)","26029","연화이용소","2013-10-28 14:10:41","I","2023-06-13 00:00:00","일반이용업","380763.123026255","409332.487849805","일반이용업","1","0","0","0","0","0","2","","","","임대","0","0","0","N",
"1409","이용업","05_19_01_P","4221000","4221000-203-1971-00002","1971-07-26","","03","폐업","02","폐업","2008-10-01","","","","033 5534319","0.00","","강원특별자치도 태백시 황지동 1-5 18통1반","","","태백이용소","2006-09-11 00:00:00","I","2023-06-13 00:00:00","일반이용업","","","일반이용업","0","0","0","0","0","0","1","","","","","0","0","0","N",
"1410","이용업","05_19_01_P","4221000","4221000-203-1971-00003","1971-12-21","","03","폐업","02","폐업","2010-06-17","","","","033 5535065","16.50","","강원특별자치도 태백시 황지동 15-2 2통2반","","","문화이용소","2009-10-24 15:53:52","I","2023-06-13 00:00:00","일반이용업","","","일반이용업","1","0","0","0","0","0","2","","","","자가","0","0","0","N",
"1411","이용업","05_19_01_P","4221000","4221000-203-1974-00003","1974-02-06","","03","폐업","02","폐업","2024-12-05","","","","","23.10","","강원특별자치도 태백시 황지동 262-37 2통5반","강원특별자치도 태백시 황지로 215-7 (황지동)","26007","한일이용소","2024-12-05 14:18:55","U","2024-12-07 02:40:00","일반이용업","376421.830290685","410113.588396912","일반이용업","1","0","0","0","0","0","3","","","","임대","0","0","0","N",
"1412","이용업","05_19_01_P","4221000","4221000-203-2006-00001","2006-04-25","","03","폐업","02","폐업","2008-06-18","","","","033 5817843","6.21","","강원특별자치도 태백시 장성동 147-23 4통3반 유정사우나 내","","","유정이용소","2006-04-25 00:00:00","I","2023-06-13 00:00:00","일반이용업","378427.439977299","402098.71208465","일반이용업","0","1","0","0","0","0","1","","","","임대","0","0","0","N",
"1413","이용업","05_19_01_P","4221000","4221000-203-2006-00002","2006-06-14","","03","폐업","02","폐업","2008-10-28","","","","033 5526876","4.73","","강원특별자치도 태백시 황지동 70-11 5통2반 대현목욕탕 내","","","대현목욕탕이용소","2006-06-14 00:00:00","I","2023-06-13 00:00:00","일반이용업","376910.367613102","409450.246785469","일반이용업","1","0","0","0","0","0","1","","","","임대","0","0","0","N",
"1414","이용업","05_19_01_P","4221000","4221000-203-2006-00003","2006-09-04","","03","폐업","02","폐업","2007-03-06","","","","033 5520622","29.28","","강원특별자치도 태백시 화전동 4-145 15통3반","","","셀프이용원","2006-09-04 00:00:00","I","2023-06-13 00:00:00","일반이용업","375699.770426031","410529.292657109","일반이용업","2","0","1","1","0","0","3","","","","임대","0","0","0","N",
"1415","이용업","05_19_01_P","4221000","4221000-203-2007-00001","2007-03-07","","03","폐업","02","폐업","2020-04-03","","","","033 554 3311","12.71","","강원특별자치도 태백시 소도동 106-8 훼미리보석사우나내(3층)","강원특별자치도 태백시 천제단길 18 (소도동,훼미리보석사우나내(3층))","26043","보석이용원","2020-04-03 14:36:34","I","2023-06-13 00:00:00","일반이용업","374108.682168056","404978.185614665","일반이용업","3","1","3","3","0","0","2","","","","임대","0","0","0","N",
"1416","이용업","05_19_01_P","4221000","4221000-203-2008-00001","2008-10-08","","03","폐업","02","폐업","2009-01-06","","","","033 552 6056","5.00","","강원특별자치도 태백시 황지동 13-7","","","하정이용소","2008-10-08 09:59:06","I","2023-06-13 00:00:00","일반이용업","376731.534262113","409963.260457425","일반이용업","0","0","0","0","0","0","1","","","","","0","0","0","N",
"1417","이용업","05_19_01_P","4231000","4231000-203-2003-00016","1980-09-12","","03","폐업","02","폐업","2011-12-07","","","","033 6327444","0.00","","강원특별자치도 속초시 금호동 502-39","","","대한이용소","2003-07-21 00:00:00","I","2023-06-13 00:00:00","일반이용업","338838.441694304","523945.60515077","일반이용업","0","0","0","0","0","0","0","","","","","0","0","0","N",
"1418","이용업","05_19_01_P","4231000","4231000-203-2003-00037","2001-05-31","","03","폐업","02","폐업","2010-01-21","","","","033 6322326","0.00","","강원특별자치도 속초시 교동 975-1 (까치빌딩)","","","타임이용소","2003-07-21 00:00:00","I","2023-06-13 00:00:00","일반이용업","337772.595641537","522386.032607531","일반이용업","0","0","0","0","0","0","0","","","","","0","0","0","N",
"1419","이용업","05_19_01_P","4231000","4231000-203-2003-00040","1998-04-24","","03","폐업","02","폐업","2004-02-04","","","","033 6331818","0.00","","강원특별자치도 속초시 조양동 1550-4","","","부영탕이용소","2004-02-04 00:00:00","I","2023-06-13 00:00:00","일반이용업","338972.118178922","522089.035117942","일반이용업","0","0","0","0","0","0","0","","","","","0","0","0","N",
"1420","이용업","05_19_01_P","4231000","4231000-203-2003-00041","2003-02-24","","03","폐업","02","폐업","2007-05-07","","","","033 6362805","0.00","","강원특별자치도 속초시 조양동 1010-1 (청초비치)","","","비치이용소","2007-04-13 00:00:00","I","2023-06-13 00:00:00","일반이용업","","","일반이용업","0","0","0","0","0","0","0","","","","","0","0","0","N",
"1421","이용업","05_19_01_P","4231000","4231000-203-2003-00042","2003-02-24","","03","폐업","02","폐업","2023-05-10","","","","033 6374735","12.00","","강원특별자치도 속초시 영랑동 148-9","강원특별자치도 속초시 중앙로 346, 지하1층 102호 (영랑동)","24808","설악헤어샵","2023-05-10 09:51:53","I","2023-06-13 00:00:00","일반이용업","339352.254873","525240.903037651","일반이용업","0","0","0","0","0","0","2","","","","","0","0","0","N",
"1422","이용업","05_19_01_P","4231000","4231000-203-2005-00001","2005-03-02","","03","폐업","02","폐업","2007-05-22","","","","","6.00","","강원특별자치도 속초시 교동 932","","","삼환목욕탕이용소","2005-03-02 00:00:00","I","2023-06-13 00:00:00","일반이용업","337329.045851589","523204.377700209","일반이용업","3","1","2","2","0","0","1","","","","임대","0","0","0","N",
"1423","이용업","05_19_01_P","4231000","4231000-203-2005-00002","2005-03-05","","03","폐업","02","폐업","2009-07-31","","","","033 6377050","30.00","","강원특별자치도 속초시 동명동 559-4","","","부흥이발소","2009-07-31 10:33:52","I","2023-06-13 00:00:00","일반이용업","339133.131733707","524347.210101846","일반이용업","4","1","1","1","0","0","3","","","","임대","0","0","0","N",
"1424","이용업","05_19_01_P","4231000","4231000-203-2015-00002","2015-03-17","","03","폐업","02","폐업","2015-06-25","","","","","22.00","","강원특별자치도 속초시 교동 620-28 207호","강원특별자치도 속초시 미시령로 3395 (교동)","24815","젠툴맨","2015-03-17 10:10:48","I","2023-06-13 00:00:00","일반이용업","338078.014666418","523987.843777729","일반이용업","1","2","2","2","0","0","3","","","","","0","0","0","N",
"1425","이용업","05_19_01_P","4231000","4231000-203-2009-00001","2009-08-18","","03","폐업","02","폐업","2011-09-14","","","","033 633 8085","38.50","","강원특별자치도 속초시 중앙동 468-142","","","창훈이용원","2009-08-18 10:02:51","I","2023-06-13 00:00:00","일반이용업","339442.574365483","523740.964934208","일반이용업","1","0","1","1","0","0","3","","","","임대","0","0","0","N",
"1426","이용업","05_19_01_P","4231000","4231000-203-2009-00002","2009-09-24","","03","폐업","02","폐업","2010-12-06","","","","","13.05","","강원특별자치도 속초시 대포동 245-5 외8필지 지하1층 남자사우나(내)","","","호텔마레몬스 사우나 이용소","2009-09-24 15:26:38","I","2023-06-13 00:00:00","일반이용업","340676.644410418","519441.621379438","일반이용업","11","2","0","0","1","1","2","","","","임대","0","0","0","N",
"1427","이용업","05_19_01_P","4231000","4231000-203-2003-00026","1995-10-30","","03","폐업","02","폐업","2022-06-14","","","","033 6369260","39.56","","강원특별자치도 속초시 동명동 86","강원특별자치도 속초시 중앙로 247-1 (동명동)","24823","동해헤어샵","2022-06-14 15:36:31","I","2023-06-13 00:00:00","일반이용업","339657.181838202","524442.346772166","일반이용업","0","0","0","0","0","0","3","","","","","0","0","0","N",
"1428","이용업","05_19_01_P","4231000","4231000-203-2010-00001","2010-03-17","","03","폐업","02","폐업","2012-08-24","","","","","26.52","","강원특별자치도 속초시 조양동 1217-3 조양주공1단지아파트상가동 202호","강원특별자치도 속초시 온정로 8, 202호 (조양동,조양주공1단지아파트상가동)","24896","최성환 헤어샵","2010-03-17 09:11:08","I","2023-06-13 00:00:00","일반이용업","339499.375187383","521409.332960738","일반이용업","0","0","2","2","0","0","2","","","","임대","0","0","0","N",
"1429","이용업","05_19_01_P","4231000","4231000-203-2017-00002","2017-06-28","","03","폐업","02","폐업","2020-03-02","","","","033 635 5538","21.00","","강원특별자치도 속초시 동명동 450-358","강원특별자치도 속초시 수복로 229, 1층 (동명동)","","최식성이발관","2020-03-02 16:23:16","I","2023-06-13 00:00:00","일반이용업","339197.189395401","523976.210719041","일반이용업","2","0","1","1","0","0","3","","","","","0","0","0","N",
"1430","이용업","05_19_01_P","4231000","4231000-203-2019-00001","2019-05-02","","03","폐업","02","폐업","2021-06-16","","","","","22.89","","강원특별자치도 속초시 교동 760-11","강원특별자치도 속초시 만천1길 8-1, 1층 (교동)","24847","최찬규헤어커트","2021-06-16 13:44:19","I","2023-06-13 00:00:00","일반이용업","337942.3563226","522887.273681928","일반이용업","0","0","1","1","0","0","1","","","","","0","0","0","N",
"1431","이용업","05_19_01_P","4231000","4231000-203-2013-00001","2013-11-26","","03","폐업","02","폐업","2019-04-01","","","","","91.38","","강원특별자치도 속초시 장사동 634-48 2층","강원특별자치도 속초시 중앙로 409, 2층 (장사동)","24803","우리이발관","2019-04-02 09:16:40","I","2023-06-13 00:00:00","일반이용업","338970.999565436","525771.587241424","일반이용업","0","0","0","0","0","0","3","","","","","0","0","0","N",
"1432","이용업","05_19_01_P","4231000","4231000-203-2000-00001","2000-04-14","","03","폐업","02","폐업","2004-01-19","","","","033 6339330","","","강원특별자치도 속초시 교동 987-10","","","동림이용원","2003-07-21 00:00:00","I","2023-06-13 00:00:00","일반이용업","337960.66855703","522344.763761106","일반이용업","0","0","0","0","0","0","0","","","","","0","0","0","N",
"1433","이용업","05_19_01_P","4231000","4231000-203-2003-00038","2000-08-09","","03","폐업","02","폐업","2009-08-18","","","","","0.00","","강원특별자치도 속초시 중앙동 468-142","","","창훈이용소","2009-08-18 09:50:31","I","2023-06-13 00:00:00","일반이용업","339442.574365483","523740.964934208","일반이용업","0","0","0","0","0","0","0","","","","","0","0","0","N",
"1434","이용업","05_19_01_P","4231000","4231000-203-2000-00002","2000-11-23","","03","폐업","02","폐업","2019-05-13","","","","033 6332845","","","강원특별자치도 속초시 교동 618-10 현대아파트 지층 상가동 110호","강원특별자치도 속초시 미시령로3359번길 9 (교동)","24817","금메달이용원","2019-05-13 15:50:13","I","2023-06-13 00:00:00","일반이용업","337660.484161405","523877.546155059","일반이용업","0","0","0","0","0","0","0","","","","","0","0","0","N",
"1435","이용업","05_19_01_P","4231000","4231000-203-2003-00036","1998-04-25","","03","폐업","02","폐업","2004-09-24","","","","033 6376562","0.00","","강원특별자치도 속초시 동명동 383 ,385","","","수복탑이용원","2004-09-24 00:00:00","I","2023-06-13 00:00:00","일반이용업","339482.456562228","524171.647560149","일반이용업","0","0","0","0","0","0","0","","","","","0","0","0","N",
"1436","이용업","05_19_01_P","4231000","4231000-203-2017-00001","2017-02-20","","03","폐업","02","폐업","2019-01-22","","","","033 631 4786","42.57","","강원특별자치도 속초시 교동 627-291","강원특별자치도 속초시 번영로43번길 22, 나동 102호 (교동)","24842","헤나킹","2019-01-22 17:04:24","I","2023-06-13 00:00:00","이용업 기타","338450.033458243","523727.233605853","이용업 기타","2","0","1","1","0","0","3","","","","","0","0","0","N",
"1437","이용업","05_19_01_P","4231000","4231000-203-2007-00001","2007-02-16","","03","폐업","02","폐업","2009-11-17","","","","6389926","20.00","","강원특별자치도 속초시 교동 781-60 씨티스포렉스 지하동 B101호","","","속초스파랜드이용소","2009-11-17 13:18:53","I","2023-06-13 00:00:00","일반이용업","337846.12972941","523849.441926247","일반이용업","1","2","0","0","1","1","2","","","","임대","0","0","0","N",
"1438","이용업","05_19_01_P","4231000","4231000-203-2015-00003","2015-05-14","","03","폐업","02","폐업","2015-09-21","","","","","6.00","","강원특별자치도 속초시 교동 981-6","강원특별자치도 속초시 먹거리9길 32, 2층 (교동, 썬사우나)","24855","썬사우나내이용원","2015-06-30 16:14:15","I","2023-06-13 00:00:00","일반이용업","338033.580633824","522615.783733788","일반이용업","4","1","2","2","0","0","1","","","","임대","0","1","0","N",
"1439","이용업","05_19_01_P","4231000","4231000-203-2003-00004","1970-03-04","","03","폐업","02","폐업","2012-05-24","","","","033 6328502","0.00","","강원특별자치도 속초시 금호동 493-4","강원특별자치도 속초시 중앙로129번길 59 (금호동)","24832","흥아이용소","2003-07-15 00:00:00","I","2023-06-13 00:00:00","일반이용업","339117.78928468","523667.825313751","일반이용업","0","0","0","0","0","0","0","","","","","0","0","0","N",
"1440","이용업","05_19_01_P","4231000","4231000-203-2003-00008","1971-03-10","","03","폐업","02","폐업","2010-08-25","","","","033 6337177","0.00","","강원특별자치도 속초시 청호동 1282","","","신영이용소","2010-08-26 09:27:24","I","2023-06-13 00:00:00","일반이용업","339773.444149157","522824.002944323","일반이용업","0","0","0","0","0","0","0","","","","","0","0","0","N",
"1441","이용업","05_19_01_P","4231000","4231000-203-2003-00009","1973-05-16","","03","폐업","02","폐업","2020-07-30","","","","033 6357572","0.00","","강원특별자치도 속초시 중앙동 498-8","강원특별자치도 속초시 중앙시장로 49 (중앙동)","24827","신흥이용소","2020-07-30 11:30:22","I","2023-06-13 00:00:00","일반이용업","339055.926463509","523807.616809708","일반이용업","1","0","0","0","0","0","0","","","","임대","0","0","0","N",
"1442","이용업","05_19_01_P","4231000","4231000-203-2003-00010","1971-06-08","","03","폐업","02","폐업","2004-09-15","","","","033 6323123","0.00","","강원특별자치도 속초시 교동 676-1","","","금성이용소","2004-09-15 00:00:00","I","2023-06-13 00:00:00","일반이용업","","","일반이용업","0","0","0","0","0","0","0","","","","","0","0","0","N",
"1443","이용업","05_19_01_P","4231000","4231000-203-2003-00012","1972-08-26","","03","폐업","02","폐업","2004-07-20","","","","033 6335211","0.00","","강원특별자치도 속초시 금호동 131-1","","","향군이용소","2004-07-20 00:00:00","I","2023-06-13 00:00:00","일반이용업","","","일반이용업","0","0","0","0","0","0","0","","","","","0","0","0","N",
"1444","이용업","05_19_01_P","4231000","4231000-203-2014-00001","2014-07-15","","03","폐업","02","폐업","2022-12-22","","","","033 637 7404","50.44","","강원특별자치도 속초시 교동 737-7 아남프라자 1411호","강원특별자치도 속초시 동해대로 4236, 1411호 (교동)","24853","천연 헤나","2022-12-22 16:59:53","I","2023-06-13 00:00:00","일반이용업","338132.520338395","522766.508207672","일반이용업","0","0","0","0","0","0","0","","","","","0","0","0","N",
"1445","이용업","05_19_01_P","4231000","4231000-203-2022-00001","2022-06-16","","03","폐업","02","폐업","2023-07-10","","","","","5.70","","강원특별자치도 속초시 대포동 56-10","강원특별자치도 속초시 방축길 56, 속초시환경에너지사업소 주민편익시설동 (대포동)","24899","희망이용소","2023-07-10 12:07:16","U","2023-07-13 02:40:00","일반이용업","339387.146566022","520518.048927508","일반이용업","0","0","0","0","0","0","1","","","","","0","0","0","N",
"1446","이용업","05_19_01_P","4231000","4231000-203-2003-00013","1973-09-18","","03","폐업","02","폐업","2022-08-16","","","","033 6326749","0.00","","강원특별자치도 속초시 동명동 261-10","강원특별자치도 속초시 장안로 17 (동명동)","24822","칠성이용소","2022-08-16 11:01:42","I","2023-06-13 00:00:00","일반이용업","339308.485159114","524357.438006752","일반이용업","0","0","0","0","0","0","0","","","","","0","0","0","N",
"1447","이용업","05_19_01_P","4231000","4231000-203-2003-00015","1979-01-18","","03","폐업","02","폐업","2014-12-01","","","","033 6368040","0.00","","강원특별자치도 속초시 도문동 322-1","강원특별자치도 속초시 설악산로470번길 8 (도문동)","24904","도문이용소","2003-07-18 00:00:00","I","2023-06-13 00:00:00","일반이용업","336368.807062005","519313.931684063","일반이용업","0","0","0","0","0","0","0","","","","","0","0","0","N",
"1448","이용업","05_19_01_P","4231000","4231000-203-2003-00017","2003-02-24","","03","폐업","02","폐업","2008-02-22","","","","033 6311153","0.00","","강원특별자치도 속초시 중앙동 493-8","","","천일탕이용소","2003-05-19 00:00:00","I","2023-06-13 00:00:00","일반이용업","339161.978609157","523728.64791131","일반이용업","0","0","0","0","0","0","0","","","","","0","0","0","N",
"1449","이용업","05_19_01_P","4231000","4231000-203-2003-00018","2003-02-24","","03","폐업","02","폐업","2004-03-18","","","","033 6327268","0.00","","강원특별자치도 속초시 금호동 482-266","","","춘천이용소","2004-03-18 00:00:00","I","2023-06-13 00:00:00","일반이용업","339136.114669076","523323.521397282","일반이용업","0","0","0","0","0","0","0","","","","","0","0","0","N",
"1450","이용업","05_19_01_P","4231000","4231000-203-2007-00003","2007-09-11","","03","폐업","02","폐업","2009-11-20","","","","","31.84","","강원특별자치도 속초시 조양동 1215-2 조양2주공아파트 상가동 205호","","","황금이용원","2009-01-05 17:55:32","I","2023-06-13 00:00:00","일반이용업","339484.188341677","521603.66434196","일반이용업","2","0","0","0","0","0","2","","","","임대","0","0","0","N",
"1451","이용업","05_19_01_P","4231000","4231000-203-2007-00004","2007-10-19","","03","폐업","02","폐업","2007-11-15","","","","033 633 6552","55.21","","강원특별자치도 속초시 교동 781-6 현대2차아파트 상가 지하동 1.2호","","","현대이용원","2007-10-19 10:55:25","I","2023-06-13 00:00:00","일반이용업","337862.656693926","523776.383116713","일반이용업","0","0","0","0","0","0","3","","","","임대","0","0","0","N",
"1452","이용업","05_19_01_P","4231000","4231000-203-2008-00001","2008-04-10","","03","폐업","02","폐업","2010-04-07","","","","033 632 4553","19.10","","강원특별자치도 속초시 동명동 73 외1필지 5층","","","황제이용원","2009-11-18 19:04:07","I","2023-06-13 00:00:00","일반이용업","339768.381094472","524513.857035958","일반이용업","8","1","5","5","0","0","2","","","","임대","0","0","0","N",
"1453","이용업","05_19_01_P","4231000","4231000-203-2016-00002","2016-04-18","","03","폐업","02","폐업","2018-03-26","","","","","7.36","","강원특별자치도 속초시 중앙동 482-144","강원특별자치도 속초시 청초호반로 314, 2층 (중앙동)","24838","속초오션스파이용소","2018-03-26 12:27:23","I","2023-06-13 00:00:00","일반이용업","339344.105033051","523305.459039017","일반이용업","5","0","2","2","0","0","1","","","","임대","0","1","0","N",
"1454","이용업","05_19_01_P","4231000","4231000-203-2008-00002","2008-06-03","","03","폐업","02","폐업","2009-04-29","","","","","40.80","","강원특별자치도 속초시 조양동 1501 부영아파트 상가동 115호","","","열린이용원","2008-06-03 11:14:56","I","2023-06-13 00:00:00","일반이용업","338484.632342258","521799.808504864","일반이용업","0","0","1","1","0","0","3","","","","임대","0","0","0","N",
"1455","이용업","05_19_01_P","4231000","4231000-203-2008-00004","2008-08-07","","03","폐업","02","폐업","2009-02-03","","","","033 632 9033","30.00","","강원특별자치도 속초시 중앙동 468-66","","","명가이가네헤어아트","2008-08-07 16:54:01","I","2023-06-13 00:00:00","일반이용업","339457.310268841","523849.496746149","일반이용업","3","1","1","1","0","0","5","","","","임대","0","0","0","N",
"1456","이용업","05_19_01_P","4231000","4231000-203-2015-00001","2015-02-12","","03","폐업","02","폐업","2017-10-23","","","","033 637 0503","36.00","","강원특별자치도 속초시 조양동 1500-14","강원특별자치도 속초시 조양상가길 53 (조양동)","24874","젠틀맨","2017-10-23 15:38:44","I","2023-06-13 00:00:00","일반이용업","338616.493540356","521877.00094888","일반이용업","0","0","1","1","0","0","3","","","","","0","0","0","N",
"1457","이용업","05_19_01_P","4231000","4231000-203-2003-00001","1981-11-23","","03","폐업","02","폐업","2009-04-02","","","","033 6329033","30.00","","강원특별자치도 속초시 중앙동 468-66","","","명가이가네 헤어아트","2009-02-03 13:40:16","I","2023-06-13 00:00:00","일반이용업","339457.310268841","523849.496746149","일반이용업","0","0","0","0","0","0","7","","","","","0","0","0","N",
"1458","이용업","05_19_01_P","4231000","4231000-203-2005-00004","2005-09-14","","03","폐업","02","폐업","2015-11-17","","","","033 6336864","18.00","","강원특별자치도 속초시 금호동 473-110","강원특별자치도 속초시 중앙로129번길 35 (금호동)","24832","태광이용원","2013-11-06 11:07:03","I","2023-06-13 00:00:00","일반이용업","339150.077878514","523557.075227152","일반이용업","4","0","2","2","0","0","3","","","","임대","0","0","0","N",
"1459","이용업","05_19_01_P","4231000","4231000-203-2004-00008","2004-07-14","","03","폐업","02","폐업","2008-01-17","","","","","20.91","","강원특별자치도 속초시 교동 670-15 (대청빌딩2층)","","","캡슐이용원","2005-08-22 00:00:00","I","2023-06-13 00:00:00","일반이용업","338213.421658445","522766.841682032","일반이용업","8","1","2","2","0","0","2","","","","임대","0","0","0","N",
"1460","이용업","05_19_01_P","4231000","4231000-203-2004-00009","2004-09-24","","03","폐업","02","폐업","2005-09-06","","","","033 6376562","79.91","","강원특별자치도 속초시 동명동 383 외1필지","","","대희이용원","2005-09-06 00:00:00","I","2023-06-13 00:00:00","일반이용업","339482.456562228","524171.647560149","일반이용업","4","1","3","3","0","0","11","","","","임대","0","0","0","N",
"1461","이용업","05_19_01_P","4231000","4231000-203-2004-00010","2004-10-19","","03","폐업","02","폐업","2024-07-04","","","","033 6323123","31.84","","강원특별자치도 속초시 교동 961-1 속초청초아파트상가동202호","강원특별자치도 속초시 먹거리길 17, 202호 (교동)","24856","금성이용소","2024-07-04 10:55:06","U","2024-07-06 02:40:00","일반이용업","337896.909502329","522738.178234805","일반이용업","2","1","2","2","0","0","4","","","","임대","0","0","0","N",
"1462","이용업","05_19_01_P","4231000","4231000-203-2004-00011","2004-12-14","","03","폐업","02","폐업","2014-12-04","","","","033 6355538","23.85","","강원특별자치도 속초시 동명동 450-342","강원특별자치도 속초시 수복로 233 (동명동)","","최식성이용원","2004-12-14 00:00:00","I","2023-06-13 00:00:00","일반이용업","339208.136505287","524002.845635654","일반이용업","3","0","1","1","0","0","3","","","","임대","0","0","0","N",
"1463","이용업","05_19_01_P","4231000","4231000-203-2003-00044","2003-10-22","","03","폐업","02","폐업","2005-02-25","","","","033 6386345","6.60","","강원특별자치도 속초시 조양동 1550-4 외1필지","","","엑스포사우나이용소","2003-10-22 00:00:00","I","2023-06-13 00:00:00","일반이용업","338972.118178922","522089.035117942","일반이용업","4","1","0","2","0","0","2","","","","임대","0","0","0","N",
"1464","이용업","05_19_01_P","4231000","4231000-203-1995-00001","1995-03-09","","03","폐업","02","폐업","2003-11-27","","","","033 6367711","","","강원특별자치도 속초시 설악동 74-3","","","호텔설악파크 사우나탕 이용소","2003-11-27 00:00:00","I","2023-06-13 00:00:00","일반이용업","332532.438388878","519629.073409644","일반이용업","0","0","0","0","0","0","0","","","","","0","0","0","N",
"1465","이용업","05_19_01_P","4231000","4231000-203-2003-00045","2003-11-04","","03","폐업","02","폐업","2005-02-15","","","","033632 6842","152.54","","강원특별자치도 속초시 교동 932-2 외1필지(한남빌딩5층)","","","용궁이용원","2005-02-15 00:00:00","I","2023-06-13 00:00:00","일반이용업","337359.889901552","523227.901653282","일반이용업","8","1","0","5","0","0","0","","","","임대","0","0","0","N",
"1466","이용업","05_19_01_P","4231000","4231000-203-2004-00001","2004-02-04","","03","폐업","02","폐업","2008-06-30","","","","033 6321268","9.72","","강원특별자치도 속초시 조양동 1498-6 (3층)","","","부영탕이용소","2004-03-17 00:00:00","I","2023-06-13 00:00:00","일반이용업","338395.467723002","521915.758999824","일반이용업","4","1","0","3","0","0","2","","","","임대","0","0","0","N",
"1467","이용업","05_19_01_P","4231000","4231000-203-2004-00002","2004-02-04","","03","폐업","02","폐업","2019-04-30","","","","033 6352579","12.00","","강원특별자치도 속초시 교동 826-3 (2층)","강원특별자치도 속초시 만천1길 4-8 (교동,(2층))","24847","럭키탕이용소","2019-04-30 10:25:36","I","2023-06-13 00:00:00","일반이용업","337983.494009378","522855.077999317","일반이용업","3","1","2","0","0","0","1","","","","임대","0","0","0","N",
"1468","이용업","05_19_01_P","4231000","4231000-203-2004-00003","2004-02-04","","03","폐업","02","폐업","2004-08-31","","","","033 6359422","9.45","","강원특별자치도 속초시 교동 627-210 ,211","","","옥수탕이용소","2004-08-31 00:00:00","I","2023-06-13 00:00:00","일반이용업","338244.467853284","523654.537291117","일반이용업","3","2","0","0","1","1","1","","","","임대","0","0","0","N",
"1469","이용업","05_19_01_P","4231000","4231000-203-2003-00027","1996-03-20","","03","폐업","02","폐업","2006-12-11","","","","033 6358854","0.00","","강원특별자치도 속초시 교동 745-1","","","크라운이용소","2006-05-22 00:00:00","I","2023-06-13 00:00:00","일반이용업","338072.073864079","522844.831549605","일반이용업","0","0","0","0","0","0","0","","","","","0","0","0","N",
"1470","이용업","05_19_01_P","4231000","4231000-203-2004-00004","2004-03-10","","03","폐업","02","폐업","2011-08-23","","","","","17.00","","강원특별자치도 속초시 영랑동 231-2 (지하1층1호)","","","동진목욕탕이용소","2007-07-09 00:00:00","I","2023-06-13 00:00:00","일반이용업","339176.650048112","524605.091450161","일반이용업","0","0","0","0","1","1","2","","","","임대","0","0","0","N",
"1471","이용업","05_19_01_P","4231000","4231000-203-2004-00005","2004-03-27","","03","폐업","02","폐업","2017-07-04","","","","033 6323256","38.27","","강원특별자치도 속초시 중앙동 482-284 외1필지","강원특별자치도 속초시 중앙로108번길 85 (중앙동,외1필지)","24837","춘천이용소","2017-07-04 19:47:11","I","2023-06-13 00:00:00","일반이용업","339251.060366953","523337.991576617","일반이용업","3","1","1","0","0","0","5","","","","임대","0","0","0","N",
"1472","이용업","05_19_01_P","4231000","4231000-203-2004-00006","2004-03-30","","03","폐업","02","폐업","2005-05-06","","","","033 6375789","10.54","","강원특별자치도 속초시 조양동 1310-14 (2층)","","","월드이용소","2005-05-06 00:00:00","I","2023-06-13 00:00:00","일반이용업","339905.149710961","521574.562414326","일반이용업","3","1","2","2","0","0","2","","","","임대","0","0","0","N",
"1473","이용업","05_19_01_P","4231000","4231000-203-2004-00007","2004-05-11","","03","폐업","02","폐업","2004-10-18","","","","033 6334258","27.30","","강원특별자치도 속초시 교동 961-1 속초청초아파트상가동 202호","","","주공이용소","2004-10-18 00:00:00","I","2023-06-13 00:00:00","일반이용업","337896.909502329","522738.178234805","일반이용업","2","1","1","1","0","0","4","","","","임대","0","0","0","N",
"1474","이용업","05_19_01_P","4231000","4231000-203-1996-00001","1996-02-14","","03","폐업","02","폐업","2004-02-04","","","","033 6316705","","","강원특별자치도 속초시 교동 627-210 ,211","","","옥수탕이용소","2004-02-17 00:00:00","I","2023-06-13 00:00:00","일반이용업","338244.467853284","523654.537291117","일반이용업","0","0","0","0","0","0","0","","","","","0","0","0","N",
"1475","이용업","05_19_01_P","4231000","4231000-203-2003-00033","1996-06-18","","03","폐업","02","폐업","2003-09-29","","","","033 6331348","0.00","","강원특별자치도 속초시 교동 635-28","","","바다이용원","2003-09-29 00:00:00","I","2023-06-13 00:00:00","일반이용업","338497.297308868","523497.917067756","일반이용업","0","0","0","0","0","0","0","","","","","0","0","0","N",
"1476","이용업","05_19_01_P","4231000","4231000-203-1996-00002","1996-08-20","","03","폐업","02","폐업","2004-02-04","","","","033 6352579","","","강원특별자치도 속초시 교동 826-3 (2층)","","","럭키탕이용소","2004-02-04 00:00:00","I","2023-06-13 00:00:00","일반이용업","337983.494009378","522855.077999317","일반이용업","0","0","0","0","0","0","0","","","","","0","0","0","N",
"1477","이용업","05_19_01_P","4231000","4231000-203-2003-00021","1987-07-15","","03","폐업","02","폐업","2024-06-27","","","","033 6322675","69.41","","강원특별자치도 속초시 청학동 486-110","강원특별자치도 속초시 수복로 137, 1층 (청학동)","24834","웅재이용소","2024-06-27 10:33:51","U","2024-06-29 02:40:00","일반이용업","338664.149265408","523306.98391836","일반이용업","0","0","0","0","0","0","0","","","","","0","0","0","N",
"1478","이용업","05_19_01_P","4231000","4231000-203-2003-00028","1996-06-13","","03","폐업","02","폐업","2005-01-10","","","","033 6328791","0.00","","강원특별자치도 속초시 청학동 488","","","대명이용소","2005-01-10 00:00:00","I","2023-06-13 00:00:00","일반이용업","338721.714202415","523723.679468588","일반이용업","0","0","0","0","0","0","0","","","","","0","0","0","N",
"1479","이용업","05_19_01_P","4231000","4231000-203-2003-00029","1998-12-22","","03","폐업","02","폐업","2009-05-14","","","","033 6318711","0.00","","강원특별자치도 속초시 조양동 1401","","","웰컴콘도이용소","2004-01-31 00:00:00","I","2023-06-13 00:00:00","일반이용업","340179.69140755","521888.139514971","일반이용업","0","0","0","0","0","0","0","","","","","0","0","0","N",
"1480","이용업","05_19_01_P","4231000","4231000-203-2003-00030","1999-04-26","","03","폐업","02","폐업","2003-10-16","","","","033 6332019","0.00","","강원특별자치도 속초시 교동 932-2 ,4(한남빌딩)","","","용궁이용소","2004-02-17 00:00:00","I","2023-06-13 00:00:00","일반이용업","337359.889901552","523227.901653282","일반이용업","0","0","0","0","0","0","0","","","","","0","0","0","N",
"1481","이용업","05_19_01_P","4231000","4231000-203-2003-00031","1999-04-26","","03","폐업","02","폐업","2017-06-14","","","","033 6320056","0.00","","강원특별자치도 속초시 교동 800-1 (럭키상가1동)","강원특별자치도 속초시 동해대로 4308 (교동,(럭키상가1동))","24850","희망이용소","2017-06-14 09:28:39","I","2023-06-13 00:00:00","일반이용업","337538.102219828","523088.119908449","일반이용업","0","0","0","0","0","0","0","","","","","0","0","0","N",
"1482","이용업","05_19_01_P","4231000","4231000-203-2003-00032","2000-03-26","","03","폐업","02","폐업","2012-09-14","","","","033 6373738","0.00","","강원특별자치도 속초시 교동 835-1","강원특별자치도 속초시 동해대로 4266 (교동)","24852","대우이용소","2004-01-19 00:00:00","I","2023-06-13 00:00:00","일반이용업","337870.812833234","522852.801091666","일반이용업","0","0","0","0","0","0","0","","","","","0","0","0","N",
"1483","이용업","05_19_01_P","4231000","4231000-203-1997-00001","1997-04-25","","03","폐업","02","폐업","2024-07-02","","","","033 6361840","","","강원특별자치도 속초시 노학동 972-1","강원특별자치도 속초시 관광로 327 (노학동)","24867","휴양촌이용소","2024-07-02 15:52:04","U","2024-07-04 02:40:00","일반이용업","334903.237101815","521926.215753162","일반이용업","0","0","0","0","0","0","0","","","","","0","0","0","N",
"1484","이용업","05_19_01_P","4231000","4231000-203-1997-00002","1997-11-18","","03","폐업","02","폐업","2003-10-06","","","","033 6330001","","","강원특별자치도 속초시 금호동 600-1","","","한일이용소","2003-07-18 00:00:00","I","2023-06-13 00:00:00","일반이용업","338306.464490814","524573.906407657","일반이용업","0","0","0","0","0","0","0","","","","","0","0","0","N",
"1485","이용업","05_19_01_P","4231000","4231000-203-1998-00001","1998-08-10","","03","폐업","02","폐업","2003-09-18","","","","033 6357711","","","강원특별자치도 속초시 장사동 24-9 외20필지(한화콘도 워터피아내)","","","워터피아이용원","2003-07-19 00:00:00","I","2023-06-13 00:00:00","일반이용업","333861.329823747","523878.780261004","일반이용업","0","0","0","0","0","0","0","","","","","0","0","0","N",
"1486","이용업","05_19_01_P","4231000","4231000-203-2010-00004","2010-07-05","","03","폐업","02","폐업","2014-07-25","","","","","16.60","","강원특별자치도 속초시 교동 781-60 씨티스포렉스 지하동 101호","강원특별자치도 속초시 미시령로3359번길 20, 지하동 101호 (교동,씨티스포렉스)","24820","스파이용원","2010-07-08 16:15:37","I","2023-06-13 00:00:00","일반이용업","337846.12972941","523849.441926247","일반이용업","4","2","0","0","1","1","2","","","","임대","0","0","0","N",
"1487","이용업","05_19_01_P","4231000","4231000-203-2010-00005","2010-11-12","","03","폐업","02","폐업","2011-03-15","","","","","7.65","","강원특별자치도 속초시 조양동 663-1 환타지아찜질방(지상1층)","","","환타지아 이용소","2010-11-12 13:06:31","I","2023-06-13 00:00:00","일반이용업","","","일반이용업","4","1","1","1","0","0","2","","","","임대","0","0","0","N",
"1488","이용업","05_19_01_P","4231000","4231000-203-2008-00003","2008-06-30","","03","폐업","02","폐업","2017-07-04","","","","","12.25","","강원특별자치도 속초시 조양동 1310-14","강원특별자치도 속초시 조양로 33 (조양동)","24894","월드사우나 이용소","2017-07-04 19:52:15","I","2023-06-13 00:00:00","일반이용업","339905.149710961","521574.562414326","일반이용업","3","1","2","2","0","0","2","","","","임대","0","0","0","N",
"1489","이용업","05_19_01_P","4231000","4231000-203-2011-00001","2011-03-29","","03","폐업","02","폐업","2022-06-14","","","","","5.70","","강원특별자치도 속초시 대포동 56-10 외9필지(속초시환경에너지사업소 주민편익시설동) 2층","강원특별자치도 속초시 방축길 56 (대포동,외9필지(속초시환경에너지사업소 주민편익시설동) 2층)","24899","속초시환경에너지사업소 주민편익시설사우나(내) 이발소","2022-06-14 15:40:35","I","2023-06-13 00:00:00","일반이용업","339387.146566022","520518.048927508","일반이용업","3","0","2","2","0","0","2","","","","임대","0","0","0","N",
"1490","이용업","05_19_01_P","4231000","4231000-203-2010-00002","2010-04-07","","03","폐업","02","폐업","2015-08-19","","","","","9.35","","강원특별자치도 속초시 조양동 663-1 외1필지 환타지아 찜질방(지하1층)","강원특별자치도 속초시 조양로 185 (조양동,외1필지 환타지아 찜질방(지하1층))","","환타지아 사우나(내) 이용실","2011-03-29 16:42:13","I","2023-06-13 00:00:00","일반이용업","","","일반이용업","0","0","0","0","0","0","2","","","","임대","0","0","0","N",
"1491","이용업","05_19_01_P","4231000","4231000-203-2011-00002","2011-08-02","","03","폐업","02","폐업","2011-08-30","","","","070 81231029","85.00","","강원특별자치도 속초시 청학동 638-5 9통3반 2층","","","남자의향기","2011-08-02 14:59:56","I","2023-06-13 00:00:00","일반이용업","338530.748743729","523464.331901374","일반이용업","0","0","2","2","0","0","4","","","","","0","0","0","N",
"1492","이용업","05_19_01_P","4231000","4231000-203-2016-00003","2016-07-29","","03","폐업","02","폐업","2016-10-10","","","","033 638 9926","14.64","","강원특별자치도 속초시 교동 781-60","강원특별자치도 속초시 미시령로3359번길 20, 지하1층 (교동)","24820","스파랜드이용실","2016-07-29 10:50:24","I","2023-06-13 00:00:00","일반이용업","337846.12972941","523849.441926247","일반이용업","4","2","0","0","1","1","2","","","","","0","0","0","N",
"1493","이용업","05_19_01_P","4231000","4231000-203-2012-00001","2012-04-27","","03","폐업","02","폐업","2014-04-25","","","","033 633 8085","27.20","","강원특별자치도 속초시 중앙동 468-142","강원특별자치도 속초시 중앙로 172-4 (중앙동)","","창훈이용원","2012-04-27 15:51:33","I","2023-06-13 00:00:00","일반이용업","339442.574365483","523740.964934208","일반이용업","1","0","1","0","0","0","2","","","","임대","0","0","0","N",
"1494","이용업","05_19_01_P","4241000","4241000-203-1982-00001","1982-07-03","","03","폐업","02","폐업","2011-08-12","","","","033 5414677","17.82","","강원특별자치도 삼척시 도계읍 전두리 1 2통3반","","","새마을 후생 이용소","2004-03-24 00:00:00","I","2023-06-13 00:00:00","일반이용업","381292.077931141","416992.216006839","일반이용업","0","0","0","0","0","0","2","","","","","0","0","0","N",
"1495","이용업","05_19_01_P","4241000","4241000-203-1991-00001","1991-10-15","","03","폐업","02","폐업","2002-04-03","","","","033 5410313","21.00","","강원특별자치도 삼척시 도계읍 도계리 367-6 1통21반","","","신생이용소","2002-08-26 00:00:00","I","2023-06-13 00:00:00","일반이용업","381444.753799937","417022.518054146","일반이용업","0","0","0","0","0","0","0","","","","","0","0","0","N",
"1496","이용업","05_19_01_P","4241000","4241000-203-1993-00001","1993-02-13","","03","폐업","02","폐업","2003-05-30","","","","033 5411809","17.39","","강원특별자치도 삼척시 도계읍 전두리 50 1통2반","","","진이용소","2003-07-02 00:00:00","I","2023-06-13 00:00:00","일반이용업","","","일반이용업","0","0","0","0","0","0","0","","","","","0","0","0","N",
"1497","이용업","05_19_01_P","4241000","4241000-203-1995-00001","1995-12-28","","03","폐업","02","폐업","2016-11-14","","","","","21.45","","강원특별자치도 삼척시 도계읍 도계리 367-6 1리 21반","강원특별자치도 삼척시 도계읍 도계로 320","25947","삼마이용소","2011-11-02 14:46:59","I","2023-06-13 00:00:00","일반이용업","381444.753799937","417022.518054146","일반이용업","0","0","0","0","0","0","2","","","","","0","0","0","N",
"1498","이용업","05_19_01_P","4241000","4241000-203-1973-00002","1973-09-10","","03","폐업","02","폐업","2012-06-14","","","","033 5726042","22.68","","강원특별자치도 삼척시 원덕읍 호산리 263-16 3통8반","강원특별자치도 삼척시 원덕읍 호산3길 11","25961","최신이용소","2011-11-02 11:49:21","I","2023-06-13 00:00:00","일반이용업","407639.982457697","410496.228123638","일반이용업","0","0","0","0","0","0","3","","","","","0","0","0","N",
"1499","이용업","05_19_01_P","4241000","4241000-203-1979-00001","1979-06-22","","03","폐업","02","폐업","2003-02-12","","","","033 5723451","28.10","","강원특별자치도 삼척시 근덕면 교가리 660 2통6반","","","국제이용소","2003-02-12 00:00:00","I","2023-06-13 00:00:00","일반이용업","","","일반이용업","0","0","0","0","0","0","0","","","","","0","0","0","N",
"1500","이용업","05_19_01_P","4241000","4241000-203-1979-00002","1979-06-22","","03","폐업","02","폐업","2005-11-22","","","","033 5723527","26.55","","강원특별자치도 삼척시 근덕면 교가리 651-7 2통5반","","","현대이용소","2004-03-25 00:00:00","I","2023-06-13 00:00:00","일반이용업","397103.072678324","433274.466615165","일반이용업","0","0","0","0","0","0","3","","","","","0","0","0","N",
"1501","이용업","05_19_01_P","4241000","4241000-203-1999-00001","1999-04-03","","03","폐업","02","폐업","2005-12-06","","","","033 5723677","13.65","","강원특별자치도 삼척시 근덕면 덕산리 189","","","덕산이용소","2004-03-25 00:00:00","I","2023-06-13 00:00:00","일반이용업","398567.755009173","433551.81059615","일반이용업","0","0","0","0","0","0","2","","","","","0","0","0","N",
"1502","이용업","05_19_01_P","4241000","4241000-203-1971-00001","1971-11-05","","03","폐업","02","폐업","2008-12-30","","","","033 5520759","19.08","","강원특별자치도 삼척시 하장면 광동리 80-3","","","반도 이용소","2005-12-20 00:00:00","I","2023-06-13 00:00:00","일반이용업","372140.518148518","429108.090636654","일반이용업","0","0","0","0","0","0","2","","","","","0","0","0","N",
"1503","이용업","05_19_01_P","4241000","4241000-203-1969-00002","1969-12-08","","03","폐업","02","폐업","2004-11-20","","","","","15.70","","강원특별자치도 삼척시 남양동 154-8 1통2반","","","새마을이용소","2004-11-24 00:00:00","I","2023-06-13 00:00:00","일반이용업","391707.959667413","439188.203632776","일반이용업","0","0","0","0","0","0","3","","","","","0","0","0","N",
"1504","이용업","05_19_01_P","4241000","4241000-203-2003-00003","2003-11-26","","03","폐업","02","폐업","2021-08-23","","","","","8.16","","강원특별자치도 삼척시 정상동 457-3","강원특별자치도 삼척시 청석로 74, 지하1층 (정상동)","25924","석미사우나이용소","2021-08-23 15:02:39","I","2023-06-13 00:00:00","일반이용업","392630.504135831","440578.278717329","일반이용업","0","0","1","1","0","0","2","","","","임대","0","0","0","N",
"1505","이용업","05_19_01_P","4241000","4241000-203-2014-00002","2014-01-24","","03","폐업","02","폐업","2014-05-23","","","","033 576 0742","6.00","","강원특별자치도 삼척시 남양동 55-84","강원특별자치도 삼척시 중앙시장1길 11-28, 3층 (남양동, 대원사우나(내))","25920","대원사우나이용소","2014-01-24 17:05:07","I","2023-06-13 00:00:00","일반이용업","391672.132813067","439972.890280893","일반이용업","0","0","3","3","0","0","1","","","","","0","0","0","N",
"1506","이용업","05_19_01_P","4241000","4241000-203-2014-00003","2014-11-21","","03","폐업","02","폐업","2015-10-13","","","","","8.32","","강원특별자치도 삼척시 도계읍 도계리 383-3","강원특별자치도 삼척시 도계읍 도계강변길 66-3, 3층","25947","에이원이용소","2014-11-21 10:39:54","I","2023-06-13 00:00:00","일반이용업","381328.654419303","416870.913134764","일반이용업","0","0","0","0","0","0","1","","","","","0","0","0","N",
"1507","이용업","05_19_01_P","4241000","4241000-203-2012-00004","2012-03-26","","03","폐업","02","폐업","2015-03-20","","","","","39.90","","","강원특별자치도 삼척시 중앙시장1길 22-23, 1층 (남양동)","25920","카리스마헤어샵","2013-08-12 16:31:29","I","2023-06-13 00:00:00","일반이용업","391737.92937716","439835.696641152","일반이용업","0","0","1","1","0","0","3","","","","","0","0","0","N",
"1508","이용업","05_19_01_P","4241000","4241000-203-2014-00001","2014-01-08","","03","폐업","02","폐업","2017-07-03","","","","","5.72","","강원특별자치도 삼척시 남양동 55-122","강원특별자치도 삼척시 중앙로 174-33 (남양동)","25929","천지연이용원","2017-07-03 11:53:09","I","2023-06-13 00:00:00","일반이용업","391874.449727905","439616.20408832","일반이용업","0","0","0","0","0","0","2","","","","","0","0","0","N",
"1509","이용업","05_19_01_P","4241000","4241000-203-1993-00004","1993-12-31","","03","폐업","02","폐업","2016-09-13","","","","","8.83","","강원특별자치도 삼척시 정상동 457-3","강원특별자치도 삼척시 청석로 74 (정상동, 석미한아름목욕탕 안)","25924","일기이용소","2015-03-17 12:57:37","I","2023-06-13 00:00:00","일반이용업","392630.504135831","440578.278717329","일반이용업","4","1","1","1","0","0","1","","","","임대","0","0","0","N",
"1510","이용업","05_19_01_P","4241000","4241000-203-2017-00001","2017-10-27","","03","폐업","02","폐업","2018-03-05","","","","","9.20","","강원특별자치도 삼척시 정상동 457-3 석미아파트상가","강원특별자치도 삼척시 청석로 74 (정상동)","25924","석미이용원","2018-03-05 14:21:40","I","2023-06-13 00:00:00","일반이용업","392630.504135831","440578.278717329","일반이용업","0","0","0","0","1","1","2","","","","","0","0","0","N",
"1511","이용업","05_19_01_P","4241000","4241000-203-2018-00001","2018-03-19","","03","폐업","02","폐업","2018-03-20","","","","","10.50","","강원특별자치도 삼척시 남양동 94-8 크라운모텔","강원특별자치도 삼척시 오십천로 445-18, 크라운모텔 (남양동)","25920","크라운이용소","2018-03-20 09:39:39","I","2023-06-13 00:00:00","일반이용업","391724.575578674","439766.653088926","일반이용업","6","2","2","2","0","0","2","","","","","0","0","0","N",
"1512","이용업","05_19_01_P","4241000","4241000-203-2018-00002","2018-06-05","","03","폐업","02","폐업","2019-07-31","","","","","20.40","","강원특별자치도 삼척시 원덕읍 임원리 424-1","강원특별자치도 삼척시 원덕읍 임원중앙로 14","25956","원경이발관","2019-07-31 10:39:44","I","2023-06-13 00:00:00","일반이용업","407981.987277102","417071.535254961","일반이용업","2","0","1","1","0","0","3","","","","임대","0","0","0","N",
"1513","이용업","05_19_01_P","4241000","4241000-203-2010-00001","2010-07-07","","03","폐업","02","폐업","2025-10-23","","","","","10.50","","강원특별자치도 삼척시 남양동 94-8 크라운모텔","강원특별자치도 삼척시 오십천로 445-18, 크라운모텔 (남양동)","25920","크라운모텔사우나이용소","2025-10-23 11:19:09","U","2025-10-25 02:40:00","일반이용업","391724.575578674","439766.653088926","일반이용업","0","0","0","0","0","0","1","","","","임대","0","0","0","N",
"1514","이용업","05_19_01_P","4241000","4241000-203-2013-00001","2013-05-24","","03","폐업","02","폐업","2013-10-14","","","","033 574 3493","41.80","","강원특별자치도 삼척시 정상동 432-10 세광프라자 203호","강원특별자치도 삼척시 오십천로 470, 2층 203호 (정상동)","25929","서울이용소","2013-05-24 11:46:02","I","2023-06-13 00:00:00","일반이용업","391950.670980792","439625.802473454","일반이용업","0","0","2","2","0","0","2","","","","","0","0","0","N",
"1515","이용업","05_19_01_P","4241000","4241000-203-1989-00001","1989-05-04","","03","폐업","02","폐업","2024-11-15","","","","033 5721397","13.91","","강원특별자치도 삼척시 정하동 55-1 11통3반","강원특별자치도 삼척시 새천년도로 67-1 (정하동)","25925","포항이용소","2024-11-15 09:31:42","U","2024-11-17 02:40:00","일반이용업","393664.054528938","439671.227410384","일반이용업","0","0","0","0","0","0","3","","","","","0","0","0","N",
"1516","이용업","05_19_01_P","4241000","4241000-203-1996-00001","1996-08-13","","03","폐업","02","폐업","2021-08-25","","","","033 5744646","12.25","","강원특별자치도 삼척시 정상동 374-8","강원특별자치도 삼척시 오십천로 482 (정상동)","25929","동호이용소","2021-08-25 17:34:45","I","2023-06-13 00:00:00","일반이용업","392044.64798901","439601.084744881","일반이용업","0","0","0","0","0","0","3","","","","","0","0","0","N",
"1517","이용업","05_19_01_P","4241000","4241000-203-1998-00005","1998-09-12","","03","폐업","02","폐업","2009-01-19","","","","033 5747361","7.98","","강원특별자치도 삼척시 정상동 457-3 23통1반","","","한아름이용소","2005-12-20 00:00:00","I","2023-06-13 00:00:00","일반이용업","392630.504135831","440578.278717329","일반이용업","0","0","0","0","0","0","2","","","","","0","0","0","N",
"1518","이용업","05_19_01_P","4241000","4241000-203-1977-00003","1977-07-22","","03","폐업","02","폐업","2008-04-14","","","","033 5742435","30.03","","강원특별자치도 삼척시 남양동 2-14 6통3반","","","미화이발관","2008-01-07 17:49:44","I","2023-06-13 00:00:00","일반이용업","","","일반이용업","0","0","0","0","0","0","5","","","","","0","0","0","N",
"1519","이용업","05_19_01_P","4241000","4241000-203-2008-00001","2008-06-03","","03","폐업","02","폐업","2009-09-14","","","","033  5738831","16.33","","강원특별자치도 삼척시 남양동 94-8","","","크라운목욕탕이용원","2008-06-03 16:03:45","I","2023-06-13 00:00:00","일반이용업","391724.575578674","439766.653088926","일반이용업","8","2","2","2","0","0","2","","","","임대","0","0","0","N",
"1520","이용업","05_19_01_P","4241000","4241000-203-2008-00002","2008-10-22","","03","폐업","02","폐업","2011-04-28","","","","","33.00","","강원특별자치도 삼척시 당저동 166-6","","","삼척이용원","2008-10-22 13:06:05","I","2023-06-13 00:00:00","일반이용업","391369.31411302","440132.728050075","일반이용업","2","0","2","2","0","0","3","","","","임대","0","0","0","N",
"1521","이용업","05_19_01_P","4241000","4241000-203-2006-00001","2006-01-09","","03","폐업","02","폐업","2010-12-13","","","","033574 3493","51.93","","강원특별자치도 삼척시 남양동 329-21","","","서울이용소","2008-12-01 15:07:54","I","2023-06-13 00:00:00","일반이용업","391751.422522696","440010.888326004","일반이용업","2","0","1","1","0","0","7","","","","임대","0","0","0","N",
"1522","이용업","05_19_01_P","4241000","4241000-203-2011-00001","2011-04-11","","03","폐업","02","폐업","2011-09-26","","","","033 574 4564","0.00","","강원특별자치도 삼척시 남양동 93-5 외 2필지 용비타워 지하1층 101호","","","궁전이용원","2011-04-11 16:26:04","I","2023-06-13 00:00:00","일반이용업","","","일반이용업","0","0","0","0","0","0","0","","","","","0","0","0","N",
"1523","이용업","05_19_01_P","4241000","4241000-203-1963-00004","1963-12-06","","03","폐업","02","폐업","2017-12-26","","","","033 5729111","16.33","","강원특별자치도 삼척시 남양동 94-8 크라운목욕장내","강원특별자치도 삼척시 오십천로 445-18 (남양동, 크라운목욕탕내)","25920","크라운이용소","2017-12-26 14:29:12","I","2023-06-13 00:00:00","일반이용업","391724.575578674","439766.653088926","일반이용업","1","0","1","1","0","0","2","","","","임대","0","0","0","N",
"1524","이용업","05_19_01_P","4241000","4241000-203-2011-00003","2011-09-27","","03","폐업","02","폐업","2012-10-10","","","","","131.74","","강원특별자치도 삼척시 남양동 93-5 용비타워","강원특별자치도 삼척시 중앙로 185 (남양동, 용비타워 지하)","25920","궁전이용원","2012-04-09 13:19:47","I","2023-06-13 00:00:00","일반이용업","391764.124893401","439769.099230877","일반이용업","0","0","0","0","1","1","5","","","","임대","0","0","0","N",
"1525","이용업","05_19_01_P","4241000","4241000-203-2011-00004","2011-12-13","","03","폐업","02","폐업","2012-02-21","","","","","38.85","","강원특별자치도 삼척시 정상동 432-10 세광프라자","강원특별자치도 삼척시 오십천로 470, 2층 (정상동, 세광프라자)","25929","종로이용원","2011-12-13 10:20:10","I","2023-06-13 00:00:00","일반이용업","391950.670980792","439625.802473454","일반이용업","0","0","2","2","0","0","3","","","","임대","0","0","0","N",
"1526","이용업","05_19_01_P","4241000","4241000-203-2011-00005","2011-12-21","","03","폐업","02","폐업","2014-04-11","","","","","5.72","","강원특별자치도 삼척시 남양동 55-122 천지연사우나","강원특별자치도 삼척시 중앙로 174-33, 1층 (남양동, 천지연사우나)","25929","천지연사우나이용소","2011-12-21 14:39:18","I","2023-06-13 00:00:00","일반이용업","391874.449727905","439616.20408832","일반이용업","0","0","1","1","0","0","2","","","","","0","0","0","N",
"1527","이용업","05_19_01_P","4241000","4241000-203-2012-00001","2012-03-26","","03","폐업","02","폐업","2013-07-11","","","","","39.90","","강원특별자치도 삼척시 남양동 52 세연상가 123호","강원특별자치도 삼척시 중앙시장1길 22-23, 123호 (남양동, 세연상가)","25920","카리스마헤어샵","2012-03-28 10:00:59","I","2023-06-13 00:00:00","일반이용업","391737.92937716","439835.696641152","일반이용업","0","0","1","1","0","0","0","","","","","0","0","0","N",
"1528","이용업","05_19_01_P","4241000","4241000-203-2011-00002","2011-08-22","","03","폐업","02","폐업","2020-08-20","","","","","7.50","","강원특별자치도 삼척시 남양동 15-3","강원특별자치도 삼척시 척주로 41, 1층 (남양동, 삼보사우나)","25922","삼보사우나컷트실","2020-08-20 15:41:58","I","2023-06-13 00:00:00","일반이용업","391847.725209696","440242.570253396","일반이용업","6","0","3","0","0","0","2","","","","임대","0","0","0","N",
"1529","이용업","05_19_01_P","4241000","4241000-203-2012-00002","2012-10-15","","03","폐업","02","폐업","2013-03-12","","","","033 5744564","131.00","","강원특별자치도 삼척시 남양동 93-5 용비타워","강원특별자치도 삼척시 중앙로 185 (남양동, 용비타워)","25920","궁전이용원","2012-10-23 16:12:33","I","2023-06-13 00:00:00","일반이용업","391764.124893401","439769.099230877","일반이용업","0","0","0","0","1","1","4","","","","","0","0","0","N",
"1530","이용업","05_19_01_P","4241000","4241000-203-2012-00003","2012-10-26","","03","폐업","02","폐업","2013-11-04","","","","","0.00","","강원특별자치도 삼척시 남양동 55-84","강원특별자치도 삼척시 중앙시장1길 11-28 (남양동)","25920","대원이발소","2012-10-26 14:10:01","I","2023-06-13 00:00:00","일반이용업","391672.132813067","439972.890280893","일반이용업","0","0","0","0","0","0","0","","","","","0","0","0","N",
"1531","이용업","05_19_01_P","4241000","4241000-203-1963-00002","1963-08-27","","03","폐업","02","폐업","2009-05-29","","","","033 5412217","34.78","","강원특별자치도 삼척시 도계읍 전두리 63-8 1통3반","","","제일 이용소","2005-12-20 00:00:00","I","2023-06-13 00:00:00","일반이용업","381313.538800557","416174.848574215","일반이용업","0","0","0","0","0","0","3","","","","","0","0","0","N",
"1532","이용업","05_19_01_P","4241000","4241000-203-1998-00003","1998-12-30","","03","폐업","02","폐업","2008-03-10","","","","033 5738538","16.35","","강원특별자치도 삼척시 남양동 94-8 5통5반","","","크라운목욕탕이용소","2004-03-25 00:00:00","I","2023-06-13 00:00:00","일반이용업","391724.575578674","439766.653088926","일반이용업","0","0","0","0","0","0","1","","","","","0","0","0","N",
"1533","이용업","05_19_01_P","4241000","4241000-203-1999-00002","1999-01-06","","03","폐업","02","폐업","2002-12-18","","","","033 5739363","30.06","","강원특별자치도 삼척시 남양동 21-1 8통4반","","","미남이용소","2002-12-26 00:00:00","I","2023-06-13 00:00:00","일반이용업","391677.430762593","440379.271536705","일반이용업","0","0","0","0","0","0","0","","","","","0","0","0","N",
"1534","이용업","05_19_01_P","4241000","4241000-203-1965-00001","1965-12-06","","03","폐업","02","폐업","2003-06-02","","","","033 5743510","9.86","","강원특별자치도 삼척시 성내동 84 6통1반","","","영광이용소","2004-03-25 00:00:00","I","2023-06-13 00:00:00","일반이용업","","","일반이용업","0","0","0","0","0","0","0","","","","","0","0","0","N",
"1535","이용업","05_19_01_P","4241000","4241000-203-1994-00001","1994-11-08","","03","폐업","02","폐업","2023-12-29","","","","033 5737760","24.36","","강원특별자치도 삼척시 성북동 89-13 3통4반","강원특별자치도 삼척시 성당길 9 (성북동)","25917","성북이용소","2023-12-29 09:21:26","U","2023-12-31 02:40:00","일반이용업","391043.723328026","440048.516981128","일반이용업","0","0","0","0","0","0","3","","","","","0","0","0","N",
"1536","이용업","05_19_01_P","4241000","4241000-203-1998-00004","1998-04-14","","03","폐업","02","폐업","2003-11-12","","","","033 5740915","0.00","","강원특별자치도 삼척시 성내동 62 1통4반","","","원당이용소","2003-11-12 00:00:00","I","2023-06-13 00:00:00","일반이용업","","","일반이용업","6","3","0","0","0","0","0","","","","","0","0","0","N",
"1537","이용업","05_19_01_P","4241000","4241000-203-1981-00001","1981-08-10","","03","폐업","02","폐업","2016-08-22","","","","033 5733858","24.99","","강원특별자치도 삼척시 남양동 45 109호","강원특별자치도 삼척시 중앙시장길 22-9 (남양동)","25920","부산이용소","2011-11-02 14:34:49","I","2023-06-13 00:00:00","일반이용업","391640.5615554","439859.384300177","일반이용업","1","0","1","1","0","0","2","","","","임대","0","0","0","N",
"1538","이용업","05_19_01_P","4241000","4241000-203-2006-00002","2006-01-23","","03","폐업","02","폐업","2006-03-20","","","","","16.60","","강원특별자치도 삼척시 갈천동 14 (4층)","","","스파이스파이용소","2006-01-23 00:00:00","I","2023-06-13 00:00:00","일반이용업","391832.66709827","442775.846453499","일반이용업","5","0","4","4","0","0","3","","","","임대","0","0","0","N",
"1539","이용업","05_19_01_P","4241000","4241000-203-1995-00003","1995-02-20","","03","폐업","02","폐업","2006-07-04","","","","","51.93","","강원특별자치도 삼척시 남양동 329-21 10통4반","","","충일이용소","2006-05-22 00:00:00","I","2023-06-13 00:00:00","일반이용업","391751.422522696","440010.888326004","일반이용업","0","0","0","0","0","0","7","","","","","0","0","0","N",
"1540","이용업","05_19_01_P","4241000","4241000-203-2006-00004","2006-06-28","","03","폐업","02","폐업","2006-07-13","","","","033 5737700","5.72","","강원특별자치도 삼척시 남양동 55-122","","","천지이용소","2006-06-28 00:00:00","I","2023-06-13 00:00:00","일반이용업","","","일반이용업","0","0","1","1","0","0","2","","","","임대","0","0","0","N",
"1541","이용업","05_19_01_P","4241000","4241000-203-2006-00005","2006-07-19","","03","폐업","02","폐업","2007-04-03","","","","","51.92","","강원특별자치도 삼척시 남양동 329-21","","","충일이용소","2007-02-09 00:00:00","I","2023-06-13 00:00:00","일반이용업","","","일반이용업","5","1","2","2","0","0","7","","","","임대","0","0","0","N",
"1542","이용업","05_19_01_P","4241000","4241000-203-2006-00006","2006-08-10","","03","폐업","02","폐업","2011-12-21","","","","","5.72","","강원특별자치도 삼척시 남양동 55-122","강원특별자치도 삼척시 중앙로 174-33 (남양동, 천지연사우나안)","25929","천지연이용원","2011-11-02 16:25:17","I","2023-06-13 00:00:00","일반이용업","391874.449727905","439616.20408832","일반이용업","0","0","1","1","0","0","2","","","","임대","0","0","0","N",
"1543","이용업","05_19_01_P","4241000","4241000-203-1986-00002","1986-09-23","","03","폐업","02","폐업","2006-05-15","","","","033 5734738","6.21","","강원특별자치도 삼척시 남양동 55-122 천지연목욕탕내","","","천지연이용소","2004-07-08 00:00:00","I","2023-06-13 00:00:00","일반이용업","391874.449727905","439616.20408832","일반이용업","0","0","0","0","0","0","2","","","","","0","0","0","N",
"1544","이용업","05_19_01_P","4241000","4241000-203-2004-00002","2004-12-18","","03","폐업","02","폐업","2005-12-12","","","","033 5739696","15.90","","강원특별자치도 삼척시 정상동 351-1 (1층)","","","삼척온천이용소","2005-06-17 00:00:00","I","2023-06-13 00:00:00","일반이용업","","","일반이용업","4","1","1","1","0","0","3","","","","","0","0","0","N",
"1545","이용업","05_19_01_P","4241000","4241000-203-2003-00002","2003-11-14","","03","폐업","02","폐업","2004-02-26","","","","","12.50","","강원특별자치도 삼척시 성내동 62 (3층)","","","원당이용소","2003-11-14 00:00:00","I","2023-06-13 00:00:00","일반이용업","","","일반이용업","5","1","3","3","0","0","0","","","","임대","0","0","0","N",
"1546","이용업","05_19_01_P","4241000","4241000-203-2003-00004","2003-12-30","","03","폐업","02","폐업","2004-02-09","","","","","6.40","","강원특별자치도 삼척시 남양동 55-84 7통5반","","","대원사우나이용원","2004-02-10 00:00:00","I","2023-06-13 00:00:00","일반이용업","391672.132813067","439972.890280893","일반이용업","0","0","0","0","0","0","1","","","","","0","0","0","N",
"1547","이용업","05_19_01_P","4241000","4241000-203-2004-00001","2004-03-10","","03","폐업","02","폐업","2005-09-27","","","","033 5738955","6.40","","강원특별자치도 삼척시 남양동 55-84 대원사우나내","","","대원이발소","2005-09-27 00:00:00","I","2023-06-13 00:00:00","일반이용업","391672.132813067","439972.890280893","일반이용업","0","0","0","0","0","0","1","","","","","0","0","0","N",
"1548","이용업","05_19_01_P","4241000","4241000-203-2002-00003","2002-10-21","","03","폐업","02","폐업","2011-04-06","","","","033 5744564","0.00","","강원특별자치도 삼척시 남양동 94-10 5통5반 삼원타워 지하1층","","","궁전이용원","2004-03-25 00:00:00","I","2023-06-13 00:00:00","일반이용업","391749.882879034","439746.064508091","일반이용업","0","0","0","0","0","0","7","","","","","0","0","0","N",
"1549","이용업","05_19_01_P","4241000","4241000-203-1983-00002","1983-10-10","","03","폐업","02","폐업","2021-10-12","","","","033 5744848","31.50","","강원특별자치도 삼척시 남양동 5-32","강원특별자치도 삼척시 사대1길 2","25922","반도이용소","2021-10-12 13:17:02","I","2023-06-13 00:00:00","일반이용업","391905.693825769","440411.131827146","일반이용업","0","0","0","0","0","0","3","","","","","0","0","0","N",
"1550","이용업","05_19_01_P","4241000","4241000-203-1993-00003","1993-01-21","","03","폐업","02","폐업","2020-02-03","","","","033 5743183","16.64","","강원특별자치도 삼척시 남양동 12-8 9통4반","강원특별자치도 삼척시 사대2길 23-3 (남양동)","25922","국제이용소","2020-02-03 10:33:22","I","2023-06-13 00:00:00","일반이용업","391872.26168377","440275.368528122","일반이용업","0","0","0","0","0","0","3","","","","","0","0","0","N",
"1551","이용업","05_19_01_P","4241000","4241000-203-1997-00002","1997-11-24","","03","폐업","02","폐업","2002-10-21","","","","033 5744564","0.00","","강원특별자치도 삼척시 남양동 94-10 5통5반","","","삼원이용원","2002-10-28 00:00:00","I","2023-06-13 00:00:00","일반이용업","391749.882879034","439746.064508091","일반이용업","0","0","0","0","0","0","0","","","","","0","0","0","N",
"1552","이용업","05_19_01_P","4241000","4241000-203-1982-00002","1982-05-29","","03","폐업","02","폐업","2021-04-06","","","","033 5730661","18.87","","강원특별자치도 삼척시 정하동 81 7통1반","강원특별자치도 삼척시 새천년도로 37 (정하동)","25925","동해이용소","2021-04-06 16:27:57","I","2023-06-13 00:00:00","일반이용업","393430.754234935","439486.942393876","일반이용업","0","0","0","0","0","0","2","","","","","0","0","0","N",
"1553","이용업","05_19_01_P","4241000","4241000-203-1968-00001","1968-11-03","","03","폐업","02","폐업","2003-06-02","","","","5745070","0.00","","강원특별자치도 삼척시 성내동 00-0 11통3반","","","동광이용소","2004-03-25 00:00:00","I","2023-06-13 00:00:00","일반이용업","","","일반이용업","0","0","0","0","0","0","0","","","","","0","0","0","N",
"1554","이용업","05_19_01_P","4241000","4241000-203-2001-00003","2001-10-19","","03","폐업","02","폐업","2005-07-22","","","","5739117","0.00","","강원특별자치도 삼척시 남양동 18-3","","","남성전용휴게텔이용소","2004-05-29 00:00:00","I","2023-06-13 00:00:00","일반이용업","391760.828684799","440310.363933127","일반이용업","4","0","0","0","0","0","7","","","","","0","0","0","N",
"1555","이용업","05_19_01_P","4241000","4241000-203-2002-00002","2002-01-22","","03","폐업","02","폐업","2003-06-02","","","","","0.00","","강원특별자치도 삼척시 남양동 55-122","","","천지연휴게텔이용소","2004-03-25 00:00:00","I","2023-06-13 00:00:00","일반이용업","391874.449727905","439616.20408832","일반이용업","0","0","0","0","0","0","0","","","","","0","0","0","N",
"1556","이용업","05_19_01_P","4241000","4241000-203-2005-00001","2005-10-04","","03","폐업","02","폐업","2006-01-23","","","","033 5419949","22.36","","강원특별자치도 삼척시 도계읍 도계리 373-4,369-11","","","도계현대이용소","2005-10-04 00:00:00","I","2023-06-13 00:00:00","일반이용업","","","일반이용업","3","0","1","1","0","0","3","","","","","0","0","0","N",
"1557","이용업","05_19_01_P","4241000","4241000-203-2005-00002","2005-10-12","","03","폐업","02","폐업","2007-04-30","","","","033 5728977","6.60","","강원특별자치도 삼척시 남양동 55-84 (3층)","","","대원사우나이용소","2005-10-12 00:00:00","I","2023-06-13 00:00:00","일반이용업","","","일반이용업","5","1","3","3","0","0","1","","","","임대","0","0","0","N",
"1558","이용업","05_19_01_P","4241000","4241000-203-1986-00003","1986-04-02","","03","폐업","02","폐업","2007-04-13","","","","033 5410972","0.00","","강원특별자치도 삼척시 도계읍 도계리 225","","","경동이용소","2006-06-05 00:00:00","I","2023-06-13 00:00:00","일반이용업","","","일반이용업","0","0","0","0","0","0","0","","","","","0","0","0","N",
"1559","이용업","05_19_01_P","4241000","4241000-203-2005-00003","2005-12-14","","03","폐업","02","폐업","2013-09-09","","","","033 5723524","32.34","","강원특별자치도 삼척시 근덕면 교가리 659-26","강원특별자치도 삼척시 근덕면 삼척로 3647","25933","근덕현대이용소","2011-11-02 16:23:34","I","2023-06-13 00:00:00","일반이용업","397091.194888153","433204.793107379","일반이용업","0","0","1","1","0","0","3","","","","임대","0","0","0","N",
"1560","이용업","05_19_01_P","4251000","4251000-203-1978-00002","1978-02-07","","03","폐업","02","폐업","2024-12-19","","","","033 4347628","26.40","","강원특별자치도 홍천군 홍천읍 갈마곡리 432-6","강원특별자치도 홍천군 홍천읍 홍천로 477","25124","신흥이용소","2024-12-19 13:43:53","U","2024-12-21 02:40:00","일반이용업","278805.994862447","466320.003084037","일반이용업","0","0","1","1","0","0","2","","","","","0","0","0","N",
"1561","이용업","05_19_01_P","4251000","4251000-203-2002-00001","2002-12-02","","03","폐업","02","폐업","2005-12-20","","","","033 4357650","19.00","","강원특별자치도 홍천군 서면 모곡리 166-9 3통1반","","","모곡이발관","2004-01-12 00:00:00","I","2023-06-13 00:00:00","일반이용업","253456.650979606","463748.370275661","일반이용업","0","0","0","0","0","0","2","","","","","0","0","0","N",
"1562","이용업","05_19_01_P","4251000","4251000-203-2002-00002","2002-12-18","","03","폐업","02","폐업","2006-01-23","","","","033 4332859","10.00","","강원특별자치도 홍천군 서석면 풍암리 258-4","","","풍암이용원","2004-01-12 00:00:00","I","2023-06-13 00:00:00","일반이용업","304701.003122975","468269.54220409","일반이용업","0","0","0","0","0","0","3","","","","","0","0","0","N",
"1563","이용업","05_19_01_P","4251000","4251000-203-2003-00001","2003-01-10","","03","폐업","02","폐업","2003-07-02","","","","033 4354648","99.00","","강원특별자치도 홍천군 홍천읍 희망리 368-14","","","터미널이용원","2003-07-03 00:00:00","I","2023-06-13 00:00:00","일반이용업","277604.294655261","465565.806555343","일반이용업","0","0","0","0","0","0","7","","","","","0","0","0","N",
"1564","이용업","05_19_01_P","4251000","4251000-203-2003-00002","2003-01-16","","03","폐업","02","폐업","2012-12-11","","","","033 4351017","9.90","","강원특별자치도 홍천군 북방면 소매곡리 24-1","강원특별자치도 홍천군 북방면 온천길 182","25112","온천이용원(원탕)","2011-11-30 16:16:38","I","2023-06-13 00:00:00","일반이용업","273804.248337603","466263.37664996","일반이용업","0","0","0","0","0","0","2","","","","","0","0","0","N",
"1565","이용업","05_19_01_P","4251000","4251000-203-2003-00003","2003-02-24","","03","폐업","02","폐업","2007-09-07","","","","033 4358601","13.20","","강원특별자치도 홍천군 홍천읍 연봉리 476-4","","","엘림이용소","2006-09-21 00:00:00","I","2023-06-13 00:00:00","일반이용업","277313.570972417","464712.687294275","일반이용업","0","0","0","0","0","0","2","","","","","0","0","0","N",
"1566","이용업","05_19_01_P","4251000","4251000-203-2002-00003","2002-11-11","","03","폐업","02","폐업","2003-07-05","","","","033 4351060","0.00","","강원특별자치도 홍천군 홍천읍 신장대리 11-7","","","아미가이용원","2003-07-05 00:00:00","I","2023-06-13 00:00:00","일반이용업","278041.166193912","465731.825806181","일반이용업","0","0","0","0","0","0","0","","","","","0","0","0","N",
"1567","이용업","05_19_01_P","4251000","4251000-203-2003-00005","2003-05-09","","03","폐업","02","폐업","2003-07-09","","","","","0.00","","강원특별자치도 홍천군 홍천읍 신장대리 20-1 (2층)","","","태능이용원","2003-07-09 00:00:00","I","2023-06-13 00:00:00","일반이용업","278261.933778046","465670.549721736","일반이용업","2","0","2","2","0","0","8","","","","","0","0","0","N",
"1568","이용업","05_19_01_P","4251000","4251000-203-2007-00001","2007-02-28","","03","폐업","02","폐업","2007-05-29","","","","","29.58","","강원특별자치도 홍천군 홍천읍 연봉리 477-8","","","정성이용원","2007-02-28 00:00:00","I","2023-06-13 00:00:00","일반이용업","","","일반이용업","3","0","1","1","0","0","2","","","","임대","0","0","0","N",
"1569","이용업","05_19_01_P","4251000","4251000-203-2004-00001","2004-03-05","","03","폐업","02","폐업","2005-08-25","","","","","19.47","","강원특별자치도 홍천군 홍천읍 진리 62-11","","","홍천그랜드호텔남사우나내이용실","2005-09-12 00:00:00","I","2023-06-13 00:00:00","일반이용업","278436.003131424","465885.378624807","일반이용업","0","0","0","0","0","0","2","","","","","0","0","0","N",
"1570","이용업","05_19_01_P","4251000","4251000-203-2004-00002","2004-10-22","","03","폐업","02","폐업","2019-07-25","","","","432 3983","31.75","","강원특별자치도 홍천군 남면 양덕원리 191-25","강원특별자치도 홍천군 남면 양덕원2길 16","25108","보성이용소","2019-07-25 09:29:50","I","2023-06-13 00:00:00","일반이용업","267791.269028659","457415.677319468","일반이용업","0","0","0","0","0","0","3","","","","","0","0","0","N",
"1571","이용업","05_19_01_P","4251000","4251000-203-2004-00003","2004-12-06","","03","폐업","02","폐업","2005-12-13","","","","","27.70","","강원특별자치도 홍천군 홍천읍 연봉리 250-16","","","아하이용원","2004-12-06 00:00:00","I","2023-06-13 00:00:00","일반이용업","277215.517237228","465177.640851224","일반이용업","0","0","0","1","0","0","2","","","","임대","0","0","0","N",
"1572","이용업","05_19_01_P","4251000","4251000-203-2005-00002","2005-09-13","","03","폐업","02","폐업","2005-11-28","","","","033 4337600","10.85","","강원특별자치도 홍천군 홍천읍 진리 62-10 외6필지","","","홍천그랜드","2005-09-13 00:00:00","I","2023-06-13 00:00:00","일반이용업","278443.976833775","465909.643636877","일반이용업","0","0","0","0","0","0","2","","","","임대","0","0","0","N",
"1573","이용업","05_19_01_P","4251000","4251000-203-1975-00002","1975-10-07","","03","폐업","02","폐업","2018-11-06","","","","033 4325971","23.10","","강원특별자치도 홍천군 내면 창촌리 1596-13","강원특별자치도 홍천군 내면 창촌로 36","25171","제일이용소","2018-11-06 15:26:17","I","2023-06-13 00:00:00","일반이용업","322362.047445767","475237.117465051","일반이용업","0","0","0","0","0","0","2","","","","","0","0","0","N",
"1574","이용업","05_19_01_P","4251000","4251000-203-1998-00005","1998-10-15","","03","폐업","02","폐업","2004-11-26","","","","033 4356563","29.70","","강원특별자치도 홍천군 홍천읍 연봉리 469-19","","","순흥이발관","2004-01-12 00:00:00","I","2023-06-13 00:00:00","일반이용업","277161.768074699","464702.817421622","일반이용업","0","0","0","0","0","0","2","","","","","0","0","0","N",
"1575","이용업","05_19_01_P","4251000","4251000-203-2000-00002","2000-06-30","","03","폐업","02","폐업","2003-01-13","","","","033 4335004","0.00","","강원특별자치도 홍천군 홍천읍 진리 68","","","아하이발실","2002-11-04 00:00:00","I","2023-06-13 00:00:00","일반이용업","","","일반이용업","0","0","0","0","0","0","0","","","","","0","0","0","N",
"1576","이용업","05_19_01_P","4251000","4251000-203-2001-00001","2001-09-20","","03","폐업","02","폐업","2003-05-19","","","","033 4335004","0.00","","강원특별자치도 홍천군 홍천읍 진리 62-16 3통3반","","","OK이용원","2003-05-19 00:00:00","I","2023-06-13 00:00:00","일반이용업","278429.343366137","465907.488597058","일반이용업","0","0","0","0","0","0","0","","","","","0","0","0","N",
"1577","이용업","05_19_01_P","4251000","4251000-203-2000-00001","2000-05-06","","03","폐업","02","폐업","2003-01-13","","","","033 4350906","0.00","","강원특별자치도 홍천군 홍천읍 갈마곡리 423-7","","","준이용마트","2001-10-06 00:00:00","I","2023-06-13 00:00:00","일반이용업","278941.590892739","466515.829151448","일반이용업","0","0","0","0","0","0","0","","","","","0","0","0","N",
"1578","이용업","05_19_01_P","4251000","4251000-203-1980-00003","1980-10-28","","03","폐업","02","폐업","2008-01-09","","","","033 4332382","14.20","","강원특별자치도 홍천군 두촌면 자은리 818-5","","","금성이용소","2004-01-12 00:00:00","I","2023-06-13 00:00:00","일반이용업","289699.427939404","485600.171640288","일반이용업","0","0","0","0","0","0","2","","","","","0","0","0","N",
"1579","이용업","05_19_01_P","4251000","4251000-203-1970-00005","1970-04-15","","03","폐업","02","폐업","2017-11-20","","","","033 4352069","13.00","","강원특별자치도 홍천군 화촌면 송정리 40-1","강원특별자치도 홍천군 화촌면 송정3길 11","25156","송정이용소","2017-11-20 11:58:05","I","2023-06-13 00:00:00","일반이용업","282769.362420587","471237.787067218","일반이용업","0","0","0","0","0","0","2","","","","","0","0","0","N",
"1580","이용업","05_19_01_P","4251000","4251000-203-2001-00002","2001-08-21","","03","폐업","02","폐업","2003-01-13","","","","033 4330367","0.00","","강원특별자치도 홍천군 서석면 풍암리 225-11","","","서석이발관","2002-11-04 00:00:00","I","2023-06-13 00:00:00","일반이용업","","","일반이용업","0","0","0","0","0","0","0","","","","","0","0","0","N",
"1581","이용업","05_19_01_P","4251000","4251000-203-1996-00005","1996-07-13","","03","폐업","02","폐업","1998-12-29","","","","","0.00","","강원특별자치도 홍천군 북방면 소매곡리 24-2","","","홍천이용소","2002-11-04 00:00:00","I","2023-06-13 00:00:00","일반이용업","273882.849655519","466229.175687996","일반이용업","0","0","0","0","0","0","0","","","","","0","0","0","N",
"1582","이용업","05_19_01_P","4251000","4251000-203-1975-00001","1975-09-30","","03","폐업","02","폐업","2003-01-13","","","","","0.00","","강원특별자치도 홍천군 화촌면 성산리 465-4","","","대성이용소","2001-09-28 00:00:00","I","2023-06-13 00:00:00","일반이용업","","","일반이용업","0","0","0","0","0","0","0","","","","","0","0","0","N",
"1583","이용업","05_19_01_P","4251000","4251000-203-2003-00008","2003-10-08","","03","폐업","02","폐업","2010-02-09","","","","033 4343117","23.95","","강원특별자치도 홍천군 홍천읍 연봉리 451-3","","","화평이용원","2006-09-05 00:00:00","I","2023-06-13 00:00:00","일반이용업","","","일반이용업","1","0","0","1","0","0","2","","","","","0","0","0","N",
"1584","이용업","05_19_01_P","4251000","4251000-203-2007-00003","2007-11-05","","03","폐업","02","폐업","2008-06-13","","","","033 432 6563","21.24","","강원특별자치도 홍천군 홍천읍 연봉리 466-5","","","순흥이용소","2007-11-05 10:16:37","I","2023-06-13 00:00:00","일반이용업","","","일반이용업","2","0","1","1","0","0","2","","","","임대","0","0","0","N",
"1585","이용업","05_19_01_P","4251000","4251000-203-2007-00002","2007-04-05","","03","폐업","02","폐업","2007-10-15","","","","","21.46","","강원특별자치도 홍천군 두촌면 장남리 177-1","","","건니이발소","2007-04-05 00:00:00","I","2023-06-13 00:00:00","일반이용업","","","일반이용업","0","0","0","0","0","0","2","","","","임대","0","0","0","N",
"1586","이용업","05_19_01_P","4251000","4251000-203-2010-00002","2010-08-19","","03","폐업","02","폐업","2015-03-04","","","","","20.52","","강원특별자치도 홍천군 홍천읍 희망리 303-3","강원특별자치도 홍천군 홍천읍 희망로 4","25134","천두성헤어클럽","2011-11-30 16:18:10","I","2023-06-13 00:00:00","일반이용업","277830.814016941","466012.3958558","일반이용업","7","0","1","1","0","0","2","","","","임대","0","0","0","N",
"1587","이용업","05_19_01_P","4251000","4251000-203-2011-00001","2011-01-11","","03","폐업","02","폐업","2011-01-31","","","","","5.25","","강원특별자치도 홍천군 홍천읍 갈마곡리 77-4 (3층) 암반수사우나내","","","암반수이용원","2011-01-11 10:47:59","I","2023-06-13 00:00:00","일반이용업","279562.470283562","466190.36227153","일반이용업","3","0","3","3","0","0","1","","","","","0","0","0","N",
"1588","이용업","05_19_01_P","4251000","4251000-203-2011-00002","2011-04-25","","03","폐업","02","폐업","2011-06-27","","","","033 432 5777","5.25","","강원특별자치도 홍천군 홍천읍 갈마곡리 77-4(3층)","","","암반수사우나","2011-04-25 14:15:56","I","2023-06-13 00:00:00","일반이용업","","","일반이용업","4","1","3","3","0","0","2","","","","임대","0","0","0","N",
"1589","이용업","05_19_01_P","4251000","4251000-203-2011-00003","2011-06-29","","03","폐업","02","폐업","2011-10-25","","","","033 432 5777","5.25","","강원특별자치도 홍천군 홍천읍 갈마곡리 77-4 (3층)","","","암반수사우나","2011-10-14 14:07:51","I","2023-06-13 00:00:00","일반이용업","279562.470283562","466190.36227153","일반이용업","3","0","3","3","0","0","1","","","","임대","0","0","0","N",
"1590","이용업","05_19_01_P","4251000","4251000-203-2009-00001","2009-05-01","","03","폐업","02","폐업","2009-08-31","","","","033 434 5739","49.80","","강원특별자치도 홍천군 홍천읍 희망리 398-12","","","홍천멋쟁이이발관","2009-05-01 11:33:57","I","2023-06-13 00:00:00","일반이용업","","","일반이용업","4","0","1","1","0","0","3","","","","","0","0","0","N",
"1591","이용업","05_19_01_P","4251000","4251000-203-1991-00008","1991-01-19","","03","폐업","02","폐업","2021-10-20","","","","033 4353029","19.80","","강원특별자치도 홍천군 두촌면 자은리 811-6","강원특별자치도 홍천군 두촌면 자은로 365-1","25160","중앙이용소","2021-10-20 13:32:42","I","2023-06-13 00:00:00","일반이용업","289726.119902137","485684.241374861","일반이용업","0","0","0","0","0","0","3","","","","","0","0","0","N",
"1592","이용업","05_19_01_P","4251000","4251000-203-1963-00001","1963-10-25","","03","폐업","02","폐업","2007-10-18","","","","033 4333066","15.00","","강원특별자치도 홍천군 내촌면 도관리 472","","","동흥이발소","2004-01-12 00:00:00","I","2023-06-13 00:00:00","일반이용업","","","일반이용업","0","0","0","0","0","0","2","","","","","0","0","0","N",
"1593","이용업","05_19_01_P","4251000","4251000-203-2003-00009","2003-12-22","","03","폐업","02","폐업","2004-01-26","","","","","68.91","","강원특별자치도 홍천군 홍천읍 진리 104-26","","","그린이용원","2004-07-16 00:00:00","I","2023-06-13 00:00:00","일반이용업","278296.939491355","465862.432542306","일반이용업","4","1","0","3","0","0","7","","","","임대","0","0","0","N",
"1594","이용업","05_19_01_P","4251000","4251000-203-1981-00001","1981-04-21","","03","폐업","02","폐업","2022-07-20","","","","033 4334151","16.00","","강원특별자치도 홍천군 서석면 풍암리 232-8","강원특별자치도 홍천군 서석면 구룡령로 2555","25166","선경이용소","2022-07-20 11:12:53","I","2023-06-13 00:00:00","일반이용업","304729.906055773","468344.072676653","일반이용업","0","0","0","0","0","0","4","","","","","0","0","0","N",
"1595","이용업","05_19_01_P","4251000","4251000-203-1971-00002","1971-04-24","","03","폐업","02","폐업","2024-03-29","","","","033 4366045","20.00","","강원특별자치도 홍천군 영귀미면 속초리 878-2","강원특별자치도 홍천군 영귀미면 월운로 3","25154","협동이용소","2024-03-29 11:07:03","U","2024-03-31 02:40:00","일반이용업","282338.510298475","464298.411460575","일반이용업","0","0","0","0","0","0","3","","","","","0","0","0","N",
"1596","이용업","05_19_01_P","4251000","4251000-203-1960-00001","1960-10-20","","03","폐업","02","폐업","2002-10-08","","","","033 4323769","15.36","","강원특별자치도 홍천군 남면 양덕원리 257","","","황해이용소","2002-10-08 00:00:00","I","2023-06-13 00:00:00","일반이용업","","","일반이용업","1","0","1","0","0","0","3","","","","","0","0","0","N",
"1597","이용업","05_19_01_P","4251000","4251000-203-1971-00003","1971-07-07","","03","폐업","02","폐업","2003-01-13","","","","033 4325048","0.00","","강원특별자치도 홍천군 남면 양덕원리 916-4","","","금성이용소","2003-04-28 00:00:00","I","2023-06-13 00:00:00","일반이용업","","","일반이용업","0","0","0","0","0","0","0","","","","","0","0","0","N",
"1598","이용업","05_19_01_P","4251000","4251000-203-1990-00004","1990-09-17","","03","폐업","02","폐업","2010-07-08","","","","033 432 2742","17.63","","강원특별자치도 홍천군 남면 양덕원리 143-3","","","행운이용소","2007-10-30 13:43:13","I","2023-06-13 00:00:00","일반이용업","267729.887748816","457177.693941466","일반이용업","1","0","1","0","0","0","3","","","","","0","0","0","N",
"1599","이용업","05_19_01_P","4251000","4251000-203-1993-00003","1993-08-04","","03","폐업","02","폐업","2024-05-07","","","","033 4321691","23.10","","강원특별자치도 홍천군 남면 시동리 301-1","강원특별자치도 홍천군 남면 시동안로 271","25109","복지이용소","2024-05-09 13:23:55","U","2024-05-11 02:40:00","일반이용업","273864.474400482","454499.392674288","일반이용업","0","0","0","0","0","0","3","","","","","0","0","0","N",
"1600","이용업","05_19_01_P","4251000","4251000-203-1971-00004","1971-10-19","","03","폐업","02","폐업","2001-10-29","","","","033 4341190","0.00","","강원특별자치도 홍천군 서면 모곡리 170","","","협동이용소","2002-11-04 00:00:00","I","2023-06-13 00:00:00","일반이용업","","","일반이용업","0","0","0","0","0","0","0","","","","","0","0","0","N",
"1601","이용업","05_19_01_P","4251000","4251000-203-1972-00002","1972-06-02","","03","폐업","02","폐업","2014-04-23","","","","033 4341410","15.00","","강원특별자치도 홍천군 서면 모곡리 886","강원특별자치도 홍천군 서면 보리울길 22","25100","한서이용소","2013-12-27 10:36:01","I","2023-06-13 00:00:00","일반이용업","252177.289013898","465420.139526069","일반이용업","0","0","0","0","0","0","2","","","","","0","0","0","N",
"1602","이용업","05_19_01_P","4251000","4251000-203-1998-00008","1998-04-06","","03","폐업","02","폐업","2003-10-15","","","","033 4345056","0.00","","강원특별자치도 홍천군 북방면 상화계리 111-6","","","북방이용소","2003-10-15 00:00:00","I","2023-06-13 00:00:00","일반이용업","275188.638904332","467227.937174188","일반이용업","0","0","0","0","0","0","0","","","","","0","0","0","N",
"1603","이용업","05_19_01_P","4251000","4251000-203-1999-00006","1999-03-24","","03","폐업","02","폐업","2008-02-12","","","","033 4355000","26.40","","강원특별자치도 홍천군 북방면 소매곡리 산 34 외7필지","","","온천이용소","2004-01-12 00:00:00","I","2023-06-13 00:00:00","일반이용업","273789.496455895","466226.934730527","일반이용업","0","0","0","0","0","0","4","","","","","0","0","0","N",
"1604","이용업","05_19_01_P","4251000","4251000-203-2020-00002","2020-12-16","","03","폐업","02","폐업","2023-04-04","","","","","10.80","","강원특별자치도 홍천군 홍천읍 연봉리 476-4","강원특별자치도 홍천군 홍천읍 연봉서로2길 17","25146","연봉이용원","2023-04-04 10:08:40","I","2023-06-13 00:00:00","일반이용업","277313.570972417","464712.687294275","일반이용업","2","0","0","0","0","0","2","","","","","0","0","0","N",
"1605","이용업","05_19_01_P","4251000","4251000-203-2022-00002","2022-06-21","","03","폐업","02","폐업","2024-01-17","","","","","30.04","","강원특별자치도 홍천군 홍천읍 태학리 109-3","강원특별자치도 홍천군 홍천읍 홍천로 620","25126","마루","2024-01-17 10:13:04","U","2024-01-19 02:40:00","일반이용업","279803.123879075","467295.096318387","일반이용업","1","0","1","1","0","0","2","","","","","0","0","0","N",
"1606","이용업","05_19_01_P","4251000","4251000-203-1967-00001","1967-04-19","","03","폐업","02","폐업","2003-04-28","","","","033 4345701","22.00","","강원특별자치도 홍천군 홍천읍 희망리 1","","","강원이용소","2003-04-28 00:00:00","I","2023-06-13 00:00:00","일반이용업","","","일반이용업","0","0","0","0","0","0","0","","","","","0","0","0","N",
"1607","이용업","05_19_01_P","4251000","4251000-203-1969-00001","1969-01-22","","03","폐업","02","폐업","2003-05-13","","","","033 4344260","0.00","","강원특별자치도 홍천군 홍천읍 희망리 332-13","","","진주이용소","2003-05-13 00:00:00","I","2023-06-13 00:00:00","일반이용업","277650.731833086","465684.698303797","일반이용업","0","0","0","0","0","0","0","","","","","0","0","0","N",
"1608","이용업","05_19_01_P","4251000","4251000-203-1970-00001","1970-07-01","","03","폐업","02","폐업","2016-12-09","","","","033 4328075","22.00","","강원특별자치도 홍천군 홍천읍 신장대리 78-11","강원특별자치도 홍천군 홍천읍 꽃뫼로 88","25136","대동이용소","2011-11-30 15:55:45","I","2023-06-13 00:00:00","일반이용업","277846.420933713","465767.359051822","일반이용업","0","0","0","0","0","0","4","","","","","0","0","0","N",
"1609","이용업","05_19_01_P","4251000","4251000-203-1970-00002","1970-10-16","","03","폐업","02","폐업","2018-02-01","","","","033 4344470","16.00","","강원특별자치도 홍천군 홍천읍 연봉리 238-2","강원특별자치도 홍천군 홍천읍 무궁화로 68","25145","연봉이용소","2018-02-01 14:22:55","I","2023-06-13 00:00:00","일반이용업","277222.344211726","465039.794609549","일반이용업","0","0","0","0","0","0","2","","","","","0","0","0","N",
"1610","이용업","05_19_01_P","4251000","4251000-203-1970-00003","1970-11-11","","03","폐업","02","폐업","2005-10-07","","","","033 4340603","18.00","","강원특별자치도 홍천군 홍천읍 희망리 60-2","","","학다리이용소","2004-01-12 00:00:00","I","2023-06-13 00:00:00","일반이용업","278228.221419101","465906.06471879","일반이용업","0","0","0","0","0","0","3","","","","","0","0","0","N",
"1611","이용업","05_19_01_P","4251000","4251000-203-1972-00001","1972-12-21","","03","폐업","02","폐업","2018-05-28","","","","033 4339530","16.50","","강원특별자치도 홍천군 홍천읍 진리 61-13","강원특별자치도 홍천군 홍천읍 홍천로 425","25133","동구이용소","2018-05-28 10:20:06","I","2023-06-13 00:00:00","일반이용업","278507.824772099","465918.81542157","일반이용업","0","0","0","0","0","0","3","","","","","0","0","0","N",
"1612","이용업","05_19_01_P","4251000","4251000-203-1994-00001","1994-07-08","","03","폐업","02","폐업","2013-07-29","","","","033 4337507","41.41","","강원특별자치도 홍천군 홍천읍 신장대리 72-5","강원특별자치도 홍천군 홍천읍 번영로 36","25136","신세계이용소","2011-11-30 16:13:37","I","2023-06-13 00:00:00","일반이용업","277943.323685733","465635.683161182","일반이용업","1","0","0","1","0","0","8","","","","","0","0","0","N",
"1613","이용업","05_19_01_P","4251000","4251000-203-1976-00001","1976-01-30","","03","폐업","02","폐업","1999-09-02","","","","","0.00","","강원특별자치도 홍천군 홍천읍 신장대리 8-6","","","홍천이용소`","2002-11-08 00:00:00","I","2023-06-13 00:00:00","일반이용업","278059.936968628","465732.456714551","일반이용업","0","0","0","0","0","0","0","","","","","0","0","0","N",
"1614","이용업","05_19_01_P","4251000","4251000-203-1978-00001","1978-11-18","","03","폐업","02","폐업","2019-10-08","","","","033 4341595","25.00","","강원특별자치도 홍천군 홍천읍 신장대리 55-42","강원특별자치도 홍천군 홍천읍 홍천로 358","25139","우리이용소","2019-10-08 11:49:25","I","2023-06-13 00:00:00","일반이용업","278023.56937272","465542.955347098","일반이용업","0","0","0","0","0","0","3","","","","","0","0","0","N",
"1615","이용업","05_19_01_P","4251000","4251000-203-1980-00001","1980-06-11","","03","폐업","02","폐업","2003-10-06","","","","033 4321818","0.00","","강원특별자치도 홍천군 홍천읍 희망리 362-13","","","서울이용소","2003-10-07 00:00:00","I","2023-06-13 00:00:00","일반이용업","277586.597795223","465511.808235831","일반이용업","0","0","0","0","0","0","0","","","","","0","0","0","N",
"1616","이용업","05_19_01_P","4251000","4251000-203-1985-00002","1985-04-09","","03","폐업","02","폐업","2020-06-26","","","","00  4342454","15.00","","강원특별자치도 홍천군 홍천읍 희망리 331-4","강원특별자치도 홍천군 홍천읍 홍천로3길 20","25136","용궁이용소","2020-06-26 15:27:25","I","2023-06-13 00:00:00","일반이용업","277617.449015202","465646.762753045","일반이용업","0","0","0","0","0","0","3","","","","","0","0","0","N",
"1617","이용업","05_19_01_P","4251000","4251000-203-1985-00003","1985-08-30","","03","폐업","02","폐업","2022-06-02","","","","033 4344932","12.25","","강원특별자치도 홍천군 홍천읍 진리 104-12","강원특별자치도 홍천군 홍천읍 꽃뫼로 132","25138","로얄이용소","2022-06-02 15:45:23","I","2023-06-13 00:00:00","일반이용업","278273.340803017","465829.16662977","일반이용업","2","0","1","1","0","0","3","","","","자가","0","1","0","N",
"1618","이용업","05_19_01_P","4251000","4251000-203-1986-00001","1986-03-14","","03","폐업","02","폐업","2003-02-24","","","","033 4331629","0.00","","강원특별자치도 홍천군 홍천읍 진리 96-12","","","제일이용소","2003-04-30 00:00:00","I","2023-06-13 00:00:00","일반이용업","278273.7518677","465696.524301466","일반이용업","0","0","0","0","0","0","0","","","","","0","0","0","N",
"1619","이용업","05_19_01_P","4251000","4251000-203-1991-00003","1991-02-07","","03","폐업","02","폐업","2002-12-30","","","","033 4339111","27.60","","강원특별자치도 홍천군 홍천읍 진리 62-11","","","홍천관광호텔 이용소","2003-04-30 00:00:00","I","2023-06-13 00:00:00","일반이용업","278436.003131424","465885.378624807","일반이용업","0","0","0","0","0","0","2","","","","","0","0","0","N",
"1620","이용업","05_19_01_P","4251000","4251000-203-2003-00007","2003-05-28","","03","폐업","02","폐업","2005-11-30","","","","033 4357525","14.21","","강원특별자치도 홍천군 홍천읍 진리 62-16","","","OK이용원","2003-08-06 00:00:00","I","2023-06-13 00:00:00","일반이용업","278429.343366137","465907.488597058","일반이용업","2","0","2","2","0","0","2","","","","임대","0","0","0","N",
"1621","이용업","05_19_01_P","4251000","4251000-203-1995-00002","1995-05-25","","03","폐업","02","폐업","2007-01-23","","","","033 4341346","22.57","","강원특별자치도 홍천군 홍천읍 연봉리 487-2","","","명성이용소","2004-03-05 00:00:00","I","2023-06-13 00:00:00","일반이용업","277632.0466349","464933.181214476","일반이용업","1","0","1","1","0","0","3","","","","","0","0","0","N",
"1622","이용업","05_19_01_P","4251000","4251000-203-1995-00003","1995-06-02","","03","폐업","02","폐업","2003-08-01","","","","033 4345970","0.00","","강원특별자치도 홍천군 홍천읍 진리 104-26","","","은행이용원","2003-08-01 00:00:00","I","2023-06-13 00:00:00","일반이용업","278296.939491355","465862.432542306","일반이용업","0","0","0","0","0","0","0","","","","","0","0","0","N",
"1623","이용업","05_19_01_P","4251000","4251000-203-2012-00001","2012-10-24","","03","폐업","02","폐업","2013-03-25","","","","","5.25","","강원특별자치도 홍천군 홍천읍 갈마곡리 77-4","강원특별자치도 홍천군 홍천읍 갈마로 60","25129","암반수이용원","2012-11-05 16:10:43","I","2023-06-13 00:00:00","일반이용업","279562.470283562","466190.36227153","일반이용업","0","0","3","3","0","0","1","","","","임대","0","0","0","N",
"1624","이용업","05_19_01_P","4251000","4251000-203-1997-00001","1997-02-11","","03","폐업","02","폐업","2024-10-17","","","","","9.90","","강원특별자치도 홍천군 북방면 소매곡리 24-2 지하1층","강원특별자치도 홍천군 북방면 온천길 지하 179, 1층","","온천이용원(원탕)","2024-10-17 09:48:41","U","2024-10-19 02:40:00","일반이용업","273882.849655519","466229.175687996","일반이용업","0","0","0","0","1","1","2","","","","","0","0","0","N",
"1625","이용업","05_19_01_P","4251000","4251000-203-2010-00001","2010-01-27","","03","폐업","02","폐업","2014-10-06","","","","033 432 5777","5.25","","강원특별자치도 홍천군 홍천읍 갈마곡리 77-4","강원특별자치도 홍천군 홍천읍 갈마로 60","25129","암반수사우나이용소","2014-09-15 15:01:11","I","2023-06-13 00:00:00","일반이용업","279562.470283562","466190.36227153","일반이용업","5","1","2","2","0","0","2","","","","임대","0","0","0","N",
"1626","이용업","05_19_01_P","4251000","4251000-203-2013-00002","2013-05-02","","03","폐업","02","폐업","2013-05-08","","","","","7.26","","강원특별자치도 홍천군 홍천읍 진리 104-12","강원특별자치도 홍천군 홍천읍 꽃뫼로 132","25138","건강이용원","2013-05-02 11:49:39","I","2023-06-13 00:00:00","일반이용업","278273.340803017","465829.16662977","일반이용업","0","0","0","0","1","1","2","","","","","0","0","0","N",
"1627","이용업","05_19_01_P","4251000","4251000-203-2013-00003","2013-05-16","","03","폐업","02","폐업","2014-02-28","","","","033 432 5789","7.26","","강원특별자치도 홍천군 홍천읍 진리 104-12","강원특별자치도 홍천군 홍천읍 꽃뫼로 132","25138","건강이용원","2014-01-24 11:26:27","I","2023-06-13 00:00:00","일반이용업","278273.340803017","465829.16662977","일반이용업","0","0","0","0","1","1","1","","","","","0","0","0","N",
"1628","이용업","05_19_01_P","4251000","4251000-203-2013-00004","2013-10-04","","03","폐업","02","폐업","2016-07-11","","","","033 434 3804","8.74","","강원특별자치도 홍천군 홍천읍 연봉리 476-4","강원특별자치도 홍천군 홍천읍 연봉서로2길 17","25146","연봉사우나","2016-05-10 11:43:28","I","2023-06-13 00:00:00","일반이용업","277313.570972417","464712.687294275","일반이용업","8","0","2","2","0","0","2","","","","","0","0","0","N",
"1629","이용업","05_19_01_P","4251000","4251000-203-2014-00001","2014-01-10","","03","폐업","02","폐업","2016-10-31","","","","033 432 1911","44.02","","강원특별자치도 홍천군 홍천읍 연봉리 492-1","강원특별자치도 홍천군 홍천읍 연봉중앙로 88","25147","수헤어칼라","2014-01-10 16:36:39","I","2023-06-13 00:00:00","일반이용업","277702.006027594","464992.742006161","일반이용업","0","0","1","1","0","0","5","","","","","0","0","0","N",
"1630","이용업","05_19_01_P","4251000","4251000-203-2017-00001","2017-06-26","","03","폐업","02","폐업","2019-02-07","","","","","12.25","","강원특별자치도 홍천군 홍천읍 진리 104-12","강원특별자치도 홍천군 홍천읍 꽃뫼로 132, 지하1층","25138","호박사우나","2019-02-07 11:40:30","I","2023-06-13 00:00:00","일반이용업","278273.340803017","465829.16662977","일반이용업","5","1","2","2","0","0","2","","","","","0","1","0","N",
"1631","이용업","05_19_01_P","4251000","4251000-203-2020-00001","2020-10-19","","03","폐업","02","폐업","2021-11-08","","","","","10.80","","강원특별자치도 홍천군 홍천읍 연봉리 476-4","강원특별자치도 홍천군 홍천읍 연봉서로2길 17","25146","연봉사우나이발소","2021-11-08 11:07:05","I","2023-06-13 00:00:00","일반이용업","277313.570972417","464712.687294275","일반이용업","5","0","2","2","0","0","2","","","","","0","0","0","N",
"1632","이용업","05_19_01_P","4251000","4251000-203-2000-00003","2000-07-08","","03","폐업","02","폐업","2024-01-03","","","","033 4337195","23.10","","강원특별자치도 홍천군 홍천읍 연봉리 470-6","강원특별자치도 홍천군 홍천읍 연봉서로2길 9","25146","하남이용소","2024-01-03 10:38:10","U","2024-01-05 02:40:00","일반이용업","277250.416612846","464698.351336244","일반이용업","0","0","0","0","0","0","3","","","","","0","0","0","N",
"1633","이용업","05_19_01_P","4251000","4251000-203-2011-00004","2011-12-14","","03","폐업","02","폐업","2012-06-26","","","","033 432 5777","5.25","","강원특별자치도 홍천군 홍천읍 갈마곡리 77-4","강원특별자치도 홍천군 홍천읍 갈마로 60","25129","암반수이용원","2011-12-14 09:40:08","I","2023-06-13 00:00:00","일반이용업","279562.470283562","466190.36227153","일반이용업","3","0","3","3","0","0","2","","","","임대","0","0","0","N",
"1634","이용업","05_19_01_P","4261000","4261000-203-1986-00004","1986-05-03","","03","폐업","02","폐업","2020-06-02","","","","033 3423106","12.00","","강원특별자치도 횡성군 공근면 매곡리 535-8","강원특별자치도 횡성군 공근면 공근남로 10-7","","공근이발관","2020-06-02 09:57:30","I","2023-06-13 00:00:00","일반이용업","285134.434979689","448482.90036281","일반이용업","0","0","1","1","0","0","1","","","","자가","0","1","0","N",
"1635","이용업","05_19_01_P","4261000","4261000-203-2005-00001","2005-03-03","","03","폐업","02","폐업","2005-03-09","","","","033 3444200","19.52","","강원특별자치도 횡성군 갑천면 삼거리 95-6","","","횡성온천구내이용원","2005-03-03 00:00:00","I","2023-06-13 00:00:00","일반이용업","294488.362831946","452180.676450306","일반이용업","2","0","2","2","0","0","3","","","","임대","0","0","0","N",
"1636","이용업","05_19_01_P","4261000","4261000-203-2001-00003","2001-08-14","","03","폐업","02","폐업","2004-05-13","","","","033 3451150","88.40","","강원특별자치도 횡성군 횡성읍 읍하리 79-4","","","황실이발관","2004-05-13 00:00:00","I","2023-06-13 00:00:00","일반이용업","287102.499838327","443642.145038034","일반이용업","3","0","0","0","0","0","8","","","","","0","0","0","N",
"1637","이용업","05_19_01_P","4261000","4261000-203-1985-00001","1985-02-15","","03","폐업","02","폐업","2005-07-25","","","","033 3442643","0.00","","강원특별자치도 횡성군 횡성읍 읍하리 324-2","","","오성이용원","2003-05-21 00:00:00","I","2023-06-13 00:00:00","일반이용업","286838.313216756","443757.303625606","일반이용업","0","0","0","0","0","0","0","","","","","0","0","0","N",
"1638","이용업","05_19_01_P","4261000","4261000-203-1986-00002","1986-10-07","","03","폐업","02","폐업","2023-10-18","","","","033 3432903","45.00","","강원특별자치도 횡성군 횡성읍 읍상리 300-7","강원특별자치도 횡성군 횡성읍 읍상로 28","25231","영진이용원","2023-10-18 14:24:40","U","2023-10-20 02:40:00","일반이용업","287410.152641911","443340.496077406","일반이용업","0","0","1","1","0","0","3","","","","자가","0","0","0","N",
"1639","이용업","05_19_01_P","4261000","4261000-203-1982-00001","1982-01-21","","03","폐업","02","폐업","2015-02-13","","","","033 3427216","12.00","","강원특별자치도 횡성군 강림면 강림리 841","강원특별자치도 횡성군 강림면 강림시장길 8","25272","형제이용소","2012-03-27 10:42:06","I","2023-06-13 00:00:00","일반이용업","299865.961491261","429272.464674256","일반이용업","0","0","1","1","0","0","2","","","","자가","0","1","0","N",
"1640","이용업","05_19_01_P","4261000","4261000-203-1979-00001","1979-04-13","","03","폐업","02","폐업","2003-12-10","","","","033 3421527","0.00","","강원특별자치도 횡성군 둔내면 자포곡리 409","","","희망이발관","2003-05-01 00:00:00","I","2023-06-13 00:00:00","일반이용업","","","일반이용업","0","0","0","0","0","0","0","","","","","0","0","0","N",
"1641","이용업","05_19_01_P","4261000","4261000-203-1980-00002","1980-08-08","","03","폐업","02","폐업","2018-05-17","","","","033 3421246","24.00","","강원특별자치도 횡성군 둔내면 둔방내리 88-7","강원특별자치도 횡성군 둔내면 경강로둔방10길 20-1","25265","행운이발관","2018-05-17 13:29:15","I","2023-06-13 00:00:00","일반이용업","307226.565705352","446343.209238488","일반이용업","0","0","1","1","0","0","3","","","","자가","0","1","0","N",
"1642","이용업","05_19_01_P","4261000","4261000-203-1986-00003","1986-06-19","","03","폐업","02","폐업","2004-02-20","","","","033 3425122","0.00","","강원특별자치도 횡성군 청일면 유동리 855-13","","","시영이용원","2003-05-01 00:00:00","I","2023-06-13 00:00:00","일반이용업","301565.126779212","454043.857421948","일반이용업","0","0","0","0","0","0","0","","","","","0","0","0","N",
"1643","이용업","05_19_01_P","4261000","4261000-203-1997-00001","1997-01-06","","03","폐업","02","폐업","2001-11-28","","","","033 3403000","9.20","","강원특별자치도 횡성군 둔내면 두원리 204","","","성우이발소","2001-11-28 00:00:00","I","2023-06-13 00:00:00","일반이용업","310506.755038668","443916.785022628","일반이용업","0","0","0","0","0","0","0","","","","","0","0","0","N",
"1644","이용업","05_19_01_P","4261000","4261000-203-1998-00005","1998-07-21","","03","폐업","02","폐업","2009-02-03","","","","033 3429312","15.36","","강원특별자치도 횡성군 갑천면 매일리 765-6","","","갑천기덕이발관","2007-03-02 00:00:00","I","2023-06-13 00:00:00","일반이용업","297206.487964436","451086.783576736","일반이용업","0","0","0","0","0","0","2","","","","","0","0","0","N",
"1645","이용업","05_19_01_P","4261000","4261000-203-2009-00001","2009-07-15","","03","폐업","02","폐업","2015-05-08","","","","033 343 2786","10.95","","강원특별자치도 횡성군 횡성읍 읍하리 472-83","강원특별자치도 횡성군 횡성읍 태기로 19","","화성이용원","2012-02-22 15:53:18","I","2023-06-13 00:00:00","일반이용업","287104.922879997","443674.862169836","일반이용업","0","0","2","2","0","0","1","","","","임대","0","1","0","N",
"1646","이용업","05_19_01_P","4261000","4261000-203-2011-00001","2011-06-27","","03","폐업","02","폐업","2011-12-07","","","","033 345 1796","40.00","","강원특별자치도 횡성군 횡성읍 북천리 137-5","","","남성컷트전문점","2011-06-27 11:14:58","I","2023-06-13 00:00:00","일반이용업","","","일반이용업","1","0","0","0","0","0","2","","","","임대","0","0","0","N",
"1647","이용업","05_19_01_P","4261000","4261000-203-2001-00004","2001-10-16","","03","폐업","02","폐업","2004-11-29","","","","033 3441607","10.00","","강원특별자치도 횡성군 횡성읍 읍하리 134-9","","","동호이용원","2003-03-18 00:00:00","I","2023-06-13 00:00:00","일반이용업","286992.503182661","443597.095913919","일반이용업","2","0","0","0","0","0","1","","","","","0","0","0","N",
"1648","이용업","05_19_01_P","4261000","4261000-203-1981-00002","1981-08-18","","03","폐업","02","폐업","2023-11-06","","","","033 3421215","18.00","","강원특별자치도 횡성군 둔내면 둔방내리 81-6","강원특별자치도 횡성군 둔내면 둔내로 37","25265","광명이발관","2023-11-06 16:26:40","U","2023-11-08 02:40:00","일반이용업","307341.212461325","446307.25605387","일반이용업","0","0","1","1","0","0","2","","","","자가","1","1","0","N",
"1649","이용업","05_19_01_P","4261000","4261000-203-1962-00001","1962-12-11","","03","폐업","02","폐업","2016-05-25","","","","033 3432976","0.00","","강원특별자치도 횡성군 횡성읍 마옥리 54-3","강원특별자치도 횡성군 횡성읍 섬강로557번길 13","25211","고향이발관","2012-02-23 15:06:04","I","2023-06-13 00:00:00","일반이용업","289375.809184624","448196.352240987","일반이용업","0","0","0","0","0","0","0","","","","","0","0","0","N",
"1650","이용업","05_19_01_P","4261000","4261000-203-2003-00002","2003-06-10","","03","폐업","02","폐업","2011-05-31","","","","033 3447362","12.00","","강원특별자치도 횡성군 청일면 갑천리 537-1","","","신선이용원","2009-10-12 21:09:09","I","2023-06-13 00:00:00","일반이용업","","","일반이용업","0","0","1","1","0","0","2","","","","자가","0","1","0","N",
"1651","이용업","05_19_01_P","4261000","4261000-203-1998-00002","1998-03-04","","03","폐업","02","폐업","2002-12-10","","","","033 3447362","10.60","","강원특별자치도 횡성군 횡성읍 읍하리 366-27","","","태양이발관","2009-10-12 21:06:07","I","2023-06-13 00:00:00","일반이용업","286889.672606909","443678.375343218","일반이용업","0","0","1","1","0","0","2","","","","자가","0","1","0","N",
"1652","이용업","05_19_01_P","4261000","4261000-203-1998-00003","1998-04-09","","03","폐업","02","폐업","2009-06-17","","","","033 3432786","10.95","","강원특별자치도 횡성군 횡성읍 읍하리 79-1","","","화성이발관","2004-02-16 00:00:00","I","2023-06-13 00:00:00","일반이용업","","","일반이용업","0","0","0","0","0","0","0","","","","","0","0","0","N",
"1653","이용업","05_19_01_P","4261000","4261000-203-2003-00001","2003-03-20","","03","폐업","02","폐업","2006-05-16","","","","033 3431449","0.00","","강원특별자치도 횡성군 횡성읍 읍상리 278-1","","","다래이용원","2003-11-20 00:00:00","I","2023-06-13 00:00:00","일반이용업","287288.521207593","443419.180807335","일반이용업","2","0","0","0","0","0","0","","","","","0","0","0","N",
"1654","이용업","05_19_01_P","4261000","4261000-203-2001-00002","2001-08-10","","03","폐업","02","폐업","2001-12-14","","","","033 3453090","0.00","","강원특별자치도 횡성군 횡성읍 읍상리 288-23","","","서울이발관","2009-08-28 17:28:27","I","2023-06-13 00:00:00","일반이용업","287244.608006764","443608.649354697","일반이용업","0","0","0","0","0","0","0","","","","","0","0","0","N",
"1655","이용업","05_19_01_P","4261000","4261000-203-1989-00003","1989-11-17","","03","폐업","02","폐업","2006-09-05","","","","033 3429233","0.00","","강원특별자치도 횡성군 횡성읍 읍상리 376-2","","","중앙이용소","2003-05-01 00:00:00","I","2023-06-13 00:00:00","일반이용업","287365.888291916","443890.30059338","일반이용업","0","0","0","0","0","0","0","","","","","0","0","0","N",
"1656","이용업","05_19_01_P","4261000","4261000-203-2013-00001","2013-10-11","","03","폐업","02","폐업","2014-03-10","","","","","12.50","","강원특별자치도 횡성군 갑천면 화전리 227","강원특별자치도 횡성군 갑천면 외갑천로694번길 52","25252","화전리 이발소","2013-10-11 10:48:29","I","2023-06-13 00:00:00","일반이용업","295261.020701691","451668.817616701","일반이용업","1","0","0","0","0","0","1","","","","자가","0","0","0","N",
"1657","이용업","05_19_01_P","4261000","4261000-203-2019-00001","2019-01-31","","03","폐업","02","폐업","2019-04-29","","","","","28.50","","강원특별자치도 횡성군 횡성읍 읍하리 134-9","강원특별자치도 횡성군 횡성읍 문정로 7","25233","동호 이용원","2019-04-29 11:09:52","I","2023-06-13 00:00:00","일반이용업","286992.503182661","443597.095913919","일반이용업","1","0","0","0","0","0","1","","","","임대","0","1","0","N",
"1658","이용업","05_19_01_P","4261000","4261000-203-2019-00002","2019-11-19","","03","폐업","02","폐업","2023-04-03","","","","033 342 2540","37.35","","강원특별자치도 횡성군 횡성읍 읍하리 456","강원특별자치도 횡성군 횡성읍 앞들서2로 23, 1층","25234","머리향기","2023-04-03 11:05:45","I","2023-06-13 00:00:00","일반이용업","286774.837342288","443420.722049122","일반이용업","0","0","0","0","0","0","2","","","","","0","1","0","N",
"1659","이용업","05_19_01_P","4261000","4261000-203-2019-00003","2019-12-26","","03","폐업","02","폐업","2025-04-30","","","","","26.40","","강원특별자치도 횡성군 둔내면 둔방내리 108-7","강원특별자치도 횡성군 둔내면 경강로둔방6길 15, 1층","25265","다모 이용원","2025-04-30 13:46:25","U","2025-05-02 02:40:00","일반이용업","307236.44813556","446321.748557503","일반이용업","0","0","0","0","0","0","3","","","","","0","1","0","N",
"1660","이용업","05_19_01_P","4261000","4261000-203-2012-00001","2012-06-21","","03","폐업","02","폐업","2015-01-27","","","","033 342 9312","28.00","","강원특별자치도 횡성군 횡성읍 읍하리 302-1","강원특별자치도 횡성군 횡성읍 문정로 3-1","25233","새시대 이발관","2013-03-06 17:01:38","I","2023-06-13 00:00:00","일반이용업","286963.120891349","443627.068856852","일반이용업","1","0","1","0","0","0","2","","","","자가","0","0","0","N",
"1661","이용업","05_19_01_P","4271000","4271000-203-1994-00001","1994-10-13","","03","폐업","02","폐업","2004-09-08","","","","033 3782503","0.00","","강원특별자치도 영월군 상동읍 내덕리 33-17","","","상동이용원","2004-09-10 00:00:00","I","2023-06-13 00:00:00","일반이용업","362416.878659235","404532.389180734","일반이용업","1","1","1","1","0","0","2","","","","","0","0","0","N",
"1662","이용업","05_19_01_P","4271000","4271000-203-1966-00001","1966-05-28","","03","폐업","02","폐업","2013-10-15","","","","033 3744144","0.00","","강원특별자치도 영월군 영월읍 영흥리 1007-25","강원특별자치도 영월군 영월읍 영모전길 63","26227","우리이용원","2012-02-08 10:53:50","I","2023-06-13 00:00:00","일반이용업","330533.060479413","410402.39791528","일반이용업","2","0","1","1","0","0","3","","","","","0","0","0","N",
"1663","이용업","05_19_01_P","4271000","4271000-203-1970-00001","1970-09-30","","03","폐업","02","폐업","2003-04-22","","","","033 3731345","0.00","","강원특별자치도 영월군 영월읍 영흥리 948 3리","","","대중이용원","2003-04-28 00:00:00","I","2023-06-13 00:00:00","일반이용업","","","일반이용업","0","0","0","0","0","0","0","","","","","0","0","0","N",
"1664","이용업","05_19_01_P","4271000","4271000-203-2001-00003","2001-11-16","","03","폐업","02","폐업","2003-02-19","","","","033 3729539","0.00","","강원특별자치도 영월군 한반도면 쌍용리 610-3","","","황용이용원","2003-04-01 00:00:00","I","2023-06-13 00:00:00","일반이용업","317185.463004122","409807.819637969","일반이용업","0","0","0","0","0","0","0","","","","","0","0","0","N",
"1665","이용업","05_19_01_P","4271000","4271000-203-1970-00002","1970-12-14","","03","폐업","02","폐업","2022-06-21","","","","0330 3727323","20.00","","강원특별자치도 영월군 주천면 주천리 1145-2","강원특별자치도 영월군 주천면 주천로 65-1","26203","주천이용원","2022-06-21 17:33:35","I","2023-06-13 00:00:00","일반이용업","312256.26896679","419380.245600813","일반이용업","1","0","1","1","0","0","3","","","","","0","0","0","N",
"1666","이용업","05_19_01_P","4271000","4271000-203-1971-00001","1971-10-25","","03","폐업","02","폐업","2002-07-08","","","","033 3732828","0.00","","강원특별자치도 영월군 영월읍 영흥리 977 5리","","","중앙이용원","2002-07-30 00:00:00","I","2023-06-13 00:00:00","일반이용업","330331.588371456","410105.706932421","일반이용업","0","0","0","0","0","0","0","","","","","0","0","0","N",
"1667","이용업","05_19_01_P","4271000","4271000-203-1972-00001","1972-03-24","","03","폐업","02","폐업","2008-12-15","","","","033 3745214","0.00","","강원특별자치도 영월군 영월읍 덕포리 814 7통","","","후생이용원","2003-06-03 00:00:00","I","2023-06-13 00:00:00","일반이용업","","","일반이용업","1","0","1","1","0","0","0","","","","","0","0","0","N",
"1668","이용업","05_19_01_P","4271000","4271000-203-1973-00001","1973-04-30","","03","폐업","02","폐업","2011-02-15","","","","3722455","0.00","","강원특별자치도 영월군 북면 마차리 1157 1리","","","현대이용원","2003-06-03 00:00:00","I","2023-06-13 00:00:00","일반이용업","329146.145236402","418112.389518622","일반이용업","1","0","1","1","0","0","3","","","","","0","0","0","N",
"1669","이용업","05_19_01_P","4271000","4271000-203-1984-00002","1984-12-12","","03","폐업","02","폐업","2011-04-12","","","","033  3743246","0.00","","강원특별자치도 영월군 영월읍 영흥리 960-14 1통","","","현대이용원","2009-06-01 18:12:55","I","2023-06-13 00:00:00","일반이용업","330223.970378632","410367.452748919","일반이용업","2","0","1","1","0","0","0","","","","","0","0","0","N",
"1670","이용업","05_19_01_P","4271000","4271000-203-1987-00001","1987-04-10","","03","폐업","02","폐업","2009-06-12","","","","3724662","0.00","","강원특별자치도 영월군 남면 연당리 1040-3 2통","","","신진이용원","2003-06-03 00:00:00","I","2023-06-13 00:00:00","일반이용업","","","일반이용업","2","0","1","1","0","0","2","","","","","0","0","0","N",
"1671","이용업","05_19_01_P","4271000","4271000-203-1990-00001","1990-02-27","","03","폐업","02","폐업","2007-05-22","","","","033 3733529","0.00","","강원특별자치도 영월군 영월읍 영흥리 801-7 11통","","","유성이용원","2003-06-03 00:00:00","I","2023-06-13 00:00:00","일반이용업","330748.837744824","410738.63690772","일반이용업","1","0","1","1","0","0","3","","","","","0","0","0","N",
"1672","이용업","05_19_01_P","4271000","4271000-203-1998-00002","1998-05-01","","03","폐업","02","폐업","2007-10-10","","","","","0.00","","강원특별자치도 영월군 영월읍 영흥리 987-1 5통","","","낙원이용원","2003-06-03 00:00:00","I","2023-06-13 00:00:00","일반이용업","330544.257430767","410166.073327898","일반이용업","4","0","1","1","0","0","0","","","","","0","0","0","N",
"1673","이용업","05_19_01_P","4271000","4271000-203-2000-00001","2000-07-10","","03","폐업","02","폐업","2004-09-10","","","","","0.00","","강원특별자치도 영월군 영월읍 하송리 252-2 5통","","","가든탕이용원","2004-09-10 00:00:00","I","2023-06-13 00:00:00","일반이용업","330015.564028515","410050.982404069","일반이용업","4","1","1","1","0","0","2","","","","","0","0","0","N",
"1674","이용업","05_19_01_P","4271000","4271000-203-2022-00002","2022-08-25","","03","폐업","02","폐업","2023-06-26","","","","","19.80","","강원특별자치도 영월군 주천면 주천리 1238-2","강원특별자치도 영월군 주천면 주천로 81-1","26203","감성 이발바버샵","2023-06-26 14:07:41","U","2023-06-28 02:40:00","일반이용업","312363.531157267","419493.414862043","일반이용업","0","0","1","1","0","0","1","","","","임대","1","0","0","N",
"1675","이용업","05_19_01_P","4271000","4271000-203-2021-00001","2021-03-31","","03","폐업","02","폐업","2021-04-19","","","","","9.50","","강원특별자치도 영월군 영월읍 영흥리 987-1","강원특별자치도 영월군 영월읍 영모전길 15-1","26232","퀸사우나이용원","2021-04-19 16:48:32","I","2023-06-13 00:00:00","일반이용업","330544.257430767","410166.073327898","일반이용업","1","0","0","0","0","0","2","","","","","0","0","0","N",
"1676","이용업","05_19_01_P","4271000","4271000-203-2012-00002","2012-10-23","","03","폐업","02","폐업","2013-10-22","","","","033 373 4921","11.55","","강원특별자치도 영월군 영월읍 영흥리 947-8","강원특별자치도 영월군 영월읍 단종로 3-1","26233","동방이용원","2012-10-23 14:50:14","I","2023-06-13 00:00:00","일반이용업","330275.262912151","410121.384123244","일반이용업","7","1","6","6","0","0","2","","","","임대","0","0","0","N",
"1677","이용업","05_19_01_P","4271000","4271000-203-2013-00002","2013-12-31","","03","폐업","02","폐업","2014-11-24","","","","","11.55","","강원특별자치도 영월군 영월읍 영흥리 947-8","강원특별자치도 영월군 영월읍 단종로 3-1, 6층","26233","동방사우나이용원","2014-01-25 11:54:35","I","2023-06-13 00:00:00","일반이용업","330275.262912151","410121.384123244","일반이용업","0","0","0","0","0","0","2","","","","임대","0","0","0","N",
"1678","이용업","05_19_01_P","4271000","4271000-203-2013-00001","2013-01-30","","03","폐업","02","폐업","2017-01-04","","","","033 374 1606","45.63","","강원특별자치도 영월군 영월읍 영흥리 844-5","강원특별자치도 영월군 영월읍 중앙로 69","26232","마이스타일이용원","2013-01-30 18:51:43","I","2023-06-13 00:00:00","일반이용업","330612.561767592","410094.795209238","일반이용업","3","1","1","1","0","0","2","","","","임대","0","0","0","N",
"1679","이용업","05_19_01_P","4271000","4271000-203-2012-00001","2012-10-23","","03","폐업","02","폐업","2015-10-12","","","","033 374 5111","10.86","","강원특별자치도 영월군 영월읍 하송리 52-7","강원특별자치도 영월군 영월읍 제방안길 64, 2층 (더레스트힐)","26237","레스트스파이용실","2013-08-20 13:57:24","I","2023-06-13 00:00:00","일반이용업","330286.80952716","409646.193085025","일반이용업","5","1","1","1","0","0","2","","","","임대","0","0","0","N",
"1680","이용업","05_19_01_P","4271000","4271000-203-2016-00001","2016-04-11","","03","폐업","02","폐업","2025-08-27","","","","","10.80","","강원특별자치도 영월군 영월읍 하송리 53","강원특별자치도 영월군 영월읍 제방안길 64","26237","레스트스파 이용원","2025-08-28 09:34:29","U","2025-08-30 02:40:00","일반이용업","330286.80952716","409646.193085025","일반이용업","0","0","2","2","0","0","2","","","","임대","0","0","0","N",
"1681","이용업","05_19_01_P","4271000","4271000-203-2016-00002","2016-05-31","","03","폐업","02","폐업","2019-12-18","","","","","9.50","","강원특별자치도 영월군 영월읍 영흥리 987-1","강원특별자치도 영월군 영월읍 영모전길 15-1","26232","퀸사우나이용원","2019-12-18 17:05:09","I","2023-06-13 00:00:00","일반이용업","330544.257430767","410166.073327898","일반이용업","0","0","1","1","0","0","2","","","","","0","0","0","N",
"1682","이용업","05_19_01_P","4271000","4271000-203-2018-00001","2018-08-13","","03","폐업","02","폐업","2019-03-13","","","","","11.00","","강원특별자치도 영월군 영월읍 영흥리 947-8","강원특별자치도 영월군 영월읍 단종로 3-1, 6층","26233","동방이용원","2019-03-13 17:50:37","I","2023-06-13 00:00:00","일반이용업","330275.262912151","410121.384123244","일반이용업","7","1","0","0","0","0","2","","","","임대","0","0","0","N",
"1683","이용업","05_19_01_P","4271000","4271000-203-1973-00002","1973-06-21","","03","폐업","02","폐업","2009-06-11","","","","033 3782646","0.00","","강원특별자치도 영월군 상동읍 구래리 4 리","","","제일이용원","2003-06-03 00:00:00","I","2023-06-13 00:00:00","일반이용업","367504.441885614","405483.143908119","일반이용업","1","0","1","1","0","0","1","","","","","0","0","0","N",
"1684","이용업","05_19_01_P","4271000","4271000-203-1974-00001","1974-07-18","","03","폐업","02","폐업","2024-12-06","","","","033 3727258","18.00","","강원특별자치도 영월군 주천면 주천리 1241-9","강원특별자치도 영월군 주천면 주천로89번길 8","26203","현대이용원","2024-12-06 13:59:14","U","2024-12-08 02:40:00","일반이용업","312384.496646412","419593.482124127","일반이용업","3","0","1","1","0","0","3","","","","","0","0","0","N",
"1685","이용업","05_19_01_P","4271000","4271000-203-1976-00001","1976-06-19","","03","폐업","02","폐업","2003-03-31","","","","","0.00","","강원특별자치도 영월군 한반도면 쌍용리 5 리4반","","","경북이용원","2003-04-01 00:00:00","I","2023-06-13 00:00:00","일반이용업","319536.519016942","409122.400945104","일반이용업","0","0","0","0","0","0","0","","","","","0","0","0","N",
"1686","이용업","05_19_01_P","4271000","4271000-203-1977-00001","1977-11-22","","03","폐업","02","폐업","2022-06-21","","","","033 3743884","18.00","","강원특별자치도 영월군 영월읍 영흥리 947-16","강원특별자치도 영월군 영월읍 단종로33번길 42","26233","영흥이용원","2022-06-21 17:32:21","I","2023-06-13 00:00:00","일반이용업","330182.992735315","410151.831567694","일반이용업","2","0","1","1","0","0","3","","","","","0","0","0","N",
"1687","이용업","05_19_01_P","4271000","4271000-203-1980-00002","1980-08-05","","03","폐업","02","폐업","2024-09-25","","","","3721957","20.00","","강원특별자치도 영월군 주천면 주천리 1252","강원특별자치도 영월군 주천면 주천로 102","26203","우리이용원","2024-09-25 11:35:25","U","2024-09-27 02:40:00","일반이용업","312535.15656306","419597.853119486","일반이용업","1","0","1","1","0","0","3","","","","","0","0","0","N",
"1688","이용업","05_19_01_P","4271000","4271000-203-2008-00001","2008-02-13","","03","폐업","02","폐업","2008-08-04","","","","","9.90","","강원특별자치도 영월군 영월읍 영흥리 987","","","퀸사우나","2008-03-07 13:22:07","I","2023-06-13 00:00:00","일반이용업","","","일반이용업","0","1","0","0","0","0","2","","","","임대","0","0","0","N",
"1689","이용업","05_19_01_P","4271000","4271000-203-2008-00002","2008-08-14","","03","폐업","02","폐업","2015-10-14","","","","033  3743440","9.50","","강원특별자치도 영월군 영월읍 영흥리 987-12","강원특별자치도 영월군 영월읍 영모전길 17","26232","퀸이용원","2012-02-08 11:01:06","I","2023-06-13 00:00:00","일반이용업","330561.184799319","410160.078499512","일반이용업","0","0","0","0","0","0","0","","","","","0","0","0","N",
"1690","이용업","05_19_01_P","4271000","4271000-203-2009-00001","2009-06-19","","03","폐업","02","폐업","2009-06-24","","","","033  3782646","0.00","","강원특별자치도 영월군 상동읍 구래리 103-14","","","제일이용원","2009-06-19 17:45:23","I","2023-06-13 00:00:00","일반이용업","363216.376200013","405582.607176992","일반이용업","1","0","1","1","0","0","1","","","","","0","0","0","N",
"1691","이용업","05_19_01_P","4271000","4271000-203-2009-00002","2009-11-17","","03","폐업","02","폐업","2012-10-22","","","","033  3734921","0.00","","강원특별자치도 영월군 영월읍 영흥리 947-8","강원특별자치도 영월군 영월읍 단종로 3-1","26233","동방목욕탕","2012-02-08 11:01:33","I","2023-06-13 00:00:00","일반이용업","330275.262912151","410121.384123244","일반이용업","7","1","6","0","0","0","2","","","","","0","0","0","N",
"1692","이용업","05_19_01_P","4271000","4271000-203-2003-00001","2003-05-12","","03","폐업","02","폐업","2019-05-21","","","","033 3741345","31.68","","강원특별자치도 영월군 영월읍 영흥리 977-1","강원특별자치도 영월군 영월읍 단종로 4","26232","대중이용원","2019-05-21 09:50:06","I","2023-06-13 00:00:00","일반이용업","330322.2517785","410115.619045448","일반이용업","3","0","1","1","0","0","4","","","","임대","0","0","0","N",
"1693","이용업","05_19_01_P","4271000","4271000-203-2020-00001","2020-01-03","","03","폐업","02","폐업","2021-03-22","","","","","9.50","","강원특별자치도 영월군 영월읍 영흥리 987-1","강원특별자치도 영월군 영월읍 영모전길 15-1","26232","퀸사우나이용원","2021-03-22 11:14:26","I","2023-06-13 00:00:00","일반이용업","330544.257430767","410166.073327898","일반이용업","0","0","0","0","0","0","2","","","","","0","1","0","N",
"1694","이용업","05_19_01_P","4271000","4271000-203-2022-00001","2022-01-20","","03","폐업","02","폐업","2023-06-13","","","","033 374 3440","9.50","","강원특별자치도 영월군 영월읍 영흥리 987-1","강원특별자치도 영월군 영월읍 영모전길 15-1","26232","퀸사우나이용원","2023-06-13 11:11:06","U","2023-06-15 02:40:00","일반이용업","330544.257430767","410166.073327898","일반이용업","0","0","1","1","0","0","2","","","","","0","1","0","N",
"1695","이용업","05_19_01_P","4271000","4271000-203-2003-00002","2003-08-06","","03","폐업","02","폐업","2009-11-02","","","","033 3748088","18.33","","강원특별자치도 영월군 영월읍 영흥리 947-10","","","동방사우나","2003-08-06 00:00:00","I","2023-06-13 00:00:00","일반이용업","330295.650511913","410113.176256194","일반이용업","7","1","6","6","0","0","2","","","","","0","0","0","N",
"1696","이용업","05_19_01_P","4271000","4271000-203-2004-00001","2004-10-14","","03","폐업","02","폐업","2011-04-04","","","","033  3783197","21.00","","강원특별자치도 영월군 상동읍 내덕리 656-18","","","동내이용원","2009-06-01 18:14:41","I","2023-06-13 00:00:00","일반이용업","","","일반이용업","1","0","1","1","0","0","2","","","","","0","0","0","N",
"1697","이용업","05_19_01_P","4271000","4271000-203-1967-00001","1967-05-19","","03","폐업","02","폐업","2001-11-16","","","","033 3729539","0.00","","강원특별자치도 영월군 한반도면 쌍용리 655-3","","","황용이용원","2002-07-30 00:00:00","I","2023-06-13 00:00:00","일반이용업","317187.722637463","409827.754395052","일반이용업","0","0","0","0","0","0","0","","","","","0","0","0","N",
"1698","이용업","05_19_01_P","4271000","4271000-203-1965-00003","1965-04-21","","03","폐업","02","폐업","2010-05-25","","","","033 3744197","0.00","","강원특별자치도 영월군 영월읍 영흥리 547 3통","","","영신이용원","2003-06-03 00:00:00","I","2023-06-13 00:00:00","일반이용업","","","일반이용업","1","0","1","1","0","0","0","","","","","0","0","0","N",
"1699","이용업","05_19_01_P","4271000","4271000-203-1968-00001","1968-08-23","","03","폐업","02","폐업","2014-09-11","","","","033 3721309","22.00","","강원특별자치도 영월군 영월읍 덕포리 574-43","강원특별자치도 영월군 영월읍 중앙로 127-1","26229","신신이용원","2013-11-06 09:44:07","I","2023-06-13 00:00:00","일반이용업","331072.52901314","409821.245902156","일반이용업","1","0","1","1","0","0","0","","","","","0","0","0","N",
"1700","이용업","05_19_01_P","4271000","4271000-203-2001-00001","2001-08-14","","03","폐업","02","폐업","2003-03-31","","","","","0.00","","강원특별자치도 영월군 북면 마차리 1156-18 1통","","","하나이용원","2003-04-01 00:00:00","I","2023-06-13 00:00:00","일반이용업","329153.655779089","418096.684082575","일반이용업","0","0","0","0","0","0","0","","","","","0","0","0","N",
"1701","이용업","05_19_01_P","4271000","4271000-203-2001-00002","2001-09-26","","03","폐업","02","폐업","2004-04-26","","","","033 3752700","0.00","","강원특별자치도 영월군 영월읍 덕포리 486-64","","","동강사우나이발관","2004-04-01 00:00:00","I","2023-06-13 00:00:00","일반이용업","331233.932960755","409880.149460091","일반이용업","5","0","1","1","0","0","0","","","","","0","0","0","N",
"1702","이용업","05_19_01_P","4271000","4271000-203-1962-00003","1962-11-30","","03","폐업","02","폐업","2022-06-21","","","","033 3734102","34.00","","강원특별자치도 영월군 영월읍 덕포리 502-30","강원특별자치도 영월군 영월읍 덕포시장길 64","26229","역전이용원","2022-06-21 17:33:12","I","2023-06-13 00:00:00","일반이용업","331308.989085495","410003.96901394","일반이용업","2","0","1","1","0","0","0","","","","","0","0","0","N",
"1703","이용업","05_19_01_P","4271000","4271000-203-1998-00001","1998-04-25","","03","폐업","02","폐업","2003-08-05","","","","3748088","0.00","","강원특별자치도 영월군 영월읍 영흥리 947-8","","","동방사우나이발관","2003-08-06 00:00:00","I","2023-06-13 00:00:00","일반이용업","330275.262912151","410121.384123244","일반이용업","7","1","6","6","0","0","2","","","","","0","0","0","N",
"1704","이용업","05_19_01_P","4281000","4281000-203-2009-00002","2009-09-03","","03","폐업","02","폐업","2024-02-13","","","","033  3344453","34.56","","강원특별자치도 평창군 용평면 장평리 342-12","강원특별자치도 평창군 용평면 경강로 1657-2","25315","강남이용원","2024-02-13 14:31:21","U","2024-02-15 02:40:00","일반이용업","324892.718205838","454718.299906759","일반이용업","1","0","1","0","0","0","3","","","","임대","0","1","0","N",
"1705","이용업","05_19_01_P","4281000","4281000-203-2005-00001","2005-07-01","","03","폐업","02","폐업","2010-01-20","","","","","5.73","","강원특별자치도 평창군 진부면 하진부리 100-23","","","서림이용원","2010-01-25 15:55:49","I","2023-06-13 00:00:00","일반이용업","","","일반이용업","0","0","0","0","0","0","1","","","","","0","0","0","N",
"1706","이용업","05_19_01_P","4281000","4281000-203-2002-00001","2002-01-21","","03","폐업","02","폐업","2002-12-16","","","","","4.00","","강원특별자치도 평창군 진부면 하진부리 147-14 8통","","","서울목욕탕이용원","2002-12-16 00:00:00","I","2023-06-13 00:00:00","일반이용업","337356.572926419","460596.71321668","일반이용업","0","0","0","0","0","0","1","","","","","0","0","0","N",
"1707","이용업","05_19_01_P","4281000","4281000-203-2002-00002","2002-03-29","","03","폐업","02","폐업","2003-10-28","","","","3354868","10.00","","강원특별자치도 평창군 진부면 하진부리 100-23","","","서림이용원","2003-10-28 00:00:00","I","2023-06-13 00:00:00","일반이용업","337514.873701382","460509.571129095","일반이용업","0","0","0","0","0","0","0","","","","","0","0","0","N",
"1708","이용업","05_19_01_P","4281000","4281000-203-2014-00001","2014-07-09","","03","폐업","02","폐업","2022-11-09","","","","033 3354088","23.77","","강원특별자치도 평창군 진부면 하진부리 147-14","강원특별자치도 평창군 진부면 진부시장뒷길 19","25325","서울이용원","2022-11-09 11:27:16","I","2023-06-13 00:00:00","일반이용업","337356.572926419","460596.71321668","일반이용업","3","0","2","2","0","0","1","","","","","0","0","0","N",
"1709","이용업","05_19_01_P","4281000","4281000-203-1974-00001","1974-05-04","","03","폐업","02","폐업","2019-08-09","","","","033 333 3756","15.75","","강원특별자치도 평창군 평창읍 중리 87-3","강원특별자치도 평창군 평창읍 노성로 224","25375","협동이용소","2019-08-09 09:27:20","I","2023-06-13 00:00:00","일반이용업","324170.166152655","430549.389441031","일반이용업","1","0","0","0","0","0","2","","","","자가","0","0","0","N",
"1710","이용업","05_19_01_P","4281000","4281000-203-1974-00002","1974-11-21","","03","폐업","02","폐업","2019-11-12","","","","3337461","30.80","","강원특별자치도 평창군 평창읍 하리 154-1","강원특별자치도 평창군 평창읍 백오로 118","25376","신호이용소","2019-11-12 09:18:40","I","2023-06-13 00:00:00","일반이용업","323642.654577444","430408.037165598","일반이용업","1","0","1","0","0","0","0","","","","","0","0","0","N",
"1711","이용업","05_19_01_P","4281000","4281000-203-1978-00001","1978-06-13","","03","폐업","02","폐업","2006-05-09","","","","3342828","66.63","","강원특별자치도 평창군 평창읍 하리 157","","","강원이용소","2005-12-22 00:00:00","I","2023-06-13 00:00:00","일반이용업","","","일반이용업","0","0","0","0","0","0","0","","","","","0","0","0","N",
"1712","이용업","05_19_01_P","4281000","4281000-203-1972-00001","1972-03-06","","03","폐업","02","폐업","2009-11-16","","","","3321179","19.17","","강원특별자치도 평창군 방림면 방림리 1288-1","","","명신이용소","2004-01-06 00:00:00","I","2023-06-13 00:00:00","일반이용업","323214.359248364","436918.575200961","일반이용업","0","0","0","0","0","0","0","","","","","0","0","0","N",
"1713","이용업","05_19_01_P","4281000","4281000-203-1973-00001","1973-06-13","","03","폐업","02","폐업","2020-12-11","","","","3328544","27.34","","강원특별자치도 평창군 대화면 하안미리 254","","","안미이용소","2020-12-11 16:31:51","I","2023-06-13 00:00:00","일반이용업","332284.368419318","438735.145740459","일반이용업","0","0","1","1","0","0","3","","","","자가","0","1","0","N",
"1714","이용업","05_19_01_P","4281000","4281000-203-1979-00001","1979-11-30","","03","폐업","02","폐업","2016-05-17","","","","3332383","21.96","","강원특별자치도 평창군 대화면 대화리 1001-44","강원특별자치도 평창군 대화면 대화중앙로 115","25359","춘천이용소","2016-05-13 00:03:02","I","2023-06-13 00:00:00","일반이용업","328609.993160158","445112.423216102","일반이용업","0","0","0","0","0","0","0","","","","","0","0","0","N",
"1715","이용업","05_19_01_P","4281000","4281000-203-1973-00002","1973-11-08","","03","폐업","02","폐업","2024-03-26","","","","3330327","18.63","","강원특별자치도 평창군 대화면 대화리 1001-142","강원특별자치도 평창군 대화면 대화중앙로 123","25358","대화이용소","2024-03-26 13:57:04","U","2024-03-28 02:40:00","일반이용업","328596.603750757","445207.515273399","일반이용업","0","0","1","1","0","0","2","","","","임대","0","1","0","N",
"1716","이용업","05_19_01_P","4281000","4281000-203-2021-00001","2021-05-24","","03","폐업","02","폐업","2022-03-24","","","","","8.60","","강원특별자치도 평창군 진부면 하진부리 100-23 서림호텔(사우나)","강원특별자치도 평창군 진부면 청송로 109, 서림호텔","25332","서림호텔사우나이용소","2022-03-24 15:29:40","I","2023-06-13 00:00:00","일반이용업","337514.873701382","460509.571129095","일반이용업","0","0","0","0","1","1","1","","","","","0","1","0","N",
"1717","이용업","05_19_01_P","4281000","4281000-203-1972-00002","1972-01-25","","03","폐업","02","폐업","2015-11-26","","","","3359167","18.20","","강원특별자치도 평창군 진부면 155-2","강원특별자치도 평창군 진부면 진부중앙로 27","25333","신미이용소","2012-01-17 13:58:33","I","2023-06-13 00:00:00","일반이용업","337264.433814652","460315.010722437","일반이용업","0","0","0","0","0","0","0","","","","","0","0","0","N",
"1718","이용업","05_19_01_P","4281000","4281000-203-1971-00001","1971-02-26","","03","폐업","02","폐업","2009-06-12","","","","3358320","0.00","","강원특별자치도 평창군 진부면 하진부리 88-6","","","성신이용소","2006-04-18 00:00:00","I","2023-06-13 00:00:00","일반이용업","337623.354982151","460720.489876386","일반이용업","0","0","0","0","0","0","0","","","","","0","0","0","N",
"1719","이용업","05_19_01_P","4281000","4281000-203-1981-00002","1981-12-05","","03","폐업","02","폐업","2002-12-16","","","","","0.00","","강원특별자치도 평창군 대관령면 횡계리 324-3","","","부흥이용소","2002-12-16 00:00:00","I","2023-06-13 00:00:00","일반이용업","350502.527044086","464821.115909828","일반이용업","0","0","0","0","0","0","0","","","","","0","0","0","N",
"1720","이용업","05_19_01_P","4281000","4281000-203-1994-00002","1994-10-13","","03","폐업","02","폐업","2024-08-27","","","","3362905","29.00","","강원특별자치도 평창군 대관령면 횡계리 326-2","강원특별자치도 평창군 대관령면 횡계2길 4","25344","안정이용소","2024-08-27 11:28:32","U","2024-08-29 02:40:00","일반이용업","350716.637639751","464706.689085478","일반이용업","0","0","1","1","0","0","3","","","","임대","0","1","0","N",
"1721","이용업","05_19_01_P","4281000","4281000-203-1996-00001","1996-02-03","","03","폐업","02","폐업","2024-12-18","","","","033 335 0354","12.75","","강원특별자치도 평창군 봉평면 원길리 310-1","강원특별자치도 평창군 봉평면 보래령로 17","25302","원길이용소","2024-12-18 10:59:14","U","2024-12-20 02:40:00","일반이용업","321429.066515875","458572.053048995","일반이용업","0","0","1","1","0","0","2","","","","자가","0","1","0","N",
"1722","이용업","05_19_01_P","4281000","4281000-203-1995-00001","1995-11-08","","03","폐업","02","폐업","2008-11-10","","","","","17.70","","강원특별자치도 평창군 평창읍 마지리 355-3","","","경로이용소","2003-10-27 00:00:00","I","2023-06-13 00:00:00","일반이용업","321423.465520775","425219.849349602","일반이용업","0","0","0","0","0","0","0","","","","","0","0","0","N",
"1723","이용업","05_19_01_P","4281000","4281000-203-1999-00002","1999-11-15","","03","폐업","02","폐업","2002-12-16","","","","","0.00","","강원특별자치도 평창군 대관령면 횡계리 338-6","","","대관령호텔이용소","2002-12-16 00:00:00","I","2023-06-13 00:00:00","일반이용업","350458.769112605","464710.933817109","일반이용업","0","0","0","0","0","0","0","","","","","0","0","0","N",
"1724","이용업","05_19_01_P","4281000","4281000-203-2000-00001","2000-03-20","","03","폐업","02","폐업","2002-03-08","","","","","0.00","","강원특별자치도 평창군 진부면 하진부리 100-23","","","서림이용소","2002-03-30 00:00:00","I","2023-06-13 00:00:00","일반이용업","337514.873701382","460509.571129095","일반이용업","0","0","0","0","0","0","0","","","","","0","0","0","N",
"1725","이용업","05_19_01_P","4281000","4281000-203-1981-00001","1981-04-22","","03","폐업","02","폐업","2022-02-11","","","","3326560","19.55","","강원특별자치도 평창군 대관령면 유천리 747-33","강원특별자치도 평창군 대관령면 만과봉길 60","25350","대관령이용소","2022-02-14 14:44:31","I","2023-06-13 00:00:00","일반이용업","341155.255815041","464314.366128468","일반이용업","0","0","1","1","0","0","1","","","","자가","0","0","0","N",
"1726","이용업","05_19_01_P","4281000","4281000-203-2008-00001","2008-07-21","","03","폐업","02","폐업","2009-05-06","","","","332 4668","21.73","","강원특별자치도 평창군 방림면 계촌리 1434-13","","","계촌이용원","2008-07-24 17:46:19","I","2023-06-13 00:00:00","일반이용업","315651.41499282","439921.993994302","일반이용업","1","0","1","1","0","0","3","","","","임대","0","1","0","N",
"1727","이용업","05_19_01_P","4281000","4281000-203-2013-00001","2013-02-25","","03","폐업","02","폐업","2015-01-23","","","","","24.50","","강원특별자치도 평창군 평창읍 하리 156-1","강원특별자치도 평창군 평창읍 백오로 110","25376","평창남성컷트전문점","2013-02-25 12:03:23","I","2023-06-13 00:00:00","일반이용업","323602.314402759","430412.998359513","일반이용업","2","0","1","1","0","0","3","","","","임대","0","0","0","N",
"1728","이용업","05_19_01_P","4281000","4281000-203-2020-00001","2020-11-19","","03","폐업","02","폐업","2021-04-06","","","","","32.50","","강원특별자치도 평창군 진부면 하진부리 88-6","강원특별자치도 평창군 진부면 진부중앙로 84, 1층","25332","주신이발관","2021-04-06 13:07:52","I","2023-06-13 00:00:00","일반이용업","337623.354982151","460720.489876386","일반이용업","3","0","1","1","0","0","4","","","","","0","1","0","N",
"1729","이용업","05_19_01_P","4291000","4291000-203-2003-00002","2003-02-25","","03","폐업","02","폐업","2003-04-23","","","","","0.00","","강원특별자치도 정선군 신동읍 조동리 216-24","","","준헤어샵","2003-05-09 00:00:00","I","2023-06-13 00:00:00","일반이용업","348207.235100347","414049.986222193","일반이용업","0","0","0","0","0","0","0","","","","","0","0","0","N",
"1730","이용업","05_19_01_P","4291000","4291000-203-2003-00003","2003-04-23","","03","폐업","02","폐업","2007-04-05","","","","0333785 509","33.36","","강원특별자치도 정선군 신동읍 조동리 198-4","","","준헤어샵","2005-08-18 00:00:00","I","2023-06-13 00:00:00","일반이용업","","","일반이용업","0","0","0","0","0","0","0","","","","","0","0","0","N",
"1731","이용업","05_19_01_P","4291000","4291000-203-2003-00005","2003-05-15","","03","폐업","02","폐업","2011-09-20","","","","033 5621231","24.57","","강원특별자치도 정선군 정선읍 봉양리 57-10 5통","","","미광이용원","2011-09-06 15:25:26","I","2023-06-13 00:00:00","일반이용업","347956.342913078","432408.731989152","일반이용업","1","0","1","1","0","0","0","","","","임대","0","0","0","N",
"1732","이용업","05_19_01_P","4291000","4291000-203-2002-00002","2002-11-12","","03","폐업","02","폐업","2005-08-09","","","","033 5920263","12.00","","강원특별자치도 정선군 사북읍 사북리 260 3통7반","","","그린이용원","2003-05-09 00:00:00","I","2023-06-13 00:00:00","일반이용업","362987.029898071","416013.067526091","일반이용업","2","0","0","0","0","0","1","","","","","0","0","0","N",
"1733","이용업","05_19_01_P","4291000","4291000-203-2007-00001","2007-04-06","","03","폐업","02","폐업","2007-08-16","","","","033 5920008","12.00","","강원특별자치도 정선군 사북읍 사북리 294-14","","","황실이용실","2007-04-06 00:00:00","I","2023-06-13 00:00:00","일반이용업","","","일반이용업","0","1","0","0","1","1","2","","","","임대","0","0","0","N",
"1734","이용업","05_19_01_P","4291000","4291000-203-2010-00002","2010-05-26","","03","폐업","02","폐업","2011-06-29","","","","033 563 0997","7.00","","강원특별자치도 정선군 정선읍 북실리 703-7","","","그린사우나이용실","2010-05-26 15:47:01","I","2023-06-13 00:00:00","일반이용업","346241.067307212","431979.258804519","일반이용업","0","0","1","1","0","0","1","","","","","0","0","0","N",
"1735","이용업","05_19_01_P","4291000","4291000-203-2011-00002","2011-05-17","","03","폐업","02","폐업","2019-04-26","","","","033 592 0050","9.00","","강원특별자치도 정선군 사북읍 사북리 356-27","강원특별자치도 정선군 사북읍 사북1길 39","26152","석탄이용원","2019-04-29 09:14:19","I","2023-06-13 00:00:00","일반이용업","360900.728082379","415501.61057105","일반이용업","0","0","0","0","0","0","1","","","","임대","0","0","0","N",
"1736","이용업","05_19_01_P","4291000","4291000-203-2012-00001","2012-02-28","","03","폐업","02","폐업","2020-09-11","","","","","6.00","","강원특별자치도 정선군 사북읍 사북리 294-14","강원특별자치도 정선군 사북읍 파랑새길 20, 지하1층","26150","황실이발관","2020-09-11 10:38:33","I","2023-06-13 00:00:00","일반이용업","361950.631295916","415051.856793276","일반이용업","0","0","0","0","1","1","2","","","","","0","0","0","N",
"1737","이용업","05_19_01_P","4291000","4291000-203-2016-00001","2016-01-20","","03","폐업","02","폐업","2018-10-17","","","","033 563 3707","42.80","","강원특별자치도 정선군 정선읍 봉양리 324-38","강원특별자치도 정선군 정선읍 5일장길 8","26130","태후사랑","2018-10-17 15:02:47","I","2023-06-13 00:00:00","이용업 기타","347216.598319937","432207.161561079","이용업 기타","0","0","0","0","0","0","2","","","","임대","1","0","0","N",
"1738","이용업","05_19_01_P","4291000","4291000-203-2013-00001","2013-10-10","","03","폐업","02","폐업","2021-01-21","","","","033592 0538","30.00","","강원특별자치도 정선군 사북읍 사북리 369-15","강원특별자치도 정선군 사북읍 사북중앙로 37, 2층","26153","아리랑이용소","2021-01-21 15:39:05","I","2023-06-13 00:00:00","일반이용업","361356.016974076","415483.562898889","일반이용업","0","0","2","2","0","0","3","","","","","0","0","0","N",
"1739","이용업","05_19_01_P","4291000","4291000-203-2008-00004","2008-03-13","","03","폐업","02","폐업","2015-03-23","","","","","24.15","","강원특별자치도 정선군 북평면 북평리 684-17","강원특별자치도 정선군 북평면 북평7길 36, 1층","26101","아빠이용소","2014-01-14 13:31:15","I","2023-06-13 00:00:00","일반이용업","347432.423354833","439839.505491741","일반이용업","0","0","1","1","0","0","2","","","","임대","0","1","0","N",
"1740","이용업","05_19_01_P","4291000","4291000-203-2007-00002","2007-05-21","","03","폐업","02","폐업","2019-11-28","","","","033 3782460","15.30","","강원특별자치도 정선군 신동읍 조동리 201-75","강원특별자치도 정선군 신동읍 조동8길 5-13","26141","신명이용소","2019-11-28 10:57:36","I","2023-06-13 00:00:00","일반이용업","348123.9317565","413917.323512049","일반이용업","1","0","1","1","0","0","3","","","","임대","0","0","0","N",
"1741","이용업","05_19_01_P","4291000","4291000-203-2007-00003","2007-11-27","","03","폐업","02","폐업","2009-02-24","","","","033 592 8222","12.00","","강원특별자치도 정선군 남면 무릉리 471","","","엘카지노이용원","2007-11-27 18:01:11","I","2023-06-13 00:00:00","일반이용업","357639.357189135","417511.207796056","일반이용업","10","2","2","2","0","0","2","","","","임대","0","0","0","N",
"1742","이용업","05_19_01_P","4291000","4291000-203-2008-00001","2008-03-24","","03","폐업","02","폐업","2010-05-17","","","","033 590 1770","6.32","","강원특별자치도 정선군 고한읍 고한리 143","","","선데일이용소","2008-03-25 08:37:07","I","2023-06-13 00:00:00","일반이용업","","","일반이용업","0","0","3","3","0","0","2","","","","임대","0","0","0","N",
"1743","이용업","05_19_01_P","4291000","4291000-203-2009-00001","2009-02-06","","03","폐업","02","폐업","2015-11-23","","","","","30.00","","강원특별자치도 정선군 신동읍 예미리 672-15","강원특별자치도 정선군 신동읍 의림로 302","26138","신세계이발관","2009-02-06 11:29:49","I","2023-06-13 00:00:00","일반이용업","345849.665568481","414225.335627148","일반이용업","0","0","1","1","0","0","3","","","","","0","0","0","N",
"1744","이용업","05_19_01_P","4291000","4291000-203-2009-00002","2009-04-29","","03","폐업","02","폐업","2014-11-28","","","","033 592 8222","11.17","","강원특별자치도 정선군 남면 무릉리 471 (2층)","강원특별자치도 정선군 남면 무릉1로 85 ((2층))","26146","엘카지노이용원","2013-11-11 11:44:23","I","2023-06-13 00:00:00","일반이용업","357639.357189135","417511.207796056","일반이용업","0","0","2","2","0","0","2","","","","","0","0","0","N",
"1745","이용업","05_19_01_P","4291000","4291000-203-2010-00001","2010-04-12","","03","폐업","02","폐업","2012-02-28","","","","033 5920008","6.00","","강원특별자치도 정선군 사북읍 사북리 294-14 지1층","강원특별자치도 정선군 사북읍 파랑새길 20 (지1층)","26150","황실사우나이발실","2010-04-12 09:41:11","I","2023-06-13 00:00:00","일반이용업","361950.631295916","415051.856793276","일반이용업","0","1","0","0","0","0","2","","","","임대","0","0","0","N",
"1746","이용업","05_19_01_P","4291000","4291000-203-2020-00002","2020-09-15","","03","폐업","02","폐업","2021-05-17","","","","","6.00","","강원특별자치도 정선군 사북읍 사북리 294-14 선명스카이빌아파트","강원특별자치도 정선군 사북읍 파랑새길 20, 지하1층 (선명스카이빌아파트)","26150","황실사우나 이용실","2021-05-17 13:45:51","I","2023-06-13 00:00:00","일반이용업","361950.631295916","415051.856793276","일반이용업","9","2","0","0","1","1","2","","","","임대","0","0","0","N",
"1747","이용업","05_19_01_P","4291000","4291000-203-2018-00001","2018-03-14","","03","폐업","02","폐업","2018-08-31","","","","033 591 7144","10.00","","강원특별자치도 정선군 남면 무릉리 471 정선메이플관광호텔","강원특별자치도 정선군 남면 무릉1로 85, 정선메이플관광호텔 2층","26146","사우나 내 이발실","2018-08-31 13:44:19","I","2023-06-13 00:00:00","일반이용업","357639.357189135","417511.207796056","일반이용업","0","0","2","2","0","0","2","","","","","0","0","0","N",
"1748","이용업","05_19_01_P","4291000","4291000-203-1994-00002","1994-11-18","","03","폐업","02","폐업","2024-08-29","","","","033 5913798","21.12","","강원특별자치도 정선군 고한읍 고한리 62-242","강원특별자치도 정선군 고한읍 고한4길 14","26155","장애인복지이용원","2024-08-29 11:09:26","U","2024-08-31 02:40:00","일반이용업","364432.806480961","412710.297366774","일반이용업","2","0","2","2","0","0","2","","","","자가","0","0","0","N",
"1749","이용업","05_19_01_P","4291000","4291000-203-2020-00001","2020-05-14","","03","폐업","02","폐업","2022-01-06","","","","","20.00","","강원특별자치도 정선군 신동읍 조동리 200-3","강원특별자치도 정선군 신동읍 함백로 321","26141","신명이용소","2022-01-06 10:26:21","I","2023-06-13 00:00:00","일반이용업","348125.553366541","413914.402243114","일반이용업","2","0","1","1","0","0","2","","","","임대","0","0","0","N",
"1750","이용업","05_19_01_P","4291000","4291000-203-1983-00001","1983-07-04","","03","폐업","02","폐업","2022-12-21","","","","033 5625772","22.31","","강원특별자치도 정선군 정선읍 봉양리 349-14","강원특별자치도 정선군 정선읍 봉양7길 45-1","26130","한양이용소","2022-12-21 09:36:31","I","2023-06-13 00:00:00","일반이용업","347431.075526395","432278.87372439","일반이용업","2","0","1","1","0","0","3","","","","임대","0","0","0","N",
"1751","이용업","05_19_01_P","4291000","4291000-203-1982-00002","1982-09-18","","03","폐업","02","폐업","2004-10-13","","","","033 5630409","18.44","","강원특별자치도 정선군 정선읍 봉양리 46-21 9통","","","삼성이용소","2003-09-30 00:00:00","I","2023-06-13 00:00:00","일반이용업","347890.318346329","432636.480253243","일반이용업","1","0","1","1","0","0","2","","","","자가","0","0","0","N",
"1752","이용업","05_19_01_P","4291000","4291000-203-1985-00001","1985-06-21","","03","폐업","02","폐업","2005-04-08","","","","033 5630957","14.58","","강원특별자치도 정선군 정선읍 봉양리 48-36 9통3반","","","정선이용소","2003-10-27 00:00:00","I","2023-06-13 00:00:00","일반이용업","347956.231904331","432542.955095712","일반이용업","0","0","0","0","0","0","0","","","","","0","0","0","N",
"1753","이용업","05_19_01_P","4291000","4291000-203-1995-00001","1995-11-07","","03","폐업","02","폐업","2003-04-25","","","","033 5628171","0.00","","강원특별자치도 정선군 정선읍 봉양리 57-10 5통","","","아빠이용소","2003-05-06 00:00:00","I","2023-06-13 00:00:00","일반이용업","347956.342913078","432408.731989152","일반이용업","0","0","0","0","0","0","0","","","","","0","0","0","N",
"1754","이용업","05_19_01_P","4291000","4291000-203-1998-00001","1998-04-20","","03","폐업","02","폐업","2003-07-24","","","","033 5635522","0.00","","강원특별자치도 정선군 정선읍 봉양리 703-7 1통","","","그림카트실이용소","2003-07-25 00:00:00","I","2023-06-13 00:00:00","일반이용업","","","일반이용업","0","0","0","0","0","0","0","","","","","0","0","0","N",
"1755","이용업","05_19_01_P","4291000","4291000-203-1981-00001","1981-08-17","","03","폐업","02","폐업","2015-09-16","","","","033 5924704","0.00","","강원특별자치도 정선군 고한읍 고한리 106-8","강원특별자치도 정선군 고한읍 고한로 91-1","26155","명보이용소","2014-01-21 15:51:01","I","2023-06-13 00:00:00","일반이용업","364044.835223427","413075.793580815","일반이용업","0","0","0","0","0","0","0","","","","","0","0","0","N",
"1756","이용업","05_19_01_P","4291000","4291000-203-1998-00002","1998-03-25","","03","폐업","02","폐업","2008-07-16","","","","033 5916685","19.44","","강원특별자치도 정선군 고한읍 고한리 274-12 9통2반","","","명심이용소","2003-10-28 00:00:00","I","2023-06-13 00:00:00","일반이용업","364655.588406188","412587.850186102","일반이용업","2","0","1","1","0","0","3","","","","임대","0","0","0","N",
"1757","이용업","05_19_01_P","4291000","4291000-203-1994-00001","1994-08-24","","03","폐업","02","폐업","2003-05-06","","","","033 5914149","0.00","","강원특별자치도 정선군 고한읍 고한리 36 12통","","","삼탄복지이용소","2003-05-06 00:00:00","I","2023-06-13 00:00:00","일반이용업","365282.167350173","412063.19337897","일반이용업","0","0","0","0","0","0","0","","","","","0","0","0","N",
"1758","이용업","05_19_01_P","4291000","4291000-203-1995-00002","1995-08-08","","03","폐업","02","폐업","2003-05-06","","","","033 5910653","0.00","","강원특별자치도 정선군 고한읍 고한리 0 19통2반","","","경북이용소","2003-05-06 00:00:00","I","2023-06-13 00:00:00","일반이용업","","","일반이용업","0","0","0","0","0","0","0","","","","","0","0","0","N",
"1759","이용업","05_19_01_P","4291000","4291000-203-2001-00002","2001-05-16","","03","폐업","02","폐업","2002-01-23","","","","","0.00","","강원특별자치도 정선군 고한읍 고한리 62-104","","","9.9이용소","2003-06-05 00:00:00","I","2023-06-13 00:00:00","일반이용업","364482.938232386","412631.90279065","일반이용업","0","0","0","0","0","0","0","","","","","0","0","0","N",
"1760","이용업","05_19_01_P","4291000","4291000-203-1987-00001","1987-02-24","","03","폐업","02","폐업","2003-09-22","","","","033 5923846","0.00","","강원특별자치도 정선군 사북읍 사북리 367-6 4통5반","","","아리랑이용소","2003-09-22 00:00:00","I","2023-06-13 00:00:00","일반이용업","361020.274971574","415482.388569818","일반이용업","0","0","0","0","0","0","0","","","","","0","0","0","N",
"1761","이용업","05_19_01_P","4291000","4291000-203-1995-00003","1995-01-06","","03","폐업","02","폐업","2016-05-26","","","","033 5927037","0.00","","강원특별자치도 정선군 사북읍 사북리 368-24 8통","강원특별자치도 정선군 사북읍 사북3길 25","","충남이용소","2001-09-10 00:00:00","I","2023-06-13 00:00:00","일반이용업","361239.469391358","415526.270081238","일반이용업","0","0","0","0","0","0","0","","","","","0","0","0","N",
"1762","이용업","05_19_01_P","4291000","4291000-203-1991-00001","1991-01-15","","03","폐업","02","폐업","2002-05-09","","","","033 5928577","0.00","","강원특별자치도 정선군 사북읍 사북리 0 3통","","","역전이용소","2003-08-19 00:00:00","I","2023-06-13 00:00:00","일반이용업","","","일반이용업","0","0","0","0","0","0","0","","","","","0","0","0","N",
"1763","이용업","05_19_01_P","4291000","4291000-203-1992-00001","1992-11-16","","03","폐업","02","폐업","2003-05-09","","","","033 5926685","0.00","","강원특별자치도 정선군 사북읍 사북리 0 3통","","","대흥이용소","2003-05-09 00:00:00","I","2023-06-13 00:00:00","일반이용업","","","일반이용업","0","0","0","0","0","0","0","","","","","0","0","0","N",
"1764","이용업","05_19_01_P","4291000","4291000-203-1994-00004","1994-02-14","","03","폐업","02","폐업","2002-05-09","","","","033 5920538","0.00","","강원특별자치도 정선군 사북읍 사북리 00 4통","","","궁전이용소","2003-05-09 00:00:00","I","2023-06-13 00:00:00","일반이용업","","","일반이용업","0","0","0","0","0","0","0","","","","","0","0","0","N",
"1765","이용업","05_19_01_P","4291000","4291000-203-1995-00004","1995-06-09","","03","폐업","02","폐업","2003-05-09","","","","033 5928629","0.00","","강원특별자치도 정선군 사북읍 사북리 0 3통19반","","","은혜이용소","2003-05-09 00:00:00","I","2023-06-13 00:00:00","일반이용업","","","일반이용업","0","0","0","0","0","0","0","","","","","0","0","0","N",
"1766","이용업","05_19_01_P","4291000","4291000-203-1998-00003","1998-05-26","","03","폐업","02","폐업","2003-05-09","","","","033 5927074","0.00","","강원특별자치도 정선군 사북읍 사북리 0 7통","","","오복이용소","2003-05-09 00:00:00","I","2023-06-13 00:00:00","일반이용업","","","일반이용업","0","0","0","0","0","0","0","","","","","0","0","0","N",
"1767","이용업","05_19_01_P","4291000","4291000-203-1985-00003","1985-08-13","","03","폐업","02","폐업","2025-10-16","","","","033 3787289","0.00","","강원특별자치도 정선군 신동읍 예미리 718-9","강원특별자치도 정선군 신동읍 의림로 283-1","26138","현대이용소","2025-10-16 15:26:36","U","2025-10-21 02:40:00","일반이용업","345865.894394033","414064.408259651","일반이용업","0","0","0","0","0","0","0","","","","","0","0","0","N",
"1768","이용업","05_19_01_P","4291000","4291000-203-1978-00001","1978-09-11","","03","폐업","02","폐업","2003-05-09","","","","033 3781383","0.00","","강원특별자치도 정선군 신동읍 예미리 0 6통","","","부흥이용소","2003-05-09 00:00:00","I","2023-06-13 00:00:00","일반이용업","","","일반이용업","0","0","0","0","0","0","0","","","","","0","0","0","N",
"1769","이용업","05_19_01_P","4291000","4291000-203-1991-00002","1991-12-03","","03","폐업","02","폐업","2009-11-30","","","","","0.00","","강원특별자치도 정선군 신동읍 조동리 4-25 3통5반","","","시온이용소","2003-05-09 00:00:00","I","2023-06-13 00:00:00","일반이용업","350274.836920246","413915.134795213","일반이용업","0","0","0","0","0","0","0","","","","","0","0","0","N",
"1770","이용업","05_19_01_P","4291000","4291000-203-1997-00001","1997-11-14","","03","폐업","02","폐업","2003-06-05","","","","033 3781849","0.00","","강원특별자치도 정선군 신동읍 조동리 198-4 5통2반","","","덕성이용소","2003-06-05 00:00:00","I","2023-06-13 00:00:00","일반이용업","348182.333641751","413912.469073579","일반이용업","0","0","0","0","0","0","0","","","","","0","0","0","N",
"1771","이용업","05_19_01_P","4291000","4291000-203-1980-00001","1980-04-01","","03","폐업","02","폐업","2020-11-19","","","","033 5624367","24.84","","강원특별자치도 정선군 여량면 여량리 115-11","강원특별자치도 정선군 여량면 서동로 2920-1","26106","부흥이용소","2020-11-19 15:47:15","I","2023-06-13 00:00:00","일반이용업","352445.912043855","442450.716048859","일반이용업","1","0","1","1","0","0","2","","","","임대","0","0","0","N",
"1772","이용업","05_19_01_P","4291000","4291000-203-2001-00004","2001-09-10","","03","폐업","02","폐업","2003-05-09","","","","","0.00","","강원특별자치도 정선군 여량면 여량리 0 2통","","","중앙이용소","2003-05-09 00:00:00","I","2023-06-13 00:00:00","일반이용업","","","일반이용업","0","0","0","0","0","0","0","","","","","0","0","0","N",
"1773","이용업","05_19_01_P","4291000","4291000-203-1995-00005","1995-05-31","","03","폐업","02","폐업","2005-12-05","","","","033 5621144","24.15","","강원특별자치도 정선군 북평면 북평리 685 6통4반","","","아빠이용소","2003-10-27 00:00:00","I","2023-06-13 00:00:00","일반이용업","347431.314364333","439855.00128046","일반이용업","2","0","1","1","0","0","3","","","","임대","0","0","0","N",
"1774","이용업","05_19_01_P","4291000","4291000-203-2001-00005","2001-05-29","","03","폐업","02","폐업","2003-06-10","","","","","0.00","","강원특별자치도 정선군 북평면 북평리 740-18 1통2반","","","나전이용원","2003-06-11 00:00:00","I","2023-06-13 00:00:00","일반이용업","346976.689605844","439383.071806231","일반이용업","0","0","0","0","0","0","0","","","","","0","0","0","N",
"1775","이용업","05_19_01_P","4291000","4291000-203-1981-00002","1981-08-27","","03","폐업","02","폐업","2003-05-09","","","","033 5626434","0.00","","강원특별자치도 정선군 임계면 송계리 0 3통","","","임계이용소","2003-05-09 00:00:00","I","2023-06-13 00:00:00","일반이용업","","","일반이용업","0","0","0","0","0","0","0","","","","","0","0","0","N",
"1776","이용업","05_19_01_P","4291000","4291000-203-1990-00001","1990-04-14","","03","폐업","02","폐업","2009-10-14","","","","033 5623862","23.25","","강원특별자치도 정선군 임계면 송계리 757-1","","","현대이용소","2003-09-19 00:00:00","I","2023-06-13 00:00:00","일반이용업","363499.642694612","445278.656327479","일반이용업","2","0","1","1","0","0","3","","","","임대","0","0","0","N",
"1777","이용업","05_19_01_P","4291000","4291000-203-2001-00006","2001-04-24","","03","폐업","02","폐업","2007-08-17","","","","033 5635667","22.78","","강원특별자치도 정선군 임계면 송계리 765-8","","","서정이용소","2006-02-23 00:00:00","I","2023-06-13 00:00:00","일반이용업","","","일반이용업","3","0","1","1","0","0","3","","","","임대","0","0","0","N",
"1778","이용업","05_19_01_P","4291000","4291000-203-1998-00005","1998-02-13","","03","폐업","02","폐업","2009-10-16","","","","033 5632503","14.31","","강원특별자치도 정선군 화암면 화암리 529","","","동면이용소","2003-09-18 00:00:00","I","2023-06-13 00:00:00","일반이용업","","","일반이용업","1","0","1","1","0","0","2","","","","임대","0","0","0","N",
"1779","이용업","05_19_01_P","4291000","4291000-203-1998-00006","1998-08-11","","03","폐업","02","폐업","2009-10-16","","","","033 5915549","17.40","","강원특별자치도 정선군 남면 무릉리 612-3 4통6반","","","고향이발관","2003-11-04 00:00:00","I","2023-06-13 00:00:00","일반이용업","357399.896464233","417341.85114045","일반이용업","1","0","0","0","0","0","3","","","","","0","0","0","N",
"1780","이용업","05_19_01_P","4291000","4291000-203-2000-00001","2000-04-01","","03","폐업","02","폐업","2003-09-22","","","","033 5911018","0.00","","강원특별자치도 정선군 남면 무릉리 635-4 4통태양빌라 0동 101호","","","태양이발소","2003-09-22 00:00:00","I","2023-06-13 00:00:00","일반이용업","357345.566660148","417473.723095627","일반이용업","0","0","0","0","0","0","0","","","","","0","0","0","N",
"1781","이용업","05_19_01_P","4291000","4291000-203-2005-00002","2005-11-09","","03","폐업","02","폐업","2006-10-27","","","","5928222","8.80","","강원특별자치도 정선군 남면 무릉리 471","","","서울이용원","2005-11-09 00:00:00","I","2023-06-13 00:00:00","일반이용업","357639.357189135","417511.207796056","일반이용업","0","0","2","2","0","0","2","","","","임대","0","0","0","N",
"1782","이용업","05_19_01_P","4291000","4291000-203-2006-00001","2006-03-17","","03","폐업","02","폐업","2006-03-24","","","","","7.00","","강원특별자치도 정선군 남면 무릉리 471 2층(목욕장내)","","","엘카지노이용소","2006-03-17 00:00:00","I","2023-06-13 00:00:00","일반이용업","357639.357189135","417511.207796056","일반이용업","8","1","2","2","0","0","2","","","","임대","0","0","0","N",
"1783","이용업","05_19_01_P","4291000","4291000-203-2006-00002","2006-03-21","","03","폐업","02","폐업","2013-10-01","","","","033 5622303","17.00","","강원특별자치도 정선군 북평면 북평리 740-18","","","아빠이용소","2006-03-21 00:00:00","I","2023-06-13 00:00:00","일반이용업","","","일반이용업","0","0","0","0","0","0","2","","","","임대","0","0","0","N",
"1784","이용업","05_19_01_P","4291000","4291000-203-2006-00003","2006-04-06","","03","폐업","02","폐업","2007-04-03","","","","033 5928222","15.00","","강원특별자치도 정선군 남면 무릉리 471","","","엘카지노이용원","2006-04-06 00:00:00","I","2023-06-13 00:00:00","일반이용업","357639.357189135","417511.207796056","일반이용업","0","0","2","2","0","0","2","","","","","0","0","0","N",
"1785","이용업","05_19_01_P","4291000","4291000-203-2006-00004","2006-05-10","","03","폐업","02","폐업","2022-09-26","","","","133 5928577","27.00","","강원특별자치도 정선군 사북읍 사북리 377-1","강원특별자치도 정선군 사북읍 사북중앙로 25-1","26153","역전궁전헤어타운","2022-09-26 15:34:03","I","2023-06-13 00:00:00","일반이용업","361248.242610279","415463.85100897","일반이용업","3","1","1","1","0","0","4","","","","임대","0","0","0","N",
"1786","이용업","05_19_01_P","4291000","4291000-203-2002-00003","2002-05-09","","03","폐업","02","폐업","2006-05-04","","","","033 5928577","0.00","","강원특별자치도 정선군 사북읍 사북리 377-1 3통","","","역전궁전헤어타운","2003-10-31 00:00:00","I","2023-06-13 00:00:00","일반이용업","361248.242610279","415463.85100897","일반이용업","0","0","0","0","0","0","0","","","","","0","0","0","N",
"1787","이용업","05_19_01_P","4291000","4291000-203-2003-00006","2003-09-23","","03","폐업","02","폐업","2013-09-10","","","","033 5920538","35.12","","강원특별자치도 정선군 사북읍 사북리 369-15 3통6반","","","아리랑이용소","2003-10-31 00:00:00","I","2023-06-13 00:00:00","일반이용업","361356.016974076","415483.562898889","일반이용업","3","0","3","3","0","0","3","","","","임대","0","0","0","N",
"1788","이용업","05_19_01_P","4291000","4291000-203-2005-00001","2005-05-10","","03","폐업","02","폐업","2009-06-10","","","","","0.00","","강원특별자치도 정선군 정선읍 북실리 703-7","","","그림이용원","2005-05-10 00:00:00","I","2023-06-13 00:00:00","일반이용업","","","일반이용업","0","0","0","0","0","0","1","","","","임대","0","0","0","N",
"1789","이용업","05_19_01_P","4291000","4291000-203-2003-00001","2002-01-23","","03","폐업","02","폐업","2004-12-02","","","","033 5915066","99.00","","강원특별자치도 정선군 고한읍 고한리 62-104","","","카지노이용원","2003-09-18 00:00:00","I","2023-06-13 00:00:00","일반이용업","364482.938232386","412631.90279065","일반이용업","3","0","2","2","0","0","8","","","","임대","0","0","0","N",
"1790","이용업","05_19_01_P","4291000","4291000-203-2003-00004","2003-02-25","","03","폐업","02","폐업","2005-02-11","","","","033 3788812","0.00","","강원특별자치도 정선군 신동읍 예미리 758-2","","","신동복지회관이용소","2005-01-27 00:00:00","I","2023-06-13 00:00:00","일반이용업","345705.348527692","413553.68434485","일반이용업","0","0","0","0","0","0","0","","","","","0","0","0","N",
"1791","이용업","05_19_01_P","4301000","4301000-203-1998-00004","1998-05-08","","03","폐업","02","폐업","2007-07-30","","","","033 4586713","8.64","","강원특별자치도 철원군 서면 와수리 1216-89","","","청수이발관","2007-02-26 00:00:00","I","2023-06-13 00:00:00","일반이용업","238222.477186718","526602.607334632","일반이용업","0","0","0","0","0","0","0","","","","","0","0","0","N",
"1792","이용업","05_19_01_P","4301000","4301000-203-1986-00002","1986-11-14","","03","폐업","02","폐업","2011-12-28","","","","033 4583964","17.60","","강원특별자치도 철원군 근남면 육단리 283-24 1리","","","희망이발관","2005-12-07 00:00:00","I","2023-06-13 00:00:00","일반이용업","241048.991394316","526377.420089883","일반이용업","0","0","0","0","0","0","0","","","","","0","0","0","N",
"1793","이용업","05_19_01_P","4301000","4301000-203-1988-00001","1988-11-18","","03","폐업","02","폐업","2011-12-23","","","","033 4580118","12.93","","강원특별자치도 철원군 갈말읍 지경리 382-17 0통6반","","","88이발관","2005-12-05 00:00:00","I","2023-06-13 00:00:00","일반이용업","230416.488946723","526038.346147688","일반이용업","0","0","0","0","0","0","0","","","","","0","0","0","N",
"1794","이용업","05_19_01_P","4301000","4301000-203-1989-00001","1989-03-15","","03","폐업","02","폐업","2006-02-13","","","","033 4556453","0.00","","강원특별자치도 철원군 철원읍 화지리 00 8/4","","","제일이발관","2006-02-13 00:00:00","I","2023-06-13 00:00:00","일반이용업","","","일반이용업","0","0","0","0","0","0","0","","","","","0","0","0","N",
"1795","이용업","05_19_01_P","4301000","4301000-203-1995-00001","1995-02-11","","03","폐업","02","폐업","2010-03-15","","","","033 455 1720","35.38","","강원특별자치도 철원군 동송읍 이평리 682-9","","","미성이발관","2008-11-27 16:25:05","I","2023-06-13 00:00:00","일반이용업","219020.079682966","522683.735277193","일반이용업","0","0","0","0","0","0","0","","","","","0","0","0","N",
"1796","이용업","05_19_01_P","4301000","4301000-203-2003-00001","2003-03-14","","03","폐업","02","폐업","2004-10-22","","","","033 4521688","0.00","","강원특별자치도 철원군 갈말읍 내대리 804-2","","","대흥이발관","2004-10-25 00:00:00","I","2023-06-13 00:00:00","일반이용업","","","일반이용업","0","0","0","0","0","0","0","","","","","0","0","0","N",
"1797","이용업","05_19_01_P","4301000","4301000-203-2004-00001","2004-10-22","","03","폐업","02","폐업","2007-11-01","","","","033 4560718","127.00","","강원특별자치도 철원군 동송읍 이평리 681-10 ,680-63","","","서울이용소","2006-11-14 00:00:00","I","2023-06-13 00:00:00","일반이용업","219029.384914646","522867.672530901","일반이용업","2","0","2","2","0","0","9","","","","임대","0","0","0","N",
"1798","이용업","05_19_01_P","4301000","4301000-203-2005-00001","2005-01-12","","03","폐업","02","폐업","2013-01-30","","","","033 4520214","10.67","","강원특별자치도 철원군 갈말읍 지포리 50-2 (금강산타운내)","강원특별자치도 철원군 갈말읍 명성로149번길 10 (금강산타운내)","24043","금강산이발","2012-01-03 17:34:30","I","2023-06-13 00:00:00","일반이용업","226864.361588991","515863.511527232","일반이용업","7","1","3","3","0","0","3","","","","임대","0","0","0","N",
"1799","이용업","05_19_01_P","4301000","4301000-203-2007-00001","2007-12-06","","03","폐업","02","폐업","2009-03-18","","","","033 458 1093","7.28","","강원특별자치도 철원군 서면 와수리 1216-89 (2층 청수목욕탕내)","","","청수이발관","2007-12-06 09:45:44","I","2023-06-13 00:00:00","일반이용업","238057.99661166","526845.468984955","일반이용업","31","0","2","2","0","0","1","","","","임대","0","0","0","N",
"1800","이용업","05_19_01_P","4301000","4301000-203-2008-00001","2008-04-02","","03","폐업","02","폐업","2008-04-28","","","","","9.86","","강원특별자치도 철원군 동송읍 이평리 861-148 ,150,843-130 D동 수영장호","","","청강이용소","2008-04-15 17:15:48","I","2023-06-13 00:00:00","일반이용업","218331.08078075","522606.945929736","일반이용업","0","0","0","0","1","1","2","","","","임대","0","0","0","N",
"1801","이용업","05_19_01_P","4301000","4301000-203-2009-00001","2009-03-12","","03","폐업","02","폐업","2009-10-12","","","","","14.00","","강원특별자치도 철원군 동송읍 장흥리 20-20 한탄리버게르마늄온천호텔 (지하)","","","한탄리버호텔이발소","2009-03-12 11:30:11","I","2023-06-13 00:00:00","일반이용업","225376.4902074","520439.514215391","일반이용업","0","0","0","0","1","1","2","","","","","0","0","0","N",
"1802","이용업","05_19_01_P","4301000","4301000-203-2009-00002","2009-03-26","","03","폐업","02","폐업","2009-05-22","","","","","7.28","","강원특별자치도 철원군 서면 와수리 1216-89 VIP사우나 2층","","","브이아이피사우나 이발소","2009-04-03 10:28:14","I","2023-06-13 00:00:00","일반이용업","238222.477186718","526602.607334632","일반이용업","0","0","2","2","0","0","1","","","","","0","0","0","N",
"1803","이용업","05_19_01_P","4301000","4301000-203-2014-00002","2014-11-26","","03","폐업","02","폐업","2014-11-28","","","","","0.00","","강원특별자치도 철원군 갈말읍 지포리 50-2 금강산타운내3층","강원특별자치도 철원군 갈말읍 명성로149번길 10","24043","금강산이발관","2014-11-26 16:44:54","I","2023-06-13 00:00:00","일반이용업","226864.361588991","515863.511527232","일반이용업","0","0","0","0","0","0","0","","","","","0","0","0","N",
"1804","이용업","05_19_01_P","4301000","4301000-203-2004-00002","2004-12-27","","03","폐업","02","폐업","2015-01-15","","","","033 4551720","28.13","","강원특별자치도 철원군 갈말읍 지포리 50-2","강원특별자치도 철원군 갈말읍 명성로149번길 10","24043","금강산사우나이발관","2014-12-24 10:53:41","I","2023-06-13 00:00:00","일반이용업","226864.361588991","515863.511527232","일반이용업","3","0","1","1","0","0","3","","","","임대","0","0","0","N",
"1805","이용업","05_19_01_P","4301000","4301000-203-2009-00003","2009-09-28","","03","폐업","02","폐업","2012-07-11","","","","033 4561266","0.00","","강원특별자치도 철원군 동송읍 이평리 684-15","강원특별자치도 철원군 동송읍 금학로210번길 7-1, 3층","24015","태양이용소","2012-02-10 16:53:26","I","2023-06-13 00:00:00","일반이용업","219146.833343474","522769.846254268","일반이용업","3","1","3","3","0","0","4","","","","임대","0","0","0","N",
"1806","이용업","05_19_01_P","4301000","4301000-203-1996-00001","1996-02-21","","03","폐업","02","폐업","2005-12-15","","","","033 455","0.00","","강원특별자치도 철원군 동송읍 이평리 672-5","","","그이용원","2005-11-16 00:00:00","I","2023-06-13 00:00:00","일반이용업","219264.184686299","523025.109306962","일반이용업","0","0","0","0","0","0","0","","","","","0","0","0","N",
"1807","이용업","05_19_01_P","4301000","4301000-203-1999-00005","1999-08-11","","03","폐업","02","폐업","2004-04-12","","","","","0.00","","강원특별자치도 철원군 서면 와수리 1328 2통5반","","","그랜드이용원","2003-03-18 00:00:00","I","2023-06-13 00:00:00","일반이용업","","","일반이용업","0","0","0","0","0","0","0","","","","","0","0","0","N",
"1808","이용업","05_19_01_P","4301000","4301000-203-2013-00001","2013-05-30","","03","폐업","02","폐업","2014-02-24","","","","033 452 0213","6.19","","강원특별자치도 철원군 갈말읍 지포리 50-2","강원특별자치도 철원군 갈말읍 명성로149번길 10, 3층","24043","금강이용","2013-06-07 10:16:16","I","2023-06-13 00:00:00","일반이용업","226864.361588991","515863.511527232","일반이용업","6","0","3","3","0","0","2","","","","임대","0","0","0","N",
"1809","이용업","05_19_01_P","4301000","4301000-203-2000-00003","2000-03-20","","03","폐업","02","폐업","2009-04-29","","","","033 4551234","0.00","","강원특별자치도 철원군 동송읍 장흥리 20-20","","","철원관광호텔내 이발소","2003-09-08 00:00:00","I","2023-06-13 00:00:00","일반이용업","225376.4902074","520439.514215391","일반이용업","0","0","0","0","0","0","0","","","","","0","0","0","N",
"1810","이용업","05_19_01_P","4301000","4301000-203-1998-00001","1998-08-21","","03","폐업","02","폐업","2004-01-02","","","","","0.00","","강원특별자치도 철원군 갈말읍 신철원리 979-1 , 977-8.9","","","월드이용원","2005-01-13 00:00:00","I","2023-06-13 00:00:00","일반이용업","226937.677746179","515879.072198318","일반이용업","0","0","0","0","0","0","0","","","","","0","0","0","N",
"1811","이용업","05_19_01_P","4301000","4301000-203-1965-00001","1965-05-05","","03","폐업","02","폐업","2020-11-16","","","","033 4582651","22.00","","강원특별자치도 철원군 김화읍 학사리 211-1 1통3반","강원특별자치도 철원군 김화읍 김화로 605","24054","문화이발관","2020-11-16 12:24:27","I","2023-06-13 00:00:00","일반이용업","236636.268670339","527455.659602357","일반이용업","0","0","0","0","0","0","0","","","","","0","0","0","N",
"1812","이용업","05_19_01_P","4301000","4301000-203-1970-00002","1970-11-26","","03","폐업","02","폐업","2005-11-03","","","","033 4555566","18.20","","강원특별자치도 철원군 동송읍 오덕리 00 2/4","","","양촌이발관","2005-04-11 00:00:00","I","2023-06-13 00:00:00","일반이용업","","","일반이용업","0","0","0","0","0","0","0","","","","","0","0","0","N",
"1813","이용업","05_19_01_P","4301000","4301000-203-1973-00001","1973-06-04","","03","폐업","02","폐업","2011-12-26","","","","033 4583107","16.80","","강원특별자치도 철원군 김화읍 학사리 255-3 1/4","","","광성이발관","2008-12-29 09:29:40","I","2023-06-13 00:00:00","일반이용업","236680.89493577","527379.336163089","일반이용업","0","0","0","0","0","0","0","","","","","0","0","0","N",
"1814","이용업","05_19_01_P","4301000","4301000-203-1975-00001","1975-01-07","","03","폐업","02","폐업","2016-12-09","","","","033 4522992","18.00","","강원특별자치도 철원군 갈말읍 지포리 58-27 1통4반","강원특별자치도 철원군 갈말읍 명성로157번길 33","24043","지포이발관","2012-02-10 15:39:44","I","2023-06-13 00:00:00","일반이용업","226768.211927143","515984.025373485","일반이용업","0","0","0","0","0","0","0","","","","","0","0","0","N",
"1815","이용업","05_19_01_P","4301000","4301000-203-1977-00001","1977-09-29","","03","폐업","02","폐업","2005-01-28","","","","033 4582341","0.00","","강원특별자치도 철원군 서면 와수리 1186-9","","","칠성이용원","2005-01-28 00:00:00","I","2023-06-13 00:00:00","일반이용업","238499.369791057","526553.236964326","일반이용업","0","0","0","0","0","0","0","","","","","0","0","0","N",
"1816","이용업","05_19_01_P","4301000","4301000-203-1978-00001","1978-10-07","","03","폐업","02","폐업","2021-12-17","","","","033 4555208","22.70","","강원특별자치도 철원군 동송읍 이평리 568-61","강원특별자치도 철원군 동송읍 금학로 96-1","24021","광명이발관","2021-12-17 13:43:23","I","2023-06-13 00:00:00","일반이용업","219566.712457318","521719.952174253","일반이용업","0","0","0","0","0","0","0","","","","","0","0","0","N",
"1817","이용업","05_19_01_P","4301000","4301000-203-1981-00001","1981-01-09","","03","폐업","02","폐업","2006-10-20","","","","033 4550866","18.00","","강원특별자치도 철원군 동송읍 이평리 00 3/2","","","농협이발관","2005-04-11 00:00:00","I","2023-06-13 00:00:00","일반이용업","","","일반이용업","0","0","0","0","0","0","0","","","","","0","0","0","N",
"1818","이용업","05_19_01_P","4301000","4301000-203-1983-00001","1983-11-12","","03","폐업","02","폐업","2007-01-19","","","","033 4558535","17.00","","강원특별자치도 철원군 동송읍 이평리 852-15 7/6(시장마동)","","","동아이발관","2007-01-19 00:00:00","I","2023-06-13 00:00:00","일반이용업","218898.869624036","522821.885088557","일반이용업","0","0","0","0","0","0","0","","","","","0","0","0","N",
"1819","이용업","05_19_01_P","4301000","4301000-203-1999-00002","1999-12-28","","03","폐업","02","폐업","2004-03-23","","","","033 4558154","0.00","","강원특별자치도 철원군 동송읍 이평리 681-10","","","서울이발관","2004-06-07 00:00:00","I","2023-06-13 00:00:00","일반이용업","219029.384914646","522867.672530901","일반이용업","0","0","0","0","0","0","0","","","","","0","0","0","N",
"1820","이용업","05_19_01_P","4301000","4301000-203-2014-00001","2014-01-23","","03","폐업","02","폐업","2025-04-23","","","","","16.28","","강원특별자치도 철원군 동송읍 장흥리 20-20 자하1층","강원특별자치도 철원군 동송읍 태봉로 1799-22 (지하1층)","24023","한탄리버스파온천호텔이용실","2025-04-23 13:44:50","U","2025-04-25 02:40:00","일반이용업","225376.4902074","520439.514215391","일반이용업","3","1","0","0","1","1","2","","","","임대","0","1","0","N",
"1821","이용업","05_19_01_P","4301000","4301000-203-2008-00002","2008-07-01","","03","폐업","02","폐업","2012-09-03","","","","","6.00","","강원특별자치도 철원군 동송읍 이평리 681-22 용정사우나 3층(남탕)","강원특별자치도 철원군 동송읍 금학로 229, 3층 (현대타워빌딩(남탕))","24014","용정사우나이발실","2012-02-03 17:03:24","I","2023-06-13 00:00:00","일반이용업","218962.475003876","522899.311642041","일반이용업","0","0","0","0","0","0","1","","","","","0","0","0","N",
"1822","이용업","05_19_01_P","4301000","4301000-203-2010-00001","2010-01-25","","03","폐업","02","폐업","2016-02-03","","","","0334559484","16.80","","강원특별자치도 철원군 동송읍 이평리 852-15 마동","강원특별자치도 철원군 동송읍 동송시장길 3-5, 마동 1층","24014","서울이용원","2015-12-17 16:56:45","I","2023-06-13 00:00:00","일반이용업","218898.869624036","522821.885088557","일반이용업","0","0","1","1","0","0","2","","","","","0","0","0","N",
"1823","이용업","05_19_01_P","4301000","4301000-203-2011-00001","2011-01-20","","03","폐업","02","폐업","2013-07-08","","","","","17.20","","강원특별자치도 철원군 동송읍 장흥리 20-20 한탄리버스파호텔 (남탕)","강원특별자치도 철원군 동송읍 태봉로 1799-22 (한탄리버스파호텔(남탕))","24023","한탄리버스파호텔이용실","2012-02-10 17:47:31","I","2023-06-13 00:00:00","일반이용업","225376.4902074","520439.514215391","일반이용업","0","0","0","0","1","1","2","","","","","0","0","0","N",
"1824","이용업","05_19_01_P","4311000","4311000-203-2000-00002","2000-01-12","","03","폐업","02","폐업","2012-10-04","","","","033 4422679","0.00","","강원특별자치도 화천군 화천읍 아리 66-41 3통1반","","","오성이용소","2003-04-25 00:00:00","I","2023-06-13 00:00:00","일반이용업","","","일반이용업","1","0","1","1","0","0","3","","","","","0","0","0","N",
"1825","이용업","05_19_01_P","4311000","4311000-203-2000-00003","2000-01-12","","03","폐업","02","폐업","2022-06-10","","","","033 4423669","28.00","","강원특별자치도 화천군 화천읍 하리 62-9 2통3반","강원특별자치도 화천군 화천읍 중앙로7길 19","24124","화천이용소","2022-06-10 11:33:53","I","2023-06-13 00:00:00","일반이용업","261932.327767633","511577.623489067","일반이용업","1","0","1","1","0","0","3","","","","","0","0","0","N",
"1826","이용업","05_19_01_P","4311000","4311000-203-2000-00004","2000-01-12","","03","폐업","02","폐업","2010-06-18","","","","033 4422927","0.00","","강원특별자치도 화천군 화천읍 하리 53-27","","","새농민이용소","2010-01-06 14:41:47","I","2023-06-13 00:00:00","일반이용업","261744.912272464","511325.19897752","일반이용업","1","0","1","1","0","0","4","","","","","0","0","0","N",
"1827","이용업","05_19_01_P","4311000","4311000-203-2000-00006","2000-01-12","","03","폐업","02","폐업","2001-12-31","","","","033 4410140","0.00","","강원특별자치도 화천군 화천읍 아리 43-5 1통4반","","","대동이용소","2002-01-02 00:00:00","I","2023-06-13 00:00:00","일반이용업","","","일반이용업","4","1","0","0","1","0","4","","","","","0","0","0","N",
"1828","이용업","05_19_01_P","4311000","4311000-203-2000-00007","2000-01-12","","03","폐업","02","폐업","2002-12-05","","","","033 4424200","0.00","","강원특별자치도 화천군 화천읍 하리 00 2통1반","","","중앙이용소","2002-12-06 00:00:00","I","2023-06-13 00:00:00","일반이용업","","","일반이용업","2","0","2","0","0","0","4","","","","","0","0","0","N",
"1829","이용업","05_19_01_P","4311000","4311000-203-2000-00008","2000-01-12","","03","폐업","02","폐업","2007-06-04","","","","033 4420180","0.00","","강원특별자치도 화천군 화천읍 아리 66-43 3통1반","","","봉화이용소","2003-04-10 00:00:00","I","2023-06-13 00:00:00","일반이용업","","","일반이용업","2","0","1","1","0","0","3","","","","","0","0","0","N",
"1830","이용업","05_19_01_P","4311000","4311000-203-2000-00009","2000-01-12","","03","폐업","02","폐업","2001-11-16","","","","033 4424992","0.00","","강원특별자치도 화천군 화천읍 하리 101-28","","","명성이발관","2001-11-19 00:00:00","I","2023-06-13 00:00:00","일반이용업","261698.377479394","511589.957284681","일반이용업","2","1","2","0","1","0","7","","","","","0","0","0","N",
"1831","이용업","05_19_01_P","4311000","4311000-203-2000-00010","2000-01-12","","03","폐업","02","폐업","2004-12-20","","","","033 4426732","0.00","","강원특별자치도 화천군 화천읍 아리 66-69 1통6반","","","황해이용소","2004-12-20 00:00:00","I","2023-06-13 00:00:00","일반이용업","","","일반이용업","2","0","1","1","0","0","3","","","","","0","0","0","N",
"1832","이용업","05_19_01_P","4311000","4311000-203-2000-00011","2000-01-12","","03","폐업","02","폐업","2020-05-13","","","","033 4425069","0.00","","강원특별자치도 화천군 간동면 오음리 00 1통3반","강원특별자치도 화천군 간동면 파로호로 1175","24137","새마을이용소","2020-05-13 13:12:29","I","2023-06-13 00:00:00","일반이용업","271594.795666859","506176.013542512","일반이용업","2","0","1","1","0","0","3","","","","","0","0","0","N",
"1833","이용업","05_19_01_P","4311000","4311000-203-2000-00012","2000-01-12","","03","폐업","02","폐업","2002-12-27","","","","033 4425065","0.00","","강원특별자치도 화천군 간동면 오음리 00","","","중앙이용소","2002-12-27 00:00:00","I","2023-06-13 00:00:00","일반이용업","","","일반이용업","1","0","1","0","0","0","3","","","","","0","0","0","N",
"1834","이용업","05_19_01_P","4311000","4311000-203-2000-00013","2000-01-12","","03","폐업","02","폐업","2003-04-29","","","","033 4413652","0.00","","강원특별자치도 화천군 하남면 원천리 00","","","원천이용소","2003-04-29 00:00:00","I","2023-06-13 00:00:00","일반이용업","","","일반이용업","1","0","1","1","0","0","3","","","","","0","0","0","N",
"1835","이용업","05_19_01_P","4311000","4311000-203-2000-00016","2000-01-12","","03","폐업","02","폐업","2005-07-26","","","","033 4421646","0.00","","강원특별자치도 화천군 상서면 산양리 512-4 1통4반","","","동원이발관","2005-07-26 00:00:00","I","2023-06-13 00:00:00","일반이용업","258099.626795359","523284.211281764","일반이용업","1","0","1","1","0","0","4","","","","","0","0","0","N",
"1836","이용업","05_19_01_P","4311000","4311000-203-2000-00018","2000-01-12","","03","폐업","02","폐업","2006-02-15","","","","033 4414345","0.00","","강원특별자치도 화천군 사내면 사창리 00 3통4반","","","화랑이용소","2003-04-10 00:00:00","I","2023-06-13 00:00:00","일반이용업","","","일반이용업","1","0","1","1","0","0","3","","","","","0","0","0","N",
"1837","이용업","05_19_01_P","4311000","4311000-203-2000-00019","2000-01-12","","03","폐업","02","폐업","2002-12-05","","","","033 4415675","0.00","","강원특별자치도 화천군 사내면 사창리 214-5","","","춘천이용소","2002-12-06 00:00:00","I","2023-06-13 00:00:00","일반이용업","246055.362357288","507546.896606076","일반이용업","1","0","1","0","0","0","4","","","","","0","0","0","N",
"1838","이용업","05_19_01_P","4311000","4311000-203-2000-00020","2000-01-12","","03","폐업","02","폐업","2023-01-27","","","","033 4410027","0.00","","강원특별자치도 화천군 사내면 사창리 457-44 2통2반","강원특별자치도 화천군 사내면 사내로 41-1","24155","조양이용소","2023-02-03 11:44:01","I","2023-06-13 00:00:00","일반이용업","245648.295248744","507776.989874944","일반이용업","1","0","1","1","0","0","3","","","","","0","0","0","N",
"1839","이용업","05_19_01_P","4311000","4311000-203-2004-00002","2004-12-02","","03","폐업","02","폐업","2005-11-30","","","","","","","강원특별자치도 화천군 화천읍 하리 66-63","","","용화이용원","2005-11-30 00:00:00","I","2023-06-13 00:00:00","일반이용업","261823.271352846","511647.40836891","일반이용업","0","0","0","0","0","0","0","","","","","0","0","0","N",
"1840","이용업","05_19_01_P","4311000","4311000-203-2006-00001","2006-04-20","","03","폐업","02","폐업","2007-10-12","","","","033 4414150","23.20","","강원특별자치도 화천군 사내면 사창리 422-8","","","사내이발관","2006-04-20 00:00:00","I","2023-06-13 00:00:00","일반이용업","245836.204804152","507652.639622801","일반이용업","1","0","1","1","0","0","3","","","","임대","0","0","0","N",
"1841","이용업","05_19_01_P","4311000","4311000-203-2012-00002","2012-02-27","","03","폐업","02","폐업","2012-03-16","","","","","13.33","","강원특별자치도 화천군 화천읍 하리 101-23","강원특별자치도 화천군 화천읍 상승로 43-1","24121","신세계이용원","2012-02-27 17:22:31","I","2023-06-13 00:00:00","일반이용업","261690.748697692","511582.533483608","일반이용업","0","0","0","0","0","0","0","","","","","0","0","0","N",
"1842","이용업","05_19_01_P","4311000","4311000-203-2022-00001","2022-05-12","","03","폐업","02","폐업","2024-10-21","","","","","20.00","","강원특별자치도 화천군 사내면 사창리 457-75","강원특별자치도 화천군 사내면 사내로5길 9, 2층","24155","바버샾(#)","2024-10-21 14:10:04","U","2024-10-23 02:40:00","일반이용업","245656.616743415","507688.065619549","일반이용업","0","0","0","0","0","0","0","","","","","0","0","0","N",
"1843","이용업","05_19_01_P","4311000","4311000-203-2001-00001","2001-12-31","","03","폐업","02","폐업","2004-10-21","","","","033 4410140","0.00","","강원특별자치도 화천군 화천읍 아리 43-5 1통4반","","","대동이용소","2004-10-21 00:00:00","I","2023-06-13 00:00:00","일반이용업","","","일반이용업","0","0","0","0","0","0","0","","","","","0","0","0","N",
"1844","이용업","05_19_01_P","4311000","4311000-203-2002-00001","2002-12-06","","03","폐업","02","폐업","2010-07-23","","","","033 4424200","0.00","","강원특별자치도 화천군 화천읍 하리 44-490","","","중앙이발관","2003-04-25 00:00:00","I","2023-06-13 00:00:00","일반이용업","","","일반이용업","0","0","0","0","0","0","0","","","","","0","0","0","N",
"1845","이용업","05_19_01_P","4311000","4311000-203-2004-00001","2004-12-02","","03","폐업","02","폐업","2005-11-30","","","","033  4428605","18.17","","강원특별자치도 화천군 화천읍 하리 66-63","","","용화이용원","2005-11-30 00:00:00","I","2023-06-13 00:00:00","일반이용업","261823.271352846","511647.40836891","일반이용업","0","0","0","0","0","0","0","","","","","0","0","0","N",
"1846","이용업","05_19_01_P","4311000","4311000-203-2005-00001","2005-09-20","","03","폐업","02","폐업","2010-12-06","","","","033 4426732","19.04","","강원특별자치도 화천군 간동면 오음리 637-2","","","정든이용소","2005-09-20 00:00:00","I","2023-06-13 00:00:00","일반이용업","271662.777985767","506157.816945165","일반이용업","1","0","0","0","0","0","0","","","","","0","0","0","N",
"1847","이용업","05_19_01_P","4311000","4311000-203-2000-00005","2000-01-12","","03","폐업","02","폐업","2019-07-10","","","","033 4425895","0.00","","강원특별자치도 화천군 화천읍 하리 00 (1/2)","강원특별자치도 화천군 화천읍 상승로 38-6","24130","와와 헤어샵","2019-07-10 16:07:33","I","2023-06-13 00:00:00","일반이용업","261684.819465852","511485.118545578","일반이용업","0","0","0","0","0","0","4","","","","","0","0","0","N",
"1848","이용업","05_19_01_P","4311000","4311000-203-2022-00002","2022-06-14","","03","폐업","02","폐업","2022-12-16","","","","","20.00","","강원특별자치도 화천군 사내면 삼일리 699-17","","","27사단 용사이발소","2022-12-16 17:17:39","I","2023-06-13 00:00:00","일반이용업","244394.948731621","505530.967363291","일반이용업","0","0","0","0","0","0","2","","","","","0","0","0","N",
"1849","이용업","05_19_01_P","4321000","4321000-203-2023-00001","2023-08-23","","03","폐업","02","폐업","2023-12-06","","","","","5.00","","강원특별자치도 양구군 양구읍 고대리 471-1","강원특별자치도 양구군 양구읍 성곡로 173-7","24514","양구첨성대불가마찜질방 이발소","2023-12-06 16:17:02","U","2023-12-08 02:40:00","일반이용업","286567.692622505","514871.50999316","일반이용업","3","0","1","0","0","0","1","","","","","0","1","0","N",
"1850","이용업","05_19_01_P","4321000","4321000-203-1969-00001","1969-05-03","","03","폐업","02","폐업","2009-05-26","","","","033 4822984","0.00","","강원특별자치도 양구군 양구읍 상리 240-1","","","금광이용소","2002-03-26 00:00:00","I","2023-06-13 00:00:00","일반이용업","286780.86359551","511638.084991191","일반이용업","1","0","1","0","0","0","0","","","","","0","0","0","N",
"1851","이용업","05_19_01_P","4321000","4321000-203-1995-00001","1995-07-24","","03","폐업","02","폐업","2005-01-26","","","","033 4814249","0.00","","강원특별자치도 양구군 양구읍 상리 338-14","","","현대이용소","2005-02-16 00:00:00","I","2023-06-13 00:00:00","일반이용업","286677.294482252","512068.3968878","일반이용업","1","0","1","1","0","0","0","","","","","0","0","0","N",
"1852","이용업","05_19_01_P","4321000","4321000-203-1981-00001","1981-03-24","","03","폐업","02","폐업","2012-09-13","","","","033 4813309","16.57","","강원특별자치도 양구군 양구읍 상리 206-51","강원특별자치도 양구군 양구읍 비봉로 30-17","24537","길이용소","2002-03-26 00:00:00","I","2023-06-13 00:00:00","일반이용업","286584.826136061","511765.6646019","일반이용업","2","0","1","0","0","0","0","","","","","0","0","0","N",
"1853","이용업","05_19_01_P","4321000","4321000-203-1994-00001","1994-10-11","","03","폐업","02","폐업","2007-04-04","","","","033 4814478","0.00","","강원특별자치도 양구군 양구읍 하리 81-3","","","태광이용소","2002-03-26 00:00:00","I","2023-06-13 00:00:00","일반이용업","286484.504138836","512317.614972361","일반이용업","1","0","1","0","0","0","0","","","","","0","0","0","N",
"1854","이용업","05_19_01_P","4321000","4321000-203-1999-00001","1999-06-25","","03","폐업","02","폐업","2008-07-04","","","","033 4820363","10.35","","강원특별자치도 양구군 양구읍 상리 517-6","","","신협이용소","2002-03-26 00:00:00","I","2023-06-13 00:00:00","일반이용업","","","일반이용업","3","0","2","0","0","0","0","","","","","0","0","0","N",
"1855","이용업","05_19_01_P","4321000","4321000-203-1980-00001","1980-12-03","","03","폐업","02","폐업","2021-08-03","","","","033 4816090","21.00","","강원특별자치도 양구군 국토정중앙면 용하리 414-6","강원특별자치도 양구군 국토정중앙면 삼팔선로 2","24554","태양이용소","2021-08-03 11:45:31","I","2023-06-13 00:00:00","일반이용업","290586.899966682","512260.459997091","일반이용업","1","0","1","0","0","0","0","","","","","0","0","0","N",
"1856","이용업","05_19_01_P","4321000","4321000-203-2000-00001","2000-11-24","","03","폐업","02","폐업","2003-03-27","","","","","16.51","","강원특별자치도 양구군 동면 임당리 2-4","","","동해이용소","2003-04-07 00:00:00","I","2023-06-13 00:00:00","일반이용업","","","일반이용업","1","0","1","1","0","0","0","","","","","0","0","0","N",
"1857","이용업","05_19_01_P","4321000","4321000-203-1982-00001","1982-12-18","","03","폐업","02","폐업","2003-03-27","","","","033 4813981","0.00","","강원특별자치도 양구군 국토정중앙면 용하리 1","","","금성이용소","2003-04-07 00:00:00","I","2023-06-13 00:00:00","일반이용업","","","일반이용업","1","0","1","1","0","0","0","","","","","0","0","0","N",
"1858","이용업","05_19_01_P","4321000","4321000-203-1978-00001","1978-06-07","","03","폐업","02","폐업","2010-09-13","","","","","0.00","","강원특별자치도 양구군 동면 지석리 1","","","샘이용소","2002-03-29 00:00:00","I","2023-06-13 00:00:00","일반이용업","292074.5709573","520078.687326448","일반이용업","1","0","1","0","0","0","0","","","","","0","0","0","N",
"1859","이용업","05_19_01_P","4321000","4321000-203-1986-00001","1986-04-07","","03","폐업","02","폐업","2008-12-30","","","","033 4825353","42.78","","강원특별자치도 양구군 방산면 장평리 246","","","우정이용소","2003-12-16 00:00:00","I","2023-06-13 00:00:00","일반이용업","283110.936101505","523285.25975548","일반이용업","1","0","1","1","0","0","2","","","","임대","0","0","0","N",
"1860","이용업","05_19_01_P","4321000","4321000-203-1999-00003","1999-08-28","","03","폐업","02","폐업","2003-03-27","","","","033 4822213","0.00","","강원특별자치도 양구군 해안면 현리 1-1","","","해안이용소","2003-04-07 00:00:00","I","2023-06-13 00:00:00","일반이용업","299179.545748491","532734.976726343","일반이용업","1","0","1","1","0","0","0","","","","","0","0","0","N",
"1861","이용업","05_19_01_P","4321000","4321000-203-2001-00001","2001-03-30","","03","폐업","02","폐업","2015-07-14","","","","033 4821054","15.00","","강원특별자치도 양구군 해안면 현리 27-4","강원특별자치도 양구군 해안면 펀치볼로 1347","24563","대암이용소","2014-01-08 11:52:18","I","2023-06-13 00:00:00","일반이용업","299618.855213678","532316.667292148","일반이용업","1","0","1","0","0","0","0","","","","","0","0","0","N",
"1862","이용업","05_19_01_P","4321000","4321000-203-1999-00004","1999-10-11","","03","폐업","02","폐업","2008-06-10","","","","033 4812825","8.75","","강원특별자치도 양구군 양구읍 상리 262-12","","","세종드라이숍","2002-03-29 00:00:00","I","2023-06-13 00:00:00","일반이용업","286750.61746394","511876.532500495","일반이용업","4","1","2","0","0","0","0","","","","","0","0","0","N",
"1863","이용업","05_19_01_P","4321000","4321000-203-2008-00001","2008-07-04","","03","폐업","02","폐업","2014-09-03","","","","033 481 6025","10.35","","강원특별자치도 양구군 양구읍 상리 527-6","강원특별자치도 양구군 양구읍 양록길 28","24529","신협드라이숍","2008-07-04 16:30:29","I","2023-06-13 00:00:00","일반이용업","286368.246222826","511967.608795965","일반이용업","3","1","2","0","0","0","2","","","","임대","0","0","0","N",
"1864","이용업","05_19_01_P","4321000","4321000-203-2009-00001","2009-03-10","","03","폐업","02","폐업","2009-04-03","","","","","38.44","","강원특별자치도 양구군 양구읍 상리 332-19","","","노블레스","2009-03-10 15:14:56","I","2023-06-13 00:00:00","일반이용업","286738.037777196","512056.040203358","일반이용업","1","0","0","0","0","0","3","","","","임대","0","0","0","N",
"1865","이용업","05_19_01_P","4321000","4321000-203-2006-00001","2006-03-09","","03","폐업","02","폐업","2011-10-24","","","","033 4817704","26.68","","강원특별자치도 양구군 양구읍 상리 227-33","","","노루표이용원","2006-03-09 00:00:00","I","2023-06-13 00:00:00","일반이용업","","","일반이용업","3","0","1","0","0","0","3","","","","임대","0","0","0","N",
"1866","이용업","05_19_01_P","4321000","4321000-203-2014-00002","2014-11-04","","03","폐업","02","폐업","2015-04-27","","","","","0.00","","강원특별자치도 양구군 양구읍 상리 527-6","강원특별자치도 양구군 양구읍 양록길 28","24529","신협이용소","2014-11-04 17:10:16","I","2023-06-13 00:00:00","일반이용업","286368.246222826","511967.608795965","일반이용업","0","0","0","0","0","0","1","","","","","0","1","0","N",
"1867","이용업","05_19_01_P","4321000","4321000-203-2015-00001","2015-04-06","","03","폐업","02","폐업","2016-10-21","","","","033 481 0258","34.10","","강원특별자치도 양구군 동면 덕곡리 86-4","강원특별자치도 양구군 동면 금강산로 1546-5","24508","동면이용소","2015-04-06 14:51:30","I","2023-06-13 00:00:00","일반이용업","290728.050394465","521347.447418918","일반이용업","1","0","0","0","0","0","2","","","","임대","0","1","0","N",
"1868","이용업","05_19_01_P","4321000","4321000-203-2016-00001","2016-08-16","","03","폐업","02","폐업","2017-02-28","","","","","10.78","","강원특별자치도 양구군 양구읍 상리 259-11","강원특별자치도 양구군 양구읍 해시계로 24","24534","오늘은 염색하는 날","2016-08-31 09:02:27","I","2023-06-13 00:00:00","이용업 기타","286739.626981062","511790.18422513","이용업 기타","0","0","0","0","0","0","2","","","","임대","0","0","0","N",
"1869","이용업","05_19_01_P","4321000","4321000-203-1989-00001","1989-05-31","","03","폐업","02","폐업","2020-10-19","","","","","14.85","","","강원특별자치도 양구군 양구읍 양록길 108","24533","MR 머리나라(남성전문 헤어샵)","2020-10-19 15:17:34","I","2023-06-13 00:00:00","일반이용업","286760.205953904","511961.436783568","일반이용업","1","0","1","0","0","0","0","","","","","0","0","0","N",
"1870","이용업","05_19_01_P","4331000","4331000-203-2009-00001","2009-08-10","","03","폐업","02","폐업","2016-08-29","","","","033 462 5858","10.00","","강원특별자치도 인제군 북면 원통리 667","강원특별자치도 인제군 북면 금강로 56","24613","굿모닝이발소","2013-12-18 11:29:57","I","2023-06-13 00:00:00","일반이용업","305603.724510322","514221.025918779","일반이용업","0","0","0","0","0","0","2","","","","","0","0","0","N",
"1871","이용업","05_19_01_P","4331000","4331000-203-2014-00001","2014-01-13","","03","폐업","02","폐업","2014-08-12","","","","","33.00","","강원특별자치도 인제군 북면 원통리 644-26","강원특별자치도 인제군 북면 원통로174번길 3-2","24617","서라벌 이용원","2014-08-14 15:08:54","I","2023-06-13 00:00:00","일반이용업","305504.853147741","513956.270683165","일반이용업","1","0","1","1","0","0","3","","","","임대","0","0","0","N",
"1872","이용업","05_19_01_P","4331000","4331000-203-2005-00001","2005-11-04","","03","폐업","02","폐업","2009-11-24","","","","","23.04","","강원특별자치도 인제군 상남면 상남리 116-15","","","상남이용원","2005-11-21 00:00:00","I","2023-06-13 00:00:00","일반이용업","","","일반이용업","0","0","0","0","0","0","2","","","","임대","0","0","0","N",
"1873","이용업","05_19_01_P","4331000","4331000-203-2006-00001","2006-10-10","","03","폐업","02","폐업","2007-08-31","","","","","21.00","","강원특별자치도 인제군 북면 원통리 645-11","","","황금이용원","2006-10-10 00:00:00","I","2023-06-13 00:00:00","일반이용업","303327.478270197","614268.473756449","일반이용업","0","0","0","0","0","0","0","","","","","0","0","0","N",
"1874","이용업","05_19_01_P","4331000","4331000-203-2001-00001","2001-10-04","","03","폐업","02","폐업","2004-02-10","","","","","","","강원특별자치도 인제군 인제읍 상동리 263","","","부용이용원","2004-02-10 00:00:00","I","2023-06-13 00:00:00","일반이용업","302777.621999675","507760.491769663","일반이용업","0","0","0","0","0","0","0","","","","","0","0","0","N",
"1875","이용업","05_19_01_P","4331000","4331000-203-2004-00003","2004-10-12","","03","폐업","02","폐업","2011-12-29","","","","","0.00","","강원특별자치도 인제군 기린면 현리 639-7","","","현리이용소","2004-10-12 00:00:00","I","2023-06-13 00:00:00","일반이용업","","","일반이용업","0","0","0","0","0","0","0","","","","임대","0","0","0","N",
"1876","이용업","05_19_01_P","4331000","4331000-203-2000-00001","2000-05-27","","03","폐업","02","폐업","2004-10-26","","","","0334613 970","0.00","","강원특별자치도 인제군 북면 원통리 3","","","명동이용소","2003-09-02 00:00:00","I","2023-06-13 00:00:00","일반이용업","311263.385971539","518961.70427202","일반이용업","0","0","0","0","0","0","0","","","","","0","0","0","N",
"1877","이용업","05_19_01_P","4331000","4331000-203-1970-00001","1970-07-01","","03","폐업","02","폐업","2007-02-15","","","","","0.00","","강원특별자치도 인제군 인제읍 귀둔리 1","","","현대이용소","2003-11-28 00:00:00","I","2023-06-13 00:00:00","일반이용업","323190.381435917","502088.428535133","일반이용업","0","0","0","0","0","0","0","","","","","0","0","0","N",
"1878","이용업","05_19_01_P","4331000","4331000-203-1973-00001","1973-10-30","","03","폐업","02","폐업","2025-08-05","","","","033 4612278","27.10","","강원특별자치도 인제군 북면 원통리 656-18","강원특별자치도 인제군 북면 원통로 183-1","24612","명동이용소","2025-08-05 13:47:09","U","2025-08-07 02:40:00","일반이용업","305515.225007093","514084.519582454","일반이용업","0","0","0","0","0","0","0","","","","","0","0","0","N",
"1879","이용업","05_19_01_P","4331000","4331000-203-1981-00001","1981-05-06","","03","폐업","02","폐업","2006-03-10","","","","033 4612995","0.00","","강원특별자치도 인제군 인제읍 상동리 3","","","동일이용소","2004-04-12 00:00:00","I","2023-06-13 00:00:00","일반이용업","304286.356912667","506822.558928437","일반이용업","0","0","0","0","0","0","0","","","","","0","0","0","N",
"1880","이용업","05_19_01_P","4331000","4331000-203-1977-00001","1977-04-09","","03","폐업","02","폐업","2009-05-19","","","","","0.00","","강원특별자치도 인제군 북면 월학리 3","","","행운이용소","2003-11-27 00:00:00","I","2023-06-13 00:00:00","일반이용업","307549.606316811","520456.734452679","일반이용업","0","0","0","0","0","0","0","","","","","0","0","0","N",
"1881","이용업","05_19_01_P","4331000","4331000-203-1977-00002","1977-12-26","","03","폐업","02","폐업","2005-10-18","","","","","0.00","","강원특별자치도 인제군 북면 원통리 657-7","","","보성이용소","2005-10-31 00:00:00","I","2023-06-13 00:00:00","일반이용업","","","일반이용업","0","0","0","0","0","0","0","","","","","0","0","0","N",
"1882","이용업","05_19_01_P","4331000","4331000-203-1981-00002","1981-01-06","","03","폐업","02","폐업","2000-05-27","","","","","0.00","","강원특별자치도 인제군 북면 원통리 4 4통3반","","","명동이용소","2001-12-27 00:00:00","I","2023-06-13 00:00:00","일반이용업","","","일반이용업","0","0","0","0","0","0","0","","","","","0","0","0","N",
"1883","이용업","05_19_01_P","4331000","4331000-203-1970-00005","1970-07-01","","03","폐업","02","폐업","2023-03-21","","","","033 461 5461","0.00","","강원특별자치도 인제군 기린면 현리 412-9","강원특별자치도 인제군 기린면 기린로42번길 1","24660","제일이용소","2023-03-21 10:48:00","I","2023-06-13 00:00:00","일반이용업","315783.48352286","495619.784091213","일반이용업","0","0","0","0","0","0","0","","","","","0","0","0","N",
"1884","이용업","05_19_01_P","4331000","4331000-203-1982-00001","1982-03-25","","03","폐업","02","폐업","2004-02-25","","","","","0.00","","강원특별자치도 인제군 기린면 현리 5","","","태양이용소","2001-12-27 00:00:00","I","2023-06-13 00:00:00","일반이용업","317697.642483061","495071.35889408","일반이용업","0","0","0","0","0","0","0","","","","","0","0","0","N",
"1885","이용업","05_19_01_P","4331000","4331000-203-1977-00004","1977-05-07","","03","폐업","02","폐업","2007-06-18","","","","","35.70","","강원특별자치도 인제군 서화면 천도리 603-4","","","아람이용소","2001-12-27 00:00:00","I","2023-06-13 00:00:00","일반이용업","305685.170669345","524937.021461389","일반이용업","0","0","0","0","0","0","0","","","","","0","0","0","N",
"1886","이용업","05_19_01_P","4331000","4331000-203-1999-00001","1999-07-28","","03","폐업","02","폐업","2003-07-23","","","","033 4622804","49.92","","강원특별자치도 인제군 서화면 천도리 582-2","","","명성이용소","2003-07-23 00:00:00","I","2023-06-13 00:00:00","일반이용업","305851.385210373","525319.449646545","일반이용업","0","0","0","0","0","0","0","","","","","0","0","0","N",
"1887","이용업","05_19_01_P","4331000","4331000-203-1996-00001","1996-02-07","","03","폐업","02","폐업","2004-04-26","","","","","0.00","","강원특별자치도 인제군 상남면 상남리 1 1통4반","","","상남이용소","2001-12-27 00:00:00","I","2023-06-13 00:00:00","일반이용업","","","일반이용업","0","0","0","0","0","0","0","","","","","0","0","0","N",
"1888","이용업","05_19_01_P","4331000","4331000-203-2010-00001","2010-03-10","","03","폐업","02","폐업","2011-11-23","","","","033 462 9345","35.10","","강원특별자치도 인제군 서화면 천도리 602-5","","","명성이발관","2010-03-19 10:29:52","I","2023-06-13 00:00:00","일반이용업","305701.678129095","524933.191152612","일반이용업","1","0","10","0","0","1","3","","","","자가","0","0","0","N",
"1889","이용업","05_19_01_P","4331000","4331000-203-2011-00001","2011-11-16","","03","폐업","02","폐업","2017-03-03","","","","033 462 9345","33.39","","강원특별자치도 인제군 서화면 538-1","강원특별자치도 인제군 서화면 천도로152번길 1","","명성이발관","2017-03-08 10:45:18","I","2023-06-13 00:00:00","일반이용업","","","일반이용업","1","0","1","1","0","0","3","","","","임대","0","0","0","N",
"1890","이용업","05_19_01_P","4341000","4341000-203-1990-00001","1990-04-04","","03","폐업","02","폐업","2003-02-26","","","","6814788","17.08","","강원특별자치도 고성군 간성읍 신안리 309-3 1통2반","","","로얄이용소","2003-04-03 00:00:00","I","2023-06-13 00:00:00","일반이용업","328376.959686785","542939.062916743","일반이용업","0","0","0","0","0","0","0","","","","","0","0","0","N",
"1891","이용업","05_19_01_P","4341000","4341000-203-1991-00001","1991-05-16","","03","폐업","02","폐업","2005-02-28","","","","6826161","34.86","","강원특별자치도 고성군 거진읍 거진리 291-5 10통","","","조원이용원","2005-02-28 00:00:00","I","2023-06-13 00:00:00","일반이용업","326819.253580914","550101.099415351","일반이용업","0","0","0","0","0","0","0","","","","","0","0","0","N",
"1892","이용업","05_19_01_P","4341000","4341000-203-1991-00002","1991-06-10","","03","폐업","02","폐업","2008-04-07","","","","6826149","25.00","","강원특별자치도 고성군 현내면 대진리 179 4통","","","대진이용소","2001-08-29 00:00:00","I","2023-06-13 00:00:00","일반이용업","324315.355609105","555975.619391234","일반이용업","0","0","0","0","0","0","0","","","","","0","0","0","N",
"1893","이용업","05_19_01_P","4341000","4341000-203-1994-00001","1994-12-22","","03","폐업","02","폐업","2010-03-18","","","","6820152","24.96","","강원특별자치도 고성군 현내면 대진리 137-8 3통4반","","","영미이용소","2001-08-29 00:00:00","I","2023-06-13 00:00:00","일반이용업","324263.002409753","556041.710073681","일반이용업","0","0","0","0","0","0","0","","","","","0","0","0","N",
"1894","이용업","05_19_01_P","4341000","4341000-203-1995-00001","1995-10-20","","03","폐업","02","폐업","2010-07-20","","","","","11.30","","강원특별자치도 고성군 토성면 원암리 331-2 외2","","","일성설악콘도미니엄이용소","2006-06-26 00:00:00","I","2023-06-13 00:00:00","일반이용업","331627.272688906","523921.362834984","일반이용업","0","0","0","0","0","0","0","","","","","0","0","0","N",
"1895","이용업","05_19_01_P","4341000","4341000-203-1998-00001","1998-03-02","","03","폐업","02","폐업","2006-07-19","","","","","8.42","","강원특별자치도 고성군 토성면 원암리 362-1","","","현대콘도이용소","2003-02-19 00:00:00","I","2023-06-13 00:00:00","일반이용업","331792.603314893","524101.034298754","일반이용업","0","0","0","0","0","0","0","","","","","0","0","0","N",
"1896","이용업","05_19_01_P","4341000","4341000-203-1998-00002","1998-05-12","","03","폐업","02","폐업","2019-02-15","","","","033 6807800","12.40","","강원특별자치도 고성군 현내면 초도리 239","강원특별자치도 고성군 현내면 금강산로 416","24702","금강산이발소","2019-02-15 10:50:19","I","2023-06-13 00:00:00","일반이용업","323827.622943202","557255.90227721","일반이용업","0","0","0","0","0","0","0","","","","임대","0","0","0","N",
"1897","이용업","05_19_01_P","4341000","4341000-203-1998-00003","1998-06-23","","03","폐업","02","폐업","2011-04-27","","","","","13.50","","강원특별자치도 고성군 죽왕면 삼포리 243-14","","","성미이용소","2010-11-30 16:43:10","I","2023-06-13 00:00:00","일반이용업","333890.656719916","535977.54300572","일반이용업","0","0","0","0","0","0","2","","","","","0","0","0","N",
"1898","이용업","05_19_01_P","4341000","4341000-203-2005-00001","2005-01-18","","03","폐업","02","폐업","2006-09-12","","","","","13.50","","강원특별자치도 고성군 간성읍 신안리 146-3","","","황실이용실","2005-04-14 00:00:00","I","2023-06-13 00:00:00","일반이용업","","","일반이용업","0","0","3","3","0","0","2","","","","","0","0","0","N",
"1899","이용업","05_19_01_P","4341000","4341000-203-2005-00002","2005-02-28","","03","폐업","02","폐업","2019-07-18","","","","033 6814688","48.49","","강원특별자치도 고성군 간성읍 신안리 159-11","강원특별자치도 고성군 간성읍 간성로 20","24734","필이용소","2019-07-18 16:25:42","I","2023-06-13 00:00:00","일반이용업","328632.669959535","542786.700157189","일반이용업","2","0","2","2","0","0","2","","","","임대","0","0","0","N",
"1900","이용업","05_19_01_P","4341000","4341000-203-2001-00001","2001-04-30","","03","폐업","02","폐업","2011-09-14","","","","","21.66","","강원특별자치도 고성군 현내면 대진리 126","","","미진이용소","2011-09-14 16:56:36","I","2023-06-13 00:00:00","일반이용업","324166.829711554","556092.934569274","일반이용업","0","0","0","0","0","0","0","","","","","0","0","0","N",
"1901","이용업","05_19_01_P","4341000","4341000-203-2007-00001","2007-06-11","","03","폐업","02","폐업","2017-04-12","","","","033 6823752","26.22","","강원특별자치도 고성군 현내면 대진리 127-3","강원특별자치도 고성군 현내면 한나루로 136","24703","찬미이용원","2017-04-12 15:56:09","I","2023-06-13 00:00:00","일반이용업","324178.922554604","556127.546464321","일반이용업","0","0","0","0","0","0","2","","","","","0","0","0","N",
"1902","이용업","05_19_01_P","4341000","4341000-203-2000-00001","2000-01-28","","03","폐업","02","폐업","2023-05-10","","","","6317601","18.70","","강원특별자치도 고성군 토성면 봉포리 40-9","강원특별자치도 고성군 토성면 동해대로 4800","24765","이랜드파크켄싱턴리조트설악비치이용실","2023-05-10 10:21:18","I","2023-06-13 00:00:00","일반이용업","337573.921465005","527804.865006998","일반이용업","0","0","1","0","0","0","1","","","","임대","0","0","0","N",
"1903","이용업","05_19_01_P","4341000","4341000-203-2021-00001","2021-04-08","","03","폐업","02","폐업","2024-03-28","","","","","34.50","","강원특별자치도 고성군 거진읍 거진리 158-93","강원특별자치도 고성군 거진읍 거탄진로 157-1","24714","명장 이용원","2024-03-28 13:38:09","U","2024-03-30 02:40:00","일반이용업","327155.94511366","550472.813073387","일반이용업","2","0","1","1","0","0","2","","","","임대","0","1","0","N",
"1904","이용업","05_19_01_P","4341000","4341000-203-2003-00001","2003-02-12","","03","폐업","02","폐업","2006-09-29","","","","033 6810177","34.86","","강원특별자치도 고성군 거진읍 거진리 291-5 10통9반","","","신세계헤어샆","2005-03-03 00:00:00","I","2023-06-13 00:00:00","일반이용업","326819.253580914","550101.099415351","일반이용업","0","0","0","0","0","0","4","","","","","0","0","0","N",
"1905","이용업","05_19_01_P","4341000","4341000-203-2004-00002","2004-04-29","","03","폐업","02","폐업","2005-01-25","","","","","9.52","","강원특별자치도 고성군 죽왕면 삼포리 243-13","","","코레스코사우나이용소","2005-01-25 00:00:00","I","2023-06-13 00:00:00","일반이용업","","","일반이용업","2","0","2","2","0","0","2","","","","임대","0","0","0","N",
"1906","이용업","05_19_01_P","4341000","4341000-203-1963-00001","1963-10-04","","03","폐업","02","폐업","1996-07-22","","","","","14.40","","강원특별자치도 고성군 거진읍 자산리 0","","","갱생이용소","2001-10-12 00:00:00","I","2023-06-13 00:00:00","일반이용업","","","일반이용업","0","0","0","0","0","0","0","","","","","0","0","0","N",
"1907","이용업","05_19_01_P","4341000","4341000-203-1966-00002","1966-01-08","","03","폐업","02","폐업","1994-12-16","","","","","23.36","","강원특별자치도 고성군 현내면 대진리 0 3통4반","","","영미이용소","2001-10-12 00:00:00","I","2023-06-13 00:00:00","일반이용업","","","일반이용업","0","0","0","0","0","0","0","","","","","0","0","0","N",
"1908","이용업","05_19_01_P","4341000","4341000-203-1966-00003","1966-09-14","","03","폐업","02","폐업","1998-06-25","","","","","17.80","","강원특별자치도 고성군 토성면 아야진리 0 1통","","","은하이용소","2001-10-12 00:00:00","I","2023-06-13 00:00:00","일반이용업","","","일반이용업","0","0","0","0","0","0","0","","","","","0","0","0","N",
"1909","이용업","05_19_01_P","4341000","4341000-203-1963-00002","1963-02-18","","03","폐업","02","폐업","1998-06-25","","","","","11.70","","강원특별자치도 고성군 토성면 아야진리 0 3통","","","동명이용소","2001-10-12 00:00:00","I","2023-06-13 00:00:00","일반이용업","","","일반이용업","0","0","0","0","0","0","0","","","","","0","0","0","N",
"1910","이용업","05_19_01_P","4341000","4341000-203-1982-00001","1982-01-08","","03","폐업","02","폐업","1991-12-06","","","","","0.00","","강원특별자치도 고성군 간성읍 신안리 0 1통4반","","","태은이용소","2001-10-12 00:00:00","I","2023-06-13 00:00:00","일반이용업","","","일반이용업","0","0","0","0","0","0","0","","","","","0","0","0","N",
"1911","이용업","05_19_01_P","4341000","4341000-203-2000-00002","2000-10-04","","03","폐업","02","폐업","2001-02-16","","","","","0.00","","강원특별자치도 고성군 토성면 청간리 1-4","","","청간이발","2001-10-12 00:00:00","I","2023-06-13 00:00:00","일반이용업","336114.526904715","530658.550746127","일반이용업","0","0","0","0","0","0","0","","","","","0","0","0","N",
"1912","이용업","05_19_01_P","4341000","4341000-203-1988-00001","1988-09-01","","03","폐업","02","폐업","1997-08-08","","","","","16.73","","강원특별자치도 고성군 거진읍 거진리 0 8통1반","","","한울이용소","2003-02-19 00:00:00","I","2023-06-13 00:00:00","일반이용업","","","일반이용업","0","0","0","0","0","0","0","","","","","0","0","0","N",
"1913","이용업","05_19_01_P","4341000","4341000-203-1999-00002","1999-03-29","","03","폐업","02","폐업","1999-12-29","","","","","13.00","","강원특별자치도 고성군 죽왕면 삼포리 243-13","","","삼포이용소","2001-10-12 00:00:00","I","2023-06-13 00:00:00","일반이용업","333830.541023206","535981.992669135","일반이용업","0","0","0","0","0","0","0","","","","","0","0","0","N",
"1914","이용업","05_19_01_P","4341000","4341000-203-1966-00001","1966-11-12","","03","폐업","02","폐업","2023-12-29","","","","033 632 1481","15.66","","강원특별자치도 고성군 토성면 교암리 43-8","강원특별자치도 고성군 토성면 교암길 61","24755","천학이용소","2023-12-29 14:26:05","U","2023-12-31 02:40:00","일반이용업","335189.836132359","533092.970383652","일반이용업","0","0","0","0","0","0","0","","","","","0","0","0","N",
"1915","이용업","05_19_01_P","4341000","4341000-203-1973-00001","1973-01-12","","03","폐업","02","폐업","2023-02-22","","","","6812241","18.91","","강원특별자치도 고성군 간성읍 신안리 19-5","강원특별자치도 고성군 간성읍 간성로 65","24736","청우이용소","2023-02-22 11:08:38","I","2023-06-13 00:00:00","일반이용업","328193.941512427","542811.350001711","일반이용업","0","0","0","0","0","0","0","","","","","0","0","0","N",
"1916","이용업","05_19_01_P","4341000","4341000-203-1973-00006","1973-06-29","","03","폐업","02","폐업","2004-03-19","","","","","16.32","","강원특별자치도 고성군 죽왕면 송암리 0","","","신광이용소","2001-08-29 00:00:00","I","2023-06-13 00:00:00","일반이용업","","","일반이용업","0","0","0","0","0","0","0","","","","","0","0","0","N",
"1917","이용업","05_19_01_P","4341000","4341000-203-1960-00003","1960-10-20","","03","폐업","02","폐업","2010-04-26","","","","6812106","59.00","","강원특별자치도 고성군 간성읍 신안리 247-3 6통3반","","","창신이용소","2001-08-29 00:00:00","I","2023-06-13 00:00:00","일반이용업","328519.374637972","542769.499134195","일반이용업","0","0","0","0","0","0","0","","","","","0","0","0","N",
"1918","이용업","05_19_01_P","4341000","4341000-203-2020-00001","2020-02-21","","03","폐업","02","폐업","2025-05-30","","","","","67.20","","강원특별자치도 고성군 간성읍 하리 33-4","강원특별자치도 고성군 간성읍 간성로 59-2","24736","뷰티바이원","2025-05-30 11:43:16","U","2025-06-01 02:40:00","일반이용업","328242.52814494","542808.790485401","일반이용업","0","0","0","0","0","0","3","","","","임대","0","0","0","N",
"1919","이용업","05_19_01_P","4351000","4351000-203-1964-00002","1964-04-11","","03","폐업","02","폐업","2005-04-06","","","","033671 3360","0.00","","강원특별자치도 양양군 양양읍 남문리 0","","","양양이용소","2005-03-21 00:00:00","I","2023-06-13 00:00:00","일반이용업","","","일반이용업","0","0","0","0","0","0","0","","","","","0","0","0","N",
"1920","이용업","05_19_01_P","4351000","4351000-203-1961-00001","1961-06-02","","03","폐업","02","폐업","2013-06-07","","","","033672 3455","45.40","","강원특별자치도 양양군 양양읍 남문리 117-6","","","문화이용소","2006-11-27 00:00:00","I","2023-06-13 00:00:00","일반이용업","342132.620484787","509254.200939818","일반이용업","0","0","0","0","0","0","3","","","","","0","0","0","N",
"1921","이용업","05_19_01_P","4351000","4351000-203-1987-00002","1987-09-01","","03","폐업","02","폐업","1988-04-29","","","","","","","강원특별자치도 양양군 강현면 간곡리 3-6","","","낙산관광호텔이용소","2004-03-13 00:00:00","I","2023-06-13 00:00:00","일반이용업","","","일반이용업","0","0","0","0","0","0","0","","","","임대","0","0","0","N",
"1922","이용업","05_19_01_P","4351000","4351000-203-2004-00001","2004-06-02","","03","폐업","02","폐업","2008-12-01","","","","033 6725000","13.53","","강원특별자치도 양양군 양양읍 조산리 433-1","","","낙산거평콘도이용소","2004-06-02 00:00:00","I","2023-06-13 00:00:00","일반이용업","343538.675582046","513348.412245965","일반이용업","5","1","0","0","1","1","2","","","","임대","0","0","0","N",
"1923","이용업","05_19_01_P","4351000","4351000-203-2004-00002","2004-06-16","","03","폐업","02","폐업","2004-10-08","","","","033 6711664","13.44","","강원특별자치도 양양군 양양읍 남문리 29","","","설악테마이용원","2004-06-16 00:00:00","I","2023-06-13 00:00:00","일반이용업","342361.779394766","509324.852072128","일반이용업","5","1","3","3","0","0","2","","","","임대","0","0","0","N",
"1924","이용업","05_19_01_P","4351000","4351000-203-2004-00003","2004-10-07","","03","폐업","02","폐업","2005-02-23","","","","033 6720050","36.40","","강원특별자치도 양양군 양양읍 남문리 273-10","","","서울이발소","2004-10-07 00:00:00","I","2023-06-13 00:00:00","일반이용업","342194.75593877","509002.960681371","일반이용업","3","1","0","0","1","1","3","","","","임대","0","0","0","N",
"1925","이용업","05_19_01_P","4351000","4351000-203-2004-00004","2004-11-02","","03","폐업","02","폐업","2005-05-12","","","","033 6711664","13.44","","강원특별자치도 양양군 양양읍 남문리 29","","","테마목욕탕이용원","2004-11-03 00:00:00","I","2023-06-13 00:00:00","일반이용업","342361.779394766","509324.852072128","일반이용업","5","1","3","3","0","0","0","","","","임대","0","0","0","N",
"1926","이용업","05_19_01_P","4351000","4351000-203-1997-00001","1997-09-13","","03","폐업","02","폐업","2011-07-27","","","","","0.00","","강원특별자치도 양양군 양양읍 남문리 36-5","","","세길이용소","2005-03-21 00:00:00","I","2023-06-13 00:00:00","일반이용업","342389.947943183","509384.298567858","일반이용업","0","0","0","0","0","0","2","","","","","0","0","0","N",
"1927","이용업","05_19_01_P","4351000","4351000-203-2007-00002","2007-07-27","","03","폐업","02","폐업","2007-11-02","","","","","53.55","","강원특별자치도 양양군 양양읍 남문리 3-52 외 1필지","","","주몽이용소","2007-08-06 18:11:36","I","2023-06-13 00:00:00","일반이용업","","","일반이용업","0","0","0","0","0","0","0","","","","","0","0","0","N",
"1928","이용업","05_19_01_P","4351000","4351000-203-2007-00003","2007-10-26","","03","폐업","02","폐업","2009-01-08","","","","033 6727794","8.05","","강원특별자치도 양양군 현남면 시변리 38-9","","","용천이용원","2008-11-13 17:33:48","I","2023-06-13 00:00:00","일반이용업","","","일반이용업","2","1","1","1","0","0","2","","","","임대","0","0","0","N",
"1929","이용업","05_19_01_P","4351000","4351000-203-2003-00001","2003-08-13","","03","폐업","02","폐업","2011-10-12","","","","033 6724000","14.70","","강원특별자치도 양양군 강현면 전진리 3-2","","","낙산비치호텔이용원","2008-01-16 10:26:56","I","2023-06-13 00:00:00","일반이용업","342928.923063274","514649.702661704","일반이용업","0","0","0","0","0","0","1","","","","임대","0","0","0","N",
"1930","이용업","05_19_01_P","4351000","4351000-203-2008-00001","2008-01-30","","03","폐업","02","폐업","2008-09-11","","","","033 6710664","13.44","","강원특별자치도 양양군 양양읍 남문리 29","","","천동대중사우나이용원","2008-01-30 15:54:48","I","2023-06-13 00:00:00","일반이용업","342361.779394766","509324.852072128","일반이용업","5","1","3","3","0","0","2","","","","임대","0","0","0","N",
"1931","이용업","05_19_01_P","4351000","4351000-203-2008-00002","2008-12-24","","03","폐업","02","폐업","2009-01-06","","","","033 6725114","8.06","","강원특별자치도 양양군 양양읍 조산리 384-8 외 9필지","","","에어포트이용소","2008-12-24 18:07:01","I","2023-06-13 00:00:00","일반이용업","","","일반이용업","5","1","1","1","0","0","2","","","","임대","0","0","0","N",
"1932","이용업","05_19_01_P","4351000","4351000-203-2009-00002","2009-02-13","","03","폐업","02","폐업","2009-07-16","","","","033 6725114","8.06","","강원특별자치도 양양군 양양읍 조산리 384-8 외 9필지","","","에어포트이용소","2009-02-13 17:26:39","I","2023-06-13 00:00:00","일반이용업","","","일반이용업","5","1","1","1","0","0","2","","","","임대","0","0","0","N",
"1933","이용업","05_19_01_P","4351000","4351000-203-2009-00001","2009-02-02","","03","폐업","02","폐업","2012-03-02","","","","033 6725000","9.98","","강원특별자치도 양양군 양양읍 조산리 384-8 외 9필지","","","에어포트이용소","2009-10-12 17:22:54","I","2023-06-13 00:00:00","일반이용업","","","일반이용업","5","1","0","0","1","1","2","","","","임대","0","0","0","N",
"1934","이용업","05_19_01_P","4351000","4351000-203-2010-00001","2010-05-28","","03","폐업","02","폐업","2016-05-27","","","","033 672 8770","16.82","","강원특별자치도 양양군 현북면 하광정리 157-1","강원특별자치도 양양군 현북면 하륜길 10-12","25047","조흔이용소","2013-12-11 10:49:53","I","2023-06-13 00:00:00","일반이용업","351357.254875579","503263.837009837","일반이용업","1","0","1","0","0","0","2","","","","","0","0","0","N",
"1935","이용업","05_19_01_P","4351000","4351000-203-2010-00002","2010-07-14","","03","폐업","02","폐업","2010-08-12","","","","033 671 0664","13.44","","강원특별자치도 양양군 양양읍 남문리 29","","","천동사우나컷트","2010-07-14 14:02:31","I","2023-06-13 00:00:00","일반이용업","342361.779394766","509324.852072128","일반이용업","5","1","3","3","0","0","2","","","","임대","0","0","0","N",
"1936","이용업","05_19_01_P","4351000","4351000-203-2007-00004","2007-01-09","","03","폐업","02","폐업","2013-08-16","","","","031 7914250","15.00","","강원특별자치도 양양군 양양읍 남문리 29","강원특별자치도 양양군 양양읍 양양로 53","25030","천동사우나이용원","2012-08-31 17:28:03","I","2023-06-13 00:00:00","일반이용업","342361.779394766","509324.852072128","일반이용업","0","0","1","1","0","0","3","","","","임대","0","0","0","N",
"1937","이용업","05_19_01_P","4351000","4351000-203-2012-00001","2012-03-07","","03","폐업","02","폐업","2024-12-16","","","","","9.98","","강원특별자치도 양양군 양양읍 조산리 384-8 외 9필지","강원특별자치도 양양군 양양읍 일출로 159-6","25015","에어포트이용원","2024-12-16 09:30:00","U","2024-12-18 02:40:00","일반이용업","343828.530898613","512960.042329417","일반이용업","5","1","1","1","0","0","2","","","","","0","0","0","N",
"1938","이용업","05_19_01_P","4351000","4351000-203-1968-00001","1968-03-13","","03","폐업","02","폐업","2000-12-04","","","","","0.00","","강원특별자치도 양양군 현남면 남애리 0","","","해성이용소","2003-01-10 00:00:00","I","2023-06-13 00:00:00","일반이용업","","","일반이용업","0","0","0","0","0","0","0","","","","","0","0","0","N",
"1939","이용업","05_19_01_P","4351000","4351000-203-1965-00001","1965-04-03","","03","폐업","02","폐업","1994-12-02","","","","","0.00","","강원특별자치도 양양군 양양읍 남문리 0","","","현산이용소","2003-01-10 00:00:00","I","2023-06-13 00:00:00","일반이용업","","","일반이용업","0","0","0","0","0","0","0","","","","","0","0","0","N",
"1940","이용업","05_19_01_P","4351000","4351000-203-1979-00001","1979-03-11","","03","폐업","02","폐업","2000-12-25","","","","033 6711739","0.00","","강원특별자치도 양양군 양양읍 남문리 172-7","","","신일이용소","2003-01-11 00:00:00","I","2023-06-13 00:00:00","일반이용업","","","일반이용업","0","0","0","0","0","0","0","","","","","0","0","0","N",
"1941","이용업","05_19_01_P","4351000","4351000-203-1971-00001","1971-03-16","","03","폐업","02","폐업","1994-09-26","","","","033 6723274","0.00","","강원특별자치도 양양군 서면 장승리 837-2","","","구내이용소","2003-01-11 00:00:00","I","2023-06-13 00:00:00","일반이용업","","","일반이용업","0","0","0","0","0","0","0","","","","","0","0","0","N",
"1942","이용업","05_19_01_P","4351000","4351000-203-1972-00002","1972-12-14","","03","폐업","02","폐업","1990-06-08","","","","","0.00","","강원특별자치도 양양군 현남면 시변리 0","","","광성이용소","2003-01-11 00:00:00","I","2023-06-13 00:00:00","일반이용업","","","일반이용업","0","0","0","0","0","0","0","","","","","0","0","0","N",
"1943","이용업","05_19_01_P","4351000","4351000-203-1973-00001","1973-01-26","","03","폐업","02","폐업","1992-02-28","","","","","0.00","","강원특별자치도 양양군 강현면 전진리 0","","","중앙이용소","2003-01-11 00:00:00","I","2023-06-13 00:00:00","일반이용업","","","일반이용업","0","0","0","0","0","0","0","","","","","0","0","0","N",
"1944","이용업","05_19_01_P","4351000","4351000-203-1980-00001","1980-09-19","","03","폐업","02","폐업","1990-01-01","","","","","0.00","","강원특별자치도 양양군 강현면 석교리 0","","","석교리이용소","2003-01-11 00:00:00","I","2023-06-13 00:00:00","일반이용업","","","일반이용업","0","0","0","0","0","0","0","","","","","0","0","0","N",
"1945","이용업","05_19_01_P","4351000","4351000-203-1983-00001","1983-01-17","","03","폐업","02","폐업","1991-10-28","","","","","0.00","","강원특별자치도 양양군 양양읍 남문리 0","","","새시대이용소","2003-01-11 00:00:00","I","2023-06-13 00:00:00","일반이용업","","","일반이용업","0","0","0","0","0","0","0","","","","","0","0","0","N",
"1946","이용업","05_19_01_P","4351000","4351000-203-1984-00001","1984-07-02","","03","폐업","02","폐업","1987-07-16","","","","","0.00","","강원특별자치도 양양군 강현면 전진리 3-2","","","낙산관광호텔이용소","2003-12-19 00:00:00","I","2023-06-13 00:00:00","일반이용업","342928.923063274","514649.702661704","일반이용업","0","0","0","0","0","0","0","","","","","0","0","0","N",
"1947","이용업","05_19_01_P","4351000","4351000-203-1984-00002","1984-08-06","","03","폐업","02","폐업","1988-10-17","","","","","0.00","","강원특별자치도 양양군 양양읍 남문리 0","","","세정이용소","2003-01-11 00:00:00","I","2023-06-13 00:00:00","일반이용업","","","일반이용업","0","0","0","0","0","0","0","","","","","0","0","0","N",
"1948","이용업","05_19_01_P","4351000","4351000-203-1984-00003","1984-10-12","","03","폐업","02","폐업","2011-04-27","","","","033 6712060","0.00","","강원특별자치도 양양군 양양읍 남문리 3-50","","","보광이용소","2003-01-11 00:00:00","I","2023-06-13 00:00:00","일반이용업","342620.593244553","509568.933206878","일반이용업","0","0","0","0","0","0","0","","","","","0","0","0","N",
"1949","이용업","05_19_01_P","4351000","4351000-203-1984-00004","1984-10-18","","03","폐업","02","폐업","2000-01-06","","","","","0.00","","강원특별자치도 양양군 양양읍 남문리 182","","","서문이용소","2003-08-13 00:00:00","I","2023-06-13 00:00:00","일반이용업","","","일반이용업","0","0","0","0","0","0","0","","","","","0","0","0","N",
"1950","이용업","05_19_01_P","4351000","4351000-203-1984-00006","1984-02-16","","03","폐업","02","폐업","1994-01-24","","","","033 6713120","0.00","","강원특별자치도 양양군 양양읍 남문리 2","","","서울이용소","2003-12-19 00:00:00","I","2023-06-13 00:00:00","일반이용업","","","일반이용업","0","0","0","0","0","0","0","","","","","0","0","0","N",
"1951","이용업","05_19_01_P","4351000","4351000-203-1986-00001","1986-11-27","","03","폐업","02","폐업","2009-06-15","","","","033 6728770","0.00","","강원특별자치도 양양군 현북면 하광정리 116-8","","","대림이용소","2005-03-21 00:00:00","I","2023-06-13 00:00:00","일반이용업","351090.807500835","503344.205869489","일반이용업","0","0","0","0","0","0","0","","","","","0","0","0","N",
"1952","이용업","05_19_01_P","4351000","4351000-203-1987-00001","1987-07-23","","03","폐업","02","폐업","1988-09-21","","","","","0.00","","강원특별자치도 양양군 서면 상평리 214","","","새마을이용소","2003-12-19 00:00:00","I","2023-06-13 00:00:00","일반이용업","339033.806039502","508279.821477636","일반이용업","0","0","0","0","0","0","0","","","","","0","0","0","N",
"1953","이용업","05_19_01_P","4351000","4351000-203-1988-00001","1988-05-13","","03","폐업","02","폐업","2000-05-10","","","","","0.00","","강원특별자치도 양양군 양양읍 남문리 18-6","","","백출이용소","2003-08-13 00:00:00","I","2023-06-13 00:00:00","일반이용업","342299.610834439","509287.593603303","일반이용업","0","0","0","0","0","0","0","","","","","0","0","0","N",
"1954","이용업","05_19_01_P","4351000","4351000-203-1992-00001","1992-03-05","","03","폐업","02","폐업","1996-04-04","","","","","0.00","","강원특별자치도 양양군 양양읍 남문리 3-50","","","현대이용소","2003-01-11 00:00:00","I","2023-06-13 00:00:00","일반이용업","342620.593244553","509568.933206878","일반이용업","0","0","0","0","0","0","0","","","","","0","0","0","N",
"1955","이용업","05_19_01_P","4351000","4351000-203-1992-00002","1992-03-12","","03","폐업","02","폐업","1998-01-06","","","","033 6724972","0.00","","강원특별자치도 양양군 강현면 전진리 10-9","","","낙산이용소","2003-01-11 00:00:00","I","2023-06-13 00:00:00","일반이용업","342846.504159545","514249.436675846","일반이용업","0","0","0","0","0","0","0","","","","","0","0","0","N",
"1956","이용업","05_19_01_P","4351000","4351000-203-1993-00001","1993-08-31","","03","폐업","02","폐업","1993-08-31","","","","","0.00","","강원특별자치도 양양군 양양읍 남문리 77-1 77-1, 78-1.3. 777-10 79-13","","","삼강이용소","2003-01-11 00:00:00","I","2023-06-13 00:00:00","일반이용업","342200.692818125","509208.418913581","일반이용업","0","0","0","0","0","0","0","","","","","0","0","0","N",
"1957","이용업","05_19_01_P","4351000","4351000-203-1993-00002","1993-10-11","","03","폐업","02","폐업","2009-01-15","","","","033 6728500","0.00","","강원특별자치도 양양군 서면 오색리 511","","","오색그린야드호텔이용소","2007-04-19 00:00:00","I","2023-06-13 00:00:00","일반이용업","326960.975344781","509635.532131066","일반이용업","0","0","0","0","0","0","0","","","","","0","0","0","N",
"1958","이용업","05_19_01_P","4351000","4351000-203-1996-00001","1996-05-01","","03","폐업","02","폐업","1998-03-18","","","","033 6722265","0.00","","강원특별자치도 양양군 양양읍 남문리 60-3","","","그린이용소","2003-01-11 00:00:00","I","2023-06-13 00:00:00","일반이용업","342315.257443317","509205.232352625","일반이용업","0","0","0","0","0","0","0","","","","","0","0","0","N",
"1959","이용업","05_19_01_P","4351000","4351000-203-1996-00002","1996-05-10","","03","폐업","02","폐업","2000-11-20","","","","033 6722851","0.00","","강원특별자치도 양양군 양양읍 남문리 36-4 36-4, -5 38-1, -3","","","한음이용소","2003-08-14 00:00:00","I","2023-06-13 00:00:00","일반이용업","342392.992041122","509398.188478132","일반이용업","0","0","0","0","0","0","0","","","","","0","0","0","N",
"1960","이용업","05_19_01_P","4351000","4351000-203-1997-00002","1997-09-23","","03","폐업","02","폐업","2002-10-20","","","","033 6724000","0.00","","강원특별자치도 양양군 강현면 전진리 3-2","","","낙산관광호텔이용소","2003-08-13 00:00:00","I","2023-06-13 00:00:00","일반이용업","342928.923063274","514649.702661704","일반이용업","0","0","0","0","0","0","0","","","","","0","0","0","N",
"1961","이용업","05_19_01_P","4351000","4351000-203-1998-00001","1998-03-04","","03","폐업","02","폐업","2004-05-25","","","","033 6725000","0.00","","강원특별자치도 양양군 양양읍 조산리 433-1","","","프레야이용실","2003-01-11 00:00:00","I","2023-06-13 00:00:00","일반이용업","343538.675582046","513348.412245965","일반이용업","0","0","0","0","0","0","0","","","","","0","0","0","N",
"1962","이용업","05_19_01_P","4351000","4351000-203-1998-00002","1998-09-17","","03","폐업","02","폐업","2000-10-02","","","","","0.00","","강원특별자치도 양양군 양양읍 남문리 57 60-4","","","상가이용소","2003-08-13 00:00:00","I","2023-06-13 00:00:00","일반이용업","342360.057896696","509265.054201138","일반이용업","0","0","0","0","0","0","3","","","","","0","0","0","N",
"1963","이용업","05_19_01_P","4351000","4351000-203-1971-00003","1971-07-15","","03","폐업","02","폐업","2006-11-27","","","","033 6712744","0.00","","강원특별자치도 양양군 양양읍 남문리 174-4","","","문화이용소","2003-08-20 00:00:00","I","2023-06-13 00:00:00","일반이용업","342060.717357128","509156.718774809","일반이용업","0","0","0","0","0","0","0","","","","","0","0","0","N",
"1964","이용업","05_19_01_P","4351000","4351000-203-1975-00001","1975-10-22","","03","폐업","02","폐업","2023-06-08","","","","033 6713257","16.50","","강원특별자치도 양양군 양양읍 남문리 8-2","강원특별자치도 양양군 양양읍 남문2길 7","25022","중앙이용소","2023-06-08 11:54:49","I","2023-06-13 00:00:00","일반이용업","342390.431844491","509471.473741396","일반이용업","0","0","0","0","0","0","0","","","","","0","0","0","N",
"1965","이용업","05_19_01_P","4351000","4351000-203-1976-00001","1976-06-23","","03","폐업","02","폐업","1993-06-01","","","","033 6715254","0.00","","강원특별자치도 양양군 강현면 물갑리 0","","","물갑이용소","2003-01-11 00:00:00","I","2023-06-13 00:00:00","일반이용업","","","일반이용업","0","0","0","0","0","0","0","","","","","0","0","0","N",
"1966","이용업","05_19_01_P","4351000","4351000-203-1977-00001","1977-04-20","","03","폐업","02","폐업","1988-09-21","","","","","0.00","","강원특별자치도 양양군 서면 상평리 0","","","수상이용소","2003-01-11 00:00:00","I","2023-06-13 00:00:00","일반이용업","","","일반이용업","0","0","0","0","0","0","0","","","","","0","0","0","N",
"1967","이용업","05_19_01_P","4351000","4351000-203-1980-00002","1980-01-16","","03","폐업","02","폐업","2025-04-01","","","","033 6716025","32.04","","강원특별자치도 양양군 현남면 인구리 15-7","강원특별자치도 양양군 현남면 인구중앙길 54-1","25053","영광이용소","2025-04-01 11:50:49","U","2025-04-03 02:40:00","일반이용업","354627.882693457","497791.554872483","일반이용업","0","0","0","0","0","0","0","","","","","0","0","0","N",
"1968","이용업","05_19_01_P","4351000","4351000-203-1970-00002","1970-03-11","","03","폐업","02","폐업","1990-02-02","","","","033 6711739","0.00","","강원특별자치도 양양군 양양읍 남문리 172-7 172-7 168-1 468-4","","","신일이용소","2003-01-11 00:00:00","I","2023-06-13 00:00:00","일반이용업","","","일반이용업","0","0","0","0","0","0","0","","","","","0","0","0","N",
"1969","이용업","05_19_01_P","4351000","4351000-203-2001-00001","2001-07-23","","03","폐업","02","폐업","2005-05-30","","","","033 6723363","115.50","","강원특별자치도 양양군 양양읍 남문리 11-1","","","신세계이발청","2003-08-14 00:00:00","I","2023-06-13 00:00:00","일반이용업","342405.044610306","509437.227505996","일반이용업","0","0","0","0","0","0","9","","","","","0","0","0","N",
"1970","이용업","05_19_01_P","4351000","4351000-203-2002-00002","2002-09-26","","03","폐업","02","폐업","2004-06-13","","","","","0.00","","강원특별자치도 양양군 양양읍 남문리 29","","","설악테마이용원","2004-06-16 00:00:00","I","2023-06-13 00:00:00","일반이용업","342361.779394766","509324.852072128","일반이용업","0","0","0","0","0","0","1","","","","","0","0","0","N",
