"번호","개방서비스명","개방서비스아이디","개방자치단체코드","관리번호","인허가일자","인허가취소일자","영업상태구분코드","영업상태명","상세영업상태코드","상세영업상태명","폐업일자","휴업시작일자","휴업종료일자","재개업일자","소재지전화","소재지면적","소재지우편번호","소재지전체주소","도로명전체주소","도로명우편번호","사업장명","최종수정시점","데이터갱신구분","데이터갱신일자","업태구분명","좌표정보x(epsg5174)","좌표정보y(epsg5174)","시력표수","표본렌즈수","측정의자수","동공거리측정기수","정점굴절계기수","조제용연마기수","렌즈절단기수","가열기수","안경세척기수","총면적",
"1","안경업","01_02_01_P","4181000","PHMB220084180029082200001","2008-01-24","","03","폐업","03","폐업","2016-11-03","","","","033)242-4119","","200-947","강원특별자치도 춘천시 효자3동 617번지 14호","강원특별자치도 춘천시 서부대성로 216 (효자동)","24332","글라스박스","2016-11-08 09:37:08","I","2023-06-13 00:00:00","","265220.443733635","485928.228190362","0","0","0","0","0","0","0","0","0","0",
"2","안경업","01_02_01_P","4181000","PHMB220084180029082200002","2008-02-18","","03","폐업","03","폐업","2015-11-11","","","","033)257-1232","","","춘천시 퇴계동 187-5","강원특별자치도 춘천시 김유정로 1881 (퇴계동)","24432","밝은눈안경(퇴계점)","2015-12-30 15:37:38","I","2023-06-13 00:00:00","","264750.226310888","483790.551956667","0","0","0","0","0","0","0","0","0","0",
"3","안경업","01_02_01_P","4181000","PHMB220134180029082200004","2013-11-22","","03","폐업","03","폐업","2015-12-04","","","","033-243-0110","","200-950","강원특별자치도 춘천시 효자3동 747번지 18호","강원특별자치도 춘천시 춘천로 231 (효자동)","24259","페이머스 안경. 콘택트","2015-12-30 15:34:38","I","2023-06-13 00:00:00","","264967.959560142","486466.557143895","2","2","2","4","2","1","4","2","3","765",
"4","안경업","01_02_01_P","4181000","PHMB220194180029082200002","2019-06-24","","03","폐업","03","폐업","2022-11-25","","","","","","","","강원특별자치도 춘천시 김유정로 1840, 홈플러스 지하2층 (퇴계동)","24423","아이피아 춘천홈플러스","2023-08-09 13:30:21","U","2023-08-11 02:40:00","","264597.191878957","483368.29049207","11","0","0","1","0","0","0","0","0","0",
"5","안경업","01_02_01_P","4181000","PHMB220104180029082200005","2010-05-17","","03","폐업","03","폐업","2012-11-21","","","","","","200-947","강원특별자치도 춘천시 효자3동 628번지 6호","강원특별자치도 춘천시 서부대성로 231 (효자동)","200-947","렌즈스토리","2012-11-21 17:43:00","I","2023-06-13 00:00:00","","265376.956006018","485882.057791524","1","1","1","1","1","1","1","1","1","0",
"6","안경업","01_02_01_P","4181000","PHMB220134180029082200003","2013-06-28","","03","폐업","03","폐업","2016-03-16","","","","033)256-8072","","200-190","강원특별자치도 춘천시 온의동 58번지 7호 미메디컬타워104호","강원특별자치도 춘천시 영서로 2341, 미메디컬타워동 1층 104호 (온의동)","24433","미 안경원","2016-03-16 13:44:21","I","2023-06-13 00:00:00","","262888.576455637","485326.813219134","1","1","1","1","1","1","1","1","1","49.5",
"7","안경업","01_02_01_P","4181000","PHMB220134180029082200001","2013-02-05","","03","폐업","03","폐업","2013-11-15","","","","033-243-0110","","200-950","강원특별자치도 춘천시 효자3동 747번지 18호 2층","강원특별자치도 춘천시 춘천로 231 (효자동)","200-950","페이머스 안경.콘택즈","2013-11-18 16:03:59","I","2023-06-13 00:00:00","","264967.959560142","486466.557143895","1","2","2","1","1","2","1","2","4","315.77",
"8","안경업","01_02_01_P","4181000","PHMB220154180029082200004","2015-10-14","","03","폐업","03","폐업","2017-12-01","","","","033-253-2015","","","강원특별자치도 춘천시 온의동 6번지 40호 제이진빌딩 3층","강원특별자치도 춘천시 방송길 98, 3층 (온의동, 제이진빌딩)","24364","눈을위한안경원","2017-12-01 11:43:38","I","2023-06-13 00:00:00","","263296.917001547","485278.442063059","1","1","1","1","1","1","1","1","1","41.32",
"9","안경업","01_02_01_P","4181000","PHMB220144180029082200003","2014-07-03","","03","폐업","03","폐업","2016-02-29","","","","033-253-8252","","200-947","강원특별자치도 춘천시 효자동 626번지 4호","강원특별자치도 춘천시 서부대성로 221, 1층 (효자동)","24289","오렌즈 강원대점","2016-02-29 14:07:31","I","2023-06-13 00:00:00","","265289.011638312","485932.239096466","1","1","1","1","1","1","2","1","1","89",
"10","안경업","01_02_01_P","4181000","PHMB220164180029082200004","2016-03-24","","03","폐업","03","폐업","2023-09-04","","","","033-243-0486","","","강원특별자치도 춘천시 조양동 34번지","강원특별자치도 춘천시 금강로 지하 68-9 (조양동, 미도파아파트)","24353","M 안경원","2023-09-04 15:33:26","U","2023-09-06 02:40:00","","264033.833068137","486464.959442249","1","1","1","1","1","1","1","1","1","49.6",
"11","안경업","01_02_01_P","4181000","PHMB220164180029082200002","2016-02-29","","03","폐업","03","폐업","2018-04-10","","","","033-253-8252","","","","강원특별자치도 춘천시 서부대성로 221 (효자동)","24289","오렌즈 강원대점","2018-04-10 17:47:06","I","2023-06-13 00:00:00","","265289.011638312","485932.239096466","1","1","1","1","1","1","1","1","1","90.13",
"12","안경업","01_02_01_P","4181000","PHMB220124180029082200001","2012-09-28","","03","폐업","03","폐업","2022-11-28","","","","033-269-7337","","200-965","강원특별자치도 춘천시 퇴계동 1017번지 125~127호","강원특별자치도 춘천시 지석로 80 (퇴계동)","24420","안경스토리(story)","2023-08-09 13:31:22","U","2023-08-11 02:40:00","","265386.634330563","483368.251535269","1","1","1","1","1","1","1","2","2","58",
"13","안경업","01_02_01_P","4181000","PHMB220144180029082200001","2014-04-28","","03","폐업","03","폐업","2016-05-26","","","","033-261-6411","","200-766","강원특별자치도 춘천시 석사동","강원특별자치도 춘천시 춘천순환로 70, 1층 (석사동, 만호빌딩 )","200-766","드림안경원","2016-05-26 17:02:56","I","2023-06-13 00:00:00","","266079.306539143","483901.979099313","1","1","1","1","1","1","1","1","1","0",
"14","안경업","01_02_01_P","4181000","PHMB220154180029082200003","2015-09-21","","03","폐업","03","폐업","2017-03-13","","","","033-256-5020","","","강원특별자치도 춘천시 중앙로2가 56번지","강원특별자치도 춘천시 중앙로 88 (중앙로2가)","24273","샤넬안경원","2017-03-13 15:13:34","I","2023-06-13 00:00:00","","263686.70706117","486417.765209507","1","1","1","1","1","1","1","1","1","28",
"15","안경업","01_02_01_P","4181000","PHMB220014180029082200001","2001-03-09","","03","폐업","03","폐업","2009-05-25","","","","","","","춘천시 퇴계동 916-1 현진@ 상가","강원특별자치도 춘천시 춘주로 150 (퇴계동)","200-946","안경뱅크","2013-12-17 15:11:42","I","2023-06-13 00:00:00","","263713.174233589","484187.309012648","0","0","0","0","0","0","0","0","0","0",
"16","안경업","01_02_01_P","4181000","PHMB220014180029082200002","2001-05-06","","03","폐업","03","폐업","2018-11-19","","","","033)256-9779","","","춘천시 효자3동 604-2","강원특별자치도 춘천시 서부대성로 167 (효자동)","24294","아이월드안경원","2018-12-19 10:31:22","I","2023-06-13 00:00:00","","264821.957063974","486196.85952772","0","0","0","0","0","0","0","0","0","0",
"17","안경업","01_02_01_P","4181000","PHMB220014180029082200003","2001-05-29","","03","폐업","03","폐업","2012-03-19","","","","033)264-9006","","200-111","강원특별자치도 춘천시 소양로1가","","","이태리안경원","2012-03-19 09:57:34","I","2023-06-13 00:00:00","","","","0","0","0","0","0","0","0","0","0","27.59",
"18","안경업","01_02_01_P","4181000","PHMB220044180029082200002","2004-06-30","","03","폐업","03","폐업","2008-12-12","","","","","","","춘천시 퇴계동 1010-1번지","강원특별자치도 춘천시 승지골길 5 (퇴계동)","200-965","하버드안경원","2013-12-17 15:03:37","I","2023-06-13 00:00:00","","265037.952748206","483239.865677322","0","0","0","0","0","0","0","0","0","0",
"19","안경업","01_02_01_P","4181000","PHMB220044180029082200004","2004-07-12","","03","폐업","03","폐업","2011-11-25","","","","","","472-845","경기도 남양주시 화도읍 마석우리 349번지 58통 8반 중흥S-클래스 103동 1305호","","","1001안경원","2011-11-25 13:34:59","I","2023-06-13 00:00:00","","226682.994126088","461811.825452533","0","0","0","0","0","0","0","0","0","0",
"20","안경업","01_02_01_P","4181000","PHMB220044180029082200009","2004-12-24","","03","폐업","03","폐업","2010-03-15","","","","033)253-1010","","200-939","강원특별자치도 춘천시 우두동 707번지 35호   B동 118호","강원특별자치도 춘천시 충열로 39 (우두동)","200-939","매니아안경콘텍트","2011-12-20 17:57:34","I","2023-06-13 00:00:00","","264363.436931186","488796.109066363","0","0","0","0","0","0","0","0","0","0",
"21","안경업","01_02_01_P","4181000","PHMB220054180029082200001","2005-05-16","","03","폐업","03","폐업","2011-07-28","","","","033)255-0808","","","춘천시 교동 156-16","강원특별자치도 춘천시 삭주로 78-1 (교동)","200-060","성심안경원","2013-12-17 14:58:45","I","2023-06-13 00:00:00","","264991.77016016","487010.46317937","0","0","0","0","0","0","0","0","0","0",
"22","안경업","01_02_01_P","4181000","PHMB220064180029082200002","2006-05-22","","03","폐업","03","폐업","2018-12-06","","","","033)251-2514","","200-959","강원특별자치도 춘천시 후평1동 704번지 22호","강원특별자치도 춘천시 후석로 355 (후평동)","24256","하나안경","2018-12-06 16:19:03","I","2023-06-13 00:00:00","","265715.434621755","486913.700483201","0","0","0","0","0","0","0","0","0","0",
"23","안경업","01_02_01_P","4181000","PHMB220064180029082200003","2006-09-28","","03","폐업","03","폐업","2012-02-29","","","","","","200-936","강원특별자치도 춘천시 석사동 818번지 5호 스카이빌딩1층","강원특별자치도 춘천시 퇴계로 229 (석사동)","200-936","노블안경원","2012-03-08 13:25:41","I","2023-06-13 00:00:00","","265393.064862255","483997.38601415","0","0","0","0","0","0","0","0","0","0",
"24","안경업","01_02_01_P","4181000","PHMB220064180029082200004","2006-11-28","","03","폐업","03","폐업","2009-05-04","","","","","","200-965","강원특별자치도 춘천시 퇴계동 1029번지 투탑시티1층","강원특별자치도 춘천시 지석로 88 (퇴계동)","200-965","포아이즈안경원","2011-12-20 17:39:07","I","2023-06-13 00:00:00","","265484.323107091","483357.389326855","0","0","0","0","0","0","0","0","0","0",
"25","안경업","01_02_01_P","4181000","PHMB219764180029082200002","1976-02-17","","03","폐업","03","폐업","2013-08-30","","","","","","","춘천시 중앙로2가 100번지","강원특별자치도 춘천시 낙원길 50 (중앙로2가)","200-042","동양당안경원","2013-12-17 15:44:24","I","2023-06-13 00:00:00","","263878.756042331","486670.977286673","0","0","0","0","0","0","0","0","0","23.8",
"26","안경업","01_02_01_P","4181000","PHMB219864180029082200002","1986-04-21","","03","폐업","03","폐업","2013-10-14","","","","033)254-3481","","","춘천시 옥천동(한림대학 내)","","","그린안경","2013-10-14 14:27:41","I","2023-06-13 00:00:00","","","","0","0","0","0","0","0","0","0","0","21.6",
"27","안경업","01_02_01_P","4181000","PHMB219904180029082200001","1990-10-12","","03","폐업","03","폐업","2012-09-12","","","","033)263-1001","","","춘천시 석사동 493-2","강원특별자치도 춘천시 후석로 58 (석사동)","200-934","시공간안경콘텍트","2013-12-17 15:34:54","I","2023-06-13 00:00:00","","265316.559579583","484330.815166864","0","0","0","0","0","0","0","0","0","28",
"28","안경업","01_02_01_P","4181000","PHMB219934180029082200001","1993-07-01","","03","폐업","03","폐업","2012-06-26","","","","033)241-8338","","200-972","강원특별자치도 춘천시 석사동 888번지 3호","강원특별자치도 춘천시 퇴계농공로 19 (석사동)","200-972","안경나라","2012-06-26 14:41:49","I","2023-06-13 00:00:00","","265491.672679322","483465.568460441","0","0","0","0","0","0","0","0","0","0",
"29","안경업","01_02_01_P","4181000","PHMB219944180029082200001","1994-04-01","","03","폐업","03","폐업","2013-10-14","","","","","","","춘천시 효자2동 305-6","강원특별자치도 춘천시 공지로 261 (효자동)","200-953","비엔나안경원","2013-12-17 15:28:29","I","2023-06-13 00:00:00","","264627.986562178","484967.23778891","0","0","0","0","0","0","0","0","0","0",
"30","안경업","01_02_01_P","4181000","PHMB219954180029082200001","1995-01-12","","03","폐업","03","폐업","2007-02-22","","","","033)242-5624","","","춘천시 낙원동 30-8","강원특별자치도 춘천시 낙원길 37 (낙원동)","200-100","알프스안경","2013-12-17 15:26:09","I","2023-06-13 00:00:00","","263800.717402969","486587.92092839","0","0","0","0","0","0","0","0","0","0",
"31","안경업","01_02_01_P","4181000","PHMB220104180029082200002","2010-02-10","","03","폐업","03","폐업","2014-10-27","","","","264-5234","","200-936","강원특별자치도 춘천시 석사동 796번지 8호","강원특별자치도 춘천시 퇴계로 199 (석사동)","200-936","안경만들기","2014-10-27 14:44:32","I","2023-06-13 00:00:00","","265120.620884326","484091.74714327","1","1","1","1","1","1","1","1","1","0",
"32","안경업","01_02_01_P","4181000","PHMB220234181030082200002","2023-08-09","","01","영업/정상","13","영업중","","","","","","","","강원특별자치도 춘천시 동내면 거두리 917-3","강원특별자치도 춘천시 동내면 춘천순환로 77","24400","루미의 아이톡 안경원","2023-08-09 14:42:37","I","2023-08-11 00:18:47","","266126.09747907","483992.535849328","1","0","0","1","1","0","0","0","0","0",
"33","안경업","01_02_01_P","4181000","PHMB220234181030082200001","2023-06-15","","01","영업/정상","13","영업중","","","","","","","","강원특별자치도 춘천시 우두동 1094","강원특별자치도 춘천시 우두1길 17, 1층 104호 (우두동)","24221","미소안경","2023-06-15 17:45:36","I","2023-06-17 00:19:22","","264878.212987629","490112.860860164","1","0","0","1","1","0","0","0","0","101.72",
"34","안경업","01_02_01_P","4181000","PHMB220174180029082200001","2017-03-13","","01","영업/정상","13","영업중","","","","","033-256-5020","","","강원특별자치도 춘천시 중앙로2가 56번지","강원특별자치도 춘천시 중앙로 88 (중앙로2가)","24273","중앙 안경원","2020-02-04 10:39:41","I","2023-06-13 00:00:00","","263686.70706117","486417.765209507","1","1","1","1","1","1","1","1","1","0",
"35","안경업","01_02_01_P","4181000","PHMB219914180029082200001","1991-04-13","","01","영업/정상","13","영업중","","","","","033-252-5415","","","춘천시 후평2동 692-24","강원특별자치도 춘천시 춘천로296번길 3 (후평동)","24277","아이데코 춘천후평점","2019-08-08 15:29:25","I","2023-06-13 00:00:00","","265580.230265785","486750.045883114","0","0","0","0","0","0","0","0","0","29.82",
"36","안경업","01_02_01_P","4181000","PHMB220074180029082200002","2007-03-20","","01","영업/정상","13","영업중","","","","","033-244-4200","","200-943","강원특별자치도 춘천시 퇴계동 381번지 1호","강원특별자치도 춘천시 영서로 2195 (퇴계동)","24445","성광안경콘택트","2018-01-22 14:34:16","I","2023-06-13 00:00:00","","264048.38885859","484444.290618198","1","1","1","1","1","1","1","1","1","0",
"37","안경업","01_02_01_P","4181000","PHMB220074180029082200003","2007-04-04","","01","영업/정상","13","영업중","","","","","033-244-1991","","200-944","강원특별자치도 춘천시 퇴계동 888번지 3호","강원특별자치도 춘천시 행촌로 51 (퇴계동)","24441","안경크리닉","2018-01-22 14:33:14","I","2023-06-13 00:00:00","","263758.725506063","484511.059684252","0","0","0","0","0","0","0","0","0","0",
"38","안경업","01_02_01_P","4181000","PHMB220104180029082200006","2010-10-15","","01","영업/정상","13","영업중","","","","","033-262-1005","","200-883","강원특별자치도 춘천시 동내면 거두리 926번지 1호 메디피아빌딩 106호","강원특별자치도 춘천시 동내면 춘천순환로 58","24404","아카데미안경원","2018-01-22 14:27:39","I","2023-06-13 00:00:00","","265967.686619859","483875.640969007","1","1","1","1","1","1","1","1","1","0",
"39","안경업","01_02_01_P","4181000","PHMB220094180029082200002","2009-09-07","","01","영업/정상","13","영업중","","","","","033-253-2662","","","강원특별자치도 춘천시 효자동 654번지 9호","강원특별자치도 춘천시 춘천로 188 (효자동)","24329","아이플러스안경원","2016-10-26 13:48:48","I","2023-06-13 00:00:00","","264607.739384354","486205.143820709","1","1","1","1","1","1","1","1","1","0",
"40","안경업","01_02_01_P","4181000","PHMB220004180029082200001","2000-02-03","","01","영업/정상","13","영업중","","","","","033)252-9341","","","춘천시 중앙로2가 68","강원특별자치도 춘천시 중앙로 80 (중앙로2가)","24273","서독안경원","2013-12-17 15:15:08","I","2023-06-13 00:00:00","","263737.600473622","486469.735245039","0","0","0","0","0","0","0","0","0","28.2",
"41","안경업","01_02_01_P","4181000","PHMB220134180029082200005","2013-12-06","","01","영업/정상","13","영업중","","","","","033-251-3003","","","강원특별자치도 춘천시 석사동 799-1","강원특별자치도 춘천시 퇴계로 184, 1층 (석사동)","24378","이노티 안경 퇴계석사점","2024-06-24 17:01:46","U","2024-06-26 02:40:00","","264973.305700463","484113.291018839","1","1","1","1","1","1","2","1","1","0",
"42","안경업","01_02_01_P","4181000","PHMB220154180029082200001","2015-03-19","","01","영업/정상","13","영업중","","","","","033-264-0700","","200-972","강원특별자치도 춘천시 석사동 880번지 5호 프라임존1층 101호","강원특별자치도 춘천시 지석로 75 (석사동)","24414","씨앤샵안경원","2015-04-14 16:24:40","I","2023-06-13 00:00:00","","265386.970147087","483454.15352213","1","1","1","1","1","1","1","2","2","0",
"43","안경업","01_02_01_P","4181000","PHMB220004180029082200003","2000-08-16","","01","영업/정상","13","영업중","","","","","","","","강원특별자치도 춘천시 석사동 980","강원특별자치도 춘천시 후석로 120, 1층 108호 (석사동)","24326","일공공일 안경콘택트","2022-06-29 16:42:09","I","2023-06-13 00:00:00","","265760.750878195","484782.142992886","1","0","0","1","1","0","0","0","0","0",
"44","안경업","01_02_01_P","4181000","PHMB220164180029082200006","2016-08-12","","01","영업/정상","13","영업중","","","","","033-242-9989","","","강원특별자치도 춘천시 중앙로1가 91번지","강원특별자치도 춘천시 중앙로 지하 33, 라열 27호 (중앙로1가)","24271","렌즈미","2016-08-24 10:41:54","I","2023-06-13 00:00:00","","264063.07608168","486899.162452165","1","1","1","11","1","0","1","0","1","20.16",
"45","안경업","01_02_01_P","4181000","PHMB220194180029082200001","2019-06-14","","01","영업/정상","13","영업중","","","","","033-243-1900","","","강원특별자치도 춘천시 우두동 1068번지 1호 동부아파트","강원특별자치도 춘천시 충열로 32, 제상가동 1층 106호 (우두동, 동부아파트)","24230","더봄안경원","2019-06-14 10:15:36","I","2023-06-13 00:00:00","","264352.72118995","488666.419220623","0","0","0","0","0","0","0","0","0","48.69",
"46","안경업","01_02_01_P","4181000","PHMB220134180029082200002","2013-05-03","","01","영업/정상","13","영업중","","","","","033)243-5500","","200-941","강원특별자치도 춘천시 조양동 34번지","강원특별자치도 춘천시 금강로 68-3, 1층 (조양동)","24353","글라스닥터 안경.콘택트 춘천명동점","2018-06-28 11:47:09","I","2023-06-13 00:00:00","","264033.833068137","486464.959442249","2","2","2","1","1","1","3","1","2","100",
"47","안경업","01_02_01_P","4181000","PHMB220144180029082200005","2014-10-27","","01","영업/정상","13","영업중","","","","","033)264-5234","","200-936","강원특별자치도 춘천시 석사동 796번지 8호","강원특별자치도 춘천시 퇴계로 199 (석사동)","24390","다비치안경원 퇴계석사점","2025-01-24 16:26:38","U","2025-01-26 02:40:00","","265120.620884326","484091.74714327","1","1","1","1","1","1","1","2","2","0",
"48","안경업","01_02_01_P","4181000","PHMB220164180029082200005","2016-07-11","","01","영업/정상","13","영업중","","","","","033-262-9800","","","강원특별자치도 춘천시 석사동 291번지 10호 105호,106호","강원특별자치도 춘천시 공지로 102 (석사동)","24327","글라스 봄 안경원","2016-07-11 16:51:31","I","2023-06-13 00:00:00","","265843.040498113","483974.444829173","1","1","1","1","1","1","2","1","2","88.92",
"49","안경업","01_02_01_P","4181000","PHMB220104180029082200001","2010-02-03","","01","영업/정상","13","영업중","","","","","033-257-2011","","200-937","강원특별자치도 춘천시 온의동 6번지 25호","강원특별자치도 춘천시 방송길 84 (온의동)","24364","파리글라스","2023-02-13 10:32:45","I","2023-06-13 00:00:00","","263109.175778889","485355.40305733","1","1","1","1","1","1","1","1","1","0",
"50","안경업","01_02_01_P","4181000","PHMB220114180029082200004","2011-10-24","","01","영업/정상","13","영업중","","","","","033-251-3661","","","강원특별자치도 춘천시 퇴계동 445","강원특별자치도 춘천시 안마산로 109-1, 104호 (퇴계동)","24455","편안할안경","2024-08-29 13:19:39","U","2024-08-31 02:40:00","","264053.179626205","483956.402004001","1","1","2","1","2","1","1","1","1","0",
"51","안경업","01_02_01_P","4181000","PHMB220114180029082200003","2011-06-28","","01","영업/정상","13","영업중","","","","","033-255-0722","","200-042","강원특별자치도 춘천시 중앙로2가 92번지  (1층)","강원특별자치도 춘천시 중앙로 60, 1층 (중앙로2가)","24273","데이트안경원(Optical DATE)","2025-10-16 19:08:34","U","2025-10-18 02:40:00","","263873.707947101","486616.65778953","1","1","1","1","2","1","1","2","3","96.33",
"52","안경업","01_02_01_P","4181000","PHMB220144180029082200004","2014-08-13","","01","영업/정상","13","영업중","","","","","033-241-7345","","200-853","강원특별자치도 춘천시 동면 장학리 1003번지 3호","강원특별자치도 춘천시 동면 춘천로449번길 10","24209","봄(BOM)안경원","2018-01-22 14:20:15","I","2023-06-13 00:00:00","","266293.048748051","488117.242526088","1","1","1","1","1","1","2","1","1","0",
"53","안경업","01_02_01_P","4181000","PHMB220164180029082200003","2016-03-10","","01","영업/정상","13","영업중","","","","","033-263-2187","","","강원특별자치도 춘천시 석사동 725번지 11호 1층","강원특별자치도 춘천시 후석로186번길 30-5 (석사동)","24320","세화안경","2016-03-10 10:15:38","I","2023-06-13 00:00:00","","266427.359835227","485222.801514949","1","1","1","1","1","1","1","1","1","51",
"54","안경업","01_02_01_P","4181000","PHMB220164180029082200001","2016-02-23","","01","영업/정상","13","영업중","","","","","033-264-5332","","","강원특별자치도 춘천시 퇴계동 87번지","강원특별자치도 춘천시 안마산로 199 (퇴계동)","24421","안경공간","2016-02-23 14:38:30","I","2023-06-13 00:00:00","","264748.442342906","483368.951022331","1","1","1","1","1","1","1","1","1","44.1",
"55","안경업","01_02_01_P","4181000","PHMB220174180029082200002","2017-07-13","","01","영업/정상","13","영업중","","","","","033-257-2008","","","강원특별자치도 춘천시 후평동 67번지 6호","강원특별자치도 춘천시 후석로 314 (후평동)","24304","글라스팩토리&렌즈베리춘천후평점","2025-10-16 19:10:23","U","2025-10-18 02:40:00","","265986.08669223","486549.601680628","0","0","0","0","0","0","0","0","0","0",
"56","안경업","01_02_01_P","4181000","PHMB220094180029082200001","2009-04-10","","01","영업/정상","13","영업중","","","","","033-256-7372","","200-042","강원특별자치도 춘천시 중앙로2가 83번지","강원특별자치도 춘천시 중앙로 66, 1층 (중앙로2가)","24273","일공공일.안경.콘텍트 중앙점","2020-05-21 17:47:38","I","2023-06-13 00:00:00","","263824.874233124","486568.912759489","1","1","1","1","1","1","1","1","1","196",
"57","안경업","01_02_01_P","4181000","PHMB220114180029082200002","2011-05-04","","01","영업/정상","13","영업중","","","","","033-255-0328","","200-941","강원특별자치도 춘천시 조양동 51번지 1호","강원특별자치도 춘천시 명동길 9 (조양동)","24353","오렌즈 춘천점","2023-09-11 10:16:37","U","2023-09-13 02:40:00","","263941.411251686","486567.565500837","1","1","1","1","1","1","1","1","1","38",
"58","안경업","01_02_01_P","4181000","PHMB220114180029082200001","2011-02-23","","01","영업/정상","13","영업중","","","","","033-255-0109","","200-163","강원특별자치도 춘천시 후평3동 702번지 (1층)","강원특별자치도 춘천시 후석로 342 (후평동)","24299","굿아이안경원","2018-01-22 14:26:37","I","2023-06-13 00:00:00","","265837.191690782","486794.57456865","1","1","1","1","2","1","1","2","2","37",
"59","안경업","01_02_01_P","4181000","PHMB220144180029082200002","2014-05-28","","01","영업/정상","13","영업중","","","","","033-251-1061","","200-947","강원특별자치도 춘천시 효자동 628번지 10호","강원특별자치도 춘천시 서부대성로 239 (효자동)","24289","글라스 나인","2024-03-25 10:00:00","U","2024-03-27 02:40:00","","265440.305171299","485850.266746593","1","1","1","1","1","1","2","2","2","116",
"60","안경업","01_02_01_P","4181000","PHMB219964180029082200002","1996-10-15","","01","영업/정상","13","영업중","","","","","033)251-8842","","","춘천시 후평2동 832-5","강원특별자치도 춘천시 후석로 257 (후평동)","24283","파파라기안경원","2024-11-18 11:02:17","U","2024-11-20 02:40:00","","266121.106527411","486024.406479005","0","0","0","0","0","0","0","0","0","0",
"61","안경업","01_02_01_P","4181000","PHMB219984180029082200001","1998-12-15","","01","영업/정상","13","영업중","","","","","033)241-4224","","","춘천시 퇴계동 890-4","강원특별자치도 춘천시 행촌로 35 (퇴계동)","24441","서울안경원","2013-12-17 15:18:21","I","2023-06-13 00:00:00","","263673.138281614","484384.345181799","0","0","0","0","0","0","0","0","0","32.7",
"62","안경업","01_02_01_P","4181000","PHMB219994180029082200001","1999-06-25","","01","영업/정상","13","영업중","","","","","033)244-5808","","","강원특별자치도 춘천시 요선동 19번지","강원특별자치도 춘천시 중앙로 지하 48-1 (요선동)","24272","남대문안경원","2016-02-26 12:34:49","I","2023-06-13 00:00:00","","263980.766282969","486926.143643124","0","0","0","0","0","0","0","0","0","70",
"63","안경업","01_02_01_P","4181000","PHMB219994180029082200002","1999-12-13","","01","영업/정상","13","영업중","","","","","263-8488","","","강원특별자치도 춘천시 석사동 722번지 2호 그랜드아파트 상가동 109.110호","강원특별자치도 춘천시 우석로101번길 20, 상가동 109.110호 (석사동, 그랜드아파트)","24319","밝은세상안경원","2016-10-26 14:07:27","I","2023-06-13 00:00:00","","266560.329209555","485150.524863204","1","1","1","1","1","1","1","1","1","51",
"64","안경업","01_02_01_P","4181000","PHMB220004180029082200002","2000-02-17","","01","영업/정상","13","영업중","","","","","033)242-8224","","200-050","강원특별자치도 춘천시 죽림동 159번지 4호","강원특별자치도 춘천시 명동길 47 (죽림동)","24357","베드로안경원","2012-03-19 09:52:05","I","2023-06-13 00:00:00","","263674.142357694","486285.845226975","1","1","1","1","1","1","1","1","1","18.2",
"65","안경업","01_02_01_P","4181000","PHMB220044180029082200001","2004-02-20","","01","영업/정상","13","영업중","","","","","033)261-8819","","","춘천시 석사동 880-4번지","강원특별자치도 춘천시 퇴계농공로 22 (석사동)","24414","피카소안경퇴계점","2016-05-24 13:26:13","I","2023-06-13 00:00:00","","265419.195718634","483446.822404389","0","0","0","0","0","0","0","0","0","0",
"66","안경업","01_02_01_P","4181000","PHMB220044180029082200003","2004-07-01","","01","영업/정상","13","영업중","","","","","033)254-9333","","","강원특별자치도 춘천시 교동 15-3","강원특별자치도 춘천시 삭주로 64(교동)","24259","안경갤러리한림대점","2022-11-01 10:50:26","I","2023-06-13 00:00:00","","264849.295887026","486995.817346474","0","0","0","0","0","0","0","0","0","0",
"67","안경업","01_02_01_P","4181000","PHMB220044180029082200005","2004-10-22","","01","영업/정상","13","영업중","","","","","033-264-2044","","","춘천시 석사동 678-1번지","강원특별자치도 춘천시 공지로 143 (석사동)","24388","글라스 아이 유","2020-08-21 11:11:58","I","2023-06-13 00:00:00","","265544.179675026","484254.915947262","1","1","1","5","1","1","1","2","1","0",
"68","안경업","01_02_01_P","4181000","PHMB220044180029082200007","2004-10-27","","01","영업/정상","13","영업중","","","","","033)244-1001","","","강원특별자치도 춘천시 동면 장학리 234번지","강원특별자치도 춘천시 동면 춘천순환로 600, (MS마트내)","24213","앰에스안경원","2019-08-07 15:45:18","I","2023-06-13 00:00:00","","266540.279685759","488014.164781552","0","0","0","0","0","0","0","0","0","56",
"69","안경업","01_02_01_P","4181000","PHMB220044180029082200008","2004-12-06","","01","영업/정상","13","영업중","","","","","033)241-4470","","200-080","강원특별자치도 춘천시 운교동 169번지 34호","강원특별자치도 춘천시 금강로 90 (운교동)","24355","다비치안경원","2013-05-28 16:38:09","I","2023-06-13 00:00:00","","264156.582985985","486349.128298929","2","2","2","2","1","2","2","2","2","255.39",
"70","안경업","01_02_01_P","4181000","PHMB220054180029082200002","2010-02-11","","01","영업/정상","13","영업중","","","","","033)257-1001","","","강원특별자치도 춘천시 중앙로1가 78번지","강원특별자치도 춘천시 중앙로 41-1, 1층 (중앙로1가)","24346","아이젠트리 춘천점","2020-02-12 16:28:35","I","2023-06-13 00:00:00","","264003.14406181","486753.060546439","1","1","1","1","1","1","1","1","1","99.17",
"71","안경업","01_02_01_P","4181000","PHMB220064180029082200001","2006-03-01","","01","영업/정상","13","영업중","","","","","033-244-0992","","","춘천시 중앙로 지하상가 다 19-20호","강원특별자치도 춘천시 중앙로 지하 49-3 (중앙로1가)","24346","안경마트","2018-01-22 14:35:41","I","2023-06-13 00:00:00","","","","0","0","0","0","0","0","0","0","0","0",
"72","안경업","01_02_01_P","4181000","PHMB220074180029082200001","2007-01-03","","01","영업/정상","13","영업중","","","","","033-252-8000","","200-941","강원특별자치도 춘천시 조양동 50번지 8호","강원특별자치도 춘천시 명동길 7 (조양동)","24353","독일안경원","2018-01-22 14:34:55","I","2023-06-13 00:00:00","","263952.567630524","486581.166916725","0","0","0","0","0","0","0","0","0","55",
"73","안경업","01_02_01_P","4181000","PHMB220164180029082200007","2016-12-23","","01","영업/정상","13","영업중","","","","","","","","","강원특별자치도 춘천시 동면 춘천로449번길 30","24209","후니아이","2023-10-04 17:21:09","U","2023-10-06 02:40:00","","266234.217405744","488288.568779746","1","1","1","1","1","1","2","2","2","0",
"74","안경업","01_02_01_P","4181000","PHMB220184180029082200001","2018-04-16","","01","영업/정상","13","영업중","","","","","","","","강원특별자치도 춘천시 효자동 626번지 4호 1층","강원특별자치도 춘천시 서부대성로 221, 1층 (효자동)","24289","오렌즈 강원대점","2023-11-16 16:47:59","U","2023-11-18 02:40:00","","265289.011638312","485932.239096466","1","1","1","1","1","1","1","1","1","0",
"75","안경업","01_02_01_P","4181000","PHMB220044180029082200006","2004-10-27","","01","영업/정상","13","영업중","","","","","033)252-1001","","","강원특별자치도 춘천시 온의동 511 이마트","강원특별자치도 춘천시 경춘로 2353, 이마트 1층 (온의동)","24435","아이스토리안경 진정성","2022-11-04 15:56:50","I","2023-06-13 00:00:00","","263141.943193102","484821.289677657","0","0","0","0","0","0","0","0","0","0",
"76","안경업","01_02_01_P","4181000","PHMB220214180029082200001","2021-09-14","","01","영업/정상","13","영업중","","","","","","","","강원특별자치도 춘천시 조양동 50-14","강원특별자치도 춘천시 금강로 58(조양동)","24353","제이제이안경원(JJ안경원)","2022-02-28 14:36:00","I","2023-06-13 00:00:00","","263986.935771504","486608.127490049","1","0","0","1","1","0","0","0","0","0",
"77","안경업","01_02_01_P","4181000","PHMB220224180029082200003","2022-10-27","","01","영업/정상","13","영업중","","","","","033-241-1007","","","강원특별자치도 춘천시 퇴계동 529-1","강원특별자치도 춘천시 안마산로 110, 101호 (퇴계동)","24455","허선생안경원","2022-10-27 20:22:03","I","2023-06-13 00:00:00","","263913.65863414","483730.035744869","1","0","0","1","1","0","0","0","0","0",
"78","안경업","01_02_01_P","4181000","PHMB220224180029082200002","2022-10-17","","01","영업/정상","13","영업중","","","","","033-262-3570","","","강원특별자치도 춘천시 석사동 818-2","강원특별자치도 춘천시 퇴계로 221, 104호 (석사동)","24390","THE공감안경","2022-10-17 16:47:33","I","2023-06-13 00:00:00","","265328.029153914","484018.373448398","1","0","0","1","2","0","0","0","0","86",
"79","안경업","01_02_01_P","4181000","PHMB220084180029082200003","2008-12-17","","01","영업/정상","13","영업중","","","","","033-262-6632","","200-944","강원특별자치도 춘천시 퇴계동 164번지","강원특별자치도 춘천시 지석로 11 (퇴계동)","24413","하나로마트 안경원","2023-10-04 14:58:01","U","2023-10-06 02:40:00","","264866.494504133","483675.647000092","1","1","1","1","1","1","1","1","1","0",
"80","안경업","01_02_01_P","4181000","PHMB220224180029082200001","2022-07-13","","01","영업/정상","13","영업중","","","","","","","","강원특별자치도 춘천시 온의동 601 춘천 센트럴타워 푸르지오","강원특별자치도 춘천시 방송길 77, 상가 1층 (온의동, 춘천 센트럴타워 푸르지오)","24363","지니스안경 온의롯데마트건너점","2022-07-13 16:15:18","I","2023-06-13 00:00:00","","263345.431242431","485397.525389929","1","0","0","1","2","0","0","0","0","109",
"81","안경업","01_02_01_P","4181000","PHMB219764180029082200001","1976-02-17","","01","영업/정상","13","영업중","","","","","033)241-1001","","","춘천시 운교동 187-4","강원특별자치도 춘천시 춘천로185번길 10-1 (운교동)","24350","해광안경원","2013-12-17 15:45:41","I","2023-06-13 00:00:00","","264558.880321659","486346.510903542","0","0","0","0","0","0","0","0","0","27.36",
"82","안경업","01_02_01_P","4181000","PHMB219854180029082200001","1985-09-24","","01","영업/정상","13","영업중","","","","","033)252-9881","","","춘천시 조양동 47-9 (2층)","강원특별자치도 춘천시 시청길10번길 15-1 (조양동)","24352","성광안경원","2013-12-17 15:43:09","I","2023-06-13 00:00:00","","264118.636651241","486542.183958429","1","1","1","1","1","1","1","1","1","33.8",
"83","안경업","01_02_01_P","4181000","PHMB219864180029082200001","1986-02-27","","01","영업/정상","13","영업중","","","","","033)251-2001","","","춘천시 운교동 167-4","강원특별자치도 춘천시 금강로 91 (운교동)","24352","불란서안경","2013-12-17 15:41:21","I","2023-06-13 00:00:00","","264205.175608981","486358.650189715","0","0","0","0","0","0","0","0","0","23.1",
"84","안경업","01_02_01_P","4181000","PHMB219864180029082200003","1986-07-28","","01","영업/정상","13","영업중","","","","","033-253-3303","","","강원특별자치도 춘천시 죽림동 제일종합시장15블럭","강원특별자치도 춘천시 약사고개길 13 (죽림동, 제일백화점)","24355","이화안경원","2023-10-10 10:21:08","U","2023-10-12 02:40:00","","263815.717679964","486351.132414808","0","0","0","0","0","0","0","0","0","31.68",
"85","안경업","01_02_01_P","4181000","PHMB219884180029082200001","1988-10-06","","01","영업/정상","13","영업중","","","","","033)241-0490","","","춘천시 효자3동 627-5","강원특별자치도 춘천시 서부대성로 222 (효자동)","24341","영신안경","2013-12-17 15:36:25","I","2023-06-13 00:00:00","","265278.229984832","485900.019974737","0","0","0","0","0","0","0","0","0","27",
"86","안경업","01_02_01_P","4181000","PHMB219904180029082200002","1990-11-09","","01","영업/정상","13","영업중","","","","","0330257-3283","","","춘천시 효자2동 192-1","강원특별자치도 춘천시 강원대학길 1 (효자동, 강원대학교)","24341","오늘의 안경(춘천강원대점)","2024-10-08 14:14:14","U","2024-10-10 02:40:00","","265481.557982219","485420.871953344","0","0","0","0","0","0","0","0","0","30",
"87","안경업","01_02_01_P","4181000","PHMB219924180029082200001","1992-05-08","","01","영업/정상","13","영업중","","","","","033)251-9009","","","강원특별자치도 춘천시 중앙로2가 37번지 1호","강원특별자치도 춘천시 중앙로 71 (중앙로2가)","24354","명동안경","2016-02-24 11:49:11","I","2023-06-13 00:00:00","","263818.989477962","486499.015115582","1","1","1","1","1","1","1","1","11","0",
"88","안경업","01_02_01_P","4181000","PHMB219954180029082200002","1995-09-07","","01","영업/정상","13","영업중","","","","","033-253-3283","","","춘천시 효자3동 628-8","강원특별자치도 춘천시 서부대성로 233 (효자동)","24289","백령안경원","2015-04-03 17:03:07","I","2023-06-13 00:00:00","","265400.82119557","485872.551028504","0","0","0","0","0","0","0","0","0","0",
"89","안경업","01_02_01_P","4181000","PHMB219954180029082200003","1995-11-09","","01","영업/정상","13","영업중","","","","","033)256-9449","","","강원특별자치도 춘천시 후평동 855번지 4호","강원특별자치도 춘천시 삭주로 98-1 (후평동)","24254","제일안경원","2025-10-16 19:12:20","U","2025-10-18 02:40:00","","265190.59504032","487030.825910158","1","1","1","1","1","1","1","1","1","22.7",
"90","안경업","01_02_01_P","4181000","PHMB219964180029082200001","1996-04-25","","01","영업/정상","13","영업중","","","","","033)242-5532","","200-956","강원특별자치도 춘천시 후평3동 794번지 7호","강원특별자치도 춘천시 후석로 298 (후평동)","24304","대명안경콘택트","2012-05-21 09:36:22","I","2023-06-13 00:00:00","","266060.346128974","486408.766467852","0","0","0","0","0","0","0","0","0","0",
"91","안경업","01_02_01_P","4181000","PHMB220104180029082200003","2010-03-11","","01","영업/정상","13","영업중","","","","","033-263-0049","","","강원특별자치도 춘천시 중앙로2가 32번지","강원특별자치도 춘천시 중앙로 69, 2층 (중앙로2가)","24354","으뜸 50 안경","2019-01-03 15:47:08","I","2023-06-13 00:00:00","","263840.220903726","486523.255161669","1","1","1","1","1","1","1","1","1","71.91",
"92","안경업","01_02_01_P","4181000","PHMB220104180029082200004","2010-03-15","","01","영업/정상","13","영업중","","","","","033-253-1010","","200-939","강원특별자치도 춘천시 우두동 707번지 35호  (A동)","강원특별자치도 춘천시 충열로 39, A동 (우두동)","24226","VIP 안경원","2018-01-22 14:29:36","I","2023-06-13 00:00:00","","264363.436931186","488796.109066363","1","1","1","1","2","1","1","2","1","60",
"93","안경업","01_02_01_P","4181000","PHMB220244181030082200002","2015-07-16","","01","영업/정상","13","영업중","","","","","033-433-6310","","","강원특별자치도 춘천시 온의동 155-6 101호","강원특별자치도 춘천시 영서로 2291, 101호 (온의동)","24435","밝은눈안경","2024-10-02 11:57:21","I","2024-10-04 00:12:56","","263320.467624764","484987.928566418","1","1","1","2","1","1","1","1","1","50",
"94","안경업","01_02_01_P","4181000","PHMB220244181030082200001","2024-05-30","","01","영업/정상","13","영업중","","","","","033-252-2009","","","강원특별자치도 춘천시 조양동 26-5","강원특별자치도 춘천시 금강로 55, 2층 (조양동)","24352","으뜸플러스안경 춘천명동점","2024-05-30 14:39:06","I","2024-06-01 00:14:25","","263996.470294048","486653.80342091","1","0","0","1","1","0","0","0","0","0",
"95","안경업","01_02_01_P","4181000","PHMB220254181030082200002","2025-09-16","","01","영업/정상","13","영업중","","","","","070-8848-3687","","","강원특별자치도 춘천시 죽림동 189 브라운가","강원특별자치도 춘천시 중앙로67번길 18, 1103,1104호 (죽림동, 브라운가)","24354","헬로아이웨어","2025-09-17 16:04:17","I","2025-09-19 00:20:40","","263954.075694438","486406.885561246","1","0","0","1","1","0","0","0","0","75.92",
"96","안경업","01_02_01_P","4181000","PHMB220254181030082200001","2025-03-12","","01","영업/정상","13","영업중","","","","","0332642468","","","강원특별자치도 춘천시 석사동 796-14","강원특별자치도 춘천시 퇴계로 213, 1층 3호 (석사동)","24390","으뜸플러스안경 춘천석사점","2025-03-13 09:05:40","I","2025-03-15 00:10:24","","265259.050096478","484040.634380024","1","0","0","1","1","0","0","0","0","0",
"97","안경업","01_02_01_P","4191000","PHMB220234191050082200001","2023-08-17","","03","폐업","03","폐업","2023-12-26","","","","","","","강원특별자치도 원주시 무실동 1850-6","강원특별자치도 원주시 능라동길 72, 3층 (무실동)","26392","해늘안경원","2025-10-17 11:04:10","U","2025-10-19 02:40:00","","282324.406280238","426124.001794036","1","0","0","1","1","0","0","0","0","11.96",
"98","안경업","01_02_01_P","4191000","PHMB220034190023082200005","2003-11-11","","03","폐업","03","폐업","2012-10-30","","","","033-763-2600","","220-934","강원특별자치도 원주시 관설동1495-3","","","아이포커스","2012-10-30 10:53:28","I","2023-06-13 00:00:00","","","","1","1","1","0","0","0","0","0","0","0",
"99","안경업","01_02_01_P","4191000","PHMB220044190023082200001","2004-03-08","","03","폐업","03","폐업","2010-02-10","","","","033-732-0901","","220-010","강원특별자치도 원주시 중앙동120","","","파로스안경원","2010-02-10 14:19:27","I","2023-06-13 00:00:00","","","","1","1","1","0","0","0","0","0","0","0",
"100","안경업","01_02_01_P","4191000","PHMB220044190023082200002","2004-04-23","","03","폐업","03","폐업","2014-12-17","","","","033-733-7399","","220-806","강원특별자치도 원주시 문막읍 문막리 303번지 1호","강원특별자치도 원주시 문막읍 문막시장1길 22","220-806","우리안경","2014-12-17 15:58:50","I","2023-06-13 00:00:00","","272351.286442113","423159.123216394","1","1","1","0","0","0","0","0","0","0",
"101","안경업","01_02_01_P","4191000","PHMB220044190023082200004","2004-10-04","","03","폐업","03","폐업","2015-02-27","","","","033-733-9001","","220-150","강원특별자치도 원주시 무실동 1062번지 1호","강원특별자치도 원주시 북원로 1928 (무실동)","220-150","시호창동지펙스(원주점)","2015-02-27 17:58:16","I","2023-06-13 00:00:00","","281366.703634706","424684.582635502","1","1","1","0","0","0","0","0","0","0",
"102","안경업","01_02_01_P","4191000","PHMB220064190023082200001","2006-11-16","","03","폐업","03","폐업","2019-02-08","","","","033-765-8484","","220-945","강원특별자치도 원주시 명륜동 115번지 6호","강원특별자치도 원주시 남원로 639 (명륜동)","26441","굿피플안경원명륜점","2019-02-08 14:07:05","I","2023-06-13 00:00:00","","284327.873583168","426888.425874996","1","1","1","0","0","0","0","0","0","0",
"103","안경업","01_02_01_P","4191000","PHMB220074190023082200002","2007-11-30","","03","폐업","03","폐업","2010-12-30","","","","033-762-7007","","220-944","강원특별자치도 원주시 단구동1512-1리더스104","","","안경OK컨텍트단구점","2010-12-30 16:50:46","I","2023-06-13 00:00:00","","","","1","1","1","0","0","0","0","0","0","0",
"104","안경업","01_02_01_P","4191000","PHMB220104190023082200003","2010-08-27","","03","폐업","03","폐업","2019-08-21","","","","033-748-9009","","220-100","강원특별자치도 원주시 단계동 1120번지 1호 M스타빌딩 101-102호","강원특별자치도 원주시 봉화로 35 (단계동)","26437","star(스타)안경","2019-08-22 11:42:05","I","2023-06-13 00:00:00","","282048.046126826","427603.446313547","1","1","1","1","3","1","1","3","3","72",
"105","안경업","01_02_01_P","4191000","PHMB220124190023082200002","2012-03-28","","03","폐업","03","폐업","2019-08-26","","","","033-811-5621","","220-100","강원특별자치도 원주시 단계동 1123번지 AK프라자 2층","강원특별자치도 원주시 봉화로 1 (단계동, AK프라자 2층)","26437","룩옵티컬에이케이(AK)프라자점","2019-08-26 15:56:43","I","2023-06-13 00:00:00","","282120.73395865","427477.545400161","1","1","1","1","1","1","1","1","1","16",
"106","안경업","01_02_01_P","4191000","PHMB220054190023082200002","2005-04-28","","03","폐업","03","폐업","2016-08-26","","","","","","","강원특별자치도 원주시 우산동 227번지 1호","강원특별자치도 원주시 우산로 54 (우산동)","26342","안경랜드","2016-08-26 13:04:08","I","2023-06-13 00:00:00","","282920.406081586","430034.405575343","1","1","1","0","0","0","0","0","0","0",
"107","안경업","01_02_01_P","4191000","PHMB220134190023082200002","2013-04-24","","03","폐업","03","폐업","2022-07-04","","","","033-747-7563","","220-956","강원특별자치도 원주시 일산동 51번지 11호","강원특별자치도 원주시 원일로 125 (일산동)","26427","오렌즈원주점","2022-07-04 13:57:57","I","2023-06-13 00:00:00","","283914.918627048","428029.528114224","1","1","1","1","1","1","1","1","1","35.19",
"108","안경업","01_02_01_P","4191000","PHMB220074190023082200003","2007-12-20","","03","폐업","03","폐업","2019-09-27","","","","033-745-1771","","220-965","강원특별자치도 원주시 단구동 1631번지 7호","강원특별자치도 원주시 단구로 381 (단구동)","","미스터안경콘텍트","2019-09-27 10:19:04","I","2023-06-13 00:00:00","","284731.186729682","424919.879722251","1","1","1","1","1","1","1","1","1","70.95",
"109","안경업","01_02_01_P","4191000","PHMB220114190023082200005","2011-11-23","","03","폐업","03","폐업","2014-08-06","","","","033-745-0745","","220-904","강원특별자치도 원주시 중앙동 188번지 1호","강원특별자치도 원주시 중앙로 58 (중앙동)","220-904","룩옵티컬","2014-08-06 15:41:39","I","2023-06-13 00:00:00","","284343.96129058","427731.781293167","1","1","1","1","1","1","1","1","1","174.71",
"110","안경업","01_02_01_P","4191000","PHMB220114190023082200004","2011-09-28","","03","폐업","03","폐업","2013-11-26","","","","","","220-904","강원특별자치도 원주시 중앙동 137번지","강원특별자치도 속초시 수복로 12,103동 1201호 (교동,속초석미모닝파크)","217-060","아이마트 안경(원주점)","2013-11-26 14:29:50","I","2023-06-13 00:00:00","","284274.799474026","427810.660712262","1","1","1","1","3","1","1","1","3","136.57",
"111","안경업","01_02_01_P","4191000","PHMB220134190023082200001","2013-01-17","","03","폐업","03","폐업","2013-05-27","","","","033-734-6167","","220-963","강원특별자치도 원주시 학성동 991번지 2호","강원특별자치도 원주시 원일로 233 (학성동)","220-963","모던글라스","2013-05-27 16:26:00","I","2023-06-13 00:00:00","","283473.536558182","428693.830689917","1","1","1","1","1","1","1","1","1","51.19",
"112","안경업","01_02_01_P","4191000","PHMB220154190023082200001","2015-04-13","","03","폐업","03","폐업","2019-04-02","","","","033-762-5006","","","","강원특별자치도 원주시 북원로 1928 (무실동)","26395","렌즈맨안경원남원주점","2019-04-02 15:38:47","I","2023-06-13 00:00:00","","281366.703634706","424684.582635502","1","1","1","1","2","2","1","1","1","393",
"113","안경업","01_02_01_P","4191000","PHMB220154190023082200002","2015-04-16","","03","폐업","03","폐업","2019-04-26","","","","033-733-0280","","","","강원특별자치도 원주시 행구로 89 (봉산동)","26331","착한안경","2019-08-22 16:38:12","I","2023-06-13 00:00:00","","285599.016281138","427103.847968059","1","1","1","1","1","1","1","1","1","39.65",
"114","안경업","01_02_01_P","4191000","PHMB219974190023082200001","1997-04-12","","03","폐업","03","폐업","2019-08-26","","","","033-764-3001","","220-100","강원특별자치도 원주시 단계동 111번지 63호","강원특별자치도 원주시 원문로 144 (단계동)","","시선안경콘택트","2019-08-26 15:56:53","I","2023-06-13 00:00:00","","282577.721053738","428607.695741388","1","1","1","0","0","0","0","0","0","0",
"115","안경업","01_02_01_P","4191000","PHMB219974190023082200002","1997-05-07","","03","폐업","03","폐업","2009-07-01","","","","033-764-1368","","220-041","강원특별자치도 원주시 명륜동103-5-10","","","안경나라안경원","2009-07-01 16:36:41","I","2023-06-13 00:00:00","","","","1","1","1","1","1","1","1","1","1","0",
"116","안경업","01_02_01_P","4191000","PHMB219974190023082200003","1997-07-12","","03","폐업","03","폐업","2009-12-08","","","","033-743-9927","","220-956","강원특별자치도 원주시 일산동51-14","","","씨채널안경원","2009-12-08 10:22:41","I","2023-06-13 00:00:00","","","","1","1","1","0","0","0","0","0","0","0",
"117","안경업","01_02_01_P","4191000","PHMB219994190023082200001","1999-02-09","","03","폐업","03","폐업","2023-04-27","","","","033-746-6832","","220-956","강원특별자치도 원주시 일산동 72번지 3호","강원특별자치도 원주시 원일로115번길 5 (일산동)","26427","안경박사중앙점","2023-04-27 14:02:46","I","2023-06-13 00:00:00","","283927.820075739","427924.39352986","1","1","1","0","0","0","0","0","0","0",
"118","안경업","01_02_01_P","4191000","PHMB219994190023082200002","1999-04-22","","03","폐업","03","폐업","2011-12-16","","","","033-764-7177","","220-010","강원특별자치도 원주시 중앙동57(자유상가)","","","오즈안경원","2011-12-16 16:06:32","I","2023-06-13 00:00:00","","","","1","1","1","0","0","0","0","0","0","0",
"119","안경업","01_02_01_P","4191000","PHMB220144190023082200004","2014-11-03","","03","폐업","03","폐업","2023-06-30","","","","033-732-6006","","","","강원특별자치도 원주시 만대로 160 (무실동)","26385","밝은눈안경콘텍트","2023-06-30 09:08:14","U","2023-07-02 02:40:00","","281629.123259359","426174.418689273","1","1","1","1","1","1","1","1","1","91.46",
"120","안경업","01_02_01_P","4191000","PHMB220164190023082200001","2016-04-05","","03","폐업","03","폐업","2018-05-14","","","","","","","강원특별자치도 원주시 반곡동 1901번지 1호","강원특별자치도 원주시 양지로 70, 118호 (반곡동, 서영 에비뉴파크 3차)","26462","렌즈미콘택트렌즈","2019-08-22 16:43:27","I","2023-06-13 00:00:00","","287297.976055779","425500.777714415","1","1","2","1","1","0","0","0","0","11.31",
"121","안경업","01_02_01_P","4191000","PHMB220194190023082200006","2019-09-04","","03","폐업","03","폐업","2021-08-31","","","","033-744-5055","","","강원특별자치도 원주시 단계동 882번지","강원특별자치도 원주시 서원대로 174, 4층 (단계동)","26382","으뜸50안경원주시외버스앞점","2021-10-19 14:55:49","I","2023-06-13 00:00:00","","282404.58199032","427278.778612593","1","1","0","1","1","1","1","1","1","125",
"122","안경업","01_02_01_P","4191000","PHMB220164190023082200004","2016-12-29","","03","폐업","03","폐업","2018-01-31","","","","033-732-6655","","","","강원특별자치도 원주시 봉화로 22, 104호 (단계동, 더파크타워)","26436","렌즈톡안경톡","2018-01-31 15:37:01","I","2023-06-13 00:00:00","","282224.875445338","427528.358939901","1","1","1","1","1","1","1","1","1","92.4",
"123","안경업","01_02_01_P","4191000","PHMB219994190023082200004","1999-06-28","","03","폐업","03","폐업","2009-12-08","","","","033-761-9388","","220-041","강원특별자치도 원주시 명륜동279-6","","","씨채널안경콘택트","2009-12-08 16:23:01","I","2023-06-13 00:00:00","","","","1","1","1","0","0","0","0","0","0","0",
"124","안경업","01_02_01_P","4191000","PHMB220004190023082200002","2000-04-17","","03","폐업","03","폐업","2006-05-17","","","","033-764-8298","","220-060","강원특별자치도 원주시 원동275-3","","","안경갤러리","2010-11-17 10:23:54","I","2023-06-13 00:00:00","","","","1","1","1","0","0","0","0","0","0","0",
"125","안경업","01_02_01_P","4191000","PHMB220024190023082200001","2002-11-18","","03","폐업","03","폐업","2011-01-17","","","","033-735-6157","","220-956","강원특별자치도 원주시 일산동161-21","","","안경랜드(중앙점)","2011-01-17 17:58:13","I","2023-06-13 00:00:00","","","","1","1","1","0","0","0","0","0","0","0",
"126","안경업","01_02_01_P","4191000","PHMB220034190023082200001","2003-01-22","","03","폐업","03","폐업","2014-12-26","","","","033-742-3366","","220-903","강원특별자치도 원주시 중앙동 8번지 3호","강원특별자치도 원주시 천사로 225 (중앙동)","220-903","모닝아이안경원","2014-12-26 13:37:13","I","2023-06-13 00:00:00","","283971.601826023","428194.325151815","1","1","1","0","0","0","0","0","0","0",
"127","안경업","01_02_01_P","4191000","PHMB220034190023082200003","2003-07-10","","03","폐업","03","폐업","2013-08-22","","","","033-765-1001","","220-931","강원특별자치도 원주시 개운동381-35","","","누네그린안경","2013-08-22 10:53:58","I","2023-06-13 00:00:00","","","","1","1","1","0","0","0","0","0","0","0",
"128","안경업","01_02_01_P","4191000","PHMB220034190023082200004","2003-10-08","","03","폐업","03","폐업","2012-10-18","","","","033-734-8617","","220-806","강원특별자치도 원주시 문막읍 문막리 264번지 4호","강원특별자치도 원주시 문막읍 문막시장1길 47","220-806","안경마을","2012-10-18 10:31:08","I","2023-06-13 00:00:00","","272304.237771773","422955.184746241","1","1","1","1","1","1","1","1","1","36.27",
"129","안경업","01_02_01_P","4191000","PHMB220184190023082200007","2018-12-21","","01","영업/정상","13","영업중","","","","","070-4210-7044","","","강원특별자치도 원주시 반곡동 1886번지 5호","강원특별자치도 원주시 입춘로 110, 1층 102호 (반곡동)","26465","안경공방","2018-12-21 16:28:44","I","2023-06-13 00:00:00","","286941.601213414","425049.931613599","1","1","1","1","1","1","1","1","1","43",
"130","안경업","01_02_01_P","4191000","PHMB220044190023082200003","2004-06-10","","01","영업/정상","13","영업중","","","","","033-761-0042","","220-965","강원특별자치도 원주시 단구동 1630번지 2호","강원특별자치도 원주시 단관길 67-24 (단구동)","26487","조은안경원","2010-11-18 16:59:30","I","2023-06-13 00:00:00","","284722.52","425003.66","1","1","1","0","0","0","0","0","0","0",
"131","안경업","01_02_01_P","4191000","PHMB220054190023082200001","2005-01-10","","01","영업/정상","13","영업중","","","","","033-746-3361","","220-962","강원특별자치도 원주시 태장2동1374-2","강원특별자치도 원주시 흥양로51번길 1 (태장동)","26316","원안경원","2016-09-06 18:02:00","I","2023-06-13 00:00:00","","284293.482086808","431753.074716255","1","1","1","0","0","0","0","0","0","0",
"132","안경업","01_02_01_P","4191000","PHMB220054190023082200003","2005-05-13","","01","영업/정상","13","영업중","","","","","033-762-6060","","220-944","강원특별자치도 원주시 단구동1514-7","강원특별자치도 원주시 남원로 528-29 (단구동)","26484","아이로움옵티크(EYELOAM OPTIQUE)","2022-06-17 09:16:55","I","2023-06-13 00:00:00","","284080.556681701","425707.109801663","1","1","1","0","0","0","0","0","0","0",
"133","안경업","01_02_01_P","4191000","PHMB220054190023082200004","2005-07-28","","01","영업/정상","13","영업중","","","","","033-743-9900","","220-938","강원특별자치도 원주시 단계동842-1","강원특별자치도 원주시 천사로 66 (단계동)","26436","BODA안경콘텍트","2013-11-06 09:37:56","I","2023-06-13 00:00:00","","282547.029370658","427670.154123021","1","1","1","0","0","0","0","0","0","0",
"134","안경업","01_02_01_P","4191000","PHMB220114190023082200002","2011-03-21","","01","영업/정상","13","영업중","","","","","033-742-9901","","","강원특별자치도 원주시 행구동 1754번지 2호","강원특별자치도 원주시 행구로 148 (행구동)","26456","안경매니져 행구점","2019-08-27 15:16:01","I","2023-06-13 00:00:00","","286107.211105468","427083.706907984","1","1","1","1","1","1","1","1","1","45.09",
"135","안경업","01_02_01_P","4191000","PHMB220114190023082200007","2011-12-21","","01","영업/정상","13","영업중","","","","","033-747-8188","","","강원특별자치도 원주시 무실동 1722번지 2호","강원특별자치도 원주시 시청로 31, 102호 (무실동)","26383","박배준안경원","2020-05-29 09:10:32","I","2023-06-13 00:00:00","","281783.855810873","426845.93047523","1","1","1","1","2","1","1","1","1","77.35",
"136","안경업","01_02_01_P","4191000","PHMB220124190023082200001","2012-02-01","","01","영업/정상","13","영업중","","","","","033-734-0043","","220-801","강원특별자치도 원주시 문막읍 건등2리 207번지 5호","강원특별자치도 원주시 문막읍 원문로 1622","26371","안경백화점 문막점","2020-03-27 15:55:28","I","2023-06-13 00:00:00","","273583.310096277","424470.251718338","1","1","1","5","2","2","1","3","3","156",
"137","안경업","01_02_01_P","4191000","PHMB220134190023082200003","2013-05-16","","01","영업/정상","13","영업중","","","","","033-764-9670","","220-934","강원특별자치도 원주시 관설동 1494번지 3호","강원특별자치도 원주시 치악로 1527 (관설동)","26471","하나로안경원","2014-10-27 17:46:31","I","2023-06-13 00:00:00","","285447.53785015","424682.625071138","1","1","1","1","1","1","1","1","1","42",
"138","안경업","01_02_01_P","4191000","PHMB220144190023082200003","2014-08-08","","01","영업/정상","13","영업중","","","","","033-763-7788","","","","강원특별자치도 원주시 남원로534번길 18 (단구동)","26484","룩스토어(LOOK STORE)","2024-05-17 14:14:48","U","2024-05-19 02:40:00","","283991.454974184","425811.185810525","1","1","1","1","1","1","1","1","1","102",
"139","안경업","01_02_01_P","4191000","PHMB220144190023082200002","2014-07-07","","01","영업/정상","13","영업중","","","","","033-731-3585","","","","강원특별자치도 원주시 로아노크로 1 (단계동)","26382","다비치 안경원 (AK 프라자 앞점)","2016-03-02 16:32:51","I","2023-06-13 00:00:00","","282167.335627698","427319.582816006","3","2","2","1","3","1","1","3","3","322.2",
"140","안경업","01_02_01_P","4191000","PHMB220154190023082200004","2015-07-13","","01","영업/정상","13","영업중","","","","","033-744-5004","","","","강원특별자치도 원주시 천사로 236 (평원동)","26430","천사안경","2016-03-02 16:30:07","I","2023-06-13 00:00:00","","284089.98774631","428231.708149065","1","1","1","1","1","1","1","1","1","92.62",
"141","안경업","01_02_01_P","4191000","PHMB219924190023082200002","1992-06-23","","01","영업/정상","13","영업중","","","","","033-744-5383","","","강원특별자치도 원주시 무실동 1641-11","강원특별자치도 원주시 시청로 86, 1층 105호 (무실동)","26388","굿피플안경원중앙점","2025-09-02 17:42:09","U","2025-09-04 02:40:00","","282154.688698479","426418.473118261","1","1","1","1","1","0","0","0","0","68.82",
"142","안경업","01_02_01_P","4191000","PHMB220084190023082200001","2008-02-28","","01","영업/정상","13","영업중","","","","","033-744-6157","","220-702","강원특별자치도 원주시 우산동 660번지","강원특별자치도 원주시 상지대길 83 (우산동)","26339","행복안경","2025-05-22 09:07:01","U","2025-05-24 02:40:00","","282151.822954944","430257.366976729","1","1","1","0","0","0","0","0","0","49.5",
"143","안경업","01_02_01_P","4191000","PHMB220084190023082200002","2008-07-03","","01","영업/정상","13","영업중","","","","","033-747-8858","","","강원특별자치도 원주시 원동 58번지 1호","강원특별자치도 원주시 원일로 57 (원동)","26431","다비치안경원","2024-09-27 11:43:17","U","2024-09-29 02:40:00","","284255.093962754","427668.357089801","2","1000","2","3","1","1","1","3","3","0",
"144","안경업","01_02_01_P","4191000","PHMB220104190023082200001","2010-02-18","","01","영업/정상","13","영업중","","","","","033-746-6157","","220-956","강원특별자치도 원주시 일산동 161번지 19호","강원특별자치도 원주시 원일로115번길 9 (일산동)","","안경랜드 중앙점","2018-10-29 11:47:18","I","2023-06-13 00:00:00","","283904.696273335","427909.827550156","1","1","1","1","2","2","1","1","2","96.4",
"145","안경업","01_02_01_P","4191000","PHMB220104190023082200002","2010-04-30","","01","영업/정상","13","영업중","","","","","033-734-9926","","220-940","강원특별자치도 원주시 단구동 267번지 현대아카데미프라자 107호","강원특별자치도 원주시 늘품로 187-58 (단구동,현대아카데미프라자 107호)","","아이미안경.콘택트원주점","2010-05-04 13:18:08","I","2023-06-13 00:00:00","","285374.856489138","426587.24417121","1","1","1","1","1","1","1","1","1","58.05",
"146","안경업","01_02_01_P","4191000","PHMB220114190023082200006","2011-12-05","","01","영업/정상","13","영업중","","","","","033-736-0042","","","강원특별자치도 원주시 일산동 162번지 21호","강원특별자치도 원주시 원일로115번길 12 (일산동)","26427","조은안경렌즈미","2018-06-18 16:26:29","I","2023-06-13 00:00:00","","283875.691917825","427919.261959114","1","1","1","1","1","1","1","1","1","115.5",
"147","안경업","01_02_01_P","4191000","PHMB219914190023082200002","1991-07-19","","01","영업/정상","13","영업중","","","","","033-763-6831","","","강원특별자치도 원주시 단계동 102번지 14호","강원특별자치도 원주시 백간길 25, 지하1층 (단계동, SG마트)","26409","안경박사원주점","2017-05-02 09:08:57","I","2023-06-13 00:00:00","","282589.582601784","428909.204364963","1","1","1","0","0","0","0","0","0","83",
"148","안경업","01_02_01_P","4191000","PHMB220164190023082200002","2016-08-10","","01","영업/정상","13","영업중","","","","","033-743-3001","","","강원특별자치도 원주시 무실동 1855-5 107호","강원특별자치도 원주시 능라동길 60, 107호 (무실동)","26392","스타옵틱&오렌즈 원주무실점","2021-01-06 13:12:03","I","2023-06-13 00:00:00","","282389.129230253","426182.239453651","1","1","1","1","2","1","1","1","1","39.9",
"149","안경업","01_02_01_P","4191000","PHMB220174190023082200002","2017-09-27","","01","영업/정상","13","영업중","","","","","033-738-1470","","","","강원특별자치도 원주시 문막읍 견훤로 815 (경동대학교)","26495","오큘러스","2017-10-19 16:32:11","I","2023-06-13 00:00:00","","270376.914270365","418451.827583191","1","1","1","1","2","2","1","1","2","26.4",
"150","안경업","01_02_01_P","4191000","PHMB220174190023082200001","2017-07-19","","01","영업/정상","13","영업중","","","","","033-742-7149","","","강원특별자치도 원주시 반곡동 1880번지 10호","강원특별자치도 원주시 양지로 26, 1층 (반곡동)","26465","아리안경콘텍트(원주혁신점)","2024-12-23 11:02:13","U","2024-12-25 02:40:00","","286933.822944686","425186.306407447","1","1","1","1","1","1","1","1","1","65.78",
"151","안경업","01_02_01_P","4191000","PHMB220184190023082200006","2018-12-17","","01","영업/정상","13","영업중","","","","","033-748-3390","","","강원특별자치도 원주시 반곡동 1884번지 3호","강원특별자치도 원주시 혁신로 39-2, 1층 102호 (반곡동)","26465","글라스바바안경원-원주혁신도시점","2018-12-21 16:30:27","I","2023-06-13 00:00:00","","286744.412549836","425122.558535185","1","1","1","1","2","1","1","2","4","105",
"152","안경업","01_02_01_P","4191000","PHMB220184190023082200005","2018-11-20","","01","영업/정상","13","영업중","","","","","033-734-7599","","","강원특별자치도 원주시 개운동 124번지 3호","강원특별자치도 원주시 치악로 1775, 1층 (개운동)","26442","천금당안경콘택","2019-09-26 10:52:24","I","2023-06-13 00:00:00","","284602.621104392","426994.894847882","1","1","1","1","1","1","1","1","1","28.1",
"153","안경업","01_02_01_P","4191000","PHMB220084190023082200003","2008-07-30","","01","영업/정상","13","영업중","","","","","033-732-3917","","220-150","강원특별자치도 원주시 무실동 1642번지 1호 106호","강원특별자치도 원주시 시청로 94, 106호 (무실동)","","3927안경","2024-12-23 11:03:19","U","2024-12-25 02:40:00","","282190.044209329","426388.415223633","1","1","1","1","1","1","1","1","1","0",
"154","안경업","01_02_01_P","4191000","PHMB219944190023082200001","1994-08-03","","01","영업/정상","13","영업중","","","","","033-734-8617","","","강원특별자치도 원주시 문막읍 건등리 1624-3","강원특별자치도 원주시 문막읍 왕건로 33, 1층","26368","문막안경나라","2023-04-04 09:14:12","I","2023-06-13 00:00:00","","273464.073636185","424834.374481095","1","1","1","1","1","1","1","1","1","299",
"155","안경업","01_02_01_P","4191000","PHMB220114190023082200003","2011-07-08","","01","영업/정상","13","영업중","","","","","033-762-1865","","","강원특별자치도 원주시 일산동 365 두진하트리움시티 상가2동 106호","강원특별자치도 원주시 천사로 189, 상가2동 106호 (일산동, 두진하트리움시티)","26417","안경나라 두진하트리움점","2021-02-06 10:15:29","I","2023-06-13 00:00:00","","283652.889698416","428073.769853619","1","1","1","1","1","1","1","1","1","50",
"156","안경업","01_02_01_P","4191000","PHMB219914190023082200001","1991-07-19","","01","영업/정상","13","영업중","","","","","033-742-2606","","220-903","강원특별자치도 원주시 중앙동 60번지 1호","강원특별자치도 원주시 중앙시장길 2 (중앙동)","","불란서안경","2010-11-18 17:21:55","I","2023-06-13 00:00:00","","283994.666066829","427980.237504722","1","1","1","1","1","1","1","1","1","0",
"157","안경업","01_02_01_P","4191000","PHMB219914190023082200003","1991-09-25","","01","영업/정상","13","영업중","","","","","033-745-6867","","220-963","강원특별자치도 원주시 학성동 207번지 35호","강원특별자치도 원주시 원일로 158 (학성동)","","그랑프리안경원","2010-11-18 16:42:26","I","2023-06-13 00:00:00","","283822.26835122","428249.673885756","1","1","1","0","0","0","0","0","0","0",
"158","안경업","01_02_01_P","4191000","PHMB219934190023082200001","1993-06-22","","01","영업/정상","13","영업중","","","","","033-745-7353","","220-955","강원특별자치도 원주시 우산동 200번지 14호","강원특별자치도 원주시 상지대길 51 (우산동)","","안경나라 상지대점","2010-11-25 11:00:35","I","2023-06-13 00:00:00","","282886.592593328","430149.252445669","1","1","1","0","0","0","0","0","0","0",
"159","안경업","01_02_01_P","4191000","PHMB219964190023082200001","1996-03-22","","01","영업/정상","13","영업중","","","9999-12-31","","033-742-5464","","220-903","강원특별자치도 원주시 중앙동 57번지","강원특별자치도 원주시 중앙시장길 11, 2층 (중앙동, 자유상가)","26428","리스안경원","2008-10-06 00:00:00","I","2023-06-13 00:00:00","","284005.234706843","428073.8236109","1","1","1","0","0","0","0","0","0","0",
"160","안경업","01_02_01_P","4191000","PHMB219964190023082200002","1996-09-25","","01","영업/정상","13","영업중","","","","","033-766-2277","","","강원특별자치도 원주시 인동 242-16 원주가톨릭센터","강원특별자치도 원주시 원일로 28, 원주가톨릭센터 1층 (인동)","26429","아이월드안경원","2023-11-15 18:04:33","U","2023-11-18 02:40:00","","284482.093866699","427441.660047554","1","1","1","0","0","0","0","0","0","100",
"161","안경업","01_02_01_P","4191000","PHMB220164190023082200003","2016-12-07","","01","영업/정상","13","영업중","","","","","033-765-1040","","","강원특별자치도 원주시 단구동 1511번지 2호","강원특별자치도 원주시 서원대로 396, 105호 (단구동, 스타월드)","26484","오렌즈원주단구점","2017-03-12 17:15:17","I","2023-06-13 00:00:00","","284012.197863588","425846.256339564","1","1","1","1","1","1","1","1","1","22.7",
"162","안경업","01_02_01_P","4191000","PHMB220184190023082200001","2018-02-23","","01","영업/정상","13","영업중","","","","","033-734-0327","","","강원특별자치도 원주시 문막읍 건등리 207번지 15호","강원특별자치도 원주시 문막읍 원문로 1628, 1층","26371","라온안경원","2019-08-13 20:07:56","I","2023-06-13 00:00:00","","","","1","1","1","10","2","2","0","3","2","64.82",
"163","안경업","01_02_01_P","4191000","PHMB220194190023082200001","2019-02-19","","01","영업/정상","13","영업중","","","","","070-4644-1001","","","강원특별자치도 원주시 명륜동 103번지 5호","강원특별자치도 원주시 남원로 662, 1층 (명륜동)","26442","일공공일안경","2019-08-27 11:24:16","I","2023-06-13 00:00:00","","284494.302032816","427042.192539935","1","1","1","1","1","1","1","1","1","0",
"164","안경업","01_02_01_P","4191000","PHMB220194190023082200003","2019-03-11","","01","영업/정상","13","영업중","","","","","033-748-9009","","","강원특별자치도 원주시 단계동 1121번지 2호","강원특별자치도 원주시 서원대로 125-3, 1층 (단계동)","26437","안경카페","2024-10-21 15:01:20","U","2024-10-23 02:40:00","","282057.997307975","427562.695166079","1","1","1","1","1","1","1","3","3","0",
"165","안경업","01_02_01_P","4191000","PHMB220194190023082200002","2019-02-21","","01","영업/정상","13","영업중","","","","","033-764-2930","","","강원특별자치도 원주시 단구동 1678번지 1호","강원특별자치도 원주시 단구로 397, 1층 (단구동)","26490","안경나라단관","2019-02-21 14:48:24","I","2023-06-13 00:00:00","","284653.046852234","424795.708219525","1","1","1","1","2","1","1","2","2","0",
"166","안경업","01_02_01_P","4191000","PHMB220214190023082200001","2021-10-08","","01","영업/정상","13","영업중","","","","","033-732-7637","","","강원특별자치도 원주시 반곡동 1901-6","강원특별자치도 원주시 미래로 25, 1층 105~106호 (반곡동)","26462","글라스타안경원","2021-10-10 09:26:53","I","2023-06-13 00:00:00","","287372.787086469","425423.7771737","1","0","0","1","2","0","0","0","0","83.6",
"167","안경업","01_02_01_P","4191000","PHMB220224190023082200002","2022-03-16","","01","영업/정상","13","영업중","","","","","033-747-4010","","","","강원특별자치도 원주시 능라동길 51, 2층 205호 (무실동)","26392","으뜸플러스안경 원주무실점","2022-03-17 11:23:33","I","2023-06-13 00:00:00","","282361.656343235","426273.540502002","1","0","0","1","1","0","0","0","0","58.24",
"168","안경업","01_02_01_P","4191000","PHMB220084190023082200004","2008-10-17","","01","영업/정상","13","영업중","","","","","033-764-0026","","220-090","강원특별자치도 원주시 단구동 1516번지 1호","강원특별자치도 원주시 남원로 530 (단구동)","26484","안경백화점","2023-07-07 13:48:25","U","2023-07-09 02:40:00","","283876.595427365","425904.096989277","1","1","1","1","1","1","1","1","1","387",
"169","안경업","01_02_01_P","4191000","PHMB220094190023082200002","2009-08-10","","01","영업/정상","13","영업중","","","","","033-742-1238","","220-010","강원특별자치도 원주시 중앙동 56번지 2호","강원특별자치도 원주시 중앙로 149 (중앙동)","","밝은안경원","2012-01-05 10:52:23","I","2023-06-13 00:00:00","","284015.652201679","428126.027570888","1","1","1","1","1","1","1","1","1","76.76",
"170","안경업","01_02_01_P","4191000","PHMB220094190023082200001","2009-07-01","","01","영업/정상","13","영업중","","","","","033-764-1368","","","강원특별자치도 원주시 명륜동 115번지 6호 1층","강원특별자치도 원주시 남원로 639, 1층 (명륜동)","26441","안경나라안경원","2021-03-04 16:07:53","I","2023-06-13 00:00:00","","284327.873583168","426888.425874996","1","1","1","1","1","1","1","1","1","51",
"171","안경업","01_02_01_P","4191000","PHMB220104190023082200004","2010-11-01","","01","영업/정상","13","영업중","","","","","033-735-9966","","","강원특별자치도 원주시 태장동 1375번지 1호","강원특별자치도 원주시 북원상가길 36 (태장동)","26316","크라우드","2017-10-24 10:26:33","I","2023-06-13 00:00:00","","284220.004380598","431725.997258259","2","1","1","1","1","2","1","1","1","70.61",
"172","안경업","01_02_01_P","4191000","PHMB220104190023082200005","2010-12-29","","01","영업/정상","13","영업중","","","","","033-764-5000","","220-944","강원특별자치도 원주시 단구동 1512번지 1호 5층 503호","강원특별자치도 원주시 서원대로 406 (단구동)","26484","밝은안경＆원주","2015-04-07 13:57:20","I","2023-06-13 00:00:00","","284095.975648829","425776.788781884","1","1","1","1","2","1","1","2","1","59.2",
"173","안경업","01_02_01_P","4191000","PHMB220114190023082200001","2011-02-21","","01","영업/정상","13","영업중","","","","","","","","","강원특별자치도 원주시 나비허리길 148 (관설동)","26471","안경랜드관설점","2025-07-22 16:27:33","U","2025-07-24 02:40:00","","285409.81841919","424585.65244391","1","1","1","1","1","1","1","1","1","126.9",
"174","안경업","01_02_01_P","4191000","PHMB220124190023082200004","2012-07-09","","01","영업/정상","13","영업중","","","","","033-743-8577","","220-934","강원특별자치도 원주시 관설동 1453번지 홈플러스 2층","강원특별자치도 원주시 치악로 1489, 2층 (관설동, 홈플러스)","26471","렌즈맨안경원(원주관설점)","2021-03-04 15:54:34","I","2023-06-13 00:00:00","","285677.402683418","424408.068770392","1","1","1","1","1","1","1","1","1","51.59",
"175","안경업","01_02_01_P","4191000","PHMB220124190023082200005","2012-08-27","","01","영업/정상","13","영업중","","","","","033-733-9009","","","","강원특별자치도 원주시 시청로 3 (무실동, 로얄타워)","26383","닥터아이언스","2017-06-26 10:44:39","I","2023-06-13 00:00:00","","281614.11717558","426991.761922349","2","1","2","2","2","1","1","2","2","362.67",
"176","안경업","01_02_01_P","4191000","PHMB220124190023082200006","2012-08-30","","01","영업/정상","13","영업중","","","","","033-763-9007","","220-931","강원특별자치도 원주시 개운동 404번지 12호","강원특별자치도 원주시 개운로 65 (개운동)","26444","안경매니아","2012-08-31 18:33:30","I","2023-06-13 00:00:00","","284794.096299002","426785.068502612","1","1","1","1","1","1","1","1","1","46.04",
"177","안경업","01_02_01_P","4191000","PHMB220144190023082200001","2014-01-20","","01","영업/정상","13","영업중","","","","","033-742-9979","","","","강원특별자치도 원주시 능라동길 75 (무실동)","26392","안경매니져 무실점","2018-06-29 15:19:47","I","2023-06-13 00:00:00","","282345.463563421","426053.001948438","1","1","1","1","1","1","1","1","1","54.2",
"178","안경업","01_02_01_P","4191000","PHMB220184190023082200004","2018-06-28","","01","영업/정상","13","영업중","","","","","033-811-5788","","","강원특별자치도 원주시 단계동 1123번지 AK플라자","강원특별자치도 원주시 봉화로 1, AK플라자 3층 (단계동)","26437","아프리카안경원주AK점","2020-08-19 18:20:22","I","2023-06-13 00:00:00","","282120.73395865","427477.545400161","1","1","1","1","1","1","1","1","1","46.4",
"179","안경업","01_02_01_P","4191000","PHMB220184190023082200003","2018-05-30","","01","영업/정상","13","영업중","","","","","033-747-5059","","","강원특별자치도 원주시 중앙동 66번지 1호","강원특별자치도 원주시 중앙로 126, 2층 (중앙동)","26428","으뜸50안경 원주점","2018-10-29 17:14:55","I","2023-06-13 00:00:00","","284122.744987438","428016.182014708","1","1","1","1","2","1","1","1","1","97.82",
"180","안경업","01_02_01_P","4191000","PHMB220194190023082200005","2019-08-09","","01","영업/정상","13","영업중","","","","","033-748-6501","","","강원특별자치도 원주시 반곡동 2056번지 4호","강원특별자치도 원주시 배울로 19, 103호 (반곡동)","26466","아이즈온 안경원","2019-08-09 13:45:10","I","2023-06-13 00:00:00","","286303.92359726","424639.692581146","1","1","1","1","1","1","1","1","1","54",
"181","안경업","01_02_01_P","4191000","PHMB220194190023082200007","2019-09-16","","01","영업/정상","13","영업중","","","","","033-734-7155","","","강원특별자치도 원주시 지정면 가곡리 1495번지 1호","강원특별자치도 원주시 지정면 신지정로 322, 204,205,206호","26353","아이데코안경 원주1호점","2023-09-14 18:17:49","U","2023-09-16 02:40:00","","277216.381416408","431537.498667285","1","1","0","1","1","1","1","1","1","202.92",
"182","안경업","01_02_01_P","4191000","PHMB220204190023082200003","2020-07-01","","01","영업/정상","13","영업중","","","","","","","","강원특별자치도 원주시 학성동 1085-3","강원특별자치도 원주시 원문로 93, 1층 (학성동)","26412","고안경","2024-05-21 16:29:42","U","2024-05-23 02:40:00","","282902.902704817","428673.328083349","1","1","1","1","2","1","1","2","1","52.84",
"183","안경업","01_02_01_P","4191000","PHMB220224190023082200003","2022-08-24","","01","영업/정상","13","영업중","","","","","033-733-1388","","","강원특별자치도 원주시 지정면 가곡리 1345-11","강원특별자치도 원주시 지정면 무릉로 15","26353","아이프로젝트(EYE PROJECT) 안경 기업도시점","2024-11-01 10:27:10","U","2024-11-03 02:40:00","","277413.117777848","430677.249509998","1","0","0","1","1","0","0","0","0","283.48",
"184","안경업","01_02_01_P","4191000","PHMB220224190023082200004","2022-10-13","","01","영업/정상","13","영업중","","","","","033-735-2421","","","강원특별자치도 원주시 지정면 가곡리 1347-3","강원특별자치도 원주시 지정면 신지정로 212, 201호","26353","으뜸플러스안경 원주기업도시점","2022-10-14 14:53:09","I","2023-06-13 00:00:00","","277310.982456688","430657.461188099","1","0","0","1","1","0","0","0","0","124.36",
"185","안경업","01_02_01_P","4191000","PHMB219924190023082200001","1992-01-24","","01","영업/정상","13","영업중","","","","","033-742-4302","","","","강원특별자치도 원주시 무실로 182 (단계동)","26434","글라스스토리 렌즈스토리 원주단계점","2017-09-04 15:35:57","I","2023-06-13 00:00:00","","283125.943357781","426975.404734288","1","1","1","0","0","0","0","0","0","194.8",
"186","안경업","01_02_01_P","4191000","PHMB220154190023082200005","2015-10-16","","01","영업/정상","13","영업중","","","","","033-746-0018","","","","강원특별자치도 원주시 서원대로 157 (단계동)","26436","안경백화점 터미널점","2023-12-26 16:57:27","U","2023-12-28 02:40:00","","282263.285","427352.095","3","3","3","1","2","1","2","5","5","408.96",
"187","안경업","01_02_01_P","4191000","PHMB220184190023082200002","2018-04-11","","01","영업/정상","13","영업중","","","","","033-744-6914","","","강원특별자치도 원주시 단계동 1123 AK플라자","강원특별자치도 원주시 봉화로 1, AK플라자 지하2층 (단계동)","26437","글라스타안경 원주롯데마트점","2023-06-20 15:14:26","U","2023-06-22 02:40:00","","282120.73395865","427477.545400161","1","1","1","1","1","1","1","1","1","27",
"188","안경업","01_02_01_P","4191000","PHMB220194190023082200004","2019-05-24","","01","영업/정상","13","영업중","","","","","033-763-4004","","","강원특별자치도 원주시 무실동 1062번지 1호 이마트","강원특별자치도 원주시 북원로 1928, 이마트 (무실동)","26395","두쏠아이원주점","2019-05-24 10:10:16","I","2023-06-13 00:00:00","","281366.703634706","424684.582635502","1","1","1","1","1","1","1","2","2","0",
"189","안경업","01_02_01_P","4191000","PHMB220204190023082200001","2020-02-18","","01","영업/정상","13","영업중","","","","","033-744-1316","","","강원특별자치도 원주시 지정면 가곡리 1349번지 2호","강원특별자치도 원주시 지정면 신지정로 172, 현대프라자 103호","26353","아이글라스","2020-02-18 10:29:53","I","2023-06-13 00:00:00","","277670.173420342","430623.032728189","1","1","1","1","2","1","1","1","1","44.08",
"190","안경업","01_02_01_P","4191000","PHMB220204190023082200002","2020-02-19","","01","영업/정상","13","영업중","","","","","033-731-7033","","","강원특별자치도 원주시 중앙동 59번지 10호","강원특별자치도 원주시 원일로 122-1 (중앙동)","26428","으뜸플러스안경 원주점","2020-02-19 11:00:54","I","2023-06-13 00:00:00","","283960.212224758","428023.771957032","1","1","1","11","1","1","0","1","1","48.96",
"191","안경업","01_02_01_P","4191000","PHMB220224190023082200001","2022-02-18","","01","영업/정상","13","영업중","","","","","","","","강원특별자치도 원주시 무실동 1857-16","강원특별자치도 원주시 능라동길 31, 1층 104,105호 (무실동)","26392","이노티안경 렌즈미 무실점","2022-07-19 10:47:12","I","2023-06-13 00:00:00","","282200.247831965","426126.863879167","1","0","0","1","1","0","0","0","0","83",
"192","안경업","01_02_01_P","4191000","PHMB219994190023082200003","1999-06-01","","01","영업/정상","13","영업중","","","9999-12-31","","033-747-0097","","220-955","강원특별자치도 원주시 우산동 202번지 1호","강원특별자치도 원주시 상지대길 73 (우산동)","26340","상지안경","2008-10-06 00:00:00","I","2023-06-13 00:00:00","","282725.13805028","430176.813783814","1","1","1","0","0","0","0","0","0","0",
"193","안경업","01_02_01_P","4191000","PHMB220004190023082200001","2000-01-12","","01","영업/정상","13","영업중","","","","","033-763-9333","","","강원특별자치도 원주시 흥업면 흥업리 586번지 5호","강원특별자치도 원주시 흥업면 남원로 71","26403","서전안경원","2019-08-13 20:06:40","I","2023-06-13 00:00:00","","281473.471231231","422686.611099098","1","1","1","0","0","0","0","0","0","0",
"194","안경업","01_02_01_P","4191000","PHMB220004190023082200003","2000-05-25","","01","영업/정상","13","영업중","","","","","033-746-1787","","220-701","강원특별자치도 원주시 일산동 97번지 3호","강원특별자치도 원주시 일산로 20 (일산동)","26426","연세대학교의과대학 구내안경원","2015-01-02 09:59:09","I","2023-06-13 00:00:00","","283743.070501419","427862.326128302","1","1","1","1","1","1","1","1","1","0",
"195","안경업","01_02_01_P","4191000","PHMB220014190023082200001","2001-04-03","","01","영업/정상","13","영업중","","","","","033-760-5152","","","강원특별자치도 원주시 흥업면 매지리 1875번지 연세대학교","강원특별자치도 원주시 흥업면 연세대길 1, 연세대학교","26493","연세대구내안경원","2019-08-13 20:04:58","I","2023-06-13 00:00:00","","279802.842138498","420075.310262165","1","1","1","0","0","0","0","0","0","0",
"196","안경업","01_02_01_P","4191000","PHMB220014190023082200002","1991-07-19","","01","영업/정상","13","영업중","","","","","033-742-4780","","220-956","강원특별자치도 원주시 일산동 51번지 7호","강원특별자치도 원주시 원일로 133 (일산동)","26427","상운당안경원","2011-06-17 11:40:27","I","2023-06-13 00:00:00","","283889.781904835","428069.335776755","1","1","1","1","1","1","1","1","1","0",
"197","안경업","01_02_01_P","4191000","PHMB220034190023082200002","2003-02-03","","01","영업/정상","13","영업중","","","9999-12-31","","033-742-9010","","220-903","강원특별자치도 원주시 중앙동 72번지 3호","강원특별자치도 원주시 평원로 59 (중앙동)","26428","구공공안경원","2008-10-06 00:00:00","I","2023-06-13 00:00:00","","284155.876072339","428086.527846661","1","1","1","0","0","0","0","0","0","0",
"198","안경업","01_02_01_P","4191000","PHMB220244191050082200001","2024-06-14","","01","영업/정상","13","영업중","","","","","033-762-7963","","","강원특별자치도 원주시 무실동 1085-1","강원특별자치도 원주시 행가리1길 9 (무실동)","26396","꼼꼼안경","2025-10-17 18:21:49","U","2025-10-19 02:40:00","","281374.240784647","424918.432343278","1","0","0","1","1","0","0","0","0","125.27",
"199","안경업","01_02_01_P","4191000","PHMB220254191050082200002","2025-03-11","","01","영업/정상","13","영업중","","","","","","","","강원특별자치도 원주시 무실동 1852-2","강원특별자치도 원주시 능라동길 75, 휴먼시티 202호 (무실동)","26392","으뜸50안경-원주2호점","2025-03-11 11:27:51","I","2025-03-13 00:11:06","","282345.463563421","426053.001948438","1","0","0","1","1","0","0","0","0","0",
"200","안경업","01_02_01_P","4191000","PHMB220234191050082200002","2023-09-20","","01","영업/정상","13","영업중","","","","","","","","강원특별자치도 원주시 단구동 1512-3 한솔프라자","강원특별자치도 원주시 서원대로 410, 한솔프라자 108호 (단구동)","26484","모디안경","2023-09-22 09:41:49","I","2023-09-24 00:17:57","","284152.113549263","425730.460245435","1","0","0","1","1","0","0","0","0","85",
"201","안경업","01_02_01_P","4191000","PHMB220254191050082200001","2025-01-07","","01","영업/정상","13","영업중","","","","","033-813-2727","","","강원특별자치도 원주시 태장동 770-6","강원특별자치도 원주시 현충로 11, 1층 103호 (태장동)","26326","행복한 안경원","2025-01-07 21:35:25","I","2025-01-09 00:11:18","","284537.648215626","428741.171594053","1","0","0","1","1","0","0","0","0","53",
"202","안경업","01_02_01_P","4191000","PHMB220074190023082200001","2007-11-12","","04","취소/말소/만료/정지/중지","24","직권폐업","2015-03-06","","","","033-747-0111","","220-957","강원특별자치도 원주시 일산동 223번지 2호","강원특별자치도 원주시 원일로 157 (일산동)","220-957","이노티안경콘텍트원주점","2015-03-08 15:52:13","I","2023-06-13 00:00:00","","283783.284232824","428239.675929882","1","1","1","1","1","1","1","1","1","0",
"203","안경업","01_02_01_P","4191000","PHMB219944190023082200002","1994-12-15","","04","취소/말소/만료/정지/중지","24","직권폐업","2015-03-06","","","","033-742-5465","","220-050","강원특별자치도 원주시 일산동 101번지 25호","강원특별자치도 원주시 무실로 22 (일산동)","220-050","일공일안경원","2015-03-08 15:52:54","I","2023-06-13 00:00:00","","283995.189264798","427756.094369263","1","1","1","0","0","0","0","0","0","0",
"204","안경업","01_02_01_P","4191000","PHMB220124190023082200003","2012-03-29","","04","취소/말소/만료/정지/중지","24","직권폐업","2021-08-27","","","","033-743-7003","","220-150","강원특별자치도 원주시 무실동 1641번지 9호 102호~103호","강원특별자치도 원주시 시청로 74 (무실동, 102호,103호)","26388","안경이야기","2021-08-27 13:39:46","I","2023-06-13 00:00:00","","282143.07569671","426463.489317021","1","1","1","1","1","1","1","1","1","98.04",
"205","안경업","01_02_01_P","4201000","PHMB220244201026082200001","2024-02-20","","02","휴업","02","휴업","","2025-09-16","2026-03-31","","070-8733-2290","","","","강원특별자치도 강릉시 경강로 2092, 1층 (금학동)","25540","윙크렌즈스토어강릉점","2025-09-17 11:37:53","U","2025-09-19 02:40:00","","367019.277868591","474121.430438255","1","0","0","1","1","0","0","0","0","26.43",
"206","안경업","01_02_01_P","4201000","PHMB219964200028082200004","1996-07-25","","03","폐업","03","폐업","2009-03-23","","","","","","","강원특별자치도 강릉시 성내동 6-14","","","아이맥스안경","2009-03-23 15:54:37","I","2023-06-13 00:00:00","","","","0","0","0","0","0","0","0","0","0","0",
"207","안경업","01_02_01_P","4201000","PHMB219974200028082200002","1997-09-11","","03","폐업","03","폐업","2009-03-30","","","","","","","강원특별자치도 강릉시 금학동 16-2","","","GN하슬라안경원","2009-03-30 13:51:28","I","2023-06-13 00:00:00","","","","0","0","0","0","0","0","0","0","0","0",
"208","안경업","01_02_01_P","4201000","PHMB219984200028082200001","1998-03-07","","03","폐업","03","폐업","2020-12-25","","","","","","210-958","강원특별자치도 강릉시 포남1동 1240번지 2호","강원특별자치도 강릉시 강릉대로 398 (포남동)","25572","윤 안경","2020-12-25 14:16:32","I","2023-06-13 00:00:00","","368144.02497379","475848.027270191","2","1","1","1","1","1","1","1","2","49.84",
"209","안경업","01_02_01_P","4201000","PHMB219984200028082200002","1998-04-24","","03","폐업","03","폐업","2014-06-17","","","","","","210-933","강원특별자치도 강릉시 옥천동 369번지 10호","강원특별자치도 강릉시 경강로 2197 (옥천동)","210-933","맑은눈안경.콘텍트","2014-06-23 13:14:53","I","2023-06-13 00:00:00","","367749.224316719","474892.790562623","2","1","1","2","1","1","1","1","1","0",
"210","안경업","01_02_01_P","4201000","PHMB220004200028082200002","2000-05-25","","03","폐업","03","폐업","2014-07-23","","","","","","210-801","강원특별자치도 강릉시 주문진읍 교항리 116번지 8호","강원특별자치도 강릉시 주문진읍 주문로 13","210-801","뉴서울안경","2014-07-23 13:32:12","I","2023-06-13 00:00:00","","360484.580298233","488501.861871859","1","1","2","1","1","1","1","1","1","0",
"211","안경업","01_02_01_P","4201000","PHMB220014200028082200001","2001-06-21","","03","폐업","03","폐업","2009-06-23","","","","","","","강원특별자치도 강릉시 임당동 119-2","","","한빛안경원","2009-08-11 15:33:10","I","2023-06-13 00:00:00","","","","0","0","0","0","0","0","0","0","0","0",
"212","안경업","01_02_01_P","4201000","PHMB220014200028082200002","2001-08-17","","03","폐업","03","폐업","2018-02-10","","","","","","210-806","강원특별자치도 강릉시 주문진읍 주문리 324번지 27호","강원특별자치도 강릉시 주문진읍 주문로 81","25414","김스안경콘택트","2019-08-20 16:08:42","I","2023-06-13 00:00:00","","360547.411260746","489193.042929724","1","1","1","1","2","1","1","1","1","0",
"213","안경업","01_02_01_P","4201000","PHMB220114200028082200002","2011-04-15","","03","폐업","03","폐업","2016-03-02","","","","033-652-5302","","210-250","강원특별자치도 강릉시 입암동 104번지 1호","강원특별자치도 강릉시 월대산로 71 (입암동)","25578","아이플러스안경원","2016-03-02 12:08:53","I","2023-06-13 00:00:00","","368968.951023453","474801.996885545","1","1","1","2","2","2","1","2","2","52.45",
"214","안경업","01_02_01_P","4201000","PHMB220234200028082200001","2023-06-07","","03","폐업","03","폐업","2024-02-25","","","","","","","강원특별자치도 강릉시 성남동 254","강원특별자치도 강릉시 임영로 102, 105호 (성남동)","25544","아이빛안경","2024-07-11 10:26:16","U","2024-07-13 02:40:00","","366951.313681556","473763.154554713","1","0","0","1","1","0","0","0","0","30.23",
"215","안경업","01_02_01_P","4201000","PHMB219744200028082200001","1974-05-11","","03","폐업","03","폐업","2013-05-31","","","","","","210-806","강원특별자치도 강릉시 주문진읍 주문리 270번지 16호","강원특별자치도 강릉시 주문진읍 주문북로 10-2","210-806","영릉사","2013-07-01 10:56:37","I","2023-06-13 00:00:00","","361054.359089297","489696.826905499","1","1","1","1","1","1","1","1","1","0",
"216","안경업","01_02_01_P","4201000","PHMB219934200028082200001","1993-09-07","","03","폐업","03","폐업","2011-12-13","","","","","","210-940","강원특별자치도 강릉시 포남2동 1073번지 3호","강원특별자치도 강릉시 강릉대로 443 (포남동)","","안경방트윈스","2011-12-13 15:23:10","I","2023-06-13 00:00:00","","368387.893989852","476229.703465364","0","0","0","0","0","0","0","0","0","0",
"217","안경업","01_02_01_P","4201000","PHMB219964200028082200001","1996-02-07","","03","폐업","03","폐업","2011-09-07","","","","","","210-938","강원특별자치도 강릉시 입암동 708번지 1호","강원특별자치도 강릉시 성덕포남로 53 (입암동)","","그린안경","2011-09-07 18:03:15","I","2023-06-13 00:00:00","","369036.44008243","474739.132815298","0","0","0","0","0","0","0","0","0","0",
"218","안경업","01_02_01_P","4201000","PHMB219964200028082200002","1996-05-07","","03","폐업","03","폐업","2016-12-01","","","","","","210-701","강원특별자치도 강릉시 내곡동 522번지 관동대학교내 복지관 1층","강원특별자치도 강릉시 범일로579번길 24 (내곡동)","25601","관동대안경원","2019-08-30 11:37:33","I","2023-06-13 00:00:00","","365136.451379883","472058.531076918","1","1","1","2","1","1","2","2","1","0",
"219","안경업","01_02_01_P","4201000","PHMB220134200028082200001","2013-03-13","","03","폐업","03","폐업","2014-07-25","","","","","","","","강원특별자치도 강릉시 하평길 30 (포남동)","210-953","우리들 안경","2014-12-30 09:27:20","I","2023-06-13 00:00:00","","368385.342760005","475911.403195021","1","1","1","1","2","1","1","2","1","62.8",
"220","안경업","01_02_01_P","4201000","PHMB220164200028082200002","2016-08-30","","03","폐업","03","폐업","2022-03-15","","","","033-641-5442","","","","강원특별자치도 강릉시 경강로 2092-1 (임당동)","25540","렌즈미강릉점","2022-10-27 18:05:42","I","2023-06-13 00:00:00","","367030.702527507","474134.305000102","1","1","1","1","1","1","1","1","1","23",
"221","안경업","01_02_01_P","4201000","PHMB220174200028082200001","2017-02-09","","03","폐업","03","폐업","2021-04-14","","","","033-644-9602","","","강원특별자치도 강릉시 내곡동 522번지","강원특별자치도 강릉시 범일로579번길 24 (내곡동, 가톨릭관동대학교)","25601","가톨릭관동대안경원","2021-04-14 08:50:57","I","2023-06-13 00:00:00","","365136.451379883","472058.531076918","1","1","1","1","1","1","1","1","1","65.28",
"222","안경업","01_02_01_P","4201000","PHMB220214200028082200001","2021-09-07","","03","폐업","03","폐업","2024-02-21","","","","","","","강원특별자치도 강릉시 포남동 1167-6","강원특별자치도 강릉시 성덕포남로188번길 6, 2층 (포남동)","25572","강원대학교 시력교정 전문가 그룹 새로안 안경","2024-11-18 20:18:43","U","2024-11-20 02:40:00","","368134.660918449","475724.902158904","1","0","0","1","1","0","0","0","0","48.95",
"223","안경업","01_02_01_P","4201000","PHMB220114200028082200001","2011-03-09","","01","영업/정상","13","영업중","","","","","033-644-0090","","","강원특별자치도 강릉시 성남동 105번지 3호","강원특별자치도 강릉시 금성로45번길 5, 1층 (성남동)","25544","상미안경","2025-09-15 09:54:50","U","2025-09-17 02:40:00","","367066.749497258","473894.84469603","1","1","1","2","2","1","1","1","1","47.2",
"224","안경업","01_02_01_P","4201000","PHMB220134200028082200004","2013-07-02","","01","영업/정상","13","영업중","","","","","033-643-6019","","","강원특별자치도 강릉시 금학동 100-4","강원특별자치도 강릉시 신대학길 31 (금학동)","25540","오렌즈강릉점","2025-09-15 10:15:21","U","2025-09-17 02:40:00","","367052.942815858","474062.661948614","1","1","1","1","1","1","1","1","1","60",
"225","안경업","01_02_01_P","4201000","PHMB220164200028082200001","2016-03-02","","01","영업/정상","13","영업중","","","","","033-652-5302","","","","강원특별자치도 강릉시 월대산로 71 (입암동)","25578","아이플러스안경원","2023-11-06 12:40:00","U","2023-11-08 02:40:00","","368968.951023453","474801.996885545","1","1","1","2","2","2","1","2","2","48",
"226","안경업","01_02_01_P","4201000","PHMB220184200028082200001","2018-03-08","","01","영업/정상","13","영업중","","","","","033-645-1006","","","강원특별자치도 강릉시 임당동 141번지 1호","강원특별자치도 강릉시 경강로 2075 (임당동)","25533","다비치안경강릉대학로점","2023-11-06 12:38:49","U","2023-11-08 02:40:00","","366874.358216962","474058.528605779","2","2","2","1","2","2","2","2","3","194.65",
"227","안경업","01_02_01_P","4201000","PHMB219974200028082200001","1997-01-16","","01","영업/정상","13","영업중","","","","","033-651-5802","","210-943","강원특별자치도 강릉시 포남1동 1114번지 2호","강원특별자치도 강릉시 강릉대로 363 (포남동)","25492","라쌍떼안경원","2025-09-15 11:02:38","U","2025-09-17 02:40:00","","367893.061259521","475624.181510471","1","1","1","2","1","1","1","1","2","0",
"228","안경업","01_02_01_P","4201000","PHMB219984200028082200003","1998-11-20","","01","영업/정상","13","영업중","","","","","033-662-1008","","210-803","강원특별자치도 강릉시 주문진읍 교항10리 177번지 4호","강원특별자치도 강릉시 주문진읍 주문로 42","25419","월드안경","2019-08-31 10:57:06","I","2023-06-13 00:00:00","","360536.166694699","488781.213232392","1","1","1","1","1","1","1","1","1","0",
"229","안경업","01_02_01_P","4201000","PHMB219994200028082200001","1999-04-09","","01","영업/정상","13","영업중","","","","","033-643-5802","","210-080","강원특별자치도 강릉시 임당동 112번지 1호 문선빌딩1층","강원특별자치도 강릉시 경강로 2109 (임당동)","25532","강릉라쌍떼","2023-11-06 13:12:16","U","2023-11-08 02:40:00","","367111.831343426","474287.818576962","2","2","2","2","4","1","1","1","2","0",
"230","안경업","01_02_01_P","4201000","PHMB219994200028082200002","1999-04-10","","01","영업/정상","13","영업중","","","","","033-642-0102","","210-922","강원특별자치도 강릉시 교2동 801번지 5호","강원특별자치도 강릉시 율곡로 2940 (교동)","25490","참사랑안경","2019-08-31 10:55:19","I","2023-06-13 00:00:00","","366631.688431667","475301.679038539","1","1","1","1","1","1","1","1","1","0",
"231","안경업","01_02_01_P","4201000","PHMB220004200028082200001","2000-03-03","","01","영업/정상","13","영업중","","","","","033-648-2412","","210-702","강원특별자치도 강릉시 지변동 123번지 강릉원주대학교내 1층","강원특별자치도 강릉시 죽헌길 7 (지변동)","25457","강릉대안경원","2025-09-15 11:01:09","U","2025-09-17 02:40:00","","364627.278082023","475810.449226925","2","2","1","1","1","1","1","1","1","0",
"232","안경업","01_02_01_P","4201000","PHMB220024200028082200001","2002-12-26","","01","영업/정상","13","영업중","","","","","033-651-1301","","210-140","강원특별자치도 강릉시 송정동 1008번지 7호","강원특별자치도 강릉시 경강로 2398-10 (송정동)","25563","안경진정성 이마트강릉점","2023-11-06 13:11:14","U","2023-11-08 02:40:00","","369334.629080122","475954.381315576","1","1","1","2","3","1","1","1","3","0",
"233","안경업","01_02_01_P","4201000","PHMB220034200028082200001","2003-08-29","","01","영업/정상","13","영업중","","","","","033-645-0491","","210-924","강원특별자치도 강릉시 교1동 1861번지 2호","강원특별자치도 강릉시 교동광장로 137 (교동)","25513","오렌즈강릉교동점센스안경","2022-11-08 11:19:30","I","2023-06-13 00:00:00","","365588.016560449","475217.590461774","2","5","1","2","2","2","2","2","2","0",
"234","안경업","01_02_01_P","4201000","PHMB220034200028082200002","2003-09-19","","01","영업/정상","13","영업중","","","","","033-642-0986","","","강원특별자치도 강릉시 교동 1888-3","강원특별자치도 강릉시 솔올로 9, 1층 (교동)","25515","글라스타","2020-09-29 10:49:15","I","2023-06-13 00:00:00","","365354.054746923","475083.663036931","1","1","1","1","1","1","1","1","2","0",
"235","안경업","01_02_01_P","4201000","PHMB220044200028082200001","2004-04-29","","01","영업/정상","13","영업중","","","","","033-647-1331","","210-715","강원특별자치도 강릉시 임당동 114번지 2호 동아빌딩1층","강원특별자치도 강릉시 경강로 2110 (임당동)","25540","1001안경콘텍트","2025-09-15 10:53:41","U","2025-09-17 02:40:00","","367168.990388628","474231.992217697","2","1","1","2","1","2","1","1","2","0",
"236","안경업","01_02_01_P","4201000","PHMB220144200028082200002","2014-11-20","","01","영업/정상","13","영업중","","","","","033-652-9661","","210-935","강원특별자치도 강릉시 입암동 104번지 11호","강원특별자치도 강릉시 월대산로 65 (입암동)","25578","안경마트","2025-09-15 10:14:03","U","2025-09-17 02:40:00","","368931.911690004","474796.057315926","1","1","1","1","1","1","1","1","1","145",
"237","안경업","01_02_01_P","4201000","PHMB219814200028082200001","1981-06-30","","01","영업/정상","13","영업중","","","","","033-648-0858","","210-060","강원특별자치도 강릉시 금학동 74번지 13호","강원특별자치도 강릉시 금성로 54 (금학동)","25539","보안당안경원","2023-11-06 13:17:39","U","2023-11-08 02:40:00","","366961.884453153","473874.422239203","2","1","1","1","2","1","1","1","1","0",
"238","안경업","01_02_01_P","4201000","PHMB219834200028082200001","1983-06-29","","01","영업/정상","13","영업중","","","","","033-646-0878","","210-933","강원특별자치도 강릉시 옥천동 206번지 5호","강원특별자치도 강릉시 경강로 2174 (옥천동)","25553","안경나라","2025-09-15 10:09:14","U","2025-09-17 02:40:00","","367607.321674296","474671.003254052","1","1","1","1","1","1","1","1","1","0",
"239","안경업","01_02_01_P","4201000","PHMB219854200028082200001","1985-04-25","","01","영업/정상","13","영업중","","","","","033-662-2811","","","강원특별자치도 강릉시 주문진읍 교항리 217-2","강원특별자치도 강릉시 주문진읍 주문로 73","25414","서독안경","2024-09-11 16:39:44","U","2024-09-13 02:40:00","","360536.809037705","489106.602393591","2","1","1","1","2","1","1","1","1","0",
"240","안경업","01_02_01_P","4201000","PHMB219854200028082200002","1985-11-30","","01","영업/정상","13","영업중","","","","","033-642-3134","","","강원특별자치도 강릉시 임당동 71번지 8호","강원특별자치도 강릉시 토성로 156 (임당동)","25533","이태리안경원","2025-09-15 10:51:30","U","2025-09-17 02:40:00","","366802.639988392","474218.64317103","2","1","2","2","1","1","2","2","1","0",
"241","안경업","01_02_01_P","4201000","PHMB219864200028082200001","1986-06-05","","01","영업/정상","13","영업중","","","","","033-648-5404","","","강원특별자치도 강릉시 금학동 98-2","강원특별자치도 강릉시 금성로42번길 9(금학동)","25539","불란서안경원","2023-11-06 13:14:49","U","2023-11-08 02:40:00","","367000.070250507","474026.422035843","2","2","2","2","2","1","2","2","3","172.76",
"242","안경업","01_02_01_P","4201000","PHMB219904200028082200001","1990-06-28","","01","영업/정상","13","영업중","","","","","033-652-4771","","210-943","강원특별자치도 강릉시 포남1동 1187번지","강원특별자치도 강릉시 하평길 46 (포남동)","25568","모닝안경원","2019-08-31 11:01:27","I","2023-06-13 00:00:00","","368540.804923038","475895.703392754","1","1","1","1","1","2","1","1","0","0",
"243","안경업","01_02_01_P","4201000","PHMB219964200028082200003","1996-06-05","","01","영업/정상","13","영업중","","","","","033-648-4459","","210-040","강원특별자치도 강릉시 성내동 13번지 10호","강원특별자치도 강릉시 임영로 114 (성내동)","25539","씨채널안경","2025-09-15 11:03:40","U","2025-09-17 02:40:00","","366856.646333491","473844.274354986","1","2","1","1","1","1","1","1","1","0",
"244","안경업","01_02_01_P","4201000","PHMB220084200028082200001","2008-12-15","","01","영업/정상","13","영업중","","","","","033-662-7881","","210-801","강원특별자치도 강릉시 주문진읍 교항리 198번지 1호 1층","강원특별자치도 강릉시 주문진읍 장성로 48","25419","밝은세상안경","2025-09-15 09:48:07","U","2025-09-17 02:40:00","","360502.42774918","488831.04465383","1","1","1","2","2","1","1","1","2","39.22",
"245","안경업","01_02_01_P","4201000","PHMB220094200028082200002","2009-11-30","","01","영업/정상","13","영업중","","","","","033-643-0813","","","강원특별자치도 강릉시 임당동 103번지 18호","강원특별자치도 강릉시 경강로 2115, 1층 (임당동)","25531","안경하세요","2025-09-15 10:50:30","U","2025-09-17 02:40:00","","367180.163028715","474301.678286764","1","1","1","1","3","1","1","3","3","36.67",
"246","안경업","01_02_01_P","4201000","PHMB220094200028082200001","2009-09-29","","01","영업/정상","13","영업중","","","","","070-8825-4638","","210-924","강원특별자치도 강릉시 교1동 1880번지 5호 은성빌딩1층","강원특별자치도 강릉시 교동광장로 103 (교동)","25512","아이홀릭 안경.콘택트","2025-09-15 10:46:46","U","2025-09-17 02:40:00","","365258.518902454","475279.195970031","1","1","1","1","1","1","1","2","1","117.04",
"247","안경업","01_02_01_P","4201000","PHMB220104200028082200001","2010-06-14","","01","영업/정상","13","영업중","","","","","033-644-9812","","210-924","강원특별자치도 강릉시 교1동 1862번지 2호 101호","강원특별자치도 강릉시 교동광장로 127 (교동)","25513","아이미안경","2023-11-06 12:44:16","U","2023-11-08 02:40:00","","365494.374924664","475233.863275471","1","5","1","1","3","1","1","1","3","124.12",
"248","안경업","01_02_01_P","4201000","PHMB220104200028082200002","2010-10-12","","01","영업/정상","13","영업중","","","","","033-648-2323","","","강원특별자치도 강릉시 옥천동 72-4","강원특별자치도 강릉시 은행나무길 1(옥천동)","25541","다비치안경옥천오거리점","2025-09-15 10:44:19","U","2025-09-17 02:40:00","","367319.09637002","474268.306571148","2","2","2","2","6","1","1","4","4","264",
"249","안경업","01_02_01_P","4201000","PHMB220124200028082200001","2012-05-30","","01","영업/정상","13","영업중","","","","","033-651-5505","","","강원특별자치도 강릉시 입암동 98-4","강원특별자치도 강릉시 성덕포남로 64, 202호 (입암동)","25576","새로안 안경 남강릉센터","2025-09-15 09:56:42","U","2025-09-17 02:40:00","","369017.259572109","474848.185132913","1","1","1","1","2","1","1","2","2","0",
"250","안경업","01_02_01_P","4201000","PHMB220134200028082200003","2013-05-01","","01","영업/정상","13","영업중","","","","","033-661-7733","","210-801","강원특별자치도 강릉시 주문진읍 교항리 127번지 13호","강원특별자치도 강릉시 주문진읍 오동나무길 1","25419","눈애미소 안경원","2025-09-15 10:43:14","U","2025-09-17 02:40:00","","360495.79204222","488706.092348422","1","1","1","1","2","1","1","2","2","206",
"251","안경업","01_02_01_P","4201000","PHMB220134200028082200002","2013-04-16","","01","영업/정상","13","영업중","","","","","033-661-9690","","","강원특별자치도 강릉시 주문진읍 교항리 179번지 12호","강원특별자치도 강릉시 주문진읍 주문로 58, 1층","25418","1001 안경원(주문진점)","2019-08-31 10:46:18","I","2023-06-13 00:00:00","","360550.643912116","488944.20590408","2","2","1","1","3","1","1","3","3","49.43",
"252","안경업","01_02_01_P","4201000","PHMB220144200028082200001","2014-09-23","","01","영업/정상","13","영업중","","","","","033-647-3008","","","","강원특별자치도 강릉시 경강로 2234 (포남동)","25547","보다안경원(VODA)","2023-11-06 12:40:58","U","2023-11-08 02:40:00","","368023.788511529","475147.258655366","1","1","1","1","1","1","1","1","1","92.31",
"253","안경업","01_02_01_P","4201000","PHMB219994200028082200003","1999-06-19","","01","영업/정상","13","영업중","","","","","033-647-0074","","","강원특별자치도 강릉시 임당동 83번지 1호","강원특별자치도 강릉시 문화의길 1 (임당동)","25533","서울안경","2025-09-15 10:02:45","U","2025-09-17 02:40:00","","366979.600128859","474147.30669323","1","1","1","1","1","1","1","1","1","24",
"254","안경업","01_02_01_P","4201000","PHMB220184200028082200002","2018-06-26","","01","영업/정상","13","영업중","","","","","033-655-2828","","","강원특별자치도 강릉시 임당동 87번지 3호","강원특별자치도 강릉시 경강로 2105, 2층 (임당동)","25532","으뜸50안경 강릉옥천오거리점","2023-11-06 12:36:48","U","2023-11-08 02:40:00","","367099.534215415","474241.872296842","1","1","1","1","1","1","1","2","2","146.23",
"255","안경업","01_02_01_P","4201000","PHMB220074200028082200001","2007-08-08","","01","영업/정상","13","영업중","","","","","033-647-1017","","210-933","강원특별자치도 강릉시 옥천동 185번지 3호","강원특별자치도 강릉시 경강로 2121 (옥천동)","25531","글라스바바안경","2025-09-15 10:59:40","U","2025-09-17 02:40:00","","367225.626292689","474343.054946473","2","3","2","2","4","2","2","2","3","0",
"256","안경업","01_02_01_P","4201000","PHMB220204200028082200001","2020-06-25","","01","영업/정상","13","영업중","","","","","033-645-0133","","","강원특별자치도 강릉시 임당동 73번지 4호","강원특별자치도 강릉시 문화의길 17-1, 1층 (임당동)","25533","OOTD 안경원","2020-07-06 11:03:19","I","2023-06-13 00:00:00","","366838.174113471","474228.159772974","1","1","1","1","1","1","1","2","3","118.1",
"257","안경업","01_02_01_P","4201000","PHMB220224200028082200002","2022-03-30","","01","영업/정상","13","영업중","","","","","033-642-8690","","","","강원특별자치도 강릉시 경강로 2100, 신영빌딩 2 103호 (임당동)","25540","안경진정성 강릉중앙로점","2023-11-06 12:35:50","U","2023-11-08 02:40:00","","367081.629567027","474168.095625465","1","0","0","1","1","0","0","0","0","158",
"258","안경업","01_02_01_P","4201000","PHMB220224200028082200001","2022-01-28","","01","영업/정상","13","영업중","","","","","033-644-4009","","","강원특별자치도 강릉시 임당동 126-3","강원특별자치도 강릉시 경강로 2090-1, 2층 (임당동)","25540","으뜸플러스 강릉점","2023-11-06 12:33:41","U","2023-11-08 02:40:00","","367005.70696945","474105.490140165","1","0","0","1","1","0","0","0","0","0",
"259","안경업","01_02_01_P","4201000","PHMB220224200028082200003","2022-04-25","","01","영업/정상","13","영업중","","","","","033-823-3570","","","","강원특별자치도 강릉시 선수촌로 79-7, 1층 104호 (홍제동)","25522","안경,오늘","2025-09-15 10:41:48","U","2025-09-17 02:40:00","","364690.137686606","474458.923178357","1","0","0","1","1","0","0","0","0","45",
"260","안경업","01_02_01_P","4211000","PHMB219914210020082200001","1991-07-02","","03","폐업","03","폐업","2017-08-11","","","","033-531-7766","","240-810","강원특별자치도 동해시 천곡동 853","강원특별자치도 동해시 중앙로 238, 1층 (천곡동)","25769","프리즘안경","2017-08-24 11:46:36","I","2023-06-13 00:00:00","","386893.431097342","448748.331391623","0","0","0","0","0","0","0","0","0","0",
"261","안경업","01_02_01_P","4211000","PHMB219914210020082200004","1991-07-03","","03","폐업","03","폐업","2011-11-22","","","","033-522-4100","","240-805","강원특별자치도 동해시 송정동 849번지 73호","강원특별자치도 동해시 송정중앙로 54 (송정동)","240-805","서독안경","2011-11-22 15:40:47","I","2023-06-13 00:00:00","","387978.168531663","446130.272637909","0","0","0","0","0","0","0","0","0","0",
"262","안경업","01_02_01_P","4211000","PHMB219954210020082200001","1995-09-25","","03","폐업","03","폐업","2015-02-12","","","","033-522-3371","","240-719","강원특별자치도 동해시 동회동 442번지 대동아파트상가동 1048호","강원특별자치도 동해시 청운1길 29, 1층 1048호 (동회동, 대동아파트상가동)","240-719","민안경","2015-02-12 16:09:04","I","2023-06-13 00:00:00","","386177.814049483","444870.370953969","0","0","0","0","0","0","0","0","0","18.9",
"263","안경업","01_02_01_P","4211000","PHMB219964210020082200001","1996-04-16","","03","폐업","03","폐업","2013-01-30","","","","033-532-8839","","240-801","강원특별자치도 동해시 발한동 235-1","강원특별자치도 동해시 해안로 531 (발한동)","240-041","실로암안경원","2013-01-30 16:36:07","I","2023-06-13 00:00:00","","386115.192039886","451596.309962712","0","0","0","0","0","0","0","0","0","0",
"264","안경업","01_02_01_P","4211000","PHMB219984210020082200001","1998-06-11","","03","폐업","03","폐업","2011-02-07","","","","033-531-5582","","240-810","강원특별자치도 동해시 천곡동 1077-5","강원특별자치도 동해시 한섬로 61-1 (천곡동)","240-810","안경사랑","2011-11-11 16:59:09","I","2023-06-13 00:00:00","","386543.49729853","448573.800520608","0","0","0","0","0","0","0","0","0","0",
"265","안경업","01_02_01_P","4211000","PHMB220004210020082200001","2000-04-06","","03","폐업","03","폐업","2009-02-06","","","","033-522-0799","","240-170","강원특별자치도 동해시 나안동 174-5","","","아이센스안경원","2009-02-06 13:14:01","I","2023-06-13 00:00:00","","","","0","0","0","0","0","0","0","0","0","0",
"266","안경업","01_02_01_P","4211000","PHMB220034210020082200002","2003-07-24","","03","폐업","03","폐업","2009-02-23","","","","033-532-8080","","240-809","강원특별자치도 동해시 천곡동 1060-2","","","열린안경","2009-02-23 10:27:14","I","2023-06-13 00:00:00","","","","0","0","0","0","0","0","0","0","0","0",
"267","안경업","01_02_01_P","4211000","PHMB220044210020082200001","2004-13-31","","03","폐업","03","폐업","2017-04-10","","","","033-533-5121","","","강원특별자치도 동해시 동회동 442번지 상가동 1029,호","강원특별자치도 동해시 청운1길 29, 상가동 1029,1030,1031호 (동회동, 대동아파트)","25807","안경나라","2017-04-11 10:26:13","I","2023-06-13 00:00:00","","386177.814049483","444870.370953969","1","1","1","1","1","1","1","1","1","51",
"268","안경업","01_02_01_P","4211000","PHMB220054210020082200001","2005-04-21","","03","폐업","03","폐업","2011-04-08","","","","033-533-2258","","240-810","강원특별자치도 동해시 천곡동 1074","","","아이메이트안경원","2011-04-08 13:13:50","I","2023-06-13 00:00:00","","","","0","0","0","0","0","0","0","0","0","71.82",
"269","안경업","01_02_01_P","4211000","PHMB220084210020082200001","2008-05-23","","03","폐업","03","폐업","2010-06-17","","","","","","240-810","강원특별자치도 동해시 천곡동 1072","","","베스트안경원","2010-06-17 11:36:31","I","2023-06-13 00:00:00","","","","0","0","0","0","0","0","0","0","0","0",
"270","안경업","01_02_01_P","4211000","PHMB220084210020082200002","2008-05-29","","03","폐업","03","폐업","2017-01-25","","","","033-534-2537","","240-809","강원특별자치도 동해시 천곡동 1068번지","강원특별자치도 동해시 중앙로 229 (천곡동)","25768","정안경원","2017-03-03 11:26:50","I","2023-06-13 00:00:00","","386842.161715477","448646.584245127","0","0","0","0","0","0","0","0","0","0",
"271","안경업","01_02_01_P","4211000","PHMB220094210020082200001","2009-03-10","","03","폐업","03","폐업","2010-12-24","","","","531-5445","","240-810","강원특별자치도 동해시 천곡동 1079번지 3호 유화빌딩 1층","강원특별자치도 동해시 천곡로 40 (천곡동,유화빌딩 1층)","","이지안경원","2010-12-24 13:29:21","I","2023-06-13 00:00:00","","386411.484451589","448970.52037143","1","1","1","1","1","1","1","1","1","114.4",
"272","안경업","01_02_01_P","4211000","PHMB220194210020082200002","2019-10-18","","03","폐업","03","폐업","2024-10-10","","","","033-521-3222","","","","강원특별자치도 동해시 효자남길 24, 동보상가 다동 4-5호 (동회동)","25808","지니스안경동보상가점","2024-10-10 11:54:13","U","2024-10-12 02:40:00","","386471.466984915","445005.947147876","1","1","1","1","1","1","1","1","1","0",
"273","안경업","01_02_01_P","4211000","PHMB220174210020082200003","2017-07-31","","01","영업/정상","13","영업중","","","","","033-521-0188","","","","강원특별자치도 동해시 대동로 127 (북평동)","25813","수안경","2017-07-31 10:45:19","I","2023-06-13 00:00:00","","387987.601992452","444437.537237849","1","1","1","1","1","1","1","1","1","79.3",
"274","안경업","01_02_01_P","4211000","PHMB220174210020082200002","2017-04-21","","01","영업/정상","13","영업중","","","","","033-534-2537","","","","강원특별자치도 동해시 한섬로 126 (천곡동)","25770","정안경","2017-04-21 16:56:53","I","2023-06-13 00:00:00","","387154.061735563","448698.585227749","1","2","1","1","2","1","1","1","2","105.8",
"275","안경업","01_02_01_P","4211000","PHMB220214210020082200001","2021-09-10","","01","영업/정상","13","영업중","","","","","033-532-3737","","","강원특별자치도 동해시 천곡동 1060-2 동해 센트로빌 아파트","강원특별자치도 동해시 한섬로 73, 상가동 108호 (천곡동, 동해 센트로빌 아파트)","25767","세컨페이스 동해점","2021-09-13 08:37:18","I","2023-06-13 00:00:00","","386652.211273402","448572.862310602","1","0","0","1","2","0","0","0","0","59.99",
"276","안경업","01_02_01_P","4211000","PHMB219914210020082200002","1991-07-02","","01","영업/정상","13","영업중","","","","","033-531-3813","","240-041","강원특별자치도 동해시 발한동 702번지 53호","강원특별자치도 동해시 발한로 187 (발한동)","25721","정시당안경원","2011-11-21 12:36:03","I","2023-06-13 00:00:00","","386130.904996929","451536.473875391","0","0","0","0","0","0","0","0","0","0",
"277","안경업","01_02_01_P","4211000","PHMB219914210020082200003","1991-07-02","","01","영업/정상","13","영업중","","","","","033-531-3236","","240-804","강원특별자치도 동해시 발한동 37번지 11호","강원특별자치도 동해시 발한로 202 (발한동)","25719","광명당안경원","2011-11-21 12:39:19","I","2023-06-13 00:00:00","","386288.114090163","451547.889377476","0","0","0","0","0","0","0","0","0","0",
"278","안경업","01_02_01_P","4211000","PHMB219934210020082200001","1993-02-28","","01","영업/정상","13","영업중","","","","","033-533-4171","","240-810","강원특별자치도 동해시 천곡동 801-13","강원특별자치도 동해시 천곡로 55 (천곡동)","25759","안경박사","2011-11-11 17:36:30","I","2023-06-13 00:00:00","","386589.130595253","448974.391105819","0","0","0","0","0","0","0","0","0","0",
"279","안경업","01_02_01_P","4211000","PHMB219934210020082200002","1993-11-13","","01","영업/정상","13","영업중","","","","","033-533-0762","","240-810","강원특별자치도 동해시 천곡동 1076","강원특별자치도 동해시 천곡로 68 (천곡동)","25768","에이스안경원","2015-02-11 17:57:00","I","2023-06-13 00:00:00","","386714.603074597","448877.779980518","0","0","0","0","0","0","0","0","0","59.5",
"280","안경업","01_02_01_P","4211000","PHMB219954210020082200002","1995-10-28","","01","영업/정상","13","영업중","","","","","533-7883","","","","강원특별자치도 동해시 발한로 220 (발한동)","25719","예스안경","2016-04-18 14:32:14","I","2023-06-13 00:00:00","","386312.122946211","451734.577858368","0","1","1","1","1","1","1","1","1","50",
"281","안경업","01_02_01_P","4211000","PHMB219964210020082200002","1996-04-27","","01","영업/정상","13","영업중","","","","","033-532-5552","","","강원특별자치도 동해시 천곡동 1069 금강산약국","강원특별자치도 동해시 중앙로 231, 2층 201호 (천곡동)","25768","맑은누리 비젼케어센터","2023-06-20 17:46:31","U","2023-06-22 02:40:00","","386828.62469421","448667.612774727","2","0","0","1","3","0","0","0","0","241.82",
"282","안경업","01_02_01_P","4211000","PHMB220024210020082200001","2002-03-19","","01","영업/정상","13","영업중","","","","","033-531-7766","","","","강원특별자치도 동해시 발한로 215-3 (발한동, 프리즘안경)","25720","프리즘안경묵호점","2017-09-05 09:28:34","I","2023-06-13 00:00:00","","386279.554435115","451707.567640023","0","0","0","0","0","0","0","0","0","50",
"283","안경업","01_02_01_P","4211000","PHMB220024210020082200002","2002-12-26","","01","영업/정상","13","영업중","","","","","033-521-1311","","","강원특별자치도 동해시 쇄운동 33번지 4호","강원특별자치도 동해시 청운1길 48 (쇄운동)","25809","시선안경원","2019-09-09 14:10:21","I","2023-06-13 00:00:00","","386421.867941311","444713.384593609","1","1","1","1","1","1","10","1","1","36",
"284","안경업","01_02_01_P","4211000","PHMB220034210020082200001","2003-07-24","","01","영업/정상","13","영업중","","","","","033-531-8007","","240-809","강원특별자치도 동해시 천곡동 1061","강원특별자치도 동해시 대학로 16 (천곡동)","25768","아이스토리안경원","2011-11-11 16:09:25","I","2023-06-13 00:00:00","","386777.564549742","448726.86736624","0","0","0","0","0","0","0","0","0","0",
"285","안경업","01_02_01_P","4211000","PHMB220064210020082200001","2006-03-28","","01","영업/정상","13","영업중","","","","","033-531-5312","","240-814","강원특별자치도 동해시 부곡동 83번지","강원특별자치도 동해시 발한로 58 (부곡동)","25734","조은안경","2019-01-22 13:47:12","I","2023-06-13 00:00:00","","385789.029463436","450470.176293311","0","0","0","0","0","0","0","0","0","0",
"286","안경업","01_02_01_P","4211000","PHMB220094210020082200003","2009-09-12","","01","영업/정상","13","영업중","","","","","033-533-1010","","240-812","강원특별자치도 동해시 천곡동 863번지 외 1필지","강원특별자치도 동해시 한섬로 111-7 (천곡동)","25769","오렌즈동해점1001안경원","2015-12-24 17:30:01","I","2023-06-13 00:00:00","","386937.253114814","448759.41863459","2","2","4","2","2","2","1","1","2","111.6",
"287","안경업","01_02_01_P","4211000","PHMB220094210020082200002","2009-07-14","","01","영업/정상","13","영업중","","","","","033-531-7707","","","강원특별자치도 동해시 천곡동 847 동진빌딩","강원특별자치도 동해시 천곡로 86, 동진빌딩 1층 103호, 104호 (천곡동)","25769","다비치안경원","2025-04-10 08:55:51","U","2025-04-12 02:40:00","","386882.800600402","448900.802932947","2","2","2","2","1","1","1","2","3","372.97",
"288","안경업","01_02_01_P","4211000","PHMB220194210020082200001","2019-01-31","","01","영업/정상","13","영업중","","","","","521-7111","","","","강원특별자치도 동해시 효자로 687, 압구정김밥 1층 라호 (효가동)","25802","피카소안경원","2021-03-04 17:07:32","I","2023-06-13 00:00:00","","386471.871194586","445484.665279362","1","300","1","1","2","1","1","2","2","50",
"289","안경업","01_02_01_P","4211000","PHMB220174210020082200001","2017-04-11","","01","영업/정상","13","영업중","","","","","033-533-9595","","","","강원특별자치도 동해시 청운1길 29 (동회동, 대동,현대아파트 제상가동1층 제1029호,1030호,1031호)","25807","대동안경","2018-10-24 11:01:41","I","2023-06-13 00:00:00","","386177.814049483","444870.370953969","1","1","1","1","1","1","1","1","1","38.88",
"290","안경업","01_02_01_P","4211000","PHMB220244211036082200001","2024-04-15","","01","영업/정상","13","영업중","","","","","070-8844-5050","","","강원특별자치도 동해시 효가동 162-2","강원특별자치도 동해시 효자로 677, 1층 (효가동)","25803","으뜸50안경 동해점","2024-07-31 11:58:22","U","2024-08-02 02:40:00","","386371.930878309","445467.070287423","1","0","0","1","1","0","0","0","0","74.1",
"291","안경업","01_02_01_P","4221000","PHMB219964220024082200001","1996-06-04","","03","폐업","03","폐업","2020-02-12","","","","0335532833","","","","강원특별자치도 태백시 연지로 13 (황지동)","26007","안경매니져태백점","2020-02-12 14:55:00","I","2023-06-13 00:00:00","","376566.031913528","410004.734303787","1","1","1","1","1","1","1","1","1","0",
"292","안경업","01_02_01_P","4221000","PHMB219964220024082200002","1996-12-18","","03","폐업","03","폐업","2011-10-28","","","","033-553-4743","","235-010","강원특별자치도 태백시 황지동 1통 1반","","","아이안경원","2011-10-28 15:07:55","I","2023-06-13 00:00:00","","","","1","1","1","1","1","1","1","1","1","0",
"293","안경업","01_02_01_P","4221000","PHMB219914220024082200002","1991-08-05","","03","폐업","03","폐업","2013-05-06","","","","033-581-6030","","235-100","강원특별자치도 태백시 장성동 4통 3반","","","한양안경원","2013-12-03 10:05:08","I","2023-06-13 00:00:00","","","","1","1","1","1","1","1","1","1","1","0",
"294","안경업","01_02_01_P","4221000","PHMB220124220024082200001","2012-09-11","","03","폐업","03","폐업","2019-08-21","","","","","","","","강원특별자치도 태백시 고원로 39-1 (황지동)","26038","베스트안경원","2019-08-20 21:30:26","I","2023-06-13 00:00:00","","376550.806601794","408170.452312709","1","1","1","1","1","1","1","1","1","0",
"295","안경업","01_02_01_P","4221000","PHMB219914220024082200001","1991-08-05","","01","영업/정상","13","영업중","","","","","033-553-5525","","235-270","강원특별자치도 태백시 황지동 2통 6반","강원특별자치도 태백시 황지로 211 (황지동)","26007","한독안경원","2013-12-26 14:08:53","I","2023-06-13 00:00:00","","376464.293614875","410106.914736559","1","1","1","1","1","1","1","1","1","0",
"296","안경업","01_02_01_P","4221000","PHMB219984220024082200001","1998-11-19","","01","영업/정상","13","영업중","","","","","033-552-9060","","235-800","강원특별자치도 태백시 황지동 52번지 10호","강원특별자치도 태백시 황지로 115 (황지동)","26015","글라스스토리안경 태백점","2013-12-05 17:18:30","I","2023-06-13 00:00:00","","376840.097503897","409335.537707004","1","1","1","1","1","1","1","1","1","0",
"297","안경업","01_02_01_P","4221000","PHMB220044220024082200001","2004-05-11","","01","영업/정상","13","영업중","","","","","033-553-5080","","","강원특별자치도 태백시 황지동 39번지 59호 11통 2반","강원특별자치도 태백시 황지로 166 (황지동)","26011","아이스토리 안경 태백점","2016-12-02 10:54:45","I","2023-06-13 00:00:00","","376809.957774554","409803.356931293","1","1","1","1","1","1","1","1","1","0",
"298","안경업","01_02_01_P","4221000","PHMB220064220024082200001","2006-02-09","","01","영업/정상","13","영업중","","","","","033-553-2320","","","강원특별자치도 태백시 황지동 12-5","강원특별자치도 태백시 황지로 184, 씨채널 안경원 (황지동)","26011","씨채널안경체인태백점","2024-12-30 17:51:35","U","2025-01-01 02:40:00","","376687.456942045","409925.607854883","1","1","1","1","1","1","1","1","1","0",
"299","안경업","01_02_01_P","4221000","PHMB220084220024082200001","2008-09-12","","01","영업/정상","13","영업중","","","","","033-554-4677","","","","강원특별자치도 태백시 굴거랑길 8, 육성2차임대아파트 (화전동)","26003","카페안경(by Seechannel)","2020-12-23 14:53:42","I","2023-06-13 00:00:00","","374047.249958826","412813.244577448","1","1","1","1","1","1","1","1","1","0",
"300","안경업","01_02_01_P","4221000","PHMB220114220024082200001","2011-01-26","","01","영업/정상","13","영업중","","","","","553-0220","","235-801","강원특별자치도 태백시 황지동  253-48","강원특별자치도 태백시 황지연못길 18 (황지동)","26008","밝은눈안경원","2013-12-26 14:04:26","I","2023-06-13 00:00:00","","376735.321410938","409809.155951417","1","5","2","1","2","2","1","1","1","52",
"301","안경업","01_02_01_P","4221000","PHMB220204220024082200002","2017-11-08","","01","영업/정상","13","영업중","","","","","","","","","강원특별자치도 태백시 대학길 54 (황지동)","26034","새로안안경","2020-06-02 15:10:57","I","2023-06-13 00:00:00","","375871.17232934","408251.775464252","1","1","1","1","1","1","1","2","2","66",
"302","안경업","01_02_01_P","4221000","PHMB220204220024082200001","2015-04-01","","01","영업/정상","13","영업중","","","","","0335532833","","","강원특별자치도 태백시 황지동 265-46","강원특별자치도 태백시 연지로 17 (황지동)","26026","안경매니져","2025-06-23 15:22:55","U","2025-06-25 02:40:00","","376583.149835195","410032.237410326","1","1","1","1","1","1","1","1","1","79.4",
"303","안경업","01_02_01_P","4231000","PHMB220194230018082200002","2019-04-03","","03","폐업","03","폐업","2020-10-26","","","","033-636-3370","","","","강원특별자치도 속초시 중앙로 24 (교동)","24854","베스트안경","2020-10-26 11:17:58","I","2023-06-13 00:00:00","","338333.236915544","522913.917298131","1","1","1","1","1","1","1","1","1","0",
"304","안경업","01_02_01_P","4231000","PHMB219864230018082200001","1986-11-12","","03","폐업","03","폐업","2017-12-26","","","","033-633-2804","","","강원특별자치도 속초시 금호동","강원특별자치도 속초시 중앙로 119 (금호동)","24835","미도안경원","2017-12-26 11:53:58","I","2023-06-13 00:00:00","","339122.172103121","523365.30165199","1","1","1","1","1","1","1","1","1","0",
"305","안경업","01_02_01_P","4231000","PHMB219984230018082200001","2013-02-01","","03","폐업","03","폐업","2013-02-01","","","","033-633-8877","","217-050","강원특별자치도 속초시 청학동 644-33","","","안경나라","2013-02-01 14:16:26","I","2023-06-13 00:00:00","","","","1","1","1","1","1","1","1","1","1","0",
"306","안경업","01_02_01_P","4231000","PHMB219984230018082200002","1998-05-01","","03","폐업","03","폐업","2010-04-13","","","","033-636-4881","","217-060","강원특별자치도 속초시 교동 804-117","","","080안경원","2013-06-17 17:01:40","I","2023-06-13 00:00:00","","","","1","1","1","1","1","1","1","1","1","0",
"307","안경업","01_02_01_P","4231000","PHMB220024230018082200001","2002-03-05","","03","폐업","03","폐업","2015-10-21","","","","033-636-4778","","217-040","강원특별자치도 속초시 금호동 479-25","","","불란서안경원","2015-10-21 09:57:21","I","2023-06-13 00:00:00","","","","1","1","1","1","1","1","1","1","1","0",
"308","안경업","01_02_01_P","4231000","PHMB220024230018082200002","2002-10-10","","03","폐업","03","폐업","2013-07-04","","","","033-636-3310","","217-080","강원특별자치도 속초시 조양동 1498-2","","","D-마트안경원","2013-07-04 09:45:29","I","2023-06-13 00:00:00","","","","1","1","1","1","1","1","1","1","1","0",
"309","안경업","01_02_01_P","4231000","PHMB220034230018082200002","2003-04-24","","03","폐업","03","폐업","2013-06-28","","","","033-638-8003","","217-040","강원특별자치도 속초시 금호동 473-17","","","참좋은안경","2013-06-28 09:25:37","I","2023-06-13 00:00:00","","","","1","1","1","1","1","1","1","1","1","0",
"310","안경업","01_02_01_P","4231000","PHMB220034230018082200003","2003-11-13","","03","폐업","03","폐업","2019-03-31","","","","033-636-9200","","","","강원특별자치도 속초시 설악금강대교로 12, E마트 (청호동)","24885","아이포커스","2019-05-11 12:12:13","I","2023-06-13 00:00:00","","339761.153723826","522089.806016399","1","1","1","1","1","1","1","1","1","0",
"311","안경업","01_02_01_P","4231000","PHMB220074230018082200001","2007-04-11","","03","폐업","03","폐업","2021-07-05","","","","","","","","강원특별자치도 속초시 중앙로 39(교동)","24835","글라스 스토리","2021-07-05 12:58:58","I","2023-06-13 00:00:00","","338416.34896591","523075.32324117","1","1","1","1","1","1","1","1","1","0",
"312","안경업","01_02_01_P","4231000","PHMB220084230018082200001","2008-07-01","","03","폐업","03","폐업","2018-07-31","","","","","","","","강원특별자치도 속초시 동해대로 4024, 제일프라자 107호 (조양동)","24872","010안경원","2018-07-31 16:11:52","I","2023-06-13 00:00:00","","339623.798653472","522007.571747617","1","1","1","1","1","1","1","1","1","0",
"313","안경업","01_02_01_P","4231000","PHMB220104230018082200002","2010-09-08","","03","폐업","03","폐업","2025-02-13","","","","033-633-5454","","","","강원특별자치도 속초시 청대로 347 (교동)","24863","아이센스 안경원","2025-02-13 10:08:56","U","2025-02-15 02:40:00","","337630.117437748","522791.03139868","2","2","3","1","1","1","1","1","2","42.1",
"314","안경업","01_02_01_P","4231000","PHMB220184230018082200002","2018-06-18","","01","영업/정상","13","영업중","","","","","033-636-0322","","","강원특별자치도 속초시 조양동 1528","강원특별자치도 속초시 선사로5길 9 (조양동)","24890","인 안경","2024-04-11 15:53:03","U","2024-04-13 02:40:00","","339343.870076083","521866.492664486","1","1","1","1","1","1","1","1","1","79.2",
"315","안경업","01_02_01_P","4231000","PHMB220134230018082200002","2013-09-02","","01","영업/정상","13","영업중","","","","","033-636-1001","","217-050","강원특별자치도 속초시 청학동 644번지 83호","강원특별자치도 속초시 중앙로 69 (청학동)","24835","오렌즈안경원","2013-12-11 16:09:36","I","2023-06-13 00:00:00","","338648.133601461","523259.638468641","1","1","1","1","1","1","1","1","1","99",
"316","안경업","01_02_01_P","4231000","PHMB220134230018082200001","2013-03-08","","01","영업/정상","13","영업중","","","","","033-636-1359","","","강원특별자치도 속초시 교동 645번지 45호","강원특별자치도 속초시 중앙로 57 (교동)","24835","다비치안경 속초중앙로점","2025-06-18 14:25:17","U","2025-06-20 02:40:00","","338542.512810702","523175.214642828","2","2","3","2","2","2","2","1","2","442.83",
"317","안경업","01_02_01_P","4231000","PHMB220194230018082200001","2019-02-26","","01","영업/정상","13","영업중","","","","","033-631-1088","","","강원특별자치도 속초시 청호동 1353-9","강원특별자치도 속초시 미리내길 12, 2층 (청호동)","24885","으뜸플러스안경 속초점","2023-01-20 10:16:58","I","2023-06-13 00:00:00","","339736.534836155","522180.963242925","1","1","1","1","1","1","1","2","2","96.56",
"318","안경업","01_02_01_P","4231000","PHMB220194230018082200003","2019-06-05","","01","영업/정상","13","영업중","","","","","033-638-2221","","","강원특별자치도 속초시 청호동 459번지 134호 E마트","강원특별자치도 속초시 설악금강대교로 12, E마트 (청호동)","24885","두쏠아이 속초 이마트점","2019-11-25 10:20:39","I","2023-06-13 00:00:00","","339761.153723826","522089.806016399","0","0","0","0","0","0","0","0","0","0",
"319","안경업","01_02_01_P","4231000","PHMB220174230018082200002","2017-12-26","","01","영업/정상","13","영업중","","","","","033-633-2804","","","","강원특별자치도 속초시 중앙로 119 (금호동)","24835","미도안경랜드","2017-12-26 11:54:13","I","2023-06-13 00:00:00","","339122.172103121","523365.30165199","1","1","1","1","1","1","1","1","1","0",
"320","안경업","01_02_01_P","4231000","PHMB220174230018082200001","2017-06-01","","01","영업/정상","13","영업중","","","","","033-635-2936","","","","강원특별자치도 속초시 동해대로 4236, 1층 127호 (교동, 아남프라자)","24853","아남안경원","2017-06-01 15:47:59","I","2023-06-13 00:00:00","","338132.520338395","522766.508207672","1","1","1","1","1","1","1","1","1","0",
"321","안경업","01_02_01_P","4231000","PHMB219834230018082200001","1983-07-25","","01","영업/정상","13","영업중","","","","","033-633-1001","","","강원특별자치도 속초시 금호동","강원특별자치도 속초시 중앙로 122 (금호동)","24837","천일안경원","2016-11-28 15:03:43","I","2023-06-13 00:00:00","","339167.004599589","523328.484015306","1","1","1","1","1","1","1","1","1","0",
"322","안경업","01_02_01_P","4231000","PHMB219964230018082200001","1996-01-17","","01","영업/정상","13","영업중","","","","","033-632-1036","","","","강원특별자치도 속초시 중앙로 82 (교동)","24854","김진기안경원","2016-01-29 09:37:29","I","2023-06-13 00:00:00","","338773.978993787","523239.598345917","1","1","1","1","1","1","1","1","1","0",
"323","안경업","01_02_01_P","4231000","PHMB219964230018082200002","1996-03-25","","01","영업/정상","13","영업중","","","","","033-632-1011","","","강원특별자치도 속초시 중앙동","강원특별자치도 속초시 청초호반로 332 (중앙동)","24838","제일안경원","2016-11-28 14:09:11","I","2023-06-13 00:00:00","","339345.652165748","523487.79503815","1","1","1","1","1","1","1","1","1","0",
"324","안경업","01_02_01_P","4231000","PHMB220034230018082200001","2003-03-13","","01","영업/정상","13","영업중","","","","","033-636-5007","","217-060","강원특별자치도 속초시 교동 620-28","강원특별자치도 속초시 미시령로 3395 (교동)","24815","우리들안경원","2016-12-06 15:28:59","I","2023-06-13 00:00:00","","338083.352997041","523930.005860776","1","1","1","1","1","1","1","1","1","0",
"325","안경업","01_02_01_P","4231000","PHMB220044230018082200001","2004-04-12","","01","영업/정상","13","영업중","","","","","033-638-1001","","","강원특별자치도 속초시 조양동 1537-5","강원특별자치도 속초시 조양로 56(조양동)","24892","밝은세상안경원","2022-12-26 09:24:11","I","2023-06-13 00:00:00","","339663.013790565","521651.396031823","1","1","1","1","1","1","1","1","1","0",
"326","안경업","01_02_01_P","4231000","PHMB220064230018082200001","2006-03-22","","01","영업/정상","13","영업중","","","","","033-635-3356","","217-060","강원특별자치도 속초시 교동 482-265","강원특별자치도 속초시 중앙로 64-1 (교동)","24836","비젼안경원","2011-11-08 17:45:38","I","2023-06-13 00:00:00","","338612.71817455","523190.927128618","1","1","1","1","1","1","1","1","1","0",
"327","안경업","01_02_01_P","4231000","PHMB220104230018082200001","2010-04-13","","01","영업/정상","13","영업중","","","","","033-636-4881","","217-060","강원특별자치도 속초시 교동 804-117","강원특별자치도 속초시 동해대로 4290 (교동)","24851","아이스토리","2016-11-28 13:57:56","I","2023-06-13 00:00:00","","337652.403175297","522952.739064352","1","1","1","1","1","1","1","1","1","131",
"328","안경업","01_02_01_P","4231000","PHMB220094230018082200001","2009-05-11","","01","영업/정상","13","영업중","","","","","636-3232","","","강원특별자치도 속초시 중앙동 478-93","강원특별자치도 속초시 청초호반로 314-1, 2층 (중앙동)","24838","속초안경백화점","2021-03-15 10:53:32","I","2023-06-13 00:00:00","","339340.794987375","523330.557909981","1","2","1","1","1","1","1","2","2","82",
"329","안경업","01_02_01_P","4231000","PHMB220164230018082200001","2016-11-25","","01","영업/정상","13","영업중","","","","","033-635-3211","","","","강원특별자치도 속초시 중앙로 84-2, 1층 (청학동)","24837","QC GLASS","2016-11-25 14:48:41","I","2023-06-13 00:00:00","","338793.339368698","523240.830202188","1","1","1","1","1","1","1","1","1","87.18",
"330","안경업","01_02_01_P","4231000","PHMB220214230018082200001","2021-09-16","","01","영업/정상","13","영업중","","","","","033-637-2113","","","강원특별자치도 속초시 조양동 1498-2","강원특별자치도 속초시 조양상가길 25, 롯데슈퍼 속초점 2층 (조양동)","24874","안경천국","2021-09-17 09:58:47","I","2023-06-13 00:00:00","","338339.974552757","521995.523480661","1","0","0","1","1","0","0","0","0","33",
"331","안경업","01_02_01_P","4231000","PHMB220204230018082200001","2020-10-26","","01","영업/정상","13","영업중","","","","","033-636-3370","","","강원특별자치도 속초시 교동 668-46","강원특별자치도 속초시 중앙로 24, 르네상스-속초빌딩 1층 101호 (교동)","24854","안경공장쇼룸 & 렌즈미","2025-09-17 17:01:53","U","2025-09-20 02:40:00","","338333.236915544","522913.917298131","1","0","0","2","2","0","0","0","0","165.93",
"332","안경업","01_02_01_P","4231000","PHMB220244231038082200001","2024-09-04","","01","영업/정상","13","영업중","","","","","033 635 5027","","","강원특별자치도 속초시 조양동 634-6","강원특별자치도 속초시 동해대로 4174, 1층 (조양동)","24872","최선생안경","2024-09-04 18:13:42","I","2024-09-06 00:13:31","","338305.013480095","522181.340257475","1","0","0","1","1","0","0","0","0","73.82",
"333","안경업","01_02_01_P","4231000","PHMB220244231038082200002","2024-12-09","","01","영업/정상","13","영업중","","","","","033-636-1036","","","강원특별자치도 속초시 금호동 622-211","강원특별자치도 속초시 미시령로 3431, 1층 (금호동)","24813","세인트옵티컬","2024-12-10 17:59:28","I","2024-12-12 00:11:51","","338354.934429198","524133.139435089","1","0","0","1","1","0","0","0","0","46.55",
"334","안경업","01_02_01_P","4231000","PHMB220194230018082200004","2019-08-16","","04","취소/말소/만료/정지/중지","24","직권폐업","2025-05-07","","","","033-636-3131","","","강원특별자치도 속초시 교동 658번지 28호","강원특별자치도 속초시 교동로 4 (교동)","24835","지니스안경원","2025-09-10 17:48:34","U","2025-09-12 02:40:00","","338365.562855839","523060.173160863","0","0","0","0","0","0","0","0","0","0",
"335","안경업","01_02_01_P","4231000","PHMB220184230018082200001","2018-03-02","","04","취소/말소/만료/정지/중지","24","직권폐업","2024-05-20","","","","033-636-2468","","","","강원특별자치도 속초시 중앙로 113, 1,2층 (금호동)","24835","아이젠트리(속초점)","2024-05-20 11:04:37","U","2024-05-22 02:40:00","","339064.952878323","523341.250522035","1","1","1","1","1","1","1","2","2","105.6",
"336","안경업","01_02_01_P","4241000","PHMB220164240025082200001","2016-12-28","","03","폐업","03","폐업","2019-05-13","","","","033-573-7778","","","","강원특별자치도 삼척시 척주로 21, 파스쿠찌 (남양동)","25921","렌즈미안경콘택트","2019-05-13 14:12:56","I","2023-06-13 00:00:00","","391656.213391342","440209.310238771","1","1","1","1","1","1","0","1","1","25.6",
"337","안경업","01_02_01_P","4241000","PHMB219864240025082200001","1986-02-26","","03","폐업","03","폐업","2012-04-16","","","","033-572-0790","","","강원특별자치도 삼척시 남양동 17-48","강원특별자치도 삼척시 진주로 19 (남양동)","245-935","김안경원","2014-08-21 14:48:37","I","2023-06-13 00:00:00","","391427.85535803","440005.981060299","1","1","1","1","1","1","1","1","1","0",
"338","안경업","01_02_01_P","4241000","PHMB220024240025082200001","2002-03-27","","03","폐업","03","폐업","","","","","033-572-1542","","245-130","강원특별자치도 삼척시 정상동 457번지 1호 청솔1차아파트 106동 104호","","","대학안경원","2012-11-30 10:43:03","I","2023-06-13 00:00:00","","392493.927200932","440560.956452464","1","1","1","1","1","1","1","1","1","0",
"339","안경업","01_02_01_P","4241000","PHMB220154240025082200002","2015-11-20","","03","폐업","03","폐업","2019-07-22","","","","033-572-3179","","","","강원특별자치도 삼척시 정상로 78, 1층 (교동, 삼척농협 교동지점)","25924","하나로안경교동점","2019-07-22 16:34:28","I","2023-06-13 00:00:00","","392442.694293257","440739.532947748","1","1","1","1","1","1","1","1","1","28",
"340","안경업","01_02_01_P","4241000","PHMB220094240025082200001","2009-09-10","","01","영업/정상","13","영업중","","","","","575-0302","","245-010","강원특별자치도 삼척시 남양동 16번지 3호","강원특별자치도 삼척시 척주로 31 (남양동)","25921","천사안경","2013-12-30 13:14:42","I","2023-06-13 00:00:00","","391730.019136474","440220.993047009","1","1","1","1","1","1","1","1","1","31.68",
"341","안경업","01_02_01_P","4241000","PHMB220114240025082200001","2011-07-11","","01","영업/정상","13","영업중","","","","","575-5567","","","강원특별자치도 삼척시 남양동 16-5","강원특별자치도 삼척시 중앙로 237, 1층 (남양동)","25921","다비치안경원","2024-12-02 16:17:05","U","2024-12-04 02:40:00","","391754.414384105","440244.163087431","2","2","2","1","2","1","1","2","2","216.5",
"342","안경업","01_02_01_P","4241000","PHMB219794240025082200001","1979-04-24","","01","영업/정상","13","영업중","","","","","033-572-1001","","245-010","강원특별자치도 삼척시 남양동","강원특별자치도 삼척시 척주로 13 (남양동)","25921","홍채안경원","2015-12-28 10:46:24","I","2023-06-13 00:00:00","","391566.727295979","440202.410286744","1","1","1","1","1","1","1","1","1","0",
"343","안경업","01_02_01_P","4241000","PHMB219914240025082200001","1991-07-08","","01","영업/정상","13","영업중","","","","","033-573-7272","","245-010","강원특별자치도 삼척시 남양동 17번지 56호","강원특별자치도 삼척시 진주로 15 (남양동)","25920","카이스트안경원","2010-09-02 09:50:34","I","2023-06-13 00:00:00","","391428.485704846","439964.092359686","1","1","1","1","1","1","1","1","1","53.65",
"344","안경업","01_02_01_P","4241000","PHMB219934240025082200001","1993-03-24","","01","영업/정상","13","영업중","","","","","033-574-1896","","","강원특별자치도 삼척시 남양동 55-80 신한상가 108호","강원특별자치도 삼척시 중앙로 199 (남양동)","25920","봉황안경원","2013-12-30 13:19:49","I","2023-06-13 00:00:00","","391754.577353484","439855.100173386","1","1","1","1","1","1","1","1","1","0",
"345","안경업","01_02_01_P","4241000","PHMB219954240025082200001","1995-07-26","","01","영업/정상","13","영업중","","","","","033+572-6006","","","강원특별자치도 삼척시 남양동 17-129번지","강원특별자치도 삼척시 진주로 29 (남양동)","25920","이태리안경원","2013-12-30 13:18:37","I","2023-06-13 00:00:00","","391420.370625494","440099.698295207","1","1","1","1","1","1","1","1","1","0",
"346","안경업","01_02_01_P","4241000","PHMB219954240025082200002","1995-08-21","","01","영업/정상","13","영업중","","","","","033-573-7775","","","강원특별자치도 삼척시 남양동 23-16 파스쿠찌","강원특별자치도 삼척시 척주로 21, 1,2층 (남양동)","25921","연세안경원렌즈미","2023-02-17 10:01:01","I","2023-06-13 00:00:00","","391656.213391342","440209.310238771","1","1","1","1","1","1","1","1","1","0",
"347","안경업","01_02_01_P","4241000","PHMB219994240025082200001","1999-05-25","","01","영업/정상","13","영업중","","","","","033-541-8100","","","강원특별자치도 삼척시 도계읍 전두리 63번지","강원특별자치도 삼척시 도계읍 도계로 228-1","25947","밀레안경콘택트","2013-12-30 13:16:32","I","2023-06-13 00:00:00","","381313.538800557","416174.848574215","1","1","1","1","1","1","1","1","1","0",
"348","안경업","01_02_01_P","4241000","PHMB220064240025082200001","2006-08-22","","01","영업/정상","13","영업중","","","","","033-573-1053","","","강원특별자치도 삼척시 당저동 33-3번지 1층","강원특별자치도 삼척시 중앙로 258 (당저동)","25922","삼척 아이피아 홈플러스점","2012-09-06 16:57:14","I","2023-06-13 00:00:00","","391815.78579528","440452.323948572","1","1","1","1","1","1","1","1","1","0",
"349","안경업","01_02_01_P","4241000","PHMB220124240025082200001","2012-05-02","","01","영업/정상","13","영업중","","","","","574-1600","","245-935","강원특별자치도 삼척시 남양동 17번지 48호","강원특별자치도 삼척시 진주로 19 (남양동)","25920","가까운안경","2018-12-27 16:13:40","I","2023-06-13 00:00:00","","391427.85535803","440005.981060299","1","1","1","1","1","1","1","1","1","41.8",
"350","안경업","01_02_01_P","4241000","PHMB220204240025082200001","2020-12-08","","01","영업/정상","13","영업중","","","","","033-574-1006","","","강원특별자치도 삼척시 남양동 330","강원특별자치도 삼척시 중앙로 230, 1층 (남양동)","25929","1001안경콘택트","2020-12-08 17:11:44","I","2023-06-13 00:00:00","","391817.469480072","440151.897540833","2","0","0","2","2","0","0","0","0","302.44",
"351","안경업","01_02_01_P","4251000","PHMB220024250013082200001","2002-11-11","","03","폐업","03","폐업","2014-06-09","","","","033-434-3459","","250-805","강원특별자치도 홍천군 홍천읍 신장대리 12-13","","","이태리안경원","2014-06-09 13:34:37","I","2023-06-13 00:00:00","","","","1","1","1","1","1","1","1","1","1","0",
"352","안경업","01_02_01_P","4251000","PHMB220044250013082200001","2004-04-08","","03","폐업","03","폐업","2009-11-23","","","","033-432-6536","","","","강원특별자치도 홍천군 남면 양덕원로 98","250-875","행복한안경원","2015-02-17 10:24:18","I","2023-06-13 00:00:00","","267748.918333515","457579.555207586","1","1","1","1","1","1","1","1","1","0",
"353","안경업","01_02_01_P","4251000","PHMB220054250013082200001","2005-06-08","","03","폐업","03","폐업","2012-03-05","","","","033-435-0229","","250-904","강원특별자치도 홍천군 홍천읍 희망리 329-12","","","홍천남대문안경콘텍트","2012-03-05 17:09:14","I","2023-06-13 00:00:00","","","","1","1","1","1","1","1","1","1","1","0",
"354","안경업","01_02_01_P","4251000","PHMB220084250013082200001","2008-05-27","","03","폐업","03","폐업","2019-08-31","","","","033-433-4664","","250-805","강원특별자치도 홍천군 홍천읍 신장대리 65번지 28호","강원특별자치도 홍천군 홍천읍 홍천로 359","25137","그라스스토리홍천점","2019-09-02 14:46:59","I","2023-06-13 00:00:00","","278014.475333398","465587.705958946","1","1","1","1","1","1","1","1","1","0",
"355","안경업","01_02_01_P","4251000","PHMB220084250013082200002","2008-06-02","","03","폐업","03","폐업","2015-07-15","","","","","","","","강원특별자치도 홍천군 홍천읍 신장대로 61","25136","밝은눈안경","2015-11-10 15:58:24","I","2023-06-13 00:00:00","","277814.399137535","465714.3524361","1","1","1","1","1","1","1","2","1","109.79",
"356","안경업","01_02_01_P","4251000","PHMB220154250013082200002","2015-06-17","","01","영업/정상","13","영업중","","","","","","","","","강원특별자치도 홍천군 홍천읍 신장대로 61-1","25136","안경쟁이","2015-06-17 15:50:10","I","2023-06-13 00:00:00","","277823.365230573","465720.798804224","1","1","1","1","1","1","1","1","1","66",
"357","안경업","01_02_01_P","4251000","PHMB219844250013082200001","1984-01-27","","01","영업/정상","13","영업중","","","","","033-434-6181","","250-805","강원특별자치도 홍천군 홍천읍 신장대리","강원특별자치도 홍천군 홍천읍 홍천로 369-1","25137","서독안경원","2015-03-11 15:22:07","I","2023-06-13 00:00:00","","278100.991458015","465611.79999556","1","1","1","1","1","1","1","1","1","0",
"358","안경업","01_02_01_P","4251000","PHMB219914250013082200001","1991-08-06","","01","영업/정상","13","영업중","","","","","033-433-0886","","250-910","강원특별자치도 홍천군 홍천읍 희망리","강원특별자치도 홍천군 홍천읍 홍천로5길 17","25136","명동안경원","2015-03-11 15:24:03","I","2023-06-13 00:00:00","","277796.437048418","465663.233165683","1","1","1","1","1","1","1","1","1","0",
"359","안경업","01_02_01_P","4251000","PHMB220004250013082200001","2000-05-06","","01","영업/정상","13","영업중","","","","","033-434-2220","","250-805","강원특별자치도 홍천군 홍천읍 신장대리","강원특별자치도 홍천군 홍천읍 홍천로5길 18","25136","아이비스안경콘텍트","2015-03-11 15:25:50","I","2023-06-13 00:00:00","","277827.374997511","465657.730565622","1","1","1","1","1","1","1","1","1","0",
"360","안경업","01_02_01_P","4251000","PHMB220094250013082200001","2009-12-23","","01","영업/정상","13","영업중","","","","","033-433-1789","","","강원특별자치도 홍천군 홍천읍 신장대리 79번지 51호 외4필지","강원특별자치도 홍천군 홍천읍 홍천로 402","25132","아이조아안경원","2020-02-25 10:51:23","I","2023-06-13 00:00:00","","277954.354197579","465827.652095162","1","1","1","2","2","1","1","2","3","81.44",
"361","안경업","01_02_01_P","4251000","PHMB220154250013082200001","2015-04-15","","01","영업/정상","13","영업중","","","","","033-434-2486","","","","강원특별자치도 홍천군 홍천읍 번영로 16","25136","렌즈미안경원","2015-04-16 13:44:41","I","2023-06-13 00:00:00","","277736.715648903","465601.838266854","1","1","1","1","1","1","1","2","2","83.87",
"362","안경업","01_02_01_P","4251000","PHMB220194250013082200001","2019-12-20","","01","영업/정상","13","영업중","","","","","033-433-4664","","","","강원특별자치도 홍천군 홍천읍 홍천로3길 16","25136","글라스타 홍천점","2025-07-07 13:59:30","U","2025-07-09 02:40:00","","277611.19952534","465619.091318242","1","1","1","1","2","1","1","1","1","144.8",
"363","안경업","01_02_01_P","4251000","PHMB220244251049082200001","2024-06-17","","01","영업/정상","13","영업중","","","","","033-432-7915","","","강원특별자치도 홍천군 홍천읍 진리 9-11 진리빌딩","강원특별자치도 홍천군 홍천읍 희망로 94, 진리빌딩 1층","25133","홍천안경원","2024-06-18 09:01:37","I","2024-06-20 00:14:34","","278696.452545601","466096.477454691","1","0","0","1","2","0","0","0","0","45",
"364","안경업","01_02_01_P","4261000","PHMB220094260015082200001","2009-12-18","","03","폐업","03","폐업","2010-04-07","","","","","","225-808","강원특별자치도 횡성군 횡성읍 읍하리 112번지 5호","강원특별자치도 횡성군 횡성읍 문정로 23","225-808","샤르망 안경콘텍트","2013-12-16 17:42:14","I","2023-06-13 00:00:00","","287143.528286513","443524.551460237","1","1","5","1","1","1","1","1","2","36.68",
"365","안경업","01_02_01_P","4261000","PHMB220224260015082200001","2022-08-31","","03","폐업","03","폐업","2025-10-31","","","","033-344-2007","","","강원특별자치도 횡성군 횡성읍 읍하리 95-1","강원특별자치도 횡성군 횡성읍 문정로 15, 2층 201호","25233","007안경","2025-10-31 17:53:54","U","2025-11-02 02:40:00","","287073.544209584","443562.437458397","1","0","0","1","1","0","0","0","0","49.5",
"366","안경업","01_02_01_P","4261000","PHMB219844260015082200001","1984-08-16","","03","폐업","03","폐업","2012-09-24","","","","033-343-0633","","225-808","강원특별자치도 횡성군 횡성읍 읍하1리111-1","강원특별자치도 횡성군 횡성읍 문정로 28","225-808","미광안경원","2012-09-24 15:32:08","I","2023-06-13 00:00:00","","287175.231921949","443479.341029299","1","1","1","1","1","1","1","1","1","0",
"367","안경업","01_02_01_P","4261000","PHMB220104260015082200001","2010-04-07","","01","영업/정상","13","영업중","","","","","033-342-0108","","225-808","강원특별자치도 횡성군 횡성읍 읍하리 585번지 11호","강원특별자치도 횡성군 횡성읍 문정로 23","25233","안경마을","2023-11-28 11:52:56","U","2023-11-30 02:40:00","","287143.528286513","443524.551460237","2","1","1","1","2","1","1","2","1","36.68",
"368","안경업","01_02_01_P","4261000","PHMB219914260015082200001","1991-05-31","","01","영업/정상","13","영업중","","","","","033-342-0259","","225-808","강원특별자치도 횡성군 횡성읍 읍하1리116-9","강원특별자치도 횡성군 횡성읍 횡성로 406","25231","아카데미안경원","2012-03-07 17:31:59","I","2023-06-13 00:00:00","","287144.688720137","443431.785258721","1","1","1","1","1","1","1","1","1","0",
"369","안경업","01_02_01_P","4261000","PHMB220114260015082200001","2011-06-29","","01","영업/정상","13","영업중","","","","","033-342-2626","","225-808","강원특별자치도 횡성군 횡성읍 읍하리 115번지 1호","강원특별자치도 횡성군 횡성읍 한우로 283-2","25233","굿피플 안경원","2012-03-07 17:48:20","I","2023-06-13 00:00:00","","287082.731542718","443439.682180743","1","1","1","1","1","1","1","1","1","60.6",
"370","안경업","01_02_01_P","4261000","PHMB220174260015082200001","2017-08-07","","01","영업/정상","13","영업중","","","","","033-345-1911","","","","강원특별자치도 횡성군 횡성읍 앞들서로19번길 12, 1층","25234","글라스스토리 횡성점","2017-08-07 13:06:36","I","2023-06-13 00:00:00","","286811.857527768","443279.205809669","1","1","1","1","1","1","1","2","2","13.75",
"371","안경업","01_02_01_P","4271000","PHMB220144270014082200002","2014-10-08","","03","폐업","03","폐업","2022-05-19","","","","033-375-8980","","","","강원특별자치도 영월군 영월읍 하송안길 101","26236","밝은 안경원","2022-07-07 11:27:48","I","2023-06-13 00:00:00","","330289.263257107","410002.396368783","11","1","1","1","2","1","1","1","1","80.99",
"372","안경업","01_02_01_P","4271000","PHMB220144270014082200001","2014-06-26","","01","영업/정상","13","영업중","","","","","372-5050","","","","강원특별자치도 영월군 영월읍 중앙1로 15","26235","안경백화점","2022-12-07 17:30:59","I","2023-06-13 00:00:00","","330075.049625387","409964.634254265","1","1","1","1","1","1","1","1","1","155.52",
"373","안경업","01_02_01_P","4271000","PHMB219794270014082200001","1979-02-08","","01","영업/정상","13","영업중","","","","","033-374-3615","","230-805","강원특별자치도 영월군 영월읍 영흥리 972-5","강원특별자치도 영월군 영월읍 중앙로 49-3","26232","안경나라","2022-10-06 15:39:11","I","2023-06-13 00:00:00","","330394.828034777","410098.160331647","1","1","1","1","2","1","1","1","3","0",
"374","안경업","01_02_01_P","4271000","PHMB220044270014082200001","2004-12-01","","01","영업/정상","13","영업중","","","","","033-373-4433","","230-805","강원특별자치도 영월군 영월읍 영흥리 944-114","강원특별자치도 영월군 영월읍 단종로9번길 38","26233","밝은세상안경원","2022-10-06 15:38:17","I","2023-06-13 00:00:00","","330111.25252871","410177.335801513","1","1","1","1","2","1","1","2","2","0",
"375","안경업","01_02_01_P","4281000","PHMB220164280009082200001","2016-06-23","","03","폐업","03","폐업","2018-08-16","","","","033-334-2008","","","","강원특별자치도 평창군 평창읍 백오로 91","25376","이안경","2018-08-16 09:49:32","I","2023-06-13 00:00:00","","323497.121126736","430442.929216227","1","1","1","1","1","1","1","2","2","39.6",
"376","안경업","01_02_01_P","4281000","PHMB219974280009082200001","1997-07-07","","03","폐업","03","폐업","2010-02-19","","","","033-332-2964","","100-110","강원특별자치도 평창군 평창읍 하리 148-10","","","대광당안경원","2011-06-14 15:40:08","I","2023-06-13 00:00:00","","","","0","0","0","0","0","0","0","0","0","0",
"377","안경업","01_02_01_P","4281000","PHMB219984280009082200001","1998-04-15","","01","영업/정상","13","영업중","","","","","033-332-5383","","100-110","강원특별자치도 평창군 평창읍 천변리 37","강원특별자치도 평창군 평창읍 서동로 2505","25376","K비젼안경콘택트","2017-02-28 10:45:32","I","2023-06-13 00:00:00","","323588.025508986","430259.155407102","0","0","0","0","0","0","0","0","0","0",
"378","안경업","01_02_01_P","4281000","PHMB220004280009082200001","2000-05-09","","01","영업/정상","13","영업중","","","","","033-335-6789","","510-211","강원특별자치도 평창군 진부면 하진부리 117-6","강원특별자치도 평창군 진부면 청송로 107","25332","밝은세상안경원","2011-12-01 18:06:18","I","2023-06-13 00:00:00","","337490.106291158","460505.034082981","0","0","0","0","0","0","0","0","0","0",
"379","안경업","01_02_01_P","4281000","PHMB220044280009082200001","2004-03-26","","01","영업/정상","13","영업중","","","","","033-335-5050","","","강원특별자치도 평창군 봉평면 창동리 278번지 4호","강원특별자치도 평창군 봉평면 기풍로 137","25304","아카데미안경원","2019-10-10 18:06:38","I","2023-06-13 00:00:00","","321606.177786978","457849.758964282","0","0","0","0","0","0","0","0","0","0",
"380","안경업","01_02_01_P","4281000","PHMB220144280009082200001","2014-06-09","","01","영업/정상","13","영업중","","","","","0333368007","","","","강원특별자치도 평창군 진부면 진부중앙로 59, 1층","25325","웅이안경","2024-07-02 11:20:33","U","2024-07-04 02:40:00","","337452.092117245","460541.228155971","1","1","1","1","1","1","1","1","1","49.5",
"381","안경업","01_02_01_P","4281000","PHMB220184280009082200001","2018-08-16","","01","영업/정상","13","영업중","","","","","334-2008","","25376","강원특별자치도 평창군 평창읍 148번지 10호","강원특별자치도 평창군 평창읍 백오로 91","25376","이안경","2018-08-16 14:43:29","I","2023-06-13 00:00:00","","323497.121126736","430442.929216227","1","1","1","1","1","1","1","1","1","39.6",
"382","안경업","01_02_01_P","4291000","PHMB220114290013082200001","2011-09-09","","03","폐업","03","폐업","2019-11-07","","","","033)562-0707","","233-804","강원특별자치도 정선군 정선읍 봉양리 324번지 33호","강원특별자치도 정선군 정선읍 봉양5길 37","26131","그린안경","2019-11-20 18:07:27","I","2023-06-13 00:00:00","","347152.672435829","432240.087462311","1","1","1","1","2","1","1","1","2","0",
"383","안경업","01_02_01_P","4291000","PHMB219754290013082200001","1975-10-20","","03","폐업","03","폐업","2010-10-31","","","","033-563-0440","","","강원특별자치도 정선군 정선읍 봉양1리 344-14","","","영광당안경원","2010-11-12 08:53:14","I","2023-06-13 00:00:00","","","","0","0","0","0","0","0","0","0","0","0",
"384","안경업","01_02_01_P","4291000","PHMB220124290013082200001","2012-05-25","","03","폐업","03","폐업","2017-03-29","","","","033-591-7717","","233-811","강원특별자치도 정선군 고한읍 고한리 94번지 19호","강원특별자치도 정선군 고한읍 고한로 133","26155","쎄븐안경","2017-04-06 17:43:09","I","2023-06-13 00:00:00","","364294.59067299","412756.135300206","1","1","1","1","2","1","1","1","1","43",
"385","안경업","01_02_01_P","4291000","PHMB220054290013082200001","2005-05-10","","01","영업/정상","13","영업중","","","","","033-563-8086","","","강원특별자치도 정선군 정선읍 봉양리 339번지 10호","강원특별자치도 정선군 정선읍 정선로 1349-1","26130","아이데코안경","2019-08-28 18:10:30","I","2023-06-13 00:00:00","","347307.753555664","432166.66993019","1","1","1","1","1","1","10","1","1","0",
"386","안경업","01_02_01_P","4291000","PHMB219804290013082200001","1980-10-21","","01","영업/정상","13","영업중","","","","","033-562-9191","","","강원특별자치도 정선군 정선읍 봉양1리","강원특별자치도 정선군 정선읍 5일장길 22","26130","명전사안경원","2011-12-29 14:29:18","I","2023-06-13 00:00:00","","347291.388713942","432221.439872852","0","0","0","0","0","0","0","0","0","0",
"387","안경업","01_02_01_P","4291000","PHMB219924290013082200001","1992-08-12","","01","영업/정상","13","영업중","","","","","033-592-5955","","","강원특별자치도 정선군 사북읍 사북8리 366-92","강원특별자치도 정선군 사북읍 사북중앙로 18","26153","제일안경원","2011-12-29 14:33:28","I","2023-06-13 00:00:00","","361149.010216551","415429.739762219","0","0","0","0","0","0","0","0","0","0",
"388","안경업","01_02_01_P","4301000","PHMB220104300012082200001","2010-03-29","","03","폐업","03","폐업","2011-07-01","","","","455-7007","","269-816","강원특별자치도 철원군 동송읍 이평리 704번지 70호","","","굿모닝안경콘택트","2011-07-01 16:41:20","I","2023-06-13 00:00:00","","219291.768368953","522596.694692222","1","2","1","1","2","2","1","1","1","66",
"389","안경업","01_02_01_P","4301000","PHMB219904300012082200001","1990-04-13","","03","폐업","03","폐업","2020-07-13","","","","","","","강원특별자치도 철원군 갈말읍 신철원리 977-8 신철원버스터미널","강원특별자치도 철원군 갈말읍 명성로 154, 신철원버스터미널","24042","동경안경원","2020-07-13 13:20:39","I","2023-06-13 00:00:00","","226942.117044351","515872.326408317","1","1","1","1","1","1","1","1","1","0",
"390","안경업","01_02_01_P","4301000","PHMB219994300012082200001","1999-09-16","","03","폐업","03","폐업","2024-02-13","","","","033-456-0207","","269-816","강원특별자치도 철원군 동송읍 이평리 679번지 17호","강원특별자치도 철원군 동송읍 금학로 230","","안경박사철원점","2024-02-13 17:39:16","U","2024-02-15 02:40:00","","219000.055216863","522925.368792663","1","1","1","1","1","1","1","1","1","0",
"391","안경업","01_02_01_P","4301000","PHMB220014300012082200001","2001-07-26","","03","폐업","03","폐업","2024-01-24","","","","033-455-2188","","269-816","강원특별자치도 철원군 동송읍 이평리 681번지 34호","강원특별자치도 철원군 동송읍 금학로217번길 1","","유신안경원","2024-12-04 13:29:35","U","2024-12-06 02:40:00","","219027.307094471","522800.60456001","1","1","1","1","1","1","1","1","1","72.7",
"392","안경업","01_02_01_P","4301000","PHMB220174300012082200001","2017-03-20","","03","폐업","03","폐업","2019-06-17","","","","","","","","강원특별자치도 철원군 동송읍 금학로 203, 신농씨한의원","24018","동송안경","2019-06-17 19:22:21","I","2023-06-13 00:00:00","","219090.794913394","522683.180339997","1","1","1","1","1","1","1","1","1","0",
"393","안경업","01_02_01_P","4301000","PHMB220194300012082200001","2019-06-17","","03","폐업","03","폐업","2022-10-24","","","","033-455-2369","","","강원특별자치도 철원군 동송읍 이평리 683번지 13호 동송안경","강원특별자치도 철원군 동송읍 금학로 203, 동송안경","24018","동송안경","2022-10-24 16:54:58","I","2023-06-13 00:00:00","","219090.794913394","522683.180339997","0","0","0","0","0","0","0","0","0","66.1",
"394","안경업","01_02_01_P","4301000","PHMB220204300012082200001","2020-07-14","","03","폐업","03","폐업","2022-06-27","","","","033-452-5446","","","","강원특별자치도 철원군 갈말읍 삼부연로7번길 7-1, 동경안경콘택트","24042","동경안경원","2022-06-27 10:54:31","I","2023-06-13 00:00:00","","226945.086905514","515889.784373486","1","0","0","1","1","0","0","0","0","18",
"395","안경업","01_02_01_P","4301000","PHMB219914300012082200001","1991-06-01","","01","영업/정상","13","영업중","","","","","033-458-0900","","269-841","강원특별자치도 철원군 서면 와수리 1149번지 1호","강원특별자치도 철원군 서면 와수로 170-1","24058","리스안경원","2013-12-23 14:42:22","I","2023-06-13 00:00:00","","238329.459644819","526280.02806927","1","1","1","1","1","1","1","1","1","0",
"396","안경업","01_02_01_P","4301000","PHMB219914300012082200002","1991-07-03","","01","영업/정상","13","영업중","","","","","033-458-4188","","269-845","강원특별자치도 철원군 서면 와수리 1147번지 13호","강원특별자치도 철원군 서면 와수로 177, 1층","24059","독일안경원","2015-07-17 10:42:23","I","2023-06-13 00:00:00","","238330.740958805","526352.753294659","1","1","1","1","1","1","1","1","1","0",
"397","안경업","01_02_01_P","4301000","PHMB219934300012082200001","1993-08-29","","01","영업/정상","13","영업중","","","","","033-452-6822","","269-805","강원특별자치도 철원군 갈말읍 신철원1리 973번지 8호","강원특별자치도 철원군 갈말읍 삼부연로 2-2","24048","아이마트안경","2013-05-29 14:02:12","I","2023-06-13 00:00:00","","226953.299248089","515817.205799985","1","1","1","1","1","1","1","1","1","0",
"398","안경업","01_02_01_P","4301000","PHMB220024300012082200001","2002-10-23","","01","영업/정상","13","영업중","","","","","033-455-0727","","269-816","강원특별자치도 철원군 동송읍 이평리 854번지 7호","강원특별자치도 철원군 동송읍 이평로 64","","1001안경","2021-05-03 12:00:55","I","2023-06-13 00:00:00","","218918.327411742","522969.866970655","1","1","1","1","1","1","1","1","1","0",
"399","안경업","01_02_01_P","4301000","PHMB220054300012082200001","2005-02-16","","01","영업/정상","13","영업중","","","","","033-455-6006","","269-816","강원특별자치도 철원군 동송읍 이평리 679번지 70호","강원특별자치도 철원군 동송읍 금학로 233-1","","철원눈사랑안경.콘텍트","2008-11-10 11:08:05","I","2023-06-13 00:00:00","","218944.517422496","522952.931434832","1","1","1","1","1","1","1","1","1","0",
"400","안경업","01_02_01_P","4301000","PHMB220174300012082200002","2017-08-14","","01","영업/정상","13","영업중","","","","","","","","","강원특별자치도 철원군 동송읍 금학로 208, 셀렉트안경원","24015","셀렉트 렌즈미","2024-09-09 16:17:02","U","2024-09-11 02:40:00","","219103.584402052","522733.862450258","1","1","1","1","1","1","1","1","1","124",
"401","안경업","01_02_01_P","4301000","PHMB220244301030082200001","2024-03-29","","01","영업/정상","13","영업중","","","","","","","","강원특별자치도 철원군 갈말읍 신철원리 673-5","강원특별자치도 철원군 갈말읍 삼부연로 9-3","24042","바름안경","2024-04-01 17:09:02","I","2024-04-03 00:15:57","","227010.155802679","515867.964055554","1","0","0","1","1","0","0","0","0","46.48",
"402","안경업","01_02_01_P","4311000","PHMB220204310010082200001","2020-09-24","","01","영업/정상","13","영업중","","","","","033-442-3676","","","강원특별자치도 화천군 화천읍 하리 44-43","강원특별자치도 화천군 화천읍 중앙로 12-2","24129","GOOD DAY 안경원","2020-09-25 08:54:37","I","2023-06-13 00:00:00","","261809.84925175","511526.006248022","1","0","0","1","1","0","0","0","0","84",
"403","안경업","01_02_01_P","4311000","PHMB219814310010082200001","1981-06-08","","01","영업/정상","13","영업중","","","","","033-441-2148","","209-804","강원특별자치도 화천군 화천읍 하리 101-28","강원특별자치도 화천군 화천읍 상승로 45","24121","명성안경원","2025-01-21 14:39:34","U","2025-01-23 02:40:00","","261698.377479394","511589.957284681","1","1","1","1","1","1","1","1","1","0",
"404","안경업","01_02_01_P","4311000","PHMB219824310010082200001","1982-01-14","","01","영업/정상","13","영업중","","","","","033-441-4121","","209-834","강원특별자치도 화천군 사내면 사창리 454-23","강원특별자치도 화천군 사내면 사내로 42-2","24154","명신당안경원","2008-12-18 11:34:50","I","2023-06-13 00:00:00","","245665.84047585","507807.491065148","1","1","1","1","1","1","1","1","1","0",
"405","안경업","01_02_01_P","4311000","PHMB219864310010082200001","1986-05-12","","01","영업/정상","13","영업중","","","","","033-441-4037","","209-834","강원특별자치도 화천군 사내면 사창리 456-1","강원특별자치도 화천군 사내면 사내로 10-15","24154","이태리안경원","2009-12-07 17:47:04","I","2023-06-13 00:00:00","","245825.56935628","507790.481776978","1","1","1","1","1","1","1","1","1","37.62",
"406","안경업","01_02_01_P","4311000","PHMB219924310010082200001","1992-01-23","","01","영업/정상","13","영업중","","","","","033-442-9993","","209-804","강원특별자치도 화천군 화천읍 하리 36번지 6호","강원특별자치도 화천군 화천읍 상승로 33","24121","밝은세상안경원","2011-11-01 17:20:04","I","2023-06-13 00:00:00","","261638.024650476","511488.800550055","1","1","1","1","1","1","1","1","1","34.57",
"407","안경업","01_02_01_P","4321000","PHMB220054320010082200001","2005-06-10","","03","폐업","03","폐업","2009-06-05","","","","033-482-3345","","255-804","강원특별자치도 양구군 양구읍 상리 227-33번지","","","이안경원","2009-06-05 14:52:14","I","2023-06-13 00:00:00","","","","1","1","1","1","1","1","1","1","1","0",
"408","안경업","01_02_01_P","4321000","PHMB220074320010082200001","2007-06-18","","03","폐업","03","폐업","2011-06-01","","","","","","255-804","강원특별자치도 양구군 양구읍 상리 273-14번지","","","서울안경","2011-06-27 14:38:19","I","2023-06-13 00:00:00","","","","1","1","1","1","1","1","1","1","1","0",
"409","안경업","01_02_01_P","4321000","PHMB220094320010082200002","2009-07-16","","03","폐업","03","폐업","2013-07-15","","","","481-2867","","255-804","강원특별자치도 양구군 양구읍 상리 272번지 4호","강원특별자치도 양구군 양구읍 양록길 100","","안경마트","2013-07-15 16:34:44","I","2023-06-13 00:00:00","","286720.561440214","511958.378920844","1","1","1","1","1","2","1","1","1","15.81",
"410","안경업","01_02_01_P","4321000","PHMB220094320010082200001","2009-05-13","","03","폐업","03","폐업","2014-05-26","","","","482-0770","","255-804","강원특별자치도 양구군 양구읍 상리 269번지 3호","강원특별자치도 양구군 양구읍 중앙길 29","","빠리안경","2014-05-26 09:39:41","I","2023-06-13 00:00:00","","286707.183047624","511930.328016288","1","1","1","1","1","1","1","1","1","32.69",
"411","안경업","01_02_01_P","4321000","PHMB220184320010082200001","2018-03-28","","03","폐업","03","폐업","2019-01-30","","","","","","","강원특별자치도 양구군 양구읍 상리 272번지 4호","강원특별자치도 양구군 양구읍 양록길 100","24533","양구안경마트","2019-01-30 09:51:46","I","2023-06-13 00:00:00","","286720.561440214","511958.378920844","2","1","1","2","1","2","2","1","1","28",
"412","안경업","01_02_01_P","4321000","PHMB220134320010082200001","2013-07-17","","03","폐업","03","폐업","2017-10-24","","","","481-2867","","","","강원특별자치도 양구군 양구읍 양록길 100","24533","안경마트","2017-10-24 10:18:08","I","2023-06-13 00:00:00","","286720.561440214","511958.378920844","1","1","1","1","1","1","1","1","1","36.3",
"413","안경업","01_02_01_P","4321000","PHMB220044320010082200001","2004-08-27","","01","영업/정상","13","영업중","","","","","033-481-3361","","255-802","강원특별자치도 양구군  중리","강원특별자치도 양구군 양구읍 중앙길 11","24525","명동안경원","2008-12-04 10:25:01","I","2023-06-13 00:00:00","","286707.640221274","512024.946352835","1","3","1","1","2","1","1","1","1","0",
"414","안경업","01_02_01_P","4321000","PHMB220054320010082200002","2005-11-30","","01","영업/정상","13","영업중","","","","","481-8799","","255-804","강원특별자치도 양구군 양구읍 상리 328번지 2호","강원특별자치도 양구군 양구읍 중심로 192","","뉴서전안경원","2009-07-08 16:55:04","I","2023-06-13 00:00:00","","286719.511570459","512076.271637747","1","1","1","1","1","1","1","1","1","36.51",
"415","안경업","01_02_01_P","4321000","PHMB220214320010082200001","2021-01-26","","01","영업/정상","13","영업중","","","","","","","","강원특별자치도 양구군 양구읍 상리 206-1","강원특별자치도 양구군 양구읍 양구새싹로 27, 101호","24535","인생안경","2021-01-28 08:36:18","I","2023-06-13 00:00:00","","286624.192218804","511548.912274914","1","0","0","1","1","0","0","0","0","76",
"416","안경업","01_02_01_P","4331000","PHMB219914330012082200001","1991-02-20","","03","폐업","03","폐업","2010-01-14","","","","033-461-1994","","252-806","강원특별자치도 인제군 인제읍 상동리361-3","","","세브란스안경원","2010-04-13 15:43:37","I","2023-06-13 00:00:00","","","","1","1","1","1","1","1","1","1","1","0",
"417","안경업","01_02_01_P","4331000","PHMB219954330012082200001","1995-06-02","","03","폐업","03","폐업","2015-12-31","","","","033-461-5246","","252-940","강원특별자치도 인제군 기린면 현리639-8","","","미공사안경원","2015-12-31 11:59:29","I","2023-06-13 00:00:00","","","","1","1","1","1","1","1","1","1","1","0",
"418","안경업","01_02_01_P","4331000","PHMB220084330012082200001","2008-09-02","","01","영업/정상","13","영업중","","","","","033-461-9200","","252-806","강원특별자치도 인제군 인제읍 상동리 96번지 3호","강원특별자치도 인제군 인제읍 비봉로 43","24635","이안경원","2024-07-10 11:11:16","U","2024-07-12 02:40:00","","303051.392986928","507663.298346054","1","1","1","1","1","1","1","1","1","0",
"419","안경업","01_02_01_P","4331000","PHMB219944330012082200001","1994-01-25","","01","영업/정상","13","영업중","","","","","033-462-5710","","","강원특별자치도 인제군 북면 원통리 645번지 17호","강원특별자치도 인제군 북면 원통로 174","24617","알프스안경원","2019-08-28 13:07:10","I","2023-06-13 00:00:00","","305478.478805894","513972.167886274","1","1","1","1","1","1","1","1","1","0",
"420","안경업","01_02_01_P","4331000","PHMB219964330012082200001","1996-08-23","","01","영업/정상","13","영업중","","","","","033-461-0035","","","강원특별자치도 인제군 인제읍 상동리 347번지 4호","강원특별자치도 인제군 인제읍 비봉로 2","24632","서전안경원","2019-12-23 17:17:34","I","2023-06-13 00:00:00","","302774.502841297","507969.482020543","1","1","1","1","1","1","1","1","1","0",
"421","안경업","01_02_01_P","4331000","PHMB220164330012082200001","2016-06-30","","01","영업/정상","13","영업중","","","","","033-462-0202","","","","강원특별자치도 인제군 인제읍 인제로193번길 1, 103호","24631","EYE사랑 안경원","2024-07-10 11:10:35","U","2024-07-12 02:40:00","","302748.209555003","508000.309205164","1","1","1","1","1","1","1","1","1","0",
"422","안경업","01_02_01_P","4331000","PHMB220224330012082200001","2022-11-19","","01","영업/정상","13","영업중","","","","","033-463-3378","","","강원특별자치도 인제군 인제읍 상동리 261-1","강원특별자치도 인제군 인제읍 비봉로 16, 1층","24632","안녕 안경","2024-07-10 11:09:24","U","2024-07-12 02:40:00","","302847.681160559","507834.282512708","1","0","0","1","1","0","0","0","0","62.06",
"423","안경업","01_02_01_P","4331000","PHMB219914330012082200003","1991-06-11","","01","영업/정상","13","영업중","","","","","033-461-3413","","252-823","강원특별자치도 인제군 북면 원통2리 646번지 4호 1반","강원특별자치도 인제군 북면 원통로 179","","독일안경원","2024-07-10 11:12:03","U","2024-07-12 02:40:00","","305487.310283518","514039.603544575","1","1","1","1","1","1","1","1","1","0",
"424","안경업","01_02_01_P","4341000","PHMB219914340013082200001","1991-06-22","","03","폐업","03","폐업","2022-01-27","","","","","","219-900","강원특별자치도고성군 거진읍 거진8리10반","강원특별자치도 고성군 거진읍 거탄진로 117","24717","서독안경","2022-01-27 13:55:40","I","2023-06-13 00:00:00","","326891.572787891","550171.568345662","1","1","1","1","1","1","1","1","1","33",
"425","안경업","01_02_01_P","4341000","PHMB220224340013082200001","2014-07-16","","01","영업/정상","13","영업중","","","","","","","","","강원특별자치도 고성군 거진읍 거탄진로 134","24713","새샘하우스안경원","2024-07-01 09:52:41","U","2024-07-03 02:40:00","","327004.529999726","550270.875457973","1","1","1","1","2","1","1","1","1","59.5",
"426","안경업","01_02_01_P","4341000","PHMB219914340013082200002","1991-10-23","","01","영업/정상","13","영업중","","","","","033-681-5400","","219-800","강원특별자치도고성군 간성읍 하1리5반","강원특별자치도 고성군 간성읍 간성로 53-2","24736","신원안경원","2011-11-29 11:20:05","I","2023-06-13 00:00:00","","328290.216713892","542802.175946308","1","1","1","1","1","1","1","1","1","0",
"427","안경업","01_02_01_P","4341000","PHMB220214340013082200001","2021-04-21","","01","영업/정상","13","영업중","","","","","0336821004","","","강원특별자치도 고성군 간성읍 하리 2-10","강원특별자치도 고성군 간성읍 간성로 64","24735","글라스타안경고성군청앞점","2025-05-21 15:48:23","U","2025-05-24 02:40:00","","328213.714674538","542847.277697815","1","0","0","1","1","0","0","0","0","131.9",
"428","안경업","01_02_01_P","4351000","PHMB220174350012082200001","2017-10-12","","03","폐업","03","폐업","2019-04-02","","","","","","","강원특별자치도 양양군 양양읍 남문리 16번지 19호 1층","강원특별자치도 양양군 양양읍 양양로 58-2, 1층","25022","베스트 안경원","2019-04-02 11:29:30","I","2023-06-13 00:00:00","","342311.482189863","509333.080919246","1","1","1","1","1","1","1","1","1","27.9",
"429","안경업","01_02_01_P","4351000","PHMB219984350012082200001","1998-08-25","","01","영업/정상","13","영업중","","","","","033-672-5453","","218-806","강원특별자치도 양양군 양양읍 남문1리 131-1","강원특별자치도 양양군 양양읍 양양로 86","25023","하나안경원","2019-08-16 17:47:43","I","2023-06-13 00:00:00","","342069.797204946","509205.033277894","1","1","1","1","1","1","1","1","1","0",
"430","안경업","01_02_01_P","4351000","PHMB219884350012082200001","1988-05-02","","01","영업/정상","13","영업중","","","","","033-671-0406","","215-804","강원특별자치도 양양군 양양읍 남문1리 82번지 1호","강원특별자치도 양양군 양양읍 양양로 72","25023","독일안경","2020-11-09 16:57:24","I","2023-06-13 00:00:00","","342202.807221925","509270.554085348","1","1","1","1","1","1","1","1","1","0",
"431","안경업","01_02_01_P","4351000","PHMB220124350012082200001","2012-03-02","","01","영업/정상","13","영업중","","","","","671-0046","","215-803","강원특별자치도 양양군 양양읍 연창리 183번지 8호","강원특별자치도 양양군 양양읍 양양로 15","25031","눈애 미소 안경","2022-11-25 14:04:25","I","2023-06-13 00:00:00","","342650.333428607","509598.515403164","1","1","1","1","2","1","1","2","2","105",
"432","안경업","01_02_01_P","4351000","PHMB220204350012082200001","2020-07-02","","01","영업/정상","13","영업중","","","","","","","","강원특별자치도 양양군 양양읍 남문리 18-15","강원특별자치도 양양군 양양읍 남문5길 4","25030","다봄 안경원","2022-11-25 14:01:45","I","2023-06-13 00:00:00","","342273.706435196","509273.116027309","1","1","1","1","1","1","1","1","1","0",
