"번호","개방서비스명","개방서비스아이디","개방자치단체코드","관리번호","인허가일자","인허가취소일자","영업상태구분코드","영업상태명","상세영업상태코드","상세영업상태명","폐업일자","휴업시작일자","휴업종료일자","재개업일자","소재지전화","소재지면적","소재지우편번호","소재지전체주소","도로명전체주소","도로명우편번호","사업장명","최종수정시점","데이터갱신구분","데이터갱신일자","업태구분명","좌표정보x(epsg5174)","좌표정보y(epsg5174)","환경업무구분명","업종구분명","종별명","주생산품명","배출시설조업시간","배출시설연간가동일수","방지시설조업시간","방지시설연간가동일수",
"1","단독정화조/오수처리시설설계시공업","09_30_07_P","4181000","418100054199800003","1998-04-15","","02","휴업","1","휴업","","2013-01-02","2013-01-02","","","","200-853","강원특별자치도 춘천시 동면 지내리 231-10","강원특별자치도 춘천시 동면 가산로 95-11","","민한엔지니어링(주)","2012-01-27 09:49:26","I","2023-06-13 00:00:00","","268594.888460885","490283.04774684","분뇨등설계시공업관리","","","","","0","","0",
"2","단독정화조/오수처리시설설계시공업","09_30_07_P","4181000","418100054200700001","2007-10-30","","01","영업/정상","11","영업","","","","","0332548600","","200-853","강원특별자치도 춘천시 동면 장학리 224-2","강원특별자치도 춘천시 동면 춘천로 514","","(주)호반환경건설","2021-04-30 17:19:48","U","2024-10-18 02:40:00","","266910.442508995","488303.779835994","분뇨등설계시공업관리","","","","","0","","0",
"3","단독정화조/오수처리시설설계시공업","09_30_07_P","4181000","418100054201200001","2012-10-17","","01","영업/정상","11","영업","","","","","033-243-4507","","200-240","강원특별자치도 춘천시 신동 1206-4","강원특별자치도 춘천시 신샘밭로 227 (신동)","","조은환경","2022-01-26 11:29:34","U","2025-07-29 02:40:00","","264642.097138803","491368.825772472","분뇨등설계시공업관리","","","","","0","","0",
"4","단독정화조/오수처리시설설계시공업","09_30_07_P","4181000","418100054199000001","1990-08-20","","03","폐업","2","폐업","2003-12-15","","","","033 2566000","","200-090","강원특별자치도 춘천시 효자동 709","강원특별자치도 춘천시 공지로 289  (효자동)","","(주)대양","2007-01-19 09:22:54","U","2025-07-29 02:40:00","폐기물 처리 및 오염방지시설 건설업","264417.559626624","485150.06239761","분뇨등설계시공업관리","폐기물 처리 및 오염방지시설 건설업","","","","0","","0",
"5","단독정화조/오수처리시설설계시공업","09_30_07_P","4181000","418100054199000002","1990-08-20","","03","폐업","2","폐업","2012-10-31","","","","2566000","","200-090","강원특별자치도 춘천시 효자동 709","강원특별자치도 춘천시 공지로 289  (효자동)","","(주)대양","2012-10-31 13:25:27","I","2023-06-13 00:00:00","","264417.559626624","485150.06239761","분뇨등설계시공업관리","","","","","0","","0",
"6","단독정화조/오수처리시설설계시공업","09_30_07_P","4181000","418100054199100001","1991-05-24","","03","폐업","2","폐업","2003-03-31","","","","033 2620464","","200-812","강원특별자치도 춘천시 신동면 혈동리 65-1","강원특별자치도 춘천시 신동면 김유정로 701-13","","삼호건설(주)","2003-04-01 19:01:23","U","2025-07-29 02:40:00","폐기물 처리 및 오염방지시설 건설업","262799.054155448","474190.265812429","분뇨등설계시공업관리","폐기물 처리 및 오염방지시설 건설업","","","","0","","0",
"7","단독정화조/오수처리시설설계시공업","09_30_07_P","4181000","418100054199800004","1998-06-13","","03","폐업","2","폐업","2013-11-07","","","","0332432533","","200-160","강원특별자치도 춘천시 후평동 734-19","강원특별자치도 춘천시 삭주로 196  (후평동)","","(주)청솔환경건설","2013-11-07 15:24:54","I","2023-06-13 00:00:00","","266086.498127332","487368.018950843","분뇨등설계시공업관리","","","","","0","","0",
"8","단독정화조/오수처리시설설계시공업","09_30_07_P","4181000","418100054199800005","1998-09-18","","03","폐업","2","폐업","2008-07-14","","","","033 2540890","","200-882","강원특별자치도 춘천시 동내면 학곡리 321-7","강원특별자치도 춘천시 동내면 학곡서3길 20-8","","(합)대한환경건설","2013-11-07 15:27:30","I","2023-06-13 00:00:00","","266649.266952658","481703.038287532","분뇨등설계시공업관리","","","","","0","","0",
"9","단독정화조/오수처리시설설계시공업","09_30_07_P","4181000","418100054199800006","1998-11-16","","03","폐업","2","폐업","2002-04-30","","","","033 2574425","","200-950","강원특별자치도 춘천시 효자동 708","강원특별자치도 춘천시 공지로 305  (효자동)","","(주)양림건설","2002-05-07 15:04:53","U","2025-07-29 02:40:00","폐기물 처리 및 오염방지시설 건설업","264312.5178044","485239.21704575","분뇨등설계시공업관리","폐기물 처리 및 오염방지시설 건설업","","","","0","","0",
"10","단독정화조/오수처리시설설계시공업","09_30_07_P","4181000","418100054199800007","1998-11-16","","03","폐업","2","폐업","2005-09-05","","","","033 2623939","","200-944","강원특별자치도 춘천시 퇴계동 857","강원특별자치도 춘천시 퇴계농공로 76  (퇴계동)","","(주)청한","2007-01-19 09:34:17","U","2025-07-29 02:40:00","폐기물 처리 및 오염방지시설 건설업","265273.488231511","482942.342963703","분뇨등설계시공업관리","폐기물 처리 및 오염방지시설 건설업","","","","0","","0",
"11","단독정화조/오수처리시설설계시공업","09_30_07_P","4181000","418100054199800008","2001-06-16","","03","폐업","2","폐업","2010-07-07","","","","","","200-170","강원특별자치도 춘천시 퇴계동","","","1","2010-07-07 13:38:30","I","2023-06-13 00:00:00","","","","분뇨등설계시공업관리","","","","","0","","0",
"12","단독정화조/오수처리시설설계시공업","09_30_07_P","4181000","418100054199900001","1999-02-03","","03","폐업","2","폐업","2005-06-22","","","","033 2438353","","200-160","강원특별자치도 춘천시 후평동 685-1","강원특별자치도 춘천시 춘천로269번길 8  (후평동)","","(합)중진건설","2005-06-28 16:55:11","U","2025-07-29 02:40:00","폐기물 처리 및 오염방지시설 건설업","265290.696334271","486706.767283238","분뇨등설계시공업관리","폐기물 처리 및 오염방지시설 건설업","","","","0","","0",
"13","단독정화조/오수처리시설설계시공업","09_30_07_P","4181000","418100054199900002","1999-03-05","","03","폐업","2","폐업","2003-06-03","","","","033 2542555","","200-090","강원특별자치도 춘천시 효자동 700","강원특별자치도 춘천시 효자로 64  (효자동)","","(주)현대기업","2003-06-03 17:43:42","U","2025-07-29 02:40:00","폐기물 처리 및 오염방지시설 건설업","264207.316680753","485434.694504374","분뇨등설계시공업관리","폐기물 처리 및 오염방지시설 건설업","","","","0","","0",
"14","단독정화조/오수처리시설설계시공업","09_30_07_P","4181000","418100054199200001","1992-01-13","","03","폐업","2","폐업","2003-04-14","","","","033 2514804","","200-080","강원특별자치도 춘천시 운교동 173-7","강원특별자치도 춘천시 운천길 25  (운교동)","","동일건설(주)","2003-04-14 21:15:40","U","2025-07-29 02:40:00","폐기물 처리 및 오염방지시설 건설업","264262.509859884","486117.50705987","분뇨등설계시공업관리","폐기물 처리 및 오염방지시설 건설업","","","","0","","0",
"15","단독정화조/오수처리시설설계시공업","09_30_07_P","4181000","418100054199400001","1994-02-28","","03","폐업","2","폐업","2005-09-07","","","","033 2621564","","200-841","강원특별자치도 춘천시 동산면 군자리 8-2","","","신영종합상사(주)","2007-01-15 18:40:56","U","2025-07-29 02:40:00","폐기물 처리 및 오염방지시설 건설업","267204.770755094","475376.962905766","분뇨등설계시공업관리","폐기물 처리 및 오염방지시설 건설업","","","","0","","0",
"16","단독정화조/오수처리시설설계시공업","09_30_07_P","4181000","418100054199400002","1994-04-04","","03","폐업","2","폐업","2005-09-07","","","","033 2524879","","200-940","강원특별자치도 춘천시 우두동 1056-3","강원특별자치도 춘천시 신흥길5번길 9  (우두동)","","(합)동양건설","2007-01-15 18:42:21","U","2025-07-29 02:40:00","폐기물 처리 및 오염방지시설 건설업","263869.454203484","488857.861205611","분뇨등설계시공업관리","폐기물 처리 및 오염방지시설 건설업","","","","0","","0",
"17","단독정화조/오수처리시설설계시공업","09_30_07_P","4181000","418100054199600001","1996-03-11","","03","폐업","2","폐업","2006-06-16","","","","033 2550404","","200-853","강원특별자치도 춘천시 동면 장학리 785-31","강원특별자치도 춘천시 동면 소양강로 142","","(주)대도","2006-06-16 18:07:30","U","2025-07-29 02:40:00","폐기물 처리 및 오염방지시설 건설업","266021.226871047","488835.901670677","분뇨등설계시공업관리","폐기물 처리 및 오염방지시설 건설업","","","","0","","0",
"18","단독정화조/오수처리시설설계시공업","09_30_07_P","4181000","418100054199600002","1996-05-01","","03","폐업","2","폐업","2001-06-22","","","","033 2633601","","200-220","강원특별자치도 춘천시 칠전동 598-3","강원특별자치도 춘천시 칠전동길 43-2  (칠전동)","","대원건설(주)","2001-06-23 13:50:49","U","2025-07-29 02:40:00","폐기물 처리 및 오염방지시설 건설업","262901.931163155","482407.725807551","분뇨등설계시공업관리","폐기물 처리 및 오염방지시설 건설업","","","","0","","0",
"19","단독정화조/오수처리시설설계시공업","09_30_07_P","4181000","418100054199600003","1996-06-12","","03","폐업","2","폐업","2005-09-07","","","","033 2559749","","200-941","강원특별자치도 춘천시 조양동 6-67","강원특별자치도 춘천시 아침길 14  (조양동)","","(주)재원","2007-01-15 18:43:32","U","2025-07-29 02:40:00","폐기물 처리 및 오염방지시설 건설업","264216.215205048","486546.484058396","분뇨등설계시공업관리","폐기물 처리 및 오염방지시설 건설업","","","","0","","0",
"20","단독정화조/오수처리시설설계시공업","09_30_07_P","4181000","418100054199600004","1996-10-07","","03","폐업","2","폐업","2006-10-04","","","","","","431-060","경기도 안양시 동안구 관양동 1423-12","경기도 안양시 동안구 관악대로 361  (관양동)","","(주)우대기술단","2006-10-11 10:16:53","U","2025-07-29 02:40:00","하수처리, 폐기물처리 및 청소관련 서비스업","196647.453832914","433599.603164897","분뇨등설계시공업관리","하수처리, 폐기물처리 및 청소관련 서비스업","","","","0","","0",
"21","단독정화조/오수처리시설설계시공업","09_30_07_P","4181000","418100054199700001","1997-03-07","","03","폐업","2","폐업","2002-02-26","","","","033 2428792","","200-850","강원특별자치도 춘천시 동면 만천리 802-8","강원특별자치도 춘천시 동면 만천로 181","","태원건설(주)","2002-02-28 15:10:43","U","2025-07-29 02:40:00","폐기물 처리 및 오염방지시설 건설업","266413.284572076","487188.607000607","분뇨등설계시공업관리","폐기물 처리 및 오염방지시설 건설업","","","","0","","0",
"22","단독정화조/오수처리시설설계시공업","09_30_07_P","4181000","418100054199700002","1997-05-01","","03","폐업","2","폐업","2005-08-16","","","","033 2526240","","200-950","강원특별자치도 춘천시 효자동 754-6","강원특별자치도 춘천시 성심로 43  (효자동)","","아성건설산업(주)","2005-08-16 17:47:22","U","2025-07-29 02:40:00","폐기물 처리 및 오염방지시설 건설업","265076.663872465","486615.453265524","분뇨등설계시공업관리","폐기물 처리 및 오염방지시설 건설업","","","","0","","0",
"23","단독정화조/오수처리시설설계시공업","09_30_07_P","4181000","418100054199700003","2002-05-29","","03","폐업","2","폐업","2005-12-12","","","","033 2625431","","200-935","강원특별자치도 춘천시 석사동 664","강원특별자치도 춘천시 후석로 44  (석사동)","","동서(주)","2005-12-13 17:54:55","U","2025-07-29 02:40:00","폐기물 처리 및 오염방지시설 건설업","265225.168616533","484221.188490755","분뇨등설계시공업관리","폐기물 처리 및 오염방지시설 건설업","","","","0","","0",
"24","단독정화조/오수처리시설설계시공업","09_30_07_P","4181000","418100054199700004","1997-11-27","","03","폐업","2","폐업","2003-05-27","","","","033 2618544","","200-840","강원특별자치도 춘천시 동산면 조양리 252-1","강원특별자치도 춘천시 동산면 영서로 81-28","","(주)청정환경산업","2003-05-27 14:03:54","U","2025-07-29 02:40:00","폐기물 처리 및 오염방지시설 건설업","272385.746882159","471978.643254224","분뇨등설계시공업관리","폐기물 처리 및 오염방지시설 건설업","","","","0","","0",
"25","단독정화조/오수처리시설설계시공업","09_30_07_P","4181000","418100054199800001","1998-04-04","","03","폐업","2","폐업","2005-09-07","","","","033 2635266","","200-935","강원특별자치도 춘천시 석사동 678-1","강원특별자치도 춘천시 공지로 143  (석사동)","","광산종합건설(주)","2007-01-15 18:44:13","U","2025-07-29 02:40:00","폐기물 처리 및 오염방지시설 건설업","265544.179675026","484254.915947262","분뇨등설계시공업관리","폐기물 처리 및 오염방지시설 건설업","","","","0","","0",
"26","단독정화조/오수처리시설설계시공업","09_30_07_P","4181000","418100054199800002","1998-03-12","","03","폐업","2","폐업","2002-10-29","","","","033 2626826","","200-944","강원특별자치도 춘천시 퇴계동 860-4","강원특별자치도 춘천시 퇴계농공로 118  (퇴계동)","","(주) 영 동","2002-11-07 20:05:58","U","2025-07-29 02:40:00","폐기물 처리 및 오염방지시설 건설업","265035.065252227","482597.730738469","분뇨등설계시공업관리","폐기물 처리 및 오염방지시설 건설업","","","","0","","0",
"27","단독정화조/오수처리시설설계시공업","09_30_07_P","4181000","418100054199900003","1999-03-16","","03","폐업","2","폐업","2010-07-05","","","","033 2640351","","200-935","강원특별자치도 춘천시 석사동 641-2","강원특별자치도 춘천시 후석로 67  (석사동)","","미래환경엔지니어링(주)","2010-07-07 13:36:42","I","2023-06-13 00:00:00","","265341.538214375","484426.175579745","분뇨등설계시공업관리","","","","","0","","0",
"28","단독정화조/오수처리시설설계시공업","09_30_07_P","4181000","418100054199900004","1999-05-17","","03","폐업","2","폐업","2003-01-15","","","","033 2512770","","200-160","강원특별자치도 춘천시 후평동 731-5","강원특별자치도 춘천시 삭주로194번길 12  (후평동)","","(주)새한종합기술공단","2003-01-16 09:56:04","U","2025-07-29 02:40:00","폐기물 처리 및 오염방지시설 건설업","266081.63740678","487260.812925253","분뇨등설계시공업관리","폐기물 처리 및 오염방지시설 건설업","","","","0","","0",
"29","단독정화조/오수처리시설설계시공업","09_30_07_P","4181000","418100054199900005","1999-05-28","","03","폐업","2","폐업","2001-06-15","","","","033 2551256","","200-950","강원특별자치도 춘천시 효자동 751-18","강원특별자치도 춘천시 전원길 50  (효자동)","","(주)호반환경건설","2007-01-19 09:26:47","U","2025-07-29 02:40:00","폐기물 처리 및 오염방지시설 건설업","265048.209014921","486531.157340417","분뇨등설계시공업관리","폐기물 처리 및 오염방지시설 건설업","","","","0","","0",
"30","단독정화조/오수처리시설설계시공업","09_30_07_P","4181000","418100054199900006","1999-10-16","","03","폐업","2","폐업","2004-06-21","","","","033 2537101","","200-160","강원특별자치도 춘천시 후평동 701-1","강원특별자치도 춘천시 후석로 328  (후평동)","","(주)대건","2004-06-21 15:00:39","U","2025-07-29 02:40:00","폐기물 처리 및 오염방지시설 건설업","265899.61864059","486687.300348545","분뇨등설계시공업관리","폐기물 처리 및 오염방지시설 건설업","","","","0","","0",
"31","단독정화조/오수처리시설설계시공업","09_30_07_P","4181000","418100054199900007","1999-01-29","","03","폐업","2","폐업","2004-07-09","","","","","","200-943","강원특별자치도 춘천시 퇴계동 704","","","경림종합건설(주)","2004-07-09 17:11:35","U","2025-07-29 02:40:00","하수처리, 폐기물처리 및 청소관련 서비스업","","","분뇨등설계시공업관리","하수처리, 폐기물처리 및 청소관련 서비스업","","","","0","","0",
"32","단독정화조/오수처리시설설계시공업","09_30_07_P","4181000","418100054200000001","2000-02-11","","03","폐업","2","폐업","2005-04-12","","","","033 2424679","","200-010","강원특별자치도 춘천시 옥천동 1 한림대학교 강의동 7621호","강원특별자치도 춘천시 봉의산길22번길 29  (옥천동,한림대학교 강의동 7621호)","","아성N·M·T(주)","2005-04-13 11:46:22","U","2025-07-29 02:40:00","폐기물 처리 및 오염방지시설 건설업","264548.443504906","487261.17884438","분뇨등설계시공업관리","폐기물 처리 및 오염방지시설 건설업","","","","0","","0",
"33","단독정화조/오수처리시설설계시공업","09_30_07_P","4181000","418100054200000002","2000-05-15","","03","폐업","2","폐업","2003-04-14","","","","033 2628151","","200-943","강원특별자치도 춘천시 퇴계동 79 퇴계타운 411호","강원특별자치도 춘천시 안마산로 213  (퇴계동,퇴계타운 411호)","","(주)크린테크","2007-01-19 09:37:07","U","2025-07-29 02:40:00","폐기물 처리 및 오염방지시설 건설업","264855.838698284","483301.263496797","분뇨등설계시공업관리","폐기물 처리 및 오염방지시설 건설업","","","","0","","0",
"34","단독정화조/오수처리시설설계시공업","09_30_07_P","4181000","418100054200000003","2000-08-04","","03","폐업","2","폐업","2004-06-24","","","","033 2618544","","200-840","강원특별자치도 춘천시 동산면 조양리 252-1","강원특별자치도 춘천시 동산면 영서로 81-28","","(주)청정엔바텍","2004-06-24 19:06:22","U","2025-07-29 02:40:00","폐기물 처리 및 오염방지시설 건설업","272385.746882159","471978.643254224","분뇨등설계시공업관리","폐기물 처리 및 오염방지시설 건설업","","","","0","","0",
"35","단독정화조/오수처리시설설계시공업","09_30_07_P","4181000","418100054200000004","2000-08-04","","03","폐업","2","폐업","2001-12-16","","","","033 2436255","","200-937","강원특별자치도 춘천시 온의동 22-1","","","(주)경림환경건설","2001-12-19 15:16:03","U","2025-07-29 02:40:00","폐기물 처리 및 오염방지시설 건설업","","","분뇨등설계시공업관리","폐기물 처리 및 오염방지시설 건설업","","","","0","","0",
"36","단독정화조/오수처리시설설계시공업","09_30_07_P","4181000","418100054200100001","2001-04-30","","03","폐업","2","폐업","2002-12-26","","","","033 2560555","","200-160","강원특별자치도 춘천시 후평동 878-11","강원특별자치도 춘천시 세실로 198  (후평동)","","(주)우리종합토건","2003-01-05 19:02:07","U","2025-07-29 02:40:00","폐기물 처리 및 오염방지시설 건설업","266620.376297346","486078.437470823","분뇨등설계시공업관리","폐기물 처리 및 오염방지시설 건설업","","","","0","","0",
"37","단독정화조/오수처리시설설계시공업","09_30_07_P","4181000","418100054200100002","2001-02-01","","03","폐업","2","폐업","2001-12-16","","","","033 2416255","","200-937","강원특별자치도 춘천시 온의동 22-1","","","연승건설(주)","2001-12-19 15:22:32","U","2025-07-29 02:40:00","폐기물 처리 및 오염방지시설 건설업","","","분뇨등설계시공업관리","폐기물 처리 및 오염방지시설 건설업","","","","0","","0",
"38","단독정화조/오수처리시설설계시공업","09_30_07_P","4181000","418100054200100003","2001-03-02","","03","폐업","2","폐업","2005-12-30","","","","033 2436561","","200-130","강원특별자치도 춘천시 근화동 787-1","강원특별자치도 춘천시 영서로 2596  (근화동)","","(주)지이엔","2007-01-15 18:45:47","U","2025-07-29 02:40:00","폐기물 처리 및 오염방지시설 건설업","263117.188012922","487641.766644143","분뇨등설계시공업관리","폐기물 처리 및 오염방지시설 건설업","","","","0","","0",
"39","단독정화조/오수처리시설설계시공업","09_30_07_P","4181000","418100054200100004","2001-03-10","","03","폐업","2","폐업","2003-01-29","","","","033 2640155","","200-170","강원특별자치도 춘천시 퇴계동 860-4","강원특별자치도 춘천시 퇴계농공로 118  (퇴계동)","","(주)경동이엔씨","2003-01-30 13:45:24","U","2025-07-29 02:40:00","폐기물 처리 및 오염방지시설 건설업","265035.065252227","482597.730738469","분뇨등설계시공업관리","폐기물 처리 및 오염방지시설 건설업","","","","0","","0",
"40","단독정화조/오수처리시설설계시공업","09_30_07_P","4181000","418100054200100005","2001-03-06","","03","폐업","2","폐업","2003-03-08","","","","033 2425991","","200-010","강원특별자치도 춘천시 옥천동 40-2","강원특별자치도 춘천시 중앙로27번길 11-5  (옥천동)","","(주)조강","2003-03-10 21:59:49","U","2025-07-29 02:40:00","폐기물 처리 및 오염방지시설 건설업","264125.914740298","486887.75062628","분뇨등설계시공업관리","폐기물 처리 및 오염방지시설 건설업","","","","0","","0",
"41","단독정화조/오수처리시설설계시공업","09_30_07_P","4181000","418100054200100006","2001-06-11","","03","폐업","2","폐업","2004-05-10","","","","","","200-030","강원특별자치도 춘천시 요선동 4-13","강원특별자치도 춘천시 중앙로 18  (요선동)","","(합)강산산업환경","2004-05-11 08:53:08","U","2025-07-29 02:40:00","폐기물 처리 및 오염방지시설 건설업","264034.46794701","486982.282234929","분뇨등설계시공업관리","폐기물 처리 및 오염방지시설 건설업","","","","0","","0",
"42","단독정화조/오수처리시설설계시공업","09_30_07_P","4181000","418100054200100007","2001-09-19","","03","폐업","2","폐업","2002-10-22","","","","","","200-092","강원특별자치도 춘천시 효자동 708","강원특별자치도 춘천시 공지로 305  (효자동)","","대정건설(주)","2007-01-19 09:29:06","U","2025-07-29 02:40:00","환경상담 및 관련 엔지니어링 서비스업","264312.5178044","485239.21704575","분뇨등설계시공업관리","환경상담 및 관련 엔지니어링 서비스업","","","","0","","0",
"43","단독정화조/오수처리시설설계시공업","09_30_07_P","4181000","418100054200100008","2001-11-16","","03","폐업","2","폐업","2002-12-27","","","","","","200-853","강원특별자치도 춘천시 동면 장학리 224-2","강원특별자치도 춘천시 동면 춘천로 514","","호반정화조건설","2016-03-03 14:23:23","U","2025-07-29 02:40:00","","266910.442508995","488303.779835994","분뇨등설계시공업관리","","","","","0","","0",
"44","단독정화조/오수처리시설설계시공업","09_30_07_P","4181000","418100054200200001","2002-02-02","","03","폐업","2","폐업","2013-06-24","","","","033-262-8620","","200-911","강원특별자치도 춘천시 남산면 창촌리 300-18","강원특별자치도 춘천시 남산면 보매기길 69","","(주)한경이-텍","2013-07-17 09:34:52","I","2023-06-13 00:00:00","","256308.37030504","475815.245946418","분뇨등설계시공업관리","","","","","0","","0",
"45","단독정화조/오수처리시설설계시공업","09_30_07_P","4181000","418100054200200002","2002-03-15","","03","폐업","2","폐업","2005-06-18","","","","","","200-220","강원특별자치도 춘천시 칠전동 590-1","강원특별자치도 춘천시 칠전서2길 5  (칠전동)","","황주건설(주)","2005-06-20 17:04:31","U","2025-07-29 02:40:00","하수처리, 폐기물처리 및 청소관련 서비스업","262704.885","482369.5","분뇨등설계시공업관리","하수처리, 폐기물처리 및 청소관련 서비스업","","","","0","","0",
"46","단독정화조/오수처리시설설계시공업","09_30_07_P","4181000","418100054200200003","2002-05-03","","03","폐업","2","폐업","2005-09-07","","","","","","200-190","강원특별자치도 춘천시 온의동 572","강원특별자치도 춘천시 스포츠타운길 528-12  (온의동)","","(주)세림종합건설","2007-01-15 18:47:03","U","2025-07-29 02:40:00","그외 기타 분류안된 모든 서비스업","262835.662792547","485225.484060736","분뇨등설계시공업관리","그외 기타 분류안된 모든 서비스업","","","","0","","0",
"47","단독정화조/오수처리시설설계시공업","09_30_07_P","4181000","418100054200200004","2002-05-28","","03","폐업","2","폐업","2002-08-26","","","","","","200-090","강원특별자치도 춘천시 효자동 162-6","강원특별자치도 춘천시 효제길 36  (효자동)","","(주)호반이엔텍","2002-08-26 22:03:33","U","2025-07-29 02:40:00","하수, 분뇨 및 축산폐기물 처리업","264780.354280548","485632.15018408","분뇨등설계시공업관리","하수, 분뇨 및 축산폐기물 처리업","","","","0","","0",
"48","단독정화조/오수처리시설설계시공업","09_30_07_P","4181000","418100054200200005","2002-12-03","","03","폐업","2","폐업","2006-09-05","","","","","","200-030","강원특별자치도 춘천시 요선동 12-2","강원특별자치도 춘천시 소양고개길 50  (요선동)","","(주)경동테크","2007-01-15 13:38:10","U","2025-07-29 02:40:00","환경상담 및 관련 엔지니어링 서비스업","263885.897682568","486855.695116577","분뇨등설계시공업관리","환경상담 및 관련 엔지니어링 서비스업","","","","0","","0",
"49","단독정화조/오수처리시설설계시공업","09_30_07_P","4181000","418100054200200006","2002-09-25","","03","폐업","2","폐업","2006-10-04","","","","","","200-030","강원특별자치도 춘천시 요선동 4-9","","","(주)우대기술단","2006-10-11 10:18:03","U","2025-07-29 02:40:00","환경상담 및 관련 엔지니어링 서비스업","264031.06629739","487005.67164652","분뇨등설계시공업관리","환경상담 및 관련 엔지니어링 서비스업","","","","0","","0",
"50","단독정화조/오수처리시설설계시공업","09_30_07_P","4181000","418100054200300001","2003-04-24","","03","폐업","2","폐업","2006-06-16","","","","033 244 4285","","200-113","강원특별자치도 춘천시 소양로3가 175-1","","","태동개발(주)","2006-06-16 18:05:22","U","2025-07-29 02:40:00","","","","분뇨등설계시공업관리","","","","","0","","0",
"51","단독정화조/오수처리시설설계시공업","09_30_07_P","4181000","418100054200400001","2004-12-30","","03","폐업","2","폐업","2006-06-19","","","","033 261 6211","","200-842","강원특별자치도 춘천시 동산면 조양리 252-1","강원특별자치도 춘천시 동산면 영서로 81-28","","명진이엔지(주)","2007-01-15 13:26:07","U","2025-07-29 02:40:00","","272385.746882159","471978.643254224","분뇨등설계시공업관리","","","","","0","","0",
"52","단독정화조/오수처리시설설계시공업","09_30_07_P","4181000","418100054200600001","2006-07-13","","03","폐업","2","폐업","2006-10-23","","","","033 244 4285","","200-111","강원특별자치도 춘천시 소양로1가 100-1    2층","","","태동환건설(주)","2006-10-24 09:58:14","U","2025-07-29 02:40:00","","","","분뇨등설계시공업관리","","","","","0","","0",
"53","단독정화조/오수처리시설설계시공업","09_30_07_P","4181000","418100054201000001","2010-10-28","","03","폐업","2","폐업","2018-06-21","","","","0332551997","","200-959","강원특별자치도 춘천시 후평동 727","강원특별자치도 춘천시 춘천로 334  (후평동)","","(주)진화기술공사","2019-03-21 11:12:58","U","2025-07-29 02:40:00","하수처리, 폐기물처리 및 청소관련 서비스업","265824.045528549","487019.167362156","분뇨등설계시공업관리","하수처리, 폐기물처리 및 청소관련 서비스업","","","","0","","0",
"54","단독정화조/오수처리시설설계시공업","09_30_07_P","4181000","418100054200400002","2004-12-30","","03","폐업","4","폐쇄","","","","","033 261 6211","","200-842","강원특별자치도 춘천시 동산면 조양리","","","명진이엔지(주)**","2012-01-27 09:50:37","I","2023-06-13 00:00:00","","","","분뇨등설계시공업관리","","","","","0","","0",
"55","단독정화조/오수처리시설설계시공업","09_30_07_P","4181000","418100054201000002","2010-01-28","","03","폐업","4","폐쇄","","","","","0332551997","","200-959","강원특별자치도 춘천시 후평동 727","강원특별자치도 춘천시 춘천로 334  (후평동)","","이중등록)","2010-01-29 09:42:52","I","2023-06-13 00:00:00","","265824.045528549","487019.167362156","분뇨등설계시공업관리","","","","","0","","0",
"56","단독정화조/오수처리시설설계시공업","09_30_07_P","4191000","419100054201400002","2014-10-24","","01","영업/정상","11","영업","","","","","0337663930","","","강원특별자치도 원주시 단구동 1585-1 카페 DEE","강원특별자치도 원주시 구곡길 67, 카페 DEE (단구동)","26486","(자)동해ENG","2025-07-10 11:01:58","U","2025-07-12 02:40:00","토목시설물 건설업","284159.110762438","425113.945253652","분뇨등설계시공업관리","토목시설물 건설업","","","","0","","0",
"57","단독정화조/오수처리시설설계시공업","09_30_07_P","4191000","419100054201900001","2019-03-12","","01","영업/정상","11","영업","","","","","033-763-2467","","","강원특별자치도 원주시 반곡동 1809-11 엔터비즈타워 B동 712호","강원특별자치도 원주시 입춘로 45, 엔터비즈타워 B동 712호 (반곡동)","26460","(주)지텍이앤씨","2023-09-06 13:55:54","U","2023-09-08 02:40:00","","286650.196160256","425529.258545694","분뇨등설계시공업관리","","","","","0","","0",
"58","단독정화조/오수처리시설설계시공업","09_30_07_P","4191000","419100054202000001","2020-01-15","","01","영업/정상","11","영업","","","","","033-733-7282","","","강원특별자치도 원주시 소초면 수암리 1316","강원특별자치도 원주시 소초면 수래울길 90-10","26308","(주)태신","2024-10-10 08:53:22","U","2025-07-29 02:40:00","환경컨설팅 및 관련 엔지니어링 서비스업","286594.997983386","433027.264752162","분뇨등설계시공업관리","환경컨설팅 및 관련 엔지니어링 서비스업","","","","0","","0",
"59","단독정화조/오수처리시설설계시공업","09_30_07_P","4191000","419100054201400001","2014-02-27","","01","영업/정상","11","영업","","","","","070-4113-5672","","","강원특별자치도 원주시 흥업면 사제리 209-7","강원특별자치도 원주시 흥업면 원문로 780","26356","가람환경 주식회사","2023-05-18 18:04:16","U","2025-07-29 02:40:00","","279023.557377476","427430.940644019","분뇨등설계시공업관리","","","","","0","","0",
"60","단독정화조/오수처리시설설계시공업","09_30_07_P","4191000","419100054201600003","2016-10-13","","01","영업/정상","11","영업","","","","","732-5600","","","","강원특별자치도 원주시 가매기길 15 (태장동)","26323","국도건설(주)","2021-10-01 13:20:53","I","2023-06-13 00:00:00","","284771.283847228","428781.366297516","분뇨등설계시공업관리","","","","","0","","0",
"61","단독정화조/오수처리시설설계시공업","09_30_07_P","4191000","419100054200200006","2002-03-06","","03","폐업","2","폐업","2021-09-03","","","","033-764-3744","","","강원특별자치도 원주시 관설동 1678-8","강원특별자치도 원주시 단관길 137 (관설동)","26471","남광건설(주)","2021-09-03 17:43:29","I","2023-06-13 00:00:00","","285082.521192255","424656.204520832","분뇨등설계시공업관리","","","","","0","","0",
"62","단독정화조/오수처리시설설계시공업","09_30_07_P","4191000","419100054200200007","2002-03-14","","03","폐업","2","폐업","2008-12-17","","","","","","220-952","강원특별자치도 원주시 우산동 405-29","","","대상엔지니어링(주)","2010-02-16 17:58:41","I","2023-06-13 00:00:00","","","","분뇨등설계시공업관리","","","","","0","","0",
"63","단독정화조/오수처리시설설계시공업","09_30_07_P","4191000","419100054200200008","2002-04-17","","03","폐업","2","폐업","2003-12-29","","","","","","220-957","강원특별자치도 원주시 일산동 189-27","","","(합)광일종합환경","2003-12-30 10:54:22","U","2025-07-29 02:40:00","하수, 분뇨 및 축산폐기물 처리업","","","분뇨등설계시공업관리","하수, 분뇨 및 축산폐기물 처리업","","","","0","","0",
"64","단독정화조/오수처리시설설계시공업","09_30_07_P","4191000","419100054200200009","2002-06-04","","03","폐업","2","폐업","2010-02-19","","","","","","220-833","강원특별자치도 원주시 소초면 장양리 547-4","","","덕영건설(주)","2014-01-02 11:30:00","I","2023-06-13 00:00:00","하수, 분뇨 및 축산폐기물 처리업","","","분뇨등설계시공업관리","하수, 분뇨 및 축산폐기물 처리업","","","","0","","0",
"65","단독정화조/오수처리시설설계시공업","09_30_07_P","4191000","419100054200200010","2002-06-04","","03","폐업","2","폐업","2003-12-29","","","","","","220-962","강원특별자치도 원주시 태장동 1720-38","","","녹색사람들(주)","2003-12-30 10:58:15","U","2025-07-29 02:40:00","하수, 분뇨 및 축산폐기물 처리업","283509.787598439","433961.096678952","분뇨등설계시공업관리","하수, 분뇨 및 축산폐기물 처리업","","","","0","","0",
"66","단독정화조/오수처리시설설계시공업","09_30_07_P","4191000","419100054200200011","2002-08-28","","03","폐업","2","폐업","2004-04-01","","","","","","220-935","강원특별자치도 원주시 단계동 485-3","","","(합자)수정개발","2004-04-01 18:11:50","U","2025-07-29 02:40:00","하수, 분뇨 및 축산폐기물 처리업","","","분뇨등설계시공업관리","하수, 분뇨 및 축산폐기물 처리업","","","","0","","0",
"67","단독정화조/오수처리시설설계시공업","09_30_07_P","4191000","419100054200200012","2002-09-02","","03","폐업","2","폐업","2005-04-07","","","","","","220-957","강원특별자치도 원주시 일산동 234-1","","","(주)신도건설","2005-04-07 14:15:38","U","2025-07-29 02:40:00","하수, 분뇨 및 축산폐기물 처리업","","","분뇨등설계시공업관리","하수, 분뇨 및 축산폐기물 처리업","","","","0","","0",
"68","단독정화조/오수처리시설설계시공업","09_30_07_P","4191000","419100054200200013","2002-12-18","","03","폐업","2","폐업","2010-04-01","","","","","","220-170","강원특별자치도 원주시 반곡동 1548-4","","","(주)에스피씨","2014-01-02 11:30:20","I","2023-06-13 00:00:00","하수, 분뇨 및 축산폐기물 처리업","","","분뇨등설계시공업관리","하수, 분뇨 및 축산폐기물 처리업","","","","0","","0",
"69","단독정화조/오수처리시설설계시공업","09_30_07_P","4191000","419100054200300001","2003-01-24","","03","폐업","2","폐업","2005-09-13","","","","","","220-833","강원특별자치도 원주시 소초면 수암리 1347","강원특별자치도 원주시 소초면 치악로 2455","","성우환경기계(주)","2005-09-14 08:33:16","U","2025-07-29 02:40:00","하수, 분뇨 및 축산폐기물 처리업","286975.028757928","432705.784433948","분뇨등설계시공업관리","하수, 분뇨 및 축산폐기물 처리업","","","","0","","0",
"70","단독정화조/오수처리시설설계시공업","09_30_07_P","4191000","419100054200300002","2003-03-25","","03","폐업","2","폐업","2009-05-06","","","","","","220-926","강원특별자치도 원주시 호저면 주산리 113","","","아신환경플랜트","2010-02-19 10:45:20","I","2023-06-13 00:00:00","","282134.620274067","435580.416678042","분뇨등설계시공업관리","","","","","0","","0",
"71","단독정화조/오수처리시설설계시공업","09_30_07_P","4191000","419100054200300003","2003-04-15","","03","폐업","2","폐업","2003-12-29","","","","","","220-932","강원특별자치도 원주시 개운동 442-3","","","(주)경천환경","2003-12-30 10:56:07","U","2025-07-29 02:40:00","하수, 분뇨 및 축산폐기물 처리업","","","분뇨등설계시공업관리","하수, 분뇨 및 축산폐기물 처리업","","","","0","","0",
"72","단독정화조/오수처리시설설계시공업","09_30_07_P","4191000","419100054200300004","2003-04-15","","03","폐업","2","폐업","2003-09-18","","","","","","220-940","강원특별자치도 원주시 단구동 74-34","","","(주)대성메디아","2003-09-18 16:56:12","U","2025-07-29 02:40:00","하수, 분뇨 및 축산폐기물 처리업","","","분뇨등설계시공업관리","하수, 분뇨 및 축산폐기물 처리업","","","","0","","0",
"73","단독정화조/오수처리시설설계시공업","09_30_07_P","4191000","419100054200300005","2003-05-15","","03","폐업","2","폐업","2010-02-19","","","","","","220-922","강원특별자치도 원주시 호저면 광격리 946-7","","","(주)맑은물","2010-02-19 13:36:21","U","2025-07-29 02:40:00","하수, 분뇨 및 축산폐기물 처리업","","","분뇨등설계시공업관리","하수, 분뇨 및 축산폐기물 처리업","","","","0","","0",
"74","단독정화조/오수처리시설설계시공업","09_30_07_P","4191000","419100054200300006","2003-07-25","","03","폐업","2","폐업","2004-03-19","","","","","","220-020","강원특별자치도 원주시 평원동 144-21","","","뉴원주건설(주)","2004-03-19 14:17:57","U","2025-07-29 02:40:00","하수, 분뇨 및 축산폐기물 처리업","","","분뇨등설계시공업관리","하수, 분뇨 및 축산폐기물 처리업","","","","0","","0",
"75","단독정화조/오수처리시설설계시공업","09_30_07_P","4191000","419100054200300007","2003-07-25","","03","폐업","2","폐업","2010-12-29","","","","744-2427","","220-962","강원특별자치도 원주시 태장동 1720-38","강원특별자치도 원주시 태장공단길 51  (태장동)","","(주)한국환경기술","2011-02-22 14:00:01","I","2023-06-13 00:00:00","","283625.699781089","433820.035230822","분뇨등설계시공업관리","","","","","0","","0",
"76","단독정화조/오수처리시설설계시공업","09_30_07_P","4191000","419100054200300008","2003-11-21","","03","폐업","2","폐업","2004-10-22","","","","","","220-952","강원특별자치도 원주시 우산동 76-6","","","(주)우주건설환경사업부","2004-10-22 15:47:51","U","2025-07-29 02:40:00","하수, 분뇨 및 축산폐기물 처리업","","","분뇨등설계시공업관리","하수, 분뇨 및 축산폐기물 처리업","","","","0","","0",
"77","단독정화조/오수처리시설설계시공업","09_30_07_P","4191000","419100054200300009","2004-02-05","","03","폐업","2","폐업","2010-02-19","","","","","","220-939","강원특별자치도 원주시 단계동 895-6","","","(주)크린테크","2014-01-02 11:30:43","I","2023-06-13 00:00:00","하수, 분뇨 및 축산폐기물 처리업","","","분뇨등설계시공업관리","하수, 분뇨 및 축산폐기물 처리업","","","","0","","0",
"78","단독정화조/오수처리시설설계시공업","09_30_07_P","4191000","419100054200400001","2004-01-09","","03","폐업","2","폐업","2004-12-29","","","","","","220-957","강원특별자치도 원주시 일산동 189-27","","","광일종합환경","2004-12-29 14:31:43","U","2025-07-29 02:40:00","하수, 분뇨 및 축산폐기물 처리업","","","분뇨등설계시공업관리","하수, 분뇨 및 축산폐기물 처리업","","","","0","","0",
"79","단독정화조/오수처리시설설계시공업","09_30_07_P","4191000","419100054200400002","2004-02-20","","03","폐업","2","폐업","2010-02-19","","","","","","220-962","강원특별자치도 원주시 태장동 1379-4","","","지구환경엔지니어링","2014-01-02 11:30:57","I","2023-06-13 00:00:00","하수, 분뇨 및 축산폐기물 처리업","283930.336891135","431834.400099925","분뇨등설계시공업관리","하수, 분뇨 및 축산폐기물 처리업","","","","0","","0",
"80","단독정화조/오수처리시설설계시공업","09_30_07_P","4191000","419100054200400003","2004-06-11","","03","폐업","2","폐업","2008-11-11","","","","","","220-930","강원특별자치도 원주시 개운동 391-12","","","(주)정우환경산업","2008-11-11 17:56:28","I","2023-06-13 00:00:00","","","","분뇨등설계시공업관리","","","","","0","","0",
"81","단독정화조/오수처리시설설계시공업","09_30_07_P","4191000","419100054200500001","2005-04-14","","03","폐업","2","폐업","2010-05-06","","","","033 763 8700","","220-940","강원특별자치도 원주시 단구동 75-1","","","(주)영동환경건설","2010-05-22 14:38:32","I","2023-06-13 00:00:00","","","","분뇨등설계시공업관리","","","","","0","","0",
"82","단독정화조/오수처리시설설계시공업","09_30_07_P","4191000","419100054200500002","2005-05-13","","03","폐업","2","폐업","2009-01-22","","","","","","220-952","강원특별자치도 원주시 우산동 75-4","강원특별자치도 원주시 북원로 2531  (우산동)","","(주)중원건설","2009-01-23 10:08:26","U","2025-07-29 02:40:00","","283273.665091982","430245.004324131","분뇨등설계시공업관리","","","","","0","","0",
"83","단독정화조/오수처리시설설계시공업","09_30_07_P","4191000","419100054200500003","2005-09-11","","03","폐업","2","폐업","2008-12-31","","","","","","220-150","강원특별자치도 원주시 무실동 239","","","(주)청경","2010-02-19 11:49:56","I","2023-06-13 00:00:00","","","","분뇨등설계시공업관리","","","","","0","","0",
"84","단독정화조/오수처리시설설계시공업","09_30_07_P","4191000","419100054200600001","2006-09-07","","03","폐업","2","폐업","2006-12-29","","","","","","220-041","강원특별자치도 원주시 명륜동 394","강원특별자치도 원주시 남원로527번길 82-2  (명륜동)","","주식회사 을묘건설","2014-02-22 15:10:13","I","2023-06-13 00:00:00","","283425.770605812","426296.960248652","분뇨등설계시공업관리","","","","","0","","0",
"85","단독정화조/오수처리시설설계시공업","09_30_07_P","4191000","419100054200700001","2007-01-24","","03","폐업","2","폐업","2009-05-06","","","","","","220-120","강원특별자치도 원주시 태장동 1720-38","강원특별자치도 원주시 태장공단길 51  (태장동)","","(주)아신환경플랜트","2009-05-06 16:36:08","I","2023-06-13 00:00:00","","283625.699781089","433820.035230822","분뇨등설계시공업관리","","","","","0","","0",
"86","단독정화조/오수처리시설설계시공업","09_30_07_P","4191000","419100054200800001","2008-02-26","","03","폐업","2","폐업","2010-04-08","","","","7637335","","220-160","강원특별자치도 원주시 행구동 1117-11","강원특별자치도 원주시 운곡로 46  (행구동)","","(합)두손","2010-04-15 13:18:08","I","2023-06-13 00:00:00","","288302.226267779","427664.251705926","분뇨등설계시공업관리","","","","","0","","0",
"87","단독정화조/오수처리시설설계시공업","09_30_07_P","4191000","419100054200900001","2009-01-12","","03","폐업","2","폐업","2010-04-01","","","","7312360","","220-833","강원특별자치도 원주시 소초면 장양리 92-4","강원특별자치도 원주시 소초면 섬배로 36","","(주)메덱스이엔씨","2010-04-01 12:51:42","I","2023-06-13 00:00:00","","285515.492393187","435936.763112233","분뇨등설계시공업관리","","","","","0","","0",
"88","단독정화조/오수처리시설설계시공업","09_30_07_P","4191000","419100054200900002","2009-07-15","","03","폐업","2","폐업","2012-01-30","","","","033-731-5584","","220-957","강원특별자치도 원주시 일산동 189-27","강원특별자치도 원주시 천사로 175 (일산동)","220-957","광일종합환경","2012-01-30 14:41:31","U","2025-07-29 02:40:00","","283541.898373253","427981.990238698","분뇨등설계시공업관리","","","","","0","","0",
"89","단독정화조/오수처리시설설계시공업","09_30_07_P","4191000","419100054200900003","2009-12-17","","03","폐업","2","폐업","2010-04-01","","","","7632467","","220-934","강원특별자치도 원주시 관설동 1728-6","강원특별자치도 원주시 관설안길 15-8  (관설동)","","(주)지텍","2010-04-01 12:50:56","I","2023-06-13 00:00:00","건축설계 및 관련 서비스업","285196.557453058","424387.298703139","분뇨등설계시공업관리","건축설계 및 관련 서비스업","","","","0","","0",
"90","단독정화조/오수처리시설설계시공업","09_30_07_P","4191000","419100054201100001","2011-02-22","","03","폐업","2","폐업","2014-01-02","","","","0337456617","","220-962","강원특별자치도 원주시 태장동 1720-4","강원특별자치도 원주시 태장공단길 59 (태장동)","220-962","(주)태산수기","2014-01-02 13:44:37","U","2025-07-29 02:40:00","폐기물 처리 및 오염방지시설 건설업","283462.589256302","433927.581681106","분뇨등설계시공업관리","폐기물 처리 및 오염방지시설 건설업","","","","0","","0",
"91","단독정화조/오수처리시설설계시공업","09_30_07_P","4191000","419100054199800001","1998-11-25","","03","폐업","2","폐업","2010-02-19","","","","","","220-120","강원특별자치도 원주시 태장동 1720-7","","","(주)수정환경기술","2014-01-02 11:28:06","I","2023-06-13 00:00:00","","283509.787598439","433961.096678952","분뇨등설계시공업관리","","","","","0","","0",
"92","단독정화조/오수처리시설설계시공업","09_30_07_P","4191000","419100054200000002","1999-03-24","","03","폐업","2","폐업","2004-03-10","","","","","","220-942","강원특별자치도 원주시 단구동 586-11","","","(주)신원","2014-01-02 11:28:33","I","2023-06-13 00:00:00","하수, 분뇨 및 축산폐기물 처리업","","","분뇨등설계시공업관리","하수, 분뇨 및 축산폐기물 처리업","","","","0","","0",
"93","단독정화조/오수처리시설설계시공업","09_30_07_P","4191000","419100054200000005","1999-02-25","","03","폐업","2","폐업","2002-12-11","","","","","","220-952","강원특별자치도 원주시 우산동 405-29","","","(주)우주건설","2002-12-11 13:49:00","U","2025-07-29 02:40:00","하수, 분뇨 및 축산폐기물 처리업","","","분뇨등설계시공업관리","하수, 분뇨 및 축산폐기물 처리업","","","","0","","0",
"94","단독정화조/오수처리시설설계시공업","09_30_07_P","4191000","419100054200100001","2001-05-10","","03","폐업","2","폐업","2010-02-19","","","","","","220-951","강원특별자치도 원주시 봉산동 1057-4","","","(주)장산환경건설","2014-01-02 11:28:49","I","2023-06-13 00:00:00","폐기물 처리 및 오염방지시설 건설업","","","분뇨등설계시공업관리","폐기물 처리 및 오염방지시설 건설업","","","","0","","0",
"95","단독정화조/오수처리시설설계시공업","09_30_07_P","4191000","419100054200100003","2000-11-02","","03","폐업","2","폐업","2010-02-19","","","","","","220-947","강원특별자치도 원주시 명륜동 311-22","","","(주)동해이엔씨","2014-01-02 11:29:07","I","2023-06-13 00:00:00","하수, 분뇨 및 축산폐기물 처리업","","","분뇨등설계시공업관리","하수, 분뇨 및 축산폐기물 처리업","","","","0","","0",
"96","단독정화조/오수처리시설설계시공업","09_30_07_P","4191000","419100054200100007","1996-03-28","","03","폐업","2","폐업","2003-03-25","","","","","","220-150","강원특별자치도 원주시 무실동 448","","","경원환경(주)","2014-01-02 11:29:30","I","2023-06-13 00:00:00","하수, 분뇨 및 축산폐기물 처리업","","","분뇨등설계시공업관리","하수, 분뇨 및 축산폐기물 처리업","","","","0","","0",
"97","단독정화조/오수처리시설설계시공업","09_30_07_P","4191000","419100054200100008","1997-05-15","","03","폐업","2","폐업","2004-01-13","","","","","","220-912","강원특별자치도 원주시 판부면 서곡리 553-17","","","(합)성진환경플랜트","2004-01-13 13:45:56","U","2025-07-29 02:40:00","하수, 분뇨 및 축산폐기물 처리업","","","분뇨등설계시공업관리","하수, 분뇨 및 축산폐기물 처리업","","","","0","","0",
"98","단독정화조/오수처리시설설계시공업","09_30_07_P","4191000","419100054201100002","2011-05-23","","03","폐업","2","폐업","2013-04-22","","","","033-766-3930","","220-160","강원특별자치도 원주시 행구동 530-8","강원특별자치도 원주시 아랫거름터길 28 (행구동)","220-160","(자)동해ENG","2013-04-23 20:27:36","I","2023-06-13 00:00:00","환경상담 및 관련 엔지니어링 서비스업","288523.495872162","428297.138727407","분뇨등설계시공업관리","환경상담 및 관련 엔지니어링 서비스업","","","","0","","0",
"99","단독정화조/오수처리시설설계시공업","09_30_07_P","4191000","419100054201200001","2012-06-15","","03","폐업","2","폐업","2013-02-18","","","","732-5600","","","","강원특별자치도 원주시 가매기길 15 (태장동)","220-966","국도건설(주)","2013-03-11 10:56:14","U","2024-10-18 02:40:00","","284771.283847228","428781.366297516","분뇨등설계시공업관리","","","","","0","","0",
"100","단독정화조/오수처리시설설계시공업","09_30_07_P","4191000","419100054201500001","2015-08-28","","03","폐업","2","폐업","2017-07-18","","","","0337632467","","","","강원특별자치도 원주시 무실로 106 (일산동)","26427","(주)지텍","2017-07-19 09:36:41","U","2025-07-29 02:40:00","하수 처리업","283545.657443427","427370.40082975","분뇨등설계시공업관리","하수 처리업","","","","0","","0",
"101","단독정화조/오수처리시설설계시공업","09_30_07_P","4191000","419100054201500002","2015-09-14","","03","폐업","2","폐업","2022-12-28","","","","033-733-4292","","","강원특별자치도 원주시 소초면 수암리 755-2","강원특별자치도 원주시 소초면 치악로 2554","26308","(주)혜성산업","2022-12-29 09:28:44","U","2024-10-18 02:40:00","환경컨설팅 및 관련 엔지니어링 서비스업","287586.80993373","433474.350879781","분뇨등설계시공업관리","환경컨설팅 및 관련 엔지니어링 서비스업","","","","0","","0",
"102","단독정화조/오수처리시설설계시공업","09_30_07_P","4191000","419100054201600004","2016-10-31","","03","폐업","2","폐업","2020-06-05","","","","0337667307","","","","강원특별자치도 원주시 흥업면 북원로 1389, 406호","26493","(주)위노텍","2020-06-24 10:57:40","U","2025-07-29 02:40:00","","280254.288140415","419626.869610252","분뇨등설계시공업관리","","","","","0","","0",
"103","단독정화조/오수처리시설설계시공업","09_30_07_P","4191000","419100054201700001","2017-06-19","","03","폐업","2","폐업","2018-05-21","","","","033-762-3376","","","","강원특별자치도 원주시 치악로1534번길 9 (단구동)","26452","(주)정우환경산업","2018-05-21 17:07:17","U","2024-10-18 02:40:00","","285514.960563809","424844.257737973","분뇨등설계시공업관리","","","","","0","","0",
"104","단독정화조/오수처리시설설계시공업","09_30_07_P","4191000","419100054201700004","2017-11-13","","03","폐업","2","폐업","2018-08-03","","","","033-763-2467","","","강원특별자치도 원주시 반곡동 1897-4 코아루시티 202호","강원특별자치도 원주시 양지로 58, 202호 (반곡동, 코아루시티)","26462","광명천지(주)","2018-08-03 11:56:32","U","2025-07-29 02:40:00","하수 처리업","287204.787804644","425408.708646717","분뇨등설계시공업관리","하수 처리업","","","","0","","0",
"105","단독정화조/오수처리시설설계시공업","09_30_07_P","4191000","419100054200100009","1999-06-24","","03","폐업","2","폐업","2010-12-28","","","","","","220-100","강원특별자치도 원주시 단계동 888-1","강원특별자치도 원주시 이화6길 32  (단계동)","","(주)천맥","2010-12-29 09:21:23","I","2023-06-13 00:00:00","","282510.340432427","427087.924795734","분뇨등설계시공업관리","","","","","0","","0",
"106","단독정화조/오수처리시설설계시공업","09_30_07_P","4191000","419100054200100010","1996-11-04","","03","폐업","2","폐업","2010-02-19","","","","","","220-939","강원특별자치도 원주시 단계동 888-1","","","(주)태성","2010-02-23 09:30:29","I","2023-06-13 00:00:00","하수, 분뇨 및 축산폐기물 처리업","","","분뇨등설계시공업관리","하수, 분뇨 및 축산폐기물 처리업","","","","0","","0",
"107","단독정화조/오수처리시설설계시공업","09_30_07_P","4191000","419100054200100011","1999-01-14","","03","폐업","2","폐업","2010-02-19","","","","","","220-130","강원특별자치도 원주시 우산동 696-1","","","클린바이오텍(주)","2014-01-02 11:29:43","I","2023-06-13 00:00:00","하수, 분뇨 및 축산폐기물 처리업","","","분뇨등설계시공업관리","하수, 분뇨 및 축산폐기물 처리업","","","","0","","0",
"108","단독정화조/오수처리시설설계시공업","09_30_07_P","4191000","419100054200100012","2001-06-25","","03","폐업","2","폐업","2003-05-12","","","","","","220-020","강원특별자치도 원주시 평원동 144-21","","","평원건설(주)","2003-05-12 14:58:56","U","2025-07-29 02:40:00","하수, 분뇨 및 축산폐기물 처리업","","","분뇨등설계시공업관리","하수, 분뇨 및 축산폐기물 처리업","","","","0","","0",
"109","단독정화조/오수처리시설설계시공업","09_30_07_P","4191000","419100054200100013","1995-12-22","","03","폐업","2","폐업","2005-11-09","","","","","","220-962","강원특별자치도 원주시 태장동 1415","","","영그린환경(주)","2005-11-16 10:10:27","U","2025-07-29 02:40:00","하수, 분뇨 및 축산폐기물 처리업","284177.29772025","431737.058686654","분뇨등설계시공업관리","하수, 분뇨 및 축산폐기물 처리업","","","","0","","0",
"110","단독정화조/오수처리시설설계시공업","09_30_07_P","4191000","419100054200100014","1997-08-18","","03","폐업","2","폐업","2004-06-24","","","","","","220-844","강원특별자치도 원주시 흥업면 흥업리 948-16","","","알켐코리아(주)","2004-06-24 11:05:18","U","2025-07-29 02:40:00","하수, 분뇨 및 축산폐기물 처리업","","","분뇨등설계시공업관리","하수, 분뇨 및 축산폐기물 처리업","","","","0","","0",
"111","단독정화조/오수처리시설설계시공업","09_30_07_P","4191000","419100054200100015","2001-07-19","","03","폐업","2","폐업","2003-01-13","","","","","","220-831","강원특별자치도 원주시 소초면 학곡리 176-5","","","일우공영(주)","2003-01-13 15:42:00","U","2025-07-29 02:40:00","하수, 분뇨 및 축산폐기물 처리업","","","분뇨등설계시공업관리","하수, 분뇨 및 축산폐기물 처리업","","","","0","","0",
"112","단독정화조/오수처리시설설계시공업","09_30_07_P","4191000","419100054200100016","1996-12-16","","03","폐업","2","폐업","2010-04-30","","","","0337663930","","220-160","강원특별자치도 원주시 행구동 530-8","강원특별자치도 원주시 아랫거름터길 28  (행구동)","","(자)동해ENG","2010-05-22 14:24:39","I","2023-06-13 00:00:00","","288523.495872162","428297.138727407","분뇨등설계시공업관리","","","","","0","","0",
"113","단독정화조/오수처리시설설계시공업","09_30_07_P","4191000","419100054200100017","1996-06-16","","03","폐업","2","폐업","2002-08-10","","","","","","220-942","강원특별자치도 원주시 단구동 625-4","","","21세기환경(합)","2002-08-10 10:31:18","U","2025-07-29 02:40:00","하수, 분뇨 및 축산폐기물 처리업","","","분뇨등설계시공업관리","하수, 분뇨 및 축산폐기물 처리업","","","","0","","0",
"114","단독정화조/오수처리시설설계시공업","09_30_07_P","4191000","419100054200100018","1999-05-11","","03","폐업","2","폐업","2010-02-19","","","","","","220-939","강원특별자치도 원주시 단계동 902-2","","","한국환경산업(주)","2010-02-19 14:42:33","I","2023-06-13 00:00:00","하수, 분뇨 및 축산폐기물 처리업","","","분뇨등설계시공업관리","하수, 분뇨 및 축산폐기물 처리업","","","","0","","0",
"115","단독정화조/오수처리시설설계시공업","09_30_07_P","4191000","419100054200100019","2001-03-19","","03","폐업","2","폐업","2007-04-10","","","","","","220-090","강원특별자치도 원주시 단구동 1453-1","","","(주)녹색","2007-04-10 10:16:57","U","2025-07-29 02:40:00","하수, 분뇨 및 축산폐기물 처리업","","","분뇨등설계시공업관리","하수, 분뇨 및 축산폐기물 처리업","","","","0","","0",
"116","단독정화조/오수처리시설설계시공업","09_30_07_P","4191000","419100054200100020","2001-10-06","","03","폐업","2","폐업","2010-04-15","","","","","","220-841","강원특별자치도 원주시 흥업면 대안리 1072","강원특별자치도 원주시 흥업면 대안은행정길 4-5","","(주)타오","2014-02-22 15:09:20","I","2023-06-13 00:00:00","하수, 분뇨 및 축산폐기물 처리업","278453.52491505","422236.444855342","분뇨등설계시공업관리","하수, 분뇨 및 축산폐기물 처리업","","","","0","","0",
"117","단독정화조/오수처리시설설계시공업","09_30_07_P","4191000","419100054200100021","1995-07-19","","03","폐업","2","폐업","2005-05-20","","","","","","220-939","강원특별자치도 원주시 단계동 788-16","","","(주)동양기계","2005-05-20 11:12:36","U","2025-07-29 02:40:00","하수, 분뇨 및 축산폐기물 처리업","","","분뇨등설계시공업관리","하수, 분뇨 및 축산폐기물 처리업","","","","0","","0",
"118","단독정화조/오수처리시설설계시공업","09_30_07_P","4191000","419100054200100022","2001-11-03","","03","폐업","2","폐업","2002-12-23","","","","","","220-836","강원특별자치도 원주시 소초면 흥양리 1613","강원특별자치도 원주시 소초면 치악로 2292-5","","대진건설(주)","2002-12-23 16:21:41","U","2025-07-29 02:40:00","하수, 분뇨 및 축산폐기물 처리업","286105.310543093","431285.940432854","분뇨등설계시공업관리","하수, 분뇨 및 축산폐기물 처리업","","","","0","","0",
"119","단독정화조/오수처리시설설계시공업","09_30_07_P","4191000","419100054200100024","1998-06-27","","03","폐업","2","폐업","2002-03-11","","","","","","220-836","강원특별자치도 원주시 소초면 흥양리 1611-2","","","(합자)녹색환경","2002-03-11 15:45:50","U","2025-07-29 02:40:00","하수, 분뇨 및 축산폐기물 처리업","286035.236759435","431240.170293504","분뇨등설계시공업관리","하수, 분뇨 및 축산폐기물 처리업","","","","0","","0",
"120","단독정화조/오수처리시설설계시공업","09_30_07_P","4191000","419100054200100025","1997-07-21","","03","폐업","2","폐업","2004-11-16","","","","","","220-940","강원특별자치도 원주시 단구동 148-5","","","(합자)강원환경","2004-11-18 11:24:11","U","2025-07-29 02:40:00","하수, 분뇨 및 축산폐기물 처리업","","","분뇨등설계시공업관리","하수, 분뇨 및 축산폐기물 처리업","","","","0","","0",
"121","단독정화조/오수처리시설설계시공업","09_30_07_P","4191000","419100054200200001","1998-02-17","","03","폐업","2","폐업","2004-01-13","","","","","","220-912","강원특별자치도 원주시 판부면 서곡리 553-17","","","(합)성진환경플랜트","2004-01-13 13:47:35","U","2025-07-29 02:40:00","하수, 분뇨 및 축산폐기물 처리업","","","분뇨등설계시공업관리","하수, 분뇨 및 축산폐기물 처리업","","","","0","","0",
"122","단독정화조/오수처리시설설계시공업","09_30_07_P","4191000","419100054200200002","1998-06-27","","03","폐업","2","폐업","2004-01-13","","","","","","220-937","강원특별자치도 원주시 단계동 788-16","","","동양기계(주)","2004-01-27 16:57:12","U","2025-07-29 02:40:00","하수, 분뇨 및 축산폐기물 처리업","","","분뇨등설계시공업관리","하수, 분뇨 및 축산폐기물 처리업","","","","0","","0",
"123","단독정화조/오수처리시설설계시공업","09_30_07_P","4191000","419100054200200003","2002-01-31","","03","폐업","2","폐업","2003-10-28","","","","","","220-805","강원특별자치도 원주시 문막읍 반계리 5-2","","","(주)환경도우미","2003-10-28 19:30:19","U","2025-07-29 02:40:00","하수, 분뇨 및 축산폐기물 처리업","","","분뇨등설계시공업관리","하수, 분뇨 및 축산폐기물 처리업","","","","0","","0",
"124","단독정화조/오수처리시설설계시공업","09_30_07_P","4191000","419100054200200004","2002-02-26","","03","폐업","2","폐업","2004-07-30","","","","","","220-948","강원특별자치도 원주시 명륜동 846-1","","","세방진흥(주)","2004-08-02 14:05:40","U","2025-07-29 02:40:00","하수, 분뇨 및 축산폐기물 처리업","","","분뇨등설계시공업관리","하수, 분뇨 및 축산폐기물 처리업","","","","0","","0",
"125","단독정화조/오수처리시설설계시공업","09_30_07_P","4191000","419100054200200005","2002-02-26","","03","폐업","2","폐업","2004-05-13","","","","","","220-938","강원특별자치도 원주시 단계동 853-5","","","백강건설(주)","2004-05-13 16:51:53","U","2025-07-29 02:40:00","하수, 분뇨 및 축산폐기물 처리업","","","분뇨등설계시공업관리","하수, 분뇨 및 축산폐기물 처리업","","","","0","","0",
"126","단독정화조/오수처리시설설계시공업","09_30_07_P","4191000","419100054200800002","2012-12-10","","01","영업/정상","3","재개업","","","","2014-08-08","033-747-7119","","","강원특별자치도 원주시 흥업면 매지리 71","강원특별자치도 원주시 흥업면 분지동길 111","26494","(주)자연환경","2023-07-04 09:34:43","U","2025-07-29 02:40:00","","282090.25247076","420419.826312244","분뇨등설계시공업관리","","","","","0","","0",
"127","단독정화조/오수처리시설설계시공업","09_30_07_P","4201000","420100054199800005","1998-11-11","","02","휴업","1","휴업","","2010-03-02","2011-03-02","","0336470443","","210-100","강원특별자치도 강릉시 교동 468-42","","","(주)창원","2010-03-03 10:35:23","I","2023-06-13 00:00:00","","","","분뇨등설계시공업관리","","","","","0","","0",
"128","단독정화조/오수처리시설설계시공업","09_30_07_P","4201000","420100054198300001","1983-11-04","","01","영업/정상","11","영업","","","","","","","210-111","강원특별자치도 강릉시 포남동 1299-3","","","(합)신광기업","2006-07-20 15:52:56","I","2023-06-13 00:00:00","","368627.240841244","476250.620665383","분뇨등설계시공업관리","","","","","0","","0",
"129","단독정화조/오수처리시설설계시공업","09_30_07_P","4201000","420100054202000001","2020-05-14","","01","영업/정상","11","영업","","","","","0336443366","","","강원특별자치도 강릉시 구정면 학산리 652","강원특별자치도 강릉시 구정면 오독떼기길 24-8","25623","주식회사 민중환경건설","2024-01-15 14:09:04","U","2024-10-18 02:40:00","","366523.111770332","468452.525779228","분뇨등설계시공업관리","","","","","0","","0",
"130","단독정화조/오수처리시설설계시공업","09_30_07_P","4201000","420100054200800002","2009-01-02","","01","영업/정상","11","영업","","","","","0336626010","","210-805","강원특별자치도 강릉시 주문진읍 장덕리 68-1","강원특별자치도 강릉시 주문진읍 장덕고개길 280","","성천기업(주)","2009-01-02 10:52:35","U","2025-07-29 02:40:00","","358137.602339523","486943.919591339","분뇨등설계시공업관리","","","","","0","","0",
"131","단독정화조/오수처리시설설계시공업","09_30_07_P","4201000","420100054200100001","2001-09-15","","01","영업/정상","11","영업","","","","","033644 3505","","210-070","강원특별자치도 강릉시 용강동 33-4 19통5반","","","똥","2007-08-24 10:45:08","I","2023-06-13 00:00:00","","366573.731549346","474132.946855927","분뇨등설계시공업관리","","","","","0","","0",
"132","단독정화조/오수처리시설설계시공업","09_30_07_P","4201000","420100054200800001","2008-02-05","","01","영업/정상","11","영업","","","","","0336455372","","210-160","강원특별자치도 강릉시 내곡동 342","강원특별자치도 강릉시 남부로18번길 33 (내곡동)","210-160","청록산업","2020-06-16 11:09:13","U","2025-07-29 02:40:00","하수처리, 폐기물처리 및 청소관련 서비스업","365976.614240948","472164.990691972","분뇨등설계시공업관리","하수처리, 폐기물처리 및 청소관련 서비스업","","","","0","","0",
"133","단독정화조/오수처리시설설계시공업","09_30_07_P","4201000","420100054199800016","1998-11-11","","01","영업/정상","11","영업","","","","","","","","강원특별자치도 강릉시 사천면 석교리 613","강원특별자치도 강릉시 사천면 청솔공원길 207-12","","(주)대양 이엔시","2009-01-09 16:55:15","I","2023-06-13 00:00:00","","360745.122179084","482775.080007162","분뇨등설계시공업관리","","","","","0","","0",
"134","단독정화조/오수처리시설설계시공업","09_30_07_P","4201000","420100054200200005","2002-11-01","","03","폐업","2","폐업","2007-11-01","","","","","","210-111","강원특별자치도 강릉시 포남동 1147-2","","","덕영건설(주)","2007-11-01 13:54:36","I","2023-06-13 00:00:00","","368094.120830708","475354.295117288","분뇨등설계시공업관리","","","","","0","","0",
"135","단독정화조/오수처리시설설계시공업","09_30_07_P","4201000","420100054000100001","2004-10-07","","03","폐업","2","폐업","2007-11-01","","","","","","210-080","강원특별자치도 강릉시 임당동 152-1","","","(주)대진환경개발","2007-11-01 13:57:40","I","2023-06-13 00:00:00","하수, 분뇨 및 축산폐기물 처리업","366716.840538223","474021.113209548","분뇨등설계시공업관리","하수, 분뇨 및 축산폐기물 처리업","","","","0","","0",
"136","단독정화조/오수처리시설설계시공업","09_30_07_P","4201000","420100054199500001","1995-01-12","","03","폐업","2","폐업","2007-08-24","","","","","","210-111","강원특별자치도 강릉시 포남동 1123-1","","","태백건설산업(주)","2007-08-24 09:49:49","I","2023-06-13 00:00:00","","367819.408211632","475297.811848016","분뇨등설계시공업관리","","","","","0","","0",
"137","단독정화조/오수처리시설설계시공업","09_30_07_P","4201000","420100054199500002","1995-03-09","","03","폐업","2","폐업","2003-07-09","","","","","","210-111","강원특별자치도 강릉시 포남동 1112-5","","","(주)중원건설","2003-07-09 16:33:25","U","2025-07-29 02:40:00","","367853.971977474","475690.472193567","분뇨등설계시공업관리","","","","","0","","0",
"138","단독정화조/오수처리시설설계시공업","09_30_07_P","4201000","420100054199500003","1995-12-18","","03","폐업","2","폐업","2005-12-31","","","","","","210-102","강원특별자치도 강릉시 교동 213-28","","","(주)한진기업","2008-02-18 11:36:42","I","2023-06-13 00:00:00","","367085.090332539","475135.417684292","분뇨등설계시공업관리","","","","","0","","0",
"139","단독정화조/오수처리시설설계시공업","09_30_07_P","4201000","420100054199500004","1995-07-24","","03","폐업","2","폐업","2011-01-14","","","","","","210-111","강원특별자치도 강릉시 포남동 1299-3","강원특별자치도 강릉시 하평4길 47  (포남동)","","(합)신광기업","2011-01-14 17:32:35","U","2024-10-18 02:40:00","","368627.240841244","476250.620665383","분뇨등설계시공업관리","","","","","0","","0",
"140","단독정화조/오수처리시설설계시공업","09_30_07_P","4201000","420100054199600001","1996-11-04","","03","폐업","2","폐업","2007-08-24","","","","","","210-111","강원특별자치도 강릉시 포남동 1167","강원특별자치도 강릉시 성덕포남로188번길 10  (포남동)","","(주)대성환경","2007-08-24 09:56:16","I","2023-06-13 00:00:00","","368163.108572399","475751.489656379","분뇨등설계시공업관리","","","","","0","","0",
"141","단독정화조/오수처리시설설계시공업","09_30_07_P","4201000","420100054199900004","1999-03-05","","03","폐업","2","폐업","2009-11-02","","","","","","210-926","강원특별자치도 강릉시 내곡동 422-8","강원특별자치도 강릉시 범일로 620  (내곡동)","","153종합건재환경","2009-11-02 17:12:43","U","2025-07-29 02:40:00","","365756.188986263","472775.495851918","분뇨등설계시공업관리","","","","","0","","0",
"142","단독정화조/오수처리시설설계시공업","09_30_07_P","4201000","420100054199900005","1999-07-13","","03","폐업","2","폐업","2009-01-20","","","","","","210-101","강원특별자치도 강릉시 교동 921-18","","","삼원환경","2009-01-22 15:45:38","I","2023-06-13 00:00:00","","366310.621964441","474484.230547418","분뇨등설계시공업관리","","","","","0","","0",
"143","단독정화조/오수처리시설설계시공업","09_30_07_P","4201000","420100054199900006","1999-09-01","","03","폐업","2","폐업","2007-08-24","","","","","","210-100","강원특별자치도 강릉시 교동 921-18","강원특별자치도 강릉시 강릉대로159번길 4  (교동)","","오영환경건설(주)","2007-08-24 10:24:41","I","2023-06-13 00:00:00","","366310.621964441","474484.230547418","분뇨등설계시공업관리","","","","","0","","0",
"144","단독정화조/오수처리시설설계시공업","09_30_07_P","4201000","420100054200000001","2000-02-03","","03","폐업","2","폐업","2007-08-24","","","","033642 7914","","210-010","강원특별자치도 강릉시 홍제동 96-54","","","맑은환경(주)","2007-08-24 10:26:08","I","2023-06-13 00:00:00","분뇨 및 축산폐기물 처리업","365979.83056977","473358.973368062","분뇨등설계시공업관리","분뇨 및 축산폐기물 처리업","","","","0","","0",
"145","단독정화조/오수처리시설설계시공업","09_30_07_P","4201000","420100054200000002","2000-03-21","","03","폐업","2","폐업","2007-08-24","","","","","","210-111","강원특별자치도 강릉시 포남동 1169-5","","","(주)우림토건","2007-08-24 10:30:26","I","2023-06-13 00:00:00","","368229.127566158","475586.430512575","분뇨등설계시공업관리","","","","","0","","0",
"146","단독정화조/오수처리시설설계시공업","09_30_07_P","4201000","420100054200000003","2002-11-01","","03","폐업","2","폐업","2007-08-24","","","","","","210-112","강원특별자치도 강릉시 포남동 1291-3","","","유원기업(주)","2007-08-24 10:31:46","I","2023-06-13 00:00:00","","368395.034230411","476002.335230972","분뇨등설계시공업관리","","","","","0","","0",
"147","단독정화조/오수처리시설설계시공업","09_30_07_P","4201000","420100054200100002","2001-10-23","","03","폐업","2","폐업","2009-11-24","","","","","","210-111","강원특별자치도 강릉시 포남동 1148-30","","","에덴환경","2009-11-24 14:06:58","I","2023-06-13 00:00:00","","368091.463666969","475382.958933721","분뇨등설계시공업관리","","","","","0","","0",
"148","단독정화조/오수처리시설설계시공업","09_30_07_P","4201000","420100054200100219","2001-02-27","","03","폐업","2","폐업","2013-05-06","","","","","","210-862","강원특별자치도 강릉시 연곡면 송림리 41-1","","","대왕토건(주)","2013-05-06 16:11:21","U","2025-07-29 02:40:00","","360295.473656194","485108.010906461","분뇨등설계시공업관리","","","","","0","","0",
"149","단독정화조/오수처리시설설계시공업","09_30_07_P","4201000","420100054199700001","1997-09-01","","03","폐업","2","폐업","2007-08-24","","","","","","210-111","강원특별자치도 강릉시 포남동 1123-1","","","(주)태주","2007-08-24 09:57:15","I","2023-06-13 00:00:00","","367819.408211632","475297.811848016","분뇨등설계시공업관리","","","","","0","","0",
"150","단독정화조/오수처리시설설계시공업","09_30_07_P","4201000","420100054199700002","1997-10-02","","03","폐업","2","폐업","2007-08-24","","","","","","210-090","강원특별자치도 강릉시 옥천동 370-10","","","(주)영진","2007-08-24 09:58:06","I","2023-06-13 00:00:00","","367645.270841986","474879.492071115","분뇨등설계시공업관리","","","","","0","","0",
"151","단독정화조/오수처리시설설계시공업","09_30_07_P","4201000","420100054199800001","1998-04-06","","03","폐업","2","폐업","2007-08-24","","","","","","210-111","강원특별자치도 강릉시 포남동 1230-4","","","삼양산업개발(주)","2007-08-24 09:59:41","I","2023-06-13 00:00:00","","368576.273718905","476528.897106334","분뇨등설계시공업관리","","","","","0","","0",
"152","단독정화조/오수처리시설설계시공업","09_30_07_P","4201000","420100054199800002","1998-06-21","","03","폐업","2","폐업","2007-08-24","","","","","","210-090","강원특별자치도 강릉시 옥천동 201-2","","","한솔환경건설(주)","2007-08-24 10:00:21","I","2023-06-13 00:00:00","","367573.750452892","474770.003398283","분뇨등설계시공업관리","","","","","0","","0",
"153","단독정화조/오수처리시설설계시공업","09_30_07_P","4201000","420100054199800003","1998-08-14","","03","폐업","2","폐업","2003-04-03","","","","","","210-111","강원특별자치도 강릉시 포남동 1115-12","","","(주)동원종합건설","2007-08-24 10:01:01","I","2023-06-13 00:00:00","","367850.842766758","475579.670871783","분뇨등설계시공업관리","","","","","0","","0",
"154","단독정화조/오수처리시설설계시공업","09_30_07_P","4201000","420100054199800004","1998-10-19","","03","폐업","2","폐업","2001-08-22","","","","","","210-111","강원특별자치도 강릉시 포남동 1069-4","","","한성환경(주)","2001-08-22 16:17:59","U","2025-07-29 02:40:00","","368339.26035106","476416.461045904","분뇨등설계시공업관리","","","","","0","","0",
"155","단독정화조/오수처리시설설계시공업","09_30_07_P","4201000","420100054199800007","1998-12-04","","03","폐업","2","폐업","2021-12-23","","","","","","","강원특별자치도 강릉시 옥천동 139-1","강원특별자치도 강릉시 경강로 2154 (옥천동)","","(주)우일","2021-12-23 18:32:48","U","2025-07-29 02:40:00","","367485.012917488","474540.786210171","분뇨등설계시공업관리","","","","","0","","0",
"156","단독정화조/오수처리시설설계시공업","09_30_07_P","4201000","420100054199900001","1999-01-22","","03","폐업","2","폐업","2007-10-25","","","","","","210-110","강원특별자치도 강릉시 포남동 375-2","","","갑을건설(주)","2007-10-26 09:58:35","U","2025-07-29 02:40:00","","368124.501405914","476749.806765825","분뇨등설계시공업관리","","","","","0","","0",
"157","단독정화조/오수처리시설설계시공업","09_30_07_P","4201000","420100054199900002","1999-02-20","","03","폐업","2","폐업","2007-08-24","","","","","","210-112","강원특별자치도 강릉시 포남동 1055","강원특별자치도 강릉시 보래미하길 74  (포남동)","","(주)선웅","2007-08-24 10:19:24","I","2023-06-13 00:00:00","","368529.955051111","476477.107917237","분뇨등설계시공업관리","","","","","0","","0",
"158","단독정화조/오수처리시설설계시공업","09_30_07_P","4201000","420100054199900003","1999-03-05","","03","폐업","2","폐업","2005-12-02","","","","","","210-270","강원특별자치도 강릉시 두산동 228-5","","","(주)거화","2005-12-02 10:35:51","U","2025-07-29 02:40:00","","369947.020195629","475760.44434794","분뇨등설계시공업관리","","","","","0","","0",
"159","단독정화조/오수처리시설설계시공업","09_30_07_P","4201000","420100054200100227","2004-02-23","","03","폐업","2","폐업","2017-11-06","","","","","","210-801","강원특별자치도 강릉시 주문진읍 교항리 1207","강원특별자치도 강릉시 주문진읍 농공단지길 28-4","","(주)대성환경건설","2017-11-07 09:18:33","I","2023-06-13 00:00:00","","360657.223678421","487127.974559443","분뇨등설계시공업관리","","","","","0","","0",
"160","단독정화조/오수처리시설설계시공업","09_30_07_P","4201000","420100054200100228","2007-03-12","","03","폐업","2","폐업","2008-02-18","","","","","","210-862","강원특별자치도 강릉시 연곡면 송림리 41-2","","","대왕토건(주)","2008-04-24 15:09:24","I","2023-06-13 00:00:00","","360246.81364385","485098.141542846","분뇨등설계시공업관리","","","","","0","","0",
"161","단독정화조/오수처리시설설계시공업","09_30_07_P","4201000","420100054200100229","2007-03-28","","03","폐업","2","폐업","2007-03-28","","","","","","210-920","강원특별자치도 강릉시 교동 149-7","","","(주)한일공무","2007-11-01 13:56:17","I","2023-06-13 00:00:00","분뇨 처리업","367239.711096573","474876.738554618","분뇨등설계시공업관리","분뇨 처리업","","","","0","","0",
"162","단독정화조/오수처리시설설계시공업","09_30_07_P","4201000","420100054200200001","2002-09-10","","03","폐업","2","폐업","2007-04-25","","","","033651 7781","","210-120","강원특별자치도 강릉시 초당동 12-3","","","근형건설(주)","2007-04-25 15:01:39","U","2025-07-29 02:40:00","","","","분뇨등설계시공업관리","","","","","0","","0",
"163","단독정화조/오수처리시설설계시공업","09_30_07_P","4201000","420100054200200002","2002-10-28","","03","폐업","2","폐업","2007-10-31","","","","","","210-111","강원특별자치도 강릉시 포남동 1283-2","","","(주)지백","2007-11-01 14:41:32","I","2023-06-13 00:00:00","","368753.174835631","475728.146794219","분뇨등설계시공업관리","","","","","0","","0",
"164","단독정화조/오수처리시설설계시공업","09_30_07_P","4201000","420100054200200003","2002-11-02","","03","폐업","2","폐업","2007-10-25","","","","","","210-111","강원특별자치도 강릉시 포남동 1194-6","","","동양엔지니어링(주)","2007-10-31 16:14:17","I","2023-06-13 00:00:00","","368778.905866371","475796.774452283","분뇨등설계시공업관리","","","","","0","","0",
"165","단독정화조/오수처리시설설계시공업","09_30_07_P","4201000","420100054200200004","2002-11-02","","03","폐업","2","폐업","2007-10-25","","","","","","210-110","강원특별자치도 강릉시 포남동 1194-6","","","동양엔지니어링(주)","2007-10-26 10:03:12","I","2023-06-13 00:00:00","","368778.905866371","475796.774452283","분뇨등설계시공업관리","","","","","0","","0",
"166","단독정화조/오수처리시설설계시공업","09_30_07_P","4201000","420100054200200006","2002-11-01","","03","폐업","2","폐업","2009-01-30","","","","","","210-933","강원특별자치도 강릉시 옥천동 281-2","","","강동환경산업(주)","2009-01-30 17:46:55","I","2023-06-13 00:00:00","","367304.826359988","474677.412911225","분뇨등설계시공업관리","","","","","0","","0",
"167","단독정화조/오수처리시설설계시공업","09_30_07_P","4201000","420100054200200007","2002-12-10","","03","폐업","2","폐업","2007-03-20","","","","","","210-949","강원특별자치도 강릉시 홍제동 364-1","","","우성환경건설","2007-08-24 10:34:59","I","2023-06-13 00:00:00","","365615.094466325","473309.814858806","분뇨등설계시공업관리","","","","","0","","0",
"168","단독정화조/오수처리시설설계시공업","09_30_07_P","4201000","420100054200200008","2007-04-25","","03","폐업","2","폐업","2007-04-25","","","","","","210-120","강원특별자치도 강릉시 초당동 12-3","","","근형건설(주)","2007-10-31 16:11:43","I","2023-06-13 00:00:00","","","","분뇨등설계시공업관리","","","","","0","","0",
"169","단독정화조/오수처리시설설계시공업","09_30_07_P","4201000","420100054200400001","2004-05-27","","03","폐업","2","폐업","2009-01-30","","","","","","210-070","강원특별자치도 강릉시 용강동 33-42","","","(주)바우환경건설","2009-01-30 17:46:23","I","2023-06-13 00:00:00","환경상담 및 관련 엔지니어링 서비스업","366501.31022742","474052.026720293","분뇨등설계시공업관리","환경상담 및 관련 엔지니어링 서비스업","","","","0","","0",
"170","단독정화조/오수처리시설설계시공업","09_30_07_P","4201000","420100054200500001","2005-03-09","","03","폐업","2","폐업","2007-11-01","","","","","","210-080","강원특별자치도 강릉시 임당동 152-1","","","(주)대진환경개발","2007-11-01 13:57:03","I","2023-06-13 00:00:00","","366716.840538223","474021.113209548","분뇨등설계시공업관리","","","","","0","","0",
"171","단독정화조/오수처리시설설계시공업","09_30_07_P","4201000","420100054200500002","2005-08-17","","03","폐업","2","폐업","2007-01-16","","","","","","210-160","강원특별자치도 강릉시 내곡동 136","강원특별자치도 강릉시 남산초교길 65  (내곡동)","","(주)현진종합건설","2007-10-31 16:11:08","I","2023-06-13 00:00:00","분뇨 처리업","366585.648928838","472740.424346918","분뇨등설계시공업관리","분뇨 처리업","","","","0","","0",
"172","단독정화조/오수처리시설설계시공업","09_30_07_P","4201000","420100054200600001","2006-11-20","","03","폐업","2","폐업","2007-06-11","","","","","","210-170","강원특별자치도 강릉시 회산동 9","강원특별자치도 강릉시 강변로 70  (회산동)","","천마종합건설(주)","2007-10-31 16:10:39","I","2023-06-13 00:00:00","하수, 분뇨 및 축산폐기물 처리업","","","분뇨등설계시공업관리","하수, 분뇨 및 축산폐기물 처리업","","","","0","","0",
"173","단독정화조/오수처리시설설계시공업","09_30_07_P","4201000","420100054201000001","2010-06-16","","03","폐업","2","폐업","2012-05-21","","","","6529119","","210-111","강원특별자치도 강릉시 포남동 1234-2 2층","강원특별자치도 강릉시 가작로 308  (포남동,2층)","","성천환경건설(주)","2012-06-05 13:41:05","U","2025-07-29 02:40:00","","368153.139623923","475977.201218119","분뇨등설계시공업관리","","","","","0","","0",
"174","단독정화조/오수처리시설설계시공업","09_30_07_P","4201000","420100054201000002","2010-09-07","","03","폐업","2","폐업","2011-03-31","","","","662-0146","","210-801","강원특별자치도 강릉시 주문진읍 교항리 1207-10","강원특별자치도 강릉시 주문진읍 농공단지길 40-22","","(주)재능이씨엠","2011-03-31 14:45:27","U","2024-10-18 02:40:00","","360689.147050536","486906.388323301","분뇨등설계시공업관리","","","","","0","","0",
"175","단독정화조/오수처리시설설계시공업","09_30_07_P","4201000","420100054201100001","2011-09-29","","03","폐업","2","폐업","2012-01-31","","","","033-661-7914","","210-801","강원특별자치도 강릉시 주문진읍 교항리 1207-10 2층","강원특별자치도 강릉시 주문진읍 농공단지길 40-22  (2층)","","케이엠네이쳐","2012-01-31 14:01:11","I","2023-06-13 00:00:00","","360689.147050536","486906.388323301","분뇨등설계시공업관리","","","","","0","","0",
"176","단독정화조/오수처리시설설계시공업","09_30_07_P","4201000","420100054201600001","2016-05-19","","03","폐업","2","폐업","2018-03-08","","","","662-1730","","","강원특별자치도 강릉시 주문진읍 교항리 1207-38","강원특별자치도 강릉시 주문진읍 농공단지길 33","25422","(주)대양환경기술","2018-03-12 14:34:45","U","2024-10-18 02:40:00","","360835.96205572","487110.456208908","분뇨등설계시공업관리","","","","","0","","0",
"177","단독정화조/오수처리시설설계시공업","09_30_07_P","4201000","420100054201800001","2018-04-30","","03","폐업","2","폐업","2018-07-27","","","","033-662-1730","","","강원특별자치도 강릉시 주문진읍 교항리 1207-38","강원특별자치도 강릉시 주문진읍 농공단지길 33","25422","(주)대양환경기술","2018-07-30 17:27:14","U","2024-10-18 02:40:00","","360835.96205572","487110.456208908","분뇨등설계시공업관리","","","","","0","","0",
"178","단독정화조/오수처리시설설계시공업","09_30_07_P","4211000","421100054198500001","1985-12-30","","02","휴업","1","휴업","","2004-05-24","2009-12-31","","","","240-010","강원특별자치도 동해시 천곡동 960-10","강원특별자치도 동해시 감추5길 35-2  (천곡동)","","(합)한림토건","2011-03-28 17:53:40","I","2023-06-13 00:00:00","","387316.669922752","448334.492203907","분뇨등설계시공업관리","","","","","0","","0",
"179","단독정화조/오수처리시설설계시공업","09_30_07_P","4211000","421100054200500001","2005-01-12","","02","휴업","1","휴업","","2006-05-22","2007-12-31","","","","240-290","강원특별자치도 동해시 이도동 296-11","","","(주)미래환경개발","2006-05-22 13:28:14","U","2025-07-29 02:40:00","","","","분뇨등설계시공업관리","","","","","0","","0",
"180","단독정화조/오수처리시설설계시공업","09_30_07_P","4211000","421100054201900001","2019-05-15","","01","영업/정상","11","영업","","","","","0335357077","","240-230","강원특별자치도 동해시 구호동 236-28","강원특별자치도 동해시 공단2로 64 (구호동)","240-230","(합)동해이엔씨","2025-07-23 18:29:33","U","2025-07-25 02:40:00","","389080.66552909","443626.997680626","분뇨등설계시공업관리","","","","","0","","0",
"181","단독정화조/오수처리시설설계시공업","09_30_07_P","4211000","421100054201500001","2015-01-27","","01","영업/정상","11","영업","","","","","5216211","","","강원특별자치도 동해시 이도동 296-5","강원특별자치도 동해시 전천로 175-4 (이도동)","25818","미래환경종합건재","2025-07-23 18:29:32","U","2025-07-25 02:40:00","","386740.325669141","444183.471908194","분뇨등설계시공업관리","","","","","0","","0",
"182","단독정화조/오수처리시설설계시공업","09_30_07_P","4211000","421100054199500002","1995-04-14","","03","폐업","2","폐업","2006-11-16","","","","","","240-041","강원특별자치도 동해시 발한동 86-11","강원특별자치도 동해시 발한로 86  (발한동)","","세보건설(주)","2006-11-16 15:01:26","U","2025-07-29 02:40:00","","385721.92561713","450724.889882827","분뇨등설계시공업관리","","","","","0","","0",
"183","단독정화조/오수처리시설설계시공업","09_30_07_P","4211000","421100054199500003","1995-04-27","","03","폐업","2","폐업","2002-01-17","","","","","","240-010","강원특별자치도 동해시 천곡동 801-12","","","동명종합건설(주)","2002-01-21 16:09:29","U","2025-07-29 02:40:00","","","","분뇨등설계시공업관리","","","","","0","","0",
"184","단독정화조/오수처리시설설계시공업","09_30_07_P","4211000","421100054199500004","1995-09-23","","03","폐업","2","폐업","2002-07-25","","","","","","240-010","강원특별자치도 동해시 천곡동 979-4","","","덕산건설(합)","2002-07-26 08:37:47","U","2025-07-29 02:40:00","","","","분뇨등설계시공업관리","","","","","0","","0",
"185","단독정화조/오수처리시설설계시공업","09_30_07_P","4211000","421100054199500005","2001-07-13","","03","폐업","2","폐업","2002-01-18","","","","","","240-010","강원특별자치도 동해시 천곡동 832","강원특별자치도 동해시 천곡로 100-1  (천곡동)","","동명종합건설(주)","2008-01-18 10:08:19","I","2023-06-13 00:00:00","환경상담 및 관련 엔지니어링 서비스업","387068.701404924","448883.008534946","분뇨등설계시공업관리","환경상담 및 관련 엔지니어링 서비스업","","","","0","","0",
"186","단독정화조/오수처리시설설계시공업","09_30_07_P","4211000","421100054199700005","1997-02-28","","03","폐업","2","폐업","2002-10-01","","","","","","240-010","강원특별자치도 동해시 천곡동 869","강원특별자치도 동해시 한섬로 113  (천곡동)","","(주)우진환경","2002-10-02 09:15:19","U","2025-07-29 02:40:00","","387013.531976392","448690.240075253","분뇨등설계시공업관리","","","","","0","","0",
"187","단독정화조/오수처리시설설계시공업","09_30_07_P","4211000","421100054199700006","2001-05-25","","03","폐업","2","폐업","2002-10-01","","","","","","240-010","강원특별자치도 동해시 천곡동 869","강원특별자치도 동해시 한섬로 113  (천곡동)","","(주)우진환경","2008-01-18 10:10:30","I","2023-06-13 00:00:00","","387013.531976392","448690.240075253","분뇨등설계시공업관리","","","","","0","","0",
"188","단독정화조/오수처리시설설계시공업","09_30_07_P","4211000","421100054199800001","1998-08-01","","03","폐업","2","폐업","2001-05-18","","","","","","240-030","강원특별자치도 동해시 부곡동 105-1","","","강원환경건설(주)","2001-05-21 18:02:04","U","2025-07-29 02:40:00","","","","분뇨등설계시공업관리","","","","","0","","0",
"189","단독정화조/오수처리시설설계시공업","09_30_07_P","4211000","421100054199900001","1999-08-16","","03","폐업","2","폐업","2001-05-18","","","","","","240-010","강원특별자치도 동해시 천곡동 989-7","","","(한움종합건설(주)","2001-10-08 16:30:33","U","2025-07-29 02:40:00","","","","분뇨등설계시공업관리","","","","","0","","0",
"190","단독정화조/오수처리시설설계시공업","09_30_07_P","4211000","421100054199900002","1999-06-24","","03","폐업","2","폐업","2004-01-17","","","","","","240-050","강원특별자치도 동해시 묵호진동 2-2","","","(주)한국퓨어테크","2004-01-17 10:58:47","U","2025-07-29 02:40:00","","","","분뇨등설계시공업관리","","","","","0","","0",
"191","단독정화조/오수처리시설설계시공업","09_30_07_P","4211000","421100054199900006","1999-04-20","","03","폐업","2","폐업","2003-06-16","","","","","","240-030","강원특별자치도 동해시 부곡동 68-14","강원특별자치도 동해시 수원지1길 9  (부곡동)","","(주)청해환경","2003-06-16 17:25:57","U","2025-07-29 02:40:00","","385598.649654407","450550.444200876","분뇨등설계시공업관리","","","","","0","","0",
"192","단독정화조/오수처리시설설계시공업","09_30_07_P","4211000","421100054199900007","1999-06-24","","03","폐업","2","폐업","2004-01-17","","","","","","240-050","강원특별자치도 동해시 묵호진동 2-2","","","(주)한국퓨어테크","2004-01-17 11:00:33","U","2025-07-29 02:40:00","","","","분뇨등설계시공업관리","","","","","0","","0",
"193","단독정화조/오수처리시설설계시공업","09_30_07_P","4211000","421100054199900008","1999-12-28","","03","폐업","2","폐업","2001-12-26","","","","","","240-030","강원특별자치도 동해시 부곡동 105-1","","","원강종합환경","2001-12-26 17:03:27","U","2025-07-29 02:40:00","","","","분뇨등설계시공업관리","","","","","0","","0",
"194","단독정화조/오수처리시설설계시공업","09_30_07_P","4211000","421100054200000009","2000-07-26","","03","폐업","2","폐업","2003-12-29","","","","","","240-041","강원특별자치도 동해시 발한동 86-11","","","(합)대농건설기계","2003-12-29 17:40:26","U","2025-07-29 02:40:00","","","","분뇨등설계시공업관리","","","","","0","","0",
"195","단독정화조/오수처리시설설계시공업","09_30_07_P","4211000","421100054200100001","2001-08-16","","03","폐업","2","폐업","2002-02-19","","","","","","240-150","강원특별자치도 동해시 지흥동 산 119","강원특별자치도 동해시 지양길 200  (지흥동)","","(주)한일바이오","2002-02-19 18:08:03","U","2025-07-29 02:40:00","","384559.642685634","446847.696396704","분뇨등설계시공업관리","","","","","0","","0",
"196","단독정화조/오수처리시설설계시공업","09_30_07_P","4211000","421100054200100002","2001-12-12","","03","폐업","2","폐업","2003-12-24","","","","","","240-010","강원특별자치도 동해시 천곡동 1045-3","","","(합)삼성중기건설","2003-12-24 14:46:08","U","2025-07-29 02:40:00","","","","분뇨등설계시공업관리","","","","","0","","0",
"197","단독정화조/오수처리시설설계시공업","09_30_07_P","4211000","421100054200100003","2003-02-19","","03","폐업","2","폐업","2003-12-24","","","","","","240-030","강원특별자치도 동해시 부곡동 105-1","","","(합)벽강","2008-01-18 13:26:07","I","2023-06-13 00:00:00","","","","분뇨등설계시공업관리","","","","","0","","0",
"198","단독정화조/오수처리시설설계시공업","09_30_07_P","4211000","421100054200200001","2002-01-30","","03","폐업","2","폐업","2004-06-28","","","","","","240-170","강원특별자치도 동해시 나안동 160","강원특별자치도 동해시 동해대로 4917  (나안동)","","풍원종합환경","2004-07-09 09:47:10","U","2025-07-29 02:40:00","","386694.73167885","444624.153675108","분뇨등설계시공업관리","","","","","0","","0",
"199","단독정화조/오수처리시설설계시공업","09_30_07_P","4211000","421100054200200002","2002-05-09","","03","폐업","2","폐업","2004-08-11","","","","","","240-010","강원특별자치도 동해시 천곡동 989-7","","","한움종합건설(주)","2004-08-11 17:38:28","U","2025-07-29 02:40:00","","","","분뇨등설계시공업관리","","","","","0","","0",
"200","단독정화조/오수처리시설설계시공업","09_30_07_P","4211000","421100054200200003","2002-12-12","","03","폐업","2","폐업","2004-05-12","","","","","","240-010","강원특별자치도 동해시 천곡동 1078-2","","","(주)한일바이오","2004-05-12 15:02:51","U","2025-07-29 02:40:00","","","","분뇨등설계시공업관리","","","","","0","","0",
"201","단독정화조/오수처리시설설계시공업","09_30_07_P","4211000","421100054200300001","2003-04-08","","03","폐업","2","폐업","2006-05-01","","","","","","240-041","강원특별자치도 동해시 발한동 577-10","","","그린환경개발","2006-05-01 14:58:45","U","2025-07-29 02:40:00","","","","분뇨등설계시공업관리","","","","","0","","0",
"202","단독정화조/오수처리시설설계시공업","09_30_07_P","4211000","421100054200300002","2003-06-24","","03","폐업","2","폐업","2004-05-29","","","","","","240-230","강원특별자치도 동해시 구호동 236-11","강원특별자치도 동해시 공단3로 77  (구호동)","","강원환경건설(주)","2004-05-29 10:09:35","U","2025-07-29 02:40:00","","389106.290438802","443892.487961295","분뇨등설계시공업관리","","","","","0","","0",
"203","단독정화조/오수처리시설설계시공업","09_30_07_P","4211000","421100054200300003","2003-06-26","","03","폐업","2","폐업","2007-03-22","","","","","","240-713","강원특별자치도 동해시 지흥동 119 동해대학교 창업보육센타 407호","","","동해 바이오환경","2008-01-18 14:34:37","U","2025-07-29 02:40:00","","385486.457560626","445941.59156105","분뇨등설계시공업관리","","","","","0","","0",
"204","단독정화조/오수처리시설설계시공업","09_30_07_P","4211000","421100054200500002","2005-06-13","","03","폐업","2","폐업","2008-10-07","","","","5330561","","240-010","강원특별자치도 동해시 천곡동 854","","","(주)대진환경개발","2008-10-07 13:20:58","U","2025-07-29 02:40:00","","386900.6806965","448731.020809956","분뇨등설계시공업관리","","","","","0","","0",
"205","단독정화조/오수처리시설설계시공업","09_30_07_P","4211000","421100054200600001","2006-03-02","","03","폐업","2","폐업","2006-12-06","","","","","","240-010","강원특별자치도 동해시 천곡동 991-7","강원특별자치도 동해시 감추7길 55  (천곡동)","","엠에이치환경건설(주)","2006-12-06 17:56:30","U","2025-07-29 02:40:00","","387696.493983052","448070.662450259","분뇨등설계시공업관리","","","","","0","","0",
"206","단독정화조/오수처리시설설계시공업","09_30_07_P","4211000","421100054200600002","2006-05-26","","03","폐업","2","폐업","2009-03-16","","","","","","240-290","강원특별자치도 동해시 이도동 296-12","","","그린환경엔지니어링","2009-03-16 13:47:02","U","2025-07-29 02:40:00","","386735.857127988","444201.782244113","분뇨등설계시공업관리","","","","","0","","0",
"207","단독정화조/오수처리시설설계시공업","09_30_07_P","4211000","421100054200900001","2009-05-07","","03","폐업","2","폐업","2010-09-20","","","","5321730","","240-803","강원특별자치도 동해시 발한동 307-6","강원특별자치도 동해시 발한로 250-1  (발한동)","","대양환경","2010-09-27 10:49:44","I","2023-06-13 00:00:00","","386101.250546576","451984.238464554","분뇨등설계시공업관리","","","","","0","","0",
"208","단독정화조/오수처리시설설계시공업","09_30_07_P","4211000","421100054200900002","2009-05-08","","03","폐업","2","폐업","2012-01-04","","","","5357077","","240-010","강원특별자치도 동해시 천곡동 961-23","강원특별자치도 동해시 감추4길 40-1  (천곡동)","","(합)동해이엔씨","2012-01-05 13:51:22","U","2025-07-29 02:40:00","","387216.806370283","448324.980367072","분뇨등설계시공업관리","","","","","0","","0",
"209","단독정화조/오수처리시설설계시공업","09_30_07_P","4211000","421100054200900003","2009-08-05","","03","폐업","2","폐업","2012-05-18","","","","","","240-010","강원특별자치도 동해시 천곡동 813-8","","","화성이엔씨","2012-05-18 09:18:32","U","2025-07-29 02:40:00","","387028.611921368","449172.70075128","분뇨등설계시공업관리","","","","","0","","0",
"210","단독정화조/오수처리시설설계시공업","09_30_07_P","4211000","421100054201400001","2014-07-30","","03","폐업","2","폐업","2018-02-27","","","","033-535-7077","","240-230","강원특별자치도 동해시 구호동 236-28","강원특별자치도 동해시 공단2로 64 (구호동)","240-230","(합)동해이엔씨","2018-02-27 14:04:47","I","2023-06-13 00:00:00","","389080.66552909","443626.997680626","분뇨등설계시공업관리","","","","","0","","0",
"211","단독정화조/오수처리시설설계시공업","09_30_07_P","4211000","421100054201600001","2016-11-21","","03","폐업","2","폐업","2017-03-13","","","","033-531-6873","","","강원특별자치도 동해시 천곡동 1078-13","강원특별자치도 동해시 샘실1길 94 (천곡동, 뚱보푸줏간)","25761","다국종합건설(주)","2017-03-13 14:41:08","U","2025-07-29 02:40:00","종합 건설업","386567.888751879","448724.097362653","분뇨등설계시공업관리","종합 건설업","","","","0","","0",
"212","단독정화조/오수처리시설설계시공업","09_30_07_P","4221000","422100054199300001","2001-06-30","","03","폐업","2","폐업","2002-12-17","","","","033 5813314","","235-010","강원특별자치도 태백시 황지동 368-226","","","(주)한일건설","2002-12-26 16:53:41","U","2025-07-29 02:40:00","","","","분뇨등설계시공업관리","","","","","0","","0",
"213","단독정화조/오수처리시설설계시공업","09_30_07_P","4221000","422100054199300002","1998-03-09","","03","폐업","2","폐업","2002-01-10","","","","033 5520156","","235-019","강원특별자치도 태백시 황지동 92-3","강원특별자치도 태백시 황지로 8  (황지동)","","(주)우신건설","2004-02-10 12:49:04","U","2025-07-29 02:40:00","","376684.666879339","408272.07785767","분뇨등설계시공업관리","","","","","0","","0",
"214","단독정화조/오수처리시설설계시공업","09_30_07_P","4221000","422100054199900001","2004-08-12","","03","폐업","2","폐업","2005-06-16","","","","033 5536396","","235-019","강원특별자치도 태백시 황지동 85-2","강원특별자치도 태백시 황지로 51  (황지동)","","(주)우영건설","2005-06-16 13:55:21","U","2025-07-29 02:40:00","","376772.208380144","408705.8233854","분뇨등설계시공업관리","","","","","0","","0",
"215","단독정화조/오수처리시설설계시공업","09_30_07_P","4221000","422100054199900002","2003-12-01","","03","폐업","2","폐업","2009-02-08","","","","","","235-010","강원특별자치도 태백시 황지동 85-2","강원특별자치도 태백시 황지로 51  (황지동)","","(주)우영종합건설","2011-03-16 15:21:56","I","2023-06-13 00:00:00","","376772.208380144","408705.8233854","분뇨등설계시공업관리","","","","","0","","0",
"216","단독정화조/오수처리시설설계시공업","09_30_07_P","4221000","422100054200100003","2000-10-29","","03","폐업","2","폐업","2004-08-04","","","","","","235-010","강원특별자치도 태백시 황지동 215-7","","","대산종합건설(주)","2004-08-06 14:32:54","U","2025-07-29 02:40:00","","","","분뇨등설계시공업관리","","","","","0","","0",
"217","단독정화조/오수처리시설설계시공업","09_30_07_P","4221000","422100054200300001","2003-03-27","","03","폐업","2","폐업","2004-08-02","","","","","","235-030","강원특별자치도 태백시 소도동 1-2","","","(주)강원건설","2004-08-06 14:29:52","U","2025-07-29 02:40:00","","","","분뇨등설계시공업관리","","","","","0","","0",
"218","단독정화조/오수처리시설설계시공업","09_30_07_P","4221000","422100054200400001","2006-11-01","","03","폐업","2","폐업","2011-04-21","","","","","","235-010","강원특별자치도 태백시 황지동 102-1","강원특별자치도 태백시 상장2길 24  (황지동)","","상록엔비텍","2011-04-22 07:41:09","I","2023-06-13 00:00:00","","376780.734035618","407708.016628551","분뇨등설계시공업관리","","","","","0","","0",
"219","단독정화조/오수처리시설설계시공업","09_30_07_P","4221000","422100054200500001","2007-05-01","","03","폐업","2","폐업","2009-02-18","","","","","","235-010","강원특별자치도 태백시 황지동 85-2","강원특별자치도 태백시 황지로 51  (황지동)","","(주)우영종합건설","2009-02-18 11:40:05","I","2023-06-13 00:00:00","","376772.208380144","408705.8233854","분뇨등설계시공업관리","","","","","0","","0",
"220","단독정화조/오수처리시설설계시공업","09_30_07_P","4221000","422100054200900001","2009-03-19","","03","폐업","2","폐업","2015-01-21","","","","033-553-9910","","235-020","강원특별자치도 태백시 화전동 67-2","","","그린환경엔지니어링","2015-01-26 09:09:16","U","2025-07-29 02:40:00","","374477.206067792","410987.637921769","분뇨등설계시공업관리","","","","","0","","0",
"221","단독정화조/오수처리시설설계시공업","09_30_07_P","4231000","423100054200100004","1999-06-14","","03","폐업","2","폐업","2010-12-31","","","","0336373235","","217-050","강원특별자치도 속초시 청학동","강원특별자치도 속초시 번영로 56 (청학동)","217-050","(주)이지","2020-09-14 19:44:46","U","2025-07-29 02:40:00","","338687.661593729","523622.336826043","분뇨등설계시공업관리","","","","","0","","0",
"222","단독정화조/오수처리시설설계시공업","09_30_07_P","4231000","423100054200300001","2003-02-18","","03","폐업","2","폐업","2010-12-31","","","","","","217-805","강원특별자치도 속초시 교동 783","강원특별자치도 속초시 미시령로3337번길 7 (교동)","","(주)한성이엔지","2020-09-14 19:46:11","I","2023-06-13 00:00:00","","337497.378386686","523622.744822865","분뇨등설계시공업관리","","","","","0","","0",
"223","단독정화조/오수처리시설설계시공업","09_30_07_P","4231000","423100054201000001","2010-10-15","","03","폐업","2","폐업","2011-03-09","","","","6373-235","","217-050","강원특별자치도 속초시 청학동 634-11 2층","강원특별자치도 속초시 번영로 56  (청학동,2층)","","(주)이지","2020-09-14 19:46:53","U","2025-07-29 02:40:00","","338687.661593729","523622.336826043","분뇨등설계시공업관리","","","","","0","","0",
"224","단독정화조/오수처리시설설계시공업","09_30_07_P","4231000","423100054201300001","2013-04-18","","03","폐업","2","폐업","2014-04-21","","","","6311539","","217-020","강원특별자치도 속초시 동명동 466-42","강원특별자치도 속초시 중앙로 190, 1동 7층 12호 (동명동, 설악센트리움)","217-030","(주)정엔지니어링","2020-09-14 19:47:50","U","2025-07-29 02:40:00","","339470.15928513","523908.757554044","분뇨등설계시공업관리","","","","","0","","0",
"225","단독정화조/오수처리시설설계시공업","09_30_07_P","4241000","424100054199900001","1999-05-10","","02","휴업","1","휴업","","2004-11-30","2005-05-31","","033-574-8206","","","강원특별자치도 삼척시 당저동 7-3","강원특별자치도 삼척시 당저동2길 58 (당저동)","25922","삼원(주)","2020-12-30 19:57:50","U","2025-07-29 02:40:00","","391913.622269562","440696.05185162","분뇨등설계시공업관리","","","","","0","","0",
"226","단독정화조/오수처리시설설계시공업","09_30_07_P","4241000","424100054201500001","2015-01-05","","01","영업/정상","11","영업","","","","","575-5681","","","강원특별자치도 삼척시 교동 220-5 상록환경","강원특별자치도 삼척시 동해대로 4195-21, 상록환경 (교동)","25911","상록환경","2023-02-21 09:37:10","U","2025-07-29 02:40:00","폐기물처리 및 오염방지시설 건설업","392315.243514704","441310.773024534","분뇨등설계시공업관리","폐기물처리 및 오염방지시설 건설업","","","","0","","0",
"227","단독정화조/오수처리시설설계시공업","09_30_07_P","4241000","424100054201100001","2011-04-06","","01","영업/정상","11","영업","","","","","033-572-3326","","","강원특별자치도 삼척시 근덕면 덕산리 250-1","강원특별자치도 삼척시 근덕면 덕산길 25","25934","상록엔비텍(주)","2023-02-21 09:37:32","U","2025-07-29 02:40:00","","398295.610938536","433661.054415202","분뇨등설계시공업관리","","","","","0","","0",
"228","단독정화조/오수처리시설설계시공업","09_30_07_P","4241000","424100054200200002","2005-01-27","","03","폐업","2","폐업","2013-03-20","","","","5749040","","245-939","강원특별자치도 삼척시 당저동 39-9 2층","","","(주)상록이앤씨","2013-03-20 15:55:44","U","2025-07-29 02:40:00","","391450.918915876","440483.822605526","분뇨등설계시공업관리","","","","","0","","0",
"229","단독정화조/오수처리시설설계시공업","09_30_07_P","4241000","424100054200400001","2004-09-03","","03","폐업","2","폐업","2008-01-31","","","","","","245-834","강원특별자치도 삼척시 근덕면 동막리 818","","","원웅산업(주)","2008-01-31 11:54:03","I","2023-06-13 00:00:00","","397773.637999869","428574.402394296","분뇨등설계시공업관리","","","","","0","","0",
"230","단독정화조/오수처리시설설계시공업","09_30_07_P","4241000","424100054200600001","2006-04-10","","03","폐업","2","폐업","2007-10-22","","","","","","245-943","강원특별자치도 삼척시 원당동 62 원당스포츠센타 401호","","","(주)동인건설","2007-10-22 14:30:57","U","2025-07-29 02:40:00","","390441.748162833","439428.188616439","분뇨등설계시공업관리","","","","","0","","0",
"231","단독정화조/오수처리시설설계시공업","09_30_07_P","4241000","424100054200600002","2006-07-04","","03","폐업","2","폐업","2006-10-24","","","","","","245-711","강원특별자치도 삼척시 교동 산 253 삼척창업보육센터 306호","","","고진현","2006-10-24 15:06:08","U","2025-07-29 02:40:00","","","","분뇨등설계시공업관리","","","","","0","","0",
"232","단독정화조/오수처리시설설계시공업","09_30_07_P","4241000","424100054200700001","2007-05-25","","03","폐업","2","폐업","2008-07-03","","","","","","245-938","강원특별자치도 삼척시 남양동 330-6","","","(주)여운","2008-07-03 18:29:39","I","2023-06-13 00:00:00","","391855.039119289","440187.376820678","분뇨등설계시공업관리","","","","","0","","0",
"233","단독정화조/오수처리시설설계시공업","09_30_07_P","4241000","424100054201300001","2013-03-25","","03","폐업","2","폐업","2015-05-07","","","","5749040","","245-939","강원특별자치도 삼척시 당저동 39-9 2층","강원특별자치도 삼척시 교동로 13, 2층 (당저동)","245-939","(주)동인건설","2015-05-07 16:28:04","U","2025-07-29 02:40:00","하수 및 폐수 처리업","391450.918915876","440483.822605526","분뇨등설계시공업관리","하수 및 폐수 처리업","","","","0","","0",
"234","단독정화조/오수처리시설설계시공업","09_30_07_P","4241000","424100054199700001","1997-07-21","","03","폐업","2","폐업","2013-05-20","","","","5749777","","245-935","강원특별자치도 삼척시 남양동 7-15","","","주)한국환경엔지니어링","2013-05-20 12:00:14","U","2025-07-29 02:40:00","","392065.695517778","440243.021801306","분뇨등설계시공업관리","","","","","0","","0",
"235","단독정화조/오수처리시설설계시공업","09_30_07_P","4241000","424100054200000001","2000-01-11","","03","폐업","2","폐업","2004-03-02","","","","","","245-150","강원특별자치도 삼척시 사직동 438-1","","","(주)세일","2004-03-02 17:24:07","U","2025-07-29 02:40:00","","","","분뇨등설계시공업관리","","","","","0","","0",
"236","단독정화조/오수처리시설설계시공업","09_30_07_P","4241000","424100054200000002","2005-01-12","","03","폐업","2","폐업","2007-05-09","","","","","","245-905","강원특별자치도 삼척시 도계읍 도계리 357-5","","","(주)범아건설","2007-05-10 08:46:32","U","2025-07-29 02:40:00","","","","분뇨등설계시공업관리","","","","","0","","0",
"237","단독정화조/오수처리시설설계시공업","09_30_07_P","4241000","424100054200000003","2005-01-07","","03","폐업","2","폐업","2007-05-10","","","","","","245-905","강원특별자치도 삼척시 도계읍 도계리 357-5","","","(주)범아건설","2013-06-04 14:22:30","I","2023-06-13 00:00:00","","","","분뇨등설계시공업관리","","","","","0","","0",
"238","단독정화조/오수처리시설설계시공업","09_30_07_P","4241000","424100054200100001","2001-10-17","","03","폐업","2","폐업","2004-02-04","","","","033-574-9777","","","강원특별자치도 삼척시 남양동 331-10 미래전기조명","강원특별자치도 삼척시 중앙로 220, 미래전기조명 (남양동)","25929","(주)한국환경엔지니어링","2020-12-30 20:06:51","I","2023-06-13 00:00:00","","391815.216861229","440064.238669701","분뇨등설계시공업관리","","","","","0","","0",
"239","단독정화조/오수처리시설설계시공업","09_30_07_P","4251000","425100054201800001","2018-05-15","","01","영업/정상","11","영업","","","","","033-432-2100","","","강원특별자치도 홍천군 홍천읍 희망리 267-4 전원주택","강원특별자치도 홍천군 홍천읍 마지기로 85, 1동 202층 (전원주택)","25121","자연환경","2022-10-06 11:32:42","U","2025-07-29 02:40:00","건물 건설업","277996.835686241","466445.958274731","분뇨등설계시공업관리","건물 건설업","","","","0","","0",
"240","단독정화조/오수처리시설설계시공업","09_30_07_P","4251000","425100054199700001","1997-05-23","","03","폐업","2","폐업","2008-03-01","","","","033 434 9036","","","강원특별자치도 홍천군 홍천읍 결운리 255-4","강원특별자치도 홍천군 홍천읍 두루봉3길 14-1","","보영산업(주)","2008-03-28 17:59:25","I","2023-06-13 00:00:00","","280973.125355057","468266.921677995","분뇨등설계시공업관리","","","","","0","","0",
"241","단독정화조/오수처리시설설계시공업","09_30_07_P","4251000","425100054199700002","1997-09-11","","03","폐업","2","폐업","2008-06-26","","","","","","250-800","강원특별자치도 홍천군 홍천읍 희망리 370-9","","","한국설비(합)","2008-06-26 14:26:23","I","2023-06-13 00:00:00","","","","분뇨등설계시공업관리","","","","","0","","0",
"242","단독정화조/오수처리시설설계시공업","09_30_07_P","4251000","425100054199700005","2002-06-29","","03","폐업","2","폐업","2008-03-28","","","","","","250-802","강원특별자치도 홍천군 홍천읍 결운리 255-4","","","보영산업(주)","2008-06-26 14:05:38","I","2023-06-13 00:00:00","","","","분뇨등설계시공업관리","","","","","0","","0",
"243","단독정화조/오수처리시설설계시공업","09_30_07_P","4251000","425100054199800001","1998-10-28","","03","폐업","2","폐업","2002-02-15","","","","","","250-800","강원특별자치도 홍천군 홍천읍 연봉리 476-3","","","홍천건설(주)","2002-02-15 15:48:17","U","2025-07-29 02:40:00","","","","분뇨등설계시공업관리","","","","","0","","0",
"244","단독정화조/오수처리시설설계시공업","09_30_07_P","4251000","425100054199900001","1999-12-22","","03","폐업","2","폐업","2008-06-26","","","","","","250-804","강원특별자치도 홍천군 홍천읍 상오안리 690-2","강원특별자치도 홍천군 홍천읍 농공단지길 24-14","","주식회사 거환","2008-06-26 14:26:55","I","2023-06-13 00:00:00","","272689.287462325","461618.439398972","분뇨등설계시공업관리","","","","","0","","0",
"245","단독정화조/오수처리시설설계시공업","09_30_07_P","4251000","425100054199900002","1999-07-29","","03","폐업","2","폐업","2001-08-27","","","","","","250-883","강원특별자치도 홍천군 북방면 상화계리 227","강원특별자치도 홍천군 북방면 상화계6길 13","","(주)태원","2001-08-27 11:33:04","U","2025-07-29 02:40:00","","274827.249818931","467820.799875478","분뇨등설계시공업관리","","","","","0","","0",
"246","단독정화조/오수처리시설설계시공업","09_30_07_P","4251000","425100054199900003","1999-04-07","","03","폐업","2","폐업","2008-06-26","","","","","","250-808","강원특별자치도 홍천군 홍천읍 진리 98-14","강원특별자치도 홍천군 홍천읍 마지기로 18","","성원건설주식회사","2008-06-26 14:27:43","I","2023-06-13 00:00:00","","278242.046171555","465809.247743632","분뇨등설계시공업관리","","","","","0","","0",
"247","단독정화조/오수처리시설설계시공업","09_30_07_P","4251000","425100054200000001","2000-10-11","","03","폐업","2","폐업","2003-11-18","","","","","","250-800","강원특별자치도 홍천군 홍천읍 연봉리 452-2","강원특별자치도 홍천군 홍천읍 남산강변로 24-1","","정동건설산업(주)","2003-11-18 15:21:35","I","2023-06-13 00:00:00","","277657.512759454","465197.452719062","분뇨등설계시공업관리","","","","","0","","0",
"248","단독정화조/오수처리시설설계시공업","09_30_07_P","4251000","425100054200100001","2002-04-02","","03","폐업","2","폐업","2007-05-09","","","","","","250-809","강원특별자치도 홍천군 홍천읍 희망리 36-25","강원특별자치도 홍천군 홍천읍 석화로 128","","(주)금강환경개발","2007-06-12 17:53:12","U","2025-07-29 02:40:00","","278658.555757903","466371.578086861","분뇨등설계시공업관리","","","","","0","","0",
"249","단독정화조/오수처리시설설계시공업","09_30_07_P","4251000","425100054200100002","2002-04-02","","03","폐업","2","폐업","2007-06-14","","","","","","250-809","강원특별자치도 홍천군 홍천읍 희망리 36-25","강원특별자치도 홍천군 홍천읍 석화로 128","","금강환경","2008-06-26 14:10:13","I","2023-06-13 00:00:00","","278658.555757903","466371.578086861","분뇨등설계시공업관리","","","","","0","","0",
"250","단독정화조/오수처리시설설계시공업","09_30_07_P","4251000","425100054200200001","2002-03-29","","03","폐업","2","폐업","2002-09-14","","","","","","250-809","강원특별자치도 홍천군 홍천읍 희망리 104-7","강원특별자치도 홍천군 홍천읍 희망로9길 16-10","","태일건설(주)","2002-09-17 09:26:24","U","2025-07-29 02:40:00","","278313.163706708","466238.410712192","분뇨등설계시공업관리","","","","","0","","0",
"251","단독정화조/오수처리시설설계시공업","09_30_07_P","4251000","425100054200400001","2004-06-17","","03","폐업","2","폐업","2006-12-12","","","","","","250-809","강원특별자치도 홍천군 홍천읍 희망리 39","","","(주)정윤건설엔지니어링","2008-06-26 14:11:53","I","2023-06-13 00:00:00","","278677.721212664","466152.062509573","분뇨등설계시공업관리","","","","","0","","0",
"252","단독정화조/오수처리시설설계시공업","09_30_07_P","4251000","425100054200700001","2007-05-09","","03","폐업","2","폐업","2007-10-19","","","","","","250-801","강원특별자치도 홍천군 홍천읍 갈마곡리 426","강원특별자치도 홍천군 홍천읍 큰골길 3","","진성종합건설(주)","2007-10-19 11:22:37","U","2025-07-29 02:40:00","","278846.809408567","466495.010215767","분뇨등설계시공업관리","","","","","0","","0",
"253","단독정화조/오수처리시설설계시공업","09_30_07_P","4251000","425100054200900001","2009-04-09","","03","폐업","2","폐업","2017-09-11","","","","0334339833","","250-802","강원특별자치도 홍천군 홍천읍 결운리 314-16","강원특별자치도 홍천군 홍천읍 홍천로 666-1","250-802","(주)홍천그린환경","2017-09-11 18:05:10","U","2025-07-29 02:40:00","하수 처리업","280182.098900132","467546.207163713","분뇨등설계시공업관리","하수 처리업","","","","0","","0",
"254","단독정화조/오수처리시설설계시공업","09_30_07_P","4261000","426100054201400001","2014-10-30","","01","영업/정상","11","영업","","","","","3435003","","","강원특별자치도 횡성군 횡성읍 116-10","강원특별자치도 횡성군 횡성읍 횡성로 357","","광일환경건설","2025-06-16 08:59:48","U","2025-07-29 02:40:00","기타 도매업","286888.359928644","443036.422063259","분뇨등설계시공업관리","기타 도매업","","","","0","","0",
"255","단독정화조/오수처리시설설계시공업","09_30_07_P","4261000","426100054200700001","2007-11-29","","01","영업/정상","11","영업","","","","","344-7774","","225-808","강원특별자치도 횡성군 횡성읍 읍하리 531-8","강원특별자치도 횡성군 횡성읍 읍하남로17번길 9, 1층","225-808","청정환경","2025-06-09 16:57:52","U","2025-07-29 02:40:00","석탄 광업","287317.132453139","443978.910699199","분뇨등설계시공업관리","석탄 광업","","","","0","","0",
"256","단독정화조/오수처리시설설계시공업","09_30_07_P","4261000","426100054199900001","2001-08-16","","01","영업/정상","11","영업","","","","","","","225-802","강원특별자치도 횡성군 횡성읍 묵계리 43-4","강원특별자치도 횡성군 횡성읍 청용1길 11","","삼안기업(주)","2018-12-20 11:11:08","I","2023-06-13 00:00:00","위생용 플라스틱제품 제조업","","","분뇨등설계시공업관리","위생용 플라스틱제품 제조업","","","","0","","0",
"257","단독정화조/오수처리시설설계시공업","09_30_07_P","4261000","426100054199800001","1998-07-10","","03","폐업","2","폐업","2004-04-12","","","","","","225-805","강원특별자치도 횡성군 횡성읍 북천리 115-140","","","(자)대진종합건설","2004-04-13 09:43:53","U","2025-07-29 02:40:00","환경상담 및 관련 엔지니어링 서비스업","","","분뇨등설계시공업관리","환경상담 및 관련 엔지니어링 서비스업","","","","0","","0",
"258","단독정화조/오수처리시설설계시공업","09_30_07_P","4261000","426100054200100005","2001-10-05","","03","폐업","2","폐업","2013-12-02","","","","","","225-808","강원특별자치도 횡성군 횡성읍 읍하리 67-1","","","국도건설(주)","2013-12-30 20:32:09","I","2023-06-13 00:00:00","환경상담 및 관련 엔지니어링 서비스업","","","분뇨등설계시공업관리","환경상담 및 관련 엔지니어링 서비스업","","","","0","","0",
"259","단독정화조/오수처리시설설계시공업","09_30_07_P","4261000","426100054200100006","2001-11-14","","03","폐업","2","폐업","2013-12-02","","","","","","225-801","강원특별자치도 횡성군 횡성읍 남산리 113-2","","","(합)신화","2013-12-30 20:32:26","I","2023-06-13 00:00:00","하수, 분뇨 및 축산폐기물 처리업","","","분뇨등설계시공업관리","하수, 분뇨 및 축산폐기물 처리업","","","","0","","0",
"260","단독정화조/오수처리시설설계시공업","09_30_07_P","4261000","426100054200100007","2001-01-08","","03","폐업","2","폐업","2013-12-02","","","","","","225-802","강원특별자치도 횡성군 횡성읍 학곡리 389","","","(합)토림토건","2013-12-30 20:32:48","I","2023-06-13 00:00:00","환경상담 및 관련 엔지니어링 서비스업","285269.115269397","444370.937051358","분뇨등설계시공업관리","환경상담 및 관련 엔지니어링 서비스업","","","","0","","0",
"261","단독정화조/오수처리시설설계시공업","09_30_07_P","4261000","426100054200200001","2002-03-20","","03","폐업","2","폐업","2004-03-31","","","","","","225-800","강원특별자치도 횡성군 횡성읍 청용리 332-14","","","수엔비텍(주)","2004-04-01 13:36:29","U","2025-07-29 02:40:00","환경상담 및 관련 엔지니어링 서비스업","","","분뇨등설계시공업관리","환경상담 및 관련 엔지니어링 서비스업","","","","0","","0",
"262","단독정화조/오수처리시설설계시공업","09_30_07_P","4261000","426100054200200002","2002-05-24","","03","폐업","2","폐업","2004-05-24","","","","","","225-822","강원특별자치도 횡성군 안흥면 성산리 810-2","","","대성메디아","2004-05-24 18:22:20","U","2025-07-29 02:40:00","환경상담 및 관련 엔지니어링 서비스업","","","분뇨등설계시공업관리","환경상담 및 관련 엔지니어링 서비스업","","","","0","","0",
"263","단독정화조/오수처리시설설계시공업","09_30_07_P","4261000","426100054200200003","2002-08-12","","03","폐업","2","폐업","2003-03-05","","","","","","225-807","강원특별자치도 횡성군 횡성읍 읍상리 386-22","","","(합)유동환경","2003-03-05 17:38:09","U","2025-07-29 02:40:00","환경상담 및 관련 엔지니어링 서비스업","","","분뇨등설계시공업관리","환경상담 및 관련 엔지니어링 서비스업","","","","0","","0",
"264","단독정화조/오수처리시설설계시공업","09_30_07_P","4261000","426100054200200004","2002-08-29","","03","폐업","2","폐업","2009-08-11","","","","","","","강원특별자치도 횡성군 공근면 창봉리 187-1","","","일진산업(주)","2009-08-11 10:39:47","I","2023-06-13 00:00:00","","","","분뇨등설계시공업관리","","","","","0","","0",
"265","단독정화조/오수처리시설설계시공업","09_30_07_P","4261000","426100054200800001","2008-04-28","","03","폐업","2","폐업","2011-08-05","","","","3450885","","225-802","강원특별자치도 횡성군 횡성읍 묵계리 43-4","강원특별자치도 횡성군 횡성읍 청용1길 11","","(주)에이스하이텍","2011-08-05 16:30:46","U","2024-10-18 02:40:00","","","","분뇨등설계시공업관리","","","","","0","","0",
"266","단독정화조/오수처리시설설계시공업","09_30_07_P","4261000","426100054200800002","2008-05-20","","03","폐업","2","폐업","2015-02-11","","","","344-1989","","225-802","강원특별자치도 횡성군 횡성읍 학곡리 879-5번지","","","새한환경","2015-02-17 10:57:39","U","2024-10-18 02:40:00","","","","분뇨등설계시공업관리","","","","","0","","0",
"267","단독정화조/오수처리시설설계시공업","09_30_07_P","4261000","426100054201200001","2012-05-15","","03","폐업","2","폐업","2014-04-04","","","","0333438341","","225-801","강원특별자치도 횡성군 횡성읍 청용리 322-14 번지","","","수엔비텍(주)","2015-02-17 11:38:39","I","2023-06-13 00:00:00","","","","분뇨등설계시공업관리","","","","","0","","0",
"268","단독정화조/오수처리시설설계시공업","09_30_07_P","4271000","427100054201100001","2011-02-10","","01","영업/정상","11","영업","","","","","3723721","","","강원특별자치도 영월군 남면 북쌍리 563","강원특별자치도 영월군 남면 서강로 1659-8","26215","제일환경엔지니어링","2024-11-21 09:47:17","U","2024-11-23 02:40:00","","323957.733200581","413425.466927139","분뇨등설계시공업관리","","","","","0","","0",
"269","단독정화조/오수처리시설설계시공업","09_30_07_P","4271000","427100054200200001","2002-01-31","","01","영업/정상","11","영업","","","","","033-373-2280","","","강원특별자치도 영월군 영월읍 하송리 247-3","강원특별자치도 영월군 영월읍 하송로 35, 2층","26234","동강환경(주)","2024-12-17 14:36:25","U","2025-07-29 02:40:00","하수, 폐수 및 분뇨 처리업","329947.228486293","410197.196451909","분뇨등설계시공업관리","하수, 폐수 및 분뇨 처리업","","","","0","","0",
"270","단독정화조/오수처리시설설계시공업","09_30_07_P","4271000","427100054200000001","1995-03-09","","03","폐업","2","폐업","2007-11-14","","","","","","230-800","강원특별자치도 영월군 영월읍 하송리 249-7","강원특별자치도 영월군 영월읍 단종로15번길 67","","(주)효성","2007-11-14 12:59:45","U","2025-07-29 02:40:00","","329963.43329461","410234.725062649","분뇨등설계시공업관리","","","","","0","","0",
"271","단독정화조/오수처리시설설계시공업","09_30_07_P","4271000","427100054200100001","1995-03-09","","03","폐업","2","폐업","2007-11-15","","","","","","230-800","강원특별자치도 영월군 영월읍 하송리 249-7","강원특별자치도 영월군 영월읍 단종로15번길 67","","(주)효성","2007-12-04 17:51:10","I","2023-06-13 00:00:00","","329963.43329461","410234.725062649","분뇨등설계시공업관리","","","","","0","","0",
"272","단독정화조/오수처리시설설계시공업","09_30_07_P","4271000","427100054200100002","1999-03-16","","03","폐업","2","폐업","2002-01-25","","","","","","","강원특별자치도 영월군 영월읍 하송리 178-26","","","강원환경(주)","2002-01-25 15:10:02","U","2025-07-29 02:40:00","","","","분뇨등설계시공업관리","","","","","0","","0",
"273","단독정화조/오수처리시설설계시공업","09_30_07_P","4271000","427100054200100003","2000-03-13","","03","폐업","2","폐업","2011-02-08","","","","033 3723721","","","강원특별자치도 영월군 영월읍 하송리 193-2","강원특별자치도 영월군 영월읍 하송로 67","","제일환경산업","2011-06-01 16:01:47","I","2023-06-13 00:00:00","","329846.136887234","409890.919008801","분뇨등설계시공업관리","","","","","0","","0",
"274","단독정화조/오수처리시설설계시공업","09_30_07_P","4271000","427100054200100004","2001-01-08","","03","폐업","2","폐업","2003-05-07","","","","","","","강원특별자치도 영월군 영월읍 하송리 7","","","성원건설(주)","2003-05-09 10:39:51","U","2025-07-29 02:40:00","","330135.102781991","409920.307062251","분뇨등설계시공업관리","","","","","0","","0",
"275","단독정화조/오수처리시설설계시공업","09_30_07_P","4271000","427100054200100005","1998-06-01","","03","폐업","2","폐업","2009-09-01","","","","","","230-874","강원특별자치도 영월군 북면 문곡리 2052-1","강원특별자치도 영월군 북면 강구길 53","","광명기전(주)","2009-09-09 17:34:07","I","2023-06-13 00:00:00","","325980.97210643","414966.846820326","분뇨등설계시공업관리","","","","","0","","0",
"276","단독정화조/오수처리시설설계시공업","09_30_07_P","4271000","427100054200300001","2003-08-05","","03","폐업","2","폐업","2004-05-17","","","","","","230-808","강원특별자치도 영월군 영월읍 하송리 8-2","","","영동환경산업","2004-05-17 11:26:02","U","2025-07-29 02:40:00","","","","분뇨등설계시공업관리","","","","","0","","0",
"277","단독정화조/오수처리시설설계시공업","09_30_07_P","4271000","427100054200200002","2002-02-23","","03","폐업","2","폐업","2024-05-31","","","","0333746868","","","강원특별자치도 영월군 영월읍 팔괴리 750-1","강원특별자치도 영월군 영월읍 팔괴로 217, 2층","26240","동림환경건설(주)","2024-06-27 11:46:27","U","2024-06-29 02:40:00","","330582.615502256","407671.794347554","분뇨등설계시공업관리","","","","","0","","0",
"278","단독정화조/오수처리시설설계시공업","09_30_07_P","4271000","427100054201400001","2014-01-24","","03","폐업","2","폐업","2024-05-31","","","","033-374-6868","","230-808","강원특별자치도 영월군 영월읍 하송리 202-2","강원특별자치도 영월군 영월읍 하송로 60 (2층 202호 )","230-808","동림환경건설(주)","2024-06-27 11:46:59","U","2024-06-29 02:40:00","","329833.912181794","409988.266650423","분뇨등설계시공업관리","","","","","0","","0",
"279","단독정화조/오수처리시설설계시공업","09_30_07_P","4281000","428100054200200002","2002-11-09","","01","영업/정상","11","영업","","","","","0333332082","","232-807","강원특별자치도 평창군 평창읍 하리 227-6","강원특별자치도 평창군 평창읍 군청길 88","","(주)청솔환경엔지니어링","2014-04-08 14:34:10","U","2025-07-29 02:40:00","","323156.622344641","430656.950997282","분뇨등설계시공업관리","","","","","0","","0",
"280","단독정화조/오수처리시설설계시공업","09_30_07_P","4281000","428100054200500001","2005-03-14","","01","영업/정상","11","영업","","","","","033-330-8427","","","강원특별자치도 평창군 대관령면 용산리 130","강원특별자치도 평창군 대관령면 올림픽로 715","25352","(주)물사랑","2021-07-13 09:04:18","U","2025-07-29 02:40:00","","348259.144297804","461699.273918606","분뇨등설계시공업관리","","","","","0","","0",
"281","단독정화조/오수처리시설설계시공업","09_30_07_P","4281000","428100054199800001","1998-05-07","","01","영업/정상","11","영업","","","","","","","232-807","강원특별자치도 평창군 평창읍 하리 277-1","강원특별자치도 평창군 평창읍 백오로 24","","동성환경건설(주)","2005-01-13 13:59:45","I","2023-06-13 00:00:00","","323161.384485377","430421.331623861","분뇨등설계시공업관리","","","","","0","","0",
"282","단독정화조/오수처리시설설계시공업","09_30_07_P","4281000","428100054200300001","2003-07-25","","01","영업/정상","11","영업","","","","","033-332-2223","","","강원특별자치도 평창군 대화면 대화리 1431-2","강원특별자치도 평창군 대화면 평창대로 1218","25356","강원용평정화조","2022-08-25 16:18:00","U","2025-07-29 02:40:00","","328331.425962771","448088.087340292","분뇨등설계시공업관리","","","","","0","","0",
"283","단독정화조/오수처리시설설계시공업","09_30_07_P","4281000","428100054200000001","2000-03-04","","01","영업/정상","11","영업","","","","","","","232-803","강원특별자치도 평창군 평창읍 주진리 475-1","","","백광건설(주)","2004-02-05 13:49:43","U","2025-07-29 02:40:00","","","","분뇨등설계시공업관리","","","","","0","","0",
"284","단독정화조/오수처리시설설계시공업","09_30_07_P","4281000","428100054200800001","2008-10-16","","01","영업/정상","11","영업","","","","","0333344417","","232-807","강원특별자치도 평창군 평창읍 하리 266-1","강원특별자치도 평창군 평창읍 군청길 32","","(주)대신이앤지","2024-03-20 10:39:12","U","2025-07-29 02:40:00","","323070.0232689","430414.050296217","분뇨등설계시공업관리","","","","","0","","0",
"285","단독정화조/오수처리시설설계시공업","09_30_07_P","4281000","428100054199900001","1999-09-06","","03","폐업","2","폐업","2005-09-08","","","","","","232-807","강원특별자치도 평창군 평창읍 하리 277-1","","","(주)장산환경건설","2007-06-07 18:13:12","U","2025-07-29 02:40:00","","","","분뇨등설계시공업관리","","","","","0","","0",
"286","단독정화조/오수처리시설설계시공업","09_30_07_P","4281000","428100054200200001","2002-11-28","","03","폐업","2","폐업","2008-10-07","","","","","","232-807","강원특별자치도 평창군 평창읍 하리 266-1","","","(주)대신정화조공사","2008-10-07 15:39:22","U","2025-07-29 02:40:00","","","","분뇨등설계시공업관리","","","","","0","","0",
"287","단독정화조/오수처리시설설계시공업","09_30_07_P","4291000","429100054199900154","2001-05-09","","02","휴업","1","휴업","","2003-03-24","2004-03-02","","033 5635630","","233-800","강원특별자치도 정선군 정선읍 봉양리 233-1","","","(주)동서개발","2003-05-22 13:02:23","I","2023-06-13 00:00:00","","","","분뇨등설계시공업관리","","","","","0","","0",
"288","단독정화조/오수처리시설설계시공업","09_30_07_P","4291000","429100054199900182","2001-05-09","","02","휴업","1","휴업","","2004-11-30","2005-11-30","","033 5635023","","233-840","강원특별자치도 정선군 여량면 여량리 114-2","","","(주)태림","2004-12-23 15:46:18","U","2025-07-29 02:40:00","","","","분뇨등설계시공업관리","","","","","0","","0",
"289","단독정화조/오수처리시설설계시공업","09_30_07_P","4291000","429100054202000002","2020-04-17","","01","영업/정상","11","영업","","","","","033-563-0788","","","강원특별자치도 정선군 정선읍 덕송리 536-4","강원특별자치도 정선군 정선읍 서동로 1240, 102호","26121","그린건설환경(자)","2023-04-04 13:58:41","I","2023-06-13 00:00:00","","347455.124737774","434390.474140827","분뇨등설계시공업관리","","","","","0","","0",
"290","단독정화조/오수처리시설설계시공업","09_30_07_P","4291000","429100054202000001","2020-03-16","","01","영업/정상","11","영업","","","","","033-591-9111","","233-815","강원특별자치도 정선군 고한읍 고한리 373","강원특별자치도 정선군 고한읍 고한로 309","233-815","나라환경개발(주)","2025-09-08 10:09:03","U","2025-09-10 02:40:00","","365869.460410372","411992.588534895","분뇨등설계시공업관리","","","","","0","","0",
"291","단독정화조/오수처리시설설계시공업","09_30_07_P","4291000","429100054000100001","2002-04-08","","03","폐업","2","폐업","2004-11-29","","","","","","233-806","강원특별자치도 정선군 정선읍 봉양리 1-62 8통3반","","","(주)지텍","2004-12-23 14:42:46","U","2025-07-29 02:40:00","","","","분뇨등설계시공업관리","","","","","0","","0",
"292","단독정화조/오수처리시설설계시공업","09_30_07_P","4291000","429100054199300074","2001-05-17","","03","폐업","2","폐업","2006-04-27","","","","","","233-800","강원특별자치도 정선군 정선읍 봉양리 138-1","","","대림종합건설(주)","2006-04-27 18:24:50","U","2025-07-29 02:40:00","","","","분뇨등설계시공업관리","","","","","0","","0",
"293","단독정화조/오수처리시설설계시공업","09_30_07_P","4291000","429100054199900153","1999-04-20","","03","폐업","2","폐업","2001-09-03","","","","","","233-801","강원특별자치도 정선군 정선읍 덕송리 536-2","","","그린종합건설(합)","2001-09-03 17:00:48","U","2025-07-29 02:40:00","","","","분뇨등설계시공업관리","","","","","0","","0",
"294","단독정화조/오수처리시설설계시공업","09_30_07_P","4291000","429100054200200004","2002-10-18","","03","폐업","2","폐업","2005-09-22","","","","033 5910037","","233-834","강원특별자치도 정선군 남면 무릉리 822-2","강원특별자치도 정선군 남면 무릉2로 37","","(주)안성이엔씨","2005-09-22 14:47:06","U","2025-07-29 02:40:00","","357432.005985419","417791.377595689","분뇨등설계시공업관리","","","","","0","","0",
"295","단독정화조/오수처리시설설계시공업","09_30_07_P","4291000","429100054200300001","2003-07-04","","03","폐업","2","폐업","2007-03-06","","","","","","233-812","강원특별자치도 정선군 고한읍 고한리 36-8","강원특별자치도 정선군 고한읍 고한7길 12","","나라환경개발(주)","2007-03-06 13:26:40","U","2025-07-29 02:40:00","","","","분뇨등설계시공업관리","","","","","0","","0",
"296","단독정화조/오수처리시설설계시공업","09_30_07_P","4291000","429100054200300002","2001-04-03","","03","폐업","2","폐업","2005-02-18","","","","033563 8040","","233-804","강원특별자치도 정선군 정선읍 봉양리 161-6","","","송현건설(주)","2005-02-19 12:24:58","U","2025-07-29 02:40:00","","","","분뇨등설계시공업관리","","","","","0","","0",
"297","단독정화조/오수처리시설설계시공업","09_30_07_P","4291000","429100054200800001","2008-03-14","","03","폐업","2","폐업","2011-11-07","","","","0335630788","","233-801","강원특별자치도 정선군 정선읍 덕송리 536-2","강원특별자치도 정선군 정선읍 서동로 1242","233-800","그린건설환경합자회사","2012-06-22 10:26:00","I","2023-06-13 00:00:00","","347417.085319302","434404.89726584","분뇨등설계시공업관리","","","","","0","","0",
"298","단독정화조/오수처리시설설계시공업","09_30_07_P","4291000","429100054201000001","2010-03-03","","03","폐업","2","폐업","2011-11-07","","","","0335630788","","233-809","강원특별자치도 정선군 정선읍 덕송리 536-2","강원특별자치도 정선군 정선읍 서동로 1242","","그린건설환경합자회사","2012-06-22 10:20:35","U","2025-07-29 02:40:00","","347417.085319302","434404.89726584","분뇨등설계시공업관리","","","","","0","","0",
"299","단독정화조/오수처리시설설계시공업","09_30_07_P","4291000","429100054201400001","2014-02-10","","03","폐업","2","폐업","2019-04-15","","","","0335919111","","","강원특별자치도 정선군 고한읍 고한리 373-2","강원특별자치도 정선군 고한읍 강원남로 6439","233-810","나라환경개발(주)","2019-04-16 09:43:36","I","2023-06-13 00:00:00","","365950.649011049","411978.933736337","분뇨등설계시공업관리","","","","","0","","0",
"300","단독정화조/오수처리시설설계시공업","09_30_07_P","4291000","429100054201600001","2016-03-09","","03","폐업","2","폐업","2019-04-15","","","","0335919111","","","강원특별자치도 정선군 고한읍 고한리 373-2","강원특별자치도 정선군 고한읍 강원남로 6439","233-810","나라환경개발(주)","2019-04-16 09:44:16","I","2023-06-13 00:00:00","","365950.649011049","411978.933736337","분뇨등설계시공업관리","","","","","0","","0",
"301","단독정화조/오수처리시설설계시공업","09_30_07_P","4301000","430100054201500001","2015-09-25","","01","영업/정상","11","영업","","","","","033-458-1927","","","강원특별자치도 철원군 갈말읍 군탄리 937-3","강원특별자치도 철원군 서면 금강로 7848 (거성스포츠)","24061","현대정화개발","2017-06-13 16:56:58","U","2025-07-29 02:40:00","","226897.568343706","516536.103003817","분뇨등설계시공업관리","","","","","0","","0",
"302","단독정화조/오수처리시설설계시공업","09_30_07_P","4301000","430100054201400001","2014-10-30","","01","영업/정상","11","영업","","","","","4520902","","","강원특별자치도 철원군 갈말읍 군탄리 937-8","강원특별자치도 철원군 갈말읍 명성로 218 (장수건재)","24034","(주) 서우환경개발","2025-03-20 15:05:36","U","2025-07-29 02:40:00","폐기물처리 및 오염방지시설 건설업","226896.902457832","516513.160607613","분뇨등설계시공업관리","폐기물처리 및 오염방지시설 건설업","","","","0","","0",
"303","단독정화조/오수처리시설설계시공업","09_30_07_P","4301000","430100054202200001","2022-08-16","","01","영업/정상","11","영업","","","","","033-452-8472","","","강원특별자치도 철원군 갈말읍 군탄리 779-3","강원특별자치도 철원군 갈말읍 풍전길 44","","(주)에코이에스","2023-08-25 09:52:37","U","2023-08-27 02:40:00","","226835.565989817","517739.00304739","분뇨등설계시공업관리","","","","","0","","0",
"304","단독정화조/오수처리시설설계시공업","09_30_07_P","4301000","430100054200000001","2004-05-10","","01","영업/정상","11","영업","","","","","033-452-8472","","","강원특별자치도 철원군 갈말읍 군탄리 779-3 갈말농공단지","강원특별자치도 철원군 갈말읍 풍전길 44 (갈말농공단지)","","주식회사 에코이에스","2025-03-19 10:06:54","U","2025-07-29 02:40:00","기타 기술 시험, 검사 및 분석업","226835.565989817","517739.00304739","분뇨등설계시공업관리","기타 기술 시험, 검사 및 분석업","","","","0","","0",
"305","단독정화조/오수처리시설설계시공업","09_30_07_P","4301000","430100054200900001","2001-03-14","","01","영업/정상","11","영업","","","","","033-452-7738","","269-805","강원특별자치도 철원군 갈말읍 신철원리 645-1","강원특별자치도 철원군 갈말읍 삼부연로 40-2","269-800","성원환경산업","2025-04-14 17:13:10","U","2025-07-29 02:40:00","","227315.022785647","515913.088511638","분뇨등설계시공업관리","","","","","0","","0",
"306","단독정화조/오수처리시설설계시공업","09_30_07_P","4301000","430100054199900001","1999-04-20","","03","폐업","2","폐업","2004-10-13","","","","","","269-805","강원특별자치도 철원군 갈말읍 신철원리 562-3","강원특별자치도 철원군 갈말읍 명성로174번길 55-8","","(주)삼원건설","2004-10-28 15:28:42","I","2023-06-13 00:00:00","종합 건설업","227422.916366785","516239.25334189","분뇨등설계시공업관리","종합 건설업","","","","0","","0",
"307","단독정화조/오수처리시설설계시공업","09_30_07_P","4301000","430100054200000002","2000-07-24","","03","폐업","2","폐업","2016-10-21","","","","033458 5530","","269-845","강원특별자치도 철원군 서면 와수리 1211-9","강원특별자치도 철원군 서면 와수1로 44-11","269-845","(주)재영건설","2016-10-21 14:25:24","I","2023-06-13 00:00:00","","238191.697097328","526585.69867241","분뇨등설계시공업관리","","","","","0","","0",
"308","단독정화조/오수처리시설설계시공업","09_30_07_P","4301000","430100054200300001","2003-07-31","","03","폐업","2","폐업","2005-03-18","","","","033455 7111","","269-814","강원특별자치도 철원군 동송읍 오덕리 530-1","","","(주)삼홍건설","2005-03-18 14:45:49","U","2025-07-29 02:40:00","종합 건설업","220485.092508574","524785.382707747","분뇨등설계시공업관리","종합 건설업","","","","0","","0",
"309","단독정화조/오수처리시설설계시공업","09_30_07_P","4301000","430100054200500001","2005-07-22","","03","폐업","2","폐업","2015-09-09","","","","033 4581927","","","강원특별자치도 철원군 김화읍 청양리 2881","","","현대정화개발","2015-09-09 13:16:57","U","2025-07-29 02:40:00","","235463.445720081","527077.022575458","분뇨등설계시공업관리","","","","","0","","0",
"310","단독정화조/오수처리시설설계시공업","09_30_07_P","4301000","430100054200500002","2005-09-26","","03","폐업","2","폐업","2006-12-11","","","","033 4587612","","269-841","강원특별자치도 철원군 서면 와수리 573-16","강원특별자치도 철원군 서면 와수1로 114","","(주)영원건설","2006-12-11 17:02:33","I","2023-06-13 00:00:00","폐기물 처리 및 오염방지시설 건설업","237570.649330444","526847.408073595","분뇨등설계시공업관리","폐기물 처리 및 오염방지시설 건설업","","","","0","","0",
"311","단독정화조/오수처리시설설계시공업","09_30_07_P","4311000","431100054200100001","2001-02-20","","01","영업/정상","11","영업","","","","","","","209-834","강원특별자치도 화천군 사내면 사창리 422","","","주)범진산업","2002-07-18 20:39:43","U","2025-07-29 02:40:00","기타 건물설비 설치 공사업","","","분뇨등설계시공업관리","기타 건물설비 설치 공사업","","","","0","","0",
"312","단독정화조/오수처리시설설계시공업","09_30_07_P","4311000","431100054200100002","2001-09-15","","03","폐업","2","폐업","2005-01-05","","","","4415172","","209-804","강원특별자치도 화천군 화천읍 하리 62-11","","","주)희대종합건설","2005-01-05 14:11:17","U","2025-07-29 02:40:00","기타 건물설비 설치 공사업","","","분뇨등설계시공업관리","기타 건물설비 설치 공사업","","","","0","","0",
"313","단독정화조/오수처리시설설계시공업","09_30_07_P","4321000","432100054200100001","2001-06-04","","02","휴업","1","휴업","","2013-12-17","","","","","255-804","강원특별자치도 양구군 양구읍 상리 509-12","","","송암종합건설(주)","2013-12-17 09:24:51","I","2023-06-13 00:00:00","","","","분뇨등설계시공업관리","","","","","0","","0",
"314","단독정화조/오수처리시설설계시공업","09_30_07_P","4331000","433100054199900001","1999-04-09","","01","영업/정상","11","영업","","","","","","","252-800","강원특별자치도 인제군 인제읍 상동리 379-13","","","살구미위생사","2011-10-30 14:16:11","U","2025-07-29 02:40:00","분뇨 처리업","","","분뇨등설계시공업관리","분뇨 처리업","","","","0","","0",
"315","단독정화조/오수처리시설설계시공업","09_30_07_P","4331000","433100054200200001","2002-06-04","","01","영업/정상","11","영업","","","","","4611122","","252-808","강원특별자치도 인제군 인제읍 합강리 306-9","강원특별자치도 인제군 인제읍 인제로295번길 8-6","","(주)이십일세기환경건설","2011-04-28 11:20:03","U","2025-07-29 02:40:00","하수처리, 폐기물처리 및 청소관련 서비스업","303538.098443718","508698.229458285","분뇨등설계시공업관리","하수처리, 폐기물처리 및 청소관련 서비스업","","","","0","","0",
"316","단독정화조/오수처리시설설계시공업","09_30_07_P","4331000","433100054201500001","2015-02-13","","01","영업/정상","11","영업","","","","","033-462-4593","","252-803","강원특별자치도 인제군 인제읍 고사리 469","강원특별자치도 인제군 인제읍 내린천로 6297","252-803","새한환경","2019-10-11 20:42:03","U","2025-07-29 02:40:00","","305067.046017939","505302.95832094","분뇨등설계시공업관리","","","","","0","","0",
"317","단독정화조/오수처리시설설계시공업","09_30_07_P","4331000","433100054200100002","2001-07-28","","01","영업/정상","11","영업","","","","","","","252-800","강원특별자치도 인제군 인제읍 상동리 324-8","","","인제중앙환경","2001-07-31 11:54:57","I","2023-06-13 00:00:00","","","","분뇨등설계시공업관리","","","","","0","","0",
"318","단독정화조/오수처리시설설계시공업","09_30_07_P","4331000","433100054200100003","2001-08-11","","01","영업/정상","11","영업","","","","","","","252-800","강원특별자치도 인제군 인제읍 상동리 298","","","경림종합건설","2001-08-13 18:17:22","I","2023-06-13 00:00:00","하수, 분뇨 및 축산폐기물 처리업","","","분뇨등설계시공업관리","하수, 분뇨 및 축산폐기물 처리업","","","","0","","0",
"319","단독정화조/오수처리시설설계시공업","09_30_07_P","4331000","433100054000400004","2001-04-16","","03","폐업","2","폐업","2013-10-16","","","","4614593","","252-803","강원특별자치도 인제군 인제읍 고사리 469","강원특별자치도 인제군 인제읍 내린천로 6297","252-803","인제한성환경","2013-10-16 15:46:16","U","2025-07-29 02:40:00","","305067.046017939","505302.95832094","분뇨등설계시공업관리","","","","","0","","0",
"320","단독정화조/오수처리시설설계시공업","09_30_07_P","4331000","433100054200100001","2001-07-03","","03","폐업","2","폐업","2005-04-11","","","","","","252-820","강원특별자치도 인제군 북면 원통리 466-2","강원특별자치도 인제군 북면 금강로18번길 20","","제일에너텍(주)","2005-04-26 18:22:18","I","2023-06-13 00:00:00","","305949.730846869","514101.76070029","분뇨등설계시공업관리","","","","","0","","0",
"321","단독정화조/오수처리시설설계시공업","09_30_07_P","4331000","433100054200100004","2001-09-04","","03","폐업","2","폐업","2013-10-16","","","","","","252-800","강원특별자치도 인제군 인제읍 합강리 301-10","강원특별자치도 인제군 인제읍 인제로 302","","인제한성환경","2014-12-17 10:53:36","I","2023-06-13 00:00:00","","303624.290026098","508622.060196824","분뇨등설계시공업관리","","","","","0","","0",
"322","단독정화조/오수처리시설설계시공업","09_30_07_P","4331000","433100054200700001","2007-10-08","","03","폐업","2","폐업","2008-09-30","","","","0334330720","","252-815","강원특별자치도 인제군 남면 신남리 364-1","강원특별자치도 인제군 남면 신남로 50","","진성종합건설(주)","2008-11-07 09:52:24","U","2025-07-29 02:40:00","","294796.606335604","496613.392306248","분뇨등설계시공업관리","","","","","0","","0",
"323","단독정화조/오수처리시설설계시공업","09_30_07_P","4331000","433100054200800001","2008-09-08","","03","폐업","2","폐업","2014-01-06","","","","4623553","","252-806","강원특별자치도 인제군 인제읍 상동리 32-18","강원특별자치도 인제군 인제읍 인제로 229","","(주)내린천환경","2014-01-06 13:50:49","U","2025-07-29 02:40:00","하수, 분뇨 및 축산폐기물 처리업","303052.660071349","508203.466274659","분뇨등설계시공업관리","하수, 분뇨 및 축산폐기물 처리업","","","","0","","0",
"324","단독정화조/오수처리시설설계시공업","09_30_07_P","4331000","433100054201700001","2017-03-21","","03","폐업","2","폐업","2021-02-18","","","","033-461-8822","","","강원특별자치도 인제군 북면 원통리 1705-1","강원특별자치도 인제군 북면 원통로74번길 10-27","24621","(주)우림","2021-02-18 10:28:18","U","2025-07-29 02:40:00","","305263.843197139","513246.137491472","분뇨등설계시공업관리","","","","","0","","0",
"325","단독정화조/오수처리시설설계시공업","09_30_07_P","4341000","434100054000000001","2003-02-22","","01","영업/정상","11","영업","","","","","033 681 1833","","219-803","강원특별자치도 고성군 간성읍 신안리 134","강원특별자치도 고성군 간성읍 탑동길 4-15","219-800","(주) 정일환경","2015-01-13 17:03:18","U","2025-07-29 02:40:00","","328909.204306511","542646.6228761","분뇨등설계시공업관리","","","","","0","","0",
"326","단독정화조/오수처리시설설계시공업","09_30_07_P","4341000","434100054199800001","1998-01-05","","03","폐업","2","폐업","2005-03-09","","","","","","219-900","강원특별자치도 고성군 거진읍 거진리 158-91","강원특별자치도 고성군 거진읍 거탄진로 155-1","","(합) 염광엔지니어링","2006-05-15 16:03:44","I","2023-06-13 00:00:00","","327140.243914024","550458.209852566","분뇨등설계시공업관리","","","","","0","","0",
"327","단독정화조/오수처리시설설계시공업","09_30_07_P","4341000","434100054200100001","2001-05-25","","03","폐업","2","폐업","2003-03-27","","","","","","219-821","강원특별자치도 고성군 죽왕면 향목리 235-9","강원특별자치도 고성군 죽왕면 향목서길 26","","일진산업(주)","2006-05-15 16:04:10","I","2023-06-13 00:00:00","","329395.843679559","542377.307556444","분뇨등설계시공업관리","","","","","0","","0",
"328","단독정화조/오수처리시설설계시공업","09_30_07_P","4341000","434100054200200001","2002-12-13","","03","폐업","2","폐업","2003-03-07","","","","","","219-803","강원특별자치도 고성군 간성읍 신안리 269-1","강원특별자치도 고성군 간성읍 간성로 52","","일신산업(주)","2006-05-15 16:04:33","I","2023-06-13 00:00:00","","328330.97301687","542832.187632987","분뇨등설계시공업관리","","","","","0","","0",
"329","단독정화조/오수처리시설설계시공업","09_30_07_P","4351000","435100054201400001","2014-07-14","","01","영업/정상","11","영업","","","","","0336711038","","215-801","강원특별자치도 양양군 양양읍 포월리 71-19","강원특별자치도 양양군 양양읍 동해대로 2849","","신화환경건설(주)","2022-09-27 22:08:18","U","2025-07-29 02:40:00","","342807.560576084","511902.901673276","분뇨등설계시공업관리","","","","","0","","0",
"330","단독정화조/오수처리시설설계시공업","09_30_07_P","4351000","435100054200200003","2002-12-07","","03","폐업","2","폐업","2003-11-04","","","","","","215-801","강원특별자치도 양양군 양양읍 포월리 98-7","","","영도건설산업(주)","2011-11-02 16:40:26","I","2023-06-13 00:00:00","","","","분뇨등설계시공업관리","","","","","0","","0",
"331","단독정화조/오수처리시설설계시공업","09_30_07_P","4351000","435100054200200004","2002-12-07","","03","폐업","2","폐업","2004-11-03","","","","","","215-801","강원특별자치도 양양군 양양읍 포월리 98-7","","","영도건설산업(주)","2011-11-02 16:41:34","I","2023-06-13 00:00:00","","","","분뇨등설계시공업관리","","","","","0","","0",
"332","단독정화조/오수처리시설설계시공업","09_30_07_P","4351000","435100054200200005","2002-12-07","","03","폐업","2","폐업","2003-05-28","","","","","","215-853","강원특별자치도 양양군 강현면 주청리 128-1","","","대정건설주식회사","2003-05-28 18:55:13","U","2025-07-29 02:40:00","","","","분뇨등설계시공업관리","","","","","0","","0",
"333","단독정화조/오수처리시설설계시공업","09_30_07_P","4351000","435100054200300001","2003-03-10","","03","폐업","2","폐업","2004-02-17","","","","","","215-852","강원특별자치도 양양군 강현면 정암리 448-97","","","일우공영 주식회사","2004-02-17 10:49:57","U","2025-07-29 02:40:00","","","","분뇨등설계시공업관리","","","","","0","","0",
"334","단독정화조/오수처리시설설계시공업","09_30_07_P","4351000","435100054200300002","2003-03-27","","03","폐업","2","폐업","2004-02-17","","","","","","215-821","강원특별자치도 양양군 손양면 하왕도리 261","","","대진건설(주)","2004-02-17 13:50:31","U","2025-07-29 02:40:00","","","","분뇨등설계시공업관리","","","","","0","","0",
"335","단독정화조/오수처리시설설계시공업","09_30_07_P","4351000","435100054200300003","2003-04-10","","03","폐업","2","폐업","2004-07-12","","","","","","215-852","강원특별자치도 양양군 강현면 정암리 154-3","","","삼산종합건설(주)","2004-07-15 11:32:01","U","2025-07-29 02:40:00","","","","분뇨등설계시공업관리","","","","","0","","0",
"336","단독정화조/오수처리시설설계시공업","09_30_07_P","4351000","435100054200700001","2007-04-02","","03","폐업","2","폐업","2008-05-06","","","","033 6734700","","215-822","강원특별자치도 양양군 손양면 하왕도리 303-3","","","이앤건설주식회사","2008-05-07 15:30:33","I","2023-06-13 00:00:00","","","","분뇨등설계시공업관리","","","","","0","","0",
"337","단독정화조/오수처리시설설계시공업","09_30_07_P","4351000","435100054200100001","2001-09-17","","03","폐업","2","폐업","2003-02-11","","","","","","215-852","강원특별자치도 양양군 강현면 물치리 35","","","(주)고국종합건설","2003-02-11 15:41:43","U","2025-07-29 02:40:00","","340924.007519955","518170.904667682","분뇨등설계시공업관리","","","","","0","","0",
"338","단독정화조/오수처리시설설계시공업","09_30_07_P","4351000","435100054200200001","2002-02-19","","03","폐업","2","폐업","2003-06-09","","","","","","215-833","강원특별자치도 양양군 현북면 하광정리 123","","","동양환경(주)","2003-06-10 10:12:38","U","2025-07-29 02:40:00","하수처리, 폐기물처리 및 청소관련 서비스업","351138.732727013","503266.141711141","분뇨등설계시공업관리","하수처리, 폐기물처리 및 청소관련 서비스업","","","","0","","0",
"339","단독정화조/오수처리시설설계시공업","09_30_07_P","4351000","435100054200200002","2002-12-07","","03","폐업","2","폐업","2004-10-16","","","","","","215-821","강원특별자치도 양양군 손양면 송현리 234-3","","","정민종합건설(주)","2004-10-18 18:42:34","U","2025-07-29 02:40:00","","","","분뇨등설계시공업관리","","","","","0","","0",
