"번호","개방서비스명","개방서비스아이디","개방자치단체코드","관리번호","인허가일자","인허가취소일자","영업상태구분코드","영업상태명","상세영업상태코드","상세영업상태명","폐업일자","휴업시작일자","휴업종료일자","재개업일자","소재지전화","소재지면적","소재지우편번호","소재지전체주소","도로명전체주소","도로명우편번호","사업장명","최종수정시점","데이터갱신구분","데이터갱신일자","업태구분명","좌표정보x(epsg5174)","좌표정보y(epsg5174)","문화체육업종명","문화사업자구분명","지역구분명","총층수","주변환경명","제작취급품목내용","보험기관명","건물용도명","지상층수","지하층수","객실수","건축연면적","영문상호명","영문상호주소","선박총톤수","선박척수","선박제원","무대면적","좌석수","기념품종류","회의실별동시수용인원","시설면적","놀이기구수내역","놀이시설수","방송시설유무","발전시설유무","의무실유무","안내소유무","기획여행보험시작일자","기획여행보험종료일자","자본금","보험시작일자","보험종료일자","부대시설내역","시설규모","사업자등록번호",
"1","국내여행업","03_12_01_P","4181000","CDFI2260012022000001","2020-12-03","","02","휴업","02","휴업","","2025-09-29","2026-09-29","","","","","강원특별자치도 춘천시 효자동 192-1 강원대학교","강원특별자치도 춘천시 강원대학길 1, 보듬관 2층 아이-스퀘어 스튜디오3 (효자동)","24341","(주)낭만농객","2025-10-21 17:09:15","U","2025-10-23 02:40:00","","265481.557982219","485420.871953344","국내여행업","","","0","","","서울보증보험","","0","0","0","0","","","0","0","","0","0","","0","0","","0","","","","","","","0","20230930","20250929","","0","",
"2","국내여행업","03_12_01_P","4181000","CDFI2260012002000005","2002-01-10","","03","폐업","03","폐업","2020-08-19","","","","","","200-963","강원특별자치도 춘천시 후평동 875-3","강원특별자치도 춘천시 세실로208번길 12-14 (후평동)","24307","(주)서현 에벤에셀투어","2020-08-19 15:38:32","I","2023-06-13 00:00:00","","266678.418966685","486145.740444146","국내여행업","관광사업","","0","","","한국관광협회중앙회","","0","0","0","0","","","0","0","","0","0","","0","42.97","","0","","","","","","","50000000","20181106","20191106","","43","",
"3","국내여행업","03_12_01_P","4181000","CDFI2260012002000006","2002-04-20","","03","폐업","03","폐업","2005-07-11","","","","257-7151","","200-080","강원특별자치도 춘천시 운교동 168-3","강원특별자치도 춘천시 금강로 97-1  (운교동)","","9주)대신여행사","2005-07-11 13:17:04","I","2023-06-13 00:00:00","","264243.408128299","486297.085205079","국내여행업","관광사업","","0","","","","","0","0","0","0","","","0","0","","0","0","","0","0","","0","","","","","","","150000000","","","","0","",
"4","국내여행업","03_12_01_P","4181000","CDFI2260012002000007","2002-06-24","","03","폐업","03","폐업","2023-03-24","","","","033-257-5928","","","강원특별자치도 춘천시 중앙로2가 42-69","강원특별자치도 춘천시 중앙로 79, 2층 (중앙로2가)","24354","주식회사 고려항공여행사","2023-03-24 17:41:43","I","2023-06-13 00:00:00","","263774.431481972","486457.913701443","국내여행업","관광사업","","0","","","한국관광협회중앙회","","0","0","0","0","","","0","0","","0","0","","0","151.92","","0","","","","","","","50000000","20221222","20231222","","152","",
"5","국내여행업","03_12_01_P","4181000","CDFI2260012002000008","2002-05-30","","03","폐업","03","폐업","2007-04-06","","","","256-0763","","200-950","강원특별자치도 춘천시 효자동 756-18 2층","강원특별자치도 춘천시 춘천로 247  (효자동,2층)","","(주)이장.에코스테이","2007-04-06 19:14:58","I","2023-06-13 00:00:00","","265122.858000031","486547.271585686","국내여행업","관광사업","","0","","","","","0","0","0","0","","","0","0","","0","0","","0","0","","0","","","","","","","50000000","","","","0","",
"6","국내여행업","03_12_01_P","4181000","CDFI2260012003000001","2003-06-16","","03","폐업","03","폐업","2022-07-18","","","","","","","강원특별자치도 춘천시 소양로3가 183-4","강원특별자치도 춘천시 금강로 6 (소양로3가)","24273","(주)예약센터","2022-07-20 18:00:15","I","2023-06-13 00:00:00","","263552.005046341","486865.229596316","국내여행업","관광사업","","0","","","서울보증보험(주)","","0","0","0","0","","","0","0","","0","0","","0","49.5","","0","","","","","","","50000000","20210801","20220731","","50","",
"7","국내여행업","03_12_01_P","4181000","CDFI2260012004000001","2004-04-09","","03","폐업","03","폐업","2009-04-13","","","","261-1904","","200-956","강원특별자치도 춘천시 후평동 702","강원특별자치도 춘천시 후석로 342  (후평동)","","(주)우리여행클럽","2009-04-13 11:14:53","I","2023-06-13 00:00:00","","265837.191690782","486794.57456865","국내여행업","관광사업","","0","","","","사무실","0","0","0","0","","","0","0","","0","0","","0","93","","0","","","","","","","150000000","","","","93","",
"8","국내여행업","03_12_01_P","4181000","CDFI2260012005000001","2005-04-15","","03","폐업","03","폐업","2005-04-15","","","","","","200-060","강원특별자치도 춘천시 교동","","","-","2005-05-06 18:32:22","I","2023-06-13 00:00:00","","","","국내여행업","관광사업","","0","","","","","0","0","0","0","","","0","0","","0","0","","0","0","","0","","","","","","","0","","","","0","",
"9","국내여행업","03_12_01_P","4181000","CDFI2260012005000002","2005-03-31","","03","폐업","03","폐업","2009-04-10","","","","251-7732","","200-950","강원특별자치도 춘천시 효자동 646-4","강원특별자치도 춘천시 서부대성로 165  (효자동)","","(주)서준항공여행사","2010-02-01 16:01:23","I","2023-06-13 00:00:00","","264805.788011521","486206.744178231","국내여행업","관광사업","","0","","","","","0","0","0","0","","","0","0","","0","0","","0","64","","0","","","","","","","50000000","","","","64","",
"10","국내여행업","03_12_01_P","4181000","CDFI2260012005000005","2005-04-15","","03","폐업","03","폐업","2007-05-15","","","","257-6300","","200-112","강원특별자치도 춘천시 소양로2가 172-1 서부상가1층 8,20,21호","강원특별자치도 춘천시 서부대성로 12  (소양로2가,서부상가1층 8,20,21호)","","정호여행사","2007-05-28 09:11:58","I","2023-06-13 00:00:00","","263675.833817836","487157.336209289","국내여행업","관광사업","","0","","","","","0","0","0","0","","","0","0","","0","0","","0","30","","0","","","","","","","300000000","","","","30","",
"11","국내여행업","03_12_01_P","4181000","CDFI2260012005000006","2005-05-13","","03","폐업","03","폐업","2014-11-25","","","","244-0804","","200-931","강원특별자치도 춘천시 근화동 714-6","강원특별자치도 춘천시 방송길36번길 1  (근화동)","","투비항공여행사","2014-11-25 14:41:51","I","2023-06-13 00:00:00","","263325.928711093","485806.20390789","국내여행업","관광사업","","0","","","서울보증보험(주)","","0","0","0","0","","","0","0","","0","0","","0","29.8","","0","","","","","","","165000000","20131119","20141118","","30","",
"12","국내여행업","03_12_01_P","4181000","CDFI2260012005000007","2005-08-10","","03","폐업","03","폐업","2022-08-31","","","","252-0025","","","강원특별자치도 춘천시 퇴계동 144-1","강원특별자치도 춘천시 김유정로 1840, 지하1층 (퇴계동, 홈플러스)","24423","(주)퍼펙트여행사","2022-08-31 16:09:06","I","2023-06-13 00:00:00","","264597.191878957","483368.29049207","국내여행업","관광사업","","0","","","서울보증보험(주)","","0","0","0","0","PERFECT SERVICE TRAVEL CO, LTD","DOMESTIC TRAVEL AGENCY","0","0","","0","0","","0","62.41","","0","","","","","","","150000000","20210913","20220912","","62","",
"13","국내여행업","03_12_01_P","4181000","CDFI2260012005000009","2005-10-28","","03","폐업","03","폐업","2009-04-30","","","","241-9032","","200-957","강원특별자치도 춘천시 후평동 198-53 생물산업지원센터 119호호","강원특별자치도 춘천시 소양강로 32 (후평동)","200-957","(주)포테이토","2014-01-10 14:47:30","I","2023-06-13 00:00:00","","265331.3469315","487999.802568208","국내여행업","관광사업","","0","","","","","0","0","0","0","","","0","0","","0","0","","0","0","","0","","","","","","","50000000","","","","0","",
"14","국내여행업","03_12_01_P","4181000","CDFI2260012007000001","2007-04-02","","03","폐업","03","폐업","2011-03-09","","","","","","200-113","강원특별자치도 춘천시 소양로3가 182-3","강원특별자치도 춘천시 금강로 20-1  (소양로3가)","","(주)하이원 투어","2011-03-10 18:08:32","I","2023-06-13 00:00:00","","263682.585855897","486799.937540893","국내여행업","관광사업","","0","","","한국관광협회중앙회","","0","0","0","0","","","0","0","","0","0","","0","0","","0","","","","","","","50000000","20090403","20100403","","0","",
"15","국내여행업","03_12_01_P","4181000","CDFI2260012007000002","2007-05-25","","03","폐업","03","폐업","2011-01-06","","","","253-0444","","200-943","강원특별자치도 춘천시 퇴계동 1171-1","강원특별자치도 춘천시 퇴계로 66 (퇴계동)","200-943","(주)퇴계프라자 여행사","2014-01-10 14:40:09","I","2023-06-13 00:00:00","","263992.451648672","484786.599193798","국내여행업","관광사업","","0","","","한국관광협회중앙회","","0","0","0","0","","","0","0","","0","0","","0","1691.6","","0","","","","","","","50000000","20090610","20100610","","1692","",
"16","국내여행업","03_12_01_P","4181000","CDFI2260012007000003","2007-05-28","","03","폐업","03","폐업","2022-10-07","","","","033-257-6300","","","강원특별자치도 춘천시 삼천동 44-10 206호","강원특별자치도 춘천시 스포츠타운길 458, 206호 (삼천동)","24431","세방여행사","2022-10-12 16:24:07","I","2023-06-13 00:00:00","","262236.027353812","485157.316438971","국내여행업","관광사업","","0","","","서울보증보험(주)","","0","0","0","0","SE BANG SERVICE TRAVEL","DOMESTIC TRAVEL AGENCY","0","0","","0","0","","0","59.3","","0","","","","","","","50000000","20220301","20240229","","59","",
"17","국내여행업","03_12_01_P","4181000","CDFI2260012014000007","2014-10-17","","03","폐업","03","폐업","2017-08-21","","","","","","200-769","강원특별자치도 춘천시 온의동 65-10 금호아파트 상가동 204호","강원특별자치도 춘천시 스포츠타운길 535 (온의동, 금호아파트 상가동 204호)","24429","세진여행사","2017-08-21 11:58:35","I","2023-06-13 00:00:00","","262796.847730253","485510.154731301","국내여행업","","","1","","","","","2","0","0","0","","","0","0","","0","0","","0","23.85","","0","","","","","","","90000000","","","","24","",
"18","국내여행업","03_12_01_P","4181000","CDFI2260012014000008","2014-11-25","","03","폐업","03","폐업","2017-02-01","","","","033-261-7322","","","강원특별자치도 춘천시 퇴계동 1150-1","강원특별자치도 춘천시 남춘천길 13 (퇴계동)","24370","(합)하나로트래블","2022-07-27 16:43:33","I","2023-06-13 00:00:00","","263903.421337099","485001.741397159","국내여행업","","상업지역","0","아파트지역","","","사무실","1","0","0","0","","","0","0","","0","0","","0","10","","0","","","","","","","90000000","","","","10","",
"19","국내여행업","03_12_01_P","4181000","CDFI2260012015000002","2015-01-16","","03","폐업","03","폐업","2020-12-15","","","","033-242-3366","","","강원특별자치도 춘천시 퇴계동 1017 춘천시너스카펠라복합빌딩 2층동 281호","강원특별자치도 춘천시 지석로 80 (퇴계동)","24420","오션트래블","2020-12-16 10:14:35","I","2023-06-13 00:00:00","","265386.634330563","483368.251535269","국내여행업","","근린상업지역","2","아파트지역","","서울보증보험","근린생활시설","0","0","0","0","","","0","0","","0","0","","0","31","","0","","","","","","","60000000","20180601","20190531","","31","",
"20","국내여행업","03_12_01_P","4181000","CDFI2260012015000003","2015-05-18","","03","폐업","03","폐업","2023-03-09","","","","033-255-8855","","","강원특별자치도 춘천시 소양로3가 177-3","강원특별자치도 춘천시 금강로 19 (소양로3가)","24272","주식회사 강일항공여행사","2023-03-10 12:48:05","I","2023-06-13 00:00:00","","263699.399819035","486839.473535396","국내여행업","","상업지역","1","기타","","한국관광협회중앙회","근린생활시설","0","0","0","0","","","0","0","","0","0","","0","99","","0","","","","","","","100000000","20220628","20230628","","99","",
"21","국내여행업","03_12_01_P","4181000","CDFI2260012015000004","2015-06-23","","03","폐업","03","폐업","2018-11-03","","","","0332448187","","200-711","강원특별자치도 춘천시 동면 790","강원특별자치도 춘천시 동면 장학길 48","24210","상상나루","2018-11-12 16:53:12","I","2023-06-13 00:00:00","","266407.832643172","488651.076682385","국내여행업","","근린상업지역","0","","","","","0","0","0","0","","","0","0","","0","0","","0","0","","0","","","","","","","31570330","","","","0","",
"22","국내여행업","03_12_01_P","4181000","CDFI2260012016000001","2016-01-18","","03","폐업","03","폐업","2017-05-23","","","","","","","강원특별자치도 춘천시 온의동 515-3","강원특별자치도 춘천시 춘주로 89 (온의동)","24436","(주)여행친구","2017-06-15 13:17:08","I","2023-06-13 00:00:00","","263277.754058361","484647.309880067","국내여행업","","","4","","","","","4","0","0","0","","","0","0","","0","0","","0","70.54","","0","","","","","","","30000000","","","","71","",
"23","국내여행업","03_12_01_P","4181000","CDFI2260012016000003","2016-10-14","","03","폐업","03","폐업","2019-12-23","","","","","","","강원특별자치도 춘천시 효자동","강원특별자치도 춘천시 소전길 35-17 (효자동)","24339","맥여행사","2019-12-23 09:25:05","I","2023-06-13 00:00:00","","264524.721762752","485771.048372785","국내여행업","","","0","","","서울보증보험주식회사","","0","0","0","0","","","0","0","","0","0","","0","0","","0","","","","","","","15000000","20161014","20171013","","0","",
"24","국내여행업","03_12_01_P","4181000","CDFI2260012016000004","2016-11-18","","03","폐업","03","폐업","2018-08-16","","","","","","","강원특별자치도 춘천시 신동면 증리","강원특별자치도 춘천시 신동면 금병의숙길 22","24412","북메트로","2018-08-17 15:47:59","I","2023-06-13 00:00:00","","262941.695271085","479415.043216786","국내여행업","","주거지역","1","주택가주변","","서울보증보험주식회사","단독주택","0","0","0","0","","","0","0","","0","0","","0","73.05","","0","","","","","","","18000000","20161118","20171117","","73","",
"25","국내여행업","03_12_01_P","4181000","CDFI2260012016000005","2016-11-18","","03","폐업","03","폐업","2019-04-09","","","","033 263 7000","","","강원특별자치도 춘천시 석사동","강원특별자치도 춘천시 새롬공원길4번길 5, 2층 (석사동)","24394","오늘밤엔","2019-04-10 09:46:46","I","2023-06-13 00:00:00","","265711.250521463","483615.954237304","국내여행업","","","0","","","서울보증보험주식회사","","0","0","0","0","","","0","0","","0","0","","0","0","","0","","","","","","","16000000","20180827","20190901","","0","",
"26","국내여행업","03_12_01_P","4181000","CDFI2260012017000001","2017-02-15","","03","폐업","03","폐업","2020-08-18","","","","033 244 0610","","","강원특별자치도 춘천시 퇴계동 881-4","강원특별자치도 춘천시 공원3길 6 (퇴계동)","24441","먹자고 투어","2020-08-18 17:29:39","I","2023-06-13 00:00:00","","263698.00782356","484552.694713568","국내여행업","","","0","","","서울보증보험","","0","0","0","0","","","0","0","","0","0","","0","0","","0","","","","","","","15000000","20180214","20200214","","0","",
"27","국내여행업","03_12_01_P","4181000","CDFI2260011988000001","1988-03-14","","03","폐업","03","폐업","2011-04-12","","","","253-4567","","200-941","강원특별자치도 춘천시 조양동 37-5","강원특별자치도 춘천시 금강로 67 (조양동)","","(주)매일관광","2016-11-02 17:38:39","I","2023-06-13 00:00:00","","264068.004238726","486556.210664283","국내여행업","관광사업","","0","","","한국관광협회중앙회","","0","0","0","0","","","0","0","","0","0","","0","188.94","","0","","","","","","","670000000","20160704","20170704","","189","",
"28","국내여행업","03_12_01_P","4181000","CDFI2260011988000002","1988-02-01","","03","폐업","03","폐업","2015-06-24","","","","255-8855","","200-041","강원특별자치도 춘천시 중앙로1가 78","강원특별자치도 춘천시 중앙로 41-1 (중앙로1가)","","(합)봄내여행사","2015-06-24 17:22:03","I","2023-06-13 00:00:00","","264003.14406181","486753.060546439","국내여행업","관광사업","","0","","","한국관광협회중앙회","","0","0","0","0","KANGIL FLIGHT SERVICE TRAVEL","DOMESTIC TRAVEL AGENCY","0","0","","0","0","","0","99.17","","0","","","","","","","225000000","20140417","20150417","","99","",
"29","국내여행업","03_12_01_P","4181000","CDFI2260011994000002","1994-11-21","","03","폐업","03","폐업","2012-11-05","","","","256-6200","","200-042","강원특별자치도 춘천시 중앙로2가 52-1 2층","강원특별자치도 춘천시 중앙로 96  (중앙로2가,2층)","","호반관광여행(유한)","2012-12-04 10:01:59","I","2023-06-13 00:00:00","","263633.526086134","486368.284272217","국내여행업","관광사업","","0","","","한국관광협회중앙회","","0","0","0","0","HOBAN SERVICE TRAVEL CO, LTD","DOMESTIC TRAVEL AGENCY","0","0","","0","0","","0","261.75","","0","","","","","","","686470020","20100907","20110907","","262","",
"30","국내여행업","03_12_01_P","4181000","CDFI2260011995000001","1995-09-30","","03","폐업","03","폐업","2009-11-05","","","","257-5533","","200-941","강원특별자치도 춘천시 조양동 15-2","강원특별자치도 춘천시 아침길 10  (조양동)","","한일여행사(합)","2009-11-05 16:43:31","I","2023-06-13 00:00:00","","264173.833925259","486480.851915096","국내여행업","관광사업","","0","","","한국관광협회중앙회","","0","0","0","0","","","0","0","","0","0","","0","0","","0","","","","","","","150000000","20090224","20100224","","0","",
"31","국내여행업","03_12_01_P","4181000","CDFI2260011997000001","1997-03-29","","03","폐업","03","폐업","2009-05-13","","","","241-5201","","200-941","강원특별자치도 춘천시 조양동 48-6","강원특별자치도 춘천시 아침길 1  (조양동)","","아시안항공여행(합)","2009-05-14 16:16:39","I","2023-06-13 00:00:00","","264119.112348847","486489.960141584","국내여행업","관광사업","","0","","","","","0","0","0","0","","","0","0","","0","0","","0","0","","0","","","","","","","350000000","","","","0","",
"32","국내여행업","03_12_01_P","4181000","CDFI2260011999000001","1999-11-16","","03","폐업","03","폐업","2018-06-07","","","","033-244-7400","","200-041","강원특별자치도 춘천시 중앙로1가 9 강원발전연구원 308-1호","강원특별자치도 춘천시 중앙로 5 (중앙로1가, 강원발전연구원 308-1호)","24265","(합)앤투어","2018-06-08 09:46:49","I","2023-06-13 00:00:00","","264128.086851178","487099.154550421","국내여행업","관광사업","","0","","","한국관광협회중앙회","","0","0","0","0","","","0","0","","0","0","","0","100","","0","","","","","","","50000000","20160704","20170704","","100","",
"33","국내여행업","03_12_01_P","4181000","CDFI2260012000000001","2000-12-12","","03","폐업","03","폐업","2023-03-03","","","","033-242-2290","","","강원특별자치도 춘천시 효자동 607-2","강원특별자치도 춘천시 서부대성로 175 (효자동)","24294","(주)건국항공여행사","2023-05-09 17:17:56","I","2023-06-13 00:00:00","","264889.883032127","486159.16827513","국내여행업","관광사업","","0","","","한국관광협회중앙회","","0","0","0","0","","","0","0","","0","0","","0","75.9","","0","","","","","","","50000000","20220310","20230310","","76","",
"34","국내여행업","03_12_01_P","4181000","CDFI2260012018000001","2018-01-16","","03","폐업","03","폐업","2022-09-19","","","","0332565401","","","강원특별자치도 춘천시 소양로2가 146-3 2층","강원특별자치도 춘천시 금강로13번길 26, 2층 (소양로2가)","24272","동네방네 협동조합","2022-09-19 16:46:40","I","2023-06-13 00:00:00","","263729.414759763","487083.857741439","국내여행업","","일반상업지역","0","","","서울보증보험","","0","0","0","0","","","0","0","","0","0","","0","87","","0","","","","","","","20159148","","","","87","",
"35","국내여행업","03_12_01_P","4181000","CDFI2260012018000002","2018-03-09","","03","폐업","03","폐업","2023-05-19","","","","0332422020","","","강원특별자치도 춘천시 효자동 653-16 1층","강원특별자치도 춘천시 서부대성로 154, 1층 (효자동)","24330","미소투어","2023-05-19 16:21:42","I","2023-06-13 00:00:00","","264693.69415137","486217.270951484","국내여행업","","일반상업지역","3","","","한국관광협회중앙회","","0","0","0","0","","","0","0","","0","0","","0","0","","0","","","","","","","92625048","20220425","20230425","","0","",
"36","국내여행업","03_12_01_P","4181000","CDFI2260012018000003","2018-03-13","","03","폐업","03","폐업","2021-12-09","","","","","","","강원특별자치도 춘천시 효자동 708 춘천시1인창조기업비즈니스센터 402호","강원특별자치도 춘천시 공지로 305, 춘천시1인창조기업비즈니스센터 402호 (효자동)","24372","트립비앤비","2021-12-10 17:44:12","I","2023-06-13 00:00:00","","264312.5178044","485239.21704575","국내여행업","","","0","학교정화(상대)","","한국관광협회중앙회","","0","0","0","0","","","0","0","","0","0","","0","3.3","","0","","","","","","","15012518","20180315","20200315","","3","",
"37","국내여행업","03_12_01_P","4181000","CDFI2260012018000004","2018-04-04","","03","폐업","03","폐업","2018-07-05","","","","033  264 747","","","강원특별자치도 춘천시 퇴계동 164-3 하나로마트(퇴계점)","강원특별자치도 춘천시 지석로 11, 하나로마트(퇴계점) 1층 (퇴계동)","24413","다온여행사","2018-07-05 17:42:29","I","2023-06-13 00:00:00","","264838.52203719","483744.542704867","국내여행업","","","0","","","서울보증보험","","0","0","0","0","","","0","0","","0","0","","0","0","","0","","","","","","","0","20180401","20190331","","0","",
"38","국내여행업","03_12_01_P","4181000","CDFI2260012018000005","2018-04-11","","03","폐업","03","폐업","2023-04-11","","","","1811-7789","","","강원특별자치도 춘천시 온의동 511 이마트 1층","강원특별자치도 춘천시 경춘로 2353, 이마트 1층 (온의동)","24435","샤인투어 주식회사","2023-04-12 10:05:24","I","2023-06-13 00:00:00","","263141.943193102","484821.289677657","국내여행업","","","0","","","서울보증보험","","0","0","0","0","","","0","0","","0","0","","0","0","","0","","","","","","","0","20220416","20230415","","0","",
"39","국내여행업","03_12_01_P","4181000","CDFI2260012018000006","2018-04-23","","03","폐업","03","폐업","2022-08-31","","","","02-3445-4221","","","강원특별자치도 춘천시 소양로2가 172-1 신동아아파트","강원특별자치도 춘천시 서부대성로 12, 82호 (소양로2가, 신동아아파트)","24272","(주)세원","2022-09-22 18:04:36","I","2023-06-13 00:00:00","","263675.833817836","487157.336209289","국내여행업","","","0","","","서울보증보험","","0","0","0","0","","","0","0","","0","0","","0","33","","0","","","","","","","0","20210615","20220614","","33","",
"40","국내여행업","03_12_01_P","4181000","CDFI2260012018000007","2018-08-24","","03","폐업","03","폐업","2020-03-05","","","","033-818-2590","","","강원특별자치도 춘천시 퇴계동 627-4","강원특별자치도 춘천시 충혼길8번길 4 (퇴계동)","24440","남춘천 여행사","2025-02-07 09:59:10","U","2025-02-09 02:40:00","","263545.050352956","484788.80793675","국내여행업","","","0","","","한국관광협회중앙회","","0","0","0","0","","","0","0","","0","0","","0","0","","0","","","","","","","15000000","20191001","20201001","","0","",
"41","국내여행업","03_12_01_P","4181000","CDFI2260012019000001","2019-05-01","","03","폐업","03","폐업","2022-08-10","","","","033-257-8881","","","강원특별자치도 춘천시 퇴계동 1192-2 201호","강원특별자치도 춘천시 우묵길52번길 24, 201호 (퇴계동)","24368","가원OK여행사","2022-08-10 11:21:46","I","2023-06-13 00:00:00","","263643.74327528","484892.679914519","국내여행업","","","0","","","","","0","0","0","0","","","0","0","","0","0","","0","0","","0","","","","","","","0","20190501","20200430","","0","",
"42","국내여행업","03_12_01_P","4181000","CDFI2260012019000002","2019-08-28","","03","폐업","03","폐업","2023-04-19","","","","033-263-8903","","","강원특별자치도 춘천시 효자동 658-5 춘천축협효자지점","강원특별자치도 춘천시 효자로 135, 춘천축협효자지점 5층 (효자동)","24329","(사)춘천의병마을","2023-04-19 14:15:20","I","2023-06-13 00:00:00","","264563.94245221","486040.71272591","국내여행업","","","0","","","서울보증보험","","0","0","0","0","","","0","0","","0","0","","0","0","","0","","","","","","","15000000","20210828","20220827","","0","",
"43","국내여행업","03_12_01_P","4181000","CDFI2260012020000001","2020-01-22","","03","폐업","03","폐업","2021-04-07","","","","033-244-1202","","","강원특별자치도 춘천시 온의동 541-11","강원특별자치도 춘천시 충혼길52번길 6-10, 1층 (온의동)","24437","랜드로여행사","2021-04-07 09:55:40","I","2023-06-13 00:00:00","","263327.518556322","484467.345297702","국내여행업","","","0","","","","","0","0","0","0","","","0","0","","0","0","","0","0","","0","","","","","","","0","20210123","20220123","","0","",
"44","국내여행업","03_12_01_P","4181000","CDFI2260012020000002","2020-06-22","","03","폐업","03","폐업","2025-10-10","","","","","","","강원특별자치도 춘천시 요선동 12-2","강원특별자치도 춘천시 소양고개길 50, 2016호 (요선동)","24272","(주)파도","2025-10-13 13:40:41","U","2025-10-15 02:40:00","","263885.897682568","486855.695116577","국내여행업","","","0","","","서울보증보험주식회사","","0","0","0","0","","","0","0","","0","0","","0","0","","0","","","","","","","25581604","20231018","20241017","","0","",
"45","국내여행업","03_12_01_P","4181000","CDFI2260012020000006","2020-11-19","","03","폐업","03","폐업","2022-10-07","","","","033-912-2777","","","강원특별자치도 춘천시 효자동 192-1 강원대학교","강원특별자치도 춘천시 강원대학길 1, 강원대학교 105호 (효자동)","24341","케이링크 주식회사","2022-11-30 09:22:39","I","2023-06-13 00:00:00","","265481.557982219","485420.871953344","국내여행업","","","0","","","서울보증보험주식회사","","0","0","0","0","","","0","0","","0","0","","0","0","","0","","","","","","","17900000","20201207","20211206","","0","",
"46","국내여행업","03_12_01_P","4181000","CDFI2260012021000002","2019-05-01","","03","폐업","03","폐업","2022-08-16","","","","033-378-0900","","","강원특별자치도 춘천시 효자동 192-1 강원대학교","강원특별자치도 춘천시 강원대학길 1, 강원창조경제혁신센터  2층 (효자동)","24341","(주)오요리아시아","2022-08-22 17:23:22","I","2023-06-13 00:00:00","","265481.557982219","485420.871953344","국내여행업","","상업지역","2","기타","","서울보증보험","숙박시설","549","264","0","0","","","0","0","","0","0","","0","549.26","","0","","","","","","","33208670","20200507","20210506","","549","",
"47","국내여행업","03_12_01_P","4181000","CDFI2260012022000002","2022-06-13","","03","폐업","03","폐업","2022-10-21","","","","070-7716-9865","","","강원특별자치도 춘천시 효자동 192-1 강원대학교","강원특별자치도 춘천시 강원대학길 1, 보듬관(강원창조경제혁신센터) 2층 아이스퀘어 7 (효자동)","24341","(주) 오늘의 이야기","2022-10-24 19:19:04","I","2023-06-13 00:00:00","","265481.557982219","485420.871953344","국내여행업","","","0","","","","","0","0","0","0","","","0","0","","0","0","","0","0","","0","","","","","","","0","","","","0","",
"48","국내여행업","03_12_01_P","4181000","CDFI2260012000000002","2000-04-19","","03","폐업","03","폐업","2022-09-07","","","","033-253-0001","","200-050","강원특별자치도 춘천시 죽림동 189 춘천명동브라운5번가 1동 1203호","강원특별자치도 춘천시 중앙로67번길 18, 1동 1203호 (죽림동,춘천명동브라운5번가)","","세계여행사","2022-09-07 17:50:30","I","2023-06-13 00:00:00","","263954.075694438","486406.885561246","국내여행업","관광사업","","0","","","한국관광협회중앙회","","0","0","0","0","SEGYE Travel Agency","Domestic travel business","0","0","","0","0","","0","53","","0","","","","","","","50000000","20220524","20230524","","53","",
"49","국내여행업","03_12_01_P","4181000","CDFI2260012000000003","2000-03-27","","03","폐업","03","폐업","2006-09-18","","","","262-4464","","200-911","강원특별자치도 춘천시 남산면 강촌리 247-11","강원특별자치도 춘천시 남산면 강촌로 93","","강촌여행(유한)","2006-09-18 13:58:45","I","2023-06-13 00:00:00","","255949.141890274","478913.192806018","국내여행업","관광사업","","0","","","","","0","0","0","0","","","0","0","","0","0","","0","0","","0","","","","","","","50000000","","","","0","",
"50","국내여행업","03_12_01_P","4181000","CDFI2260012000000004","2000-06-30","","03","폐업","03","폐업","2022-08-31","","","","241-6348/6698","","200-950","강원특별자치도 춘천시 효자동 646-2","강원특별자치도 춘천시 서부대성로 163 (효자동)","","대아관광여행사","2022-08-31 13:40:18","I","2023-06-13 00:00:00","","264783.236930353","486219.222647992","국내여행업","관광사업","","0","","","서울보증보험","","0","0","0","0","","","0","0","","0","0","","0","33","","0","","","","","","","50000000","20220817","20230816","","33","",
"51","국내여행업","03_12_01_P","4181000","CDFI2260012001000001","2001-08-30","","03","폐업","03","폐업","2006-02-01","","","","256-1100","","200-950","강원특별자치도 춘천시 효자동 751-13","강원특별자치도 춘천시 성심로 52-1  (효자동)","","한빛여행사","2006-02-01 13:55:29","I","2023-06-13 00:00:00","","265075.747343893","486516.595362129","국내여행업","관광사업","","0","","","","","0","0","0","0","","","0","0","","0","0","","0","0","","0","","","","","","","150000000","","","","0","",
"52","국내여행업","03_12_01_P","4181000","CDFI2260012001000002","2001-07-25","","03","폐업","03","폐업","2005-06-07","","","","256-4100","","200-947","강원특별자치도 춘천시 효자동 607-2","강원특별자치도 춘천시 서부대성로 175  (효자동)","","(주)티비이","2005-06-13 16:15:30","I","2023-06-13 00:00:00","","264889.883032127","486159.16827513","국내여행업","관광사업","","0","","","","","0","0","0","0","","","0","0","","0","0","","0","0","","0","","","","","","","150000000","","","","0","",
"53","국내여행업","03_12_01_P","4181000","CDFI2260012002000002","2002-05-14","","03","폐업","03","폐업","2011-05-20","","","","254-3093","","200-950","강원특별자치도 춘천시 효자동 643-4","강원특별자치도 춘천시 춘천로 198  (효자동)","","보람항공여행사(주)","2011-05-20 15:45:59","I","2023-06-13 00:00:00","","264721.246936925","486257.982046065","국내여행업","관광사업","","0","","","서울보증보험(주)","","0","0","0","0","","","0","0","","0","0","","0","49.96","","0","","","","","","","50000000","20090301","20100228","","50","",
"54","국내여행업","03_12_01_P","4181000","CDFI2260012002000003","2002-06-04","","03","폐업","03","폐업","2009-07-28","","","","242-8788","","200-948","강원특별자치도 춘천시 효자동 310-14","강원특별자치도 춘천시 공지로 266  (효자동)","","씨에프랑스여행사","2009-07-28 13:38:33","I","2023-06-13 00:00:00","","264622.179541327","485026.528638022","국내여행업","관광사업","","0","","","","","0","0","0","0","","","0","0","","0","0","","0","0","","0","","","","","","","0","","","","0","",
"55","국내여행업","03_12_01_P","4181000","CDFI2260012002000004","2002-03-26","","03","폐업","03","폐업","2024-07-22","","","","033-251-0080","","200-957","강원특별자치도 춘천시 후평동 677-8","강원특별자치도 춘천시 춘천로 259 (후평동)","24257","(주)모두관광여행사","2024-07-24 08:55:17","U","2024-07-26 02:40:00","","265219.555166835","486600.217101352","국내여행업","관광사업","","0","","","한국관광협회중앙회","","0","0","0","0","MODU SERVICE TRAVEL CO, LTD","DOMESTIC TRAVEL AGENCY","0","0","","0","0","","0","82.82","","0","","","","","","","250000000","20221105","20231105","","83","",
"56","국내여행업","03_12_01_P","4181000","CDFI2260012022000003","2022-07-18","","03","폐업","03","폐업","2025-09-17","","","","070-7399-9313","","","강원특별자치도 춘천시 석사동 706-7","강원특별자치도 춘천시 벌말길47번길 15, 1층 다온 (석사동)","24384","다온컴퍼니","2025-09-17 16:45:23","U","2025-09-19 02:40:00","","265088.470148917","484428.053054162","국내여행업","","","0","","","서울보증보험","","0","0","0","0","","","0","0","","0","0","","0","0","","0","","","","","","","0","20220718","20230718","","0","",
"57","국내여행업","03_12_01_P","4181000","CDFI2260012008000001","2008-11-12","","03","폐업","03","폐업","2023-09-18","","","","033-255-5566","","","강원특별자치도 춘천시 효자동 611-16","강원특별자치도 춘천시 서부대성로 192 (효자동)","24331","대한여행사","2023-09-18 13:12:10","U","2023-09-20 02:40:00","","265019.776816698","486042.238872278","국내여행업","관광사업","일반주거지역","1","기타","","서울보증보험","근린생활시설","1","1","0","0","","","0","0","","0","0","","0","76","","0","","","","","","","50000000","20201112","20221111","","76","",
"58","국내여행업","03_12_01_P","4181000","CDFI2260012009000001","2009-02-27","","03","폐업","03","폐업","2011-03-11","","","","261-8072","","200-937","강원특별자치도 춘천시 온의동 572 한주아파트 상가동 104동","강원특별자치도 춘천시 스포츠타운길 528-12  (온의동,한주아파트 상가동 104동)","","(주)크레모아","2011-03-13 14:46:31","I","2023-06-13 00:00:00","","262835.662792547","485225.484060736","국내여행업","","","0","","","서울보증보험(주)","","0","0","0","0","CLAYMORE","DOMESTIC TRAVEL AGENCY","0","0","","0","0","","0","99","","0","","","","","","","50000000","20090226","20100225","","99","",
"59","국내여행업","03_12_01_P","4181000","CDFI2260012009000002","2007-06-18","","03","폐업","03","폐업","2018-02-07","","","","243-6668,6665","","200-853","강원특별자치도 춘천시 동면 장학리 462-6","강원특별자치도 춘천시 동면 소양강로 310","200-853","(주)동서고속관광","2018-02-21 14:33:27","I","2023-06-13 00:00:00","","265697.240774573","490470.382271941","국내여행업","관광사업","자연녹지지역","1","기타","","한국관광협회중앙회","사무실","1","0","0","0","DONG-SEO SERVICE TRAVEL CO. LTD","DOMESTIC TRAVEL AGENCY","0","0","","0","0","","0","51.6","","0","","","","","","","50000000","20160717","20170717","","52","",
"60","국내여행업","03_12_01_P","4181000","CDFI2260012010000002","2005-05-06","","03","폐업","03","폐업","2012-03-19","","","","252-7308","","200-931","강원특별자치도 춘천시 근화동 713-19","강원특별자치도 춘천시 공지로 429  (근화동)","","(합)하이라이프","2012-04-19 13:06:39","I","2023-06-13 00:00:00","","263259.71369719","485874.471714713","국내여행업","관광사업","일반상업지역","2","기타","","서울보증보험","사무실","1","0","0","0","HIGHLIFE TRAVEL CO. LTD","DOMESTIC TRAVEL AGENCY","0","0","","0","0","","0","0","","0","","","","","","","50000000","20110524","20120523","","0","",
"61","국내여행업","03_12_01_P","4181000","CDFI2260012010000003","2010-09-20","","03","폐업","03","폐업","2022-09-06","","","","033-252-9400","","","강원특별자치도 춘천시 신북읍 천전리 722-3","강원특별자치도 춘천시 신북읍 맥국길 10","24204","(주)루여행사","2022-09-07 11:22:37","I","2023-06-13 00:00:00","","267957.361076542","492356.502324412","국내여행업","","","1","","","서울보증보험","","0","0","0","0","RU SERVICE TRAVEL CO, LTD","DOMESTIC TRAVEL AGENCY","0","0","","0","0","","0","45.98","","0","","","","","","","30000000","20210920","20220919","","46","",
"62","국내여행업","03_12_01_P","4181000","CDFI2260012011000003","2011-07-08","","03","폐업","03","폐업","2023-08-24","","","","255-7778","","","강원특별자치도 춘천시 온의동 6-25 롯데마트","강원특별자치도 춘천시 방송길 84, 롯데마트 (온의동)","24364","합자회사 춘천연합여행사","2023-08-25 13:52:28","U","2023-08-27 02:40:00","","263109.175778889","485355.40305733","국내여행업","","","0","","","서울보증보험","","0","0","0","0","CHUNCHEON YONHAP SERVICE TRAVEL","DOMESTIC TRAVEL AGENCY","0","0","","0","0","","0","0","","0","","","","","","","30000000","20200708","20210707","","0","",
"63","국내여행업","03_12_01_P","4181000","CDFI2260012012000001","2012-03-16","","03","폐업","03","폐업","2022-11-09","","","","033-269-7300","","200-965","강원특별자치도 춘천시 퇴계동 1017","강원특별자치도 춘천시 지석로 80, 234호 (퇴계동, 카펠라)","24420","(합)아타여행사","2022-11-10 09:21:08","I","2023-06-13 00:00:00","","265386.634330563","483368.251535269","국내여행업","","","0","","","서울보증보험주식회사","","10","6","0","0","","","0","0","","0","0","","0","0","","0","","","","","","","30000000","20220316","20230315","","0","",
"64","국내여행업","03_12_01_P","4181000","CDFI2260012012000002","2012-07-05","","03","폐업","03","폐업","2013-12-03","","","","033)261-6422,6423","","200-933","강원특별자치도 춘천시 석사동 115-10 극동아파트상가 202호","강원특별자치도 춘천시 공지로 43, 2층 202호 (석사동)","200-933","자유투어","2013-12-06 17:14:50","I","2023-06-13 00:00:00","","266120.711392188","483428.133764796","국내여행업","","","0","","","서울보증보험주식회사","","0","0","0","0","","","0","0","","0","0","","0","0","","0","","","","","","","0","20120713","20130712","","0","",
"65","국내여행업","03_12_01_P","4181000","CDFI2260012013000001","2013-10-07","","03","폐업","03","폐업","2017-09-05","","","","","","200-772","강원특별자치도 춘천시 우두동","강원특별자치도 춘천시 영서로 2793 (우두동)","200-772","명성투어","2018-01-31 09:23:20","I","2023-06-13 00:00:00","","263855.784005587","489030.794908325","국내여행업","","","0","","","서울보증보험주식회사","","3","1","0","0","","","0","0","","0","0","","0","0","","0","","","","","","","40000000","20151006","20161006","","0","",
"66","국내여행업","03_12_01_P","4181000","CDFI2260012013000002","2013-12-20","","03","폐업","03","폐업","2022-09-22","","","","033-255-7166","","","강원특별자치도 춘천시 신동면 증리 901","강원특별자치도 춘천시 신동면 풍류1길 34","24412","(주)좋은여행 도모","2022-09-22 18:04:52","I","2023-06-13 00:00:00","","263303.561372561","479735.155951467","국내여행업","","일반상업지역","0","","","한국관광협회중앙회","","2","0","0","0","","","0","0","","0","0","","0","9.9","","0","","","","","","","30000000","20201001","20210930","","10","",
"67","국내여행업","03_12_01_P","4181000","CDFI2260012014000001","2014-01-22","","03","폐업","03","폐업","2020-08-19","","","","033-251-0059","","200-161","강원특별자치도 춘천시 후평동 291-1","강원특별자치도 춘천시 공단로 26 (후평동)","24233","뉴코리아고속관광(주)","2020-08-19 15:38:02","I","2023-06-13 00:00:00","","265887.077913847","487586.484407917","국내여행업","","일반주거지역","2","","","서울보증보험","사무실","2","0","0","0","","","0","0","","0","0","","0","115.39","","0","","","","","","","0","20190122","20200121","","115","",
"68","국내여행업","03_12_01_P","4181000","CDFI2260012014000002","2014-03-18","","03","폐업","03","폐업","2020-12-24","","","","","","200-951","강원특별자치도 춘천시 효자동 611-14","강원특별자치도 춘천시 서부대성로 194 (효자동)","24331","(합)봄시내여행사","2020-12-24 15:50:28","I","2023-06-13 00:00:00","","265036.988542342","486034.13403191","국내여행업","","","0","","","서울보증보험","","0","0","0","0","","","0","0","","0","0","","0","0","","0","","","","","","","30000000","20140319","20200318","","0","",
"69","국내여행업","03_12_01_P","4181000","CDFI2260012014000003","2014-04-30","","03","폐업","03","폐업","2017-08-18","","","","033-243-1970","","200-835","강원특별자치도 춘천시 서면 서상리 1054-3","강원특별자치도 춘천시 서면 툇골길 17","24460","(주)피어라문화","2017-08-18 13:58:15","I","2023-06-13 00:00:00","","261575.117712507","492786.685587714","국내여행업","","생산녹지지역","0","","","서울보증보험주식회사","사무실","1","0","0","0","","","0","0","","0","0","","0","60","","0","","","","","","","30000000","20140430","20150429","","60","",
"70","국내여행업","03_12_01_P","4181000","CDFI2260012014000004","2014-07-29","","03","폐업","03","폐업","2015-06-17","","","","033-261-7322","","200-180","강원특별자치도 춘천시 석사동 108-1","강원특별자치도 춘천시 외솔길19번길 11 (석사동)","200-180","허니문플래너협동조합","2015-06-18 17:04:30","I","2023-06-13 00:00:00","","266038.556273499","484162.572917361","국내여행업","","","0","","","강원도관광협회","사무실","1","0","0","0","","","0","0","","0","0","","0","25.2","","0","","","","","","","90000000","20141020","20151019","","25","",
"71","국내여행업","03_12_01_P","4181000","CDFI2260012014000005","2014-07-29","","03","폐업","03","폐업","2023-09-20","","","","","","200-911","강원특별자치도 춘천시 남산면 강촌리 339-9","강원특별자치도 춘천시 남산면 강촌로 103","24465","주식회사 타임","2023-09-21 16:57:44","U","2023-09-23 02:40:00","","255982.69352345","478814.373071831","국내여행업","","","0","","","","사무실","0","1","0","0","","","0","0","","0","0","","0","15","","0","","","","","","","103300000","","","","15","",
"72","국내여행업","03_12_01_P","4181000","CDFI2260012014000006","2014-08-25","","03","폐업","03","폐업","2022-09-08","","","","033-252-3330","","","강원특별자치도 춘천시 동면 장학리 995-1","강원특별자치도 춘천시 동면 춘천로449번길 30-3, 3층","24209","세상을 누비다","2022-09-13 13:23:39","I","2023-06-13 00:00:00","","266316.421368943","488321.448023187","국내여행업","","일반주거지역","1","주택가주변","","서울보증보험","","1","0","0","0","","","0","0","","0","0","","0","66","","0","","","","","","","100000000","20180901","20200831","","66","",
"73","국내여행업","03_12_01_P","4181000","CDFI2260012023000002","2023-09-04","","01","영업/정상","13","영업중","","","","","","","","강원특별자치도 춘천시 효자동 129-166","강원특별자치도 춘천시 둥지길 27-3, 지층 (효자동)","24331","스튜디오츠츠","2025-09-17 17:23:31","U","2025-09-19 02:40:00","","264803.25353729","485926.220564777","국내여행업","","","0","","","서울보증보험","","0","0","0","0","","","0","0","","0","0","","0","0","","0","","","","","","","15988333","20250904","20260903","","0","",
"74","국내여행업","03_12_01_P","4181000","CDFI2260012016000002","2016-06-16","","01","영업/정상","13","영업중","","","","","","","","강원특별자치도 춘천시 온의동 107","강원특별자치도 춘천시 춘주로 54, 비즈온빌딩 2층 (온의동)","24431","주식회사 비즈온네트웍스","2025-09-17 17:22:14","U","2025-09-19 02:40:00","","262966.446355382","484839.631759094","국내여행업","","","0","","","서울보증보험","","0","0","0","0","","","0","0","","0","0","","0","0","","0","","","","","","","50000000","20250811","20260810","","0","",
"75","국내여행업","03_12_01_P","4181000","CDFI2260012020000003","2020-07-23","","01","영업/정상","13","영업중","","","","","033-255-9961","","","강원특별자치도 춘천시 후평동 623-4","강원특별자치도 춘천시 소양강로 10, 517호 (후평동)","24232","주식회사 온라인코리아","2025-08-05 11:25:31","U","2025-08-07 02:40:00","","265110.09316187","487896.259846263","국내여행업","","","4","","","서울보증보험주식회사","사무실","4","1","0","0","","","0","0","","0","0","","0","113.39","","0","","","","","","","50000000","20250723","20260722","","113","",
"76","국내여행업","03_12_01_P","4181000","CDFI2260012020000004","2020-08-13","","01","영업/정상","13","영업중","","","","","033-255-2333","","","강원특별자치도 춘천시 효자동 303-14","강원특별자치도 춘천시 공지로 255, 커먼즈필드 2층 4호 (효자동)","24374","협동조합 강원피스투어","2025-09-17 17:23:03","U","2025-09-19 02:40:00","","264635.794136071","484905.340382649","국내여행업","","","0","","","서울보증보험","","0","0","0","0","","","0","0","","0","0","","0","0","","0","","","","","","","15000000","20250820","20260819","","0","",
"77","국내여행업","03_12_01_P","4181000","CDFI2260012020000005","2020-08-18","","01","영업/정상","13","영업중","","","","","","","","강원특별자치도 춘천시 퇴계동 627-4","강원특별자치도 춘천시 충혼길8번길 2 (퇴계동)","24440","남춘천 여행사","2025-09-17 17:22:37","U","2025-09-19 02:40:00","","263545.050352956","484788.80793675","국내여행업","","","0","","","서울보증보험","","0","0","0","0","","","0","0","","0","0","","0","0","","0","","","","","","","15000000","20250817","20260817","","0","",
"78","국내여행업","03_12_01_P","4181000","CDFI2260012023000001","2023-04-17","","01","영업/정상","13","영업중","","","","","033-263-3466","","","강원특별자치도 춘천시 약사동 1-64","강원특별자치도 춘천시 중앙로67번길 41-1 (약사동)","24355","(주)한국레저마케팅","2025-09-17 17:21:49","U","2025-09-19 02:40:00","","264036.329565912","486279.707488973","국내여행업","","","0","","","서울보증보험","","0","0","0","0","","","0","0","","0","0","","0","0","","0","","","","","","","0","20250417","20260416","","0","",
"79","국내여행업","03_12_01_P","4181000","CDFI2260012010000001","2010-03-04","","01","영업/정상","13","영업중","","","","","1544-4970","","","강원특별자치도 춘천시 온의동 513-3 강남병원","강원특별자치도 춘천시 경춘로 2364, 강남병원 7층 (온의동)","24436","(주)펜션뱅크","2025-03-10 17:36:50","U","2025-03-12 02:40:00","","263363.74960516","484877.145433762","국내여행업","","","0","","","서울보증보험(주)","","1","0","0","0","NOWN","DOMESTIC TRAVEL AGENCY","0","0","","0","0","","0","75","","0","","","","","","","60000000","20250304","20260303","","75","",
"80","국내여행업","03_12_01_P","4181000","CDFI2260012011000002","2011-04-22","","01","영업/정상","13","영업중","","","","","","","","강원특별자치도 춘천시 동면 만천리 802-4","강원특별자치도 춘천시 동면 만천로 179","24216","삼화여행사","2025-02-12 17:30:08","U","2025-02-15 02:40:00","","266426.729068132","487175.792008781","국내여행업","","","0","","","서울보증보험","","0","0","0","0","SAM HWA SERVICE TRAVEL","DOMESTIC TRAVEL AGENCY","0","0","","0","0","","0","0","","0","","","","","","","30000000","20250122","20260121","","0","",
"81","국내여행업","03_12_01_P","4181000","CDFI2260012025000004","2025-10-29","","01","영업/정상","13","영업중","","","","","","","","강원특별자치도 춘천시 삼천동 49-26","강원특별자치도 춘천시 선들길 28-11, 202호 (삼천동)","24239","인링크 주식회사","2025-10-29 10:09:47","I","2025-10-31 00:20:02","","261861.996925559","484973.943205547","국내여행업","","","0","","","","","0","0","0","0","","","0","0","","0","0","","0","0","","0","","","","","","","10000000","","","","0","",
"82","국내여행업","03_12_01_P","4181000","CDFI2260012025000002","2025-08-18","","01","영업/정상","13","영업중","","","","","","","","강원특별자치도 춘천시 후평동 558-1","강원특별자치도 춘천시 후석로420번길 7, 819호 (후평동)","24232","안전한 씨스 현장체험학습","2025-09-05 15:13:26","U","2025-09-07 02:40:00","","265474.842593179","487512.552718902","국내여행업","","","0","","","서울보증보험","","0","0","0","0","","","0","0","","0","0","","0","0","","0","","","","","","","10215345","20250818","20260817","","0","",
"83","국내여행업","03_12_01_P","4181000","CDFI2260012025000003","2025-08-25","","01","영업/정상","13","영업중","","","","","","","","강원특별자치도 춘천시 후평동 726-3","강원특별자치도 춘천시 후석로 366, 여성기업종합지원센터 401호 (후평동)","24234","와이즈로그","2025-09-08 09:19:42","U","2025-09-11 02:40:00","","265742.317278702","487007.27816154","국내여행업","","","0","","","서울보증보험","","0","0","0","0","","","0","0","","0","0","","0","0","","0","","","","","","","23000000","20250825","20260824","","0","",
"84","국내여행업","03_12_01_P","4181000","CDFI2260012025000001","2025-05-14","","01","영업/정상","13","영업중","","","","","","","","강원특별자치도 춘천시 온의동 542-2","강원특별자치도 춘천시 충혼길52번길 10, 303-9호 (온의동)","24437","K9여행사","2025-05-19 10:21:26","U","2025-05-21 02:40:00","","263250.540593552","484452.409041204","국내여행업","","일반주거지역","5","","","서울보증보험","근린생활시설","5","0","0","0","","","0","0","","0","0","","0","7","","0","","","","","","","21315958","20250514","20260513","","7","",
"85","국내여행업","03_12_01_P","4181000","CDFI2260012023000003","2023-03-03","","01","영업/정상","13","영업중","","","","","","","","강원특별자치도 춘천시 온의동 542-2","강원특별자치도 춘천시 충혼길52번길 10, 304-3호 (온의동)","24437","(주)캠프","2025-03-10 17:37:27","U","2025-03-12 02:40:00","","263250.540593552","484452.409041204","국내여행업","","","0","","","서울보증보험","","0","0","0","0","","","0","0","","0","0","","0","0","","0","","","","","","","16000000","20250302","20260301","","0","",
"86","국내여행업","03_12_01_P","4181000","CDFI2260012005000004","2005-04-08","","04","취소/말소/만료/정지/중지","30","허가취소","","","","","243-5205","","200-957","강원특별자치도 춘천시 후평동 301-1","강원특별자치도 춘천시 공단로 16  (후평동)","","(주)세원항공여행사","2007-01-08 11:45:18","I","2023-06-13 00:00:00","","265901.189684597","487462.910139265","국내여행업","관광사업","","0","","","","","0","0","0","0","","","0","0","","0","0","","0","40","","0","","","","","","","150000000","","","","40","",
"87","국내여행업","03_12_01_P","4181000","CDFI2260012002000009","2002-06-21","2018-02-26","04","취소/말소/만료/정지/중지","31","등록취소","","","","","033-243-4594","","200-853","강원특별자치도 춘천시 동면 장학리 462-6","강원특별자치도 춘천시 동면 소양강로 310","200-853","뉴호반관광여행사","2018-03-06 13:10:44","I","2023-06-13 00:00:00","","265697.240774573","490470.382271941","국내여행업","관광사업","","0","","","서울보증보험(주)","","0","0","0","0","NEW HOBAN SERVICE TRAVEL CO. LTD","DOMESTIC TRAVEL AGENCY","0","0","","0","0","","0","20.1","","0","","","","","","","50000000","20150906","20160906","","20","",
"88","국내여행업","03_12_01_P","4181000","CDFI2260012005000003","2005-03-31","2010-05-06","04","취소/말소/만료/정지/중지","31","등록취소","","","","","264-0033","","200-951","강원특별자치도 춘천시 효자동 608-21","강원특별자치도 춘천시 서부대성로 180-1  (효자동)","","(주)조은투어","2010-05-17 10:32:22","I","2023-06-13 00:00:00","","264916.387917123","486101.729080077","국내여행업","관광사업","","0","","","한국관광협회중앙회","","0","0","0","0","","","0","0","","0","0","","0","144.6","","0","","","","","","","600000000","20080225","20090225","","145","",
"89","국내여행업","03_12_01_P","4181000","CDFI2260012005000008","2005-10-21","2023-10-11","04","취소/말소/만료/정지/중지","31","등록취소","","","","","033-241-4144","","","강원특별자치도 춘천시 석사동 748-10","강원특별자치도 춘천시 우석로 59, 1층호 (석사동)","24324","(합)두리여행사","2023-10-11 16:30:53","U","2023-10-13 02:40:00","","266078.425432546","484899.659988895","국내여행업","관광사업","","0","","","서울보증보험(주)","","0","0","0","0","","","0","0","","0","0","","0","0","","0","","","","","","","50000000","20150910","20200628","","0","",
"90","국내여행업","03_12_01_P","4181000","CDFI2260012006000001","2006-08-28","2010-05-06","04","취소/말소/만료/정지/중지","31","등록취소","","","","","251-8686","","200-944","강원특별자치도 춘천시 퇴계동 885-8","강원특별자치도 춘천시 공원3길 19-1  (퇴계동)","","(주)범우여행사","2010-05-17 10:31:18","I","2023-06-13 00:00:00","","263637.307165924","484424.548599013","국내여행업","관광사업","","0","","","","","0","0","0","0","","","0","0","","0","0","","0","99","","0","","","","","","","50000000","","","","99","",
"91","국내여행업","03_12_01_P","4181000","CDFI2260011994000001","1994-06-10","2010-05-06","04","취소/말소/만료/정지/중지","31","등록취소","","","","","242-6001","","200-080","강원특별자치도 춘천시 운교동 169-13","강원특별자치도 춘천시 춘천로 153  (운교동)","","춘천조양관광(합)","2010-05-17 10:30:13","I","2023-06-13 00:00:00","","264247.362489907","486209.622796805","국내여행업","관광사업","","0","","","한국관광협회중앙회","","0","0","0","0","","","0","0","","0","0","","0","0","","0","","","","","","","187500000","20070201","20080201","","0","",
"92","국내여행업","03_12_01_P","4181000","CDFI2260011995000002","1995-04-04","2023-10-11","04","취소/말소/만료/정지/중지","31","등록취소","","","","","","","200-954","강원특별자치도 춘천시 효자동 672-8","강원특별자치도 춘천시 공지로 338 (효자동)","","춘천관광(합)","2023-10-11 16:32:42","U","2023-10-13 02:40:00","","264068.159757679","485466.367974162","국내여행업","관광사업","","0","","","한국관광협회중앙회","","0","0","0","0","","","0","0","","0","0","","0","0","","0","","","","","","","0","20100724","20110724","","0","",
"93","국내여행업","03_12_01_P","4191000","CDFI2260011997000002","1997-02-06","","03","폐업","03","폐업","2010-09-15","","","","033-745-6540","","220-904","강원특별자치도 원주시 중앙동 237-2","강원특별자치도 원주시 평원로 7  (중앙동)","","(합)씨티투어","2010-09-16 16:49:27","I","2023-06-13 00:00:00","","284425.919744653","427729.447239232","국내여행업","관광사업","","0","","","","","0","0","0","0","","","0","0","","0","0","","0","101","","0","","","","","","","50000000","","","","101","",
"94","국내여행업","03_12_01_P","4191000","CDFI2260011999000001","1999-11-19","","03","폐업","03","폐업","2021-12-30","","","","744-6122","","220-904","강원특별자치도 원주시 중앙동 258 2층","강원특별자치도 원주시 평원로 3 (중앙동)","26429","(합)하나로여행사","2021-12-30 13:30:04","I","2023-06-13 00:00:00","","284449.927758119","427707.568540322","국내여행업","관광사업","","0","","","서울보증보험","","0","0","0","0","","","0","0","","0","0","","0","97.5","","0","","","","","","","50000000","20201123","20211122","","98","",
"95","국내여행업","03_12_01_P","4191000","CDFI2260012000000001","2000-02-01","","03","폐업","03","폐업","2023-03-27","","","","033-745-3247","","","강원특별자치도 원주시 단계동 1215 원주 봉화산 벨라시티 아파트","강원특별자치도 원주시 백간길 17, 108동 1103호 (단계동, 원주 봉화산 벨라시티 아파트)","26409","(합)보람항공여행사","2023-03-27 17:21:35","I","2023-06-13 00:00:00","","281822.39778169","428246.867297471","국내여행업","관광사업","","0","","","서울보증보험","","0","0","0","0","","","0","0","","0","0","","0","82.5","","0","","","","","","","50000000","20200401","20220331","","83","",
"96","국내여행업","03_12_01_P","4191000","CDFI2260012000000002","2000-03-17","","03","폐업","03","폐업","2022-03-16","","","","033-744-8821","","","강원특별자치도 원주시 반곡동 1880-10","강원특별자치도 원주시 양지로 26 (반곡동)","26465","(합)21세기여행사","2022-08-17 11:43:06","I","2023-06-13 00:00:00","","286933.822944686","425186.306407447","국내여행업","관광사업","","0","","","한국관광협회중앙회 여행공제회","","0","0","0","0","","","0","0","","0","0","","0","249.84","","0","","","","","","","50000000","20220324","20230324","","250","",
"97","국내여행업","03_12_01_P","4191000","CDFI2260012000000003","2000-03-08","","03","폐업","03","폐업","2022-02-08","","","","033-762-0114","","220-150","강원특별자치도 원주시 무실동 1720-1","강원특별자치도 원주시 만대로 53 (무실동)","26387","주식회사 테마","2022-02-08 18:47:31","I","2023-06-13 00:00:00","","281541.451025346","426904.182637282","국내여행업","관광사업","","0","","","한국관광협회중앙회 여행공제회","","0","0","0","0","Thema Co.","DOMESTIC TRAVEL AGENCY","0","0","","0","0","","0","112.4","","0","","","","","","","50000000","20210923","20220923","","112","",
"98","국내여행업","03_12_01_P","4191000","CDFI2260012000000004","2000-12-13","","03","폐업","03","폐업","2003-05-02","","","","033)746-3535","","220-963","강원특별자치도 원주시 학성동 998-1","강원특별자치도 원주시 유문1길 53 (학성동)","220-963","(합)뉴신세계여행사","2013-12-16 20:55:47","I","2023-06-13 00:00:00","","283494.256493481","428583.313192715","국내여행업","관광사업","","0","","","","","0","0","0","0","","","0","0","","0","0","","0","59.48","","0","","","","","","","50000000","","","","59","",
"99","국내여행업","03_12_01_P","4191000","CDFI2260012001000002","2001-04-04","","03","폐업","03","폐업","2022-02-08","","","","","","","강원특별자치도 원주시 학성동 991-2","강원특별자치도 원주시 원일로 233 (학성동)","26413","(주)원주투어스","2022-02-08 13:43:35","I","2023-06-13 00:00:00","","283473.536558182","428693.830689917","국내여행업","관광사업","","0","","","서울보증보험주식회사","근린생활시설","0","0","0","0","","","0","0","","0","0","","0","154","","0","","","","","","","50000000","20210901","20220831","","154","",
"100","국내여행업","03_12_01_P","4191000","CDFI2260012020000002","2020-01-29","","03","폐업","03","폐업","2021-12-24","","","","033-732-8840","","","강원특별자치도 원주시 단계동 803-2 원주원예농협하나로클럽","강원특별자치도 원주시 무실로 182, 원주원예농협하나로클럽 (단계동)","26434","대한여행사","2021-12-24 10:35:21","I","2023-06-13 00:00:00","","283125.943357781","426975.404734288","국내여행업","","","0","","","서울보증보험","","0","0","0","0","","","0","0","","0","0","","0","0","","0","","","","","","","48635700","20210901","20220831","","0","",
"101","국내여행업","03_12_01_P","4191000","CDFI2260012020000003","2020-12-07","","03","폐업","03","폐업","2024-04-09","","","","","","","강원특별자치도 원주시 중앙동 57 자유시장","강원특별자치도 원주시 중앙시장길 11, 2층 15-6호 (중앙동, 자유시장)","26428","도시탈출","2024-04-15 11:07:45","U","2024-04-17 02:40:00","","284005.234706843","428073.8236109","국내여행업","","","0","","","서울보증보험주식회사","","0","0","0","0","","","0","0","","0","0","","0","0","","0","","","","","","","17500000","20201207","20231206","","0","",
"102","국내여행업","03_12_01_P","4191000","CDFI2260012021000001","2021-03-09","","03","폐업","03","폐업","2023-01-05","","","","033-764-5588","","","강원특별자치도 원주시 개운동 277-17","강원특별자치도 원주시 남원로 652, 3층 (개운동)","26442","주식회사투어림","2023-01-05 16:26:47","I","2023-06-13 00:00:00","","284447.034636298","426956.479401189","국내여행업","","","0","","","서울보증보험주식회사","","0","0","0","0","","","0","0","","0","0","","0","0","","0","","","","","","","30000000","20210315","20220314","","0","",
"103","국내여행업","03_12_01_P","4191000","CDFI2260012021000002","2019-10-11","","03","폐업","03","폐업","2022-12-30","","","","070-7717-9669","","","강원특별자치도 원주시 관설동 1678-3","강원특별자치도 원주시 라옹정길 51-3, 153빌딩 318호 (관설동)","26471","주식회사 디앤디플레이","2023-01-15 21:31:41","I","2023-06-13 00:00:00","","285125.043823194","424657.981223552","국내여행업","","","0","","","강원도관광협회","","0","0","0","0","","","0","0","","0","0","","0","0","","0","","","","","","","39000000","20201007","20211006","","0","",
"104","국내여행업","03_12_01_P","4191000","CDFI2260012021000003","2021-09-06","","03","폐업","03","폐업","2022-09-07","","","","","","","강원특별자치도 원주시 단계동 128-56","강원특별자치도 원주시 원문로 107-12 (단계동)","26411","베리굿투어","2022-09-07 17:45:27","I","2023-06-13 00:00:00","","282777.950023795","428595.028140433","국내여행업","","","0","","","서울보증보험","","0","0","0","0","","","0","0","","0","0","","0","0","","0","","","","","","","15000000","20210906","20220905","","0","",
"105","국내여행업","03_12_01_P","4191000","CDFI2260012023000001","2023-05-08","","03","폐업","03","폐업","2024-11-22","","","","","","","강원특별자치도 원주시 관설동 1758-4 1층","강원특별자치도 원주시 치악고교길 87, 1층 (관설동)","26469","걸을레오 여행","2024-11-22 16:37:07","U","2024-11-24 02:40:00","","284920.157618214","424289.753899784","국내여행업","","","2","","","서울보증보험 주식회사","","2","0","0","0","Gulluleo Tour","Domestic travel business","0","0","","0","0","","0","23.83","","0","","","","","","","17000000","20230508","20260507","","24","",
"106","국내여행업","03_12_01_P","4191000","CDFI2260011990000001","1990-01-25","","03","폐업","03","폐업","2021-12-30","","","","033)745-5656","","220-020","강원특별자치도 원주시 평원동 190-2","강원특별자치도 원주시 평원로 76 (평원동)","26430","(합)치악관광여행사","2021-12-30 15:16:29","I","2023-06-13 00:00:00","","284125.136860226","428194.831754633","국내여행업","관광사업","","0","","","서울보증보험주식회사","","0","0","0","0","","","0","0","","0","0","","0","158.4","","0","","","","","","","50000000","20210201","20220131","","158","",
"107","국내여행업","03_12_01_P","4191000","CDFI2260011990000002","1990-03-13","","03","폐업","03","폐업","2005-06-21","","","","033)747-9000","","220-904","강원특별자치도 원주시 중앙동 119-2","강원특별자치도 원주시 원일로 88  (중앙동)","","(주)세계항공여행사","2012-06-19 17:21:11","I","2023-06-13 00:00:00","","284132.607207377","427829.005827297","국내여행업","관광사업","","0","","","","","0","0","0","0","","","0","0","","0","0","","0","119","","0","","","","","","","50000000","","","","119","",
"108","국내여행업","03_12_01_P","4191000","CDFI2260011993000001","1993-09-09","","03","폐업","03","폐업","2022-02-04","","","","033-748-3777","","220-904","강원특별자치도 원주시 중앙동 86-2","강원특별자치도 원주시 평원로 39 (중앙동)","26428","(합)원주세중여행사","2022-02-04 14:49:58","I","2023-06-13 00:00:00","","284264.893466857","427946.529775497","국내여행업","관광사업","","0","","","한국관광협회중앙회 여행공제회","","0","0","0","0","","","0","0","","0","0","","0","102","","0","","","","","","","50000000","20210201","20220201","","102","",
"109","국내여행업","03_12_01_P","4191000","CDFI2260011993000002","1993-12-22","","03","폐업","03","폐업","2022-03-30","","","","033-763-1005","","","강원특별자치도 원주시 문막읍 동화리 87","강원특별자치도 원주시 문막읍 보통로 119","26364","(합)천호여행사","2022-03-30 15:38:26","I","2023-06-13 00:00:00","","275526.080519584","426419.625739645","국내여행업","관광사업","","0","","","한국관광협회중앙회 여행공제회","","0","0","0","0","Cheon Ho Tour System Service Co.","","0","0","","0","0","","0","13","","0","","","","","","","50000000","20201022","20211022","","13","",
"110","국내여행업","03_12_01_P","4191000","CDFI2260011994000001","1994-06-10","","03","폐업","03","폐업","2003-09-09","","","","033)732-9980","","220-956","강원특별자치도 원주시 일산동 161-12","강원특별자치도 원주시 원일로115번길 16  (일산동)","","(합)모인항공여행사","2003-09-18 15:24:56","I","2023-06-13 00:00:00","","283843.201653556","427910.021512237","국내여행업","관광사업","","0","","","","","0","0","0","0","","","0","0","","0","0","","0","64","","0","","","","","","","50000000","","","","64","",
"111","국내여행업","03_12_01_P","4191000","CDFI2260012001000005","2001-10-25","","03","폐업","03","폐업","2004-01-30","","","","033)747-9871","","220-952","강원특별자치도 원주시 우산동 73-8","강원특별자치도 원주시 북원로 2551  (우산동)","","(합)갤러리여행사","2004-02-02 12:13:36","I","2023-06-13 00:00:00","","283339.498859058","430422.080300948","국내여행업","관광사업","","0","","","","","0","0","0","0","","","0","0","","0","0","","0","33","","0","","","","","","","50000000","","","","33","",
"112","국내여행업","03_12_01_P","4191000","CDFI2260012001000006","2001-05-28","","03","폐업","03","폐업","2005-03-29","","","","033)746-1001","","220-030","강원특별자치도 원주시 학성동 326-14","강원특별자치도 원주시 중앙로 211 (학성동)","220-030","(합)좋은세상여행사","2013-12-17 13:01:01","I","2023-06-13 00:00:00","","283804.415140872","428467.05230698","국내여행업","관광사업","","0","","","","","0","0","0","0","","","0","0","","0","0","","0","50","","0","","","","","","","50000000","","","","50","",
"113","국내여행업","03_12_01_P","4191000","CDFI2260012001000007","2001-08-13","","03","폐업","03","폐업","2021-11-11","","","","033-742-6644","","","강원특별자치도 원주시 중앙동 204-2","강원특별자치도 원주시 중앙로 59 (중앙동)","26429","(합)원주관광","2021-11-11 12:37:57","I","2023-06-13 00:00:00","","284314.08576418","427720.00270481","국내여행업","관광사업","","0","","","서울보증보험주식회사","","0","0","0","0","","","0","0","","0","0","","0","66.06","","0","","","","","","","50000000","20210306","20220305","","66","2248119837",
"114","국내여행업","03_12_01_P","4191000","CDFI2260012002000001","2002-09-10","","03","폐업","03","폐업","2022-02-10","","","","033-761-6767","","","강원특별자치도 원주시 일산동 326-6","강원특별자치도 원주시 무실로 105 (일산동)","26433","(합)바다항공여행사","2022-02-10 17:06:37","I","2023-06-13 00:00:00","","283572.808250911","427353.64114131","국내여행업","관광사업","","0","","","한국관광협회중앙회","","0","0","0","0","","","0","0","","0","0","","0","45","","0","","","","","","","50000000","20210816","20220816","","45","",
"115","국내여행업","03_12_01_P","4191000","CDFI2260012002000002","2002-09-18","","03","폐업","03","폐업","2004-12-31","","","","033)735-2308","","220-903","강원특별자치도 원주시 중앙동 34-3","강원특별자치도 원주시 천사로 222 (중앙동)","220-903","매일관광여행사","2013-12-16 20:58:31","I","2023-06-13 00:00:00","","283965.9813353","428149.334055047","국내여행업","관광사업","","0","","","","","0","0","0","0","","","0","0","","0","0","","0","45","","0","","","","","","","50000000","","","","45","",
"116","국내여행업","03_12_01_P","4191000","CDFI2260012003000001","2003-02-10","","03","폐업","03","폐업","2013-05-14","","","","743-7735","","220-931","강원특별자치도 원주시 개운동 380-4","강원특별자치도 원주시 치악로 1818  (개운동)","","(주)영락여행사","2013-05-22 19:33:40","I","2023-06-13 00:00:00","","284586.438541551","427373.411724143","국내여행업","관광사업","","0","","","서울보증보험","","0","0","0","0","","","0","0","","0","0","","0","100","","0","","","","","","","50000000","20120504","20130503","","100","",
"117","국내여행업","03_12_01_P","4191000","CDFI2260012003000003","2003-06-18","","03","폐업","03","폐업","2008-06-11","","","","033-734-1045","","220-160","강원특별자치도 원주시 행구동 1534-18","강원특별자치도 원주시 행구로 246  (행구동)","","예일 Travel","2008-06-11 21:05:29","I","2023-06-13 00:00:00","","287047.703579006","427189.856125937","국내여행업","관광사업","","0","","","","","0","0","0","0","","","0","0","","0","0","","0","33","","0","","","","","","","150000000","","","","33","",
"118","국내여행업","03_12_01_P","4191000","CDFI2260012004000001","2004-01-13","","03","폐업","03","폐업","2005-03-29","","","","033-731-3388","","220-904","강원특별자치도 원주시 중앙동 214-2","강원특별자치도 원주시 원일로 68  (중앙동)","","(합)북원여행사","2009-05-13 16:04:41","I","2023-06-13 00:00:00","","284241.010361768","427746.579574871","국내여행업","관광사업","","0","","","","","0","0","0","0","","","0","0","","0","0","","0","66","","0","","","","","","","50000000","","","","66","",
"119","국내여행업","03_12_01_P","4191000","CDFI2260012004000002","2004-03-20","","03","폐업","03","폐업","2005-10-25","","","","033-760-2881","","220-842","강원특별자치도 원주시 흥업면 매지리 234","강원특별자치도 원주시 흥업면 무수막1길 44","","(주)한국관광써비스","2005-10-27 17:45:55","I","2023-06-13 00:00:00","","281105.693982309","420333.536040056","국내여행업","관광사업","주거지역","2","","","","","0","0","0","0","","","0","0","","0","0","","0","15","","0","","","","","","","50000000","","","","15","",
"120","국내여행업","03_12_01_P","4191000","CDFI2260012003000004","2003-08-19","","03","폐업","03","폐업","2005-11-30","","","","748-1518","","220-962","강원특별자치도 원주시 태장동 1380-1","강원특별자치도 원주시 북원로 2704-3  (태장동)","","(합)OK여행사","2005-12-14 11:00:25","I","2023-06-13 00:00:00","","283877.472153581","431835.6238747","국내여행업","관광사업","","0","","","","","0","0","0","0","","","0","0","","0","0","","0","100","","0","","","","","","","150000000","","","","100","",
"121","국내여행업","03_12_01_P","4191000","CDFI2260012017000002","2017-03-31","","03","폐업","03","폐업","2019-12-16","","","","","","","강원특별자치도 원주시 태장동 1379-23","강원특별자치도 원주시 북원상가길 13 (태장동, 북원상가)","26316","가자GO여행","2019-12-16 17:55:29","I","2023-06-13 00:00:00","","283960.641282355","431787.035435458","국내여행업","","일반상업지역","2","학교정화(상대)","","","","0","0","0","0","","","0","0","","0","0","","0","19.6","","0","","","","","","","0","","","","20","",
"122","국내여행업","03_12_01_P","4191000","CDFI2260012017000003","2017-04-19","","03","폐업","03","폐업","2022-08-24","","","","0337332333","","","강원특별자치도 원주시 중앙동 15-3","강원특별자치도 원주시 원일로 146 (중앙동)","26415","크리스마스 여행사","2022-08-24 16:00:54","I","2023-06-13 00:00:00","","283868.142741161","428170.957630989","국내여행업","","","0","","","서울보증보험","","0","0","0","0","","","0","0","","0","0","","0","0","","0","","","","","","","0","20210101","20211231","","0","",
"123","국내여행업","03_12_01_P","4191000","CDFI2260012017000004","2017-06-29","","03","폐업","03","폐업","2020-07-22","","","","033-742-0079","","","강원특별자치도 원주시 단구동 1538-5","강원특별자치도 원주시 천매봉길 56-13, 1층 (단구동)","26483","나우도시개발 주식회사","2020-07-23 20:15:13","I","2023-06-13 00:00:00","","283366.627713582","425061.377004149","국내여행업","","","0","","","","","0","0","0","0","","","0","0","","0","0","","0","0","","0","","","","","","","50000000","","","","0","",
"124","국내여행업","03_12_01_P","4191000","CDFI2260012017000005","2017-09-03","","03","폐업","03","폐업","2020-02-25","","","","003307325599","","","강원특별자치도 원주시 지정면 판대리 483-2","강원특별자치도 원주시 지정면 구재로 132","26357","디엔제이 주식회사","2020-02-26 13:51:43","I","2023-06-13 00:00:00","","270048.367306697","433256.17123511","국내여행업","","","0","","","서울보증보험주식회사","","0","0","0","0","","","0","0","","0","0","","0","0","","0","","","","","","","0","20170901","20180831","","0","",
"125","국내여행업","03_12_01_P","4191000","CDFI2260012018000002","2018-04-24","","03","폐업","03","폐업","2022-02-10","","","","","","","강원특별자치도 원주시 흥업면 흥업리 산 66 한라대학교","강원특별자치도 원주시 흥업면 한라대길 28, 한라대학교 창업보육센터 1-205호","26404","내배낭속케렌시아(Querencia in my backpack)","2022-02-10 17:07:36","I","2023-06-13 00:00:00","","280062.707435473","422524.037659411","국내여행업","","자연녹지지역","0","","","서울보증보험주식회사","","0","0","0","0","","","0","0","","0","0","","0","33.54","","0","","","","","","","45000000","20210424","20220423","","34","",
"126","국내여행업","03_12_01_P","4191000","CDFI2260012018000003","2018-05-24","","03","폐업","03","폐업","2022-12-12","","","","0337472885","","","강원특별자치도 원주시 단계동 809 벽산아파트 상가","강원특별자치도 원주시 평원초교길 25, 벽산아파트 상가 204호 (단계동)","26420","여행뱅이","2022-12-12 14:30:03","I","2023-06-13 00:00:00","","282575.668951368","428109.420429959","국내여행업","","","0","","","서울보증보험","","0","0","0","0","","","0","0","","0","0","","0","0","","0","","","","","","","15000000","20210524","20220523","","0","",
"127","국내여행업","03_12_01_P","4191000","CDFI2260012018000004","2018-08-14","","03","폐업","03","폐업","2020-12-14","","","","","","","강원특별자치도 원주시 단구동 1599-4 원주프리미엄아울렛","강원특별자치도 원주시 서원대로 500, 원주프리미엄아울렛 3층 322호 (단구동)","26487","(주)리드트레블","2020-12-15 14:54:52","I","2023-06-13 00:00:00","","284818.874360771","425225.032426821","국내여행업","","","0","","","서울보증보험주식회사","","0","0","0","0","","","0","0","","0","0","","0","0","","0","","","","","","","0","20191201","20201130","","0","",
"128","국내여행업","03_12_01_P","4191000","CDFI2260012019000001","2019-02-01","","03","폐업","03","폐업","2020-12-03","","","","","","","강원특별자치도 원주시 단계동 651-1","강원특별자치도 원주시 서원대로 106, 1층 (단계동)","26381","조이투어","2021-02-17 17:53:47","I","2023-06-13 00:00:00","","281838.569698066","427613.759606355","국내여행업","","","0","","","","","0","0","0","0","","","0","0","","0","0","","0","0","","0","","","","","","","15000000","","","","0","",
"129","국내여행업","03_12_01_P","4191000","CDFI2260012019000003","2019-05-15","","03","폐업","03","폐업","2023-04-10","","","","","","","강원특별자치도 원주시 단구동 1599-4 원주프리미엄아울렛 402-35호","강원특별자치도 원주시 서원대로 500, 원주프리미엄아울렛 4층 402-35호 (단구동)","26487","(주)코리아119구급대","2023-04-10 17:30:12","I","2023-06-13 00:00:00","","284818.874360771","425225.032426821","국내여행업","","","0","","","서울보증보험주식회사","","0","0","0","0","","","0","0","","0","0","","0","0","","0","","","","","","","15000000","20190515","20220514","","0","",
"130","국내여행업","03_12_01_P","4191000","CDFI2260012019000006","2019-07-25","","03","폐업","03","폐업","2021-11-05","","","","","","","강원특별자치도 원주시 관설동 1453 홈플러스","강원특별자치도 원주시 치악로 1489, 홈플러스 2층 (관설동)","26471","홈앤투어","2021-11-05 13:27:33","I","2023-06-13 00:00:00","","285677.402683418","424408.068770392","국내여행업","","","0","","","서울보증보험","","0","0","0","0","","","0","0","","0","0","","0","0","","0","","","","","","","53138000","20210801","20220731","","0","",
"131","국내여행업","03_12_01_P","4191000","CDFI2260012019000007","2019-10-14","","03","폐업","03","폐업","2022-08-31","","","","033-764-3883","","","강원특별자치도 원주시 단구동 1475-13","강원특별자치도 원주시 단구초교길 6-11, 1층 (단구동)","26452","다모아여행사","2022-08-31 17:37:14","I","2023-06-13 00:00:00","","285504.511267485","424788.091399054","국내여행업","","","0","","","서울보증보험주식회사","","0","0","0","0","","","0","0","","0","0","","0","0","","0","","","","","","","45000000","20201022","20211021","","0","",
"132","국내여행업","03_12_01_P","4191000","CDFI2260012014000005","2014-09-24","","03","폐업","03","폐업","2019-08-19","","","","","","220-150","강원특별자치도 원주시 무실동 1724-7","강원특별자치도 원주시 시청로 29-3 (무실동)","26383","노아투어컴퍼니 유한회사","2019-08-19 16:56:44","I","2023-06-13 00:00:00","","281807.828808405","426881.899587719","국내여행업","","","0","","","서울보증보험주식회사","","0","0","0","0","","","0","0","","0","0","","0","0","","0","","","","","","","115361008","20160908","20170907","","0","",
"133","국내여행업","03_12_01_P","4191000","CDFI2260012014000008","2014-03-13","","03","폐업","03","폐업","2022-01-26","","","","033-748-2291","","","강원특별자치도 원주시 행구동 1106-4","강원특별자치도 원주시 살구둑길 58 (행구동)","26455","골든투어","2022-01-26 16:03:01","I","2023-06-13 00:00:00","","288240.577292402","427526.884057067","국내여행업","","","0","","","서울보증보험주식회사","","0","0","0","0","","","0","0","","0","0","","0","0","","0","","","","","","","0","20210830","20220829","","0","",
"134","국내여행업","03_12_01_P","4191000","CDFI2260012014000009","2014-12-30","","03","폐업","03","폐업","2022-01-19","","","","033-762-5558","","220-944","강원특별자치도 원주시 단구동 1577-4","강원특별자치도 원주시 늘품로 33 (단구동)","26486","가온누리 여행사","2022-01-19 16:45:58","I","2023-06-13 00:00:00","","284141.939822794","424945.032858273","국내여행업","","","0","","","서울보증보험주식회사","","0","0","0","0","","","0","0","","0","0","","0","0","","0","","","","","","","0","20191222","20211221","","0","",
"135","국내여행업","03_12_01_P","4191000","CDFI2260012015000001","2015-03-12","","03","폐업","03","폐업","2018-03-13","","","","033-761-1717","","","강원특별자치도 원주시 학성동 1047-4","강원특별자치도 원주시 학성길 90 (학성동)","26417","지엠지투어","2021-02-09 09:32:12","I","2023-06-13 00:00:00","","283410.093523066","428334.255201393","국내여행업","","","0","","","서울보증보험","","0","0","0","0","","","0","0","","0","0","","0","0","","0","","","","","","","95000000","20160313","20170312","","0","",
"136","국내여행업","03_12_01_P","4191000","CDFI2260012015000002","2015-04-20","","03","폐업","03","폐업","2017-02-09","","","","033-735-6662","","220-937","강원특별자치도 원주시 단계동 801-18","강원특별자치도 원주시 단구로 75 (단계동)","26434","굴러라감자 주식회사","2017-02-09 09:10:25","I","2023-06-13 00:00:00","","283209.644056555","427111.872743899","국내여행업","","","0","","","","","0","0","0","0","","","0","0","","0","0","","0","0","","0","","","","","","","30000000","","","","0","",
"137","국내여행업","03_12_01_P","4191000","CDFI2260012015000003","2015-05-20","","03","폐업","03","폐업","2022-12-30","","","","033-734-3337","","","강원특별자치도 원주시 단구동 1682-1 현진에버빌5차","강원특별자치도 원주시 단구로 413, 502동 803호 (단구동, 현진에버빌5차)","26491","ALL바른여행사","2023-01-03 14:53:32","I","2023-06-13 00:00:00","","284655.589772235","424606.118340073","국내여행업","","","0","","","서울보증보험주식회사","","0","0","0","0","","","0","0","","0","0","","0","0","","0","","","","","","","90000000","20210816","20220815","","0","2241250623",
"138","국내여행업","03_12_01_P","4191000","CDFI2260012016000001","2016-02-11","","03","폐업","03","폐업","2022-02-10","","","","033 731 2700","","","강원특별자치도 원주시 반곡동 2019-2","강원특별자치도 원주시 달마중3길 1 (반곡동)","26463","혁신도시여행사","2022-02-10 17:05:56","I","2023-06-13 00:00:00","","287824.588530238","425040.348116703","국내여행업","","","0","","","서울보증보험주식회사","","0","0","0","0","","","0","0","","0","0","","0","0","","0","","","","","","","211200000","20210215","20220214","","0","",
"139","국내여행업","03_12_01_P","4191000","CDFI2260012016000003","2016-04-01","","03","폐업","03","폐업","2023-12-28","","","","033-766-8053","","","강원특별자치도 원주시 태장동 1906-2","강원특별자치도 원주시 북원로 2880 (태장동)","26312","(주)강남관광","2023-12-28 10:39:16","U","2023-12-30 02:40:00","","284343.136069398","433530.74713622","국내여행업","","","0","","","서울보증보험주식회사","","0","0","0","0","","","0","0","","0","0","","0","0","","0","","","","","","","160000000","20210401","20220331","","0","",
"140","국내여행업","03_12_01_P","4191000","CDFI2260012016000005","2016-10-24","","03","폐업","03","폐업","2023-03-09","","","","","","","강원특별자치도 원주시 반곡동 1762 101호","강원특별자치도 원주시 늘품로 197, 101호 (반곡동)","26459","콕콕투어","2023-03-09 12:57:43","I","2023-06-13 00:00:00","","285305.551227162","426077.94920901","국내여행업","","","0","","","서울보증보험주식회사","","0","0","0","0","","","0","0","","0","0","","0","52.67","","0","","","","","","","45000000","20201101","20221031","","53","",
"141","국내여행업","03_12_01_P","4191000","CDFI2260012016000006","2016-11-02","","03","폐업","03","폐업","2024-04-22","","","","033 735 1137","","","강원특별자치도 원주시 단계동 1123 AK플라자","강원특별자치도 원주시 봉화로 1, 2층 (단계동, AK플라자)","26437","하나트래블(AK플라자)","2024-04-23 16:47:40","U","2024-04-25 02:40:00","","282120.73395865","427477.545400161","국내여행업","","","0","","","서울보증보험주식회사","","0","0","0","0","","","0","0","","0","0","","0","0","","0","","","","","","","47480920","20210301","20220228","","0","",
"142","국내여행업","03_12_01_P","4191000","CDFI2260012004000003","2004-04-13","","03","폐업","03","폐업","2014-04-30","","","","766-3413","","220-070","강원특별자치도 원주시 인동 242-16 카톨릭센터 306호","강원특별자치도 원주시 원일로 28, 306호 (인동,카톨릭센터)","","(주)웹크래프트","2014-06-24 15:18:29","I","2023-06-13 00:00:00","","284427.759988708","427531.495309273","국내여행업","관광사업","","0","","","서울보증보험","","0","0","0","0","","","0","0","","0","0","","0","66","","0","","","","","","","50000000","20120418","20130417","","66","",
"143","국내여행업","03_12_01_P","4191000","CDFI2260012004000004","2004-06-28","","03","폐업","03","폐업","2005-10-10","","","","","","220-957","강원특별자치도 원주시 일산동 193-12 대륙빌딩 501호","강원특별자치도 원주시 천사로 202  (일산동,대륙빌딩 501호)","","(주)세계항공여행사","2006-04-25 20:58:29","I","2023-06-13 00:00:00","","283788.447694058","428047.035990983","국내여행업","관광사업","일반상업지역","3","기타","","","사무실","3","0","0","0","","","0","0","","0","0","","0","58.28","","0","","","","","","","300000000","","","","58","",
"144","국내여행업","03_12_01_P","4191000","CDFI2260012005000002","2005-05-31","","03","폐업","03","폐업","2011-05-23","","","","746-7979","","220-904","강원특별자치도 원주시 중앙동 214-2","강원특별자치도 원주시 원일로 68  (중앙동)","","가자여행사","2011-05-24 11:44:26","I","2023-06-13 00:00:00","","284241.010361768","427746.579574871","국내여행업","관광사업","근린상업지역","2","기타","","","사무실","2","0","0","0","","","0","0","","0","0","","0","25","","0","","","","","","","50000000","","","","25","",
"145","국내여행업","03_12_01_P","4191000","CDFI2260012005000004","2005-08-30","","03","폐업","03","폐업","2020-02-24","","","","033-733-3456","","","강원특별자치도 원주시 우산동 90-2","강원특별자치도 원주시 우산초교길 13 (우산동)","26343","(합)웰빙투어","2020-02-25 13:15:03","I","2023-06-13 00:00:00","","283131.797648892","429862.787247015","국내여행업","관광사업","상업지역","2","기타","","서울보증보험주식회사","사무실","2","0","0","0","","","0","0","","0","0","","0","36.75","","0","","","","","","","150000000","20160916","20170915","","37","",
"146","국내여행업","03_12_01_P","4191000","CDFI2260012006000001","2006-06-02","","03","폐업","03","폐업","2008-06-12","","","","","","220-904","강원특별자치도 원주시 중앙동 82-2","강원특별자치도 원주시 평원로 43  (중앙동)","","은빛관광여행사","2008-06-12 17:57:48","I","2023-06-13 00:00:00","","284245.167831501","427978.31851675","국내여행업","관광사업","","3","","","","","3","0","0","0","","","0","0","","0","0","","0","90","","0","","","","","","","0","","","","90","",
"147","국내여행업","03_12_01_P","4191000","CDFI2260012006000002","2006-06-05","","03","폐업","03","폐업","2019-05-30","","","","033-761-3331","","","강원특별자치도 원주시 학성동 203-52 1층","강원특별자치도 원주시 평원로 93-1 (학성동)","26415","우리투어","2021-02-17 17:53:33","I","2023-06-13 00:00:00","","283972.269964528","428309.775707023","국내여행업","관광사업","","1","","","서울보증보험주식회사","","0","0","0","0","","","0","0","","0","0","","0","15","","0","","","","","","","150000000","20160401","20170331","","15","",
"148","국내여행업","03_12_01_P","4191000","CDFI2260012006000004","2006-07-20","","03","폐업","03","폐업","2022-02-25","","","","033-748-8100","","","강원특별자치도 원주시 일산동 189-28","강원특별자치도 원주시 천사로 173-1 (일산동)","26417","해피투어","2022-02-25 16:22:09","I","2023-06-13 00:00:00","","283527.364727364","427974.894344686","국내여행업","관광사업","","0","","","서울보증보험주식회사","","0","0","0","0","","","0","0","","0","0","","0","33","","0","","","","","","","50000000","20210511","20220510","","33","",
"149","국내여행업","03_12_01_P","4191000","CDFI2260012008000003","2008-06-20","","03","폐업","03","폐업","2013-11-08","","","","742-4698","","220-160","강원특별자치도 원주시 행구동 1534-18","강원특별자치도 원주시 행구로 246 (행구동)","","유진여행사","2013-11-11 11:45:19","I","2023-06-13 00:00:00","","287047.703579006","427189.856125937","국내여행업","관광사업","","0","","","한국관광협회","","0","0","0","0","","","0","0","","0","0","","0","49.5","","0","","","","","","","50000000","20130702","20140702","","50","",
"150","국내여행업","03_12_01_P","4191000","CDFI2260012008000004","2008-10-21","","03","폐업","03","폐업","2022-02-11","","","","033-764-1258","","","강원특별자치도 원주시 무실동 1857-10","강원특별자치도 원주시 능라동길 51 (무실동)","26392","(합)코리아여행사","2022-02-11 16:26:17","I","2023-06-13 00:00:00","","282361.656343235","426273.540502002","국내여행업","관광사업","","0","","","서울보증보험","","0","0","0","0","COREA TOUR SYSTEM SERVICE CO.","DOMESTIC TRAVEL AGENCY","0","0","","0","0","","0","60","","0","","","","","","","50000000","20210828","20220827","","60","",
"151","국내여행업","03_12_01_P","4191000","CDFI2260012009000001","2009-10-01","","03","폐업","03","폐업","2018-09-14","","","","070-4644-8849","","","강원특별자치도 원주시 단계동 1207-25","강원특별자치도 원주시 전망길 6 (단계동)","26379","(합)이모션트래블","2018-09-17 16:23:20","I","2023-06-13 00:00:00","","281248.197134688","428314.272071044","국내여행업","","","0","","","서울보증보험주식회사","","0","0","0","0","","","0","0","","0","0","","0","29.97","","0","","","","","","","150000000","20161007","20171006","","30","",
"152","국내여행업","03_12_01_P","4191000","CDFI2260012010000001","2010-09-07","","03","폐업","03","폐업","2022-10-17","","","","033-734-1445","","","강원특별자치도 원주시 무실동 1640 요진보네르카운티","강원특별자치도 원주시 시청로 64, 107동 504호 (무실동, 요진보네르카운티)","26388","레츠고투어","2022-10-17 13:26:13","I","2023-06-13 00:00:00","","281850.588331562","426557.849029399","국내여행업","","근린상업지역","0","","","서울보증보험주식회사","","0","0","0","0","","","0","0","","0","0","","0","42.16","","0","","","","","","","0","20210901","20220831","","42","2240943568",
"153","국내여행업","03_12_01_P","4191000","CDFI2260012011000001","2011-04-21","","03","폐업","03","폐업","2012-08-01","","","","033-745-7175","","220-904","강원특별자치도 원주시 중앙동 265 3층","강원특별자치도 원주시 중앙로 44  (중앙동,3층)","","에프스타일","2012-08-27 17:46:23","I","2023-06-13 00:00:00","","284386.478173056","427669.739612027","국내여행업","","","3","","","","근린생활시설","3","0","0","0","FSTYLE","DOMESTIC TRAVEL AGENCY","0","0","","0","0","","0","146.3","","0","","","","","","","33182192","","","","146","",
"154","국내여행업","03_12_01_P","4191000","CDFI2260012011000002","2011-05-02","","03","폐업","03","폐업","2020-12-24","","","","033-762-2663","","","강원특별자치도 원주시 명륜동 618","강원특별자치도 원주시 황소마을길 39-5, 1층 (명륜동)","26481","월드허니문투어","2020-12-28 13:35:36","I","2023-06-13 00:00:00","","283495.515361267","425896.314592829","국내여행업","","","0","","","서울보증보험주식회사","","0","0","0","0","WORLD HONEYMOON TOUR","DOMESTIC TRAVEL AGENCY","0","0","","0","0","","0","100","","0","","","","","","","30000000","20160817","20170815","","100","",
"155","국내여행업","03_12_01_P","4191000","CDFI2260012011000003","2011-05-02","","03","폐업","03","폐업","2014-01-17","","","","","","220-010","강원특별자치도 원주시 중앙동 119-2","강원특별자치도 원주시 원일로 88 (중앙동)","","(주)조이클럽여행","2014-01-28 09:28:26","I","2023-06-13 00:00:00","","284132.607207377","427829.005827297","국내여행업","","","0","","","한국관광협회 중앙회 여행공제회","","0","0","0","0","JOY CLUB TRAVEL CO.","DOMESTIC TRAVEL AGENCY","0","0","","0","0","","0","63.27","","0","","","","","","","150000000","20120704","20130704","","63","",
"156","국내여행업","03_12_01_P","4191000","CDFI2260012011000004","2011-12-15","","03","폐업","03","폐업","2023-03-15","","","","033-744-9971","","","강원특별자치도 원주시 단계동 1113-2","강원특별자치도 원주시 봉화로 57 (단계동)","26422","원주웨딩투어","2023-03-15 19:40:54","I","2023-06-13 00:00:00","","282184.717906144","427915.11113122","국내여행업","","","0","","","서울보증보험주식회사","","0","0","0","0","","","0","0","","0","0","","0","16.65","","0","","","","","","","90000000","20190306","20220305","","17","",
"157","국내여행업","03_12_01_P","4191000","CDFI2260012011000005","2011-12-28","","03","폐업","03","폐업","2014-02-25","","","","033-766-0870","","220-904","강원특별자치도 원주시 중앙동 214-1","강원특별자치도 원주시 감영길 36-1 (중앙동)","220-904","(주)배낭멘 개구리","2014-02-27 10:27:37","I","2023-06-13 00:00:00","","284252.640971994","427750.695960802","국내여행업","","","0","","","서울보증보험","","0","0","0","0","","","0","0","","0","0","","0","79.92","","0","","","","","","","30000000","20121229","20131228","","80","",
"158","국내여행업","03_12_01_P","4191000","CDFI2260012012000001","2012-04-26","","03","폐업","03","폐업","2023-03-10","","","","","","","강원특별자치도 원주시 단구동 1599-4 원주프리미엄아울렛","강원특별자치도 원주시 서원대로 500, 원주프리미엄아울렛 501~502호 (단구동)","26487","(주)지인누리","2023-03-10 10:31:28","I","2023-06-13 00:00:00","","284818.874360771","425225.032426821","국내여행업","","","0","","","서울보증보험주식회사","","0","0","0","0","","","0","0","","0","0","","0","57","","0","","","","","","","60000000","20210501","20220430","","57","",
"159","국내여행업","03_12_01_P","4191000","CDFI2260012012000002","2012-06-22","","03","폐업","03","폐업","2018-11-27","","","","033-765-6609","","220-912","강원특별자치도 원주시 판부면 서곡리 544-1","강원특별자치도 원주시 판부면 안담길 28","26398","합자회사 남송골프클럽","2018-11-27 12:09:41","I","2023-06-13 00:00:00","","282772.660435905","424577.438647761","국내여행업","","","0","","","서울보증보험주식회사","","0","0","0","0","","","0","0","","0","0","","0","5623.49","","0","","","","","","","0","20160401","20170331","","5623","",
"160","국내여행업","03_12_01_P","4191000","CDFI2260012012000003","2011-07-18","","03","폐업","03","폐업","2021-12-23","","","","033-732-0080","","220-150","강원특별자치도 원주시 무실동 1062-1 이마트 내 2층","강원특별자치도 원주시 북원로 1928 (무실동, 이마트 내 2층)","26395","오즈투어","2021-12-23 14:48:16","I","2023-06-13 00:00:00","","281366.703634706","424684.582635502","국내여행업","","일반상업지역","0","기타","","서울보증보험주식회사","근린생활시설","0","0","0","0","","","0","0","","0","0","","0","23.31","","0","","","","","","","30000000","20210719","20220718","","23","",
"161","국내여행업","03_12_01_P","4191000","CDFI2260012012000004","2012-08-29","","03","폐업","03","폐업","2017-03-08","","","","033-763-9979","","220-944","강원특별자치도 원주시 단구동 1540-9","강원특별자치도 원주시 천매봉길 56-14 (단구동)","26483","(주)좋은세상","2017-03-08 17:03:11","I","2023-06-13 00:00:00","","283388.510719533","425057.697034498","국내여행업","","","0","","","서울보증보험","","0","0","0","0","","","0","0","","0","0","","0","59.94","","0","","","","","","","100000000","20140831","20150830","","60","",
"162","국내여행업","03_12_01_P","4191000","CDFI2260012014000001","2014-01-07","","03","폐업","03","폐업","2021-12-24","","","","033-766-0658","","220-934","강원특별자치도 원주시 관설동 1453 홈플러스 원주점 2층","강원특별자치도 원주시 치악로 1489 (관설동)","26471","여행스케치","2021-12-24 15:29:35","I","2023-06-13 00:00:00","","285677.402683418","424408.068770392","국내여행업","","","0","","","서울보증보험주식회사","","0","0","0","0","","","0","0","","0","0","","0","0","","0","","","","","","","103300000","20210107","20220106","","0","",
"163","국내여행업","03_12_01_P","4191000","CDFI2260012014000002","2014-01-20","","03","폐업","03","폐업","2015-03-01","","","","033-761-1717","","220-110","강원특별자치도 원주시 개운동 393-11","강원특별자치도 원주시 강변로 391, 2층 (개운동)","220-110","에스엠여행사","2015-03-03 17:18:07","I","2023-06-13 00:00:00","","285162.793523391","427097.876222676","국내여행업","","근린상업지역","4","","","서울보증보험주식회사","","4","0","0","0","","","0","0","","0","0","","0","96.72","","0","","","","","","","106100000","20150120","20160119","","97","",
"164","국내여행업","03_12_01_P","4191000","CDFI2260012014000004","2014-04-25","","03","폐업","03","폐업","2022-06-07","","","","070-8265-3354","","","강원특별자치도 원주시 판부면 서곡리 1072-3","강원특별자치도 원주시 판부면 백운정길 13","26402","길터사회적협동조합","2022-06-07 16:56:21","I","2023-06-13 00:00:00","","282940.466917076","422135.200311329","국내여행업","","","0","","","서울보증보험주식회사","","0","0","0","0","","","0","0","","0","0","","0","0","","0","","","","","","","90000000","20210509","20220508","","0","",
"165","국내여행업","03_12_01_P","4191000","CDFI2260012006000005","2006-09-21","","03","폐업","03","폐업","2012-08-13","","","","743-3399","","","강원특별자치도 원주시 관설동 1703-2 한서빌 1층","강원특별자치도 원주시 라옹정길 7  (관설동,한서빌 1층)","","늘푸른","2012-12-04 10:29:04","I","2023-06-13 00:00:00","","285429.196504236","424484.389930795","국내여행업","관광사업","","0","","","","","0","0","0","0","","","0","0","","0","0","","0","0","","0","","","","","","","5000000","","","","0","",
"166","국내여행업","03_12_01_P","4191000","CDFI2260012006000006","2006-11-22","","03","폐업","03","폐업","2013-06-24","","","","","","220-951","강원특별자치도 원주시 봉산동 1103-14","강원특별자치도 원주시 치악로 1868-7 (봉산동)","","고려관광여행사","2014-01-28 09:24:57","I","2023-06-13 00:00:00","","284726.734370662","427766.647508318","국내여행업","관광사업","","0","","","","","2","0","0","0","","","0","0","","0","0","","0","0","","0","","","","","","","50000000","","","","0","",
"167","국내여행업","03_12_01_P","4191000","CDFI2260012006000007","2006-12-01","","03","폐업","03","폐업","2022-05-09","","","","","","","강원특별자치도 원주시 명륜동 104-8","강원특별자치도 원주시 남원로 654 (명륜동)","26442","여행일기","2022-05-09 14:53:29","I","2023-06-13 00:00:00","","284451.006621337","426983.999461025","국내여행업","관광사업","","2","","","서울보증보험주식회사","","2","0","0","0","","","0","0","","0","0","","0","49.95","","0","","","","","","","50000000","20210401","20220331","","50","",
"168","국내여행업","03_12_01_P","4191000","CDFI2260012007000003","2007-07-12","","03","폐업","03","폐업","2023-03-06","","","","742-2590","","220-020","강원특별자치도 원주시 평원동 310-10","강원특별자치도 원주시 평원로 40 (평원동)","26430","(합)나무투어","2023-03-06 15:56:41","I","2023-06-13 00:00:00","","284301.268933667","427964.611722966","국내여행업","관광사업","","0","","","서울보증보험주식회사","","0","0","0","0","","","0","0","","0","0","","0","39.96","","0","","","","","","","150000000","20210326","20220325","","40","",
"169","국내여행업","03_12_01_P","4191000","CDFI2260012008000001","2008-01-23","","03","폐업","03","폐업","2009-02-18","","","","748-5600","","220-801","강원특별자치도 원주시 문막읍 건등리 1470-5","강원특별자치도 원주시 문막읍 원문로 1722","","나라여행사","2009-02-19 10:26:21","I","2023-06-13 00:00:00","","273056.579732273","423962.590478322","국내여행업","관광사업","","0","","","","","0","0","0","0","","","0","0","","0","0","","0","0","","0","","","","","","","50000000","","","","0","",
"170","국내여행업","03_12_01_P","4191000","CDFI2260012012000005","2012-10-17","","03","폐업","03","폐업","2022-12-21","","","","033-765-6609","","220-912","강원특별자치도 원주시 판부면 서곡리 544-1","강원특별자치도 원주시 판부면 안담길 28","26398","남송여행사","2022-12-26 11:29:53","I","2023-06-13 00:00:00","","282772.660435905","424577.438647761","국내여행업","","","0","","","서울보증보험주식회사","","0","0","0","0","","","0","0","","0","0","","0","5623.49","","0","","","","","","","91697840","20201018","20211017","","5623","",
"171","국내여행업","03_12_01_P","4191000","CDFI2260012013000003","2013-12-06","","03","폐업","03","폐업","2020-11-24","","","","","","","강원특별자치도 원주시 명륜동 843-5","강원특별자치도 원주시 남원로469번길 13-28 (명륜동)","26482","꿀봄여행사","2020-11-25 15:44:43","I","2023-06-13 00:00:00","","283296.690015113","425362.639994968","국내여행업","","","4","","","서울보증보험주식회사","단독주택","4","0","0","0","","","0","0","","0","0","","0","0","","0","","","","","","","92070000","20161209","20171208","","0","",
"172","국내여행업","03_12_01_P","4191000","CDFI2260011997000001","1997-05-20","","01","영업/정상","13","영업중","","","","","033-744-4014","","220-964","강원특별자치도 원주시 학성동 442-8","강원특별자치도 원주시 원문로 4 (학성동)","26413","(합)원진고속관광","2021-03-29 15:31:56","I","2023-06-13 00:00:00","","283511.696034575","428648.579037594","국내여행업","관광사업","","0","","","서울보증보험주식회사","","0","0","0","0","","","0","0","","0","0","","0","118","","0","","","","","","","50000000","20210201","20220131","","118","",
"173","국내여행업","03_12_01_P","4191000","CDFI2260012001000004","2001-07-25","","01","영업/정상","13","영업중","","","","","","","","강원특별자치도 원주시 무실동 1720-7","강원특별자치도 원주시 시청로 28, 올림픽프라자 101호 (무실동)","26387","(합)모두에듀투어","2024-11-26 09:45:50","U","2024-11-28 02:40:00","","281681.085448085","426828.263057757","국내여행업","관광사업","","0","","","한국관광협회중앙회 여행공제회","","0","0","0","0","MODU EDU TOUR","DOMESTIC TRAVEL AGENCY","0","0","","0","0","","0","33","","0","","","","","","","50000000","20210726","20220726","","33","",
"174","국내여행업","03_12_01_P","4191000","CDFI2260012003000005","2003-10-31","","01","영업/정상","13","영업중","","","","","033-765-1996","","220-957","강원특별자치도 원주시 일산동 192-5","강원특별자치도 원주시 천사로 203 (일산동)","26417","(주)영서관광","2017-01-06 14:58:49","I","2023-06-13 00:00:00","","283772.715024496","428089.955080651","국내여행업","관광사업","주거지역","0","","","서울보증보험주식회사","","0","0","0","0","","","0","0","","0","0","","0","59.5","","0","","","","","","","0","20160201","20170131","","60","",
"175","국내여행업","03_12_01_P","4191000","CDFI2260012017000001","2015-12-09","","01","영업/정상","13","영업중","","","","","0337631005","","","강원특별자치도 원주시 문막읍 동화리 87","강원특별자치도 원주시 문막읍 보통로 119","26364","주식회사 천호투어","2021-09-13 09:09:00","I","2023-06-13 00:00:00","","275526.080519584","426419.625739645","국내여행업","","","0","","","한국관광협회중앙회 여행공제회","","0","0","0","0","","","0","0","","0","0","","0","0","","0","","","","","","","84718968","20210820","20220820","","0","",
"176","국내여행업","03_12_01_P","4191000","CDFI2260012018000001","2018-02-14","","01","영업/정상","13","영업중","","","","","","","","강원특별자치도 원주시 단계동 64-2","강원특별자치도 원주시 원문로100번길 68 (단계동)","26407","하나트래블(이마트 에브리데이)","2023-02-22 18:10:55","I","2023-06-13 00:00:00","","282835.770827937","429243.649213987","국내여행업","","","0","","","","","0","0","0","0","","","0","0","","0","0","","0","0","","0","","","","","","","20000000","","","","0","",
"177","국내여행업","03_12_01_P","4191000","CDFI2260012019000002","2019-02-12","","01","영업/정상","13","영업중","","","","","0337489677","","","강원특별자치도 원주시 봉산동 1203-4 아포리배말타운","강원특별자치도 원주시 치악로 1881, 아포리배말타운 204호 (봉산동)","26329","고원패스 TCD","2023-02-22 15:17:26","I","2023-06-13 00:00:00","","284678.401262819","427883.879282224","국내여행업","","","0","","","","","0","0","0","0","","","0","0","","0","0","","0","0","","0","","","","","","","66500000","","","","0","",
"178","국내여행업","03_12_01_P","4191000","CDFI2260012019000004","2019-06-03","","01","영업/정상","13","영업중","","","","","","","","강원특별자치도 원주시 무실동 1880-3","강원특별자치도 원주시 솔우물2길 23-1 (무실동)","26394","투어 스케치","2021-02-09 15:02:55","I","2023-06-13 00:00:00","","282403.236575511","425361.969325117","국내여행업","","","0","","","서울보증보험주식회사","","0","0","0","0","","","0","0","","0","0","","0","0","","0","","","","","","","0","20210209","20220208","","0","",
"179","국내여행업","03_12_01_P","4191000","CDFI2260012019000005","2019-06-18","","01","영업/정상","13","영업중","","","","","","","","강원특별자치도 원주시 소초면 흥양리 1664-2","강원특별자치도 원주시 소초면 치악로 2328, 2층","26310","관동투어","2021-11-10 09:32:40","I","2023-06-13 00:00:00","","286322.585706955","431673.77489761","국내여행업","","","0","","","서울보증보험","","0","0","0","0","","","0","0","","0","0","","0","0","","0","","","","","","","59000000","20210705","20220704","","0","",
"180","국내여행업","03_12_01_P","4191000","CDFI2260012020000001","2020-01-03","","01","영업/정상","13","영업중","","","","","","","","강원특별자치도 원주시 반곡동 1860-5","강원특별자치도 원주시 혁신로 19, 5층 506호 (반곡동)","26460","합자회사 지호컴퍼니","2021-10-05 17:50:40","I","2023-06-13 00:00:00","","286530.401496353","425229.266366716","국내여행업","","","0","","","서울보증보험주식회사","","0","0","0","0","","","0","0","","0","0","","0","0","","0","","","","","","","100000000","20210927","20220926","","0","",
"181","국내여행업","03_12_01_P","4191000","CDFI2260012014000007","2014-11-12","","01","영업/정상","13","영업중","","","","","033-744-2005","","","강원특별자치도 원주시 반곡동 1903-2","강원특별자치도 원주시 양지로 80, 메가박스센트럴 1층 112호 (반곡동)","26462","와이지투어","2023-02-22 16:49:05","I","2023-06-13 00:00:00","","287336.98603588","425561.69150027","국내여행업","","","0","","","서울보증보험주식회사","","0","0","0","0","","","0","0","","0","0","","0","0","","0","","","","","","","225573392","20201209","20211208","","0","",
"182","국내여행업","03_12_01_P","4191000","CDFI2260012015000004","2015-08-11","","01","영업/정상","13","영업중","","","","","","","","강원특별자치도 원주시 단계동 942-12","강원특별자치도 원주시 한지공원길 176, 1층 (단계동)","26476","미소투어(주)","2024-06-14 09:19:57","U","2024-06-16 02:40:00","","282713.22051429","426496.735411555","국내여행업","","","0","","","서울보증보험주식회사","","0","0","0","0","","","0","0","","0","0","","0","0","","0","","","","","","","30000000","20220811","20230810","","0","",
"183","국내여행업","03_12_01_P","4191000","CDFI2260012015000005","2015-12-23","","01","영업/정상","13","영업중","","","","","033-748-8832","","","강원특별자치도 원주시 소초면 장양리 679-1","강원특별자치도 원주시 소초면 장수2로 69","26308","북원여행사","2024-03-29 14:00:58","U","2024-03-31 02:40:00","","284989.073827","433799.570627757","국내여행업","","","1","","","서울보증보험주식회사","사무실","1","0","0","0","","","0","0","","0","0","","0","100","","0","","","","","","","300000000","20210226","20220225","","100","",
"184","국내여행업","03_12_01_P","4191000","CDFI2260012016000002","2016-02-15","","01","영업/정상","13","영업중","","","","","","","","강원특별자치도 원주시 단구동 1599-3","강원특별자치도 원주시 서원대로 500 (단구동, 원주프리미엄아울렛)","26487","주식회사 고고투어","2016-02-15 10:05:25","I","2023-06-13 00:00:00","","284797.37101618","425239.631568717","국내여행업","","","0","","","","","0","0","0","0","","","0","0","","0","0","","0","0","","0","","","","","","","100000000","","","","0","",
"185","국내여행업","03_12_01_P","4191000","CDFI2260012016000004","2016-08-05","","01","영업/정상","13","영업중","","","","","033 748 7890","","","강원특별자치도 원주시 중앙동 13-3","강원특별자치도 원주시 원일로 142 (중앙동)","26415","투어 아웃렛","2021-09-17 16:56:26","I","2023-06-13 00:00:00","","283879.930433847","428154.964919009","국내여행업","","","3","","","서울보증보험주식회사","근린생활시설","3","0","0","0","","","0","0","","0","0","","0","30.5","","0","","","","","","","52205176","20210805","20220804","","31","",
"186","국내여행업","03_12_01_P","4191000","CDFI2260012005000001","2005-05-06","","01","영업/정상","13","영업중","","","","","","","","강원특별자치도 원주시 무실동 1720-7","강원특별자치도 원주시 시청로 28, 올림픽프라자 101호 (무실동)","26387","(합)모두여행사","2024-11-26 09:47:23","U","2024-11-28 02:40:00","","281681.085448085","426828.263057757","국내여행업","관광사업","일반상업지역","4","기타","","한국관광협회중앙회 관광공제회","사무실","3","1","0","0","MODETOUR","DOMESTIC TRAVEL AGENCY","0","0","","0","0","","0","98.6","","0","","","","","","","150000000","20220701","20230701","","99","",
"187","국내여행업","03_12_01_P","4191000","CDFI2260012005000005","2005-09-16","","01","영업/정상","13","영업중","","","","","","","","강원특별자치도 원주시 우산동 221-3 동우아파트","강원특별자치도 원주시 북원로2475번길 75, 203호 (우산동, 동우아파트)","26344","(합)한수관광여행사","2023-03-02 10:02:35","I","2023-06-13 00:00:00","","282655.250544833","429744.466890298","국내여행업","관광사업","상업지역","1","기타","","서울보증보험주식회사","사무실","2","0","0","0","","","0","0","","0","0","","0","56.1","","0","","","","","","","50000000","20230201","20240131","","56","",
"188","국내여행업","03_12_01_P","4191000","CDFI2260012009000002","2009-10-26","","01","영업/정상","13","영업중","","","","","033-747-5458","","","강원특별자치도 원주시 단구동 1477-21","강원특별자치도 원주시 치악로 1522-1 (단구동)","26452","이지투어","2017-08-09 14:31:09","I","2023-06-13 00:00:00","","285539.15287978","424689.067486482","국내여행업","","","0","","","서울보증보험","","0","0","0","0","","","0","0","","0","0","","0","59.5","","0","","","","","","","50000000","20161102","20171101","","60","",
"189","국내여행업","03_12_01_P","4191000","CDFI2260012014000003","2014-03-26","","01","영업/정상","13","영업중","","","","","033-745-6541~2","","220-904","강원특별자치도 원주시 중앙동 88-1","강원특별자치도 원주시 평원로 35 (중앙동)","26428","합자회사 씨티투어","2021-09-16 16:41:28","I","2023-06-13 00:00:00","","284282.439059251","427924.953876775","국내여행업","","","0","","","서울보증보험주식회사","","0","0","0","0","","","0","0","","0","0","","0","0","","0","","","","","","","90000000","20210901","20220831","","0","",
"190","국내여행업","03_12_01_P","4191000","CDFI2260012007000001","2007-04-19","","01","영업/정상","13","영업중","","","","","033-744-5989","","","강원특별자치도 원주시 무실동 1724-2","강원특별자치도 원주시 시청로 15-1, 401호 (무실동)","26383","스카이투어","2025-03-06 14:48:12","U","2025-03-08 02:40:00","","281688.716772138","426981.309003518","국내여행업","관광사업","","0","","","서울보증보험주식회사","","0","0","0","0","","","0","0","","0","0","","0","49.95","","0","","","","","","","150000000","20200423","20210422","","50","",
"191","국내여행업","03_12_01_P","4191000","CDFI2260012007000002","2007-05-18","","01","영업/정상","13","영업중","","","","","033-735-2255","","","강원특별자치도 원주시 무실동 1642-4","강원특별자치도 원주시 시청로 100 (무실동)","26391","(합)서원여행사","2021-09-17 14:14:15","I","2023-06-13 00:00:00","","282254.443918893","426376.476189579","국내여행업","관광사업","","0","","","한국관광협회중앙회 여행공제회","","0","0","0","0","SEOWON TOUR SERVICE CO.","DOMESTIC TRAVEL BUSINESS","0","0","","0","0","","0","99.9","","0","","","","","","","150000000","20210629","20220628","","100","",
"192","국내여행업","03_12_01_P","4191000","CDFI2260012008000002","2008-06-11","","01","영업/정상","13","영업중","","","","","745-1314","","","강원특별자치도 원주시 일산동 193-15","강원특별자치도 원주시 천사로 196 (일산동)","26427","하나여행사","2021-09-23 13:55:31","I","2023-06-13 00:00:00","","283743.815640098","428034.146867542","국내여행업","관광사업","","0","","","서울보증보험주식회사","","0","0","0","0","","","0","0","","0","0","","0","33.3","","0","","","","","","","50000000","20210901","20220831","","33","",
"193","국내여행업","03_12_01_P","4191000","CDFI2260012013000001","2013-04-24","","01","영업/정상","13","영업중","","","","","033-743-7735","","220-934","강원특별자치도 원주시 관설동 1453 홈플러스 2층","강원특별자치도 원주시 치악로 1489 (관설동, 홈플러스 2층)","26471","(주)힐링투어","2015-05-29 14:30:38","I","2023-06-13 00:00:00","","285677.402683418","424408.068770392","국내여행업","","","0","","","서울보증보험","","0","0","0","0","","","0","0","","0","0","","0","0","","0","","","","","","","30000000","20150426","20160425","","0","",
"194","국내여행업","03_12_01_P","4191000","CDFI2260012013000002","2013-05-24","","01","영업/정상","13","영업중","","","","","033-761-8235","","","강원특별자치도 원주시 학성동 223-38 202호","강원특별자치도 원주시 옛시청길 4, 202호 (학성동)","26417","(합)사계절관광","2023-03-02 14:15:56","I","2023-06-13 00:00:00","","283754.184957096","428295.230119348","국내여행업","","","0","","","한국관광협회중앙회","","0","0","0","0","Four Seasons Tour","Domestic Travel Agency","0","0","","0","0","","0","20","","0","","","","","","","50000000","20220527","20230527","","20","",
"195","국내여행업","03_12_01_P","4191000","CDFI2260012013000004","2013-12-12","","01","영업/정상","13","영업중","","","","","033-732-8840","","220-937","강원특별자치도 원주시 단계동 803-2","강원특별자치도 원주시 무실로 182 (단계동)","26434","합자회사 대한여행사","2021-09-24 15:01:36","I","2023-06-13 00:00:00","","283125.943357781","426975.404734288","국내여행업","","","0","","","서울보증보험주식회사","","0","0","0","0","","","0","0","","0","0","","0","0","","0","","","","","","","0","20210924","20220923","","0","",
"196","국내여행업","03_12_01_P","4191000","CDFI2260012025000005","2025-08-13","","01","영업/정상","13","영업중","","","","","","","","강원특별자치도 원주시 단계동 929-16","강원특별자치도 원주시 이화3길 40-13 (단계동)","26474","합자회사 마루관광","2025-08-13 15:05:43","I","2025-08-15 00:20:12","","282590.685","426777.024999999","국내여행업","","","0","","","","","0","0","0","0","","","0","0","","0","0","","0","0","","0","","","","","","","0","","","","0","",
"197","국내여행업","03_12_01_P","4191000","CDFI2260012025000004","2025-04-03","","01","영업/정상","13","영업중","","","","","","","","강원특별자치도 원주시 반곡동 1882-2","강원특별자치도 원주시 혁신로 35, 4층 402호 (반곡동)","26465","좋은선택","2025-04-03 16:04:44","I","2025-04-05 00:10:22","","286626.632274928","425144.763012916","국내여행업","","","0","","","","","0","0","0","0","","","0","0","","0","0","","0","0","","0","","","","","","","10212672","","","","0","",
"198","국내여행업","03_12_01_P","4191000","CDFI2260012025000002","2025-03-05","","01","영업/정상","13","영업중","","","","","02-2057-2227","","","강원특별자치도 원주시 단계동 853-1 이룸레지던스","강원특별자치도 원주시 북원로 2235-12, 이룸레지던스 714호 (단계동)","26436","주식회사 굿투어","2025-03-05 09:16:19","I","2025-03-08 00:10:36","","282400.45","427505.14","국내여행업","","","0","","","","","0","0","0","0","","","0","0","","0","0","","0","0","","0","","","","","","","0","","","","0","",
"199","국내여행업","03_12_01_P","4191000","CDFI2260012025000003","2025-03-10","","01","영업/정상","13","영업중","","","","","","","","강원특별자치도 원주시 반곡동 1882-2","강원특별자치도 원주시 혁신로 35, 402호 (반곡동)","26465","두번째 여행","2025-03-10 16:35:38","I","2025-03-12 00:10:35","","286626.632274928","425144.763012916","국내여행업","","","0","","","","","0","0","0","0","","","0","0","","0","0","","0","0","","0","","","","","","","17357856","","","","0","",
"200","국내여행업","03_12_01_P","4191000","CDFI2260012025000001","2025-01-15","","01","영업/정상","13","영업중","","","","","070-7543-1396","","","강원특별자치도 원주시 지정면 신평리 1112-4","강원특별자치도 원주시 지정면 기업도시로 6, 203호","26350","(주)한국농산어촌네트워크","2025-01-15 14:24:06","I","2025-01-18 00:11:10","","278990.161890575","431092.373528414","국내여행업","","","0","","","","","0","0","0","0","Korea Rural Networks Inc.","Domestic travel business","0","0","","0","0","","0","0","","0","","","","","","","10000000","","","","0","",
"201","국내여행업","03_12_01_P","4191000","CDFI2260012016000007","2016-11-16","2023-05-31","04","취소/말소/만료/정지/중지","31","등록취소","","","","","033 747 1515","","","강원특별자치도 원주시 반곡동 1913-7 302호","강원특별자치도 원주시 세계로 1, 302호 (반곡동)","26464","(주)가람투어","2023-09-27 11:18:31","U","2023-09-29 02:40:00","","287477.619024788","425162.657728818","국내여행업","","","0","","","서울보증보험주식회사","","0","0","0","0","","","0","0","","0","0","","0","110.36","","0","","","","","","","45000000","20170120","20180119","","110","",
"202","국내여행업","03_12_01_P","4191000","CDFI2260012006000003","2006-06-19","2013-11-20","04","취소/말소/만료/정지/중지","31","등록취소","","","","","748-1253","","220-020","강원특별자치도 원주시 평원동 185-14","강원특별자치도 원주시 평원로 80 (평원동)","","(주)현대드림","2013-11-20 18:13:50","I","2023-06-13 00:00:00","","284101.979926763","428220.679644976","국내여행업","관광사업","상업지역","1","","","","","0","0","0","0","","","0","0","","0","0","","0","0","","0","","","","","","","150000000","","","","0","",
"203","국내여행업","03_12_01_P","4191000","CDFI2260012007000004","2007-10-31","2013-11-20","04","취소/말소/만료/정지/중지","31","등록취소","","","","","748-3800","","220-956","강원특별자치도 원주시 일산동 154-94","강원특별자치도 원주시 무실로 54 (일산동)","","세종여행사","2013-11-20 18:15:59","I","2023-06-13 00:00:00","","283861.442145564","427588.964491616","국내여행업","관광사업","","0","","","","","0","0","0","0","","","0","0","","0","0","","0","0","","0","","","","","","","0","","","","0","",
"204","국내여행업","03_12_01_P","4201000","CDFI2260012017000002","2017-07-20","","03","폐업","03","폐업","2019-06-14","","","","","","","강원특별자치도 강릉시 홍제동 991","강원특별자치도 강릉시 하슬라로 18, 107호 (홍제동)","25518","제이디홀딩스","2019-06-17 10:41:01","I","2023-06-13 00:00:00","","365607.985547467","474193.892020645","국내여행업","","","0","","","","","0","0","0","0","","","0","0","","0","0","","0","0","","0","","","","","","","0","","","","0","",
"205","국내여행업","03_12_01_P","4201000","CDFI2260012017000005","2017-12-28","","03","폐업","03","폐업","2024-01-31","","","","","","","강원특별자치도 강릉시 포남동 1116-3","강원특별자치도 강릉시 강릉대로 343 (포남동)","25492","(주)하나로여행사","2024-02-15 12:51:55","U","2024-02-17 02:40:00","","367755.806969955","475479.446699645","국내여행업","","","0","","","","","0","0","0","0","","","0","0","","0","0","","0","0","","0","","","","","","","0","","","","0","",
"206","국내여행업","03_12_01_P","4201000","CDFI2260012018000001","2018-03-22","","03","폐업","03","폐업","2018-10-04","","","","","","","강원특별자치도 강릉시 교동 146-3","강원특별자치도 강릉시 율곡로 2862 (교동)","25551","(주)강릉유니온관광","2018-10-04 17:59:33","I","2023-06-13 00:00:00","","367039.612124129","474634.973921817","국내여행업","","","0","","","","","0","0","0","0","","","0","0","","0","0","","0","0","","0","","","","","","","0","","","","0","",
"207","국내여행업","03_12_01_P","4201000","CDFI2260012018000002","2018-10-15","","03","폐업","03","폐업","2021-04-05","","","","","","","강원특별자치도 강릉시 홍제동 637-13","강원특별자치도 강릉시 사임당로 129, s클래스 3동 2층 201,202호 (홍제동)","25520","한국투어패스(주)","2021-04-06 10:10:53","I","2023-06-13 00:00:00","","364346.294653528","474274.181548216","국내여행업","","","0","","","","","0","0","0","0","","","0","0","","0","0","","0","0","","0","","","","","","","0","","","","0","",
"208","국내여행업","03_12_01_P","4201000","CDFI2260011998000001","1998-07-27","","03","폐업","03","폐업","2004-06-04","","","","645-1001","","210-948","강원특별자치도 강릉시 홍제동 129-58","강원특별자치도 강릉시 토성로66번길 8  (홍제동)","","(주)동녘테마여행","2004-06-04 14:33:30","I","2023-06-13 00:00:00","","366098.614929412","473661.096359457","국내여행업","관광사업","","0","","","한국관광협회중앙회","","0","0","0","0","","","0","0","","0","0","","0","0","","0","","","","","","","0","20020226","20030225","","0","",
"209","국내여행업","03_12_01_P","4201000","CDFI2260011999000001","1999-09-06","","03","폐업","03","폐업","2006-10-17","","","","661-8811","","210-806","강원특별자치도 강릉시 주문진읍 주문리 333-15","강원특별자치도 강릉시 주문진읍 주문로 95","","홍길동관광여행사","2006-10-18 11:54:22","I","2023-06-13 00:00:00","","360589.713534318","489341.376509518","국내여행업","관광사업","","0","","","한국관광협회중앙회","","0","0","0","0","","","0","0","","0","0","","0","0","","0","","","","","","","50000000","20021003","20031003","","0","",
"210","국내여행업","03_12_01_P","4201000","CDFI2260011999000002","1999-07-01","","03","폐업","03","폐업","2007-04-03","","","","642-8900","","210-948","강원특별자치도 강릉시 홍제동 233-8","","","(주)비씨렌트카","2008-11-20 15:46:42","I","2023-06-13 00:00:00","","365639.851248202","474185.739933674","국내여행업","관광사업","","0","","","한국관광협회중앙회","","0","0","0","0","","","0","0","","0","0","","0","0","","0","","","","","","","0","20030325","20040325","","0","",
"211","국내여행업","03_12_01_P","4201000","CDFI2260012001000002","2001-02-27","","03","폐업","03","폐업","2012-04-26","","","","","","210-801","강원특별자치도 강릉시 주문진읍 교항리 184-92","","","(주)엠케이해상관광개발","2012-04-27 11:58:50","I","2023-06-13 00:00:00","","360808.845138828","489069.578501687","국내여행업","관광사업","","0","","","강원도관광협회","","0","0","0","0","","","0","0","","0","0","","0","0","","0","","","","","","","350000000","20090315","20100314","","0","",
"212","국내여행업","03_12_01_P","4201000","CDFI2260012001000003","2001-03-06","","03","폐업","03","폐업","2004-06-14","","","","647-3441","","210-920","강원특별자치도 강릉시 교동 142-12","강원특별자치도 강릉시 강릉대로 244  (교동)","","효진관광","2004-06-14 17:59:59","I","2023-06-13 00:00:00","","367092.236027404","474722.095743938","국내여행업","관광사업","","0","","","한국관광협회중앙회","","0","0","0","0","","","0","0","","0","0","","0","0","","0","","","","","","","50000000","","","","0","",
"213","국내여행업","03_12_01_P","4201000","CDFI2260012001000004","2001-07-11","","03","폐업","03","폐업","2013-02-05","","","","646-6144","","210-090","강원특별자치도 강릉시 옥천동 320-1","강원특별자치도 강릉시 용지로 149 (옥천동)","210-090","(합)푸른여행사","2013-02-06 10:03:02","I","2023-06-13 00:00:00","","367501.635887325","474965.104848195","국내여행업","관광사업","","2","","","서울보증보험(주)","","0","2","0","0","Pureun Travel Service Co.","Domestic Travel Agency","0","0","","0","0","","0","111.74","","0","","","","","","","150000000","20080718","20090717","","112","",
"214","국내여행업","03_12_01_P","4201000","CDFI2260012002000002","2002-09-07","","03","폐업","03","폐업","2006-09-19","","","","645-3033","","210-946","강원특별자치도 강릉시 포남동 1278-173","강원특별자치도 강릉시 경강로2326번길 4  (포남동)","","코리아아이투어","2006-09-19 18:12:02","I","2023-06-13 00:00:00","","368723.301617566","475642.708853503","국내여행업","관광사업","","0","","","한국관광협회중앙회","","0","0","0","0","","","0","0","","0","0","","0","0","","0","","","","","","","50000000","20021101","20031101","","0","",
"215","국내여행업","03_12_01_P","4201000","CDFI2260012002000003","2002-08-02","","03","폐업","03","폐업","2009-01-09","","","","033-647-9977","","210-943","강원특별자치도 강릉시 포남동 1138","강원특별자치도 강릉시 경강로 2202  (포남동)","","(주)강릉관광","2009-01-09 13:31:17","I","2023-06-13 00:00:00","","367806.133398055","474895.543758125","국내여행업","관광사업","","0","","","한국관광협회중앙회","","0","0","0","0","","","0","0","","0","0","","0","0","","0","","","","","","","200000000","20080806","20090806","","0","",
"216","국내여행업","03_12_01_P","4201000","CDFI2260012002000004","2002-05-06","","03","폐업","03","폐업","2018-03-26","","","","642-8888","","210-920","강원특별자치도 강릉시 교동 146-3","강원특별자치도 강릉시 율곡로 2862  (교동)","","(합)유니온투어라인","2018-03-27 08:58:28","I","2023-06-13 00:00:00","","367039.612124129","474634.973921817","국내여행업","관광사업","","0","","","한국관광협회중앙회","","0","0","0","0","Union Tourline Travel Service Co.","Domestic Travel Agency","0","0","","0","0","","0","0","","0","","","","","","","350000000","20021206","20031206","","0","",
"217","국내여행업","03_12_01_P","4201000","CDFI2260012002000005","2002-05-27","","03","폐업","03","폐업","2017-08-24","","","","033-643-3300","","210-920","강원특별자치도 강릉시 교동 118","강원특별자치도 강릉시 용지로 176 (교동)","210-920","(주)뉴-동방관광","2017-08-25 10:01:17","I","2023-06-13 00:00:00","","367233.983192272","475091.548723874","국내여행업","관광사업","","0","","","강원도관광협회","","0","0","0","0","","","0","0","","0","0","","0","0","","0","","","","","","","150000000","20080906","20090906","","0","",
"218","국내여행업","03_12_01_P","4201000","CDFI2260012004000001","2004-06-30","","03","폐업","03","폐업","2009-07-28","","","","","","210-090","강원특별자치도 강릉시 옥천동 281-8번지 2층","","","자유관광여행사","2009-07-29 10:38:42","I","2023-06-13 00:00:00","","","","국내여행업","관광사업","주거지역","4","기타","","서울보증보험(주)","근린생활시설","4","0","0","0","","","0","0","","0","0","","0","98.98","","0","","","","","","","200000000","20080720","20090719","","99","",
"219","국내여행업","03_12_01_P","4201000","CDFI2260012004000002","2004-10-27","","03","폐업","03","폐업","2011-06-24","","","","","","210-080","강원특별자치도 강릉시 임당동 40-1","강원특별자치도 강릉시 문화의길 14-1  (임당동)","","(합)탑항공여행사","2011-06-25 13:56:33","I","2023-06-13 00:00:00","","366881.909888836","474221.383621681","국내여행업","관광사업","일반상업지역","0","기타","","강원도관광협회","근린생활시설","1","0","0","0","TOP AIR Travel Agency Co.,LTD","Overseas Travel Agency","0","0","","0","0","","0","112","","0","","","","","","","150000000","20081117","20091117","","112","",
"220","국내여행업","03_12_01_P","4201000","CDFI2260012005000001","2005-01-19","","03","폐업","03","폐업","2007-12-27","","","","","","210-933","강원특별자치도 강릉시 옥천동 72-4","강원특별자치도 강릉시 은행나무길 1  (옥천동)","","(주)관동관광","2008-11-20 15:54:48","I","2023-06-13 00:00:00","","367319.09637002","474268.306571148","국내여행업","관광사업","일반상업지역","1","유흥업소밀집지역","","","식품위생시설","1","0","0","0","","","0","0","","0","0","","0","64.56","","0","","","","","","","176000000","","","","65","",
"221","국내여행업","03_12_01_P","4201000","CDFI2260012005000003","2005-08-08","","03","폐업","03","폐업","2019-09-02","","","","033-643-0062","","210-933","강원특별자치도 강릉시 옥천동 154-9","강원특별자치도 강릉시 옥가로 13 (옥천동)","","(주)용평관광","2023-12-28 16:45:42","U","2023-12-30 02:40:00","","367274.383777915","474497.533868566","국내여행업","관광사업","","4","","","강원도관광협회","근린생활시설","4","1","0","0","YongPyong Travel Service Co.,LTD.","Domestic Travel Agency","0","0","","0","0","","0","86.9","","0","","","","","","","450000000","20080811","20090811","","87","",
"222","국내여행업","03_12_01_P","4201000","CDFI2260012013000003","2013-09-26","","03","폐업","03","폐업","2015-07-01","","","","0336418114","","210-922","강원특별자치도 강릉시 교동 711-13","강원특별자치도 강릉시 율곡로 3034 (교동)","210-922","AS투어","2015-07-16 10:35:03","I","2023-06-13 00:00:00","","366470.365761522","476185.270818728","국내여행업","","","0","","","","","0","0","0","0","","","0","0","","0","0","","0","0","","0","","","","","","","350000000","","","","0","",
"223","국내여행업","03_12_01_P","4201000","CDFI2260012013000006","2000-12-12","","03","폐업","03","폐업","2017-02-10","","","","033-646-4405","","210-933","강원특별자치도 강릉시 옥천동 164-1","강원특별자치도 강릉시 옥가로 10 (옥천동)","210-933","합자회사 에이스항공여행사","2017-02-13 13:10:26","I","2023-06-13 00:00:00","","367300.697338732","474455.591883354","국내여행업","관광사업","","0","","","서울보증보험","","0","0","0","0","","","0","0","","0","0","","0","38.54","","0","","","","","","","150000000","20130222","20140221","","39","",
"224","국내여행업","03_12_01_P","4201000","CDFI2260012014000002","2014-04-29","","03","폐업","03","폐업","2015-07-22","","","","033-643-3326","","210-955","강원특별자치도 강릉시 포남동 1149-5","강원특별자치도 강릉시 경강로 2275 (포남동)","210-955","(주)세종투어","2015-07-23 08:49:42","I","2023-06-13 00:00:00","","368266.475948294","475484.342387796","국내여행업","","","2","","","","사무실","0","0","0","0","","","0","0","","0","0","","0","28","","0","","","","","","","0","","","","28","",
"225","국내여행업","03_12_01_P","4201000","CDFI2260012014000003","2014-05-12","","03","폐업","03","폐업","2019-06-13","","","","","","210-702","강원특별자치도 강릉시 지변동 123-207","","","(주)레드","2019-06-14 12:10:48","I","2023-06-13 00:00:00","","","","국내여행업","","","3","","","","교육연구시설","2","1","0","0","","","0","0","","0","0","","0","42","","0","","","","","","","40000000","","","","42","",
"226","국내여행업","03_12_01_P","4201000","CDFI2260012014000006","2014-11-19","","03","폐업","03","폐업","2016-12-22","","","","","","210-923","강원특별자치도 강릉시 교동 865-14","강원특별자치도 강릉시 강릉대로 181-1 (교동)","25504","해피빈투어","2016-12-22 17:51:52","I","2023-06-13 00:00:00","","366537.420689927","474496.982126208","국내여행업","","일반주거지역","4","기타","","","근린생활시설","4","0","0","0","","","0","0","","0","0","","0","100","","0","","","","","","","0","","","","100","",
"227","국내여행업","03_12_01_P","4201000","CDFI2260012015000001","2015-07-22","","03","폐업","03","폐업","2017-02-01","","","","","","210-946","강원특별자치도 강릉시 포남동 1278-141","강원특별자치도 강릉시 경강로2326번길 4 (포남동)","25570","BM Co.","2017-02-07 18:02:30","I","2023-06-13 00:00:00","","368705.113784819","475673.124066199","국내여행업","","","0","","","","","0","0","0","0","","","0","0","","0","0","","0","0","","0","","","","","","","60000000","","","","0","",
"228","국내여행업","03_12_01_P","4201000","CDFI2260012015000003","2015-09-08","","03","폐업","03","폐업","2017-06-19","","","","","","","강원특별자치도 강릉시 강문동 260-5","강원특별자치도 강릉시 창해로 451 (강문동)","25460","Trip Story(트립스토리)","2017-06-19 13:35:55","I","2023-06-13 00:00:00","","368259.857206579","479385.807986835","국내여행업","","","0","","","","","0","0","0","0","","","0","0","","0","0","","0","0","","0","","","","","","","0","","","","0","",
"229","국내여행업","03_12_01_P","4201000","CDFI2260012015000004","2015-10-30","","03","폐업","03","폐업","2016-11-09","","","","0336462275","","","강원특별자치도 강릉시 교동 332-7","강원특별자치도 강릉시 가작로 182 (교동)","25490","파랑달에코투어","2016-11-10 15:03:06","I","2023-06-13 00:00:00","","366943.623661562","475809.866961777","국내여행업","","","0","","","","","0","0","0","0","","","0","0","","0","0","","0","0","","0","","","","","","","0","","","","0","",
"230","국내여행업","03_12_01_P","4201000","CDFI2260012019000003","2019-06-28","","03","폐업","03","폐업","2025-04-14","","","","","","","강원특별자치도 강릉시 주문진읍 주문리 311-9","강원특별자치도 강릉시 주문진읍 주문로 143, 1층","25410","뉴용평관광(주)","2025-04-14 15:48:00","U","2025-04-16 02:40:00","","360946.083442412","489649.928259184","국내여행업","","","0","","","","","0","0","0","0","","","0","0","","0","0","","0","0","","0","","","","","","","0","","","","0","",
"231","국내여행업","03_12_01_P","4201000","CDFI2260012020000001","2020-05-15","","03","폐업","03","폐업","2023-01-09","","","","033-647-8778","","","강원특별자치도 강릉시 홍제동 462","강원특별자치도 강릉시 경강로 1878 (홍제동)","25524","(주)강릉관광여행사","2023-01-13 18:51:42","I","2023-06-13 00:00:00","","365225.586234198","473191.107405924","국내여행업","","일반주거지역","1","","","","사무실","1","0","0","0","","","0","0","","0","0","","0","50.39","","0","","","","","","","15000000","","","","50","",
"232","국내여행업","03_12_01_P","4201000","CDFI2260011997000002","1997-11-18","","03","폐업","03","폐업","2008-04-02","","","","648-4524","","210-040","강원특별자치도 강릉시 성내동 13-10","강원특별자치도 강릉시 임영로 114  (성내동)","","(합)하나투어라인","2008-11-23 15:05:57","I","2023-06-13 00:00:00","","366856.646333491","473844.274354986","국내여행업","관광사업","","0","","","한국관광협회중앙회","","0","0","0","0","","","0","0","","0","0","","0","0","","0","","","","","","","100000000","20030328","20040328","","0","",
"233","국내여행업","03_12_01_P","4201000","CDFI2260012007000001","2007-01-24","","03","폐업","03","폐업","2010-03-04","","","","","","210-920","강원특별자치도 강릉시 교동 26-38","강원특별자치도 강릉시 가작로 221  (교동)","","(주)션샤인 강릉","2010-03-05 09:50:55","I","2023-06-13 00:00:00","","367282.34076954","476007.261643948","국내여행업","관광사업","","0","","","서울보증보험(주)","","0","0","0","0","SUNSHINE GANGNEUNG Co.","Domestic Travel Agency","0","0","","0","0","","0","0","","0","","","","","","","155000000","20080125","20090124","","0","",
"234","국내여행업","03_12_01_P","4201000","CDFI2260012007000002","2007-03-12","","03","폐업","03","폐업","2015-04-21","","","","655-7400","","210-933","강원특별자치도 강릉시 옥천동 282-4","강원특별자치도 강릉시 옥가로 25 (옥천동)","210-933","(주)태양관광","2015-04-21 14:39:43","I","2023-06-13 00:00:00","","367282.584199896","474618.081682626","국내여행업","관광사업","","0","","","강원도관광협회","","0","0","0","0","","","0","0","","0","0","","0","0","","0","","","","","","","150000000","20080316","20090316","","0","",
"235","국내여행업","03_12_01_P","4201000","CDFI2260011985000001","1985-02-18","","03","폐업","03","폐업","2010-06-16","","","","033-652-1316","","210-946","강원특별자치도 강릉시 포남동 1278-185","강원특별자치도 강릉시 경강로 2292  (포남동)","","(주)동진버스","2010-06-16 20:54:00","I","2023-06-13 00:00:00","","368428.994592158","475534.478654024","국내여행업","관광사업","","0","","","강원도광광협회","","0","0","0","0","DONGJIN-BUS Service Co.LTD","Domestic Travel Agency","0","0","","0","0","","0","0","","0","","","","","","","150000000","20090201","20100201","","0","",
"236","국내여행업","03_12_01_P","4201000","CDFI2260011991000002","1991-12-23","","03","폐업","03","폐업","2021-04-30","","","","033-645-4040","","","강원특별자치도 강릉시 옥천동 162-1","강원특별자치도 강릉시 경강로 2135, 2층 (옥천동)","25552","(합)남북관광여행사","2021-05-04 09:03:28","I","2023-06-13 00:00:00","","367325.951753074","474438.901908523","국내여행업","관광사업","","0","","","강원도관광협회","","0","0","0","0","","","0","0","","0","0","","0","0","","0","","","","","","","150000000","20080319","20100319","","0","",
"237","국내여행업","03_12_01_P","4201000","CDFI2260011993000001","1993-07-02","","03","폐업","03","폐업","2006-02-03","","","","033-662-8577","","210-806","강원특별자치도 강릉시 주문진읍 주문리 324-1 9통1반","강원특별자치도 강릉시 주문진읍 주문로 85","","(주)동해고속관광","2008-11-20 15:53:58","I","2023-06-13 00:00:00","","360549.407209356","489221.479823887","국내여행업","관광사업","","0","","","한국관광협회중앙회","","0","0","0","0","","","0","0","","0","0","","0","0","","0","","","","","","","50000000","20050321","20060321","","0","2268106304",
"238","국내여행업","03_12_01_P","4201000","CDFI2260011996000004","1996-09-17","","03","폐업","03","폐업","2014-12-03","","","","662-6368","","210-862","강원특별자치도 강릉시 연곡면 방내리 30-25","강원특별자치도 강릉시 연곡면 연주로 42-4","210-860","(합)강릉여행사","2014-12-02 17:23:56","I","2023-06-13 00:00:00","","361676.200791862","485799.802706558","국내여행업","관광사업","","0","","","강원도관광협회","","0","0","0","0","","","0","0","","0","0","","0","0","","0","","","","","","","50000000","20080222","20090222","","0","",
"239","국내여행업","03_12_01_P","4201000","CDFI2260011996000005","1996-09-06","","03","폐업","03","폐업","2014-05-27","","","","653-6446","","210-943","강원특별자치도 강릉시 포남동 1116-3","강원특별자치도 강릉시 강릉대로 343 (포남동)","210-954","(합)그린투어여행사","2014-05-28 17:11:18","I","2023-06-13 00:00:00","","367755.806969955","475479.446699645","국내여행업","관광사업","","0","","","강원도관광협회","","0","0","0","0","Green Tour Travel Agency Co.","Domestic Travel Agency","0","0","","0","0","","0","0","","0","","","","","","","150000000","20080623","20090623","","0","",
"240","국내여행업","03_12_01_P","4201000","CDFI2260012009000001","2009-08-19","","03","폐업","03","폐업","2024-12-20","","","","","","","강원특별자치도 강릉시 용강동 46-33","강원특별자치도 강릉시 명주로 33, 3층 (용강동)","25535","합자회사 하슬라씨앤에스","2024-12-24 09:49:46","U","2024-12-27 02:40:00","","366466.567256844","473991.625544328","국내여행업","","","0","","","","","0","0","0","0","","","0","0","","0","0","","0","0","","0","","","","","","","150000000","","","","0","",
"241","국내여행업","03_12_01_P","4201000","CDFI2260012010000001","2010-01-27","","03","폐업","03","폐업","2014-12-08","","","","033-646-3377","","210-100","강원특별자치도 강릉시 교동 865-14","강원특별자치도 강릉시 강릉대로 181-1  (교동)","","(주)유진여행사","2014-12-09 17:55:41","I","2023-06-13 00:00:00","","366537.420689927","474496.982126208","국내여행업","","일반주거지역","0","기타","","","근린생활시설","0","0","0","0","","","0","0","","0","0","","0","0","","0","","","","","","","150000000","","","","0","",
"242","국내여행업","03_12_01_P","4201000","CDFI2260012010000002","2010-06-23","","03","폐업","03","폐업","2015-11-23","","","","033-652-1316","","210-110","강원특별자치도 강릉시 포남동 1278-185","강원특별자치도 강릉시 경강로 2292  (포남동)","","동진관광(주)","2015-11-24 08:56:31","I","2023-06-13 00:00:00","","368428.994592158","475534.478654024","국내여행업","","","0","","","","","0","0","0","0","","","0","0","","0","0","","0","0","","0","","","","","","","150000000","","","","0","",
"243","국내여행업","03_12_01_P","4201000","CDFI2260012011000002","2011-04-20","","03","폐업","03","폐업","2024-05-16","","","","033-646-5515","","","강원특별자치도 강릉시 교동 1875-4","강원특별자치도 강릉시 하슬라로 182, 403호 (교동)","25512","(합)아이투어","2024-05-16 09:43:50","U","2024-05-18 02:40:00","","365196.626497344","475379.029955846","국내여행업","","","0","","","","","0","0","0","0","","","0","0","","0","0","","0","0","","0","","","","","","","100000000","","","","0","",
"244","국내여행업","03_12_01_P","4201000","CDFI2260012011000004","2011-09-08","","03","폐업","03","폐업","2020-04-07","","","","","","","강원특별자치도 강릉시 청량동 103-2","강원특별자치도 강릉시 율곡로 2484, 1층 (청량동)","25617","(주)마리스 투어","2020-04-22 11:38:01","I","2023-06-13 00:00:00","","369997.222637188","472622.495160043","국내여행업","","","0","","","","","0","0","0","0","","","0","0","","0","0","","0","0","","0","","","","","","","100000000","","","","0","",
"245","국내여행업","03_12_01_P","4201000","CDFI2260012011000006","2008-02-18","","03","폐업","03","폐업","2018-08-08","","","","","","210-812","강원특별자치도 강릉시 구정면 금광리 1013-13","강원특별자치도 강릉시 구정면 범일로 56","","(주)펜타드림","2018-08-09 10:52:53","I","2023-06-13 00:00:00","","368374.141094416","469404.039986942","국내여행업","관광사업","","0","","","서울보증보험주식회사","","0","0","0","0","","","0","0","","0","0","","0","23","","0","","","","","","","150000000","20100214","20110213","","23","",
"246","국내여행업","03_12_01_P","4201000","CDFI2260012012000002","2012-07-06","","03","폐업","03","폐업","2014-06-09","","","","033-655-1911","","210-924","강원특별자치도 강릉시 교동 1793-6","강원특별자치도 강릉시 원대로 189 (교동)","210-924","즐거운여행(주)","2014-06-10 09:34:05","I","2023-06-13 00:00:00","","365712.003002664","475946.56525457","국내여행업","","","0","","","","","1","0","0","0","","","0","0","","0","0","","0","0","","0","","","","","","","90000000","","","","0","",
"247","국내여행업","03_12_01_P","4201000","CDFI2260012023000002","2023-08-28","","01","영업/정상","13","영업중","","","","","","","","강원특별자치도 강릉시 주문진읍 주문리 334-2","강원특별자치도 강릉시 주문진읍 항구로 45","25410","주식회사 청개골","2023-08-28 09:15:51","I","2023-08-30 00:18:41","","360611.389081007","489443.611231322","국내여행업","","","0","","","","","0","0","0","0","","","0","0","","0","0","","0","0","","0","","","","","","","0","","","","0","",
"248","국내여행업","03_12_01_P","4201000","CDFI2260011996000002","1996-10-11","","01","영업/정상","13","영업중","","","","","","","210-933","강원특별자치도 강릉시 옥천동 302-6","강원특별자치도 강릉시 중기1길 10-2 (옥천동)","","(합)동부항공여행사","2025-09-30 15:19:59","U","2025-10-02 02:40:00","","367539.178519078","475118.592570176","국내여행업","관광사업","","0","","","한국관광협회중앙회","","0","0","0","0","","","0","0","","0","0","","0","0","","0","","","","","","","150000000","20080226","20090226","","0","",
"249","국내여행업","03_12_01_P","4201000","CDFI2260012016000005","2016-07-14","","01","영업/정상","13","영업중","","","","","","","","강원특별자치도 강릉시 주문진읍 교항리 8-2","강원특별자치도 강릉시 주문진읍 연주로 270, 1102호 (강원도립대학)","25425","위드엠","2017-05-23 08:53:07","I","2023-06-13 00:00:00","","360884.78782295","487628.414228203","국내여행업","","","0","","","","","0","0","0","0","","","0","0","","0","0","","0","0","","0","","","","","","","0","","","","0","",
"250","국내여행업","03_12_01_P","4201000","CDFI2260012017000003","2017-09-27","","01","영업/정상","13","영업중","","","","","","","","강원특별자치도 강릉시 포남동 1311-12","강원특별자치도 강릉시 하평4길 3, 201호 (포남동)","25565","나는 가끔 강릉시민이 된다","2020-01-20 18:05:57","I","2023-06-13 00:00:00","","368907.800726681","475911.921082713","국내여행업","","","0","","","","","0","0","0","0","","","0","0","","0","0","","0","0","","0","","","","","","","0","","","","0","",
"251","국내여행업","03_12_01_P","4201000","CDFI2260012017000004","2017-11-03","","01","영업/정상","13","영업중","","","","","","","","강원특별자치도 강릉시 교동 1016-12","강원특별자치도 강릉시 원대로 48-1 (교동)","25501","여행플러스","2017-11-03 09:05:14","I","2023-06-13 00:00:00","","365792.847826009","474617.345460343","국내여행업","","","0","","","","","0","0","0","0","","","0","0","","0","0","","0","0","","0","","","","","","","0","","","","0","",
"252","국내여행업","03_12_01_P","4201000","CDFI2260011999000003","1999-07-28","","01","영업/정상","13","영업중","","","","","646-5678","","","강원특별자치도 강릉시 성내동 21","강원특별자치도 강릉시 임영로 115 (성내동)","25538","(합)굿모닝여행사","2018-03-29 10:16:43","I","2023-06-13 00:00:00","","366809.062945597","473843.474364067","국내여행업","관광사업","","0","","","강원도관광협회","","0","0","0","0","Good Morning Travel  Service Co.","Domestic Travel Agency","0","0","","0","0","","0","0","","0","","","","","","","350000000","20080323","20090323","","0","",
"253","국내여행업","03_12_01_P","4201000","CDFI2260012013000004","2013-10-24","","01","영업/정상","13","영업중","","","","","033-643-4334","","210-924","강원특별자치도 강릉시 교동 949-20","강원특별자치도 강릉시 강릉대로 103-3 (교동)","25506","(합)명품항공여행","2016-04-08 08:50:52","I","2023-06-13 00:00:00","","365812.174562067","474197.62592804","국내여행업","","","0","","","","","0","0","0","0","","","0","0","","0","0","","0","0","","0","","","","","","","30000000","","","","0","",
"254","국내여행업","03_12_01_P","4201000","CDFI2260012013000005","2013-11-21","","01","영업/정상","13","영업중","","","","","033-655-4600","","210-930","강원특별자치도 강릉시 노암동 249-9","강원특별자치도 강릉시 율곡로 2756 (노암동)","25584","(합)솔향관광여행사","2013-11-21 15:11:56","I","2023-06-13 00:00:00","","367808.202999291","473949.844219201","국내여행업","","","3","","","","","3","0","0","0","","","0","0","","0","0","","0","0","","0","","","","","","","90000000","","","","0","",
"255","국내여행업","03_12_01_P","4201000","CDFI2260012014000001","2014-03-04","","01","영업/정상","13","영업중","","","","","","","","강원특별자치도 강릉시 교동 1907-5","강원특별자치도 강릉시 하슬라로 125-2 (교동)","25516","(주)강릉이야기","2020-11-17 15:00:02","I","2023-06-13 00:00:00","","364997.3233031","474870.020601265","국내여행업","","","5","","","","근린생활시설","4","1","0","0","","","0","0","","0","0","","0","220","","0","","","","","","","32523576","","","","220","",
"256","국내여행업","03_12_01_P","4201000","CDFI2260012014000005","2014-11-19","","01","영업/정상","13","영업중","","","","","","","210-853","강원특별자치도 강릉시 사천면 사천진리 86-39","강원특별자치도 강릉시 사천면 진리항구길 45","25435","강릉시티투어여행사","2021-12-14 19:41:40","I","2023-06-13 00:00:00","","365018.565070046","483275.354143291","국내여행업","","","2","","","","근린생활시설","2","0","0","0","","","0","0","","0","0","","0","285.66","","0","","","","","","","32300000","","","","286","",
"257","국내여행업","03_12_01_P","4201000","CDFI2260012015000002","2015-08-04","","01","영업/정상","13","영업중","","","","","033-653-1100","","","강원특별자치도 강릉시 주문진읍 장덕리 847-6","강원특별자치도 강릉시 주문진읍 신리천로 515-23","25402","강릉시농촌체험마을협동조합","2022-03-22 09:46:33","I","2023-06-13 00:00:00","","356267.87716798","487737.706372568","국내여행업","","","0","","","","","0","0","0","0","","","0","0","","0","0","","0","0","","0","","","","","","","0","","","","0","",
"258","국내여행업","03_12_01_P","4201000","CDFI2260012015000005","2015-11-25","","01","영업/정상","13","영업중","","","","","","","","강원특별자치도 강릉시 홍제동 1009","강원특별자치도 강릉시 공제로 357, 창업보육센터 402호 (홍제동, 강릉영동대학)","25521","(주)커뮤니티워크","2015-11-25 09:10:44","I","2023-06-13 00:00:00","","363548.092915237","473178.824541062","국내여행업","","","0","","","","","0","0","0","0","","","0","0","","0","0","","0","0","","0","","","","","","","0","","","","0","",
"259","국내여행업","03_12_01_P","4201000","CDFI2260012006000001","2006-02-02","","01","영업/정상","13","영업중","","","","","","","","강원특별자치도 강릉시 성내동 21","강원특별자치도 강릉시 임영로 115, 1층 (성내동)","25538","(주)울릉도투어닷컴","2017-04-14 11:47:21","I","2023-06-13 00:00:00","","366809.062945597","473843.474364067","국내여행업","관광사업","","0","","","강원도관광협회","","0","0","0","0","Yes Tour Travel Service Co.","Domestic Travel Agency","0","0","","0","0","","0","0","","0","","","","","","","150000000","20080317","20090317","","0","",
"260","국내여행업","03_12_01_P","4201000","CDFI2260011997000001","1997-10-13","","01","영업/정상","13","영업중","","","","","","","","강원특별자치도 강릉시 주문진읍 교항리 191-9","강원특별자치도 강릉시 주문진읍 주문로 63","25414","(주)현정관광여행사","2017-11-27 18:00:15","I","2023-06-13 00:00:00","","360529.115394588","489009.961161226","국내여행업","관광사업","","0","","","강원도관광협회","","0","0","0","0","","","0","0","","0","0","","0","0","","0","","","","","","","50000000","20090208","20100208","","0","",
"261","국내여행업","03_12_01_P","4201000","CDFI2260012019000001","2019-01-14","","01","영업/정상","13","영업중","","","","","033 642 8888","","","강원특별자치도 강릉시 교동 146-3","강원특별자치도 강릉시 율곡로 2862 (교동)","25551","강릉유니온관광","2019-01-14 10:31:59","I","2023-06-13 00:00:00","","367039.612124129","474634.973921817","국내여행업","","","0","","","","","0","0","0","0","","","0","0","","0","0","","0","0","","0","","","","","","","0","","","","0","",
"262","국내여행업","03_12_01_P","4201000","CDFI2260012019000002","2019-01-31","","01","영업/정상","13","영업중","","","","","","","","강원특별자치도 강릉시 포남동 1171-7","강원특별자치도 강릉시 경강로 2283, 1층 (포남동)","25571","로얄하와이 넘버원투어","2019-06-10 20:37:40","I","2023-06-13 00:00:00","","368335.506643516","475529.735516848","국내여행업","","주거지역","3","주택가주변","","","근린생활시설","2","0","0","0","","","0","0","","0","0","","0","40","","0","","","","","","","15000000","","","","40","",
"263","국내여행업","03_12_01_P","4201000","CDFI2260012019000004","2019-09-25","","01","영업/정상","13","영업중","","","","","","","","강원특별자치도 강릉시 입암동 496-5 대목아파트 바동 504호","강원특별자치도 강릉시 용지로 35, 바동 5층층 504호 (입암동, 대목아파트)","25582","허클베리핀","2019-09-25 18:18:29","I","2023-06-13 00:00:00","","368326.155111678","474166.241934512","국내여행업","","","5","","","","사무실","5","0","0","0","HuckleberryPin","Domestic Travel Business","0","0","","0","0","","0","39.72","","0","","","","","","","28367310","","","","40","",
"264","국내여행업","03_12_01_P","4201000","CDFI2260012020000002","2018-12-28","","01","영업/정상","13","영업중","","","","","","","","강원특별자치도 강릉시 포남동 1278-183","강원특별자치도 강릉시 경강로2326번길 10, 904호 (포남동)","25570","강릉별밤투어","2024-05-09 14:03:34","U","2024-05-11 02:40:00","","368739.756069196","475615.256534028","국내여행업","","","0","","","서울보증보험","근린생활시설","0","0","0","0","","","0","0","","0","0","","0","0","","0","","","","","","","15000000","20190102","20200102","","0","",
"265","국내여행업","03_12_01_P","4201000","CDFI2260012020000003","2020-06-20","","01","영업/정상","13","영업중","","","","","070-4140-8867","","","강원특별자치도 강릉시 교동 162-79","강원특별자치도 강릉시 강릉대로 198, 2층 (교동)","25529","(주)더웨이브컴퍼니","2023-04-27 16:14:08","I","2023-06-13 00:00:00","","366686.713205944","474490.077643137","국내여행업","","주거지역","3","기타","","","사무실","3","0","0","0","","","0","0","","0","0","","0","193.09","","0","","","","","","","65217000","","","","193","",
"266","국내여행업","03_12_01_P","4201000","CDFI2260012021000001","2021-06-22","","01","영업/정상","13","영업중","","","","","","","","강원특별자치도 강릉시 지변동 123 강릉원주대학교","강원특별자치도 강릉시 죽헌길 7, 강릉원주대학교 산학협력관동 8층 9호 (지변동)","25457","강원관광산업사회적협동조합","2024-04-26 15:51:17","U","2024-04-28 02:40:00","","364627.278082023","475810.449226925","국내여행업","","","0","","","","","0","0","0","0","","","0","0","","0","0","","0","0","","0","","","","","","","50000000","","","","0","",
"267","국내여행업","03_12_01_P","4201000","CDFI2260012021000002","2021-06-22","","01","영업/정상","13","영업중","","","","","","","","강원특별자치도 강릉시 교동 714-33","강원특별자치도 강릉시 율곡로 2988 (교동)","25490","우진여행사","2024-05-28 13:28:34","U","2024-05-30 02:40:00","","366663.924830342","475768.56956422","국내여행업","","","0","","","","","0","0","0","0","","","0","0","","0","0","","0","0","","0","","","","","","","15000000","","","","0","",
"268","국내여행업","03_12_01_P","4201000","CDFI2260012021000003","2021-07-16","","01","영업/정상","13","영업중","","","","","","","","강원특별자치도 강릉시 안현동 266","강원특별자치도 강릉시 해안로 689-10 (안현동)","25459","무지개운","2024-05-28 13:29:39","U","2024-05-30 02:40:00","","366499.598956123","480973.752958826","국내여행업","","","0","","","","","0","0","0","0","","","0","0","","0","0","","0","39","","0","","","","","","","0","","","","39","",
"269","국내여행업","03_12_01_P","4201000","CDFI2260012021000004","2021-08-27","","01","영업/정상","13","영업중","","","","","","","","강원특별자치도 강릉시 사천면 사천진리 271","강원특별자치도 강릉시 사천면 해안로 1072","25435","주식회사 델루나네트웍스","2024-05-28 13:27:03","U","2024-05-30 02:40:00","","364553.301499687","484138.610561618","국내여행업","","","0","","","","","0","0","0","0","","","0","0","","0","0","","0","0","","0","","","","","","","30000000","","","","0","",
"270","국내여행업","03_12_01_P","4201000","CDFI2260012022000001","2022-06-07","","01","영업/정상","13","영업중","","","","","","","","강원특별자치도 강릉시 주문진읍 교항리 8-2 강원도립대학","강원특별자치도 강릉시 주문진읍 연주로 270, 강원도립대학 3305호","25425","(주)멍비치","2025-02-25 08:18:50","U","2025-02-27 02:40:00","","360884.78782295","487628.414228203","국내여행업","","","0","","","","","0","0","0","0","","","0","0","","0","0","","0","0","","0","","","","","","","30000000","","","","0","",
"271","국내여행업","03_12_01_P","4201000","CDFI2260012023000001","2023-03-06","","01","영업/정상","13","영업중","","","","","","","","강원특별자치도 강릉시 노암동 151-1","강원특별자치도 강릉시 율곡로2631번길 64 (노암동)","25612","합자회사 미르관광","2024-06-20 16:10:21","U","2024-06-22 02:40:00","","368153.975985647","473007.073468932","국내여행업","","","0","","","","근린생활시설","0","0","0","0","","","0","0","","0","0","","0","0","","0","","","","","","","150000000","","","","0","",
"272","국내여행업","03_12_01_P","4201000","CDFI2260012016000002","2016-02-05","","01","영업/정상","13","영업중","","","","","","","","강원특별자치도 강릉시 강동면 정동진리 282-2","강원특별자치도 강릉시 강동면 정동역길 83","25631","(주)제이케이씨앤디","2025-01-14 14:19:14","U","2025-01-16 02:40:00","","379236.588944906","467067.909580273","국내여행업","","","0","","","","","0","0","0","0","","","0","0","","0","0","","0","0","","0","","","","","","","0","","","","0","",
"273","국내여행업","03_12_01_P","4201000","CDFI2260012016000003","2016-02-05","","01","영업/정상","13","영업중","","","","","","","","강원특별자치도 강릉시 강문동 190-2","강원특별자치도 강릉시 창해로 364 (강문동)","25467","명가네 게스트하우스","2016-02-05 08:51:18","I","2023-06-13 00:00:00","","368801.056367162","478692.000299195","국내여행업","","","0","","","","","0","0","0","0","","","0","0","","0","0","","0","0","","0","","","","","","","0","","","","0","",
"274","국내여행업","03_12_01_P","4201000","CDFI2260012016000004","2016-05-30","","01","영업/정상","13","영업중","","","","","","","","강원특별자치도 강릉시 송정동 1008-7","강원특별자치도 강릉시 경강로 2398-10 (송정동)","25563","(주)여행닥터","2016-05-30 14:27:14","I","2023-06-13 00:00:00","","369334.629080122","475954.381315576","국내여행업","","","0","","","","","0","0","0","0","","","0","0","","0","0","","0","0","","0","","","","","","","0","","","","0","",
"275","국내여행업","03_12_01_P","4201000","CDFI2260012007000004","2007-10-18","","01","영업/정상","13","영업중","","","","","644-4455","","210-923","강원특별자치도 강릉시 교동 786-6","강원특별자치도 강릉시 화부산로 122  (교동)","","(주)강릉범한여행사","2009-03-19 15:58:50","I","2023-06-13 00:00:00","","366585.886756671","475298.185299092","국내여행업","관광사업","","0","","","서울보증보험(주)","","0","0","0","0","Gangneung Bumhan Tour Service Co.LTD","Overseas Travel Agency","0","0","","0","0","","0","0","","0","","","","","","","150000000","20081015","20091014","","0","",
"276","국내여행업","03_12_01_P","4201000","CDFI2260012008000001","2008-11-04","","01","영업/정상","13","영업중","","","","","642772","","","강원특별자치도 강릉시 교동 930-12","강원특별자치도 강릉시 화부산로 19 (교동)","25506","합자회사  스마일투어","2015-12-28 13:26:29","I","2023-06-13 00:00:00","","366143.563446008","474589.523562529","국내여행업","관광사업","일반주거지역","5","","","강원도관광협회","근린생활시설","4","1","0","0","","Domestic Travel Agency","0","0","","0","0","","0","167.25","","0","","","","","","","50000000","20081126","20091126","","167","",
"277","국내여행업","03_12_01_P","4201000","CDFI2260011989000002","1989-10-24","","01","영업/정상","13","영업중","","","","","641-1780","","210-934","강원특별자치도 강릉시 옥천동 177-1","강원특별자치도 강릉시 율곡로 2837 (옥천동)","25531","(주)율곡관광","2011-10-30 14:34:37","I","2023-06-13 00:00:00","","367146.118306702","474454.691957701","국내여행업","관광사업","","0","","","강원도관광협회","","0","0","0","0","Youlgok Tourist Co.,LTD.","Domestic Travel Agency","0","0","","0","0","","0","0","","0","","","","","","","150000000","20081105","20091105","","0","",
"278","국내여행업","03_12_01_P","4201000","CDFI2260011991000001","1991-11-06","","01","영업/정상","13","영업중","","","","","033-642-1160","","210-933","강원특별자치도 강릉시 옥천동 156-1","강원특별자치도 강릉시 옥가로 5  (옥천동)","","(합)조양관광","2013-10-08 16:08:57","I","2023-06-13 00:00:00","","367254.1625589","474408.470905199","국내여행업","관광사업","","0","","","한국관광협회중앙회","","0","0","0","0","","","0","0","","0","0","","0","0","","0","","","","","","","150000000","20080308","20090308","","0","",
"279","국내여행업","03_12_01_P","4201000","CDFI2260011996000003","1996-09-17","","01","영업/정상","13","영업중","","","","","645-1575","","210-040","강원특별자치도 강릉시 성내동 2","강원특별자치도 강릉시 경강로 2067 (성내동)","25533","(합)파고다여행사","2018-06-12 18:20:04","I","2023-06-13 00:00:00","","366810.447184041","473998.734676604","국내여행업","관광사업","","0","","","한국관광협회중앙회","","0","0","0","0","","","0","0","","0","0","","0","0","","0","","","","","","","150000000","20080106","20090106","","0","",
"280","국내여행업","03_12_01_P","4201000","CDFI2260012009000002","2009-12-28","","01","영업/정상","13","영업중","","","","","","","","강원특별자치도 강릉시 교동 982-30","강원특별자치도 강릉시 강릉대로 128 (교동)","25527","(주)우리여행사","2020-07-21 10:20:27","I","2023-06-13 00:00:00","","366042.780114009","474295.901429439","국내여행업","","일반주거지역","0","","","","근린생활시설","0","0","0","0","","","0","0","","0","0","","0","61","","0","","","","","","","150000000","","","","61","",
"281","국내여행업","03_12_01_P","4201000","CDFI2260012011000001","2011-03-10","","01","영업/정상","13","영업중","","","","","033-648-2222","","","강원특별자치도 강릉시 옥천동 164-1 3층","강원특별자치도 강릉시 옥가로 10, 3층 (옥천동)","25552","(주)씨투어","2020-01-10 14:30:52","I","2023-06-13 00:00:00","","367300.697338732","474455.591883354","국내여행업","","","0","","","","","0","0","0","0","","","0","0","","0","0","","0","0","","0","","","","","","","100000000","","","","0","",
"282","국내여행업","03_12_01_P","4201000","CDFI2260012011000003","2011-05-20","","01","영업/정상","13","영업중","","","","","","","","강원특별자치도 강릉시 지변동 220-3","강원특별자치도 강릉시 지변길58번길 7-6 (지변동)","25457","(주)아이러브투어","2020-06-04 12:38:13","I","2023-06-13 00:00:00","","364594.557009632","476138.856603342","국내여행업","","","0","","","","","0","0","0","0","","","0","0","","0","0","","0","0","","0","","","","","","","100000000","","","","0","",
"283","국내여행업","03_12_01_P","4201000","CDFI2260012011000005","2011-12-06","","01","영업/정상","13","영업중","","","","","","","210-111","강원특별자치도 강릉시 포남동 1005-238","강원특별자치도 강릉시 경강로 2272  (포남동)","","씨에어 항공여행사","2011-12-06 17:47:04","I","2023-06-13 00:00:00","","368256.552706872","475420.795341745","국내여행업","","","0","","","","","0","0","0","0","","","0","0","","0","0","","0","0","","0","","","","","","","30000000","","","","0","",
"284","국내여행업","03_12_01_P","4201000","CDFI2260012012000001","2012-03-21","","01","영업/정상","13","영업중","","","","","","","","강원특별자치도 강릉시 초당동 248-2","강원특별자치도 강릉시 초당순두부길48번길 16 (초당동)","25469","(주)평창투어","2019-09-19 11:26:15","I","2023-06-13 00:00:00","","368574.630646386","477772.492797799","국내여행업","","","0","","","","","0","0","0","0","","","0","0","","0","0","","0","0","","0","","","","","","","0","","","","0","",
"285","국내여행업","03_12_01_P","4201000","CDFI2260012013000001","2008-04-14","","01","영업/정상","13","영업중","","","","","033-655-2771","","","강원특별자치도 강릉시 성남동 50 중앙시장","강원특별자치도 강릉시 금성로 21, 중앙시장 2층 14호 (성남동)","25543","주식회사 강릉관광버스","2025-05-23 14:25:38","U","2025-05-25 02:40:00","","367255.878725242","474087.754397503","국내여행업","관광사업","일반주거지역","0","기타","","","사무실","1","0","0","0","","","0","0","","0","0","","0","106.8","","0","","","","","","","50000000","","","","107","",
"286","국내여행업","03_12_01_P","4201000","CDFI2260012025000001","2025-02-26","","01","영업/정상","13","영업중","","","","","033-642-6922","","","강원특별자치도 강릉시 포남동 1260-13","강원특별자치도 강릉시 용지로 118-1, 3층 (포남동)","25548","수플사회적협동조합","2025-02-26 17:30:22","I","2025-02-28 00:10:36","","367753.406381079","474769.268898711","국내여행업","","","0","","","","","0","0","0","0","","","0","0","","0","0","","0","0","","0","","","","","","","15050000","","","","0","",
"287","국내여행업","03_12_01_P","4201000","CDFI2260012023000003","2023-10-26","","01","영업/정상","13","영업중","","","","","033-652-6265","","","강원특별자치도 강릉시 포남동 1138-2","강원특별자치도 강릉시 경강로 2198-1, 2층 (포남동)","25548","빅토리","2023-10-26 16:22:00","I","2023-10-28 00:17:47","","367789.734162519","474865.766234007","국내여행업","","","0","","","","","0","0","0","0","","","0","0","","0","0","","0","0","","0","","","","","","","20755854","","","","0","",
"288","국내여행업","03_12_01_P","4201000","CDFI2260012017000001","2017-04-07","2018-12-12","04","취소/말소/만료/정지/중지","31","등록취소","","","","","","","","강원특별자치도 강릉시 견소동 138","강원특별자치도 강릉시 창해로2번길 30 (견소동)","25556","휴게스트하우스여행사","2023-12-28 17:02:01","U","2023-12-30 02:40:00","","371604.881194382","476105.925244845","국내여행업","","","0","","","","","0","0","0","0","","","0","0","","0","0","","0","0","","0","","","","","","","0","","","","0","",
"289","국내여행업","03_12_01_P","4201000","CDFI2260012001000001","2001-11-01","2010-03-26","04","취소/말소/만료/정지/중지","31","등록취소","","","","","642-1222","","210-933","강원특별자치도 강릉시 옥천동 369-10 1층 2호","강원특별자치도 강릉시 경강로 2197, 1층 2호 (옥천동)","210-090","(주)신세계여행사","2011-10-30 15:26:25","I","2023-06-13 00:00:00","","367749.224316719","474892.790562623","국내여행업","관광사업","","0","","","한국관광협회중앙회","","0","0","0","0","NEW WORLD Travel Agency Co.","Domestic Travel Agency","0","0","","0","0","","0","0","","0","","","","","","","150000000","20081110","20091109","","0","",
"290","국내여행업","03_12_01_P","4201000","CDFI2260012002000001","2002-10-07","","04","취소/말소/만료/정지/중지","31","등록취소","","","","","641-7722","","210-921","강원특별자치도 강릉시 교동 산 162-48","","","제일여행사","2008-11-24 15:55:25","I","2023-06-13 00:00:00","","","","국내여행업","관광사업","","0","","","한국관광협회중앙회","","0","0","0","0","","","0","0","","0","0","","0","0","","0","","","","","","","50000000","20021202","20031202","","0","",
"291","국내여행업","03_12_01_P","4201000","CDFI2260012013000002","2013-08-22","","04","취소/말소/만료/정지/중지","31","등록취소","","","","","","","210-946","강원특별자치도 강릉시 포남동 1278-80","강원특별자치도 강릉시 경강로2334번길 4 (포남동)","25564","연호미니엄여행사","2018-03-29 10:23:57","I","2023-06-13 00:00:00","","368792.002499063","475730.858792503","국내여행업","","","1","","","","","1","0","0","0","","","0","0","","0","0","","0","0","","0","","","","","","","30000000","","","","0","",
"292","국내여행업","03_12_01_P","4201000","CDFI2260012014000004","2014-08-08","","04","취소/말소/만료/정지/중지","31","등록취소","","","","","655-5513","","210-954","강원특별자치도 강릉시 포남동 1105-2","강원특별자치도 강릉시 가작로 288 (포남동)","25487","(합자)기룡관광여행사","2018-07-30 21:42:17","I","2023-06-13 00:00:00","","367928.424650886","475910.606380557","국내여행업","","일반주거지역","5","기타","","","근린생활시설","4","1","0","0","","","0","0","","0","0","","0","606.9","","0","","","","","","","0","","","","607","",
"293","국내여행업","03_12_01_P","4201000","CDFI2260012016000001","2016-01-08","2018-12-12","04","취소/말소/만료/정지/중지","31","등록취소","","","","","","","","강원특별자치도 강릉시 안현동 49-2","강원특별자치도 강릉시 해안로535번길 21 (안현동)","25460","강릉관광협동조합","2023-12-28 17:00:34","U","2023-12-30 02:40:00","","367434.059156124","480121.912102567","국내여행업","","","0","","","","","0","0","0","0","","","0","0","","0","0","","0","0","","0","","","","","","","59700000","","","","0","",
"294","국내여행업","03_12_01_P","4201000","CDFI2260011986000001","1986-12-06","2004-09-13","04","취소/말소/만료/정지/중지","31","등록취소","","","","","661-7757","","210-861","강원특별자치도 강릉시 연곡면 영진리 248-8","","","(합)명주제일관광","2014-02-28 17:03:36","I","2023-06-13 00:00:00","","361788.00996495","485832.471999474","국내여행업","관광사업","","0","","","강원도관광협회","","0","0","0","0","","","0","0","","0","0","","0","0","","0","","","","","","","50000000","","","","0","",
"295","국내여행업","03_12_01_P","4201000","CDFI2260011992000001","1992-08-24","","04","취소/말소/만료/정지/중지","31","등록취소","","","","","652-2277","","210-940","강원특별자치도 강릉시 포남동 1090-10","","","(주)한우여행사","2014-02-28 17:03:36","I","2023-06-13 00:00:00","","367846.457847453","475960.734759759","국내여행업","관광사업","","0","","","한국관광협회중앙회","","0","0","0","0","","","0","0","","0","0","","0","0","","0","","","","","","","150000000","20030323","20040323","","0","",
"296","국내여행업","03_12_01_P","4201000","CDFI2260012012000003","2012-07-14","","04","취소/말소/만료/정지/중지","31","등록취소","","","","","","","210-924","강원특별자치도 강릉시 교동 1834-3","강원특별자치도 강릉시 하슬라로206번길 8-5 (교동)","25511","굿뉴스여행사","2018-03-29 10:23:12","I","2023-06-13 00:00:00","","365285.124306558","475558.871040817","국내여행업","","","0","","","","","1","0","0","0","","","0","0","","0","0","","0","0","","0","","","","","","","30000000","","","","0","",
"297","국내여행업","03_12_01_P","4211000","CDFI2260012015000002","2015-02-26","","02","휴업","02","휴업","","2020-09-29","2021-09-28","","033-531-1101","","","강원특별자치도 동해시 평릉동 166-4 동해시공영버스터미널 108호","강원특별자치도 동해시 동해대로 5443, 동해시공영버스터미널 108호 (평릉동)","25749","(합자)정투어","2020-10-05 10:25:06","I","2023-06-13 00:00:00","","385915.863001604","449375.869791362","국내여행업","","","0","","","서울보증보험","기타","0","0","0","0","","","0","0","","0","0","","0","33","","0","","","","","","","30000000","20170226","20180225","","33","",
"298","국내여행업","03_12_01_P","4211000","CDFI2260012012000003","2012-05-16","","03","폐업","03","폐업","2013-03-22","","","","033-533-0055","","240-804","강원특별자치도 동해시 발한동 4-7","강원특별자치도 동해시 일출로 18-1 (발한동)","240-804","묵호서비스","2013-03-22 11:26:59","I","2023-06-13 00:00:00","","386410.868628806","451912.48446953","국내여행업","","","0","","","","","0","0","0","0","","","0","0","","0","0","","0","0","","0","","","","","","","30000000","","","","0","",
"299","국내여행업","03_12_01_P","4211000","CDFI2260012014000001","2014-08-14","","03","폐업","03","폐업","2017-10-13","","","","","","","강원특별자치도 동해시 발한동 26-4","강원특별자치도 동해시 일출로 10 (발한동)","25719","컬트래블러스","2018-03-07 18:35:28","I","2023-06-13 00:00:00","","386359.521882777","451822.834185138","국내여행업","","일반주거지역","5","주택가주변","","서울보증보험","근린생활시설","4","1","0","0","","","0","0","","0","0","","0","108.68","","0","","","","","","","30000000","20170811","20180810","","109","",
"300","국내여행업","03_12_01_P","4211000","CDFI2260011992000001","1992-07-13","","03","폐업","03","폐업","2004-04-08","","","","533-9089","","240-020","강원특별자치도 동해시 평릉동 160-1","강원특별자치도 동해시 동해대로 5456 (평릉동)","240-020","(주)삼일여행사","2014-06-13 16:59:42","I","2023-06-13 00:00:00","","386030.621834415","449507.59238912","국내여행업","관광사업","","0","","","","","0","0","0","0","","","0","0","","0","0","","0","369.77","","0","","","","","","","0","","","","370","",
"301","국내여행업","03_12_01_P","4211000","CDFI2260011995000001","1995-11-24","","03","폐업","03","폐업","2005-12-31","","","","","","240-810","강원특별자치도 동해시 천곡동 1076 현대코아빌딩 303호","강원특별자치도 동해시 천곡로 68, 303호 (천곡동,현대코아빌딩)","","(합)세진여행사","2017-08-09 17:44:13","I","2023-06-13 00:00:00","","386714.603074597","448877.779980518","국내여행업","관광사업","","0","","","","","0","0","0","0","","","0","0","","0","0","","0","131.42","","0","","","","","","","0","","","","131","",
"302","국내여행업","03_12_01_P","4211000","CDFI2260011999000001","1999-01-18","","03","폐업","03","폐업","2015-01-16","","","","535-4000","","240-030","강원특별자치도 동해시 부곡동 5-43","강원특별자치도 동해시 임항로 75 (부곡동)","240-815","(합)삼일여행사","2015-01-16 10:51:14","I","2023-06-13 00:00:00","","386419.242991745","450673.295250091","국내여행업","관광사업","","0","","","","","0","0","0","0","","","0","0","","0","0","","0","40","","0","","","","","","","30000000","","","","40","",
"303","국내여행업","03_12_01_P","4211000","CDFI2260012004000001","2004-04-27","","03","폐업","03","폐업","2010-10-18","","","","533-8676","","240-802","강원특별자치도 동해시 발한동 240-15 9통2반 2층","강원특별자치도 동해시 발한로 191 (발한동)","240-802","여행닷컴","2014-09-03 16:25:17","I","2023-06-13 00:00:00","","386173.655965691","451561.015061572","국내여행업","관광사업","","0","","","","","0","0","0","0","","","0","0","","0","0","","0","59.5","","0","","","","","","","50000000","","","","60","",
"304","국내여행업","03_12_01_P","4211000","CDFI2260012006000001","2006-09-18","","03","폐업","03","폐업","2009-02-05","","","","535-4141","","240-020","강원특별자치도 동해시 평릉동 160-1 가나빌딩","강원특별자치도 동해시 동해대로 5456 (평릉동)","240-020","(주)지사협동해여행사","2011-10-30 13:29:53","I","2023-06-13 00:00:00","","386030.621834415","449507.59238912","국내여행업","관광사업","상업지역","0","아파트지역","","","사무실","0","0","0","0","","","0","0","","0","0","","0","0","","0","","","","","","","50000000","","","","0","",
"305","국내여행업","03_12_01_P","4211000","CDFI2260012009000005","2009-11-02","","03","폐업","03","폐업","2010-05-17","","","","521-2852","","240-210","강원특별자치도 동해시 구미동 588-1","강원특별자치도 동해시 구미택지1길 98 (구미동)","240-210","해신마리나(주)투어","2011-10-30 13:38:54","I","2023-06-13 00:00:00","","388223.583160288","444118.971057296","국내여행업","","","0","","","","","0","0","0","0","","","0","0","","0","0","","0","0","","0","","","","","","","50000000","","","","0","",
"306","국내여행업","03_12_01_P","4211000","CDFI2260012011000001","2011-11-16","","03","폐업","03","폐업","2015-06-05","","","","521-8241","","240-806","강원특별자치도 동해시 송정동 265-1","강원특별자치도 동해시 대동로 265 (송정동)","240-130","(주)원일유라투어","2015-06-30 13:05:41","I","2023-06-13 00:00:00","","","","국내여행업","","","0","","","","","0","0","0","0","","","0","0","","0","0","","0","0","","0","","","","","","","90000000","","","","0","",
"307","국내여행업","03_12_01_P","4211000","CDFI2260012012000002","2012-02-20","","03","폐업","03","폐업","2015-02-03","","","","033-534-2626","","240-804","강원특별자치도 동해시 발한동 74-9","강원특별자치도 동해시 향로봉길 42-1 (발한동)","240-804","울릉도사랑","2015-02-03 17:49:19","I","2023-06-13 00:00:00","","386364.503615086","451156.06542898","국내여행업","","","0","","","","","0","0","0","0","","","0","0","","0","0","","0","0","","0","","","","","","","30000000","","","","0","",
"308","국내여행업","03_12_01_P","4211000","CDFI2260012019000001","2019-01-11","","03","폐업","03","폐업","2025-06-11","","","","033-532-3550","","","강원특별자치도 동해시 천곡동 990-7 세화빌딩","강원특별자치도 동해시 감추로 41, 세화빌딩 지하 1층 (천곡동)","25778","여행크루즈","2025-06-11 16:51:36","U","2025-06-13 02:40:00","","387659.697116806","448124.561550202","국내여행업","","","0","","","","","0","0","0","0","","","0","0","","0","0","","0","0","","0","","","","","","","45000000","20240818","20250817","","0","",
"309","국내여행업","03_12_01_P","4211000","CDFI2260012013000001","2013-01-23","","01","영업/정상","13","영업중","","","","","16449622","","240-812","강원특별자치도 동해시 천곡동 968-7","강원특별자치도 동해시 감추5길 25-1 (천곡동)","25777","한섬여행사","2025-09-25 10:41:49","U","2025-09-27 02:40:00","","387352.846378093","448243.12115173","국내여행업","","","0","","","서울보증보험","","0","0","0","0","","","0","0","","0","0","","0","0","","0","","","","","","","35005000","20240208","20250207","","0","",
"310","국내여행업","03_12_01_P","4211000","CDFI2260012013000002","2013-05-02","","01","영업/정상","13","영업중","","","","","033-732-6442","","240-160","강원특별자치도 동해시 효가동 360","강원특별자치도 동해시 동해대로 5133 (효가동)","25801","정도산업","2024-11-07 14:10:54","U","2024-11-09 02:40:00","","386381.447211574","446536.529587716","국내여행업","","자연녹지지역","2","기타","","서울보증보험","운수시설","2","0","0","0","","","0","0","","0","0","","0","4185","","0","","","","","","","44216920","20230201","20250131","","4185","",
"311","국내여행업","03_12_01_P","4211000","CDFI2260012013000003","2013-06-20","","01","영업/정상","13","영업중","","","","","","","","강원특별자치도 동해시 발한동 2-70 묵호항여객선터미널","강원특별자치도 동해시 일출로 22, 묵호항여객선터미널 1층 (발한동)","25719","오션투어","2025-02-13 16:55:13","U","2025-02-15 02:40:00","","386610.291272377","451860.624294575","국내여행업","","일반주거지역","3","아파트지역","","서울보증보험","사무실","3","0","0","0","","","0","0","","0","0","","0","15.73","","0","","","","","","","32000000","20240229","20260228","","16","",
"312","국내여행업","03_12_01_P","4211000","CDFI2260012013000004","2013-09-03","","01","영업/정상","13","영업중","","","","","","","","강원특별자치도 동해시 천곡동 1034-12","강원특별자치도 동해시 동굴3길 12 (천곡동)","25771","배표천국","2024-11-11 17:13:33","U","2024-11-13 02:40:00","","386801.774369074","448387.338629076","국내여행업","","근린상업지역","3","아파트지역","","서울보증보험","근린생활시설","3","0","0","0","","","0","0","","0","0","","0","2606","","0","","","","","","","100000000","20240709","20250708","","2606","",
"313","국내여행업","03_12_01_P","4211000","CDFI2260012015000001","2015-02-02","","01","영업/정상","13","영업중","","","","","","","","강원특별자치도 동해시 송정동 955-6","강원특별자치도 동해시 송정2길 41, 301호 (송정동)","25789","트래블팩토리(주)","2025-09-25 11:00:35","U","2025-09-27 02:40:00","","387736.828052366","445933.369590167","국내여행업","","일반상업지역","1","기타","","서울보증보험","근린생활시설","5","1","0","0","","","0","0","","0","0","","0","18","","0","","","","","","","100000000","20230818","20240817","","18","",
"314","국내여행업","03_12_01_P","4211000","CDFI2260012015000003","2015-06-26","","01","영업/정상","13","영업중","","","","","033-532-2833","","","강원특별자치도 동해시 동회동 255-7","강원특별자치도 동해시 효자로 640 (동회동)","25806","(합)뉴미래관광","2024-11-07 15:47:38","U","2024-11-09 02:40:00","","386053.483034477","445308.536119286","국내여행업","","일반주거지역","2","기타","","서울보증보험","사무실","2","0","0","0","","","0","0","","0","0","","0","168","","0","","","","","","","50000000","20240120","20250119","","168","",
"315","국내여행업","03_12_01_P","4211000","CDFI2260011992000002","1992-02-13","","01","영업/정상","13","영업중","","","","","033-522-0038","","240-160","강원특별자치도 동해시 효가동 224-1","강원특별자치도 동해시 동해대로 5025 (효가동)","25802","(주)동천여행사","2024-11-07 15:37:14","U","2024-11-09 02:40:00","","386548.529939152","445709.182117824","국내여행업","관광사업","","0","","","서울보증보험","","0","0","0","0","","","0","0","","0","0","","0","56","","0","","","","","","","60000000","20231224","20241223","","56","",
"316","국내여행업","03_12_01_P","4211000","CDFI2260012007000001","2007-07-11","","01","영업/정상","13","영업중","","","","","033-531-5115","","240-180","강원특별자치도 동해시 동회동 255-7","강원특별자치도 동해시 효자로 640 (동회동)","25806","(합)모아관광","2024-11-07 14:20:00","U","2024-11-09 02:40:00","","386053.483034477","445308.536119286","국내여행업","관광사업","일반주거지역","1","기타","","서울보증보험(주)","차량관련시설","1","0","0","0","","","0","0","","0","0","","0","67.5","","0","","","","","","","50000000","20240201","20250131","","68","",
"317","국내여행업","03_12_01_P","4211000","CDFI2260012008000001","2008-01-04","","01","영업/정상","13","영업중","","","","","033-532-0075","","240-810","강원특별자치도 동해시 천곡동 1085-2","강원특별자치도 동해시 천곡로 12 (천곡동)","25764","서진여행사","2024-11-07 15:38:24","U","2024-11-09 02:40:00","","386158.076833551","449077.332687491","국내여행업","관광사업","","0","","","서울보증보험","","0","0","0","0","","","0","0","","0","0","","0","0","","0","","","","","","","50000000","20240707","20250706","","0","",
"318","국내여행업","03_12_01_P","4211000","CDFI2260012009000001","2009-04-09","","01","영업/정상","13","영업중","","","","","033-535-2200","","240-041","강원특별자치도 동해시 발한동 222-2","강원특별자치도 동해시 발한로 162 (발한동)","25725","(합)우리여행사","2024-11-07 15:39:07","U","2024-11-09 02:40:00","","385938.439584121","451399.710024274","국내여행업","","","0","","","서울보증보험","","0","0","0","0","","","0","0","","0","0","","0","0","","0","","","","","","","150000000","20241024","20251023","","0","",
"319","국내여행업","03_12_01_P","4211000","CDFI2260012009000002","2009-06-23","","01","영업/정상","13","영업중","","","","","","","","강원특별자치도 동해시 천곡동 1053-24 매코미","강원특별자치도 동해시 한섬로 27, 1층 (천곡동)","25766","(합)현진여행사","2024-11-07 15:40:52","U","2024-11-09 02:40:00","","386189.807682763","448502.099487135","국내여행업","","","0","","","서울보증보험","","0","0","0","0","","","0","0","","0","0","","0","0","","0","","","","","","","15000000","20240827","20250826","","0","",
"320","국내여행업","03_12_01_P","4211000","CDFI2260012009000003","2009-08-05","","01","영업/정상","13","영업중","","","","","","","","강원특별자치도 동해시 발한동 581-10","강원특별자치도 동해시 발한로 113, 1층 (발한동)","25724","뉴오대산 여행사","2024-11-21 14:25:14","U","2024-11-23 02:40:00","","385673.287132842","451002.214013267","국내여행업","","","0","","","서울보증보험","","0","0","0","0","","","0","0","","0","0","","0","0","","0","","","","","","","80000000","20230818","20250817","","0","",
"321","국내여행업","03_12_01_P","4211000","CDFI2260012012000001","2012-02-01","","01","영업/정상","13","영업중","","","","","033-532-2824","","","강원특별자치도 동해시 천곡동 1077-1 삼성아파트상가 205호","강원특별자치도 동해시 대학로 31, 2층 205호 (천곡동, 삼성아파트)","25760","주식회사 올레투어","2024-11-07 15:41:50","U","2024-11-09 02:40:00","","386671.753706762","448820.824659876","국내여행업","","","0","","","서울보증보험","","0","0","0","0","","","0","0","","0","0","","0","0","","0","","","","","","","50000000","20240218","20250217","","0","",
"322","국내여행업","03_12_01_P","4211000","CDFI2260012015000004","2015-07-03","","01","영업/정상","13","영업중","","","","","033-534-2626","","240-810","강원특별자치도 동해시 천곡동 802-1","강원특별자치도 동해시 천곡1길 3 (천곡동, 유공상가아파트 203호 A)","25759","아라여행사","2024-11-05 16:28:22","U","2024-11-07 02:40:00","","386712.289280063","449002.11793605","국내여행업","","일반상업지역","17","기타","","서울보증보험","사무실","15","2","0","0","","","0","0","","0","0","","0","17","","0","","","","","","","0","20240708","20250707","","17","",
"323","국내여행업","03_12_01_P","4211000","CDFI2260012005000001","2005-01-25","2010-01-14","04","취소/말소/만료/정지/중지","31","등록취소","","","","","","","240-160","강원특별자치도 동해시 효가동 183-1","강원특별자치도 동해시 동해대로 5018 (효가동)","240-160","(합)젤조은여행사","2011-10-30 13:28:27","I","2023-06-13 00:00:00","","386638.115080393","445612.711879386","국내여행업","관광사업","","0","","","","","0","0","0","0","","","0","0","","0","0","","0","0","","0","","","","","","","0","","","","0","",
"324","국내여행업","03_12_01_P","4211000","CDFI2260012007000002","2007-07-11","2011-01-14","04","취소/말소/만료/정지/중지","31","등록취소","","","","","","","240-802","강원특별자치도 동해시 발한동 240-15","강원특별자치도 동해시 발한로 191 (발한동)","240-802","울릉도매니아","2011-10-30 13:32:08","I","2023-06-13 00:00:00","","386173.655965691","451561.015061572","국내여행업","관광사업","","0","","","","","0","0","0","0","","","0","0","","0","0","","0","0","","0","","","","","","","50000000","","","","0","",
"325","국내여행업","03_12_01_P","4211000","CDFI2260012009000004","2009-10-08","2011-01-14","04","취소/말소/만료/정지/중지","31","등록취소","","","","","","","240-806","강원특별자치도 동해시 송정동 848-96","강원특별자치도 동해시 송정중앙로 71-1 (송정동)","240-130","울릉도 해피투어","2011-10-30 13:38:21","I","2023-06-13 00:00:00","","387900.640318343","446309.257894652","국내여행업","","","0","","","","","0","0","0","0","","","0","0","","0","0","","0","0","","0","","","","","","","50000000","","","","0","",
"326","국내여행업","03_12_01_P","4221000","CDFI2260011994000001","1994-05-24","","03","폐업","03","폐업","2016-06-14","","","","033-553-2500","","235-800","강원특별자치도 태백시 황지동 39-6","강원특별자치도 태백시 황지로 168-1 (황지동)","235-010","태백세중여행사(합자)","2016-06-15 09:21:41","I","2023-06-13 00:00:00","","376788.843433066","409822.637654986","국내여행업","관광사업","","0","","","한국관광협회중앙회 여행공제회","","0","0","0","0","","","0","0","","0","0","","0","0","","0","","","","","","","150000000","20150205","20160205","","0","",
"327","국내여행업","03_12_01_P","4221000","CDFI2260011997000001","1997-11-21","","03","폐업","03","폐업","2015-11-30","","","","033-553-9222","","235-800","강원특별자치도 태백시 황지동 29-38","강원특별자치도 태백시 번영로 369 (황지동)","26012","고원관광(합자)","2015-12-01 17:37:52","I","2023-06-13 00:00:00","","377008.126876027","409622.088467417","국내여행업","관광사업","","0","","","한국관광협회중앙회 여행공제회","","0","0","0","0","","","0","0","","0","0","","0","0","","0","","","","","","","150000000","20140501","20150430","","0","",
"328","국내여행업","03_12_01_P","4221000","CDFI2260011998000002","1998-06-27","","03","폐업","03","폐업","2007-01-19","","","","033-552-1129","","235-801","강원특별자치도 태백시 황지동 274-80","강원특별자치도 태백시 광장로 23  (황지동)","","태백관광여행사","2007-01-22 12:03:11","I","2023-06-13 00:00:00","","376297.226449267","410327.417439041","국내여행업","관광사업","","0","","","","","0","0","0","0","","","0","0","","0","0","","0","0","","0","","","","","","","50000000","","","","0","",
"329","국내여행업","03_12_01_P","4221000","CDFI2260012001000002","2001-07-04","","03","폐업","03","폐업","2006-04-26","","","","","","138-862","서울특별시 송파구 잠실동 200-10","서울특별시 송파구 석촌호수로12길 48  (잠실동)","","(합)해피관광렌트카 서울영업소","2006-04-27 16:14:48","I","2023-06-13 00:00:00","","207117.078315902","445144.23037917","국내여행업","관광사업","","0","","","","","0","0","0","0","","","0","0","","0","0","","0","0","","0","","","","","","","0","","","","0","",
"330","국내여행업","03_12_01_P","4221000","CDFI2260012003000002","2003-02-12","","03","폐업","03","폐업","2005-03-28","","","","","","235-800","강원특별자치도 태백시 황지동 220 유진상가7호","강원특별자치도 태백시 고원로 61  (황지동,유진상가7호)","","하이밸리여행사(주)","2005-03-29 17:00:21","I","2023-06-13 00:00:00","","376488.431767096","408425.645393492","국내여행업","관광사업","","0","","","","","0","0","0","0","","","0","0","","0","0","","0","0","","0","","","","","","","50000000","","","","0","",
"331","국내여행업","03_12_01_P","4221000","CDFI2260012003000003","2003-09-02","","03","폐업","03","폐업","2006-12-22","","","","","","235-802","강원특별자치도 태백시 황지동 439 강원관광대창업보육센터 204호","강원특별자치도 태백시 대학길 97  (황지동,강원관광대창업보육센터 204호)","","(합)태성관광개발여행사","2006-12-26 15:12:33","I","2023-06-13 00:00:00","","375366.896553026","408426.548493144","국내여행업","관광사업","","0","","","강원도 관광협회","","0","0","0","0","","","0","0","","0","0","","0","0","","0","","","","","","","50000000","20041007","20051007","","0","",
"332","국내여행업","03_12_01_P","4221000","CDFI2260012009000001","1983-06-23","","03","폐업","03","폐업","2017-07-28","","","","033-552-9488","","235-010","강원특별자치도 태백시 황지동 91-8","강원특별자치도 태백시 황지로 4 (황지동)","26021","(주)뉴대성관광","2017-08-02 10:32:20","I","2023-06-13 00:00:00","","376659.986599994","408252.77058494","국내여행업","관광사업","일반상업지역","2","기타","","한국관광협회중앙회 여행공제회","사무실","2","0","0","0","","","0","0","","0","0","","0","47.96","","0","","","","","","","50000000","20140201","20150201","","48","",
"333","국내여행업","03_12_01_P","4221000","CDFI2260012013000002","2013-06-11","","03","폐업","03","폐업","2014-01-10","","","","033-580-7459","","235-010","강원특별자치도 태백시 황지동 176-26","강원특별자치도 태백시 서학로 861 (황지동)","235-010","(주)지앤비씨티","2014-01-10 16:41:57","I","2023-06-13 00:00:00","","","","국내여행업","","","0","","","","","0","0","0","0","G&B CT","","0","0","","0","0","","0","74.24","","0","","","","","","","30000000","","","","74","",
"334","국내여행업","03_12_01_P","4221000","CDFI2260012014000001","2014-10-10","","03","폐업","03","폐업","2021-10-19","","","","033-553-9967","","","강원특별자치도 태백시 황지동 94-2","강원특별자치도 태백시 황지로 22 (황지동)","26021","(주)태백산맥","2021-10-19 14:07:59","I","2023-06-13 00:00:00","","376757.524407209","408411.537712161","국내여행업","","","0","","","서울보증보험주식회사","근린생활시설","3","0","0","0","","","0","0","","0","0","","0","157","","0","","","","","","","0","20190307","20200306","","157","",
"335","국내여행업","03_12_01_P","4221000","CDFI2260012023000001","2023-02-22","","01","영업/정상","13","영업중","","","","","","","","강원특별자치도 태백시 황지동 94-2","강원특별자치도 태백시 황지로 22, 2층 (황지동)","26021","(주)태백산양마을","2025-10-23 14:11:02","U","2025-10-25 02:40:00","","376757.524407209","408411.537712161","국내여행업","","","0","","","서울보증보험","","0","0","0","0","","","0","0","","0","0","","0","40","","0","","","","","","","0","20241128","20271127","","40","",
"336","국내여행업","03_12_01_P","4221000","CDFI2260011986000001","1987-06-30","","01","영업/정상","13","영업중","","","","","033-552-9560","","235-800","강원특별자치도 태백시 황지동 29-47","강원특별자치도 태백시 번영로 366 (황지동)","26013","(합명)스카이여행사","2025-10-10 09:50:11","U","2025-10-12 02:40:00","","376971.280330681","409589.228400198","국내여행업","관광사업","상업지역","3","기타","","한국관광협회중앙회 여행공제회","사무실","2","1","0","0","","","0","0","","0","0","","0","92.4","","0","","","","","","","150000000","20250108","20260108","","92","",
"337","국내여행업","03_12_01_P","4221000","CDFI2260011998000003","1998-03-12","","01","영업/정상","13","영업중","","","","","033-553-7799","","235-801","강원특별자치도 태백시 황지동 264-50","강원특별자치도 태백시 황지로 186 (황지동)","26011","(합)해피관광렌트카","2025-10-10 10:34:20","U","2025-10-12 02:40:00","","376657.1564602","409953.641541205","국내여행업","관광사업","","0","","","한국관광협회중앙회 여행공제회","","0","0","0","0","","","0","0","","0","0","","0","0","","0","","","","","","","0","20250417","20260417","","0","",
"338","국내여행업","03_12_01_P","4221000","CDFI2260012006000001","2006-09-18","","01","영업/정상","13","영업중","","","","","033-553-7799","","","강원특별자치도 태백시 황지동 270-1 태백시외버스터미널","강원특별자치도 태백시 광장로 6, 태백시외버스터미널 (황지동)","26007","영암고속(주)","2025-10-10 10:48:53","U","2025-10-12 02:40:00","","376268.905091342","410150.688450577","국내여행업","관광사업","일반상업지역","2","기타","","한국관광협회중앙회 여행공제회","근린생활시설","2","0","0","0","","","0","0","","0","0","","0","82.8","","0","","","","","","","935000000","20250908","20260908","","83","",
"339","국내여행업","03_12_01_P","4221000","CDFI2260012015000001","2015-12-07","","01","영업/정상","13","영업중","","","","","0335539222","","","강원특별자치도 태백시 황지동 67-10","강원특별자치도 태백시 오리평길 2 (황지동)","26013","(합)명품관광여행사","2025-10-10 10:30:31","U","2025-10-12 02:40:00","","376880.390593479","409436.661393613","국내여행업","","주거지역","0","","","서울보증보험주식회사","","0","0","0","0","Luxury Tour service","Domestic Travel Agency","0","0","","0","0","","0","0","","0","","","","","","","0","20241224","20251223","","0","",
"340","국내여행업","03_12_01_P","4221000","CDFI2260012018000001","2018-01-17","","01","영업/정상","13","영업중","","","","","0335529488","","","강원특별자치도 태백시 황지동 118-13","강원특별자치도 태백시 태백로 1232 (황지동)","26039","(합)태백산고속관광","2025-10-10 09:44:48","U","2025-10-12 02:40:00","","376872.182549991","407059.130910477","국내여행업","","","0","","","한국관광협회중앙회 여행공제회","","0","0","0","0","","","0","0","","0","0","","0","0","","0","","","","","","","240000000","20241213","20251213","","0","",
"341","국내여행업","03_12_01_P","4221000","CDFI2260012020000001","2020-08-26","","01","영업/정상","13","영업중","","","","","","","","강원특별자치도 태백시 황지동 531-39","강원특별자치도 태백시 오투로 237 (황지동)","26010","주식회사 단군","2025-10-10 10:42:52","U","2025-10-12 02:40:00","","374226.227876934","409462.288033707","국내여행업","","근린상업지역","2","기타","","서울보증보험","사무실","2","0","0","0","","","0","0","","0","0","","0","30","","0","","","","","","","30041624","20250827","20260826","","30","",
"342","국내여행업","03_12_01_P","4221000","CDFI2260012021000001","2021-10-05","","01","영업/정상","13","영업중","","","","","","","","강원특별자치도 태백시 황지동 265-39","강원특별자치도 태백시 연지로19번길 10-8, 1층 (황지동)","26026","블랙산타 투어","2024-11-14 18:27:29","U","2024-11-16 02:40:00","","376622.040172493","410089.805717826","국내여행업","","","0","","","서울보증보험","","0","0","0","0","","","0","0","","0","0","","0","0","","0","","","","","","","0","20241101","20251031","","0","",
"343","국내여행업","03_12_01_P","4221000","CDFI2260012025000001","2025-04-03","","01","영업/정상","13","영업중","","","","","033-554-7773","","","강원특별자치도 태백시 혈동 50-21","강원특별자치도 태백시 태백산로 4396-11 (혈동)","26042","사회적협동조합 공생","2025-04-09 13:18:59","U","2025-04-11 02:40:00","","371040.670972719","403770.489524457","국내여행업","","","0","","","SGI서울보증","","0","0","0","0","","","0","0","","0","0","","0","0","","0","","","","","","","0","20250403","20260402","","0","",
"344","국내여행업","03_12_01_P","4221000","CDFI2260012025000002","2025-04-18","","01","영업/정상","13","영업중","","","","","033-554-5439","","","강원특별자치도 태백시 황지동 81-18","강원특별자치도 태백시 황지로 81, 정민빌딩 3층 (황지동)","26020","주식회사 히어스테이","2025-04-18 16:28:30","I","2025-04-20 00:10:19","","376831.200107966","409000.617418674","국내여행업","","","0","","","","근린생활시설","0","0","0","0","","","0","0","","0","0","","0","70","","0","","","","","","","300000000","","","","70","",
"345","국내여행업","03_12_01_P","4221000","CDFI2260012023000002","2023-10-31","","01","영업/정상","13","영업중","","","","","","","","강원특별자치도 태백시 황지동 94-2","강원특별자치도 태백시 황지로 22 (황지동)","26021","주식회사 태백화점","2025-10-10 15:08:51","U","2025-10-12 02:40:00","","376757.524407209","408411.537712161","국내여행업","","","0","","","서울보증보험","","0","0","0","0","","","0","0","","0","0","","0","15","","0","","","","","","","20000000","20250501","20260430","","15","",
"346","국내여행업","03_12_01_P","4221000","CDFI2260012001000001","2001-01-26","","04","취소/말소/만료/정지/중지","30","허가취소","","","","","","","235-800","강원특별자치도 태백시 황지동 12-16","강원특별자치도 태백시 황지로 172-1  (황지동)","","자유항공관광(합자)","2005-10-12 10:26:33","I","2023-06-13 00:00:00","","376767.24298036","409849.205858235","국내여행업","관광사업","","0","","","","","0","0","0","0","","","0","0","","0","0","","0","0","","0","","","","","","","50000000","","","","0","",
"347","국내여행업","03_12_01_P","4221000","CDFI2260012002000001","2002-09-14","","04","취소/말소/만료/정지/중지","30","허가취소","","","","","033-553-9849","","235-801","강원특별자치도 태백시 황지동 269-36","","","(합)강원여행사","2014-02-28 09:27:02","I","2023-06-13 00:00:00","","","","국내여행업","관광사업","","0","","","","","0","0","0","0","","","0","0","","0","0","","0","0","","0","","","","","","","50000000","","","","0","",
"348","국내여행업","03_12_01_P","4221000","CDFI2260012013000001","2013-01-03","2017-11-29","04","취소/말소/만료/정지/중지","31","등록취소","","","","","033-582-9651","","235-120","강원특별자치도 태백시 문곡동 34-18","강원특별자치도 태백시 문곡길 4 (문곡동)","26044","(합자) 월드하나","2017-11-29 16:42:16","I","2023-06-13 00:00:00","","377972.644012669","404350.019256985","국내여행업","","주거지역","1","기타","","한국관광협회중앙회","기타","1","0","0","0","","","0","0","","0","0","","0","59.5","","0","","","","","","","50000000","20141230","20151230","","60","",
"349","국내여행업","03_12_01_P","4221000","CDFI2260011998000001","1998-03-12","","04","취소/말소/만료/정지/중지","35","직권말소","2009-12-02","","","","033-553-7799","","233-811","강원특별자치도 정선군 고한읍 고한리 273-12","강원특별자치도 정선군 고한읍 지장천로 856","","(합)해피관광렌트카","2014-02-28 09:26:57","I","2023-06-13 00:00:00","","362725.571920485","414686.638523407","국내여행업","관광사업","","0","","","","","0","0","0","0","","","0","0","","0","0","","0","0","","0","","","","","","","150000000","","","","0","",
"350","국내여행업","03_12_01_P","4231000","CDFI2260012001000003","2001-11-26","","03","폐업","03","폐업","2022-06-30","","","","","","","강원특별자치도 속초시 조양동 1034-4","강원특별자치도 속초시 동해대로 4024, 103, 104호 (조양동)","24872","주식회사 파고다관광","2022-06-29 17:29:16","I","2023-06-13 00:00:00","","339623.798653472","522007.571747617","국내여행업","","","0","","","서울보증보험","","0","0","0","0","","","0","0","","0","0","","0","0","","0","","","","","","","0","20210701","20220630","","0","",
"351","국내여행업","03_12_01_P","4231000","CDFI2260012002000001","2002-05-18","","03","폐업","03","폐업","2022-03-08","","","","638-0113","","","강원특별자치도 속초시 교동 895-1","강원특별자치도 속초시 청대로 301 (교동)","24860","아시아항공여행사","2022-03-10 14:01:45","I","2023-06-13 00:00:00","","337643.78963819","522315.578681957","국내여행업","관광사업","","0","","","서울보증보험","","0","0","0","0","","","0","0","","0","0","","0","0","","0","","","","","","","150000000","20210401","20220331","","0","",
"352","국내여행업","03_12_01_P","4231000","CDFI2260012006000001","2006-12-18","","03","폐업","03","폐업","2022-02-18","","","","033-631-3001","","","강원특별자치도 속초시 교동 895-1","강원특별자치도 속초시 청대로 301, 3층 (교동, 만천빌딩)","24860","(합)뉴통일관광","2022-02-19 13:09:01","I","2023-06-13 00:00:00","","337643.78963819","522315.578681957","국내여행업","","","0","","","서울보증보험","","0","0","0","0","","","0","0","","0","0","","0","0","","0","","","","","","","0","20210315","20220314","","0","",
"353","국내여행업","03_12_01_P","4231000","CDFI2260012007000001","2007-03-27","","03","폐업","03","폐업","2015-03-31","","","","635-8300","","217-803","강원특별자치도 속초시 교동 690-12","강원특별자치도 속초시 동해대로 4214 (교동)","217-803","(주)한아름설악산관광","2015-04-01 16:58:20","I","2023-06-13 00:00:00","","338162.059679341","522529.604388348","국내여행업","관광사업","","0","","","서을보증보험주식회사","","0","0","0","0","","","0","0","","0","0","","0","0","","0","","","","","","","50000000","20130314","20140313","","0","",
"354","국내여행업","03_12_01_P","4231000","CDFI2260012007000003","2007-09-08","","03","폐업","03","폐업","2010-05-14","","","","","","217-050","강원특별자치도 속초시 청학동 633-140","강원특별자치도 속초시 번영로 47-1  (청학동)","","(주)드림아이","2010-05-14 13:12:54","I","2023-06-13 00:00:00","","338598.056259414","523594.989152386","국내여행업","관광사업","","0","","","강원도관광협회","","0","0","0","0","","","0","0","","0","0","","0","0","","0","","","","","","","70000000","20071005","20081004","","0","",
"355","국내여행업","03_12_01_P","4231000","CDFI2260012008000001","2008-07-07","","03","폐업","03","폐업","2013-02-25","","","","033-631-3181","","217-812","강원특별자치도 속초시 조양동 1418","강원특별자치도 속초시 동해대로 3988  (조양동)","","동부티엔에스 주식회사","2013-02-27 13:01:44","I","2023-06-13 00:00:00","","339990.05559868","522064.338564068","국내여행업","관광사업","","0","","","서울보증보험","","0","0","0","0","","","0","0","","0","0","","0","0","","0","","","","","","","500000000","20080626","20090625","","0","",
"356","국내여행업","03_12_01_P","4231000","CDFI2260012008000002","2008-10-22","","03","폐업","03","폐업","2016-07-27","","","","033-635-3700","","217-804","강원특별자치도 속초시 교동 733-1","강원특별자치도 속초시 동해대로 4228 (교동)","217-804","(주)글로리렌트여행사","2016-07-28 15:46:18","I","2023-06-13 00:00:00","","338201.037539988","522652.052851449","국내여행업","관광사업","","0","","","서울보증보험주식회사","","0","0","0","0","","","0","0","","0","0","","0","0","","0","","","","","","","0","20130502","20140501","","0","",
"357","국내여행업","03_12_01_P","4231000","CDFI2260012009000002","2009-09-29","","03","폐업","03","폐업","2013-04-04","","","","033-637-2000","","217-060","강원특별자치도 속초시 교동 800-8","강원특별자치도 속초시 만리공원길 4  (교동)","","주식회사 한양","2013-04-09 14:11:04","I","2023-06-13 00:00:00","","337565.599518491","523084.655778516","국내여행업","","","0","","","","","0","0","0","0","","","0","0","","0","0","","0","0","","0","","","","","","","300000000","","","","0","",
"358","국내여행업","03_12_01_P","4231000","CDFI2260012010000001","2010-02-17","","03","폐업","03","폐업","2011-05-20","","","","","","217-060","강원특별자치도 속초시 교동 658-14","","","하나웰투어","2014-04-01 15:54:33","I","2023-06-13 00:00:00","","338213.32415305","523010.710127573","국내여행업","","","0","","","","","0","0","0","0","","","0","0","","0","0","","0","63","","0","","","","","","","50000000","","","","63","",
"359","국내여행업","03_12_01_P","4231000","CDFI2260012011000002","2010-12-09","","03","폐업","03","폐업","2013-05-29","","","","","","217-020","강원특별자치도 속초시 동명동 559-5 3층","강원특별자치도 속초시 장안로 2  (동명동,3층)","","(주) 클로버투어","2013-05-29 15:21:40","I","2023-06-13 00:00:00","","339147.864062036","524362.896102458","국내여행업","","","0","","","","","0","0","0","0","CLOVER TOUR CO., LTD","Domestic Travel Agency","0","0","","0","0","","0","0","","0","","","","","","","30000000","","","","0","",
"360","국내여행업","03_12_01_P","4231000","CDFI2260012013000001","2013-03-18","","03","폐업","03","폐업","2018-08-14","","","","637-8244","","217-070","강원특별자치도 속초시 노학동 721-6","강원특별자치도 속초시 미시령로 3161 (노학동)","24802","헬로우설악 주식회사","2018-08-16 17:59:50","I","2023-06-13 00:00:00","","335943.574867262","523640.295264118","국내여행업","","","0","","","","","0","0","0","0","","","0","0","","0","0","","0","0","","0","","","","","","","50000000","","","","0","",
"361","국내여행업","03_12_01_P","4231000","CDFI2260012014000001","2014-07-18","","03","폐업","03","폐업","2016-07-13","","","","","","217-050","강원특별자치도 속초시 청학동 638-5","강원특별자치도 속초시 번영로 32 (청학동)","24829","주식회사 보국","2016-07-14 09:18:15","I","2023-06-13 00:00:00","","338530.748743729","523464.331901374","국내여행업","","준주거지역","5","기타","","","근린생활시설","4","1","0","0","","","0","0","","0","0","","0","132.14","","0","","","","","","","100000000","","","","132","",
"362","국내여행업","03_12_01_P","4231000","CDFI2260012014000002","2014-10-31","","03","폐업","03","폐업","2022-02-18","","","","033-635-3441","","","강원특별자치도 속초시 설악동 248-17","강원특별자치도 속초시 청봉로5길 37, 설악여행자센터 1동 2층 (설악동)","24904","강원도협동조합 감자여행","2022-02-21 15:36:29","I","2023-06-13 00:00:00","","333615.698933061","519227.201948814","국내여행업","","","0","","","서울보증보험","","0","0","0","0","","","0","0","","0","0","","0","0","","0","","","","","","","35000000","20210625","20220624","","0","",
"363","국내여행업","03_12_01_P","4231000","CDFI2260012014000003","2014-12-12","","03","폐업","03","폐업","2022-08-29","","","","","","","강원특별자치도 속초시 교동 737-7 아남프라자 1813호","강원특별자치도 속초시 동해대로 4236, 아남프라자 1813호 (교동)","24853","감동이 있는 여행","2022-08-26 18:00:45","I","2023-06-13 00:00:00","","338132.520338395","522766.508207672","국내여행업","","일반상업지역","13","기타","","","사무실","10","3","0","0","","","0","0","","0","0","","0","60","","0","","","","","","","30000","","","","60","",
"364","국내여행업","03_12_01_P","4231000","CDFI2260012015000002","2015-07-13","","03","폐업","03","폐업","2016-04-18","","","","0336358300","","","강원특별자치도 속초시 교동 690-12","강원특별자치도 속초시 동해대로 4214 (교동)","24854","(주)한아름설악산관광","2016-04-19 10:11:06","I","2023-06-13 00:00:00","","338162.059679341","522529.604388348","국내여행업","","","0","","","","","0","0","0","0","","","0","0","","0","0","","0","0","","0","","","","","","","150000000","","","","0","",
"365","국내여행업","03_12_01_P","4231000","CDFI2260012016000001","2016-04-28","","03","폐업","03","폐업","2022-02-18","","","","033-636-5151","","","강원특별자치도 속초시 동명동 465-14","강원특별자치도 속초시 중앙로 193-1 (동명동)","24826","(주)나드리여행사","2022-02-21 15:35:28","I","2023-06-13 00:00:00","","339423.624753811","523969.926011497","국내여행업","","","0","","","","","0","0","0","0","","","0","0","","0","0","","0","0","","0","","","","","","","100000000","","","","0","",
"366","국내여행업","03_12_01_P","4231000","CDFI2260012017000001","2017-09-05","","03","폐업","03","폐업","2017-12-28","","","","033 633 0031","","","강원특별자치도 속초시 대포동 431-9","강원특별자치도 속초시 대포항1길 8 (대포동)","24901","준여행사","2017-12-28 13:57:09","I","2023-06-13 00:00:00","","340709.426618075","520404.561859908","국내여행업","","","0","","","","","0","0","0","0","","","0","0","","0","0","","0","15","","0","","","","","","","15000000","","","","15","",
"367","국내여행업","03_12_01_P","4231000","CDFI2260012017000002","2017-10-10","","03","폐업","03","폐업","2018-12-18","","","","","","","강원특별자치도 속초시 대포동 486-1","강원특별자치도 속초시 해오름로 21 (대포동, 비치힐즈)","24900","쉼표","2018-12-18 10:39:17","I","2023-06-13 00:00:00","","340517.995193544","520821.091620928","국내여행업","","","0","","","","","0","0","0","0","","","0","0","","0","0","","0","0","","0","","","","","","","30000000","","","","0","",
"368","국내여행업","03_12_01_P","4231000","CDFI2260012018000002","2018-06-12","","03","폐업","03","폐업","2022-02-18","","","","033 636 8610","","","강원특별자치도 속초시 설악동 246-36","강원특별자치도 속초시 청봉로5길 46, 마동 1층 3호 (설악동)","24904","금강투어","2022-02-21 15:36:17","I","2023-06-13 00:00:00","","333706.223301179","519294.052933262","국내여행업","","","0","","","","","0","0","0","0","","","0","0","","0","0","","0","0","","0","","","","","","","99000000","","","","0","",
"369","국내여행업","03_12_01_P","4231000","CDFI2260011993000002","1993-04-07","","03","폐업","03","폐업","2003-11-26","","","","635-7817","","217-130","강원특별자치도 속초시 장사동 24-1","강원특별자치도 속초시 미시령로2983번길 111  (장사동)","","(주)합동여행사","2003-12-10 10:57:08","I","2023-06-13 00:00:00","","333788.794285736","524104.959379777","국내여행업","관광사업","자연녹지지역","1","기타","","한국관광협회여행공제회","콘도미니엄","1","0","0","0","","","0","0","","0","0","","0","45.9","","0","","","","","","","50000000","19930407","19991022","","46","",
"370","국내여행업","03_12_01_P","4231000","CDFI2260011996000001","1996-11-19","","03","폐업","03","폐업","2003-11-21","","","","631-7701","","217-010","강원특별자치도 속초시 영랑동 113-3","강원특별자치도 속초시 중앙로 270  (영랑동)","","(주)드림여행사","2003-12-10 11:23:47","I","2023-06-13 00:00:00","","339750.160044343","524591.833171968","국내여행업","관광사업","상업지역","1","기타","","한국관광협회여행공제회","사무실","1","0","0","0","","","0","0","","0","0","","0","41.14","","0","","","","","","","50000000","19961119","19981130","","41","",
"371","국내여행업","03_12_01_P","4231000","CDFI2260011997000001","1997-11-18","","03","폐업","03","폐업","2022-02-18","","","","","","","강원특별자치도 속초시 동명동 466-70","강원특별자치도 속초시 중앙로 206 (동명동)","24824","(주)온누리여행사","2022-02-21 15:34:45","I","2023-06-13 00:00:00","","339465.793564856","524076.982899321","국내여행업","관광사업","일반상업지역","2","주택가주변","","관광공제회","근린생활시설","2","0","0","0","","","0","0","","0","0","","0","124.48","","0","","","","","","","150000000","20210915","20220915","","124","",
"372","국내여행업","03_12_01_P","4231000","CDFI2260011998000001","1998-06-29","","03","폐업","03","폐업","2022-02-18","","","","033-633-7788","","","강원특별자치도 속초시 교동 780-34","강원특별자치도 속초시 교동로 72, 2층 (교동)","24839","(주)통일여행사","2022-02-21 15:34:33","I","2023-06-13 00:00:00","","338089.606339141","523661.27269104","국내여행업","관광사업","일반상업지역","2","기타","","한국관광협회중앙회 여행공제회","사무실","2","1","0","0","","","0","0","","0","0","","0","34.5","","0","","","","","","","50000000","20210303","20220303","","35","",
"373","국내여행업","03_12_01_P","4231000","CDFI2260011999000001","1999-07-27","","03","폐업","03","폐업","2013-03-08","","","","033-632-6200","","217-080","강원특별자치도 속초시 조양동 1420-35","강원특별자치도 속초시 동해대로 3991  (조양동)","","한아름상희관광 주식회사","2013-03-08 13:22:21","I","2023-06-13 00:00:00","","339956.517205186","521980.852810097","국내여행업","관광사업","","0","","","한국관광협회중앙회여행공제회","","0","0","0","0","","","0","0","","0","0","","0","0","","0","","","","","","","0","20071121","20081121","","0","",
"374","국내여행업","03_12_01_P","4231000","CDFI2260012001000001","2001-08-28","","03","폐업","03","폐업","2022-03-08","","","","033-638-7600","","","강원특별자치도 속초시 동명동 466-57","강원특별자치도 속초시 중앙로 184-1, 1층 (동명동)","24824","(주)굿타임여행사","2022-03-10 14:01:32","I","2023-06-13 00:00:00","","339456.131423419","523870.445906561","국내여행업","관광사업","상업지역","4","기타","","서울보증보험","근린생활시설","4","0","0","0","","","0","0","","0","0","","0","100","","0","","","","","","","50000000","20210507","20220506","","100","",
"375","국내여행업","03_12_01_P","4231000","CDFI2260012001000002","2001-11-26","","03","폐업","03","폐업","2019-10-22","","","","638-0011","","217-080","강원특별자치도 속초시 조양동 1411-151","강원특별자치도 속초시 동해대로 4012 (조양동)","","(주)파고다관광","2019-10-22 21:58:46","I","2023-06-13 00:00:00","","339737.981205234","522021.398732095","국내여행업","","","0","","","","","0","0","0","0","","","0","0","","0","0","","0","0","","0","","","","","","","0","","","","0","",
"376","국내여행업","03_12_01_P","4231000","CDFI2260012022000001","2022-09-01","","03","폐업","03","폐업","2022-12-06","","","","","","","강원특별자치도 속초시 조양동 1480-104","강원특별자치도 속초시 새마을길 66 (조양동)","24888","주식회사 바다서프리조트","2022-12-07 11:30:27","I","2023-06-13 00:00:00","","340577.335625604","521578.432823872","국내여행업","","","0","","","","","0","0","0","0","","","0","0","","0","0","","0","0","","0","","","","","","","0","","","","0","",
"377","국내여행업","03_12_01_P","4231000","CDFI2260012012000001","2012-07-19","","01","영업/정상","13","영업중","","","","","","","","강원특별자치도 속초시 교동 783-9","강원특별자치도 속초시 미시령로3337번길 2, 3층 (교동)","24819","주식회사 에이플러스여행사","2024-01-18 14:10:49","U","2024-01-20 02:40:00","","337608.513295477","523659.528104403","국내여행업","","일반상업지역","4","기타","","서울보증보험주식회사","근린생활시설","4","0","0","0","","","0","0","","0","0","","0","1339.66","","0","","","","","","","50000000","20121005","20131004","","1340","",
"378","국내여행업","03_12_01_P","4231000","CDFI2260012012000002","2012-12-17","","01","영업/정상","13","영업중","","","","","033-635-9090","","217-070","강원특별자치도 속초시 노학동 729-3","강원특별자치도 속초시 이목로 153 (노학동)","24859","주식회사 현대수리조트앤투어","2024-01-18 14:11:40","U","2024-01-20 02:40:00","","335346.035989127","522985.930163102","국내여행업","","","0","","","서울보증보험주식회사","","0","0","0","0","","","0","0","","0","0","","0","0","","0","","","","","","","30000000","20210529","20220528","","0","",
"379","국내여행업","03_12_01_P","4231000","CDFI2260012017000003","2017-12-27","","01","영업/정상","13","영업중","","","","","","","","강원특별자치도 속초시 설악동 248-17","강원특별자치도 속초시 청봉로5길 37 (설악동)","24904","유한회사 설악여행자센터","2024-09-11 17:10:44","U","2024-09-13 02:40:00","","333615.698933061","519227.201948814","국내여행업","","","0","","","","","0","0","0","0","","","0","0","","0","0","","0","0","","0","","","","","","","15000000","","","","0","",
"380","국내여행업","03_12_01_P","4231000","CDFI2260012018000001","2018-06-08","","01","영업/정상","13","영업중","","","","","033-637-0707","","","강원특별자치도 속초시 교동 907-7","강원특별자치도 속초시 만천7길 19-14 (교동)","24847","두루웹디자인","2024-01-18 14:12:27","U","2024-01-20 02:40:00","","338125.48563586","523198.475421799","국내여행업","","","0","","","","","0","0","0","0","","","0","0","","0","0","","0","0","","0","","","","","","","0","","","","0","",
"381","국내여행업","03_12_01_P","4231000","CDFI2260012018000004","2013-01-22","","01","영업/정상","13","영업중","","","","","","","","강원특별자치도 속초시 조양동 1401","강원특별자치도 속초시 동해대로 3964, 1층 3-2호 (조양동)","24887","주식회사 인자이프","2024-01-18 14:13:01","U","2024-01-20 02:40:00","","340179.69140755","521888.139514971","국내여행업","","","0","","","서울보증보험주식회사","","0","0","0","0","","","0","0","","0","0","","0","0","","0","","","","","","","300000000","20180122","20190121","","0","",
"382","국내여행업","03_12_01_P","4231000","CDFI2260012020000001","2020-08-11","","01","영업/정상","13","영업중","","","","","","","","강원특별자치도 속초시 동명동 261-17","강원특별자치도 속초시 수복로259번길 11, 2층 (동명동)","24827","주식회사 트리밸","2023-09-05 14:35:06","U","2023-09-07 02:40:00","","339281.985083562","524268.960567485","국내여행업","","","0","","","","","0","0","0","0","","","0","0","","0","0","","0","0","","0","","","","","","","16679703","","","","0","",
"383","국내여행업","03_12_01_P","4231000","CDFI2260012025000002","2025-08-22","","01","영업/정상","13","영업중","","","","","033-635-8300","","","강원특별자치도 속초시 교동 737-7 1701호","강원특별자치도 속초시 동해대로 4236, 1701호 (교동)","24853","강원쿱버스관광협동조합","2025-08-22 14:05:27","I","2025-08-24 00:20:40","","338132.520338395","522766.508207672","국내여행업","","","0","","","","","0","0","0","0","","","0","0","","0","0","","0","83","","0","","","","","","","250000000","","","","83","",
"384","국내여행업","03_12_01_P","4231000","CDFI2260012025000001","2025-03-27","","01","영업/정상","13","영업중","","","","","","","","강원특별자치도 속초시 설악동 246-45 100호","강원특별자치도 속초시 청봉로5길 22, 1층 100호 (설악동)","24904","설악여행사","2025-03-27 11:40:16","I","2025-03-29 00:10:24","","333744.295116142","519230.908689571","국내여행업","","","0","","","","","0","0","0","0","","","0","0","","0","0","","0","0","","0","","","","","","","5000000","","","","0","",
"385","국내여행업","03_12_01_P","4231000","CDFI2260012023000001","2023-12-18","","01","영업/정상","13","영업중","","","","","","","","강원특별자치도 속초시 교동 783-9","강원특별자치도 속초시 미시령로3337번길 2, 더워크 공유오피스 302호층 5호 (교동)","24819","속초산책","2024-01-18 14:13:48","U","2024-01-20 02:40:00","","337608.513295477","523659.528104403","국내여행업","","","0","","","","","0","0","0","0","","","0","0","","0","0","","0","0","","0","","","","","","","0","","","","0","",
"386","국내여행업","03_12_01_P","4241000","CDFI2260012002000001","2002-06-11","","02","휴업","02","휴업","","2004-09-17","2005-09-17","","","","245-803","강원특별자치도 삼척시 원덕읍 호산리 258-129","","","(합자)유성관광여행사","2004-09-17 15:10:13","I","2023-06-13 00:00:00","","407493.436638081","410666.528471484","국내여행업","관광사업","","0","","","","","0","0","0","0","","","0","0","","0","0","","0","0","","0","","","","","","","0","","","","0","",
"387","국내여행업","03_12_01_P","4241000","CDFI2260012011000001","2011-01-21","","02","휴업","02","휴업","","2025-02-24","2030-02-24","","033-575-3600","","245-938","강원특별자치도 삼척시 남양동 341","강원특별자치도 삼척시 봉황로 9-22 (남양동)","25929","세화관광여행사","2025-02-24 13:35:10","U","2025-02-26 02:40:00","","391901.935668829","439774.228416779","국내여행업","","근린상업지역","1","기타","","","근린생활시설","1","0","0","0","","","0","0","","0","0","","0","29","","0","","","","","","","50000000","","","","29","",
"388","국내여행업","03_12_01_P","4241000","CDFI2260011994000001","1994-06-10","","03","폐업","03","폐업","2004-10-07","","","","","","245-801","강원특별자치도 삼척시 원덕읍 임원리 946-3","","","(합명)용진관광","2004-10-07 17:08:37","I","2023-06-13 00:00:00","","406763.464392461","417693.932517127","국내여행업","관광사업","","0","","","","","0","0","0","0","","","0","0","","0","0","","0","0","","0","","","","","","","0","","","","0","",
"389","국내여행업","03_12_01_P","4241000","CDFI2260011996000001","1996-06-18","","03","폐업","03","폐업","2005-10-07","","","","573-3752","","245-938","강원특별자치도 삼척시 남양동 341","","","(합명)동명관광여행사","2005-10-07 11:48:58","I","2023-06-13 00:00:00","","391901.935668829","439774.228416779","국내여행업","관광사업","","0","","","","","0","0","0","0","","","0","0","","0","0","","0","0","","0","","","","","","","0","","","","0","",
"390","국내여행업","03_12_01_P","4241000","CDFI2260012002000002","2002-05-17","","03","폐업","03","폐업","2004-10-07","","","","575-0102","","245-080","강원특별자치도 삼척시 교동 산 166","","","스마일여행사","2004-10-07 17:05:43","I","2023-06-13 00:00:00","","","","국내여행업","관광사업","","0","","","","","0","0","0","0","","","0","0","","0","0","","0","0","","0","","","","","","","0","","","","0","",
"391","국내여행업","03_12_01_P","4241000","CDFI2260012002000003","2002-06-12","","03","폐업","03","폐업","2005-10-04","","","","","","245-803","강원특별자치도 삼척시 원덕읍 호산리 258-129","","","(합)유성관광여행사","2005-10-04 17:16:35","I","2023-06-13 00:00:00","","407493.436638081","410666.528471484","국내여행업","관광사업","","0","","","","","0","0","0","0","","","0","0","","0","0","","0","0","","0","","","","","","","50000000","","","","0","",
"392","국내여행업","03_12_01_P","4241000","CDFI2260012005000001","2005-05-27","","03","폐업","03","폐업","2025-04-24","","","","033-572-2388","","245-933","강원특별자치도 삼척시 교동 601-1","강원특별자치도 삼척시 중앙로 283 (교동)","25916","(합)국제여행사","2025-04-24 17:26:31","U","2025-04-26 02:40:00","","391594.239419158","440635.567557416","국내여행업","관광사업","","0","","","","","0","0","0","0","","","0","0","","0","0","","0","0","","0","","","","","","","150000000","","","","0","",
"393","국내여행업","03_12_01_P","4241000","CDFI2260012007000002","2007-06-07","","03","폐업","03","폐업","2018-12-10","","","","033-572-9292","","245-939","강원특별자치도 삼척시 당저동 55","강원특별자치도 삼척시 교동로 30 (당저동)","25921","(합자) 성화관광여행사","2019-03-18 17:34:34","I","2023-06-13 00:00:00","","391613.269889133","440552.967988328","국내여행업","관광사업","","2","","","","","2","0","0","0","","","0","0","","0","0","","0","146.95","","0","","","","","","","50000000","","","","147","",
"394","국내여행업","03_12_01_P","4241000","CDFI2260012018000001","2018-06-05","","03","폐업","03","폐업","2025-01-21","","","","1522-6351","","","강원특별자치도 삼척시 근덕면 덕산리 149 201호","강원특별자치도 삼척시 근덕면 덕산길 51, 201호","25934","(주)스마트비앤씨","2025-01-21 17:08:20","U","2025-01-23 02:40:00","","398404.243432466","433724.388505811","국내여행업","","","0","","","","","0","0","0","0","","","0","0","","0","0","","0","0","","0","","","","","","","50000000","","","","0","",
"395","국내여행업","03_12_01_P","4241000","CDFI2260012004000001","2004-08-03","","03","폐업","03","폐업","2013-05-31","","","","","","245-936","강원특별자치도 삼척시 남양동 55-116","","","뉴동부관광여행사","2015-07-01 14:21:20","I","2023-06-13 00:00:00","","391824.359925646","439658.978058425","국내여행업","관광사업","","0","","","","","0","0","0","0","","","0","0","","0","0","","0","0","","0","","","","","","","100000000","","","","0","",
"396","국내여행업","03_12_01_P","4241000","CDFI2260011994000002","1994-02-16","","01","영업/정상","13","영업중","","","","","033-573-0440","","","강원특별자치도 삼척시 남양동 334-3","강원특별자치도 삼척시 오십천로 459-25, 1층 (남양동)","25929","봉황관광","2023-05-16 11:37:11","I","2023-06-13 00:00:00","","391827.526777966","439752.262958426","국내여행업","관광사업","","0","","","","","0","0","0","0","","","0","0","","0","0","","0","0","","0","","","","","","","0","","","","0","",
"397","국내여행업","03_12_01_P","4241000","CDFI2260011999000001","1999-02-05","","01","영업/정상","13","영업중","","","","","033-572-2881","","245-904","강원특별자치도 삼척시 도계읍 마교리 167-3","강원특별자치도 삼척시 도계읍 강원남부로 1673","25946","(합자)뉴삼일관광","2021-10-22 17:19:02","I","2023-06-13 00:00:00","","382032.838189913","418608.726741537","국내여행업","관광사업","","0","","","","","0","0","0","0","","","0","0","","0","0","","0","0","","0","","","","","","","150000000","","","","0","",
"398","국내여행업","03_12_01_P","4241000","CDFI2260011999000002","1999-02-11","","01","영업/정상","13","영업중","","","","","033-575-0505","","","강원특별자치도 삼척시 당저동 55-3","강원특별자치도 삼척시 중앙로 277 (당저동)","25921","(합자)삼척항공여행사","2023-03-23 17:31:44","I","2023-06-13 00:00:00","","391638.441802384","440569.662213548","국내여행업","관광사업","","0","","","","","0","0","0","0","","","0","0","","0","0","","0","0","","0","","","","","","","0","","","","0","",
"399","국내여행업","03_12_01_P","4241000","CDFI2260012000000001","2000-04-26","","01","영업/정상","13","영업중","","","","","033-573-5077","","245-120","강원특별자치도 삼척시 마달동 24-1","강원특별자치도 삼척시 마달길 67 (마달동)","25908","(자)이사부관광","2021-10-22 17:19:59","I","2023-06-13 00:00:00","","390802.35472216","441566.886695616","국내여행업","관광사업","","0","","","","","0","0","0","0","","","0","0","","0","0","","0","0","","0","","","","","","","50000000","","","","0","",
"400","국내여행업","03_12_01_P","4241000","CDFI2260012007000001","2007-03-23","","01","영업/정상","13","영업중","","","","","033-574-2500","","245-935","강원특별자치도 삼척시 남양동 23-7","강원특별자치도 삼척시 사대안길 12 (남양동)","25921","e-조은여행사","2021-10-22 17:20:54","I","2023-06-13 00:00:00","","391597.884999987","440238.994653297","국내여행업","관광사업","","0","","","","","0","0","0","0","","","0","0","","0","0","","0","0","","0","","","","","","","55300000","","","","0","",
"401","국내여행업","03_12_01_P","4241000","CDFI2260012017000001","2017-09-04","","01","영업/정상","13","영업중","","","","","033-575-3575","","","강원특별자치도 삼척시 사직동 259-4","강원특별자치도 삼척시 중앙로 100, 1층 (사직동)","25930","(주)굿프랜드","2021-10-22 17:21:43","I","2023-06-13 00:00:00","","391982.452356757","439106.941821431","국내여행업","","","3","","","","","0","0","0","0","","","0","0","","0","0","","0","111.42","","0","","","","","","","54652668","","","","111","6148104838",
"402","국내여행업","03_12_01_P","4241000","CDFI2260012025000001","2025-01-09","","01","영업/정상","13","영업중","","","","","","","","강원특별자치도 삼척시 정상동 388-5 쉐보레삼척부품","강원특별자치도 삼척시 오십천로 490, 쉐보레삼척부품 2층 (정상동)","25928","강원관광아카데미","2025-01-09 13:33:49","I","2025-01-11 00:11:16","","392103.659787068","439534.151079163","국내여행업","","","0","","","","","0","0","0","0","","","0","0","","0","0","","0","0","","0","","","","","","","13136609","","","","0","",
"403","국내여행업","03_12_01_P","4251000","CDFI2260012000000001","2000-03-22","","03","폐업","03","폐업","2024-03-12","","","","033-432-8830","","","강원특별자치도 홍천군 홍천읍 희망리 370-9","강원특별자치도 홍천군 홍천읍 홍천로 329, 2층","25136","(주)새천년월드투어","2024-03-13 14:01:53","U","2024-03-16 02:40:00","","277728.4739922","465497.441770375","국내여행업","관광사업","준주거지역","2","기타","","서울보증보험","사무실","1","0","0","0","New millennium world tour Co. Ltd","Domestic travel business","0","0","","0","0","","0","83","","0","","","","","","","300000000","20160306","20170305","","83","",
"404","국내여행업","03_12_01_P","4251000","CDFI2260012000000002","2000-07-26","","03","폐업","03","폐업","2004-03-26","","","","033-433-8800","","250-805","강원특별자치도 홍천군 홍천읍 신장대리 5-5","","","(합)신경수항공여행사","2004-03-26 17:55:24","I","2023-06-13 00:00:00","","277988.41176903","465799.895592714","국내여행업","관광사업","일반상업지역","1","기타","","","사무실","1","0","0","0","","","0","0","","0","0","","0","66","","0","","","","","","","150000000","","","","66","",
"405","국내여행업","03_12_01_P","4251000","CDFI2260012004000001","2004-10-04","","03","폐업","03","폐업","2020-02-14","","","","033-433-8855","","250-911","강원특별자치도 홍천군 홍천읍 희망리 390-3","강원특별자치도 홍천군 홍천읍 홍천로 302","25135","합자회사 귀빈항공여행사","2020-02-17 13:36:23","I","2023-06-13 00:00:00","","277448.776855312","465483.355441439","국내여행업","관광사업","일반상업지역","3","기타","","한국관광협회중앙회","근린생활시설","3","0","0","0","","","0","0","","0","0","","0","491.16","","0","","","","","","","0","20160708","20170708","","491","",
"406","국내여행업","03_12_01_P","4251000","CDFI2260012012000001","2012-06-08","","03","폐업","03","폐업","2013-05-18","","","","434-7954","","250-922","강원특별자치도 홍천군 홍천읍 갈마곡리 272-5","강원특별자치도 홍천군 홍천읍 홍천로 517","250-922","(주)아일랜드투어 여행사","2013-05-27 18:16:53","I","2023-06-13 00:00:00","","279011.618338832","466662.991745984","국내여행업","","일반주거지역","3","기타","","","근린생활시설","2","1","0","0","","","0","0","","0","0","","0","89.44","","0","","","","","","","32446224","","","","89","",
"407","국내여행업","03_12_01_P","4251000","CDFI2260012013000001","2013-03-18","","03","폐업","03","폐업","2016-10-10","","","","033-435-1235","","250-805","강원특별자치도 홍천군 홍천읍 신장대리 42-1","강원특별자치도 홍천군 홍천읍 홍천로 377","25138","(주) 투어데이 여행사","2016-10-10 09:32:07","I","2023-06-13 00:00:00","","278190.174758427","465642.641368249","국내여행업","","상업지역","1","기타","","","단독주택","0","0","0","0","","","0","0","","0","0","","0","218.56","","0","","","","","","","114010000","","","","219","",
"408","국내여행업","03_12_01_P","4251000","CDFI2260012015000001","2015-03-09","","03","폐업","03","폐업","2023-12-07","","","","","","250-875","강원특별자치도 홍천군 남면 양덕원리 191-14","강원특별자치도 홍천군 남면 양덕원2길 14","25108","코리아마인드","2023-12-08 09:51:26","U","2023-12-10 02:40:00","","267801.656197845","457398.604571636","국내여행업","","준주거지역","2","기타","","서울보증보험","근린생활시설","2","0","0","0","KOREAMIND","Domestic tourism business","0","0","","0","0","","0","80.25","","0","","","","","","","50000000","20150723","20160722","","80","",
"409","국내여행업","03_12_01_P","4251000","CDFI2260012015000002","2015-12-02","","03","폐업","03","폐업","2023-11-29","","","","033-432-6766","","","강원특별자치도 홍천군 화촌면 외삼포리 1415","강원특별자치도 홍천군 화촌면 구룡령로 149","25158","사단법인 홍천군 농촌체험관광협의회","2023-11-30 10:00:01","U","2023-12-02 02:40:00","","284347.109802215","472413.455641977","국내여행업","","관리지역","2","기타","","서울보증보험주식회사","근린생활시설","2","0","0","0","A corporation Hongcheongun Rural Communities Experience Council","Domestic Tourism Business","0","0","","0","0","","0","200","","0","","","","","","","30000000","20151202","20161201","","200","",
"410","국내여행업","03_12_01_P","4251000","CDFI2260012021000001","2021-04-09","","03","폐업","03","폐업","2023-11-07","","","","","","","강원특별자치도 홍천군 화촌면 구성포리 63-1","강원특별자치도 홍천군 화촌면 설악로 2688","25156","(주)꿈길여행","2023-12-28 17:17:44","U","2023-12-30 02:40:00","","283663.794156354","472729.106746593","국내여행업","","관리지역","3","기타","","","문화시설","3","0","0","0","","","0","0","","0","0","","0","664.97","","0","","","","","","","30000000","","","","665","",
"411","국내여행업","03_12_01_P","4251000","CDFI2260012022000001","2022-10-11","","03","폐업","03","폐업","2023-01-10","","","","033-432-1666","","","강원특별자치도 홍천군 홍천읍 희망리 56-1","강원특별자치도 홍천군 홍천읍 마지기로 34, 2층, CAMP 사무실","25133","CAMP","2023-01-11 13:23:42","I","2023-06-13 00:00:00","","278217.248118731","465960.204958231","국내여행업","","","0","","","서울보증보험","","0","0","0","0","","","0","0","","0","0","","0","23.1","","0","","","","","","","15000000","20221012","20231012","","23","",
"412","국내여행업","03_12_01_P","4251000","CDFI2260011993000001","1993-05-19","","03","폐업","03","폐업","2005-11-23","","","","","","250-808","강원특별자치도 홍천군 홍천읍 진리 83-2","","","(합)신홍천관광","2005-11-23 13:36:32","I","2023-06-13 00:00:00","","278386.571733277","465686.796183562","국내여행업","관광사업","준주거지역","1","기타","","관광협회","사무실","1","0","0","0","","","0","0","","0","0","","0","30","","0","","","","","","","50000000","20030224","20040224","","30","",
"413","국내여행업","03_12_01_P","4251000","CDFI2260011996000001","1996-07-22","","03","폐업","03","폐업","2025-09-24","","","","033-435-7000","","250-808","강원특별자치도 홍천군 홍천읍 진리 67-7","강원특별자치도 홍천군 홍천읍 진리로 8","25138","(합)스마일항공여행사","2025-09-24 15:58:54","U","2025-09-26 02:40:00","","278386.323884005","465795.663850829","국내여행업","관광사업","일반상업지역","1","기타","","한국관광협회 중앙회","사무실","1","0","0","0","","","0","0","","0","0","","0","67","","0","","","","","","","150000000","20160224","20170224","","67","",
"414","국내여행업","03_12_01_P","4251000","CDFI2260011997000001","1997-01-25","","03","폐업","03","폐업","2008-12-05","","","","033-435-3999","","250-805","강원특별자치도 홍천군 홍천읍 신장대리 49-3","강원특별자치도 홍천군 홍천읍 홍천로 372","","(합)뉴매일관광여행사","2017-08-21 08:23:16","I","2023-06-13 00:00:00","","278139.495369835","465572.332691707","국내여행업","관광사업","일반상업지역","1","기타","","관광협회","사무실","1","0","0","0","","","0","0","","0","0","","0","30","","0","","","","","","","50000000","20081202","20091202","","30","",
"415","국내여행업","03_12_01_P","4251000","CDFI2260011998000001","1998-01-03","","03","폐업","03","폐업","2005-03-23","","","","033-435-8200","","250-805","강원특별자치도 홍천군 홍천읍 신장대리 43-7","","","(합)뉴보람관광","2005-03-23 15:29:23","I","2023-06-13 00:00:00","","278063.04999806","465592.729891788","국내여행업","관광사업","일반상업지역","3","기타","","","사무실","2","1","0","0","","","0","0","","0","0","","0","50","","0","","","","","","","50000000","","","","50","",
"416","국내여행업","03_12_01_P","4251000","CDFI2260012011000002","2011-11-28","","01","영업/정상","13","영업중","","","","","033-436-1212","","250-885","강원특별자치도 홍천군 북방면 하화계리 334-8","강원특별자치도 홍천군 북방면 하화계길 55","25115","합자회사 호담항공여행사","2023-09-14 16:04:33","U","2023-09-16 02:40:00","","275597.356177422","466026.576475552","국내여행업","","자연녹지지역","0","기타","","서울보증보험","차량관련시설","2","0","0","0","HODAM AIR TOUR","OVERSEAS TRAVER AGENCY","0","0","","0","0","","0","504","","0","","","","","","","30000000","20190201","20200131","","504","",
"417","국내여행업","03_12_01_P","4251000","CDFI2260012017000001","2017-07-24","","01","영업/정상","13","영업중","","","","","","","","강원특별자치도 홍천군 홍천읍 희망리 296-8","강원특별자치도 홍천군 홍천읍 석화로1길 25","25120","몽항공여행사","2018-07-02 16:28:34","I","2023-06-13 00:00:00","","277638.593175357","466237.192661591","국내여행업","","일반주거지역","1","주택가주변","","한국관광협회중앙회 여행공제회","단독주택","3","0","0","0","","","0","0","","0","0","","0","78.85","","0","","","","","","","45000000","20180724","20190724","","79","",
"418","국내여행업","03_12_01_P","4251000","CDFI2260012007000001","2007-04-09","2010-05-26","04","취소/말소/만료/정지/중지","31","등록취소","","","","","","","250-883","강원특별자치도 홍천군 북방면 능평리 218-6","강원특별자치도 홍천군 북방면 영서로 2880","250-880","(합)햇빛관광여행사","2011-10-30 13:54:54","I","2023-06-13 00:00:00","","274018.029284903","468675.848880856","국내여행업","관광사업","상업지역","1","","","","","0","0","0","0","","","0","0","","0","0","","0","0","","0","","","","","","","0","","","","0","",
"419","국내여행업","03_12_01_P","4251000","CDFI2260012016000001","2016-11-02","2023-12-28","04","취소/말소/만료/정지/중지","31","등록취소","","","","","033-434-7812","","","강원특별자치도 홍천군 홍천읍 신장대리 20-1","강원특별자치도 홍천군 홍천읍 마지기로 4","25138","에밀리에 쿠킹 투어 여행사","2023-12-28 12:45:35","U","2023-12-30 02:40:00","","278261.933778046","465670.549721736","국내여행업","","","0","","","","","0","0","0","0","Amelie's  Cooking Tour","Domestic tourism business","0","0","","0","0","","0","37.35","","0","","","","","","","0","","","","37","",
"420","국내여행업","03_12_01_P","4261000","CDFI2260012019000001","2019-01-23","","03","폐업","03","폐업","2024-01-31","","","","","","","강원특별자치도 횡성군 횡성읍 읍하리 302-4","강원특별자치도 횡성군 횡성읍 문정로 1","25233","합자회사 섬강여행사","2024-01-31 13:28:38","U","2024-02-02 02:40:00","","286945.069844299","443624.816497233","국내여행업","","","0","","","","","0","0","0","0","","","0","0","","0","0","","0","75.74","","0","","","","","","","100000000","","","","76","",
"421","국내여행업","03_12_01_P","4261000","CDFI2260012019000002","2019-09-05","","03","폐업","03","폐업","2025-03-18","","","","033-961-9997","","","강원특별자치도 횡성군 횡성읍 읍하리 306-7","강원특별자치도 횡성군 횡성읍 태기로 7, 1층","25220","와이로드투어","2025-03-18 16:27:26","U","2025-03-20 02:40:00","","286971.359377805","443668.49842629","국내여행업","","준주거지역","1","","","","사무실","1","0","0","0","","","0","0","","0","0","","0","228","","0","","","","","","","30000000","","","","228","",
"422","국내여행업","03_12_01_P","4261000","CDFI2260012006000001","2006-02-17","","01","영업/정상","13","영업중","","","","","033-343-6361","","","강원특별자치도 횡성군 횡성읍 읍하리 81-3","강원특별자치도 횡성군 횡성읍 태기로 16, 진타워 6층","25233","씨티투어여행사","2025-10-20 16:10:19","U","2025-10-23 02:40:00","","287067.594355452","443642.498507973","국내여행업","","근린상업지역","0","","","서울보증보험","","0","0","0","0","","","0","0","","0","0","","0","82","","0","","","","","","","0","20251001","20260930","","82","2241034158",
"423","국내여행업","03_12_01_P","4261000","CDFI2260012014000001","2014-01-07","","01","영업/정상","13","영업중","","","","","033-342-0217","","","강원특별자치도 횡성군 횡성읍 교항리 13 애플빌","강원특별자치도 횡성군 횡성읍 앞들서1로 42, 애플빌 1층 1호","25235","(합)동성여행사","2025-09-25 16:29:07","U","2025-09-27 02:40:00","","286760.104293207","443037.393998284","국내여행업","","","0","","","관광공제회","","0","0","0","0","DONG SUNG limited partnership","DOMESTIC TRAVEL AGENCY","0","0","","0","0","","0","0","","0","","","","","","","0","20250711","20260711","","0","",
"424","국내여행업","03_12_01_P","4261000","CDFI2260012018000001","2018-09-15","","01","영업/정상","13","영업중","","","","","07086545518","","","강원특별자치도 횡성군 둔내면 석문리 587-5","강원특별자치도 횡성군 둔내면 경강로 4817","25260","로프바이오","2024-11-19 14:01:25","U","2024-11-21 02:40:00","","307529.546306743","447760.624094565","국내여행업","","관리지역","2","기타","","서울보증보험","근린생활시설","2","0","0","0","","","0","0","","0","0","","0","476.56","","0","","","","","","","74000000","20241115","20251114","","477","",
"425","국내여행업","03_12_01_P","4261000","CDFI2260012023000001","2023-06-01","","01","영업/정상","13","영업중","","","","","","","","강원특별자치도 횡성군 둔내면 자포곡리 402","강원특별자치도 횡성군 둔내면 둔내로51번길 17","25264","협동조합 더쉼","2025-10-20 16:08:15","U","2025-10-23 02:40:00","","307687.346824534","446240.888431246","국내여행업","","","0","","","서울보증보험","","0","0","0","0","","","0","0","","0","0","","0","0","","0","","","","","","","0","20250601","20260531","","0","",
"426","국내여행업","03_12_01_P","4261000","CDFI2260012001000001","2001-04-03","","01","영업/정상","13","영업중","","","","","033-343-2020","","","강원특별자치도 횡성군 횡성읍 읍하리 115-1","강원특별자치도 횡성군 횡성읍 한우로 283-2","25233","(합)횡성관광","2025-10-01 18:01:32","I","2025-10-03 00:20:34","","287082.731542718","443439.682180743","국내여행업","","","0","","","관광공제회","","0","0","0","0","","","0","0","","0","0","","0","0","","0","","","","","","","0","20250925","20260925","","0","",
"427","국내여행업","03_12_01_P","4271000","CDFI2260012015000002","2015-03-27","","03","폐업","03","폐업","2018-09-20","","","","033-375-0370","","230-805","강원특별자치도 영월군 영월읍 영흥리 950-5 3층","강원특별자치도 영월군 영월읍 단종로33번길 30, 3층","26233","오감만족 에듀투어","2018-09-21 11:04:49","I","2023-06-13 00:00:00","","330163.97512245","410200.530748276","국내여행업","","","0","","","서울보증보험주식회사","","0","0","0","0","","","0","0","","0","0","","0","0","","0","","","","","","","30000000","20170401","20180331","","0","",
"428","국내여행업","03_12_01_P","4271000","CDFI2260012016000001","2016-07-22","","03","폐업","03","폐업","2017-09-05","","","","0333749134","","","강원특별자치도 영월군 김삿갓면 와석리 775-3","강원특별자치도 영월군 김삿갓면 김삿갓로 497-43","26246","주식회사 한국산촌힐링센터","2017-09-05 17:23:13","I","2023-06-13 00:00:00","","342544.918961326","401210.059876308","국내여행업","","","0","","","서울보증보험주식회사","창고","0","0","0","0","","","0","0","","0","0","","0","18","","0","","","","","","","29991200","20160722","20170721","","18","",
"429","국내여행업","03_12_01_P","4271000","CDFI2260011985000001","1985-02-07","","03","폐업","03","폐업","2007-12-31","","","","033-374-4646","","230-802","강원특별자치도 영월군 영월읍 덕포리 574-158","강원특별자치도 영월군 영월읍 중앙로 122-3","","영월신세계관광(합자)","2009-02-10 18:00:14","I","2023-06-13 00:00:00","","330991.804302184","409813.967151322","국내여행업","관광사업","","0","","","","","0","0","0","0","YEONGWOL SINSEGAE(a limited partnership)","Domestic Travel Agency","0","0","","0","0","","0","50","","0","","","","","","","0","","","","50","",
"430","국내여행업","03_12_01_P","4271000","CDFI2260011987000001","1987-02-11","","03","폐업","03","폐업","2016-07-29","","","","3720248,3745950","","230-802","강원특별자치도 영월군 영월읍 덕포리 799","강원특별자치도 영월군 영월읍 덕포하리4길 37","","(주)한희관광","2016-07-29 15:21:07","I","2023-06-13 00:00:00","","331017.744672989","408958.049303677","국내여행업","관광사업","","0","","","서울보증보험주식회사","","0","0","0","0","(Corparation)HANHEE TOUR","Domestic Travel Agency","0","0","","0","0","","0","30","","0","","","","","","","200000000","20150501","20160430","","30","",
"431","국내여행업","03_12_01_P","4271000","CDFI2260012003000001","2003-04-01","","01","영업/정상","13","영업중","","","","","","","","강원특별자치도 영월군 영월읍 덕포리 507","강원특별자치도 영월군 영월읍 영월로 2110","26229","영월아리랑관광(합)","2024-04-24 11:13:26","U","2024-04-27 02:40:00","","331440.661714105","409989.255906694","국내여행업","관광사업","","0","","","서울보증보험주식회사","","0","0","0","0","YEONGWOL ARIRANG TOUR(a limited partnership)","Domestic Travel Agency","0","0","","0","0","","0","26.4","","0","","","","","","","50000000","20240501","20250430","","26","",
"432","국내여행업","03_12_01_P","4271000","CDFI2260012006000002","2006-09-22","","01","영업/정상","13","영업중","","","","","","","230-802","강원특별자치도 영월군 영월읍 덕포리 575-1","강원특별자치도 영월군 영월읍 덕포우회길 42","","동강문화센터(주)","2025-10-22 17:24:20","U","2025-10-24 02:40:00","","330868.234755589","409584.909272186","국내여행업","관광사업","준공업지역","1","기타","","서울보증보험주식회사","근린생활시설","1","0","0","0","","","0","0","","0","0","","0","90","","0","","","","","","","50000000","20250804","20260803","","90","",
"433","국내여행업","03_12_01_P","4271000","CDFI2260012015000001","2015-02-03","","01","영업/정상","13","영업중","","","","","033-374-7774","","230-802","강원특별자치도 영월군 영월읍 덕포리 412","","","다올투어","2022-07-26 16:57:17","I","2023-06-13 00:00:00","","331570.343784319","410086.439732195","국내여행업","","","0","","","서울보증보험주식회사","사무실","0","0","0","0","","","0","0","","0","0","","0","36","","0","","","","","","","36000000","20220701","20240630","","36","",
"434","국내여행업","03_12_01_P","4271000","CDFI2260012017000001","2015-10-26","","01","영업/정상","13","영업중","","","","","033-372-6644","","","강원특별자치도 영월군 영월읍 덕포리 412","강원특별자치도 영월군 영월읍 영월로 2106 (영월역)","26229","강원쿱버스관광협동조합","2025-10-23 12:53:52","U","2025-10-25 02:40:00","","331570.343784319","410086.439732195","국내여행업","","자연녹지지역","0","기타","","서울보증보험주식회사","사무실","0","1","0","0","","","0","0","","0","0","","0","63","","0","","","","","","","100000000","20251026","20261026","","63","",
"435","국내여행업","03_12_01_P","4271000","CDFI2260012017000002","2017-08-23","","01","영업/정상","13","영업중","","","","","","","","강원특별자치도 영월군 영월읍 영흥리 925-13","강원특별자치도 영월군 영월읍 관풍헌길 15","26236","(합)동강여행사","2025-10-22 17:39:53","U","2025-10-24 02:40:00","","330464.17946629","409944.741822395","국내여행업","","일반상업지역","1","","","서울보증보험주식회사","근린생활시설","0","0","0","0","","","0","0","","0","0","","0","98","","0","","","","","","","15000000","20250823","20260822","","98","",
"436","국내여행업","03_12_01_P","4271000","CDFI2260012019000001","2019-01-14","","01","영업/정상","13","영업중","","","","","","","","강원특별자치도 영월군 한반도면 옹정리 154-1 쾌연재도자미술관","강원특별자치도 영월군 한반도면 한반도로 452, 쾌연재도자미술관","26213","행복한삶을주는 협동조합","2025-10-22 12:18:27","U","2025-10-24 02:40:00","","321361.911922719","413790.194814295","국내여행업","","관리지역","1","기타","","서울보증보험주식회사","문화시설","1","0","0","0","","","0","0","","0","0","","0","345.9","","0","","","","","","","30000000","20250115","20260114","","346","",
"437","국내여행업","03_12_01_P","4271000","CDFI2260012020000001","2018-03-28","","01","영업/정상","13","영업중","","","","","","","","강원특별자치도 영월군 영월읍 덕포리 497-9","강원특별자치도 영월군 영월읍 영월로 2103-1, 2층","26229","다님여행사","2025-10-22 17:21:02","U","2025-10-24 02:40:00","","331378.370947776","410009.398943667","국내여행업","","근린상업지역","3","기타","","서울보증보험주식회사","사무실","3","0","0","0","","","0","0","","0","0","","0","134.07","","0","","","","","","","15000000","20250329","20260328","","134","",
"438","국내여행업","03_12_01_P","4271000","CDFI2260012020000002","2020-07-15","","01","영업/정상","13","영업중","","","","","033-374-0808","","","강원특별자치도 영월군 영월읍 거운리 493","강원특별자치도 영월군 영월읍 어라연길 48","26222","동강드림래프팅","2023-12-01 13:09:42","U","2023-12-03 02:40:00","","334555.747237543","415821.843881269","국내여행업","","근린상업지역","2","기타","","서울보증보험주식회사","근린생활시설","2","0","0","0","DG Dreamrafting","Domestic tourism Business","0","0","","0","0","","0","36.72","","0","","","","","","","15000000","20230924","20260923","","37","",
"439","국내여행업","03_12_01_P","4271000","CDFI2260011986000001","1986-07-05","","01","영업/정상","13","영업중","","","","","033-374-2373","","230-808","강원특별자치도 영월군 영월읍 하송리 436-2","강원특별자치도 영월군 영월읍 봉래산로 115","26227","영월관광(합자)","2024-11-06 11:09:02","U","2024-11-08 02:40:00","","329136.723603874","408896.085943492","국내여행업","관광사업","","0","","","강원도관광협회","","0","0","0","0","YEONGWOL TOUR(a limited partnership)","Domestic Travel Agency","0","0","","0","0","","0","99","","0","","","","","","","350000000","20240418","20250418","","99","",
"440","국내여행업","03_12_01_P","4271000","CDFI2260012024000001","2024-03-18","","01","영업/정상","13","영업중","","","","","","","","강원특별자치도 영월군 영월읍 영흥리 955-14","강원특별자치도 영월군 영월읍 중앙1로 52, 2층","26233","가현 여행사","2024-04-08 09:02:03","U","2024-04-10 02:40:00","","330105.41084667","410336.147418657","국내여행업","","","0","","","서울보증보험주식회사","","2","0","0","0","","","0","0","","0","0","","0","84.28","","0","","","","","","","0","20240318","20250317","","84","",
"441","국내여행업","03_12_01_P","4271000","CDFI2260012001000001","2001-11-09","","04","취소/말소/만료/정지/중지","30","허가취소","","","","","033-374-9010","","230-801","강원특별자치도 영월군 영월읍 영흥리 947-7 3통","강원특별자치도 영월군 영월읍 중앙로 33-3","","(주)동강넷","2013-12-21 16:34:32","I","2023-06-13 00:00:00","","330244.450487472","410125.719753611","국내여행업","관광사업","","0","","","","","0","0","0","0","(Corporation)DONGGANG NET","Domestic Travel Agency","0","0","","0","0","","0","115","","0","","","","","","","50000000","","","","115","",
"442","국내여행업","03_12_01_P","4271000","CDFI2260012010000001","2010-06-23","2022-06-10","04","취소/말소/만료/정지/중지","31","등록취소","","","","","373-1250","","230-805","강원특별자치도 영월군 영월읍 영흥리 707-26","강원특별자치도 영월군 영월읍 봉래산로 115","26227","영월명성여행사","2022-06-13 15:51:52","I","2023-06-13 00:00:00","","330720.899629368","411141.789515911","국내여행업","","준주거지역","1","기타","","서울보증보험주식회사","근린생활시설","1","0","0","0","","","0","0","","0","0","","0","18.6","","0","","","","","","","50000000","20180723","20190722","","19","",
"443","국내여행업","03_12_01_P","4281000","CDFI2260012018000003","2018-12-13","","03","폐업","03","폐업","2020-02-26","","","","","","","강원특별자치도 평창군 봉평면 창동리 286-10","강원특별자치도 평창군 봉평면 기풍로 146, 1층","25303","플레이평창","2020-02-26 16:58:20","I","2023-06-13 00:00:00","","321637.576586836","457917.034993464","국내여행업","","관리지역","3","","","서울보증보험주식회사","운수시설","3","0","0","0","","","0","0","","0","0","","0","3999.68","","0","","","","","","","15000000","20181213","20191212","","4000","4120579781",
"444","국내여행업","03_12_01_P","4281000","CDFI2260012019000001","2019-03-07","","03","폐업","03","폐업","2019-04-23","","","","033-333-3329","","","강원특별자치도 평창군 봉평면 면온리 777-4","강원특별자치도 평창군 봉평면 태기로 431, 1동 1층","25309","싼타클로스","2019-04-24 11:05:06","I","2023-06-13 00:00:00","","318993.070210719","452604.744452675","국내여행업","","관리지역","1","기타","","","근린생활시설","1","0","0","0","","","0","0","","0","0","","0","168.3","","0","","","","","","","15000000","","","","168","",
"445","국내여행업","03_12_01_P","4281000","CDFI2260011993000002","1993-05-21","","03","폐업","03","폐업","2019-05-03","","","","033-333-0031","","","강원특별자치도 평창군 평창읍 하리 61-4","강원특별자치도 평창군 평창읍 송학로 7","25376","(합명)평창관광여행사","2019-05-07 10:12:06","I","2023-06-13 00:00:00","","323282.55067235","430290.470571404","국내여행업","관광사업","근린상업지역","0","기타","","서울보증보험주식회사","사무실","0","0","0","0","","","0","0","","0","0","","0","56.12","","0","","","","","","","50000000","20160729","20170728","","56","",
"446","국내여행업","03_12_01_P","4281000","CDFI2260011999000001","1999-09-07","","03","폐업","03","폐업","2007-09-10","","","","033)335-5555","","232-912","강원특별자치도 평창군 대화면 대화리 968-1","","","대화여행사","2007-09-12 13:45:55","I","2023-06-13 00:00:00","","","","국내여행업","관광사업","근린상업지역","0","기타","","","사무실","0","0","0","0","","","0","0","","0","0","","0","20.7","","0","","","","","","","52000000","","","","21","",
"447","국내여행업","03_12_01_P","4281000","CDFI2260011999000002","1999-11-25","","03","폐업","03","폐업","2003-10-29","","","","","","232-804","강원특별자치도 평창군 평창읍 하리 86-1","강원특별자치도 평창군 평창읍 향교길 99","","평창레져투어","2003-10-30 17:46:38","I","2023-06-13 00:00:00","","323181.144497652","430648.836676148","국내여행업","관광사업","근린상업지역","0","기타","","","사무실","0","0","0","0","","","0","0","","0","0","","0","18","","0","","","","","","","51916000","","","","18","",
"448","국내여행업","03_12_01_P","4281000","CDFI2260012010000001","2010-02-02","","03","폐업","03","폐업","2018-07-23","","","","033-332-9941","","232-804","강원특별자치도 평창군 평창읍 대하리 225","강원특별자치도 평창군 평창읍 대골길 5","232-804","(주)평창그린투어","2018-07-26 10:17:56","I","2023-06-13 00:00:00","","319091.669671263","424294.835095162","국내여행업","","","0","","","서울보증보험주식회사","","0","0","0","0","","","0","0","","0","0","","0","0","","0","","","","","","","30000000","20160713","20170712","","0","2258120792",
"449","국내여행업","03_12_01_P","4281000","CDFI2260012010000002","2010-04-30","","03","폐업","03","폐업","2016-12-19","","","","033-332-5782","","","강원특별자치도 평창군 용평면 노동리 183-3","강원특별자치도 평창군 용평면 운두령로 728-3","25312","평창여행","2016-12-19 17:35:32","I","2023-06-13 00:00:00","","329509.261749634","466135.463337795","국내여행업","","","0","","","","","0","0","0","0","","","0","0","","0","0","","0","0","","0","","","","","","","30000000","","","","0","",
"450","국내여행업","03_12_01_P","4281000","CDFI2260012011000001","2011-04-21","","03","폐업","03","폐업","2022-05-17","","","","033-334-9600","","","강원특별자치도 평창군 평창읍 하리 157-4","강원특별자치도 평창군 평창읍 평창중앙로 50","25376","합자회사 강원관광","2022-05-18 11:27:10","I","2023-06-13 00:00:00","","323563.046913582","430479.878088015","국내여행업","","","0","","","한국관광협회중앙회 여행공제회","","0","0","0","0","","","0","0","","0","0","","0","0","","0","","","","","","","0","20190423","20200423","","0","",
"451","국내여행업","03_12_01_P","4281000","CDFI2260012013000001","2013-06-14","","03","폐업","03","폐업","2019-11-22","","","","033-339-0672","","","강원특별자치도 평창군 대관령면 용산리 425 알펜시아 리조트","강원특별자치도 평창군 대관령면 솔봉로 325, 알펜시아 리조트 201동 1층 106호","25351","주식회사 엠피씨(MPC)","2019-11-25 16:11:50","I","2023-06-13 00:00:00","","345786.815844836","462590.554819645","국내여행업","","","0","기타","","서울보증보험주식회사","근린생활시설","1","0","0","0","","","0","0","","0","0","","0","101","","0","","","","","","","30000000","20190101","20191231","","101","2268141897",
"452","국내여행업","03_12_01_P","4281000","CDFI2260012013000002","2013-06-25","","03","폐업","03","폐업","2014-11-12","","","","070-7423-2063","","232-801","강원특별자치도 평창군 평창읍 뇌운리 16-7","강원특별자치도 평창군 평창읍 뇌운계곡로 590-22","232-801","씨월드티엘에스","2015-04-14 17:20:18","I","2023-06-13 00:00:00","","321701.576170672","435903.277253219","국내여행업","","","2","","","","","2","0","0","0","","","0","0","","0","0","","0","82","","0","","","","","","","30000000","","","","82","2259027609",
"453","국내여행업","03_12_01_P","4281000","CDFI2260012014000001","2014-03-13","","03","폐업","03","폐업","2016-11-28","","","","02-547-5577","","232-941","강원특별자치도 평창군 진부면 간평리 69","강원특별자치도 평창군 진부면 진고개로 351-16","25322","주식회사 호렙동산","2016-11-29 09:06:56","I","2023-06-13 00:00:00","","341041.798698891","467522.830463915","국내여행업","","","0","","","","","0","0","0","0","Horeb Corp.","Domestic Travel Agency","0","0","","0","0","","0","0","","0","","","","","","","2196495870","","","","0","",
"454","국내여행업","03_12_01_P","4281000","CDFI2260012015000001","2015-07-18","","03","폐업","03","폐업","2016-08-17","","","","0333360674","","","강원특별자치도 평창군 대관령면 용산리 425 알펜시아리조트 홀리데이인스위트 105호","강원특별자치도 평창군 대관령면 솔봉로 325, 201동 1층 105호 (알펜시아리조트 홀리데이인스위트)","25351","주식회사 마케팅그룹티엔씨","2019-01-23 11:40:27","I","2023-06-13 00:00:00","","345786.815844836","462590.554819645","국내여행업","","","0","","","서울보증보험주식회사","","0","0","0","0","","","0","0","","0","0","","0","0","","0","","","","","","","0","20181001","20190930","","0","",
"455","국내여행업","03_12_01_P","4281000","CDFI2260012017000003","2017-11-22","","01","영업/정상","13","영업중","","","","","033-333-1003","","","강원특별자치도 평창군 평창읍 하리 429","강원특별자치도 평창군 평창읍 백오로 119","25376","(합자)평창관광","2021-10-15 08:48:59","I","2023-06-13 00:00:00","","323625.43256466","430477.850229822","국내여행업","","","0","","","한국관광협회중앙회 관광공제회","","0","0","0","0","","","0","0","","0","0","","0","0","","0","","","","","","","35000000","20191031","20201031","","0","",
"456","국내여행업","03_12_01_P","4281000","CDFI2260012018000001","2018-06-18","","01","영업/정상","13","영업중","","","","","","","","강원특별자치도 평창군 용평면 장평리 355-1","강원특별자치도 평창군 용평면 금송1길 27","25315","(합)세계로 투어","2019-11-19 09:13:30","I","2023-06-13 00:00:00","","324816.218606642","454695.890460549","국내여행업","","","0","","","서울보증보험주식회사","","0","0","0","0","","","0","0","","0","0","","0","0","","0","","","","","","","45000000","20191017","20201016","","0","",
"457","국내여행업","03_12_01_P","4281000","CDFI2260012018000002","2018-11-23","","01","영업/정상","13","영업중","","","","","","","","강원특별자치도 평창군 대관령면 용산리 678 평창 스카이 테라하우스","강원특별자치도 평창군 대관령면 솔봉로 278-84, 107동 지하1층 상가1호 (평창 스카이 테라하우스)","25348","유한회사 키움비앤티","2022-11-25 18:51:35","I","2023-06-13 00:00:00","","346596.988848522","463462.751890615","국내여행업","","","0","","","서울보증보험주식회사","","0","0","0","0","","","0","0","","0","0","","0","100","","0","","","","","","","50000000","20181025","20250328","","100","",
"458","국내여행업","03_12_01_P","4281000","CDFI2260012021000001","2021-04-14","","01","영업/정상","13","영업중","","","","","","","","강원특별자치도 평창군 용평면 장평리 355-1","강원특별자치도 평창군 용평면 금송1길 27","25315","에스제이 강원","2021-04-14 09:08:22","I","2023-06-13 00:00:00","","324816.218606642","454695.890460549","국내여행업","","","0","","","","","0","0","0","0","","","0","0","","0","0","","0","0","","0","","","","","","","15119805","","","","0","",
"459","국내여행업","03_12_01_P","4281000","CDFI2260012021000002","2021-10-22","","01","영업/정상","13","영업중","","","","","","","","강원특별자치도 평창군 미탄면 마하리 198-7","강원특별자치도 평창군 미탄면 마하길 41-5","25384","와우미탄협동조합","2021-10-22 08:55:27","I","2023-06-13 00:00:00","","336568.010493472","422193.807210666","국내여행업","","","0","","","","","0","0","0","0","","","0","0","","0","0","","0","0","","0","","","","","","","15000000","","","","0","",
"460","국내여행업","03_12_01_P","4281000","CDFI2260012021000003","2021-11-11","","01","영업/정상","13","영업중","","","","","","","","강원특별자치도 평창군 대화면 대화리 851-3","강원특별자치도 평창군 대화면 대화중앙로 40","25359","너나드리","2021-11-11 10:11:47","I","2023-06-13 00:00:00","","328830.806607294","444387.110222164","국내여행업","","","0","","","","","0","0","0","0","","","0","0","","0","0","","0","0","","0","","","","","","","15000000","","","","0","",
"461","국내여행업","03_12_01_P","4281000","CDFI2260011986000001","1986-11-05","","01","영업/정상","13","영업중","","","","","033-335-2000","","","강원특별자치도 평창군 진부면 하진부리 206-82","강원특별자치도 평창군 진부면 진부중앙로 77, 오대산관광(합명)","25325","오대산관광(합명)","2025-07-15 10:56:34","U","2025-07-18 02:40:00","","337555.044518965","460713.365478409","국내여행업","관광사업","근린상업지역","0","기타","","한국관광협회중앙회 여행공제회","사무실","0","0","0","0","","","0","0","","0","0","","0","63.44","","0","","","","","","","60000000","20181228","20191228","","63","",
"462","국내여행업","03_12_01_P","4281000","CDFI2260012000000001","2000-09-25","","01","영업/정상","13","영업중","","","","","033-334-6541","","","강원특별자치도 평창군 평창읍 하리 72-1","강원특별자치도 평창군 평창읍 송학로 52","25376","(합명)마루투어","2020-04-24 16:17:57","I","2023-06-13 00:00:00","","323333.758819602","430503.437134438","국내여행업","관광사업","근린상업지역","0","기타","","서울보증보험주식회사","사무실","0","0","0","0","","","0","0","","0","0","","0","103.85","","0","","","","","","","50000000","20200423","20210422","","104","",
"463","국내여행업","03_12_01_P","4281000","CDFI2260012011000002","2011-05-26","","01","영업/정상","13","영업중","","","","","033-330-6535","","","강원특별자치도 평창군 봉평면 면온리 1095-1 (주)휘닉스평창","강원특별자치도 평창군 봉평면 태기로 174 (주)휘닉스평창","25307","휘닉스투어","2024-10-10 13:59:20","U","2024-10-12 02:40:00","","317177.713905004","454046.509523181","국내여행업","","","0","","","서울보증보험주식회사","","0","0","0","0","","","0","0","","0","0","","0","0","","0","","","","","","","28600000500","20191001","20200930","","0","",
"464","국내여행업","03_12_01_P","4281000","CDFI2260012013000003","2013-09-04","","01","영업/정상","13","영업중","","","","","0333369307","","","강원특별자치도 평창군 미탄면 창리 718-1","강원특별자치도 평창군 미탄면 미탄문화길 50, 1층","25382","미탄주민 주식회사","2023-02-02 17:23:24","I","2023-06-13 00:00:00","","332841.864755087","427532.632238848","국내여행업","","","0","","","한국관광협회중앙회 여행공제회","","0","0","0","0","","","0","0","","0","0","","0","0","","0","","","","","","","100000000","20190919","20200919","","0","",
"465","국내여행업","03_12_01_P","4281000","CDFI2260012014000002","2014-03-20","","01","영업/정상","13","영업중","","","","","033-333-6600","","232-821","강원특별자치도 평창군 미탄면 마하리 198-7","강원특별자치도 평창군 미탄면 마하길 41-5","25384","동강 디자인","2024-04-11 15:45:08","U","2024-04-13 02:40:00","","336568.010493472","422193.807210666","국내여행업","","","0","","","한국관광협회중앙회 여행공제회","","0","0","0","0","Dgecotour","Domestic travel agency","0","0","","0","0","","0","0","","0","","","","","","","0","20191118","20201118","","0","",
"466","국내여행업","03_12_01_P","4281000","CDFI2260012016000001","2003-05-16","","01","영업/정상","13","영업중","","","","","","","","강원특별자치도 평창군 대관령면 횡계리 590-2","강원특별자치도 평창군 대관령면 경강로 5178","25347","주)아이에이코리아(여행사)","2019-02-08 13:14:44","I","2023-06-13 00:00:00","","349767.755168792","465617.275940575","국내여행업","관광사업","중심상업지역","0","기타","","서울보증보험주식회사","근린생활시설","11","3","0","0","","","0","0","","0","0","","0","54.12","","0","","","","","","","50000000","20181012","20191011","","54","",
"467","국내여행업","03_12_01_P","4281000","CDFI2260012017000001","2017-05-30","","01","영업/정상","13","영업중","","","","","0333336689","","","강원특별자치도 평창군 미탄면 마하리 198-7","강원특별자치도 평창군 미탄면 마하길 41-5","25384","트리피","2024-02-21 09:03:30","U","2024-02-23 02:40:00","","336568.010493472","422193.807210666","국내여행업","","","0","","","서울보증보험주식회사","","0","0","0","0","","","0","0","","0","0","","0","0","","0","","","","","","","30000000","20231220","20241219","","0","",
"468","국내여행업","03_12_01_P","4281000","CDFI2260012017000002","2017-08-02","","01","영업/정상","13","영업중","","","","","033-335-6675","","","강원특별자치도 평창군 대관령면 용산리 383-3 티롤빌리지 124호","강원특별자치도 평창군 대관령면 솔봉로 296, 티롤빌리지 124호","25348","바우뜰트래블","2024-03-29 13:02:49","U","2024-03-31 02:40:00","","346773.222909135","463549.275333196","국내여행업","","","0","","","한국관광협회중앙회 여행공제회","","0","0","0","0","","","0","0","","0","0","","0","0","","0","","","","","","","1500000","20190817","20200817","","0","",
"469","국내여행업","03_12_01_P","4281000","CDFI2260012025000001","2025-08-11","","01","영업/정상","13","영업중","","","","","","","","강원특별자치도 평창군 대관령면 용산리 383-3 티롤빌리지 218호","강원특별자치도 평창군 대관령면 솔봉로 296, 티롤빌리지 218호","25348","(주)대관령패스투어","2025-08-11 09:17:21","I","2025-08-13 00:20:02","","346773.222909135","463549.275333196","국내여행업","","","4","","","","근린생활시설","3","1","0","0","","","0","0","","0","0","","0","79.2","","0","","","","","","","10000000","","","","79","",
"470","국내여행업","03_12_01_P","4281000","CDFI2260012024000001","2024-11-27","","01","영업/정상","13","영업중","","","","","","","","강원특별자치도 평창군 진부면 하진부리 164-3","강원특별자치도 평창군 진부면 석두로 4, 2층","25333","퀸비","2025-07-15 11:00:02","U","2025-07-18 02:40:00","","337080.356133097","460424.203212092","국내여행업","","근린상업지역","2","기타","","","근린생활시설","0","0","0","0","","","0","0","","0","0","","0","100","","0","","","","","","","15000000","","","","100","",
"471","국내여행업","03_12_01_P","4291000","CDFI2260012001000001","2001-04-04","","02","휴업","02","휴업","","2016-10-25","2018-10-25","","033-592-6581~2","","233-811","강원특별자치도 정선군 고한읍 고한리 36-2","강원특별자치도 정선군 고한읍 고한8길 35","233-811","(합)강원관광여행사","2016-10-31 16:51:32","I","2023-06-13 00:00:00","","365439.128294148","411897.826854655","국내여행업","관광사업","","0","","","한국관광협회중앙회","","0","0","0","0","","","0","0","","0","0","","0","0","","0","","","","","","","200000000","20030402","20040402","","0","",
"472","국내여행업","03_12_01_P","4291000","CDFI2260012003000001","2003-04-28","","02","휴업","02","휴업","","2007-09-15","2007-10-30","","","","233-825","강원특별자치도 정선군 신동읍 조동리 216-25","","","(합)아라리테마투어","2013-01-07 20:33:17","I","2023-06-13 00:00:00","","348211.771389945","414059.885342322","국내여행업","관광사업","","1","","","한국관광협회중앙회","","0","0","0","0","","","0","0","","0","0","","0","0","","0","","","","","","","50000000","20030402","20040402","","0","",
"473","국내여행업","03_12_01_P","4291000","CDFI2260012011000001","2011-03-07","","03","폐업","03","폐업","2016-10-12","","","","033-592-6776","","233-901","강원특별자치도 정선군 사북읍 사북리 369-50","","","신천윈글로벌주식회사","2016-10-12 11:28:09","I","2023-06-13 00:00:00","","361352.209678122","415493.995138147","국내여행업","","","5","","","","근린생활시설","5","0","0","0","","","0","0","","0","0","","0","36.3","","0","","","","","","","200000000","","","","36","",
"474","국내여행업","03_12_01_P","4291000","CDFI2260012011000002","2009-04-23","","03","폐업","03","폐업","2023-07-31","","","","563-9901","","","강원특별자치도 정선군 정선읍 봉양리 218-1","강원특별자치도 정선군 정선읍 봉양3길 22-10","26131","쿠키투어","2023-11-24 09:11:32","U","2023-11-26 02:40:00","","347067.687618312","432124.274230157","국내여행업","","","0","","","서울보증보험주식회사","","0","0","0","0","","","0","0","","0","0","","0","66","","0","","","","","","","0","20170609","20180608","","66","",
"475","국내여행업","03_12_01_P","4291000","CDFI2260012016000001","2016-01-29","","03","폐업","03","폐업","2024-06-24","","","","0335635822","","","강원특별자치도 정선군 정선읍 회동리 167","강원특별자치도 정선군 정선읍 가리왕산로 570-5","26119","좋은친구들","2024-06-25 09:48:03","U","2024-06-27 02:40:00","","340170.033076552","435663.403515964","국내여행업","","관리지역","1","기타","","서울보증보험","사무실","1","0","0","0","","","0","0","","0","0","","0","59.82","","0","","","","","","","30000000","20160217","20170216","","60","",
"476","국내여행업","03_12_01_P","4291000","CDFI2260012019000002","2019-12-19","","03","폐업","03","폐업","2024-05-16","","","","033-562-8200","","","강원특별자치도 정선군 정선읍 봉양리 356-11","강원특별자치도 정선군 정선읍 봉양7길 28-5","26130","정선생생투어","2024-06-25 09:47:50","U","2024-06-27 02:40:00","","347440.039572285","432093.605404157","국내여행업","","","1","","","","사무실","1","0","0","0","","","0","0","","0","0","","0","37","","0","","","","","","","50000000","","","","37","",
"477","국내여행업","03_12_01_P","4291000","CDFI2260012021000001","2021-06-14","","03","폐업","03","폐업","2022-02-10","","","","","","","강원특별자치도 정선군 남면 문곡리 95-5","강원특별자치도 정선군 남면 칠현로 96","26145","숲자매숲생활","2022-02-11 14:45:47","I","2023-06-13 00:00:00","","354329.800069072","420141.591606055","국내여행업","","","0","","","","","0","0","0","0","","","0","0","","0","0","","0","0","","0","","","","","","","15000000","","","","0","",
"478","국내여행업","03_12_01_P","4291000","CDFI2260012003000002","2003-08-30","","03","폐업","03","폐업","2015-07-16","","","","033-592-0555","","233-901","강원특별자치도 정선군 사북읍 사북리 317-9 KT 3층","","","(합)산아리관광여행사","2015-07-16 16:00:55","I","2023-06-13 00:00:00","","361680.17927867","415519.211671161","국내여행업","관광사업","","0","","","","","0","0","0","0","","","0","0","","0","0","","0","100.79","","0","","","","","","","210000000","","","","101","",
"479","국내여행업","03_12_01_P","4291000","CDFI2260012005000001","2005-08-26","","03","폐업","03","폐업","2009-12-10","","","","","","233-901","강원특별자치도 정선군 사북읍 사북리 284-70","","","(합)스마일여행사","2009-12-11 16:44:26","I","2023-06-13 00:00:00","","","","국내여행업","관광사업","","0","","","한국관광협회중앙회","","0","0","0","0","","","0","0","","0","0","","0","0","","0","","","","","","","150000000","20050905","20060905","","0","",
"480","국내여행업","03_12_01_P","4291000","CDFI2260012005000002","2005-12-19","","03","폐업","03","폐업","2007-09-17","","","","","","233-804","강원특별자치도 정선군 정선읍 봉양리 347-1","","","(합)산아리관광 정선영업소","2007-09-17 11:03:54","I","2023-06-13 00:00:00","","347462.253589561","432307.046470441","국내여행업","관광사업","","0","","","","","0","0","0","0","","","0","0","","0","0","","0","0","","0","","","","","","","0","","","","0","",
"481","국내여행업","03_12_01_P","4291000","CDFI2260012023000002","2023-08-31","","01","영업/정상","13","영업중","","","","","","","","강원특별자치도 정선군 고한읍 고한리 274-63","강원특별자치도 정선군 고한읍 고한로 191, 205호","26155","강원여행 아카데미","2023-08-31 13:37:12","I","2023-09-02 00:18:46","","364720.776561106","412374.309301822","국내여행업","","","0","","","","","0","0","0","0","","","0","0","","0","0","","0","0","","0","","","","","","","15527984","","","","0","",
"482","국내여행업","03_12_01_P","4291000","CDFI2260012009000002","2009-06-29","","01","영업/정상","13","영업중","","","","","033-592-9934","","233-901","강원특별자치도 정선군 사북읍 사북리 369-17 경원빌딩 2층","","","(주)하나하이원투어","2009-11-13 13:19:33","I","2023-06-13 00:00:00","","361332.789864268","415439.79573946","국내여행업","","일반상업지역","5","주택가주변","","","사무실","5","0","0","0","","","0","0","","0","0","","0","68.63","","0","","","","","","","50000000","","","","69","",
"483","국내여행업","03_12_01_P","4291000","CDFI2260012009000003","2009-10-09","","01","영업/정상","13","영업중","","","","","","","233-901","강원특별자치도 정선군 사북읍 사북리 374-4","","","샤모니여행사","2013-01-07 20:19:59","I","2023-06-13 00:00:00","","","","국내여행업","","","3","","","","사무실","0","0","0","0","","","0","0","","0","0","","0","96.6","","0","","","","","","","50000000","","","","97","",
"484","국내여행업","03_12_01_P","4291000","CDFI2260012010000001","2010-04-21","","01","영업/정상","13","영업중","","","","","","","233-901","강원특별자치도 정선군 사북읍 사북리 369-64","","","(주)하이원 투어","2013-01-07 20:46:38","I","2023-06-13 00:00:00","","","","국내여행업","","일반상업지역","4","유흥업소밀집지역","","","","4","0","0","0","","","0","0","","0","0","","0","37.33","","0","","","","","","","50000000","","","","37","",
"485","국내여행업","03_12_01_P","4291000","CDFI2260012010000002","2010-06-08","","01","영업/정상","13","영업중","","","","","033-591-1005","","","강원특별자치도 정선군 고한읍 고한리 136-20","강원특별자치도 정선군 고한읍 물한리길 42, 2층","26155","주식회사 타고코리아","2023-03-07 10:53:49","I","2023-06-13 00:00:00","","363077.600415918","413622.361249201","국내여행업","","","0","","","서울보증보험","","0","0","0","0","","","0","0","","0","0","","0","13.2","","0","","","","","","","30000000","20220820","20230819","","13","",
"486","국내여행업","03_12_01_P","4291000","CDFI2260012012000001","2012-02-28","","01","영업/정상","13","영업중","","","","","033-591-6607","","233-811","강원특별자치도 정선군 고한읍 고한리 96-55","","","(주)에스엔제이 여행사","2012-02-28 09:06:45","I","2023-06-13 00:00:00","","364362.954266737","412758.094554802","국내여행업","","일반상업지역","0","","","","근린생활시설","0","0","0","0","","","0","0","","0","0","","0","85","","0","","","","","","","250000000","","","","85","",
"487","국내여행업","03_12_01_P","4291000","CDFI2260012012000002","2012-04-30","","01","영업/정상","13","영업중","","","","","033-563-9053","","233-804","강원특별자치도 정선군 정선읍 봉양리 46-4","강원특별자치도 정선군 정선읍 녹송로 96","26122","(합)정선씨티투어","2016-11-01 09:06:27","I","2023-06-13 00:00:00","","347928.935984581","432805.378607947","국내여행업","","","0","","","서울보증보험","근린생활시설","0","0","0","0","","","0","0","","0","0","","0","3","","0","","","","","","","30000000","20160802","20180831","","3","",
"488","국내여행업","03_12_01_P","4291000","CDFI2260012013000001","2013-06-10","","01","영업/정상","13","영업중","","","","","591-9053","","233-812","강원특별자치도 정선군 고한읍 고한리 62-29","강원특별자치도 정선군 고한읍 고한6길 38","233-812","(합)블루스카이여행사","2022-07-20 13:44:51","I","2023-06-13 00:00:00","","364623.060258461","412498.420720834","국내여행업","","일반상업지역","1","학교정화(상대)","","서울보증보험","사무실","0","0","0","0","","","0","0","","0","0","","0","57.8","","0","","","","","","","90000000","20170621","20180620","","58","",
"489","국내여행업","03_12_01_P","4291000","CDFI2260012015000001","2015-06-17","","01","영업/정상","13","영업중","","","","","","","233-803","강원특별자치도 정선군 정선읍 애산리 415-11","강원특별자치도 정선군 정선읍 녹송8길 45","26122","정선군 관광문화개발 협동조합","2016-11-01 09:10:04","I","2023-06-13 00:00:00","","347938.652474688","433075.753292463","국내여행업","","상업지역","1","기타","","여행공제회","기타","1","0","0","0","","","0","0","","0","0","","0","0","","0","","","","","","","0","20160726","20170725","","0","",
"490","국내여행업","03_12_01_P","4291000","CDFI2260012016000002","2016-07-25","","01","영업/정상","13","영업중","","","","","","","","강원특별자치도 정선군 사북읍 사북리 312-4","강원특별자치도 정선군 사북읍 사북5길 61, 2층","26150","하이원 여행사","2023-05-08 09:19:10","I","2023-06-13 00:00:00","","361713.172880337","415433.68656725","국내여행업","","일반상업지역","1","기타","","서울보증보험","사무실","1","0","0","0","","","0","0","","0","0","","0","30","","0","","","","","","","30000000","20160729","20170728","","30","",
"491","국내여행업","03_12_01_P","4291000","CDFI2260012022000001","2022-09-14","","01","영업/정상","13","영업중","","","","","","","","강원특별자치도 정선군 북평면 북평리 867","강원특별자치도 정선군 북평면 졸드루길 223","26100","주식회사 오다가다","2022-09-14 14:37:15","I","2023-06-13 00:00:00","","345314.814232902","439398.248706102","국내여행업","","","0","","","","","0","0","0","0","","","0","0","","0","0","","0","0","","0","","","","","","","0","","","","0","",
"492","국내여행업","03_12_01_P","4291000","CDFI2260012023000001","2023-04-28","","01","영업/정상","13","영업중","","","","","0335624883","","","강원특별자치도 정선군 정선읍 봉양리 209-5","강원특별자치도 정선군 정선읍 정선로 1326","26131","(주)일영","2023-05-14 19:17:00","I","2023-06-13 00:00:00","","347075.283031783","432091.237185185","국내여행업","","","0","","","","","0","0","0","0","","","0","0","","0","0","","0","0","","0","","","","","","","20000000","","","","0","",
"493","국내여행업","03_12_01_P","4291000","CDFI2260011995000001","1995-06-14","","01","영업/정상","13","영업중","","","","","033-563-0561","","233-807","강원특별자치도 정선군 정선읍 북실리 742-1","","","(합)보람관광","2016-10-31 16:43:55","I","2023-06-13 00:00:00","","","","국내여행업","관광사업","","0","","","한국관광현회중앙회","","0","0","0","0","","","0","0","","0","0","","0","0","","0","","","","","","","50000000","20160618","20170618","","0","",
"494","국내여행업","03_12_01_P","4291000","CDFI2260012009000001","2009-05-07","","01","영업/정상","13","영업중","","","","","033-563-0005","","","강원특별자치도 정선군 정선읍 회동리 171-1","","","정선여행(주)","2013-01-07 20:34:46","I","2023-06-13 00:00:00","","","","국내여행업","","관리지역","1","기타","","","사무실","0","0","0","0","","","0","0","","0","0","","0","24.26","","0","","","","","","","50000000","","","","24","",
"495","국내여행업","03_12_01_P","4291000","CDFI2260012025000001","2025-04-14","","01","영업/정상","13","영업중","","","","","","","","강원특별자치도 정선군 정선읍 봉양리 206-2","강원특별자치도 정선군 정선읍 정선로 1324, 2층","26131","주식회사 보부","2025-04-14 15:04:13","I","2025-04-16 00:10:44","","347055.432880637","432086.817070254","국내여행업","","","0","","","","","0","0","0","0","","","0","0","","0","0","","0","109","","0","","","","","","","15000000","","","","109","",
"496","국내여행업","03_12_01_P","4291000","CDFI2260012023000003","2023-11-27","","01","영업/정상","13","영업중","","","","","","","","강원특별자치도 정선군 고한읍 고한리 121-12","강원특별자치도 정선군 고한읍 고한로 39, 402호호","26155","시즌투어","2023-11-27 11:55:29","I","2023-11-29 00:17:01","","363601.452169515","413358.293340804","국내여행업","","","0","","","","","0","0","0","0","","","0","0","","0","0","","0","0","","0","","","","","","","15000000","","","","0","",
"497","국내여행업","03_12_01_P","4301000","CDFI2260012023000002","2023-07-28","","03","폐업","03","폐업","2024-12-31","","","","033-452-9997","","","강원특별자치도 철원군 갈말읍 신철원리 600-24 동철원농협","강원특별자치도 철원군 갈말읍 삼부연로 17, B1층","24042","디엠지철원 공정여행 협동조합","2025-03-12 12:00:21","U","2025-03-14 02:40:00","","227108.021132372","515908.022079299","국내여행업","","상업지역","3","결혼예식장주변","","","근린생활시설","3","1","0","0","","","0","0","","0","0","","0","1746.47","","0","","","","","","","0","","","","1746","",
"498","국내여행업","03_12_01_P","4301000","CDFI2260012003000002","2003-05-27","","03","폐업","03","폐업","2003-05-27","","","","","","269-815","강원특별자치도 철원군 동송읍 이평리 655-26","","","(주)대성여행사","2011-10-27 11:18:48","I","2023-06-13 00:00:00","","","","국내여행업","관광사업","","0","","","","","0","0","0","0","","","0","0","","0","0","","0","0","","0","","","","","","","0","20030401","20040117","","0","",
"499","국내여행업","03_12_01_P","4301000","CDFI2260012003000003","2003-05-27","","03","폐업","03","폐업","2004-02-03","","","","458-3900","","269-842","강원특별자치도 철원군 서면 와수리 864-1","","","백마여행사","2011-10-27 10:13:15","I","2023-06-13 00:00:00","","","","국내여행업","관광사업","","0","","","","","0","0","0","0","","","0","0","","0","0","","0","0","","0","","","","","","","0","20030108","20040108","","0","",
"500","국내여행업","03_12_01_P","4301000","CDFI2260012003000004","2003-05-27","","03","폐업","03","폐업","2004-06-11","","","","455-0345","","269-815","강원특별자치도 철원군 동송읍 이평리 713-1","","","철원고속관광","2011-10-27 10:16:17","I","2023-06-13 00:00:00","","","","국내여행업","관광사업","","0","","","","","0","0","0","0","","","0","0","","0","0","","0","0","","0","","","","","","","0","20030327","20040327","","0","",
"501","국내여행업","03_12_01_P","4301000","CDFI2260012003000005","2003-02-25","","03","폐업","03","폐업","2015-07-22","","","","458-4777","","269-816","강원특별자치도 철원군 동송읍 이평리 679-48","강원특별자치도 철원군 동송읍 이평로53번길 6-5","269-816","유명관광","2015-07-22 16:57:14","I","2023-06-13 00:00:00","","219010.653773734","522931.060328636","국내여행업","","","0","","","서울보증보험","","0","0","0","0","","","0","0","","0","0","","0","97.24","","0","","","","","","","0","20110317","20120316","","97","",
"502","국내여행업","03_12_01_P","4301000","CDFI2260012010000001","2010-07-02","","03","폐업","03","폐업","2015-02-10","","","","455-8275","","269-811","강원특별자치도 철원군 동송읍 장흥리 23-73","강원특별자치도 철원군 동송읍 태봉로 1825","24023","(주)디엠젯철원평화관광","2017-08-22 14:36:39","I","2023-06-13 00:00:00","","225166.241871275","520474.837361192","국내여행업","","","0","","","서울보증보험","","0","0","0","0","","","0","0","","0","0","","0","0","","0","","","","","","","0","20110701","20120630","","0","6058159945",
"503","국내여행업","03_12_01_P","4301000","CDFI2260012015000001","2015-04-22","","03","폐업","03","폐업","2017-08-21","","","","","","269-811","강원특별자치도 철원군 동송읍 장흥리 20-20","강원특별자치도 철원군 동송읍 태봉로 1799-22","24023","(주)귀뚜라미랜드","2017-08-22 14:20:02","I","2023-06-13 00:00:00","","225376.4902074","520439.514215391","국내여행업","","","0","","","","","0","0","0","0","","","0","0","","0","0","","0","0","","0","","","","","","","0","","","","0","",
"504","국내여행업","03_12_01_P","4301000","CDFI2260012015000002","2015-09-22","","03","폐업","03","폐업","2025-08-18","","","","033 455 3339","","","강원특별자치도 철원군 동송읍 이평리 679-48","강원특별자치도 철원군 동송읍 이평로53번길 6-5 (음식점)","24015","유명관광","2025-08-18 17:39:46","U","2025-08-20 02:40:00","","219010.653773734","522931.060328636","국내여행업","","일반상업지역","0","주택가주변","","","사무실","0","0","0","0","","","0","0","","0","0","","0","97.24","","0","","","","","","","60000000","","","","97","",
"505","국내여행업","03_12_01_P","4301000","CDFI2260012017000001","2017-11-14","","03","폐업","03","폐업","2022-01-04","","","","02  517 5007","","","강원특별자치도 철원군 갈말읍 군탄리 1028-97 유명아파트 상가동 지하호","강원특별자치도 철원군 갈말읍 군탄로8번길 16, 상가동 지하층 (유명아파트)","24037","드래곤즈 트레블","2022-01-04 08:56:31","I","2023-06-13 00:00:00","","226361.372213275","516118.489567455","국내여행업","","","0","","","","근린생활시설","0","0","0","0","","","0","0","","0","0","","0","87.62","","0","","","","","","","16301407","","","","88","",
"506","국내여행업","03_12_01_P","4301000","CDFI2260012022000001","2022-04-29","","03","폐업","03","폐업","2025-07-09","","","","","","","강원특별자치도 철원군 갈말읍 신철원리 670-1 cafe COMMA","강원특별자치도 철원군 갈말읍 명성로158번길 28, 2층","24042","그래!가자!","2025-07-10 09:42:52","U","2025-07-12 02:40:00","","227058.94463879","515943.024551548","국내여행업","","","0","","","","","0","0","0","0","","","0","0","","0","0","","0","0","","0","","","","","","","0","","","","0","",
"507","국내여행업","03_12_01_P","4301000","CDFI2260012003000001","2003-05-27","","01","영업/정상","13","영업중","","","","","033-452-3030","","","강원특별자치도 철원군 갈말읍 931-15","강원특별자치도 철원군 갈말읍 명성로 223-2","24034","(주)삼흥관광","2024-11-06 08:52:50","U","2024-11-08 02:40:00","","226852.681758052","516580.556000074","국내여행업","관광사업","","0","","","한국관광협회중앙회","","0","0","0","0","SAMHEUNG TOURIST SERVICE CO.,LTD","TRAVEL BUSINESS SOMESTIC","0","0","","0","0","","0","99.17","","0","","","","","","","50000000","20240906","20250906","","99","1278106875",
"508","국내여행업","03_12_01_P","4301000","CDFI2260012011000001","2011-05-16","","01","영업/정상","13","영업중","","","","","455-1196","","269-816","강원특별자치도 철원군 동송읍 이평리 700-5","강원특별자치도 철원군 동송읍 금학로 177-1","24020","예향여행사","2011-11-01 10:28:04","I","2023-06-13 00:00:00","","219201.331","522461.346333334","국내여행업","","일반상업지역","2","유흥업소밀집지역","","서울보증보험","근린생활시설","1","0","0","0","","","0","0","","0","0","","0","71.34","","0","","","","","","","30000000","20110526","20120525","","71","",
"509","국내여행업","03_12_01_P","4301000","CDFI2260012016000001","2016-05-16","","01","영업/정상","13","영업중","","","","","","","","강원특별자치도 철원군 철원읍 화지리 40-89","강원특별자치도 철원군 철원읍 금학로 258 (중앙부동산)","24008","파랑새투어","2016-05-16 16:26:59","I","2023-06-13 00:00:00","","218861.748761623","523174.983579051","국내여행업","","일반상업지역","1","기타","","","근린생활시설","1","0","0","0","","","0","0","","0","0","","0","94","","0","","","","","","","58000000","","","","94","",
"510","국내여행업","03_12_01_P","4301000","CDFI2260012020000001","2020-02-11","","01","영업/정상","13","영업중","","","","","033-455-3392","","","강원특별자치도 철원군 동송읍 이평리 667","강원특별자치도 철원군 동송읍 이평3로 154-10","24016","동진관광여행사","2020-02-11 11:06:52","I","2023-06-13 00:00:00","","219424.548735566","522919.670349296","국내여행업","","","0","","","","","0","0","0","0","","","0","0","","0","0","","0","0","","0","","","","","","","23000000","","","","0","",
"511","국내여행업","03_12_01_P","4301000","CDFI2260012020000002","2020-06-25","","01","영업/정상","13","영업중","","","","","033-458-5287","","","강원특별자치도 철원군 서면 와수리 1154-8 아폴로체육사","강원특별자치도 철원군 서면 와수로 148-2, 1층","24058","천일고속여행사","2020-06-25 08:56:08","I","2023-06-13 00:00:00","","238212.211795595","526089.846486213","국내여행업","","일반상업지역","3","","","","근린생활시설","0","0","0","0","","","0","0","","0","0","","0","99.72","","0","","","","","","","20000000","","","","100","",
"512","국내여행업","03_12_01_P","4301000","CDFI2260012025000002","2023-05-03","","01","영업/정상","13","영업중","","","","","","","","강원특별자치도 철원군 갈말읍 신철원리 600-24 동철원농협","강원특별자치도 철원군 갈말읍 삼부연로 17, 동철원농협(지하)","24042","주식회사 빌리지하우징","2025-05-14 09:10:59","I","2025-05-16 00:21:17","","227108.021132372","515908.022079299","국내여행업","","","0","","","서울보증보험","","0","0","0","0","Village Housing","Domestic travel business","0","0","","0","0","","0","0","","0","","","","","","","17000000","20230503","20240502","","0","",
"513","국내여행업","03_12_01_P","4301000","CDFI2260012025000001","2025-03-07","","01","영업/정상","13","영업중","","","","","","","","강원특별자치도 철원군 동송읍 이길리 1449-11","강원특별자치도 철원군 동송읍 금강이길역길 3-4","24009","주식회사 DMZ길","2025-03-07 16:47:17","I","2025-03-09 00:10:36","","","","국내여행업","","관리지역","1","주택가주변","","","사무실","1","0","0","0","","","0","0","","0","0","","0","102.22","","0","","","","","","","10000000","","","","102","",
"514","국내여행업","03_12_01_P","4311000","CDFI2260012016000001","2016-04-26","","02","휴업","02","휴업","","2023-08-25","2028-08-24","","","","","강원특별자치도 화천군 화천읍 하리 43-18","강원특별자치도 화천군 화천읍 중앙로 2","24130","누리여행사","2023-08-28 11:23:33","U","2023-08-30 02:40:00","","261728.734911662","511589.951126161","국내여행업","","일반상업지역","3","주택가주변","","","근린생활시설","3","0","0","0","","","0","0","","0","0","","0","0","","0","","","","","","","90000000","","","","0","",
"515","국내여행업","03_12_01_P","4311000","CDFI2260011996000001","1996-09-20","","03","폐업","03","폐업","2007-08-17","","","","","","209-804","강원특별자치도 화천군 화천읍 하리 66-44","강원특별자치도 화천군 화천읍 상승로 60","","용화관광여행사","2007-08-17 15:39:06","I","2023-06-13 00:00:00","","261788.658740275","511693.528941924","국내여행업","관광사업","일반상업지역","2","기타","","","사무실","2","0","0","0","","","0","0","","0","0","","0","83.87","","0","","","","","","","500000000","","","","84","",
"516","국내여행업","03_12_01_P","4321000","CDFI2260012001000001","2001-12-01","","03","폐업","03","폐업","2004-02-11","","","","","","255-802","강원특별자치도 양구군 양구읍 상리 227-25","강원특별자치도 양구군 양구읍 사명길 73","","금대산관광","2004-10-12 15:07:03","I","2023-06-13 00:00:00","","286605.899302066","511876.165832268","국내여행업","관광사업","주거지역","1","기타","","","사무실","1","0","0","0","","","0","0","","0","0","","0","119.04","","0","","","","","","","50000000","","","","119","",
"517","국내여행업","03_12_01_P","4321000","CDFI2260012001000002","2001-03-03","","03","폐업","03","폐업","2018-06-22","","","","033-481-6368","","255-801","강원특별자치도 양구군 양구읍 중리 52","강원특별자치도 양구군 양구읍 비봉로 71","","합자회사 양록관광","2018-06-25 11:09:27","I","2023-06-13 00:00:00","","286487.252934337","512180.989703564","국내여행업","관광사업","일반주거지역","1","기타","","한국관광협회중앙회 여행공제회","사무실","1","0","0","0","","","0","0","","0","0","","0","134","","0","","","","","","","50000000","20170622","20180622","","134","",
"518","국내여행업","03_12_01_P","4321000","CDFI2260012012000001","2011-05-17","","03","폐업","03","폐업","2014-12-30","","","","003-481-1946","","255-806","강원특별자치도 양구군 양구읍 안대리 33-1","강원특별자치도 양구군 양구읍 학안로 328","255-806","(주)시니어실크로드","2015-06-30 16:13:52","I","2023-06-13 00:00:00","","286537.96637311","509963.485105451","국내여행업","","일반상업지역","2","기타","","","사무실","2","1","0","0","","","0","0","","0","0","","0","37","","0","","","","","","","30000000","","","","37","",
"519","국내여행업","03_12_01_P","4321000","CDFI2260012014000001","2014-07-14","","03","폐업","03","폐업","2017-06-01","","","","","","255-805","강원특별자치도 양구군 양구읍 군량리 450","강원특별자치도 양구군 양구읍 성곡로 849","255-805","주식회사 행복밭예술가들","2017-06-21 11:25:07","I","2023-06-13 00:00:00","","284383.351018833","517913.483373028","국내여행업","","","1","기타","","서울보증보험주식회사","기타","1","0","0","0","","","0","0","","0","0","","0","33.6","","0","","","","","","","30000000","20161108","20171107","","34","",
"520","국내여행업","03_12_01_P","4321000","CDFI2260012016000002","2013-06-05","","03","폐업","03","폐업","2019-11-22","","","","033-481-7088","","","강원특별자치도 양구군 동면 후곡리 302-3","강원특별자치도 양구군 동면 약수터길 82 (아토피비만치유센터)","24510","(주)성신브릿지","2019-11-25 13:39:17","I","2023-06-13 00:00:00","","292149.746020797","518674.416918195","국내여행업","","녹지지역","2","","","한국관광협회중앙회","","0","0","0","0","","","0","0","","0","0","","0","1178","","0","","","","","","","76971272","20180828","20190828","","1178","",
"521","국내여행업","03_12_01_P","4321000","CDFI2260011996000001","1996-05-18","","01","영업/정상","13","영업중","","","","","033-481-7888","","","강원특별자치도 양구군 양구읍 상리 211","강원특별자치도 양구군 양구읍 비봉로 45","24529","(자)현대관광","2025-09-25 15:07:37","U","2025-09-27 02:40:00","","286462.34130349","511918.439305297","국내여행업","","","0","","","관광공제회","","0","0","0","0","","","0","0","","0","0","","0","0","","0","","","","","","","270000000","20250817","20260817","","0","",
"522","국내여행업","03_12_01_P","4331000","CDFI2260012001000001","2001-05-31","","03","폐업","03","폐업","2011-08-26","","","","033-461-5016","","252-845","강원특별자치도 인제군 기린면 현리 639-3","강원특별자치도 인제군 기린면 기린로 34","","내린천여행","2011-09-01 14:23:37","I","2023-06-13 00:00:00","","315757.388494931","495524.188637616","국내여행업","관광사업","","0","","","","","0","0","0","0","","","0","0","","0","0","","0","0","","0","","","","","","","0","","","","0","",
"523","국내여행업","03_12_01_P","4331000","CDFI2260012016000001","2016-01-11","","03","폐업","03","폐업","2016-08-08","","","","033 463 8680","","","강원특별자치도 인제군 인제읍 남북리 388 하늘내린센터","강원특별자치도 인제군 인제읍 비봉로44번길 100 (하늘내린센터)","24624","(사)하늘내린인제로컬투어사업단","2016-09-28 16:42:22","I","2023-06-13 00:00:00","","302196.86161156","507078.279113904","국내여행업","","","0","","","","","0","0","0","0","","","0","0","","0","0","","0","0","","0","","","","","","","0","","","","0","",
"524","국내여행업","03_12_01_P","4331000","CDFI2260012007000001","2007-01-04","","01","영업/정상","13","영업중","","","","","","","252-808","강원특별자치도 인제군 인제읍 합강리 221-12","강원특별자치도 인제군 인제읍 설악로 2254","24628","(주)아름다운인제관광","2018-12-17 13:42:37","I","2023-06-13 00:00:00","","303989.083016938","508970.202472598","국내여행업","관광사업","근린상업지역","1","기타","","한국여행업협회","문화시설","1","0","0","0","","","0","0","","0","0","","0","80","","0","","","","","","","400000000","20180101","20190101","","80","",
"525","국내여행업","03_12_01_P","4331000","CDFI2260012007000002","2007-04-10","","01","영업/정상","13","영업중","","","","","","","252-852","강원특별자치도 인제군 상남면 상남리 1584","강원특별자치도 인제군 상남면 아홉사리로 2658","24664","상인산업주식회사","2018-12-17 13:40:01","I","2023-06-13 00:00:00","","308420.758578753","481713.728849496","국내여행업","관광사업","","1","","","서울보증보험","사무실","1","0","0","0","","","0","0","","0","0","","0","225.36","","0","","","","","","","300000000","20180901","20190831","","225","",
"526","국내여행업","03_12_01_P","4331000","CDFI2260012013000001","2013-07-26","","01","영업/정상","13","영업중","","","","","","","","강원특별자치도 인제군 인제읍 고사리 194","강원특별자치도 인제군 인제읍 내린천로 5703","24640","내린천래프팅 에스레포츠","2021-06-25 11:35:52","I","2023-06-13 00:00:00","","308720.953373917","501665.516808763","국내여행업","","관리지역","1","기타","","","근린생활시설","1","0","0","0","","","0","0","","0","0","","0","87.6","","0","","","","","","","30000000","","","","88","",
"527","국내여행업","03_12_01_P","4331000","CDFI2260012014000001","2014-04-08","","01","영업/정상","13","영업중","","","","","","","","강원특별자치도 인제군 인제읍 상동리 298-1","강원특별자치도 인제군 인제읍 인제로 174-1","24632","하늘내린투어","2023-03-30 12:43:37","I","2023-06-13 00:00:00","","302621.248954308","507871.77991494","국내여행업","","상업지역","2","기타","","서울보증보험","근린생활시설","1","0","0","0","","","0","0","","0","0","","0","0","","0","","","","","","","30000000","20180326","20190327","","0","",
"528","국내여행업","03_12_01_P","4331000","CDFI2260012016000002","2016-03-17","","01","영업/정상","13","영업중","","","","","","","","강원특별자치도 인제군 북면 원통리 655-10","강원특별자치도 인제군 북면 원통로184번길 6","24617","힐링승마교육여행사","2016-03-17 13:28:45","I","2023-06-13 00:00:00","","305530.998261819","514051.366785944","국내여행업","","일반상업지역","0","기타","","","","0","0","0","0","","","0","0","","0","0","","0","0","","0","","","","","","","0","","","","0","",
"529","국내여행업","03_12_01_P","4331000","CDFI2260012017000001","2017-05-08","","01","영업/정상","13","영업중","","","","","","","","강원특별자치도 인제군 인제읍 상동리 46-2","강원특별자치도 인제군 인제읍 인제로218번길 17, 3층","24636","자작나무 힐링캠프","2018-12-17 13:43:33","I","2023-06-13 00:00:00","","303068.831637425","507988.132332111","국내여행업","","","0","","","서울보증보험","","0","0","0","0","","","0","0","","0","0","","0","0","","0","","","","","","","0","20171230","20181231","","0","",
"530","국내여행업","03_12_01_P","4331000","CDFI2260012017000002","2017-11-17","","01","영업/정상","13","영업중","","","","","","","","강원특별자치도 인제군 인제읍 남북리 384-5","강원특별자치도 인제군 인제읍 인제로 86","24624","(유)인제여행","2018-12-17 13:44:26","I","2023-06-13 00:00:00","","302134.860588384","507215.593336257","국내여행업","","","0","","","한국관광협회중앙회 여행공제회","","0","0","0","0","","","0","0","","0","0","","0","0","","0","","","","","","","0","20171129","20181129","","0","",
"531","국내여행업","03_12_01_P","4331000","CDFI2260012019000001","2016-05-03","","01","영업/정상","13","영업중","","","","","","","","강원특별자치도 인제군 기린면 진동리 775-1","강원특별자치도 인제군 기린면 꿩밭길 167","24653","(주)나여행가리","2019-01-08 11:05:46","I","2023-06-13 00:00:00","","322791.613911954","498019.568823594","국내여행업","","","0","","","한국관광협회(20,000,000)","","0","0","0","0","","","0","0","","0","0","","0","0","","0","","","","","","","40228712","20160505","20170504","","0","",
"532","국내여행업","03_12_01_P","4331000","CDFI2260012019000002","2019-01-09","","01","영업/정상","13","영업중","","","","","","","","강원특별자치도 인제군 북면 원통리 413-5","강원특별자치도 인제군 북면 갈골로 126","24622","비타민여행사","2020-03-27 11:17:41","I","2023-06-13 00:00:00","","306677.153518373","514296.760622956","국내여행업","","","0","","","","","0","0","0","0","","","0","0","","0","0","","0","0","","0","","","","","","","0","","","","0","",
"533","국내여행업","03_12_01_P","4331000","CDFI2260012020000001","2020-05-19","","01","영업/정상","13","영업중","","","","","033-463-7790","","","강원특별자치도 인제군 기린면 진동리 21","강원특별자치도 인제군 기린면 조침령로 2158","24653","당나귀 여행사","2020-05-19 13:21:31","I","2023-06-13 00:00:00","","330899.965731067","499342.993658977","국내여행업","","","0","","","","","0","0","0","0","","","0","0","","0","0","","0","0","","0","","","","","","","0","","","","0","",
"534","국내여행업","03_12_01_P","4341000","CDFI2260012003000001","2003-12-23","","03","폐업","03","폐업","2020-07-25","","","","033-682-2833","","","강원특별자치도 고성군 간성읍 하리 17-2","강원특별자치도 고성군 간성읍 간성로 64-1 (GS25편의점)","24735","(주)금강산여행사","2020-07-29 13:04:32","I","2023-06-13 00:00:00","","328198.302120222","542848.725043546","국내여행업","관광사업","근린상업지역","2","기타","","서울보증보험","근린생활시설","2","0","0","0","","","0","0","","0","0","","0","0","","0","","","","","","","50000000","20160405","20170404","","0","",
"535","국내여행업","03_12_01_P","4341000","CDFI2260012004000001","2004-04-10","","03","폐업","03","폐업","2004-06-30","","","","033-631-8722","","","강원특별자치도 고성군 토성면 청간리 32 (주)나진인터내셔널 여행사","강원특별자치도 고성군 토성면 청간정길 5","24758","(주)나진인터내셔널여행사","2016-11-09 16:09:21","I","2023-06-13 00:00:00","","336075.203698996","530381.64408012","국내여행업","관광사업","상업지역","2","기타","","","근린생활시설","2","0","0","0","","","0","0","","0","0","","0","49","","0","","","","","","","50000000","","","","49","1228178961",
"536","국내여행업","03_12_01_P","4341000","CDFI2260012006000001","2006-03-21","","03","폐업","03","폐업","2010-04-01","","","","","","","강원특별자치도 고성군 현내면 마차진리 239 금강산콘도미니엄","강원특별자치도 고성군 현내면 금강산로 416","24702","주식회사 미봉","2016-11-09 16:08:29","I","2023-06-13 00:00:00","","323827.622943202","557255.90227721","국내여행업","관광사업","","0","","","","","0","0","0","0","","","0","0","","0","0","","0","0","","0","","","","","","","0","","","","0","",
"537","국내여행업","03_12_01_P","4341000","CDFI2260012018000001","2018-07-06","","03","폐업","03","폐업","2019-10-23","","","","07077376274","","","강원특별자치도 고성군 거진읍 거진리 287-80","강원특별자치도 고성군 거진읍 거탄진로 123","24717","출발여행","2019-10-23 16:20:03","I","2023-06-13 00:00:00","","326925.111194143","550217.144033611","국내여행업","","","0","","","","","0","0","0","0","","","0","0","","0","0","","0","0","","0","","","","","","","0","","","","0","",
"538","국내여행업","03_12_01_P","4341000","CDFI2260012007000001","2007-02-12","","01","영업/정상","13","영업중","","","","","033-682-2833","","","강원특별자치도 고성군 간성읍 상리 458-1","강원특별자치도 고성군 간성읍 간성로89번길 1","24729","금강산고속관광주식회사","2024-07-18 19:52:17","U","2024-07-20 02:40:00","","327939.743926773","542849.294719722","국내여행업","관광사업","","0","","","서울보증보험","","0","0","0","0","","","0","0","","0","0","","0","0","","0","","","","","","","50000000","20240415","20250414","","0","",
"539","국내여행업","03_12_01_P","4341000","CDFI2260012009000001","2009-12-16","","01","영업/정상","13","영업중","","","","","033-681-7771","","","강원특별자치도 고성군 간성읍 신안리 155-5","강원특별자치도 고성군 간성읍 간성로30번길 6-23","24734","(주)조은여행사","2025-04-25 14:37:49","U","2025-04-27 02:40:00","","328684.645890856","542907.578082055","국내여행업","","일반주거지역","2","주택가주변","","서울보증보험","근린생활시설","3","0","0","0","","","0","0","","0","0","","0","164","","0","","","","","","","90000000","20240619","20250618","","164","",
"540","국내여행업","03_12_01_P","4341000","CDFI2260012011000001","2011-08-31","","01","영업/정상","13","영업중","","","","","","","","강원특별자치도 고성군 토성면 신평리 465-72","강원특별자치도 고성군 토성면 잼버리동로 97","24763","주식회사 에프와이티에스","2025-03-25 18:22:31","U","2025-03-27 02:40:00","","332996.11369038","526803.808797687","국내여행업","","","0","","","서울보증보험","","0","0","0","0","","","0","0","","0","0","","0","0","","0","","","","","","","30000000","20230831","20240830","","0","",
"541","국내여행업","03_12_01_P","4341000","CDFI2260012018000002","2015-07-06","","01","영업/정상","13","영업중","","","","","","","","강원특별자치도 고성군 죽왕면 삼포리 243-13 오션투유콘도","강원특별자치도 고성군 죽왕면 삼포해변길 9, 오션투유콘도 1층","24750","(주)이비즈에셋","2024-07-18 19:51:28","U","2024-07-20 02:40:00","","333830.541023206","535981.992669135","국내여행업","","","0","","","서울보증보험(2천만)","","0","0","0","0","","","0","0","","0","0","","0","0","","0","","","","","","","30000000","20240623","20250622","","0","",
"542","국내여행업","03_12_01_P","4341000","CDFI2260012019000001","2019-05-02","","01","영업/정상","13","영업중","","","","","","","","강원특별자치도 고성군 죽왕면 삼포리 239-27","강원특별자치도 고성군 죽왕면 삼포민박촌2길 7","24750","(주)위고온","2022-06-07 14:51:49","I","2023-06-13 00:00:00","","333740.382785564","535871.91436137","국내여행업","","일반주거지역","1","주택가주변","","","기타","0","0","0","0","","","0","0","","0","0","","0","39.66","","0","","","","","","","54300000","","","","40","",
"543","국내여행업","03_12_01_P","4341000","CDFI2260012020000001","2020-08-13","","01","영업/정상","13","영업중","","","","","033-633-0651","","","강원특별자치도 고성군 토성면 봉포리 306-5 경동대학교","강원특별자치도 고성군 토성면 봉포4길 46, 경동대학교, 문화관 4층 창업보육센터 4416호","24764","주식회사 오리진","2021-05-25 16:34:51","I","2023-06-13 00:00:00","","336060.642934211","528551.962122763","국내여행업","","","0","","","서울보증보험","","0","0","0","0","","","0","0","","0","0","","0","33.3","","0","","","","","","","43000000","20200814","20210813","","33","",
"544","국내여행업","03_12_01_P","4341000","CDFI2260012024000001","2024-12-24","","01","영업/정상","13","영업중","","","","","","","","강원특별자치도 고성군 죽왕면 오호리 253-6 해양심층수산업 고성진흥원","강원특별자치도 고성군 죽왕면 송지호로 42, 해양심층수산업 고성진흥원","24747","위드독","2024-12-24 11:18:07","I","2024-12-27 00:11:58","","332820.250772276","537330.984755261","국내여행업","","","0","","","","","0","0","0","0","","","0","0","","0","0","","0","0","","0","","","","","","","69960104","","","","0","",
"545","국내여행업","03_12_01_P","4351000","CDFI2260011983000001","1983-10-08","","03","폐업","03","폐업","2014-12-11","","","","033)671-3555","","215-806","강원특별자치도 양양군 양양읍 남문리 158","","","(합자)남설악관광","2014-12-11 17:43:11","I","2023-06-13 00:00:00","","342135.145257604","509126.431201014","국내여행업","관광사업","일반상업지역","3","기타","","한국관광협회중앙회","사무실","3","0","0","0","","","0","0","","0","0","","0","58.2","","0","","","","","","","50000000","20080115","20090115","","58","",
"546","국내여행업","03_12_01_P","4351000","CDFI2260012002000001","2002-11-09","","03","폐업","03","폐업","2009-10-14","","","","033-672-7222","","215-804","강원특별자치도 양양군 양양읍 남문리 82","","","(주)강원여행사","2009-10-15 14:50:53","I","2023-06-13 00:00:00","","","","국내여행업","","","0","","","","","0","0","0","0","","","0","0","","0","0","","0","0","","0","","","","","","","50000000","","","","0","",
"547","국내여행업","03_12_01_P","4351000","CDFI2260012003000001","2003-03-25","","03","폐업","03","폐업","2006-09-15","","","","","","215-823","강원특별자치도 양양군 손양면 동호리 산 281","","","(주)이나라항공","2006-09-22 17:14:02","I","2023-06-13 00:00:00","","","","국내여행업","관광사업","","1","","","","","0","0","0","0","","","0","0","","0","0","","0","33","","0","","","","","","","0","","","","33","",
"548","국내여행업","03_12_01_P","4351000","CDFI2260012005000001","2005-05-31","","03","폐업","03","폐업","2005-12-31","","","","033-671-1447","","215-803","강원특별자치도 양양군 양양읍 성내리 25","","","(주)가고파아이엔지투어라인","2020-01-09 09:55:06","I","2023-06-13 00:00:00","","342036.0219193","509470.362741967","국내여행업","","","0","","","","","0","0","0","0","","","0","0","","0","0","","0","0","","0","","","","","","","50000000","","","","0","",
"549","국내여행업","03_12_01_P","4351000","CDFI2260012007000001","2007-10-04","","03","폐업","03","폐업","2009-10-12","","","","","","215-854","강원특별자치도 양양군 강현면 주청리 15-3","","","(주)해성코리아","2009-10-14 11:38:43","I","2023-06-13 00:00:00","","343068.433826439","513838.870963741","국내여행업","관광사업","일반주거지역","1","기타","","","사무실","1","0","0","0","","","0","0","","0","0","","0","45","","0","","","","","","","52500000","","","","45","",
"550","국내여행업","03_12_01_P","4351000","CDFI2260012009000001","2009-05-27","","03","폐업","03","폐업","2009-10-01","","","","033-672-7222","","","강원특별자치도 양양군 현북면 중광정리 176-2 201동 201호","","","성진이엔아이(주)","2009-10-05 11:47:20","I","2023-06-13 00:00:00","","349877.892272901","504286.824209769","국내여행업","","관리지역","2","아파트지역","","","근린생활시설","2","0","0","0","","","0","0","","0","0","","0","218.88","","0","","","","","","","100000000","","","","219","",
"551","국내여행업","03_12_01_P","4351000","CDFI2260012012000001","2012-02-28","","03","폐업","03","폐업","2019-10-18","","","","672-4113","","215-804","강원특별자치도 양양군 양양읍 남문리","강원특별자치도 양양군 양양읍 남문5길 3","25030","(합)드림여행사","2019-10-18 17:33:03","I","2023-06-13 00:00:00","","342290.953893211","509286.541422963","국내여행업","","","0","","","","","0","0","0","0","","","0","0","","0","0","","0","0","","0","","","","","","","100000000","","","","0","",
"552","국내여행업","03_12_01_P","4351000","CDFI2260012012000002","2012-07-19","","03","폐업","03","폐업","2015-01-08","","","","671-3555","","215-806","강원특별자치도 양양군 양양읍 남문리 158-9","","","합자회사 귀빈여행사사","2015-01-08 13:00:59","I","2023-06-13 00:00:00","","342126.308576094","509133.073502138","국내여행업","","","0","","","","","0","0","0","0","","","0","0","","0","0","","0","0","","0","","","","","","","30000000","","","","0","",
"553","국내여행업","03_12_01_P","4351000","CDFI2260012014000001","2014-11-03","","03","폐업","03","폐업","2017-04-21","","","","","","215-804","강원특별자치도 양양군 양양읍 남문리 85-4","강원특별자치도 양양군 양양읍 양양로 72-1","215-804","(주)해피투게더에서 주식회사 해피투게더호텔앤리조트로 상호변경","2017-04-21 17:28:48","I","2023-06-13 00:00:00","","342186.223816438","509268.611573439","국내여행업","","","0","","","","","0","0","0","0","","","0","0","","0","0","","0","0","","0","","","","","","","30000000","","","","0","",
"554","국내여행업","03_12_01_P","4351000","CDFI2260011989000001","1989-11-02","","01","영업/정상","13","영업중","","","","","033-671-0616","","215-804","강원특별자치도 양양군 양양읍 남문리 47-7","","","(합)뉴동방관광","2009-03-04 09:47:20","I","2023-06-13 00:00:00","","342390.225927737","509321.51808914","국내여행업","","","0","","","","","0","0","0","0","","","0","0","","0","0","","0","0","","0","","","","","","","50000000","","","","0","",
"555","국내여행업","03_12_01_P","4351000","CDFI2260012019000001","2019-05-08","","01","영업/정상","13","영업중","","","","","","","","강원특별자치도 양양군 현남면 인구리 28-25","강원특별자치도 양양군 현남면 인구길 28-25, 2층","25053","양양서핑버스투어","2019-05-22 13:46:36","I","2023-06-13 00:00:00","","354754.171838806","497692.988342192","국내여행업","","","0","","","서울보증보험주식회사","","0","0","0","0","Yangyang Surfing Bus Tour","Domestic Travel Business","0","0","","0","0","","0","0","","0","","","","","","","25000000","20190501","20200430","","0","",
"556","국내여행업","03_12_01_P","4351000","CDFI2260012019000002","2019-09-17","","01","영업/정상","13","영업중","","","","","033-671-4504","","","강원특별자치도 양양군 강현면 정암리 433-2","강원특별자치도 양양군 강현면 동해대로 3451-12","25003","설렘양양 사회적협동조합","2019-09-17 13:18:29","I","2023-06-13 00:00:00","","341071.250274514","517004.349944006","국내여행업","","","0","","","","","0","0","0","0","SEOLLEM YANGYANG SOCIAL COOP","Domestic Travel Business","0","0","","0","0","","0","0","","0","","","","","","","15000000","","","","0","",
"557","국내여행업","03_12_01_P","4351000","CDFI2260012020000001","2020-02-20","","01","영업/정상","13","영업중","","","","","","","","강원특별자치도 양양군 현남면 인구리 636-1 블루비치모델","강원특별자치도 양양군 현남면 인구길 28-25, 블루비치모델","25053","양리단길 여행사","2025-03-12 09:17:48","U","2025-03-14 02:40:00","","354754.171838806","497692.988342192","국내여행업","","","0","","","","","0","0","0","0","","","0","0","","0","0","","0","0","","0","","","","","","","15005126","","","","0","",
"558","국내여행업","03_12_01_P","4351000","CDFI2260012023000001","2023-11-24","","01","영업/정상","13","영업중","","","","","033-672-6775","","","강원특별자치도 양양군 현남면 북분리 산 105-3","강원특별자치도 양양군 현남면 북죽로 110-1, 102호","25052","로마드 협동조합","2024-03-18 15:19:29","U","2024-03-20 02:40:00","","353028.647305216","498962.73618575","국내여행업","","","0","","","","","0","0","0","0","","","0","0","","0","0","","0","0","","0","","","","","","","16000000","","","","0","",
