"번호","개방서비스명","개방서비스아이디","개방자치단체코드","관리번호","인허가일자","인허가취소일자","영업상태구분코드","영업상태명","상세영업상태코드","상세영업상태명","폐업일자","휴업시작일자","휴업종료일자","재개업일자","소재지전화","소재지면적","소재지우편번호","소재지전체주소","도로명전체주소","도로명우편번호","사업장명","최종수정시점","데이터갱신구분","데이터갱신일자","업태구분명","좌표정보x(epsg5174)","좌표정보y(epsg5174)","위생업태명","남성종사자수","여성종사자수","영업장주변구분명","등급구분명","급수시설구분명","총직원수","본사직원수","공장사무직직원수","공장판매직직원수","공장생산직직원수","건물소유구분명","보증액","월세액","다중이용업소여부","시설총규모","전통업소지정번호","전통업소주된음식","홈페이지",
"1","집단급식소","07_21_02_P","4181000","4181000-105-2023-00007","2023-07-25","","01","영업/정상","01","영업","","","","","033255 4680","180.12","","강원특별자치도 춘천시 우두동 1089 춘천우두이지더원시그니처","강원특별자치도 춘천시 우두1길 70, 113동 (우두동, 춘천우두이지더원시그니처)","24221","이지더원어린이집","2024-05-24 10:57:03","U","2024-05-26 02:40:00","어린이집","264679.912044023","489794.047137665","어린이집","0","0","","","","0","0","0","0","0","","0","0","N","65.54","","","",
"2","집단급식소","07_21_02_P","4181000","4181000-105-2011-00018","2011-11-07","","01","영업/정상","01","영업","","","","","033 815 8099","927.99","","강원특별자치도 춘천시 근화동 524-1 한국고용정보센터 5층","강원특별자치도 춘천시 영서로 2491 (근화동)","24238","(주)한국고용정보","2025-06-02 09:11:21","U","2025-06-04 02:40:00","산업체","262530.685197535","486783.215058785","산업체","0","0","","","상수도전용","0","0","0","0","0","","0","0","N","198.9","","","",
"3","집단급식소","07_21_02_P","4181000","4181000-105-2012-00001","2012-01-31","","01","영업/정상","01","영업","","","","","033 251 1555","6.25","","강원특별자치도 춘천시 후평동 755-7 2층","강원특별자치도 춘천시 만천로 247, 2층 (후평동)","24296","꿈나무유치원","2025-03-31 17:58:23","U","2025-04-02 02:40:00","어린이집","266272.767747883","487811.03350069","어린이집","0","0","","","상수도전용","0","0","0","0","0","","0","0","N","6.25","","","",
"4","집단급식소","07_21_02_P","4181000","4181000-105-2012-00002","2012-02-29","","01","영업/정상","01","영업","","","","","033 244 2177","149.85","","강원특별자치도 춘천시 서면 신매리 329-1","강원특별자치도 춘천시 서면 박사로 1348","24460","서상초등학교","2023-03-13 16:56:46","I","2023-06-13 00:00:00","학교","262115.538109662","492044.626488555","학교","0","0","","","상수도전용","0","0","0","0","0","","0","0","N","45.36","","","",
"5","집단급식소","07_21_02_P","4181000","4181000-105-2005-00013","2005-04-19","","01","영업/정상","01","영업","","","","","033 2515530","5.13","","강원특별자치도 춘천시 후평동 868-1","강원특별자치도 춘천시 후만로126번길 4 (후평동)","24307","나래어린이집","2025-10-15 09:22:41","U","2025-10-17 02:40:00","어린이집","266633.463103351","486319.495150196","어린이집","0","0","","","상수도전용","0","0","0","0","0","","0","0","N","5.13","","","",
"6","집단급식소","07_21_02_P","4181000","4181000-105-2005-00014","2005-04-19","","01","영업/정상","01","영업","","","","","033 2526621","10.50","","강원특별자치도 춘천시 우두동 693-1","강원특별자치도 춘천시 충열로7번길 9 (우두동)","24226","사우어린이집","2025-05-16 17:25:47","U","2025-05-18 02:40:00","어린이집","264130.212202534","489011.727674643","어린이집","0","0","","","상수도전용","0","0","0","0","0","","0","0","N","10.5","","","",
"7","집단급식소","07_21_02_P","4181000","4181000-105-2005-00018","2005-04-20","","01","영업/정상","01","영업","","","","","033 2527819","","","강원특별자치도 춘천시 소양로1가 90-1","강원특별자치도 춘천시 후석로 573 (소양로1가)","24248","근화어린이집","2025-07-11 14:56:10","U","2025-07-13 02:40:00","어린이집","264162.33027111","488147.557642902","어린이집","0","0","","","상수도전용","0","0","0","0","0","","0","0","N","0","","","",
"8","집단급식소","07_21_02_P","4181000","4181000-105-2005-00019","2005-04-20","","01","영업/정상","01","영업","","","","","033 2574293","13.80","","강원특별자치도 춘천시 효자동 708-16","강원특별자치도 춘천시 남춘로61번길 20 (효자동)","24372","효자어린이집","2025-06-01 13:21:22","U","2025-06-03 02:40:00","어린이집","264298.470985867","485219.229574791","어린이집","0","0","","","상수도전용","0","0","0","0","0","","0","0","N","13.8","","","",
"9","집단급식소","07_21_02_P","4181000","4181000-105-2017-00013","2017-10-23","","01","영업/정상","01","영업","","","","","","165.00","","강원특별자치도 춘천시 우두동 426-1 외 2필지","강원특별자치도 춘천시 충열로 124, 1층 (우두동)","24227","춘천북부노인복지관","2024-06-28 10:50:42","U","2024-06-30 02:40:00","사회복지시설","264938.096395491","489264.719345188","사회복지시설","0","0","","","상수도전용","0","0","0","0","0","","0","0","N","0","","","",
"10","집단급식소","07_21_02_P","4181000","4181000-105-2017-00014","2017-12-11","","01","영업/정상","01","영업","","","","","033 815 2010","736.64","","강원특별자치도 춘천시 퇴계동 866","강원특별자치도 춘천시 퇴계공단길 72, 다동 3층 (퇴계동)","24427","주식회사 에프엠지","2025-06-01 16:00:52","U","2025-06-03 02:40:00","산업체","264997.255063046","482527.844509136","산업체","0","0","","","상수도전용","0","0","0","0","0","","0","0","N","0","","","",
"11","집단급식소","07_21_02_P","4181000","4181000-105-2017-00015","2017-12-15","","01","영업/정상","01","영업","","","","","033 243 8833","17.76","","강원특별자치도 춘천시 퇴계동 826-5","강원특별자치도 춘천시 백석골길22번길 21-21, 3층 (퇴계동)","24455","이루숲어린이집","2025-06-01 13:24:53","U","2025-06-03 02:40:00","어린이집","263423.590535908","483603.56096001","어린이집","0","0","","","상수도전용","0","0","0","0","0","","0","0","N","17.76","","","",
"12","집단급식소","07_21_02_P","4181000","4181000-105-2018-00001","2018-02-13","","01","영업/정상","01","영업","","","","","033  2547244","136.32","","강원특별자치도 춘천시 효자동 373-90 3층","강원특별자치도 춘천시 근화길 95, 3층 (효자동)","24362","월드비전 춘천종합사회복지관","2021-05-04 14:20:21","I","2023-06-13 00:00:00","사회복지시설","263531.86156987","485534.563221546","사회복지시설","0","0","","","상수도전용","0","0","0","0","0","자가","0","0","N","31.2","","","",
"13","집단급식소","07_21_02_P","4181000","4181000-105-2018-00004","2018-06-11","","01","영업/정상","01","영업","","","","","","154.50","","강원특별자치도 춘천시 신북읍 산천리 342-2 춘천시농업기술센터","강원특별자치도 춘천시 신북읍 신북로 262, 춘천시농업기술센터 농업기술연구동 3층","24203","춘천시농업기술센터","2024-06-28 13:16:58","U","2024-06-30 02:40:00","공공기관","265936.821992945","494330.234537712","공공기관","0","0","","","상수도전용","0","0","0","0","0","","0","0","N","45","","","",
"14","집단급식소","07_21_02_P","4181000","4181000-105-2005-00023","2005-04-21","","01","영업/정상","01","영업","","","","","033 2416621","10.14","","강원특별자치도 춘천시 우두동 700-7","강원특별자치도 춘천시 충열로67번길 38 (우두동)","24226","해나어린이집","2025-05-16 17:40:54","U","2025-05-18 02:40:00","어린이집","264376.679095613","489147.355054714","어린이집","0","0","","","상수도전용","0","0","0","0","0","","0","0","N","10.14","","","",
"15","집단급식소","07_21_02_P","4181000","4181000-105-2005-00026","2005-04-22","","01","영업/정상","01","영업","","","","","033 2572233","10.34","","강원특별자치도 춘천시 퇴계동 257-3","강원특별자치도 춘천시 영서로2151번길 16-11 (퇴계동)","24448","예원유치원","2025-04-01 09:04:18","U","2025-04-03 02:40:00","어린이집","264555.497136884","484016.463180827","어린이집","0","0","","","상수도전용","0","0","0","0","0","","0","0","N","10.34","","","",
"16","집단급식소","07_21_02_P","4181000","4181000-105-2005-00027","2005-04-22","","01","영업/정상","01","영업","","","","","033 2445024","10.53","","강원특별자치도 춘천시 신북읍 율문리 813-1 5리","강원특별자치도 춘천시 신북읍 신북로 99 (5리)","24205","사회복지법인한솔어린이집","2025-05-16 17:41:21","U","2025-05-18 02:40:00","어린이집","265968.324143069","492645.640272946","어린이집","0","0","","","상수도전용","0","0","0","0","0","","0","0","N","10.53","","","",
"17","집단급식소","07_21_02_P","4181000","4181000-105-2005-00028","2005-04-22","","01","영업/정상","01","영업","","","","","033 2420660","17.72","","강원특별자치도 춘천시 신북읍 천전리 993","강원특별자치도 춘천시 신북읍 맥국길 74","24204","사회복지법인진실어린이집","2017-07-18 17:17:05","I","2023-06-13 00:00:00","어린이집","268129.488695341","492941.242405613","어린이집","0","0","","","상수도전용","0","0","0","0","0","","0","0","N","17.72","","","",
"18","집단급식소","07_21_02_P","4181000","4181000-105-2018-00005","2018-06-21","","01","영업/정상","01","영업","","","","","033 253 5000","234.00","","강원특별자치도 춘천시 석사동 166","강원특별자치도 춘천시 영서로 1925-9, 토마스요양병원내 지하1층 (석사동)","24416","토마스요양병원","2024-06-28 14:35:18","U","2024-06-30 02:40:00","병원","266376.227610157","482956.40574868","병원","0","0","","","상수도전용","0","0","0","0","0","","0","0","N","90","","","",
"19","집단급식소","07_21_02_P","4181000","4181000-105-2018-00006","2018-10-12","","01","영업/정상","01","영업","","","","","033  2603120","0.00","","강원특별자치도 춘천시 동산면 원창리 713 국립춘천병원","강원특별자치도 춘천시 동산면 영서로 824, 국립춘천병원 지하1층","24409","국립춘천병원직원식당","2024-11-29 16:54:40","U","2024-12-01 02:40:00","병원","267433.233427234","474628.124982161","병원","0","0","","","전용상수도(특정시설의 자가용 수도)","0","0","0","0","0","","0","0","N","0","","","",
"20","집단급식소","07_21_02_P","4181000","4181000-105-2018-00007","2018-10-29","","01","영업/정상","01","영업","","","","","033 255 0085","86.93","","강원특별자치도 춘천시 효자동 312-1","강원특별자치도 춘천시 공지로 270 (효자동)","24342","베드로병원","2024-06-28 11:30:49","U","2024-06-30 02:40:00","병원","264636.115691457","485077.929690747","병원","0","0","","","상수도전용","0","0","0","0","0","임대","0","0","N","35.25","","","",
"21","집단급식소","07_21_02_P","4181000","4181000-105-2018-00008","2018-11-06","","01","영업/정상","01","영업","","","","","033 241 3000","48.00","","강원특별자치도 춘천시 동내면 거두리 684-1","강원특별자치도 춘천시 동내면 거두길 20-13, 지하1층","24400","춘천다원요양원","2024-06-28 13:31:36","U","2024-06-30 02:40:00","사회복지시설","266984.008739464","484389.498109579","사회복지시설","0","0","","","상수도전용","0","0","0","0","0","","0","0","N","24","","","",
"22","집단급식소","07_21_02_P","4181000","4181000-105-2018-00009","2018-11-16","","01","영업/정상","01","영업","","","","","033 250 4005","308.89","","강원특별자치도 춘천시 옥천동 111-1 춘천시청","강원특별자치도 춘천시 시청길 11, 춘천시청 1층 (옥천동)","24347","춘천시청","2024-06-28 11:29:00","U","2024-06-30 02:40:00","공공기관","","","공공기관","0","0","","","상수도전용","0","0","0","0","0","","0","0","N","81.79","","","",
"23","집단급식소","07_21_02_P","4181000","4181000-105-2019-00001","2019-01-08","","01","영업/정상","01","영업","","","","","033  2535242","47.75","","강원특별자치도 춘천시 근화동 467-4 두미르2차아파트","강원특별자치도 춘천시 소양로 30, 두미르어린이집동 1층 (근화동, 두미르2차아파트)","24275","두미르어린이집","2025-05-14 11:02:15","U","2025-05-16 02:40:00","어린이집","263076.791219031","486365.84553718","어린이집","0","0","","","상수도전용","0","0","0","0","0","","0","0","N","26","","","",
"24","집단급식소","07_21_02_P","4181000","4181000-105-2019-00003","2019-02-22","","01","영업/정상","01","영업","","","","","033 850 8063","904.00","","강원특별자치도 춘천시 효자동 192-1 강원대학교","강원특별자치도 춘천시 강원대학길 1, 강원대학교 이룸관동 1층 (효자동)","24341","강원대학교이룸관식당","2025-04-01 10:57:19","U","2025-04-03 02:40:00","기숙사","265481.557982219","485420.871953344","기숙사","0","0","","","상수도전용","0","0","0","0","0","자가","0","0","N","273.05","","","",
"25","집단급식소","07_21_02_P","4181000","4181000-105-2019-00004","2019-02-25","","01","영업/정상","01","영업","","","","","033 248 6013","130.00","","강원특별자치도 춘천시 신북읍 산천리 5","강원특별자치도 춘천시 신북읍 장본길 40, 1층","24203","강원도농업기술원","2024-06-28 13:18:57","U","2024-06-30 02:40:00","공공기관","","","공공기관","0","0","","","상수도전용","0","0","0","0","0","","0","0","N","130","","","",
"26","집단급식소","07_21_02_P","4181000","4181000-105-2009-00008","2009-11-11","","01","영업/정상","01","영업","","","","","033 258 4037","233.10","","강원특별자치도 춘천시 효자동 692-10","강원특별자치도 춘천시 공지로 337 (효자동)","24365","한국토지주택공사 강원지역본부","2024-06-28 11:34:24","U","2024-06-30 02:40:00","공공기관","264038.65536368","485416.333853593","공공기관","0","0","","","상수도전용","0","0","0","0","0","","0","0","N","233.1","","","",
"27","집단급식소","07_21_02_P","4181000","4181000-105-2010-00002","2010-02-05","","01","영업/정상","01","영업","","","","","033 240 7555","223.72","","강원특별자치도 춘천시 동면 만천리 811-5","강원특별자치도 춘천시 동면 세실로 252","24216","춘천시노인전문병원","2025-06-09 15:27:12","U","2025-06-12 02:40:00","병원","266472.713057028","486655.634360717","병원","0","0","","","상수도전용","0","0","0","0","0","","0","0","N","156.78","","","",
"28","집단급식소","07_21_02_P","4181000","4181000-105-2010-00003","2010-02-16","","01","영업/정상","01","영업","","","","","033 248 5501","0.00","","강원특별자치도 춘천시 서면 금산리 583","강원특별자치도 춘천시 서면 박사로 1025","24461","강원애니고등학교","2023-03-13 17:04:40","I","2023-06-13 00:00:00","학교","261455.028568604","489543.553689584","학교","0","0","","","상수도전용","0","0","0","0","0","","0","0","N","0","","","",
"29","집단급식소","07_21_02_P","4181000","4181000-105-2010-00004","2010-02-24","","01","영업/정상","01","영업","","","","","033 258 4602","","","강원특별자치도 춘천시 동면 장학리 산 36","강원특별자치도 춘천시 동면 장학길 24, 1,2층","24210","강원고등학교","2017-07-18 18:12:06","I","2023-06-13 00:00:00","학교","266490.215589284","488429.28879245","학교","0","0","","","상수도전용","0","0","0","0","0","","0","0","N","0","","","",
"30","집단급식소","07_21_02_P","4181000","4181000-105-2010-00005","2010-03-02","","01","영업/정상","01","영업","","","","","070 86607500","","","강원특별자치도 춘천시 낙원동 45-1","강원특별자치도 춘천시 학당길 28 (낙원동)","24274","성수고등학교","2018-03-02 16:00:04","I","2023-06-13 00:00:00","학교","263669.353451883","486651.972063878","학교","0","0","","","상수도전용","0","0","0","0","0","","0","0","N","0","","","",
"31","집단급식소","07_21_02_P","4181000","4181000-105-2010-00006","2010-03-05","","01","영업/정상","01","영업","","","","","033 571 8042","250.00","","강원특별자치도 춘천시 퇴계동 144-1 홈플러스 춘천점","강원특별자치도 춘천시 김유정로 1840 (퇴계동, 홈플러스춘천점)","24423","홈플러스주식회사","2025-06-01 13:54:16","U","2025-06-03 02:40:00","산업체","264597.191878957","483368.29049207","산업체","0","0","","","상수도전용","0","0","0","0","0","자가","0","0","N","250","","","",
"32","집단급식소","07_21_02_P","4181000","4181000-105-2010-00009","2010-04-22","","01","영업/정상","01","영업","","","","","033 241 9540","139.20","","강원특별자치도 춘천시 신북읍 산천리 342-5","강원특별자치도 춘천시 신북읍 신북로 265","24203","소양강댐노인복지관","2024-06-28 13:12:48","U","2024-06-30 02:40:00","사회복지시설","265784.523798662","494200.932554045","사회복지시설","0","0","","","상수도전용","0","0","0","0","0","","0","0","N","139.2","","","",
"33","집단급식소","07_21_02_P","4181000","4181000-105-2010-00011","2010-07-23","","01","영업/정상","01","영업","","","","","033 244 7591","220.42","","강원특별자치도 춘천시 서면 현암리 531-1 1층","강원특별자치도 춘천시 서면 박사로 785","24461","행복이가득한집","2024-06-28 14:42:56","U","2024-06-30 02:40:00","사회복지시설","260308.823467587","487560.442909317","사회복지시설","0","0","","","상수도전용","0","0","0","0","0","","0","0","N","0","","","",
"34","집단급식소","07_21_02_P","4181000","4181000-105-2010-00012","2010-08-12","","01","영업/정상","01","영업","","","","","033 263 8275","42.24","","강원특별자치도 춘천시 서면 안보리 312","강원특별자치도 춘천시 서면 율장길 328","24463","의료법인매그너스의료재단 암스트롱요양병원","2025-01-23 17:23:45","U","2025-01-25 02:40:00","병원","251297.162611282","485018.162573848","병원","0","0","","","지하수전용","0","0","0","0","0","자가","0","0","N","15.84","","","",
"35","집단급식소","07_21_02_P","4181000","4181000-105-2010-00013","2010-08-18","","01","영업/정상","01","영업","","","","","033 253 3012","0.00","","강원특별자치도 춘천시 우두동 399-5 외1필지","강원특별자치도 춘천시 충열로 60 (우두동, 외1필지)","24228","강원명진학교","2017-07-18 18:12:49","I","2023-06-13 00:00:00","학교","264574.496765352","488760.926225357","학교","0","0","","","상수도전용","0","0","0","0","0","","0","0","N","0","","","",
"36","집단급식소","07_21_02_P","4181000","4181000-105-2010-00016","2010-09-16","","01","영업/정상","01","영업","","","","","033 262 3155","157.90","","강원특별자치도 춘천시 남산면 강촌리 641-4","강원특별자치도 춘천시 남산면 북한강변길 812-39","24465","서울시립대학교강촌청소년수련원","2019-06-19 14:54:24","I","2023-06-13 00:00:00","수련원","252654.628477044","480366.024463474","수련원","0","0","","","지하수전용","0","0","0","0","0","자가","0","0","N","27.48","","","",
"37","집단급식소","07_21_02_P","4181000","4181000-105-2015-00007","2015-06-12","","01","영업/정상","01","영업","","","","","033 264 8789","0.00","","강원특별자치도 춘천시 남면 한덕리 25","강원특별자치도 춘천시 남면 한덕발산길 958","24469","사회복지법인 한아름 강촌노인요양원","2024-06-28 14:46:20","U","2024-06-30 02:40:00","사회복지시설","255772.262222989","468830.309276924","사회복지시설","0","0","","","지하수전용","0","0","0","0","0","","0","0","N","0","","","",
"38","집단급식소","07_21_02_P","4181000","4181000-105-2015-00009","2015-07-28","","01","영업/정상","01","영업","","","","","033 250 5000","221.40","","강원특별자치도 춘천시 동산면 군자리 산 54-4","강원특별자치도 춘천시 동산면 새술막길 438","24409","주식회사 이도 춘천지점","2025-03-17 17:28:32","U","2025-03-19 02:40:00","산업체","265805.968329514","475054.419448373","산업체","0","0","","","전용상수도(특정시설의 자가용 수도)","0","0","0","0","0","","0","0","N","0","","","",
"39","집단급식소","07_21_02_P","4181000","4181000-105-2015-00010","2015-10-21","","01","영업/정상","01","영업","","","","","033 243 4964","","","강원특별자치도 춘천시 효자동 126-193","강원특별자치도 춘천시 둥지길 41 (효자동)","24331","꼬마숲 둥지어린이집","2017-06-13 09:58:53","I","2023-06-13 00:00:00","어린이집","264900.370825972","485823.834854691","어린이집","0","0","","","상수도전용","0","0","0","0","0","","0","0","N","0","","","",
"40","집단급식소","07_21_02_P","4181000","4181000-105-2016-00002","2016-02-17","","01","영업/정상","01","영업","","","","","070 75008572","961.80","","강원특별자치도 춘천시 동면 장학리 790 한림성심대학교","강원특별자치도 춘천시 동면 장학길 48, 한림성심대학교 학생복지관 2층","24210","한림성심대학교","2025-04-01 09:02:49","U","2025-04-03 02:40:00","기숙사","266407.832643172","488651.076682385","기숙사","0","0","","","상수도전용","0","0","0","0","0","","0","0","N","0","","","",
"41","집단급식소","07_21_02_P","4181000","4181000-105-2016-00003","2016-04-07","","01","영업/정상","01","영업","","","","","033 248 1129","375.62","","강원특별자치도 춘천시 옥천동 1-1","강원특별자치도 춘천시 한림대학길 1, 3층 (옥천동, 학생회관(김유정관))","24252","한림대학교파인점","2025-04-01 09:03:25","U","2025-04-03 02:40:00","학교","264602.141926602","487386.633309595","학교","0","0","","","상수도전용","0","0","0","0","0","","0","0","N","0","","","",
"42","집단급식소","07_21_02_P","4181000","4181000-105-2016-00004","2016-06-27","","01","영업/정상","01","영업","","","","","033 255 0880","156.90","","강원특별자치도 춘천시 후평동 1-5","강원특별자치도 춘천시 후만로 129, 3층 (후평동)","24301","후평숲속유치원","2025-03-31 18:00:30","U","2025-04-02 02:40:00","어린이집","266657.242353338","486437.941051291","어린이집","0","0","","","상수도전용","0","0","0","0","0","임대","0","0","N","29.7","","","",
"43","집단급식소","07_21_02_P","4181000","4181000-105-2016-00006","2016-09-05","","01","영업/정상","01","영업","","","","","033 263 6004","119.88","","강원특별자치도 춘천시 퇴계동 857","강원특별자치도 춘천시 퇴계농공로 76, B동 2층 (퇴계동)","24427","세린식품(주)","2025-06-01 16:00:09","U","2025-06-03 02:40:00","산업체","265273.488231511","482942.342963703","산업체","0","0","","","상수도전용","0","0","0","0","0","","0","0","N","34.56","","","",
"44","집단급식소","07_21_02_P","4181000","4181000-105-2016-00007","2016-09-12","","01","영업/정상","01","영업","","","","","02  62335891","37.40","","강원특별자치도 춘천시 남산면 수동리 736","강원특별자치도 춘천시 남산면 버들1길 130, 9동 1층","24465","아이존어린이집","2021-08-10 09:38:58","I","2023-06-13 00:00:00","어린이집","256039.253067208","472870.259519218","어린이집","0","0","","","상수도전용","0","0","0","0","0","","0","0","N","37.4","","","",
"45","집단급식소","07_21_02_P","4181000","4181000-105-2017-00001","2017-02-13","","01","영업/정상","01","영업","","","","","033 255 2435","17.00","","강원특별자치도 춘천시 온의동 590 롯데캐슬스카이클래스 106동","강원특별자치도 춘천시 방송길 70, 106동 1층 (온의동, 롯데캐슬스카이클래스)","24363","롯데스카이어린이집","2025-05-16 17:56:04","U","2025-05-18 02:40:00","어린이집","263147.153512908","485489.588263733","어린이집","0","0","","","상수도전용","0","10","0","0","0","","0","0","N","11","","","",
"46","집단급식소","07_21_02_P","4181000","4181000-105-2017-00002","2017-02-16","","01","영업/정상","01","영업","","","","","033 262 0303","111.78","","강원특별자치도 춘천시 석사동 171-8","강원특별자치도 춘천시 스무숲길 4-51, 1층 (석사동)","24417","춘천시립양로원","2024-06-28 14:34:18","U","2024-06-30 02:40:00","사회복지시설","265713.451557895","482820.421569114","사회복지시설","0","0","","","상수도전용","0","0","0","0","0","","0","0","N","38.88","","","",
"47","집단급식소","07_21_02_P","4181000","4181000-105-2017-00003","2017-02-23","","01","영업/정상","01","영업","","","","","","207.90","","강원특별자치도 춘천시 남면 가정리 838-1","강원특별자치도 춘천시 남면 여우내길 20","24468","가정중학교","2017-08-11 17:43:49","I","2023-06-13 00:00:00","학교","250842.80908786","470640.203147891","학교","0","0","","","상수도전용","0","0","0","0","0","","0","0","N","75.6","","","",
"48","집단급식소","07_21_02_P","4181000","4181000-105-2017-00004","2017-02-24","","01","영업/정상","01","영업","","","","","033  8184980","177.55","","강원특별자치도 춘천시 동면 만천리 180-3","강원특별자치도 춘천시 동면 금베이길 15-7","24212","만천유치원","2025-04-01 13:42:11","U","2025-04-03 02:40:00","어린이집","268551.39491677","486219.603101294","어린이집","0","0","","","상수도전용","0","0","0","0","0","","0","0","N","73.65","","","",
"49","집단급식소","07_21_02_P","4181000","4181000-105-2017-00005","2017-03-02","","01","영업/정상","01","영업","","","","","033 244 5586","89.55","","강원특별자치도 춘천시 동면 만천리 560","강원특별자치도 춘천시 동면 만천로143번길 84","24217","강원경찰청어린이집","2024-11-29 16:52:09","U","2024-12-01 02:40:00","어린이집","267190.023380507","486430.637147831","어린이집","0","0","","","상수도전용","0","0","0","0","0","","0","0","N","42.75","","","",
"50","집단급식소","07_21_02_P","4181000","4181000-105-2017-00006","2017-03-02","","01","영업/정상","01","영업","","","","","033 818 4990","186.00","","강원특별자치도 춘천시 신동면 팔미리 5","강원특별자치도 춘천시 신동면 경춘로 2007","24411","봄봄유치원","2025-04-01 10:59:32","U","2025-04-03 02:40:00","어린이집","262563.630569956","481610.319116051","어린이집","0","0","","","상수도전용","0","0","0","0","0","","0","0","N","58.06","","","",
"51","집단급식소","07_21_02_P","4181000","4181000-105-2017-00008","2017-03-30","","01","영업/정상","01","영업","","","","","033 254 5120","468.61","","강원특별자치도 춘천시 효자동 590-1","강원특별자치도 춘천시 춘천로 61 (효자동)","24362","춘천경찰서구내식당","2024-06-28 11:34:58","U","2024-06-30 02:40:00","공공기관","263599.247252928","485532.132798472","공공기관","0","0","","","상수도전용","0","0","0","0","0","","0","0","N","101","","","",
"52","집단급식소","07_21_02_P","4181000","4181000-105-2017-00009","2017-06-20","","01","영업/정상","01","영업","","","","","033 255 2491","118.44","","강원특별자치도 춘천시 사농동 105-5","강원특별자치도 춘천시 사우로 27, 가동 3층 (사농동, 강원도장애인복지회관)","24223","강원도장애인종합복지관","2017-06-20 10:40:40","I","2023-06-13 00:00:00","사회복지시설","263897.87681374","489744.127305826","사회복지시설","0","0","","","상수도전용","0","0","0","0","0","","0","0","N","37.8","","","",
"53","집단급식소","07_21_02_P","4181000","4181000-105-2021-00001","2021-02-26","","01","영업/정상","01","영업","","","","","070 43295404","1106.88","","강원특별자치도 춘천시 퇴계동 1238 퇴계초중학교","강원특별자치도 춘천시 안마산로 123, 퇴계중학교 1층 (퇴계동)","24448","퇴계중학교","2023-03-03 10:11:18","I","2023-06-13 00:00:00","학교","264349.179902082","483982.75298546","학교","0","0","","","상수도전용","0","0","0","0","0","","0","0","N","388.38","","","",
"54","집단급식소","07_21_02_P","4181000","4181000-105-2021-00002","2021-03-15","","01","영업/정상","01","영업","","","","","033 253 2226","133.60","","강원특별자치도 춘천시 조양동 6-227","강원특별자치도 춘천시 시청길 32, 해찬빌딩 2층 (조양동)","24348","어사통합복지센터","2025-01-08 10:04:24","U","2025-01-10 02:40:00","사회복지시설","264256.518818601","486741.3242034","사회복지시설","0","0","","","상수도전용","0","0","0","0","0","","0","0","N","28","","","",
"55","집단급식소","07_21_02_P","4181000","4181000-105-2021-00003","2021-03-31","","01","영업/정상","01","영업","","","","","033 242 0051","0.00","","강원특별자치도 춘천시 후평동 899 석사3아파트","강원특별자치도 춘천시 후석로228번길 47, 1층 (후평동, 석사3아파트)","24309","춘천종합사회복지관","2024-06-28 11:48:59","U","2024-06-30 02:40:00","사회복지시설","266486.95579791","485717.826747467","사회복지시설","0","0","","","상수도전용","0","0","0","0","0","","0","0","N","0","","","",
"56","집단급식소","07_21_02_P","4181000","4181000-105-2021-00004","2021-05-25","","01","영업/정상","01","영업","","","","","033 255 4330","241.02","","강원특별자치도 춘천시 삼천동 796 춘천파크자이","강원특별자치도 춘천시 스포츠타운길 460, 관리동 (삼천동, 춘천파크자이)","24472","숲속자이어린이집","2025-06-01 13:41:13","U","2025-06-03 02:40:00","어린이집","262236.027353812","485157.316438971","어린이집","0","0","","","상수도전용","0","0","0","0","0","임대","0","0","N","38.28","","","",
"57","집단급식소","07_21_02_P","4181000","4181000-105-2021-00005","2021-06-01","","01","영업/정상","01","영업","","","","","033 251 0513","393.00","","강원특별자치도 춘천시 우두동 1085 춘천우두엘에이치2단지","강원특별자치도 춘천시 우두1길 129 (우두동, 춘천우두엘에이치2단지)","24221","봄내우두어린이집","2025-06-01 16:07:30","U","2025-06-03 02:40:00","어린이집","264588.170839031","490159.948079806","어린이집","0","0","","","상수도전용","0","0","0","0","0","","0","0","N","393","","","",
"58","집단급식소","07_21_02_P","4181000","4181000-105-2021-00006","2021-10-05","","01","영업/정상","01","영업","","","","","","351.00","","강원특별자치도 춘천시 온의동 6-25 롯데마트","강원특별자치도 춘천시 방송길 84, 롯데마트 3층 (온의동)","24364","롯데쇼핑(주)롯데마트춘천점","2025-06-02 09:12:48","U","2025-06-04 02:40:00","산업체","263109.175778889","485355.40305733","산업체","0","0","","","","0","351","0","0","0","","0","0","N","351","","","",
"59","집단급식소","07_21_02_P","4181000","4181000-105-2021-00007","2021-10-08","","01","영업/정상","01","영업","","","","","033 260 7700","150.00","","강원특별자치도 춘천시 석사동 27-2 롯데마트 석사점","강원특별자치도 춘천시 세실로 108, 롯데마트 석사점 3층 (석사동)","24315","롯데쇼핑(주)롯데마트석사점","2025-04-29 15:26:42","U","2025-05-01 02:40:00","산업체","266737.880921009","485159.020559127","산업체","0","0","","","상수도전용","0","0","0","0","0","","0","0","N","150","","","",
"60","집단급식소","07_21_02_P","4181000","4181000-105-2021-00008","2021-10-15","","01","영업/정상","01","영업","","","","","033  2910993","54.95","","강원특별자치도 춘천시 효자동 654-3","강원특별자치도 춘천시 춘천로 188, 10층 (효자동)","24329","춘천365다담은한방병원","2024-06-28 11:31:19","U","2024-06-30 02:40:00","병원","264625.007546706","486195.45439825","병원","0","0","","","상수도전용","0","0","0","0","0","임대","0","0","N","29.5","","","",
"61","집단급식소","07_21_02_P","4181000","4181000-105-2022-00001","2022-01-17","","01","영업/정상","01","영업","","","","","033 243 1881","125.70","","강원특별자치도 춘천시 사농동 429-1","강원특별자치도 춘천시 윗가래목길 9-25, 1층 (사농동)","24235","새날요양원","2024-06-28 11:02:03","U","2024-06-30 02:40:00","병원","263375.615926685","490034.517568506","병원","0","0","","","상수도전용","0","0","0","0","0","","0","0","N","38.61","","","",
"62","집단급식소","07_21_02_P","4181000","4181000-105-2022-00003","2022-03-10","","01","영업/정상","01","영업","","","","","","338.51","","강원특별자치도 춘천시 중도동 460","","","레고시티직원식당","2025-10-02 15:13:59","U","2025-10-05 02:40:00","산업체","261283.37742526","487277.678825048","산업체","0","0","","","상수도전용","0","0","0","0","0","","0","0","N","338.51","","","",
"63","집단급식소","07_21_02_P","4181000","4181000-105-2022-00004","2022-03-11","","01","영업/정상","01","영업","","","","","033 257 3974","119.31","","강원특별자치도 춘천시 교동 36","강원특별자치도 춘천시 삭주로 3-1 (교동)","24264","아름자라기사회적협동조합 춘천시청어린이집","2025-06-01 16:07:46","U","2025-06-03 02:40:00","어린이집","264442.14228737","486866.530929748","어린이집","0","0","","","","0","0","0","0","0","","0","0","N","47.22","","","",
"64","집단급식소","07_21_02_P","4181000","4181000-105-2022-00005","2022-05-30","","01","영업/정상","01","영업","","","","","033 244 7732","0.00","","강원특별자치도 춘천시 온의동 591 춘천센트럴파크푸르지오","강원특별자치도 춘천시 스포츠타운길 501, 125동 1층 (온의동, 춘천센트럴파크푸르지오)","24430","파크푸르지오 어린이집","2025-06-01 13:41:58","U","2025-06-03 02:40:00","어린이집","262505.073730135","485311.518733392","어린이집","0","0","","","","0","0","0","0","0","","0","0","N","0","","","",
"65","집단급식소","07_21_02_P","4181000","4181000-105-2023-00002","2023-02-22","","01","영업/정상","01","영업","","","","","","773.42","","강원특별자치도 춘천시 신북읍 유포리 436-22","","","분청간부식당","2024-12-27 11:49:38","U","2024-12-29 02:40:00","공공기관","267492.840296658","493423.266957525","공공기관","0","0","","","","0","0","0","0","0","","0","0","N","136.04","","","",
"66","집단급식소","07_21_02_P","4181000","4181000-105-2023-00003","2023-02-28","","01","영업/정상","01","영업","","","","","","375.55","","강원특별자치도 춘천시 후평동 480-64 강원대학교사범대학부설고등학교","강원특별자치도 춘천시 서부대성로 257, 강원대학교사범대학부설고등학교 1층 (후평동)","24286","강원대학교병원어린이집","2025-06-01 13:42:42","U","2025-06-03 02:40:00","어린이집","265854.719148981","485722.640950977","어린이집","0","0","","","","0","0","0","0","0","","0","0","N","91.69","","","",
"67","집단급식소","07_21_02_P","4181000","4181000-105-2023-00004","2023-03-07","","01","영업/정상","01","영업","","","","","","134.95","","강원특별자치도 춘천시 동면 만천리 589-14","강원특별자치도 춘천시 동면 만천로 77, 1, 2층","24217","다사랑실버케어","2024-06-28 11:39:26","U","2024-06-30 02:40:00","사회복지시설","267236.378929053","486611.935867348","사회복지시설","0","0","","","","0","0","0","0","0","","0","0","N","33.99","","","",
"68","집단급식소","07_21_02_P","4181000","4181000-105-2023-00005","2023-03-17","","01","영업/정상","01","영업","","","","","","254.43","","강원특별자치도 춘천시 온의동 601 춘천 센트럴타워 푸르지오","강원특별자치도 춘천시 방송길 77, 관리동 1층 (온의동, 춘천 센트럴타워 푸르지오)","24363","타워푸르지오어린이집","2023-08-07 16:07:47","U","2023-08-09 02:40:00","어린이집","263345.431242431","485397.525389929","어린이집","0","0","","","","0","0","0","0","0","","0","0","N","62.9","","","",
"69","집단급식소","07_21_02_P","4181000","4181000-105-2007-00012","2007-08-29","","01","영업/정상","01","영업","","","","","033 255 6041","885.37","","강원특별자치도 춘천시 교동 93-37 유봉여자고등학교","강원특별자치도 춘천시 봉의산길22번길 28, 유봉여자고등학교 12동 1층 (교동)","24263","유봉여자고등학교","2021-03-04 17:43:08","I","2023-06-13 00:00:00","학교","264576.949346735","487129.943442861","학교","0","0","","","상수도전용","0","0","0","0","0","","0","0","N","0","","","",
"70","집단급식소","07_21_02_P","4181000","4181000-105-2007-00015","2007-12-11","","01","영업/정상","01","영업","","","","","033 256 1186","24.00","","강원특별자치도 춘천시 동면 장학리 648-55","강원특별자치도 춘천시 동면 소양강로 238","24210","다은어린이집","2017-07-18 17:02:44","I","2023-06-13 00:00:00","어린이집","265810.021077819","489772.790279024","어린이집","0","0","","","상수도전용","0","0","0","0","0","자가","0","0","N","24","","","",
"71","집단급식소","07_21_02_P","4181000","4181000-105-2008-00004","2008-06-05","","01","영업/정상","01","영업","","","","","070 49492897","0.00","","강원특별자치도 춘천시 동내면 거두리 1153","강원특별자치도 춘천시 동내면 거두단지2길 60","24398","일동후디스(주)","2025-06-01 13:53:16","U","2025-06-03 02:40:00","산업체","268830.238891791","485195.41388557","산업체","0","0","","","상수도전용","0","0","0","0","0","","0","0","N","0","","","",
"72","집단급식소","07_21_02_P","4181000","4181000-105-2008-00005","2008-10-22","","01","영업/정상","01","영업","","","","","033 251 9911","327.60","","강원특별자치도 춘천시 삼천동 789-1 춘천호반요양병원","강원특별자치도 춘천시 옛경춘로 663 (삼천동, 춘천호반요양병원)","24239","춘천호반요양병원","2024-06-28 14:53:48","U","2024-06-30 02:40:00","병원","262179.991029736","484053.913065895","병원","0","0","","","지하수전용","0","0","0","0","0","자가","0","0","N","327.6","","","",
"73","집단급식소","07_21_02_P","4181000","4181000-105-2009-00001","2009-01-02","","01","영업/정상","01","영업","","","","","033 262 4438","53.00","","강원특별자치도 춘천시 남산면 수동리 584","강원특별자치도 춘천시 남산면 추곡고개2길 90","24465","춘천원광효도의집","2024-06-28 14:47:01","U","2024-06-30 02:40:00","사회복지시설","257455.787297743","473713.443788778","사회복지시설","0","0","","","지하수전용","0","0","0","0","0","","0","0","N","53","","","",
"74","집단급식소","07_21_02_P","4181000","4181000-105-2009-00002","2009-02-18","","01","영업/정상","01","영업","","","","","070 82283412","1675.06","","강원특별자치도 춘천시 효자동 192-1 BTL생활관식당","강원특별자치도 춘천시 강원대학길 1 (효자동, BTL생활관식당)","24341","강원대학교 BTL기숙사식당","2025-04-01 10:58:35","U","2025-04-03 02:40:00","기숙사","265481.557982219","485420.871953344","기숙사","0","0","","","상수도전용","0","0","0","0","0","","0","0","N","760.3","","","",
"75","집단급식소","07_21_02_P","4181000","4181000-105-2009-00003","2009-02-19","","01","영업/정상","01","영업","","","","","070 82287213","648.44","","강원특별자치도 춘천시 석사동 339","강원특별자치도 춘천시 공지로 126 (석사동)","24328","춘천교육대학교기숙사식당","2025-04-01 13:40:45","U","2025-04-03 02:40:00","기숙사","265831.097866827","484368.23347021","기숙사","0","0","","","상수도전용","0","0","0","0","0","","0","0","N","198.64","","","",
"76","집단급식소","07_21_02_P","4181000","4181000-105-2009-00006","2009-03-18","","01","영업/정상","01","영업","","","","","033 260 0500","463.03","","강원특별자치도 춘천시 남면 가정리 1256","강원특별자치도 춘천시 남면 약암길 109","24468","한화제약(주)","2025-06-02 09:54:17","U","2025-06-04 02:40:00","산업체","249780.870802208","472527.593268109","산업체","0","0","","","상수도전용","0","0","0","0","0","","0","0","N","0","","","",
"77","집단급식소","07_21_02_P","4181000","4181000-105-2009-00007","2009-09-15","","01","영업/정상","01","영업","","","","","033 242 3203","123.48","","강원특별자치도 춘천시 신북읍 산천리 345-4","강원특별자치도 춘천시 신북읍 신북로 255","24203","홈에버그린","2024-06-28 13:12:14","U","2024-06-30 02:40:00","사회복지시설","265813.600117606","494093.958794051","사회복지시설","0","0","","","상수도전용","0","0","0","0","0","","0","0","N","123.48","","","",
"78","집단급식소","07_21_02_P","4181000","4181000-105-2014-00001","2014-01-22","","01","영업/정상","01","영업","","","","","033 255 0544","836.48","","강원특별자치도 춘천시 운교동 179-7","강원특별자치도 춘천시 금강로 119 (운교동)","24329","정훈실버빌","2024-06-28 11:25:06","U","2024-06-30 02:40:00","사회복지시설","264399.561478737","486166.51735473","사회복지시설","0","0","","","상수도전용","0","0","0","0","0","","0","0","N","473.46","","","",
"79","집단급식소","07_21_02_P","4181000","4181000-105-2014-00003","2014-02-26","","01","영업/정상","01","영업","","","","","070 44137795","21.88","","강원특별자치도 춘천시 우두동 82","강원특별자치도 춘천시 우두상리4길 38 (우두동)","24220","두란노유치원","2025-03-31 17:59:17","U","2025-04-02 02:40:00","어린이집","265308.019548637","490260.712799687","어린이집","0","0","","","상수도전용","0","0","0","0","0","자가","0","0","N","21.88","","","",
"80","집단급식소","07_21_02_P","4181000","4181000-105-2014-00004","2014-04-15","","01","영업/정상","01","영업","","","","","033 264 7003","56.13","","강원특별자치도 춘천시 동내면 고은리 514","강원특별자치도 춘천시 동내면 동내로 168","24407","꿈에그린유치원","2025-04-01 10:56:35","U","2025-04-03 02:40:00","어린이집","267650.502898621","483293.348246857","어린이집","0","0","","","상수도전용","0","0","0","0","0","","0","0","N","20.44","","","",
"81","집단급식소","07_21_02_P","4181000","4181000-105-2014-00005","2014-04-22","","01","영업/정상","01","영업","","","","","033 264 0589","18.00","","강원특별자치도 춘천시 동내면 거두리 850-3","강원특별자치도 춘천시 동내면 외솔길19번길 25","24400","자람어린이집","2024-05-24 11:00:17","U","2024-05-26 02:40:00","어린이집","266177.44222575","484156.206398025","어린이집","0","0","","","상수도전용","0","0","0","0","0","","0","0","N","18","","","",
"82","집단급식소","07_21_02_P","4181000","4181000-105-2014-00008","2014-05-30","","01","영업/정상","01","영업","","","","","033 253 5577","16.12","","강원특별자치도 춘천시 소양로2가 102 이편한세상춘천","강원특별자치도 춘천시 서부대성로 33 (소양로2가, 이편한세상춘천)","24269","시립 진심어린이집","2025-06-01 16:06:44","U","2025-06-03 02:40:00","어린이집","263878.241313981","487229.601235969","어린이집","0","0","","","상수도전용","0","0","0","0","0","","0","0","N","16.12","","","",
"83","집단급식소","07_21_02_P","4181000","4181000-105-2014-00010","2014-07-25","","01","영업/정상","01","영업","","","","","070 82503263","155.00","","강원특별자치도 춘천시 퇴계동 860-4 3층","강원특별자치도 춘천시 퇴계농공로 118, 3층 (퇴계동)","24427","(주)베베쿡","2025-06-01 13:56:25","U","2025-06-03 02:40:00","산업체","265035.065252227","482597.730738469","산업체","0","0","","","상수도전용","0","0","0","0","0","","0","0","N","155","","","",
"84","집단급식소","07_21_02_P","4181000","4181000-105-2014-00012","2014-09-30","","01","영업/정상","01","영업","","","","","033 261 1907","53.90","","강원특별자치도 춘천시 동내면 거두리 1145","강원특별자치도 춘천시 동내면 거두단지길 55","24398","지텍빌리지 어린이집","2017-07-18 16:48:09","I","2023-06-13 00:00:00","어린이집","268742.927387737","485345.077885183","어린이집","0","0","","","상수도전용","0","9","0","0","0","","0","0","N","23.1","","","",
"85","집단급식소","07_21_02_P","4181000","4181000-105-2014-00013","2014-11-21","","01","영업/정상","01","영업","","","","","","952.00","","강원특별자치도 춘천시 동면 만천리 1010 연구동(4층)","강원특별자치도 춘천시 동면 순환대로 1154-77, 4층 (연구동)","24212","네이버지식정보캠퍼스","2025-06-02 09:51:35","U","2025-06-04 02:40:00","산업체","268191.328460205","487714.676799161","산업체","0","0","","","상수도전용","0","0","0","0","0","","0","0","N","0","","","",
"86","집단급식소","07_21_02_P","4181000","4181000-105-2015-00002","2015-02-27","","01","영업/정상","01","영업","","","","","033 245 7202","599.04","","강원특별자치도 춘천시 동면 장학리 990","강원특별자치도 춘천시 동면 춘천로449번길 33","24209","장학초등학교","2017-07-18 18:13:59","I","2023-06-13 00:00:00","학교","266118.00592703","488324.261834559","학교","0","0","","","상수도전용","0","0","0","0","0","","0","0","N","266.76","","","",
"87","집단급식소","07_21_02_P","4181000","4181000-105-2015-00003","2015-02-27","","01","영업/정상","01","영업","","","","","033 2568416","15.19","","강원특별자치도 춘천시 후평동 899","강원특별자치도 춘천시 후석로228번길 24 (후평동)","24311","춘천유치원","2025-03-31 17:59:46","U","2025-04-02 02:40:00","어린이집","266486.95579791","485717.826747467","어린이집","0","0","","","상수도전용","0","1","0","0","0","","0","0","N","15.19","","","",
"88","집단급식소","07_21_02_P","4181000","4181000-105-2015-00004","2015-03-18","","01","영업/정상","01","영업","","","","","033 245 7000","156.94","","강원특별자치도 춘천시 동산면 조양리 산 199 라비에벨 컨트리클럽","강원특별자치도 춘천시 동산면 종자리로 436, 라비에벨 컨트리클럽","24410","라비에벨CC사원식당","2025-06-02 09:57:22","U","2025-06-04 02:40:00","산업체","266801.723069835","471255.505860593","산업체","0","0","","","전용상수도(특정시설의 자가용 수도)","0","0","0","0","0","","0","0","N","45.75","","","",
"89","집단급식소","07_21_02_P","4181000","4181000-105-2015-00005","2015-04-06","","01","영업/정상","01","영업","","","","","033 253 4680","","","강원특별자치도 춘천시 동면 감정리 989","강원특별자치도 춘천시 동면 소양강로 100 (LH장학1단지 106동)","24209","장학어린이집","2019-02-12 15:18:33","I","2023-06-13 00:00:00","어린이집","266007.923047485","488388.750760334","어린이집","0","0","","","상수도전용","0","0","0","0","0","","0","0","N","0","","","",
"90","집단급식소","07_21_02_P","4181000","4181000-105-2007-00007","2007-05-09","","01","영업/정상","01","영업","","","","","033 2438795","","","강원특별자치도 춘천시 신북읍 지내리 359","강원특별자치도 춘천시 신북읍 은고개길 44","24202","양지노인마을","2024-06-28 13:09:55","U","2024-06-30 02:40:00","사회복지시설","264498.64025919","495553.058340048","사회복지시설","0","0","","","상수도(음용)지하수(주방용)겸용","0","0","0","0","0","자가","0","0","N","0","","","",
"91","집단급식소","07_21_02_P","4181000","4181000-105-2006-00005","2006-07-21","","01","영업/정상","01","영업","","","","","033 2516636","12.96","","강원특별자치도 춘천시 동면 장학리 220-34","강원특별자치도 춘천시 동면 춘천로 508-3, 2층","24213","샛별어린이집","2021-02-17 09:24:41","I","2023-06-13 00:00:00","어린이집","266901.936489762","488236.080268243","어린이집","0","0","","","상수도전용","0","0","0","0","0","자가","0","0","N","12.96","","","",
"92","집단급식소","07_21_02_P","4181000","4181000-105-2006-00006","2006-07-21","","01","영업/정상","01","영업","","","","","033 244 6700","","","강원특별자치도 춘천시 후평동 885-1","강원특별자치도 춘천시 세실로 173 (후평동)","24310","본아미강남어린이집","2017-07-18 17:06:17","I","2023-06-13 00:00:00","어린이집","266564.457561248","485850.314844447","어린이집","0","0","","","상수도전용","0","0","0","0","0","자가","0","0","N","0","","","",
"93","집단급식소","07_21_02_P","4181000","4181000-105-2006-00007","2006-07-24","","01","영업/정상","01","영업","","","","","033 2643100","","","강원특별자치도 춘천시 퇴계동 864-1","강원특별자치도 춘천시 퇴계공단길 40 (퇴계동)","24427","춘천새윤병원","2024-06-28 13:49:27","U","2024-06-30 02:40:00","병원","264684.497795126","482697.580509922","병원","0","0","","","상수도전용","0","0","0","0","0","자가","0","0","N","0","","","",
"94","집단급식소","07_21_02_P","4181000","4181000-105-2006-00011","2006-09-21","","01","영업/정상","01","영업","","","","","033242 4177","","","강원특별자치도 춘천시 효자동 744-11","강원특별자치도 춘천시 춘천로223번길 5 (효자동)","24259","큰꿈어린이집","2025-06-01 13:23:05","U","2025-06-03 02:40:00","어린이집","264893.230477589","486439.093246918","어린이집","0","0","","","상수도전용","0","0","0","0","0","자가","0","0","N","0","","","",
"95","집단급식소","07_21_02_P","4181000","4181000-105-2006-00013","2006-11-03","","01","영업/정상","01","영업","","","","","033 250 2219","","","강원특별자치도 춘천시 온의동 321-2","강원특별자치도 춘천시 충혼길 55 (온의동)","24439","남춘천여자중학교","2017-07-18 18:08:46","I","2023-06-13 00:00:00","학교","263343.969753573","484314.263093472","학교","0","0","","","상수도전용","0","0","0","0","0","자가","0","0","N","0","","","",
"96","집단급식소","07_21_02_P","4181000","4181000-105-2006-00016","2006-11-24","","01","영업/정상","01","영업","","","","","033 2417760","","","강원특별자치도 춘천시 동면 장학리 568-1","강원특별자치도 춘천시 동면 방죽길 56-10","24210","춘천삼육초등학교","2017-07-18 18:09:13","I","2023-06-13 00:00:00","학교","266202.12351306","490088.506715349","학교","0","0","","","상수도전용","0","0","0","0","0","자가","0","0","N","0","","","",
"97","집단급식소","07_21_02_P","4181000","4181000-105-2007-00001","2007-02-07","","01","영업/정상","01","영업","","","","","033 263 6363","252.00","","강원특별자치도 춘천시 신북읍 유포리 228 2리,1층","강원특별자치도 춘천시 신북읍 맥국길 252-38, 1층","24203","강원도농업기술원미래농업교육원","2024-06-28 13:14:29","U","2024-06-30 02:40:00","공공기관","268276.371262182","495087.199014264","공공기관","0","0","","","상수도전용","0","0","0","0","0","자가","0","0","N","63","","","",
"98","집단급식소","07_21_02_P","4181000","4181000-105-2007-00002","2007-02-27","","01","영업/정상","01","영업","","","","","033 264 5030","172.65","","강원특별자치도 춘천시 퇴계동 1036-1","강원특별자치도 춘천시 퇴계농공로 65, 지하1층 (퇴계동)","24418","대룡중학교","2017-07-18 18:09:39","I","2023-06-13 00:00:00","학교","265441.546641841","483009.348896075","학교","0","0","","","상수도전용","0","0","0","0","0","자가","0","0","N","172.65","","","",
"99","집단급식소","07_21_02_P","4181000","4181000-105-2007-00003","2007-03-28","","01","영업/정상","01","영업","","","","","033 2448508","0.00","","강원특별자치도 춘천시 신동 1469","강원특별자치도 춘천시 신샘밭로 159 (신동)","24207","미래숲유치원","2025-03-31 17:57:36","U","2025-04-02 02:40:00","어린이집","263976.620679545","491345.352640837","어린이집","0","0","","","상수도전용","0","0","0","0","0","자가","0","0","N","0","","","",
"100","집단급식소","07_21_02_P","4181000","4181000-105-2007-00004","2007-03-28","","01","영업/정상","01","영업","","","","","033 2610006","57.96","","강원특별자치도 춘천시 남산면 창촌리 351-1","강원특별자치도 춘천시 남산면 강촌로 136","24465","창촌중학교","2022-10-17 17:08:28","I","2023-06-13 00:00:00","학교","255867.350035603","478486.393389227","학교","0","0","","","상수도전용","0","0","0","0","0","자가","0","0","N","57.96","","","",
"101","집단급식소","07_21_02_P","4181000","4181000-105-2007-00008","2007-06-07","","01","영업/정상","01","영업","","","","","033 2578377","574.35","","강원특별자치도 춘천시 동내면 거두리 665-3 외1필지(8층)","강원특별자치도 춘천시 동내면 세실로 49 (외1필지(8층))","24400","강원도경찰청","2024-06-28 13:48:54","U","2024-06-30 02:40:00","공공기관","266622.024964585","484571.45623165","공공기관","0","0","","","상수도전용","0","0","0","0","0","자가","0","0","N","150.76","","","",
"102","집단급식소","07_21_02_P","4181000","4181000-105-2007-00009","2007-06-07","","01","영업/정상","01","영업","","","","","033 2649889","109.06","","강원특별자치도 춘천시 서면 당림리 167-1 (4층)","강원특별자치도 춘천시 서면 샛말길 122-11, 4층","24463","의료법인윤영의료재단","2024-06-28 14:44:59","U","2024-06-30 02:40:00","병원","254245.483818577","483370.766177782","병원","0","0","","","지하수전용","0","0","0","0","0","자가","0","0","N","64.42","","","",
"103","집단급식소","07_21_02_P","4181000","4181000-105-2012-00003","2012-03-21","","01","영업/정상","01","영업","","","","","033 251 8050","49.14","","강원특별자치도 춘천시 봉의동 4-9","강원특별자치도 춘천시 봉의산길 37 (봉의동)","24265","강원특별자치도청어린이집","2025-06-01 16:05:49","U","2025-06-03 02:40:00","어린이집","264357.554920458","487306.215141402","어린이집","0","0","","","상수도전용","0","0","0","0","0","","0","0","N","34.44","","","",
"104","집단급식소","07_21_02_P","4181000","4181000-105-2012-00005","2012-07-04","","01","영업/정상","01","영업","","","","","033 253 9603","","","강원특별자치도 춘천시 우두동 170-5","강원특별자치도 춘천시 사우로 169 (우두동)","24220","예인아이사랑어린이집","2025-06-01 16:06:10","U","2025-06-03 02:40:00","어린이집","265318.305462096","489666.761213114","어린이집","0","0","","","상수도전용","0","0","0","0","0","","0","0","N","0","","","",
"105","집단급식소","07_21_02_P","4181000","4181000-105-2012-00006","2012-07-25","","01","영업/정상","01","영업","","","","","033 251 4378","12.73","","강원특별자치도 춘천시 온의동 289","강원특별자치도 춘천시 경춘로 2255-20 (온의동)","24431","홀츠하임어린이집","2025-06-01 13:24:02","U","2025-06-03 02:40:00","어린이집","262769.241793111","484107.450459427","어린이집","0","0","","","상수도전용","0","0","0","0","0","","0","0","N","12.73","","","",
"106","집단급식소","07_21_02_P","4181000","4181000-105-2012-00007","2012-08-08","","01","영업/정상","01","영업","","","","","033 264 2800","145.35","","강원특별자치도 춘천시 동내면 거두리 1007","강원특별자치도 춘천시 동내면 외솔길19번길 38-12","24400","예초유치원","2025-04-01 10:55:29","U","2025-04-03 02:40:00","어린이집","266273.042012245","484048.36358008","어린이집","0","0","","","상수도전용","0","0","0","0","0","","0","0","N","145.35","","","",
"107","집단급식소","07_21_02_P","4181000","4181000-105-2012-00010","2012-11-30","","01","영업/정상","01","영업","","","","","033 242 6284","200.35","","강원특별자치도 춘천시 우두동 416-1","강원특별자치도 춘천시 충열로 80 (우두동)","24228","국군복지단소양학사","2025-07-16 13:54:12","U","2025-07-18 02:40:00","기숙사","264772.78557503","488837.579257878","기숙사","0","0","","","상수도전용","0","0","0","0","0","","0","0","N","70.29","","","",
"108","집단급식소","07_21_02_P","4181000","4181000-105-2013-00001","2013-02-15","","01","영업/정상","01","영업","","","","","033 241 5600","235.16","","강원특별자치도 춘천시 온의동 6-33 강남동주민센터","강원특별자치도 춘천시 방송길 86 (온의동, 강남동주민센터)","24364","춘천남부노인복지관","2024-06-28 11:29:43","U","2024-06-30 02:40:00","사회복지시설","263193.439896149","485281.872143308","사회복지시설","0","0","","","상수도전용","0","0","0","0","0","","0","0","N","43.95","","","",
"109","집단급식소","07_21_02_P","4181000","4181000-105-2013-00004","2013-03-13","","01","영업/정상","01","영업","","","","","033 262 6060","11.25","","강원특별자치도 춘천시 동내면 거두리 655-4","강원특별자치도 춘천시 동내면 거두길 5-61","24400","산내들어린이집","2022-11-22 16:39:23","I","2023-06-13 00:00:00","어린이집","266877.852356351","484610.331245671","어린이집","0","0","","","상수도전용","0","0","0","0","0","","0","0","N","43.25","","","",
"110","집단급식소","07_21_02_P","4181000","4181000-105-2013-00005","2013-03-27","","01","영업/정상","01","영업","","","","","033 269 0795","144.60","","강원특별자치도 춘천시 동내면 거두리 1152 (생산동,1층)","강원특별자치도 춘천시 동내면 거두단지2길 55 (생산동,1층)","24398","(주)일화춘천지엠피(GMP)공장","2025-09-18 14:36:30","U","2025-09-20 02:40:00","산업체","268710.68763737","485128.415621145","산업체","0","0","","","상수도전용","0","0","0","0","0","자가","0","0","N","54.6","","","",
"111","집단급식소","07_21_02_P","4181000","4181000-105-2013-00007","2013-06-18","","01","영업/정상","01","영업","","","","","033 252 8513","8.75","","강원특별자치도 춘천시 사농동 158","강원특별자치도 춘천시 영서로 2920, 관리동 2층 (사농동)","24224","리틀빌리지어린이집","2025-06-01 16:06:26","U","2025-06-03 02:40:00","어린이집","263577.414771224","490145.352381932","어린이집","0","0","","","상수도전용","0","0","0","0","0","임대","0","0","N","8.75","","","",
"112","집단급식소","07_21_02_P","4181000","4181000-105-2013-00008","2013-09-23","","01","영업/정상","01","영업","","","","","033 258 2369","812.00","","강원특별자치도 춘천시 효자동 17-1 지하1층","강원특별자치도 춘천시 백령로 156 (효자동)","24289","강원대학교병원직원식당","2024-06-28 11:37:33","U","2024-06-30 02:40:00","병원","265438.256393839","486072.554860519","병원","0","0","","","상수도전용","0","0","0","0","0","","0","0","N","812","","","",
"113","집단급식소","07_21_02_P","4181000","4181000-105-2013-00009","2013-10-04","","01","영업/정상","01","영업","","","","","033 259 2129","208.80","","강원특별자치도 춘천시 후평동 95","강원특별자치도 춘천시 수풍골길 7 (후평동)","24298","한국전력공사강원지역본부","2024-06-28 13:06:07","U","2024-06-30 02:40:00","공공기관","266048.761081114","487096.096452579","공공기관","0","0","","","상수도전용","0","0","0","0","0","자가","0","0","N","40.32","","","",
"114","집단급식소","07_21_02_P","4181000","4181000-105-2013-00012","2013-12-02","","01","영업/정상","01","영업","","","","","070 41859705","0.00","","강원특별자치도 춘천시 동내면 거두리 1144-2","강원특별자치도 춘천시 동내면 거두단지1길 43","24398","바디텍메드(주)","2025-06-01 13:55:01","U","2025-06-03 02:40:00","산업체","268687.913528757","485425.653611576","산업체","0","0","","","상수도전용","0","0","0","0","0","","0","0","N","0","","","",
"115","집단급식소","07_21_02_P","4181000","4181000-105-2005-00052","2005-07-14","","01","영업/정상","01","영업","","","","","033 2411012","23.54","","강원특별자치도 춘천시 온의동 527-1","강원특별자치도 춘천시 충혼길24번길 3-6 (온의동)","24436","열린유치원","2025-03-31 17:55:59","U","2025-04-02 02:40:00","어린이집","263389.860553837","484623.267354725","어린이집","0","0","","","상수도전용","0","0","0","0","0","","0","0","N","23.54","","","",
"116","집단급식소","07_21_02_P","4181000","4181000-105-2005-00055","2005-07-18","","01","영업/정상","01","영업","","","","","033 2430738","6.16","","강원특별자치도 춘천시 신북읍 율문리 304-1","강원특별자치도 춘천시 신북읍 율문4길 16","24206","다경어린이집","2024-05-24 11:30:57","U","2024-05-26 02:40:00","어린이집","265740.684031197","491943.60771167","어린이집","0","0","","","상수도전용","0","0","0","0","0","","0","0","N","6.16","","","",
"117","집단급식소","07_21_02_P","4181000","4181000-105-2005-00056","2005-07-19","","01","영업/정상","01","영업","","","","","033 2616177","18.27","","강원특별자치도 춘천시 석사동 942-1","강원특별자치도 춘천시 스무숲길 22 (석사동)","24416","우리유치원","2025-04-01 09:08:52","U","2025-04-03 02:40:00","어린이집","265946.236206671","483163.701685952","어린이집","0","0","","","상수도전용","0","0","0","0","0","","0","0","N","18.27","","","",
"118","집단급식소","07_21_02_P","4181000","4181000-105-2005-00057","2005-07-19","","01","영업/정상","01","영업","","","","","033 255 7443","14.56","","강원특별자치도 춘천시 죽림동 38","강원특별자치도 춘천시 약사고개길 21 (죽림동)","24355","성심유치원","2025-04-01 09:09:19","U","2025-04-03 02:40:00","어린이집","263862.090132327","486240.840172347","어린이집","0","0","","","상수도전용","0","0","0","0","0","","0","0","N","14.56","","","",
"119","집단급식소","07_21_02_P","4181000","4181000-105-2005-00060","2005-07-22","","01","영업/정상","01","영업","","","","","033 2626611","","","강원특별자치도 춘천시 퇴계동 945-1","강원특별자치도 춘천시 안마산로 224-1 (퇴계동)","24427","명문유치원","2025-04-01 10:54:43","U","2025-04-03 02:40:00","어린이집","264870.822879109","483097.715905981","어린이집","0","0","","","상수도전용","0","0","0","0","0","","0","0","N","0","","","",
"120","집단급식소","07_21_02_P","4181000","4181000-105-2005-00061","2005-09-02","","01","영업/정상","01","영업","","","","","033 264 6064","157.50","","강원특별자치도 춘천시 퇴계동 1035","강원특별자치도 춘천시 승지골길16번길 36 (퇴계동)","24418","성원초등학교","2017-07-18 18:06:10","I","2023-06-13 00:00:00","학교","265465.007875073","483117.29063081","학교","0","0","","","상수도전용","0","0","0","0","0","","0","0","N","722.34","","","",
"121","집단급식소","07_21_02_P","4181000","4181000-105-2005-00062","2005-09-21","","01","영업/정상","01","영업","","","","","033 2623450","138.34","","강원특별자치도 춘천시 동산면 원창리 923-1 학생식당","강원특별자치도 춘천시 동산면 새술막길 630 (학생식당)","24409","전인고등학교","2025-03-07 13:13:45","U","2025-03-09 02:40:00","학교","266123.553080421","476373.42774398","학교","0","0","","","상수도전용","0","0","0","0","0","","0","0","N","54.64","","","",
"122","집단급식소","07_21_02_P","4181000","4181000-105-2005-00064","2005-11-03","","01","영업/정상","01","영업","","","","","033 2401234","342.64","","강원특별자치도 춘천시 온의동 511 이마트","강원특별자치도 춘천시 경춘로 2353, 이마트 (온의동)","24435","(주)이마트춘천점","2025-06-01 13:52:42","U","2025-06-03 02:40:00","산업체","263141.943193102","484821.289677657","산업체","0","0","","","상수도전용","0","0","0","0","0","자가","0","0","N","140","","","",
"123","집단급식소","07_21_02_P","4181000","4181000-105-2005-00065","2005-11-28","","01","영업/정상","01","영업","","","","","033 2625665","540.80","","강원특별자치도 춘천시 효자동 214-4","강원특별자치도 춘천시 공지로200번길 36 (효자동)","24345","봄내중학교","2019-02-27 09:49:20","I","2023-06-13 00:00:00","학교","265120.266475854","484971.74675147","학교","0","0","","","상수도전용","0","0","0","0","0","자가","0","0","N","198.3","","","",
"124","집단급식소","07_21_02_P","4181000","4181000-105-2005-00066","2005-12-06","","01","영업/정상","01","영업","","","","","033 2619300","65.88","","강원특별자치도 춘천시 신동면 팔미리 612-2","강원특별자치도 춘천시 신동면 설미길 111","24411","연화마을","2024-06-28 14:47:31","U","2024-06-30 02:40:00","사회복지시설","260540.004493703","480083.945501812","사회복지시설","0","0","","","지하수전용","0","0","0","0","0","자가","0","0","N","39.06","","","",
"125","집단급식소","07_21_02_P","4181000","4181000-105-2005-00067","2005-12-08","","01","영업/정상","01","영업","","","","","033 2433672","187.32","","강원특별자치도 춘천시 신북읍 율문리 306","강원특별자치도 춘천시 신북읍 율문길 95-8","24206","춘성중학교","2017-07-18 18:07:34","I","2023-06-13 00:00:00","학교","265793.20644839","491884.25783614","학교","0","0","","","상수도전용","0","0","0","0","0","자가","0","0","N","104.09","","","",
"126","집단급식소","07_21_02_P","4181000","4181000-105-2006-00001","2006-01-26","","01","영업/정상","01","영업","","","","","033 2566885","520.66","","강원특별자치도 춘천시 후평동 498-120","강원특별자치도 춘천시 춘천로296번길 55 (후평동)","24290","봉의중학교","2017-07-18 18:07:59","I","2023-06-13 00:00:00","학교","265383.889863137","486392.303529263","학교","0","0","","","상수도전용","0","0","0","0","0","자가","0","0","N","210.66","","","",
"127","집단급식소","07_21_02_P","4181000","4181000-105-2006-00002","2006-04-20","","01","영업/정상","01","영업","","","","","033 255 8515","78.00","","강원특별자치도 춘천시 효자동 655","강원특별자치도 춘천시 춘천로 180, 지하1층 (효자동)","24329","봄내병원","2024-06-28 11:33:51","U","2024-06-30 02:40:00","병원","264519.81300489","486204.177489443","병원","0","0","","","상수도전용","0","0","0","0","0","자가","0","0","N","0","","","",
"128","집단급식소","07_21_02_P","4181000","4181000-105-2006-00003","2006-05-18","","01","영업/정상","01","영업","","","","","033 815 1218","787.50","","강원특별자치도 춘천시 후평동 480-64","강원특별자치도 춘천시 서부대성로 257 (후평동)","24286","강원대학교사범대학부설고등학교","2023-02-28 11:12:35","I","2023-06-13 00:00:00","학교","265854.719148981","485722.640950977","학교","0","0","","","상수도전용","0","0","0","0","0","자가","0","0","N","357","","","",
"129","집단급식소","07_21_02_P","4181000","4181000-105-2019-00005","2019-03-26","","01","영업/정상","01","영업","","","","","033  2696600","0.00","","강원특별자치도 춘천시 남면 가정리 833-1 강원도학생교육원","강원특별자치도 춘천시 남면 충효로 1394, 강원도학생교육원","24468","강원학생교육원","2025-04-09 17:05:48","U","2025-04-11 02:40:00","수련원","250832.612082507","470496.989286987","수련원","0","0","","","상수도전용","0","0","0","0","0","","0","0","N","0","","","",
"130","집단급식소","07_21_02_P","4181000","4181000-105-2019-00006","2019-06-18","","01","영업/정상","01","영업","","","","","033 253 1690","14.75","","강원특별자치도 춘천시 사농동 281-7","강원특별자치도 춘천시 영서로 3045, 1층 (사농동)","24207","리라숲어린이집","2025-06-01 16:07:10","U","2025-06-03 02:40:00","어린이집","263292.911549564","491523.468389223","어린이집","0","0","","","상수도전용","0","0","0","0","0","","0","0","N","14.75","","","",
"131","집단급식소","07_21_02_P","4181000","4181000-105-2019-00007","2019-07-09","","01","영업/정상","01","영업","","","","","033 242 3333","34.56","","강원특별자치도 춘천시 신북읍 산천리 749","강원특별자치도 춘천시 신북읍 신북로 410, 1층","24203","노블레스요양원","2021-03-12 21:03:51","I","2023-06-13 00:00:00","사회복지시설","265111.97847685","495478.007787083","사회복지시설","0","0","","","상수도전용","0","0","0","0","0","","0","0","N","23.76","","","",
"132","집단급식소","07_21_02_P","4181000","4181000-105-2019-00008","2019-08-30","","01","영업/정상","01","영업","","","","","033 245 6232","1099.20","","강원특별자치도 춘천시 서면 금산리 1013","강원특별자치도 춘천시 서면 박사로 882, 1층","24461","(재)강원정보문화진흥원","2025-06-02 09:49:40","U","2025-06-04 02:40:00","산업체","260819.739664112","488267.312140011","산업체","0","0","","","상수도전용","0","0","0","0","0","","0","0","N","0","","","",
"133","집단급식소","07_21_02_P","4181000","4181000-105-2019-00009","2019-12-30","","01","영업/정상","01","영업","","","","","033 242 5832","17.28","","강원특별자치도 춘천시 후평동 43 우미린뉴시티","강원특별자치도 춘천시 보안길 36, 관리동 1층 (후평동, 우미린뉴시티)","24303","후평우미린어린이집","2024-05-24 11:26:08","U","2024-05-26 02:40:00","어린이집","266077.07212228","486585.662803015","어린이집","0","0","","","상수도전용","0","0","0","0","0","","0","0","N","17.28","","","",
"134","집단급식소","07_21_02_P","4181000","4181000-105-2020-00003","2020-01-17","","01","영업/정상","01","영업","","","","","033 818 9608","374.50","","강원특별자치도 춘천시 동산면 봉명리 1100","강원특별자치도 춘천시 동산면 원무동길 125, 1층","24410","(주)유바이오로직스춘천제2공장구내식당","2025-06-02 09:56:10","U","2025-06-04 02:40:00","산업체","268712.875831869","474197.765466283","산업체","0","0","","","상수도전용","0","3","0","0","0","","0","0","N","82","","","",
"135","집단급식소","07_21_02_P","4181000","4181000-105-2020-00005","2020-03-04","","01","영업/정상","01","영업","","","","","033 255 6019","891.72","","강원특별자치도 춘천시 교동 93-37 유봉여자중학교","강원특별자치도 춘천시 봉의산길22번길 28, 유봉여자중학교 10동 1층 (교동)","24263","유봉여자중학교","2020-03-04 15:02:41","I","2023-06-13 00:00:00","학교","264576.949346735","487129.943442861","학교","0","0","","","상수도전용","0","0","0","0","0","","0","0","N","0","","","",
"136","집단급식소","07_21_02_P","4181000","4181000-105-2020-00006","2020-03-24","","01","영업/정상","01","영업","","","","","033  2432200","","","강원특별자치도 춘천시 퇴계동 1240 e편한세상 춘천 한숲시티","강원특별자치도 춘천시 안마산로 133, 101동 옆 관리동 (퇴계동, e편한세상 춘천 한숲시티)","24448","퇴계한숲어린이집","2025-06-01 13:25:52","U","2025-06-03 02:40:00","어린이집","264260.591704341","483777.59503768","어린이집","0","0","","","상수도전용","0","0","0","0","0","","0","0","N","0","","","",
"137","집단급식소","07_21_02_P","4181000","4181000-105-2020-00007","2020-03-27","","01","영업/정상","01","영업","","","","","033 254 5119","21.50","","강원특별자치도 춘천시 후평동 910 춘천일성트루엘더퍼스트아파트","강원특별자치도 춘천시 백령로 215, 1층 (후평동, 춘천일성트루엘더퍼스트아파트)","24279","후평트루엘어린이집","2021-01-11 11:20:05","I","2023-06-13 00:00:00","어린이집","265693.057162061","486379.781753926","어린이집","0","0","","","상수도전용","0","0","0","0","0","","0","0","N","19.8","","","",
"138","집단급식소","07_21_02_P","4181000","4181000-105-2020-00008","2020-06-29","","01","영업/정상","01","영업","","","","","033 241 1690","15.28","","강원특별자치도 춘천시 퇴계동 1240 e편한세상 춘천 한숲시티","강원특별자치도 춘천시 안마산로 133 (퇴계동, e편한세상 춘천 한숲시티)","24448","퇴계이편한어린이집","2024-05-24 11:13:10","U","2024-05-26 02:40:00","어린이집","264260.591704341","483777.59503768","어린이집","0","0","","","상수도전용","0","0","0","0","0","임대","0","0","N","14.16","","","",
"139","집단급식소","07_21_02_P","4181000","4181000-105-2020-00009","2020-09-17","","01","영업/정상","01","영업","","","","","033  2507411","793.62","","강원특별자치도 춘천시 효자동 192-1 강원대학교","강원특별자치도 춘천시 강원대학길 1, 강원대학교 학생회관동 2층 (효자동)","24341","제3학생회관크누테리아","2025-06-01 16:01:29","U","2025-06-03 02:40:00","산업체","265481.557982219","485420.871953344","산업체","0","0","","","상수도전용","0","0","0","0","0","임대","0","0","N","793.62","","","",
"140","집단급식소","07_21_02_P","4181000","4181000-105-2005-00031","2005-04-26","","01","영업/정상","01","영업","","","","","033 2635486","","","강원특별자치도 춘천시 칠전동 149","강원특별자치도 춘천시 칠전서길 37 (칠전동)","24458","신남초등학교","2017-07-18 18:05:38","I","2023-06-13 00:00:00","학교","262593.357629416","482444.331794225","학교","0","0","","","상수도전용","0","0","0","0","0","","0","0","N","0","","","",
"141","집단급식소","07_21_02_P","4181000","4181000-105-2005-00033","2005-04-26","","01","영업/정상","01","영업","","","","","033 2412415","21.84","","강원특별자치도 춘천시 약사동 83-4","강원특별자치도 춘천시 약사고개길46번길 14-24 (약사동)","24357","애니와투니어린이집","2025-06-01 16:03:20","U","2025-06-03 02:40:00","어린이집","263742.668406469","485921.763452603","어린이집","0","0","","","상수도전용","0","0","0","0","0","","0","0","N","21.84","","","",
"142","집단급식소","07_21_02_P","4181000","4181000-105-2020-00011","2020-10-19","","01","영업/정상","01","영업","","","","","033 816 7715","180.00","","강원특별자치도 춘천시 송암동 170-1 강원도 체육회관","강원특별자치도 춘천시 스포츠타운길 80, 강원도 체육회관 2층 (송암동)","24239","강원체육회관","2024-06-28 14:54:17","U","2024-06-30 02:40:00","공공기관","260682.783360529","483515.784931057","공공기관","0","0","","","상수도전용","0","0","0","0","0","자가","0","0","N","180","","","",
"143","집단급식소","07_21_02_P","4181000","4181000-105-2020-00012","2020-11-18","","01","영업/정상","01","영업","","","","","033  9129762","398.38","","강원특별자치도 춘천시 신북읍 발산리 산 32-1","강원특별자치도 춘천시 신북읍 장본2길 331, 후생동 1층","24203","가람푸드써비스(유)춘천숲체원지점","2025-03-26 10:43:42","U","2025-03-28 02:40:00","공공기관","267871.196595345","498983.439803687","공공기관","0","0","","","상수도전용","0","0","0","0","0","","0","0","N","50.5","","","",
"144","집단급식소","07_21_02_P","4181000","4181000-105-2005-00035","2005-04-26","","01","영업/정상","01","영업","","","","","033 2550164","4.80","","강원특별자치도 춘천시 퇴계동 916-2","강원특별자치도 춘천시 춘주로 162 (퇴계동)","24452","가람유치원","2025-04-01 09:05:42","U","2025-04-03 02:40:00","어린이집","263811.794747063","484091.143059532","어린이집","0","0","","","상수도전용","0","0","0","0","0","","0","0","N","28.56","","","",
"145","집단급식소","07_21_02_P","4181000","4181000-105-2005-00037","2005-04-28","","01","영업/정상","01","영업","","","","","033 2528783","25.20","","강원특별자치도 춘천시 효자동 373-90 (1동)","강원특별자치도 춘천시 근화길 95, 1동 (효자동)","24362","월드비전춘천어린이집","2025-06-01 16:04:27","U","2025-06-03 02:40:00","어린이집","263531.86156987","485534.563221546","어린이집","0","0","","","상수도전용","0","0","0","0","0","","0","0","N","25.2","","","",
"146","집단급식소","07_21_02_P","4181000","4181000-105-2005-00038","2005-04-29","","01","영업/정상","01","영업","","","","","033 2545548","25.40","","강원특별자치도 춘천시 퇴계동 426-6","강원특별자치도 춘천시 미나리길11번길 11 (퇴계동)","24445","무궁화유치원","2025-04-01 09:06:31","U","2025-04-03 02:40:00","어린이집","264049.358607695","484285.634195607","어린이집","0","0","","","상수도전용","0","0","0","0","0","","0","0","N","25.4","","","",
"147","집단급식소","07_21_02_P","4181000","4181000-105-2005-00039","2005-04-29","","01","영업/정상","01","영업","","","","","033 2628022","","","강원특별자치도 춘천시 동내면 거두리 773-2","강원특별자치도 춘천시 동내면 거두택지길 47","24402","은빛유치원","2025-04-01 09:07:28","U","2025-04-03 02:40:00","어린이집","266477.11540796","483823.264396769","어린이집","0","0","","","상수도전용","0","0","0","0","0","","0","0","N","0","","","",
"148","집단급식소","07_21_02_P","4181000","4181000-105-2005-00040","2005-05-03","","01","영업/정상","01","영업","","","","","033 2439154","18.24","","강원특별자치도 춘천시 서면 금산리 933","강원특별자치도 춘천시 서면 금산길 39-12","24461","푸른금산어린이집","2024-05-24 11:18:32","U","2024-05-26 02:40:00","어린이집","260840.946787949","488796.552549657","어린이집","0","0","","","상수도전용","0","0","0","0","0","","0","0","N","34.23","","","",
"149","집단급식소","07_21_02_P","4181000","4181000-105-2005-00041","2005-05-03","","01","영업/정상","01","영업","","","","","033 2427722","15.40","","강원특별자치도 춘천시 근화동 799-15","강원특별자치도 춘천시 소양로163번길 55 (근화동)","24241","호반어린이집","2024-05-24 11:22:45","U","2024-05-26 02:40:00","어린이집","263685.839252209","487911.413406316","어린이집","0","0","","","상수도전용","0","0","0","0","0","","0","0","N","15.4","","","",
"150","집단급식소","07_21_02_P","4181000","4181000-105-2005-00042","2005-05-04","","01","영업/정상","01","영업","","","","","033 2409367","40.33","","강원특별자치도 춘천시 동면 장학리 790","강원특별자치도 춘천시 동면 장학길 48","24210","한림유치원","2025-03-31 17:51:44","U","2025-04-02 02:40:00","어린이집","266407.832643172","488651.076682385","어린이집","0","0","","","상수도전용","0","0","0","0","0","","0","0","N","140.49","","","",
"151","집단급식소","07_21_02_P","4181000","4181000-105-2005-00043","2005-05-06","","01","영업/정상","01","영업","","","","","033257 6231","20.25","","강원특별자치도 춘천시 후평동 590-18","강원특별자치도 춘천시 후석로441번길 12 (후평동)","24251","삼운사유치원","2025-03-31 17:53:51","U","2025-04-02 02:40:00","어린이집","265151.76559287","487553.014145051","어린이집","0","0","","","상수도전용","0","0","0","0","0","","0","0","N","20.25","","","",
"152","집단급식소","07_21_02_P","4181000","4181000-105-2005-00044","2005-05-09","","01","영업/정상","01","영업","","","","","033260 7619","128.70","","강원특별자치도 춘천시 동산면 원창리 산 328-1","강원특별자치도 춘천시 동산면 영서로 1290","","한국폴리텍대학춘천캠퍼스(1캠퍼스)","2023-01-02 11:33:39","I","2023-06-13 00:00:00","학교","","","학교","0","0","","","상수도전용","0","0","0","0","0","","0","0","N","690.3","","","",
"153","집단급식소","07_21_02_P","4181000","4181000-105-2005-00046","2005-05-26","","01","영업/정상","01","영업","","","","","033 2415522","11.20","","강원특별자치도 춘천시 후평동 824-8","강원특별자치도 춘천시 복골길 29 (후평동)","24312","자연유치원","2025-03-31 17:55:00","U","2025-04-02 02:40:00","어린이집","266277.963569196","486176.009867808","어린이집","0","0","","","상수도전용","0","0","0","0","0","","0","0","N","11.2","","","",
"154","집단급식소","07_21_02_P","4181000","4181000-105-2005-00047","2005-05-27","","01","영업/정상","01","영업","","","","","033 2622297","16.38","","강원특별자치도 춘천시 퇴계동 862","강원특별자치도 춘천시 퇴계공단1길 18 (퇴계동)","24427","퇴계연꽃어린이집","2025-06-01 13:22:20","U","2025-06-03 02:40:00","어린이집","264756.167993506","482947.56710617","어린이집","0","0","","","상수도전용","0","0","0","0","0","","0","0","N","16.38","","","",
"155","집단급식소","07_21_02_P","4181000","4181000-105-2005-00048","2005-06-03","","01","영업/정상","01","영업","","","","","033 2487700","342.81","","강원특별자치도 춘천시 우두동 291-2","강원특별자치도 춘천시 충열로142번길 24-16 (우두동)","24227","강원특별자치도재활병원","2024-06-28 10:51:22","U","2024-06-30 02:40:00","병원","265108.905671972","489243.60633558","병원","0","0","","","상수도전용","0","0","0","0","0","","0","0","N","0","","","",
"156","집단급식소","07_21_02_P","4181000","4181000-105-2005-00049","2005-06-15","","01","영업/정상","01","영업","","","","","033 2439211","15.66","","강원특별자치도 춘천시 후평동 895","강원특별자치도 춘천시 후석로228번길 16 (후평동)","24311","은영어린이집","2017-07-18 17:11:06","I","2023-06-13 00:00:00","어린이집","266315.205987719","485699.95061579","어린이집","0","0","","","상수도전용","0","0","0","0","0","","0","0","N","15.66","","","",
"157","집단급식소","07_21_02_P","4181000","4181000-105-2011-00001","2011-01-20","","01","영업/정상","01","영업","","","","","033 261 0254","1543.00","","강원특별자치도 춘천시 남산면 수동리 749","강원특별자치도 춘천시 남산면 버들1길 130, 2, 3층","24465","(주)더존비즈온 구내식당","2025-05-16 16:01:58","U","2025-05-18 02:40:00","산업체","256145.940360649","472880.799707174","산업체","0","0","","","상수도전용","0","0","0","0","0","","0","0","N","289.6","","","",
"158","집단급식소","07_21_02_P","4181000","4181000-105-2011-00003","2011-03-22","","01","영업/정상","01","영업","","","","","033 255 8866","181.00","","강원특별자치도 춘천시 동면 만천리 893-3","강원특별자치도 춘천시 동면 세실로 250","24216","춘천동부노인복지관","2024-11-21 15:06:16","U","2024-11-23 02:40:00","사회복지시설","266579.866930598","486621.769174289","사회복지시설","0","0","","","상수도전용","0","0","0","0","0","","0","0","N","57","","","",
"159","집단급식소","07_21_02_P","4181000","4181000-105-2011-00004","2011-03-25","","01","영업/정상","01","영업","","","","","033 261 1790","271.00","","강원특별자치도 춘천시 효자동 333","강원특별자치도 춘천시 공지로 234-16 (효자동)","24344","춘천효자종합사회복지관","2024-06-28 11:33:20","U","2024-06-30 02:40:00","사회복지시설","264965.010227863","484903.604463985","사회복지시설","0","0","","","상수도전용","0","0","0","0","0","","0","0","N","271","","","",
"160","집단급식소","07_21_02_P","4181000","4181000-105-2011-00007","2011-05-25","","01","영업/정상","01","영업","","","","","033 260 3600","193.50","","강원특별자치도 춘천시 남산면 창촌리 1 송곡대학교","강원특별자치도 춘천시 남산면 송곡대학길 34, 송곡대학교","24465","송곡대학교","2025-03-24 14:18:54","U","2025-03-26 02:40:00","학교","257411.072041715","476797.584702265","학교","0","0","","","상수도전용","0","0","0","0","0","","0","0","N","49.5","","","",
"161","집단급식소","07_21_02_P","4181000","4181000-105-2011-00008","2011-06-01","","01","영업/정상","01","영업","","","","","033 269 3071","157.60","","강원특별자치도 춘천시 신동면 혈동리 산 226","강원특별자치도 춘천시 신동면 오봉길 156","24411","남춘천씨씨직원식당","2025-06-02 09:56:35","U","2025-06-04 02:40:00","산업체","261353.350698897","476204.787444466","산업체","0","0","","","상수도전용","0","0","0","0","0","자가","0","0","N","40","","","",
"162","집단급식소","07_21_02_P","4181000","4181000-105-2011-00011","2011-07-29","","01","영업/정상","01","영업","","","","","033 251 2116","51.75","","강원특별자치도 춘천시 후평동 480-64","강원특별자치도 춘천시 서부대성로 257 (후평동)","24286","강원대학교어린이집","2024-07-02 14:10:42","U","2024-07-04 02:40:00","어린이집","265854.719148981","485722.640950977","어린이집","0","0","","","상수도전용","0","0","0","0","0","","0","0","N","51.75","","","",
"163","집단급식소","07_21_02_P","4181000","4181000-105-2011-00012","2011-08-18","","01","영업/정상","01","영업","","","","","033 262 8936","11.50","","강원특별자치도 춘천시 동내면 고은리 281-6","강원특별자치도 춘천시 동내면 너부래길 50","24399","자작나무어린이집","2023-11-16 14:38:54","U","2023-11-18 02:40:00","어린이집","268631.553997273","482481.17329249","어린이집","0","0","","","상수도전용","0","0","0","0","0","","0","0","N","11.5","","","",
"164","집단급식소","07_21_02_P","4181000","4181000-105-2011-00013","2011-08-24","","01","영업/정상","01","영업","","","","","033 243 4181","","","강원특별자치도 춘천시 신북읍 율문리 304-24","강원특별자치도 춘천시 신북읍 율문4길 20","24206","다현어린이집","2024-05-24 11:31:16","U","2024-05-26 02:40:00","어린이집","265733.201943381","491972.391347187","어린이집","0","0","","","상수도전용","0","0","0","0","0","","0","0","N","0","","","",
"165","집단급식소","07_21_02_P","4181000","4181000-105-2011-00014","2011-08-29","","01","영업/정상","01","영업","","","","","070 81210100","237.87","","강원특별자치도 춘천시 남산면 수동리 산 192","강원특별자치도 춘천시 남산면 동촌로 501","24465","휘슬링락CC","2024-06-28 15:46:27","U","2024-06-30 02:40:00","산업체","259416.598790281","474123.09682255","산업체","0","0","","","상수도전용","0","0","0","0","0","","0","0","N","64.8","","","",
"166","집단급식소","07_21_02_P","4181000","4181000-105-2003-00001","2003-01-09","","01","영업/정상","01","영업","","","","","033 259 9160","204.95","","강원특별자치도 춘천시 효자동 356","강원특별자치도 춘천시 공지로 284 (효자동)","24342","춘천지방법원집단급식소","2025-04-02 13:58:08","U","2025-04-04 02:40:00","공공기관","264546.248035064","485173.75456252","공공기관","0","0","","","상수도전용","0","0","0","0","0","","0","0","N","47.08","","","",
"167","집단급식소","07_21_02_P","4181000","4181000-105-1995-00020","1995-07-19","","01","영업/정상","01","영업","","","","","033 2416124","","","강원특별자치도 춘천시 신북읍 천전리 70-2 6리","강원특별자치도 춘천시 신북읍 상천1길 31","24204","춘천동원학교","2017-07-18 17:01:08","I","2023-06-13 00:00:00","학교","269251.734422745","492405.643278335","학교","0","0","","","상수도전용","0","0","0","0","0","","0","0","N","0","","","",
"168","집단급식소","07_21_02_P","4181000","4181000-105-1995-00021","1995-12-06","","01","영업/정상","01","영업","","","","","033 2611722","","","강원특별자치도 춘천시 석사동 326-1 석사초등학교","강원특별자치도 춘천시 공지로 108-17 (석사동, 석사초등학교)","24327","석사초등학교","2017-07-18 17:02:47","I","2023-06-13 00:00:00","학교","265899.579665921","484167.935872709","학교","0","0","","","상수도전용","0","0","0","0","0","","0","0","N","0","","","",
"169","집단급식소","07_21_02_P","4181000","4181000-105-1996-00002","1996-07-08","","01","영업/정상","01","영업","","","","","033 2556601","0.00","","강원특별자치도 춘천시 사농동 277-1","강원특별자치도 춘천시 신샘밭로 89 (사농동)","24207","강원특별자치도청소년수련원","2023-06-21 13:38:21","U","2023-06-23 02:40:00","수련원","263270.801468972","491349.440110449","수련원","0","0","","","상수도전용","0","0","0","0","0","","0","0","N","150","","","",
"170","집단급식소","07_21_02_P","4181000","4181000-105-1996-00005","1996-03-08","","01","영업/정상","01","영업","","","","","033 2418074","","","강원특별자치도 춘천시 효자동 44-3","강원특별자치도 춘천시 성심로 77 (효자동)","24290","동춘천초등학교","2017-07-18 17:03:27","I","2023-06-13 00:00:00","학교","265284.08135508","486317.36506446","학교","0","0","","","상수도전용","0","0","0","0","0","","0","0","N","0","","","",
"171","집단급식소","07_21_02_P","4181000","4181000-105-1996-00006","1996-03-14","","01","영업/정상","01","영업","","","","","033 2511472","","","강원특별자치도 춘천시 낙원동 82-1 중앙초등학교","강원특별자치도 춘천시 중앙로88번길 14 (낙원동, 중앙초등학교)","24274","중앙초등학교","2017-07-18 17:04:11","I","2023-06-13 00:00:00","학교","263642.090875978","486521.272191335","학교","0","0","","","상수도전용","0","0","0","0","0","","0","0","N","0","","","",
"172","집단급식소","07_21_02_P","4181000","4181000-105-1996-00007","1996-04-16","","01","영업/정상","01","영업","","","","","033 2532324","","","강원특별자치도 춘천시 후평동 474-3","강원특별자치도 춘천시 서부대성로239번길 70 (후평동)","24281","부안초등학교","2025-03-07 13:18:52","U","2025-03-09 02:40:00","학교","265907.024357482","486271.28833648","학교","0","0","","","상수도전용","0","0","0","0","0","","0","0","N","0","","","",
"173","집단급식소","07_21_02_P","4181000","4181000-105-1997-00001","1997-02-19","","01","영업/정상","01","영업","","","","","033 2420371","1357.85","","강원특별자치도 춘천시 후평동 198-14","강원특별자치도 춘천시 삭주로145번길 83 (후평동)","24232","춘천기계공업고등학교","2017-07-18 17:37:06","I","2023-06-13 00:00:00","학교","265610.356121823","488063.413471846","학교","0","0","","","상수도전용","0","0","0","0","0","","0","0","N","280.25","","","",
"174","집단급식소","07_21_02_P","4181000","4181000-105-1997-00004","1997-09-12","","01","영업/정상","01","영업","","","","","033 2607127","307.92","","강원특별자치도 춘천시 동면 장학리 80-1","강원특별자치도 춘천시 동면 춘천로 527-34, 지하1층","24210","춘천요양병원","2024-06-28 11:41:06","U","2024-06-30 02:40:00","병원","267126.590536997","488627.11291077","병원","0","0","","","상수도전용","0","0","0","0","0","","0","0","N","215.76","","","",
"175","집단급식소","07_21_02_P","4181000","4181000-105-1997-00006","1997-03-26","","01","영업/정상","01","영업","","","","","033 2510933","","","강원특별자치도 춘천시 후평동 511-36","강원특별자치도 춘천시 춘천로295번길 17 (후평동)","24255","후평초등학교","2017-07-18 17:37:54","I","2023-06-13 00:00:00","학교","265400.61312156","486941.390489163","학교","0","0","","","상수도전용","0","0","0","0","0","","0","0","N","0","","","",
"176","집단급식소","07_21_02_P","4181000","4181000-105-1997-00007","1997-05-20","","01","영업/정상","01","영업","","","","","033 2441262","","","강원특별자치도 춘천시 사북면 고탄리 126-1","강원특별자치도 춘천시 사북면 춘화로 510-5","24201","송화초등학교","2024-05-24 09:38:09","U","2024-05-26 02:40:00","학교","262087.20600181","498550.574723724","학교","0","0","","","지하수전용","0","0","0","0","0","","0","0","N","0","","","",
"177","집단급식소","07_21_02_P","4181000","4181000-105-1997-00008","1997-06-05","","01","영업/정상","01","영업","","","","","033 2438093","","","강원특별자치도 춘천시 퇴계동 915","강원특별자치도 춘천시 춘주로 159 (퇴계동)","24451","남부초등학교","2017-07-18 17:48:15","I","2023-06-13 00:00:00","학교","263861.994215305","484260.622104069","학교","0","0","","","상수도전용","0","0","0","0","0","","0","0","N","0","","","",
"178","집단급식소","07_21_02_P","4181000","4181000-105-1997-00009","1997-04-01","","01","영업/정상","01","영업","","","","","033 2541407","","","강원특별자치도 춘천시 효자동 161-2","강원특별자치도 춘천시 효제길 40 (효자동)","24340","효제초등학교","2017-07-18 17:48:43","I","2023-06-13 00:00:00","학교","264878.419223909","485608.485729162","학교","0","0","","","상수도전용","0","0","0","0","0","","0","0","N","0","","","",
"179","집단급식소","07_21_02_P","4181000","4181000-105-1998-00001","1998-07-30","","01","영업/정상","01","영업","","","","","033 2582369","","","강원특별자치도 춘천시 효자동 17-1","강원특별자치도 춘천시 백령로 156 (효자동)","24289","강원대학교병원환자식당","2024-06-28 11:36:53","U","2024-06-30 02:40:00","병원","265438.256393839","486072.554860519","병원","0","0","","","상수도전용","0","0","0","0","0","","0","0","N","0","","","",
"180","집단급식소","07_21_02_P","4181000","4181000-105-1998-00003","1998-09-23","","01","영업/정상","01","영업","","","","","033 2538262","","","강원특별자치도 춘천시 후평동 891-15","강원특별자치도 춘천시 후석로250번길 22 (후평동)","24313","봉의고등학교 집단급식소","2025-03-07 13:18:11","U","2025-03-09 02:40:00","학교","266287.511233864","485855.753008921","학교","0","0","","","상수도전용","0","0","0","0","0","","0","0","N","0","","","",
"181","집단급식소","07_21_02_P","4181000","4181000-105-2023-00006","2023-05-09","","01","영업/정상","01","영업","","","","","","127.39","","강원특별자치도 춘천시 우두동 1086 춘천우두엘에이치천년나무1단지","강원특별자치도 춘천시 우두로 130, 1층 (우두동, 춘천우두엘에이치천년나무1단지)","24221","우두나무어린이집","2023-08-07 16:18:06","U","2023-08-09 02:40:00","어린이집","264782.498980618","490184.342293441","어린이집","0","0","","","","0","0","0","0","0","","0","0","N","27.8","","","",
"182","집단급식소","07_21_02_P","4181000","4181000-105-1998-00002","1998-08-19","","01","영업/정상","01","영업","","","","","033 2402078","","","강원특별자치도 춘천시 소양로3가 149-1 춘천고등학교","강원특별자치도 춘천시 중앙로68번길 37 (소양로3가, 춘천고등학교)","24274","춘천고등학교 구내식당","2021-03-09 15:28:14","I","2023-06-13 00:00:00","학교","263527.050336694","486687.953115801","학교","0","0","","","상수도전용","0","0","0","0","0","","0","0","N","0","","","",
"183","집단급식소","07_21_02_P","4181000","4181000-105-1998-00004","1998-10-16","","01","영업/정상","01","영업","","","","","033 2547858","","","강원특별자치도 춘천시 동면 만천리 산 133-15","강원특별자치도 춘천시 동면 만천양지길 95","24213","춘천여자고등학교","2017-07-18 17:50:21","I","2023-06-13 00:00:00","학교","267134.202463496","487563.914135497","학교","0","0","","","상수도전용","0","0","0","0","0","","0","0","N","0","","","",
"184","집단급식소","07_21_02_P","4181000","4181000-105-1999-00001","1999-05-12","","01","영업/정상","01","영업","","","","","033 2488787","159.50","","강원특별자치도 춘천시 신북읍 율문리 316","강원특별자치도 춘천시 신북읍 신샘밭로 359-32","24206","춘천한샘고등학교","2017-07-18 17:50:48","I","2023-06-13 00:00:00","학교","265936.051235778","491866.59061296","학교","0","0","","","상수도전용","0","0","0","0","0","","0","0","N","159.5","","","",
"185","집단급식소","07_21_02_P","4181000","4181000-105-1999-00002","1999-11-13","","01","영업/정상","01","영업","","","","","033 2492323","","","강원특별자치도 춘천시 봉의동 15","강원특별자치도 춘천시 중앙로 1 (봉의동)","24266","강원특별자치도청","2024-06-28 11:28:25","U","2024-06-30 02:40:00","공공기관","264161.625099424","487252.702443066","공공기관","0","0","","","상수도전용","0","0","0","0","0","","0","0","N","0","","","",
"186","집단급식소","07_21_02_P","4181000","4181000-105-1999-00003","1999-12-22","","01","영업/정상","01","영업","","","","","033 258 6915","303.00","","강원특별자치도 춘천시 후평동 198-53","강원특별자치도 춘천시 소양강로 32, 4층 (후평동)","24232","(재)춘천바이오산업진흥원","2025-05-16 17:58:48","U","2025-05-18 02:40:00","산업체","265331.3469315","487999.802568208","산업체","0","0","","","상수도전용","0","0","0","0","0","","0","0","N","99","","","",
"187","집단급식소","07_21_02_P","4181000","4181000-105-1999-00004","1999-09-01","","01","영업/정상","01","영업","","","","","033 2630275","","","강원특별자치도 춘천시 석사동 754","강원특별자치도 춘천시 애막골길16번길 6 (석사동)","24326","우석초등학교","2017-07-18 17:51:18","I","2023-06-13 00:00:00","학교","265910.984968414","484914.964003217","학교","0","0","","","상수도전용","0","0","0","0","0","","0","0","N","0","","","",
"188","집단급식소","07_21_02_P","4181000","4181000-105-1995-00016","1995-05-22","","01","영업/정상","01","영업","","","","","033 2545650","","","강원특별자치도 춘천시 온의동 550","강원특별자치도 춘천시 충혼길 33 (온의동)","24440","남춘천초등학교","2017-07-18 16:58:34","I","2023-06-13 00:00:00","학교","263471.982054763","484514.954846746","학교","0","0","","","상수도전용","0","0","0","0","0","","0","0","N","0","","","",
"189","집단급식소","07_21_02_P","4181000","4181000-105-2000-00004","2000-09-15","","01","영업/정상","01","영업","","","","","033 2562352","209.25","","강원특별자치도 춘천시 온의동 200-1","강원특별자치도 춘천시 충혼길 51 (온의동)","24439","남춘천중학교","2017-07-18 17:51:44","I","2023-06-13 00:00:00","학교","263412.733708715","484396.143610323","학교","0","0","","","상수도전용","0","0","0","0","0","","0","0","N","427.25","","","",
"190","집단급식소","07_21_02_P","4181000","4181000-105-2000-00005","2000-09-20","","01","영업/정상","01","영업","","","","","033 2568142","198.00","","강원특별자치도 춘천시 사농동 82","강원특별자치도 춘천시 사우로 10 (사농동)","24226","소양중학교","2017-07-18 17:52:10","I","2023-06-13 00:00:00","학교","263775.706471232","489507.083890074","학교","0","0","","","상수도전용","0","0","0","0","0","","0","0","N","355.95","","","",
"191","집단급식소","07_21_02_P","4181000","4181000-105-2000-00006","2002-06-11","","01","영업/정상","01","영업","","","","","033 2602454","41.16","","강원특별자치도 춘천시 남산면 백양리 29-1 엘리시안 강촌","강원특별자치도 춘천시 남산면 북한강변길 688 (콘도)","24464","엘리시안강촌콘도","2024-06-28 15:47:06","U","2024-06-30 02:40:00","산업체","251021.728216938","480612.913126754","산업체","0","0","","","전용상수도(특정시설의 자가용 수도)","0","0","0","0","0","","0","0","N","144.28","","","",
"192","집단급식소","07_21_02_P","4181000","4181000-105-2000-00007","2000-03-31","","01","영업/정상","01","영업","","","","","033 2635724","","","강원특별자치도 춘천시 석사동 815","강원특별자치도 춘천시 퇴계로 220-10 (석사동)","24391","봄내초등학교","2017-07-18 17:52:35","I","2023-06-13 00:00:00","학교","265225.627677808","483950.879289923","학교","0","0","","","상수도전용","0","0","0","0","0","","0","0","N","0","","","",
"193","집단급식소","07_21_02_P","4181000","4181000-105-2001-00001","2001-03-15","","01","영업/정상","01","영업","","","","","033 2607634","142.80","","강원특별자치도 춘천시 우두동 72","강원특별자치도 춘천시 우두상리길 68 (우두동)","24220","한국폴리텍대학춘천캠퍼스(2캠퍼스)","2023-01-02 11:31:22","I","2023-06-13 00:00:00","학교","265282.648858186","490370.494958109","학교","0","0","","","상수도전용","0","0","0","0","0","","0","0","N","439.6","","","",
"194","집단급식소","07_21_02_P","4181000","4181000-105-2001-00002","2001-07-24","","01","영업/정상","01","영업","","","","","033 2533443","138.22","","강원특별자치도 춘천시 신북읍 지내리 359 지하1층","강원특별자치도 춘천시 신북읍 은고개길 44, 지하1층","24202","참사랑의 집","2024-06-28 13:07:22","U","2024-06-30 02:40:00","사회복지시설","264498.64025919","495553.058340048","사회복지시설","0","0","","","상수도전용","0","0","0","0","0","","0","0","N","48.02","","","",
"195","집단급식소","07_21_02_P","4181000","4181000-105-2001-00003","2001-11-30","","01","영업/정상","01","영업","","","","","033 2544721","574.72","","강원특별자치도 춘천시 중앙로3가 69","강원특별자치도 춘천시 공지로 442-10 (중앙로3가)","24359","춘천중학교","2025-08-13 14:23:46","U","2025-08-15 02:40:00","학교","263218.765323234","486052.083208912","학교","0","0","","","상수도전용","0","0","0","0","0","","0","0","N","0","","","",
"196","집단급식소","07_21_02_P","4181000","4181000-105-2002-00001","2002-01-11","","01","영업/정상","01","영업","","","","","033 2503550","87.12","","강원특별자치도 춘천시 중앙로3가 67","강원특별자치도 춘천시 중앙로 135 (중앙로3가)","24358","춘천시보건소","2023-05-09 10:48:39","I","2023-06-13 00:00:00","공공기관","263324.358308568","486132.791952156","공공기관","0","0","","","상수도전용","0","0","0","0","0","","0","0","N","77.58","","","",
"197","집단급식소","07_21_02_P","4181000","4181000-105-2002-00002","2001-03-03","","01","영업/정상","01","영업","","","","","033 2612769","124.20","","강원특별자치도 춘천시 석사동 723","강원특별자치도 춘천시 우석로101번길 17 (석사동)","24320","우석중학교","2025-03-07 13:17:08","U","2025-03-09 02:40:00","학교","266385.121409971","485101.737588526","학교","0","0","","","상수도전용","0","0","0","0","0","","0","0","N","503.4","","","",
"198","집단급식소","07_21_02_P","4181000","4181000-105-2002-00003","2002-01-11","","01","영업/정상","01","영업","","","","","033 2641700","18.90","","강원특별자치도 춘천시 석사동 796-4","강원특별자치도 춘천시 퇴계로 189 (석사동)","24386","호산부인과의원","2024-06-28 14:34:47","U","2024-06-30 02:40:00","병원","265036.450774246","484136.922479188","병원","0","0","","","상수도전용","0","0","0","0","0","","0","0","N","81.42","","","",
"199","집단급식소","07_21_02_P","4181000","4181000-105-2002-00004","2002-09-27","","01","영업/정상","01","영업","","","","","033 248 6428","31.68","","강원특별자치도 춘천시 신북읍 산천리 728","강원특별자치도 춘천시 신북읍 신북로 386-1","24203","강원특별자치도보건환경연구원","2024-06-28 13:14:00","U","2024-06-30 02:40:00","공공기관","265412.865825097","495307.918781199","공공기관","0","0","","","상수도전용","0","0","0","0","0","","0","0","N","156.07","","","",
"200","집단급식소","07_21_02_P","4181000","4181000-105-2002-00005","2002-10-23","","01","영업/정상","01","영업","","","","","033 260 3505","154.00","","강원특별자치도 춘천시 석사동 868","강원특별자치도 춘천시 지석로 47 (석사동)","24413","성림초등학교","2017-07-18 17:53:57","I","2023-06-13 00:00:00","학교","265088.051003081","483552.245153283","학교","0","0","","","상수도전용","0","0","0","0","0","","0","0","N","486","","","",
"201","집단급식소","07_21_02_P","4181000","4181000-105-2002-00006","2002-11-20","","01","영업/정상","01","영업","","","","","033 250 7341","200.00","","강원특별자치도 춘천시 효자동 192-1","강원특별자치도 춘천시 강원대학길 1 (효자동)","24341","강원대학교생활협동조합천지관식당","2025-05-28 14:13:35","U","2025-05-30 02:40:00","학교","265481.557982219","485420.871953344","학교","0","0","","","상수도전용","0","0","0","0","0","","0","0","N","900","","","",
"202","집단급식소","07_21_02_P","4181000","4181000-105-2002-00007","2002-11-28","","01","영업/정상","01","영업","","","","","033  2529941","180.60","","강원특별자치도 춘천시 후평동 486-5","강원특별자치도 춘천시 서부대성로239번길 58 (후평동)","24281","후평중학교집단급식소","2017-07-18 17:54:26","I","2023-06-13 00:00:00","학교","265780.394688614","486215.486583881","학교","0","0","","","상수도전용","0","0","0","0","0","","0","0","N","600.4","","","",
"203","집단급식소","07_21_02_P","4181000","4181000-105-2004-00001","2004-01-09","","01","영업/정상","01","영업","","","","","033 2591256","22.04","","강원특별자치도 춘천시 삼천동 238-3","강원특별자치도 춘천시 수변공원길 54 (삼천동)","24239","춘천문화방송(주)","2025-06-01 13:51:41","U","2025-06-03 02:40:00","산업체","261823.333742905","486063.952881273","산업체","0","0","","","상수도전용","0","0","0","0","0","","0","0","N","102.58","","","",
"204","집단급식소","07_21_02_P","4181000","4181000-105-2004-00002","2004-02-09","","01","영업/정상","01","영업","","","","","033 258 3702","129.00","","강원특별자치도 춘천시 후평동 240-3","강원특별자치도 춘천시 후석로440번길 64 (후평동)","24233","서울청사관리소 춘천지소","2024-06-28 11:38:09","U","2024-06-30 02:40:00","공공기관","265932.383823662","487656.107578231","공공기관","0","0","","","상수도전용","0","0","0","0","0","","0","0","N","129","","","",
"205","집단급식소","07_21_02_P","4181000","4181000-105-2004-00004","2004-04-27","","01","영업/정상","01","영업","","","","","033 2608099","51.08","","강원특별자치도 춘천시 남산면 서천리 121-71","강원특별자치도 춘천시 남산면 경춘로 212-30 (제이드팰리스)","24464","제이드팰리스골프클럽","2024-10-15 11:38:32","U","2024-10-17 02:40:00","산업체","248138.977646078","481155.421082523","산업체","0","0","","","간이상수도","0","0","0","0","0","","0","0","N","214.14","","","",
"206","집단급식소","07_21_02_P","4181000","4181000-105-2004-00005","2004-08-18","","01","영업/정상","01","영업","","","","","033 2585107","67.20","","강원특별자치도 춘천시 사농동 84 (심일로108 )","강원특별자치도 춘천시 영서로 2854 (사농동, (심일로108 ))","24223","강원도교육청구내식당운영위원회","2024-06-28 11:24:14","U","2024-06-30 02:40:00","공공기관","263759.970466272","489659.150888624","공공기관","0","0","","","상수도전용","0","0","0","0","0","","0","0","N","213.17","","","",
"207","집단급식소","07_21_02_P","4181000","4181000-105-2004-00006","2004-12-23","","01","영업/정상","01","영업","","","","","033 2620935","54.00","","강원특별자치도 춘천시 동내면 거두리 379-6","강원특별자치도 춘천시 동내면 거두길 215","24399","성골롬반의집(춘천노인전문요양원)","2025-08-27 15:19:37","U","2025-08-29 02:40:00","사회복지시설","268714.158299938","484560.394222304","사회복지시설","0","0","","","상수도전용","0","0","0","0","0","","0","0","N","223.12","","","",
"208","집단급식소","07_21_02_P","4181000","4181000-105-2005-00001","2000-10-18","","01","영업/정상","01","영업","","","","","033 2602454","","","강원특별자치도 춘천시 남산면 백양리 29-1 (골프장)","강원특별자치도 춘천시 남산면 북한강변길 688 ((골프장))","24464","엘리시안강촌컨트리클럽","2025-05-16 16:32:33","U","2025-05-18 02:40:00","산업체","251021.728216938","480612.913126754","산업체","0","0","","","전용상수도(특정시설의 자가용 수도)","0","0","0","0","0","","0","0","N","0","","","",
"209","집단급식소","07_21_02_P","4181000","4181000-105-2005-00003","2005-03-24","","01","영업/정상","01","영업","","","","","033 2419872","57.72","","강원특별자치도 춘천시 중앙로3가 74-5","강원특별자치도 춘천시 중앙로113번길 12 (중앙로3가)","24358","새봄유치원","2025-03-31 17:50:57","U","2025-04-02 02:40:00","어린이집","263522.75234032","486137.731778227","어린이집","0","0","","","상수도전용","0","0","0","0","0","","0","0","N","107.42","","","",
"210","집단급식소","07_21_02_P","4181000","4181000-105-2005-00004","2005-04-04","","01","영업/정상","01","영업","","","","","033 2429922","19.80","","강원특별자치도 춘천시 삼천동 758-3","강원특별자치도 춘천시 선들길 16 (삼천동)","24239","사회복지법인정훈회 피노키오어린이집","2025-05-08 15:30:45","U","2025-05-10 02:40:00","어린이집","262033.659375291","485184.402668327","어린이집","0","0","","","상수도전용","0","0","0","0","0","","0","0","N","77.69","","","",
"211","집단급식소","07_21_02_P","4181000","4181000-105-2005-00007","2005-04-14","","01","영업/정상","01","영업","","","","","","8.20","","강원특별자치도 춘천시 퇴계동 916","강원특별자치도 춘천시 행촌로 14 (퇴계동)","24453","사회복지법인 아이사랑어린이집","2024-12-27 16:51:06","U","2024-12-29 02:40:00","어린이집","263621.120421684","484144.713945217","어린이집","0","0","","","상수도전용","0","0","0","0","0","","0","0","N","8.2","","","",
"212","집단급식소","07_21_02_P","4181000","4181000-105-2005-00009","2005-04-18","","01","영업/정상","01","영업","","","","","033 2510617","19.80","","강원특별자치도 춘천시 후평동 257-30","강원특별자치도 춘천시 후석로440번길 9 (후평동)","24232","사회문화어린이집","2017-06-14 09:58:34","I","2023-06-13 00:00:00","어린이집","265375.376490772","487659.618371327","어린이집","0","0","","","상수도전용","0","0","0","0","0","","0","0","N","19.8","","","",
"213","집단급식소","07_21_02_P","4181000","4181000-105-1957-00001","1988-09-19","","01","영업/정상","01","영업","","","","","033 2619658","","","강원특별자치도 춘천시 석사동 171-8","강원특별자치도 춘천시 스무숲길 4-51 (석사동)","24417","사회복지법인 천주교춘천교구사회복지회(춘천시립요양원)","2025-05-29 10:32:25","U","2025-05-31 02:40:00","사회복지시설","265713.451557895","482820.421569114","사회복지시설","0","0","","","상수도전용","0","0","0","0","0","","0","0","N","0","","","",
"214","집단급식소","07_21_02_P","4181000","4181000-105-1982-00002","1982-07-19","","01","영업/정상","01","영업","","","","","033262 1332","0.00","","강원특별자치도 춘천시 동내면 거두리 765","강원특별자치도 춘천시 동내면 신촌양지길 1","","춘천교도소","2024-06-28 13:32:02","U","2024-06-30 02:40:00","공공기관","","","공공기관","0","0","","","상수도전용","0","0","0","0","0","","0","0","N","24","","","",
"215","집단급식소","07_21_02_P","4181000","4181000-105-1983-00001","1983-07-01","","01","영업/정상","01","영업","","","","","033 2507346","","","강원특별자치도 춘천시 효자동 192-1","강원특별자치도 춘천시 강원대학길 1 (효자동)","24341","강원대학교생활협동조합백록관식당","2025-05-28 14:09:21","U","2025-05-30 02:40:00","학교","265481.557982219","485420.871953344","학교","0","0","","","상수도전용","0","0","0","0","0","","0","0","N","0","","","",
"216","집단급식소","07_21_02_P","4181000","4181000-105-1984-00001","1984-04-07","","01","영업/정상","01","영업","","","","","033 2421602","","","강원특별자치도 춘천시 신북읍 산천리 345-4 강원재활원","강원특별자치도 춘천시 신북읍 신북로 255 (강원재활원)","24203","강원재활원","2024-06-28 13:06:54","U","2024-06-30 02:40:00","사회복지시설","265813.600117606","494093.958794051","사회복지시설","0","0","","","상수도전용","0","0","0","0","0","","0","0","N","0","","","",
"217","집단급식소","07_21_02_P","4181000","4181000-105-1987-00001","1987-05-28","","01","영업/정상","01","영업","","","","","033 2588011","","","강원특별자치도 춘천시 중앙로3가 61","강원특별자치도 춘천시 중앙로 105 (중앙로3가)","24358","농협중앙회 강원지역본부","2025-06-01 16:08:32","U","2025-06-03 02:40:00","산업체","263591.901797558","486256.984750418","산업체","0","0","","","상수도전용","0","0","0","0","0","","0","0","N","0","","","",
"218","집단급식소","07_21_02_P","4181000","4181000-105-1987-00002","1987-02-07","","01","영업/정상","01","영업","","","","","033 2510862","","","강원특별자치도 춘천시 교동 113-4","강원특별자치도 춘천시 교동길 29 (교동, 교동초등학교)","24262","교동초등학교","2017-07-18 14:55:39","I","2023-06-13 00:00:00","학교","264790.686811067","486725.397303331","학교","0","0","","","상수도전용","0","0","0","0","0","","0","0","N","0","","","",
"219","집단급식소","07_21_02_P","4181000","4181000-105-1988-00001","1988-03-08","","01","영업/정상","01","영업","","","","","033 2598530","","","강원특별자치도 춘천시 낙원동 27-1 인성병원","강원특별자치도 춘천시 금강로 39 (낙원동, 인성병원)","24272","인성병원","2018-01-02 17:53:00","I","2023-06-13 00:00:00","병원","263883.466910628","486768.318767618","병원","0","0","","","상수도전용","0","0","0","0","0","","0","0","N","0","","","",
"220","집단급식소","07_21_02_P","4181000","4181000-105-1988-00002","1988-09-19","","01","영업/정상","01","영업","","","","","033 2481125","","","강원특별자치도 춘천시 옥천동 1","강원특별자치도 춘천시 봉의산길22번길 29 (옥천동)","24265","한림대학교교직원식당","2025-04-01 09:00:56","U","2025-04-03 02:40:00","학교","264548.443504906","487261.17884438","학교","0","0","","","상수도전용","0","0","0","0","0","","0","0","N","0","","","",
"221","집단급식소","07_21_02_P","4181000","4181000-105-1988-00003","1988-09-23","","01","영업/정상","01","영업","","","","","033 2529970","","","강원특별자치도 춘천시 교동 153","강원특별자치도 춘천시 삭주로 77 (교동)","24253","한림대학교춘천성심병원","2024-08-05 13:21:37","U","2024-08-07 02:40:00","병원","264995.790705309","487048.050495199","병원","0","0","","","상수도전용","0","0","0","0","0","","0","0","N","0","","","",
"222","집단급식소","07_21_02_P","4181000","4181000-105-1988-00005","1988-09-19","","01","영업/정상","01","영업","","","","","033 2616901","","","강원특별자치도 춘천시 석사동 170-3 춘천시립복지원","강원특별자치도 춘천시 영서로 1925-25, 춘천시립복지원 (석사동)","24416","춘천시립복지원","2024-06-28 14:33:02","U","2024-06-30 02:40:00","사회복지시설","266347.308466325","482833.050453088","사회복지시설","0","0","","","상수도전용","0","0","0","0","0","","0","0","N","0","","","",
"223","집단급식소","07_21_02_P","4181000","4181000-105-1988-00006","1988-10-14","","01","영업/정상","01","영업","","","","","033 2547038","","","강원특별자치도 춘천시 우두동 72","강원특별자치도 춘천시 우두상리길 68 (우두동)","24220","애민보육원","2024-06-28 10:48:56","U","2024-06-30 02:40:00","사회복지시설","265282.648858186","490370.494958109","사회복지시설","0","0","","","상수도전용","0","0","0","0","0","","0","0","N","0","","","",
"224","집단급식소","07_21_02_P","4181000","4181000-105-1988-00008","1988-09-16","","01","영업/정상","01","영업","","","","","033 2542374","","","강원특별자치도 춘천시 약사동 산 1","강원특별자치도 춘천시 춘천로 141 (약사동)","24355","봉의초등학교","2017-07-18 15:01:37","I","2023-06-13 00:00:00","학교","264115.263794046","486164.808973064","학교","0","0","","","상수도전용","0","0","0","0","0","","0","0","N","0","","","",
"225","집단급식소","07_21_02_P","4181000","4181000-105-1990-00001","1990-06-01","","01","영업/정상","01","영업","","","","","033 2481129","","","강원특별자치도 춘천시 옥천동 1","강원특별자치도 춘천시 봉의산길22번길 29 (옥천동)","24265","한림대학교학생식당","2025-04-01 09:02:17","U","2025-04-03 02:40:00","학교","264548.443504906","487261.17884438","학교","0","0","","","상수도전용","0","0","0","0","0","","0","0","N","0","","","",
"226","집단급식소","07_21_02_P","4181000","4181000-105-1990-00002","1990-08-14","","01","영업/정상","01","영업","","","","","033 2618873","","","강원특별자치도 춘천시 신동면 증리 365","강원특별자치도 춘천시 신동면 김유정로 1394","24412","금병초등학교","2017-07-18 15:03:06","I","2023-06-13 00:00:00","학교","262838.555507601","479428.390018761","학교","0","0","","","상수도전용","0","0","0","0","0","","0","0","N","0","","","",
"227","집단급식소","07_21_02_P","4181000","4181000-105-1990-00004","1990-08-14","","01","영업/정상","01","영업","","","","","033 2623460","","","강원특별자치도 춘천시 남산면 광판리 628 광판초등학교","강원특별자치도 춘천시 남산면 김유정로 159-12 (광판초등학교)","24466","광판초등학교","2021-01-11 10:43:07","I","2023-06-13 00:00:00","학교","261591.317989522","470026.166775309","학교","0","0","","","상수도전용","0","0","0","0","0","","0","0","N","0","","","",
"228","집단급식소","07_21_02_P","4181000","4181000-105-1990-00005","1990-08-14","","01","영업/정상","01","영업","","","","","033 2517404","","","강원특별자치도 춘천시 신북읍 율문리 295","강원특별자치도 춘천시 신북읍 율문1길 16-9","24206","천전초등학교","2017-07-18 15:04:32","I","2023-06-13 00:00:00","학교","265494.907417645","491894.961199007","학교","0","0","","","상수도전용","0","0","0","0","0","","0","0","N","0","","","",
"229","집단급식소","07_21_02_P","4181000","4181000-105-1990-00006","1990-07-01","","01","영업/정상","01","영업","","","","","033 2542255","","","강원특별자치도 춘천시 효자동 420","강원특별자치도 춘천시 공지로 316 (효자동)","24338","춘천교대부설초등학교","2017-07-18 15:05:09","I","2023-06-13 00:00:00","학교","264279.435894741","485406.672992508","학교","0","0","","","상수도전용","0","0","0","0","0","","0","0","N","0","","","",
"230","집단급식소","07_21_02_P","4181000","4181000-105-1991-00001","1991-02-12","","01","영업/정상","01","영업","","","","","033 2601321","","","강원특별자치도 춘천시 신동면 정족리 산 1007-1","강원특별자치도 춘천시 신동면 칠전동길 72","24412","두산큐벡스주식회사","2024-06-28 15:43:20","U","2024-06-30 02:40:00","산업체","263329.19876502","482733.108274384","산업체","0","0","","","상수도전용","0","0","0","0","0","","0","0","N","0","","","",
"231","집단급식소","07_21_02_P","4181000","4181000-105-1991-00003","1991-08-21","","01","영업/정상","01","영업","","","","","033 2633995","","","강원특별자치도 춘천시 서면 안보리 863","강원특별자치도 춘천시 서면 경춘로 771-79 (광림복지재단)","24463","사회복지법인광림복지재단","2024-09-05 09:27:33","U","2024-09-07 02:40:00","사회복지시설","252596.410085181","482189.566101269","사회복지시설","0","0","","","지하수전용","0","0","0","0","0","","0","0","N","0","","","",
"232","집단급식소","07_21_02_P","4181000","4181000-105-1992-00001","1992-05-15","","01","영업/정상","01","영업","","","","","033 248 6234","","","강원특별자치도 춘천시 동면 만천리 324-1","강원특별자치도 춘천시 동면 순환대로 1122","24212","강원도공무원교육원","2024-06-28 11:48:19","U","2024-06-30 02:40:00","공공기관","268389.501223842","486781.741888209","공공기관","0","0","","","상수도전용","0","0","0","0","0","","0","0","N","0","","","",
"233","집단급식소","07_21_02_P","4181000","4181000-105-1992-00002","1992-08-13","","01","영업/정상","01","영업","","","","","033 260 3137","","","강원특별자치도 춘천시 동산면 원창리 산 713","강원특별자치도 춘천시 동산면 영서로 824","24409","국립춘천병원환자식당","2025-05-09 16:30:25","U","2025-05-11 02:40:00","병원","267433.233427234","474628.124982161","병원","0","0","","","간이상수도","0","0","0","0","0","","0","0","N","0","","","",
"234","집단급식소","07_21_02_P","4181000","4181000-105-1992-00003","1992-08-13","","01","영업/정상","01","영업","","","","","033 2522009","","","강원특별자치도 춘천시 서면 금산리 467","강원특별자치도 춘천시 서면 금산2길 22-3","24461","금산초등학교","2023-03-13 16:51:51","I","2023-06-13 00:00:00","학교","261524.377860991","489125.97349528","학교","0","0","","","상수도전용","0","0","0","0","0","","0","0","N","0","","","",
"235","집단급식소","07_21_02_P","4181000","4181000-105-1992-00004","1992-03-02","","01","영업/정상","01","영업","","","","","033 2610008","","","강원특별자치도 춘천시 남산면 방곡리 126-2 남산초등학교","강원특별자치도 춘천시 남산면 한치로 59 (남산초등학교)","24465","남산초등학교","2017-07-18 15:26:53","I","2023-06-13 00:00:00","학교","256805.651521097","476904.870790301","학교","0","0","","","상수도전용","0","0","0","0","0","","0","0","N","0","","","",
"236","집단급식소","07_21_02_P","4181000","4181000-105-1994-00001","1994-08-30","","01","영업/정상","01","영업","","","","","033 2634146","131.44","","강원특별자치도 춘천시 서면 당림리 601","강원특별자치도 춘천시 서면 당숲안길 157","24463","주식회사 피피이씨춘천","2025-05-16 16:30:04","U","2025-05-18 02:40:00","산업체","253214.520164446","482649.796214332","산업체","0","0","","","상수도전용","0","0","0","0","0","","0","0","N","131.44","","","",
"237","집단급식소","07_21_02_P","4181000","4181000-105-1994-00002","1994-06-08","","01","영업/정상","01","영업","","","","","033 2623458","","","강원특별자치도 춘천시 동내면 신촌리 491","강원특별자치도 춘천시 동내면 동내로 131","24407","동내초등학교","2025-03-07 13:15:41","U","2025-03-09 02:40:00","학교","267358.080861547","483454.340360003","학교","0","0","","","","0","0","0","0","0","","0","0","N","0","","","",
"238","집단급식소","07_21_02_P","4181000","4181000-105-1994-00003","1994-04-27","","01","영업/정상","01","영업","","","","","033 2568204","","","강원특별자치도 춘천시 후평동 15","강원특별자치도 춘천시 후만로126번길 35 (후평동)","24308","호반초등학교","2025-03-07 13:17:33","U","2025-03-09 02:40:00","학교","266863.079439521","486043.472620523","학교","0","0","","","상수도전용","0","0","0","0","0","","0","0","N","0","","","",
"239","집단급식소","07_21_02_P","4181000","4181000-105-1994-00004","1994-04-30","","01","영업/정상","01","영업","","","","","033 2510913","","","강원특별자치도 춘천시 중앙로3가 40","강원특별자치도 춘천시 방송길7번길 14-5 (중앙로3가)","24358","춘천초등학교","2017-07-18 15:42:23","I","2023-06-13 00:00:00","학교","263417.36465975","486061.203252708","학교","0","0","","","상수도전용","0","0","0","0","0","","0","0","N","0","","","",
"240","집단급식소","07_21_02_P","4181000","4181000-105-1995-00003","1995-07-05","","01","영업/정상","01","영업","","","","","033 2610999","","","강원특별자치도 춘천시 동산면 군자리 442-1","강원특별자치도 춘천시 동산면 새술막길 315-77","24409","춘천서인병원","2024-06-28 14:52:59","U","2024-06-30 02:40:00","병원","264130.762308811","474489.513266524","병원","0","0","","","지하수전용","0","0","0","0","0","","0","0","N","0","","","",
"241","집단급식소","07_21_02_P","4181000","4181000-105-1995-00005","1995-07-20","","01","영업/정상","01","영업","","","","","033 2613112","","","강원특별자치도 춘천시 신동면 혈동리 116-1 1통3반","강원특별자치도 춘천시 신동면 혈동고개길 134","24411","밀알재활원","2024-06-28 14:47:54","U","2024-06-30 02:40:00","사회복지시설","261749.611886754","474445.273003554","사회복지시설","0","0","","","상수도전용","0","0","0","0","0","","0","0","N","0","","","",
"242","집단급식소","07_21_02_P","4181000","4181000-105-1995-00006","1995-12-06","","01","영업/정상","01","영업","","","","","033 2413192","644.18","","강원특별자치도 춘천시 송암동 산 1-1","강원특별자치도 춘천시 자라우새길 126 (송암동)","24239","강원체육고등학교","2021-03-09 15:42:54","I","2023-06-13 00:00:00","학교","","","학교","0","0","","","상수도전용","0","0","0","0","0","","0","0","N","155.2","","","",
"243","집단급식소","07_21_02_P","4181000","4181000-105-1995-00007","1995-12-11","","01","영업/정상","01","영업","","","","","033 2543591","","","강원특별자치도 춘천시 사농동 122","강원특별자치도 춘천시 영서로 2872 (사농동)","24223","강원생명과학고등학교","2025-03-19 16:14:02","U","2025-03-21 02:40:00","학교","263629.386580317","489865.51762368","학교","0","0","","","상수도전용","0","0","0","0","0","","0","0","N","0","","","",
"244","집단급식소","07_21_02_P","4181000","4181000-105-1995-00008","1995-02-17","","01","영업/정상","01","영업","","","","","033 256 0906","","","강원특별자치도 춘천시 근화동 802-14","강원특별자치도 춘천시 소양로163번길 23 (근화동)","24241","근화초등학교","2017-07-18 16:54:29","I","2023-06-13 00:00:00","학교","263532.677669685","487637.371101481","학교","0","0","","","상수도전용","0","0","0","0","0","","0","0","N","0","","","",
"245","집단급식소","07_21_02_P","4181000","4181000-105-1995-00009","1995-03-08","","01","영업/정상","01","영업","","","","","033 2418505","","","강원특별자치도 춘천시 신북읍 천전리 170 상천초등학교","강원특별자치도 춘천시 신북읍 상천2길 19 (상천초등학교)","24204","상천초등학교","2017-07-18 16:55:00","I","2023-06-13 00:00:00","학교","268974.811858613","492615.579340483","학교","0","0","","","상수도전용","0","0","0","0","0","","0","0","N","0","","","",
"246","집단급식소","07_21_02_P","4181000","4181000-105-1995-00010","1995-03-11","","01","영업/정상","01","영업","","","","","033 2421715","","","강원특별자치도 춘천시 신북읍 발산리 473-2 오동초등학교","강원특별자치도 춘천시 신북읍 장본길 74 (오동초등학교)","24203","오동초등학교","2024-05-24 10:31:31","U","2024-05-26 02:40:00","학교","266563.974012095","494598.409614765","학교","0","0","","","상수도전용","0","0","0","0","0","","0","0","N","0","","","",
"247","집단급식소","07_21_02_P","4181000","4181000-105-1995-00011","1995-03-17","","01","영업/정상","01","영업","","","","","033 2557766","","","강원특별자치도 춘천시 동면 만천리 807-5","강원특별자치도 춘천시 동면 만천로 165-7","24216","만천초등학교","2017-07-18 16:56:03","I","2023-06-13 00:00:00","학교","266383.916897571","487103.18044283","학교","0","0","","","상수도전용","0","0","0","0","0","","0","0","N","0","","","",
"248","집단급식소","07_21_02_P","4181000","4181000-105-1995-00012","1995-03-17","","01","영업/정상","01","영업","","","","","033 2421003","","","강원특별자치도 춘천시 동면 지내리 136-2 1리","강원특별자치도 춘천시 동면 가산로 52","24211","가산초등학교","2017-07-18 16:56:30","I","2023-06-13 00:00:00","학교","268735.225370045","489838.387635984","학교","0","0","","","상수도전용","0","0","0","0","0","","0","0","N","0","","","",
"249","집단급식소","07_21_02_P","4181000","4181000-105-1995-00013","1995-03-17","","01","영업/정상","01","영업","","","","","033 2511492","","","강원특별자치도 춘천시 우두동 282-1","강원특별자치도 춘천시 충열로 134 (우두동)","24227","소양초등학교","2017-07-18 16:57:11","I","2023-06-13 00:00:00","학교","265003.706687438","489375.042395686","학교","0","0","","","상수도전용","0","0","0","0","0","","0","0","N","0","","","",
"250","집단급식소","07_21_02_P","4181000","4181000-105-1995-00014","1995-05-04","","01","영업/정상","01","영업","","","","","033 2511027","","","강원특별자치도 춘천시 사북면 지촌리 347","강원특별자치도 춘천시 사북면 지촌길 130","24200","지촌초등학교","2018-09-21 15:22:22","I","2023-06-13 00:00:00","학교","256532.808956495","504107.254027782","학교","0","0","","","지하수전용","0","0","0","0","0","","0","0","N","0","","","",
"251","집단급식소","07_21_02_P","4181000","4181000-105-1995-00015","1995-05-11","","01","영업/정상","01","영업","","","","","033 2612007","","","강원특별자치도 춘천시 동산면 조양리 371-1 조양초등학교","강원특별자치도 춘천시 동산면 조양길 257 (조양초등학교)","24410","조양초등학교","2018-09-21 15:22:57","I","2023-06-13 00:00:00","학교","270048.605162206","472377.283961075","학교","0","0","","","상수도전용","0","0","0","0","0","","0","0","N","0","","","",
"252","집단급식소","07_21_02_P","4181000","4181000-105-1995-00017","1995-07-01","","01","영업/정상","01","영업","","","","","033 2424253","","","강원특별자치도 춘천시 후평동 894","강원특별자치도 춘천시 서부대성로 339 (후평동)","24311","동부초등학교","2017-07-18 16:59:11","I","2023-06-13 00:00:00","학교","266341.535260156","485623.707136912","학교","0","0","","","상수도전용","0","0","0","0","0","","0","0","N","0","","","",
"253","집단급식소","07_21_02_P","4181000","4181000-105-1995-00018","1995-07-01","","01","영업/정상","01","영업","","","","","033 2564652","","","강원특별자치도 춘천시 후평동 21-2","강원특별자치도 춘천시 후만로24번길 45 (후평동)","24286","춘천계성학교","2017-07-18 16:59:45","I","2023-06-13 00:00:00","학교","266084.978171341","485678.158071594","학교","0","0","","","상수도전용","0","0","0","0","0","","0","0","N","0","","","",
"254","집단급식소","07_21_02_P","4181000","4181000-105-1995-00019","1995-07-01","","01","영업/정상","01","영업","","","","","033 2545562","771.14","","강원특별자치도 춘천시 우두동 1084 신동초등학교","강원특별자치도 춘천시 우두로 100, 신동초등학교 교사동 2층 (우두동)","24221","신동초등학교","2024-10-14 15:34:43","U","2024-10-16 02:40:00","학교","264397.005114796","490193.264938095","학교","0","0","","","상수도전용","0","0","0","0","0","","0","0","N","118.8","","","",
"255","집단급식소","07_21_02_P","4181000","4181000-105-2024-00005","2024-09-24","","01","영업/정상","01","영업","","","","","","28.48","","강원특별자치도 춘천시 동면 지내리 303-4","강원특별자치도 춘천시 동면 가산로 116-9, 1층","24211","천사실버홈","2024-10-14 15:35:41","U","2024-10-16 02:40:00","사회복지시설","268838.162199878","490476.472118767","사회복지시설","0","0","","","상수도전용","0","0","0","0","0","","0","0","N","24.48","","","",
"256","집단급식소","07_21_02_P","4181000","4181000-105-2024-00004","2024-08-28","","01","영업/정상","01","영업","","","","","","178.20","","강원특별자치도 춘천시 후평동 257-31 춘천소방서","강원특별자치도 춘천시 후석로 446, 춘천소방서 지하1층 (후평동)","24232","춘천소방서","2024-10-21 15:40:52","U","2024-10-23 02:40:00","공공기관","265304.467973869","487655.275836102","공공기관","0","0","","","","0","0","0","0","0","","0","0","N","48.96","","","",
"257","집단급식소","07_21_02_P","4181000","4181000-105-2024-00006","2024-10-25","","01","영업/정상","01","영업","","","","","","106.57","","강원특별자치도 춘천시 퇴계동 188-6","강원특별자치도 춘천시 김유정로 1874, 지하1층 (퇴계동)","24422","더오케이병원","2025-01-13 10:06:31","U","2025-01-15 02:40:00","병원","264732.547697796","483702.804412051","병원","0","0","","","상수도전용","0","0","0","0","0","","0","0","N","39","","","",
"258","집단급식소","07_21_02_P","4181000","4181000-105-2024-00007","2024-11-06","","01","영업/정상","01","영업","","","","","033815 8015","29.16","","강원특별자치도 춘천시 근화동 808","강원특별자치도 춘천시 영서로 2491, 1층 (근화동)","24238","한마음어린이집","2024-11-21 16:35:19","U","2024-11-23 02:40:00","어린이집","262530.685197535","486783.215058785","어린이집","0","0","","","","0","0","0","0","0","","0","0","N","26.76","","","",
"259","집단급식소","07_21_02_P","4181000","4181000-105-2024-00003","2024-07-08","","01","영업/정상","01","영업","","","","","033 242 8501","171.16","","강원특별자치도 춘천시 동면 장학리 780-9","강원특별자치도 춘천시 동면 소양강로 166, 지하1층","24210","춘천골든케어요양원","2024-07-08 11:41:22","I","2024-07-10 00:13:52","사회복지시설","266024.616419796","489071.431139091","사회복지시설","0","0","","","상수도전용","0","0","0","0","0","","0","0","N","171.16","","","",
"260","집단급식소","07_21_02_P","4181000","4181000-105-2024-00002","2024-05-10","","01","영업/정상","01","영업","","","","","","331.40","","강원특별자치도 춘천시 동면 장학리 622-1","강원특별자치도 춘천시 동면 춘천순환로 847, 1층","24210","강원효실버요양원","2025-09-22 14:17:50","U","2025-09-24 02:40:00","사회복지시설","265917.679312345","490338.824206155","사회복지시설","0","0","","","","0","0","0","0","0","","0","0","N","136.61","","","",
"261","집단급식소","07_21_02_P","4181000","4181000-105-2024-00001","2024-03-13","","01","영업/정상","01","영업","","","","","033818 0062","267.84","","강원특별자치도 춘천시 온의동 592","강원특별자치도 춘천시 스포츠타운길 495, 1층 (온의동)","24430","온의유치원","2025-03-31 18:01:02","U","2025-04-02 02:40:00","어린이집","262542.926556623","485206.893622766","어린이집","0","0","","","상수도전용","0","0","0","0","0","","0","0","N","134.77","","","",
"262","집단급식소","07_21_02_P","4181000","4181000-105-2025-00004","2025-05-29","","01","영업/정상","01","영업","","","","","","37.80","","강원특별자치도 춘천시 동내면 학곡리 860 학곡지구 모아엘가 그랑데","강원특별자치도 춘천시 동내면 학곡지구길 52 (학곡지구 모아엘가 그랑데)","24473","모아엘가그랑데어린이집","2025-05-29 17:30:07","I","2025-05-31 00:20:02","어린이집","266425.006021949","482237.989833298","어린이집","0","0","","","","0","0","0","0","0","","0","0","N","0","","","",
"263","집단급식소","07_21_02_P","4181000","4181000-105-2025-00003","2025-04-15","","01","영업/정상","01","영업","","","","","","135.59","","강원특별자치도 춘천시 동면 장학리 794-1 춘천 버스 공영차고지","강원특별자치도 춘천시 동면 공단로 98, 춘천 버스 공영차고지 제1동 1층","24210","(주)춘천시민버스구내식당","2025-04-15 16:31:01","I","2025-04-17 00:10:40","산업체","265822.07166185","488294.907344091","산업체","0","0","","","","0","0","0","0","0","","0","0","N","0","","","",
"264","집단급식소","07_21_02_P","4181000","4181000-105-2025-00002","2025-02-28","","01","영업/정상","01","영업","","","","","","566.20","","강원특별자치도 춘천시 동면 장학리 산 36 강원중고등학교","강원특별자치도 춘천시 동면 장학길 24, 강원중고등학교 1층","24210","강원중학교","2025-02-28 15:23:00","I","2025-03-02 00:10:36","학교","266490.215589284","488429.28879245","학교","0","0","","","","0","0","0","0","0","","0","0","N","566.2","","","",
"265","집단급식소","07_21_02_P","4181000","4181000-105-2025-00001","2025-02-17","","01","영업/정상","01","영업","","","","","033245 2228","378.57","","강원특별자치도 춘천시 신북읍 용산리 826","강원특별자치도 춘천시 신북읍 영서로 3741, 가동 3층","24202","한국수력원자력(주)한강수력본부","2025-02-17 16:21:35","I","2025-02-19 00:10:43","공공기관","259047.482574461","496114.082673209","공공기관","0","0","","","지하수전용","0","0","0","0","0","","0","0","N","109.11","","","",
"266","집단급식소","07_21_02_P","4181000","4181000-105-2023-00008","2023-10-31","","01","영업/정상","01","영업","","","","","033 242 3461","15.10","","강원특별자치도 춘천시 동면 만천리 800-1","강원특별자치도 춘천시 동면 만천로 165-16, 산하어린이집 1층","24216","산하어린이집","2023-10-31 17:48:12","I","2023-11-02 00:17:43","어린이집","266399.512794096","487154.235438463","어린이집","0","0","","","","0","0","0","0","0","","0","0","N","15.1","","","",
"267","집단급식소","07_21_02_P","4191000","4191000-105-2023-00009","2023-06-28","","01","영업/정상","01","영업","","","","","","88.71","","강원특별자치도 원주시 관설동 1713-2 원주단관8차청솔아파트","강원특별자치도 원주시 나비허리길 188, 관리동 1층 (관설동, 원주단관8차청솔아파트)","26473","미니미뉴어린이집","2023-07-07 10:06:23","U","2023-07-09 02:40:00","어린이집","285585.793888962","424297.389932818","어린이집","0","0","","","상수도전용","0","0","0","0","0","","0","0","N","5.83","","","",
"268","집단급식소","07_21_02_P","4191000","4191000-105-2023-00001","2023-01-09","","01","영업/정상","01","영업","","","","","","91.24","","강원특별자치도 원주시 무실동 1720-7","강원특별자치도 원주시 시청로 28, 4층 (무실동)","26387","행복마을요양원","2024-01-15 14:36:48","U","2024-01-17 02:40:00","사회복지시설","281681.085448085","426828.263057757","사회복지시설","0","0","","","상수도전용","0","0","0","0","0","","0","0","N","31.59","","","",
"269","집단급식소","07_21_02_P","4191000","4191000-105-2018-00004","2018-02-19","","01","영업/정상","01","영업","","","","","033763 8633","335.34","","강원특별자치도 원주시 흥업면 흥업리 734 육민관중고등학교","강원특별자치도 원주시 흥업면 북원로 1800, 육민관중고등학교 급식동 지상1층","26403","육민관중학교","2018-05-25 10:37:37","I","2023-06-13 00:00:00","학교","281558.337935006","423271.310337935","학교","0","0","","","상수도전용","0","0","0","0","0","","0","0","N","112.12","","","",
"270","집단급식소","07_21_02_P","4191000","4191000-105-2018-00005","2018-02-22","","01","영업/정상","01","영업","","","","","0337350350","635.60","","강원특별자치도 원주시 문막읍 반계리 2255-2 (주)케이에이씨 반계공장","강원특별자치도 원주시 문막읍 반산2로 86 (주)케이에이씨 반계공장 지상1층","26362","(주)케이에이씨반계공장","2018-03-13 11:20:31","I","2023-06-13 00:00:00","산업체","270748.025381165","422064.257846124","산업체","0","0","","","상수도전용","0","0","0","0","0","","0","0","N","130.5","","","",
"271","집단급식소","07_21_02_P","4191000","4191000-105-2018-00006","2018-03-20","","01","영업/정상","01","영업","","","","","033 733 7171","30.44","","강원특별자치도 원주시 반곡동 1822-22 3층","강원특별자치도 원주시 양지뜰1길 21, 3층 (반곡동)","26461","그린나래유치원","2019-05-28 09:42:44","I","2023-06-13 00:00:00","어린이집","287085.722583951","425570.043312152","어린이집","0","0","","","상수도전용","0","0","0","0","0","","0","0","N","20.28","","","",
"272","집단급식소","07_21_02_P","4191000","4191000-105-2018-00007","2018-04-11","","01","영업/정상","01","영업","","","","","033 7472000","123.47","","강원특별자치도 원주시 학성동 430-10","강원특별자치도 원주시 원일로 218, 1층 (학성동)","26415","원주불로병원","2018-07-02 15:39:51","I","2023-06-13 00:00:00","병원","283597.090706248","428637.719223077","병원","0","0","","","상수도전용","0","0","0","0","0","","0","0","N","60.12","","","",
"273","집단급식소","07_21_02_P","4191000","4191000-105-2018-00008","2018-04-27","","01","영업/정상","01","영업","","","","","","14.82","","강원특별자치도 원주시 흥업면 흥업리 1841","강원특별자치도 원주시 흥업면 남원로 52-2, 1층","26403","숲소리어린이집","2021-08-23 11:13:31","I","2023-06-13 00:00:00","어린이집","281599.163814582","422312.84168381","어린이집","0","0","","","상수도전용","0","0","0","0","0","","0","0","N","12.1","","","",
"274","집단급식소","07_21_02_P","4191000","4191000-105-2018-00010","2018-05-08","","01","영업/정상","01","영업","","","","","033 7433831","39.40","","강원특별자치도 원주시 단계동 1215 원주 봉화산 벨라시티 아파트","강원특별자치도 원주시 백간길 17, 1층 (단계동, 원주 봉화산 벨라시티 아파트)","26409","벨라시티어린이집","2018-06-14 09:35:26","I","2023-06-13 00:00:00","어린이집","281822.39778169","428246.867297471","어린이집","0","0","","","상수도전용","0","0","0","0","0","","0","0","N","33.96","","","",
"275","집단급식소","07_21_02_P","4191000","4191000-105-2018-00012","2018-07-02","","01","영업/정상","01","영업","","","","","033744 0111","50.28","","강원특별자치도 원주시 반곡동 1352-29 원주보듬이나눔이 어린이집 1층","강원특별자치도 원주시 입춘로 7, 원주보듬이나눔이 어린이집 1층 (반곡동)","26460","국공립원주보듬이나눔이어린이집","2020-01-15 10:57:34","I","2023-06-13 00:00:00","어린이집","","","어린이집","0","0","","","상수도전용","0","0","0","0","0","","0","0","N","28.4","","","",
"276","집단급식소","07_21_02_P","4191000","4191000-105-2018-00013","2018-07-10","","01","영업/정상","01","영업","","","","","033 769 5713","296.40","","강원특별자치도 원주시 반곡동 1858-5 1층","강원특별자치도 원주시 입춘로 50, 1층 (반곡동)","26460","원주지방국토관리청","2020-01-15 10:56:43","I","2023-06-13 00:00:00","공공기관","286598.603142349","425386.796230539","공공기관","0","0","","","상수도전용","0","0","0","0","0","","0","0","N","73.8","","","",
"277","집단급식소","07_21_02_P","4191000","4191000-105-2018-00015","2018-08-21","","01","영업/정상","01","영업","","","","","033 7627847","108.00","","강원특별자치도 원주시 판부면 금대리 959 금대초등학교","강원특별자치도 원주시 판부면 금대길 10, 금대초등학교 1층","26504","금대초등학교","2025-09-15 10:56:55","U","2025-09-17 02:40:00","학교","288342.002043545","421273.720617582","학교","0","0","","","상수도전용","0","0","0","0","0","","0","0","N","41.3","","","",
"278","집단급식소","07_21_02_P","4191000","4191000-105-2018-00016","2018-08-31","","01","영업/정상","01","영업","","","","","0337608017","909.90","","강원특별자치도 원주시 흥업면 흥업리 7 강릉원주대학교 원주캠퍼스","강원특별자치도 원주시 흥업면 남원로 150, 강릉원주대학교 원주캠퍼스 학생복지관 1층","26403","강릉원주대학교소비자생활협동조합학생교직원식당","2024-05-20 13:40:01","U","2024-05-22 02:40:00","학교","281822.359734262","422948.015239602","학교","0","0","","","상수도전용","0","0","0","0","0","","0","0","N","277.24","","","",
"279","집단급식소","07_21_02_P","4191000","4191000-105-2018-00017","2018-10-15","","01","영업/정상","01","영업","","","","","033 742 2940","39.06","","강원특별자치도 원주시 반곡동 1818-10 1층,보육동","강원특별자치도 원주시 혁신로 346-3, 1층 보육동호 (반곡동)","26460","푸른숨나무어린이집","2018-11-06 11:17:26","I","2023-06-13 00:00:00","어린이집","287140.605759433","426409.607710303","어린이집","0","0","","","상수도전용","0","0","0","0","0","","0","0","N","12.99","","","",
"280","집단급식소","07_21_02_P","4191000","4191000-105-2018-00018","2018-11-29","","01","영업/정상","01","영업","","","","","033769 6024","158.27","","강원특별자치도 원주시 지정면 판대리 599-9 산림항공본부","강원특별자치도 원주시 지정면 구재로 229, 산림항공본부 1층","26357","산림항공본부","2021-07-13 15:37:24","I","2023-06-13 00:00:00","기타 집단급식소","270742.615019699","434673.001693427","기타 집단급식소","0","0","","","지하수전용","0","2","0","0","0","","0","0","N","62.27","","","",
"281","집단급식소","07_21_02_P","4191000","4191000-105-2018-00019","2018-12-03","","01","영업/정상","01","영업","","","","","033760 7800","118.30","","강원특별자치도 원주시 태장동 1375-1","강원특별자치도 원주시 북원상가길 49, 지하1층 (태장동)","26316","의료법인신창의료재단원주H병원","2018-12-27 15:00:39","I","2023-06-13 00:00:00","병원","284220.004380598","431725.997258259","병원","0","0","","","상수도전용","0","4","0","0","0","","0","0","N","39.78","","","",
"282","집단급식소","07_21_02_P","4191000","4191000-105-2007-00012","2007-05-25","","01","영업/정상","01","영업","","","","","033 765 5006","147.53","","강원특별자치도 원주시 명륜동 120-1","강원특별자치도 원주시 남원로 631 (명륜동)","26441","연세요양병원","2017-07-11 14:57:50","I","2023-06-13 00:00:00","병원","284281.344123131","426855.575022067","병원","0","0","","","상수도전용","0","0","0","0","0","자가","0","0","N","87.08","","","",
"283","집단급식소","07_21_02_P","4191000","4191000-105-2007-00015","2007-09-04","","01","영업/정상","01","영업","","","","","033 765 3686","6.84","","강원특별자치도 원주시 단구동 134-2","강원특별자치도 원주시 치악로1570번길 16 (단구동)","26452","예지엘리스어린이집","2020-12-01 17:20:48","I","2023-06-13 00:00:00","어린이집","285329.278587349","425087.788744506","어린이집","0","0","","","상수도전용","0","0","0","0","0","","0","0","N","20.53","","","",
"284","집단급식소","07_21_02_P","4191000","4191000-105-2007-00016","2007-09-14","","01","영업/정상","01","영업","","","","","033 743 8007","24.30","","강원특별자치도 원주시 봉산동 1192-2","강원특별자치도 원주시 삼광2길 11-6 (봉산동)","26331","예그랑유치원","2017-08-23 18:17:33","I","2023-06-13 00:00:00","어린이집","285437.446825425","427157.699814649","어린이집","0","0","","","상수도전용","0","0","0","0","0","","0","0","N","73.94","","","",
"285","집단급식소","07_21_02_P","4191000","4191000-105-2007-00018","2007-11-13","","01","영업/정상","01","영업","","","","","033 737 4791","491.16","","강원특별자치도 원주시 무실동 1","강원특별자치도 원주시 시청로 1 (무실동)","26384","원주시청","2022-09-22 09:38:39","I","2023-06-13 00:00:00","공공기관","281363.212332511","426976.044990489","공공기관","0","0","","","상수도전용","0","9","0","0","0","","0","0","N","65.18","","","",
"286","집단급식소","07_21_02_P","4191000","4191000-105-2007-00020","2007-11-30","","01","영업/정상","01","영업","","","","","033 762 8268","458.14","","강원특별자치도 원주시 명륜동 709","강원특별자치도 원주시 한지공원길 77 (명륜동)","26479","치악초등학교","2017-07-11 14:54:32","I","2023-06-13 00:00:00","학교","283174.149110835","425950.66203019","학교","0","0","","","상수도전용","0","0","0","0","0","","0","0","N","192.39","","","",
"287","집단급식소","07_21_02_P","4191000","4191000-105-2007-00021","2007-12-14","","01","영업/정상","01","영업","","","","","033 735 7720","306.53","","강원특별자치도 원주시 문막읍 동화리 1654-7","강원특별자치도 원주시 문막읍 동화공단로 151-3","26365","(주)바이오프로테크","2025-01-21 11:18:28","U","2025-01-23 02:40:00","산업체","273821.046141914","425910.603179922","산업체","0","0","","","상수도전용","0","0","0","0","0","","0","0","N","60.01","","","",
"288","집단급식소","07_21_02_P","4191000","4191000-105-2008-00001","2008-02-12","","01","영업/정상","01","영업","","","","","033 760 4000","617.16","","강원특별자치도 원주시 문막읍 동화리 1681-2 (2층)","강원특별자치도 원주시 문막읍 동화공단로 77-1 ((2층))","26365","(주)만앤휴멜코리아","2017-07-11 14:53:18","I","2023-06-13 00:00:00","산업체","274602.354726704","425773.827789415","산업체","0","0","","","상수도전용","0","0","0","0","0","","0","0","N","32.86","","","",
"289","집단급식소","07_21_02_P","4191000","4191000-105-2008-00002","2008-02-18","","01","영업/정상","01","영업","","","","","033 742 5400","248.68","","강원특별자치도 원주시 문막읍 동화리 1650-1 (2층)","강원특별자치도 원주시 문막읍 동화공단로 132 ((2층))","26365","(주)메디아나","2024-08-12 14:31:52","U","2024-08-14 02:40:00","산업체","273970.179520577","426202.728095876","산업체","0","0","","","상수도전용","0","0","0","0","0","","0","0","N","64.68","","","",
"290","집단급식소","07_21_02_P","4191000","4191000-105-2008-00003","2008-03-20","","01","영업/정상","01","영업","","","","","033 730 9501","698.96","","강원특별자치도 원주시 반곡동 1450-12","강원특별자치도 원주시 동부순환로 225 (반곡동)","26457","반곡중학교","2021-03-18 11:36:12","I","2023-06-13 00:00:00","학교","286168.430768449","426464.483130885","학교","0","0","","","상수도전용","0","0","0","0","0","","0","0","N","228.09","","","",
"291","집단급식소","07_21_02_P","4191000","4191000-105-2019-00001","2019-01-04","","01","영업/정상","01","영업","","","","","033900 1111","143.22","","강원특별자치도 원주시 무실동 1855-4","강원특별자치도 원주시 능라동길 70, 10층 1002호 (무실동)","26392","원주센텀병원","2020-03-17 15:26:04","I","2023-06-13 00:00:00","병원","282368.389057022","426156.527130837","병원","0","0","","","상수도전용","0","0","0","0","0","","0","0","N","57.42","","","",
"292","집단급식소","07_21_02_P","4191000","4191000-105-2008-00005","2008-04-01","","01","영업/정상","01","영업","","","","","033 746 9184","980.64","","강원특별자치도 원주시 반곡동 1450-1","강원특별자치도 원주시 동부순환로 247 (반곡동)","26457","반곡초등학교","2021-11-05 15:41:09","I","2023-06-13 00:00:00","학교","286181.282634092","426595.063409634","학교","0","0","","","상수도전용","0","0","0","0","0","","0","0","N","322.3","","","",
"293","집단급식소","07_21_02_P","4191000","4191000-105-2008-00006","2008-05-02","","01","영업/정상","01","영업","","","","","033 903 0700","246.18","","강원특별자치도 원주시 문막읍 동화리 1642-9 (주)아이센스원주공장","강원특별자치도 원주시 문막읍 동화공단로 94-1 ((주)아이센스원주공장)","26365","(주)아이센스","2017-07-11 14:51:43","I","2023-06-13 00:00:00","산업체","274447.174699817","426318.780785674","산업체","0","0","","","상수도전용","0","4","0","0","0","","0","0","N","53.08","","","",
"294","집단급식소","07_21_02_P","4191000","4191000-105-2008-00007","2008-05-14","","01","영업/정상","01","영업","","","","","033 747 7657","161.97","","강원특별자치도 원주시 문막읍 동화리 1647-1","강원특별자치도 원주시 문막읍 동화공단로 130-1","26365","(주)씨유메디칼시스템","2021-04-21 14:18:02","I","2023-06-13 00:00:00","산업체","274138.861051817","426239.682386931","산업체","0","0","","","상수도전용","0","0","0","0","0","","0","0","N","48.87","","","",
"295","집단급식소","07_21_02_P","4191000","4191000-105-2021-00010","2021-03-17","","01","영업/정상","01","영업","","","","","","12.71","","강원특별자치도 원주시 지정면 가곡리 1476 원주기업도시 유보라 아이비파크 1단지","강원특별자치도 원주시 지정면 조엄로 393 (원주기업도시 유보라 아이비파크 1단지)","26346","반도1차아이비어린이집","2021-08-23 11:10:44","I","2023-06-13 00:00:00","어린이집","276887.594393934","430549.397329477","어린이집","0","0","","","상수도전용","0","0","0","0","0","","0","0","N","11.88","","","",
"296","집단급식소","07_21_02_P","4191000","4191000-105-2021-00011","2021-03-23","","01","영업/정상","01","영업","","","","","033 7383931","17.28","","강원특별자치도 원주시 반곡동 1914-6 한국관광공사 1층","강원특별자치도 원주시 세계로 10, 한국관광공사 1층 (반곡동)","26464","한국관광공사청사초롱어린이집","2021-04-22 11:31:23","I","2023-06-13 00:00:00","어린이집","287705.268782289","425141.439734145","어린이집","0","0","","","상수도전용","0","0","0","0","0","","0","0","N","17.28","","","",
"297","집단급식소","07_21_02_P","4191000","4191000-105-2021-00013","2021-03-24","","01","영업/정상","01","영업","","","","","033 7342104","26.75","","강원특별자치도 원주시 행구동 129-3","강원특별자치도 원주시 고문골길 77-47 (행구동)","26455","성무유치원","2024-07-17 09:43:40","U","2024-07-19 02:40:00","어린이집","289484.675193462","426959.290000844","어린이집","0","0","","","지하수전용","0","0","0","0","0","","0","0","N","15.36","","","",
"298","집단급식소","07_21_02_P","4191000","4191000-105-2021-00014","2021-03-31","","01","영업/정상","01","영업","","","","","033813 1121","24.57","","강원특별자치도 원주시 행구동 1832-25","강원특별자치도 원주시 동부순환로 338-22 (행구동)","26454","원주경찰서어린이집","2025-09-16 15:26:47","U","2025-09-18 02:40:00","어린이집","286605.725407152","427496.374559477","어린이집","0","0","","","상수도전용","0","0","0","0","0","","0","0","N","19.32","","","",
"299","집단급식소","07_21_02_P","4191000","4191000-105-2021-00015","2021-06-07","","01","영업/정상","01","영업","","","","","033 744 5752","37.72","","강원특별자치도 원주시 태장동 1346-85","강원특별자치도 원주시 새동네1길 56, 1층 (태장동)","26326","태일어린이집","2021-06-23 10:23:22","I","2023-06-13 00:00:00","어린이집","284337.720298955","428882.994095266","어린이집","0","0","","","상수도전용","0","0","0","0","0","","0","0","N","16.14","","","",
"300","집단급식소","07_21_02_P","4191000","4191000-105-2021-00016","2021-06-22","","01","영업/정상","01","영업","","","","","","104.07","","강원특별자치도 원주시 관설동 1399-25 4층","강원특별자치도 원주시 시청로 528, 4층 (관설동)","26470","바른몸한방병원","2021-06-23 13:37:46","I","2023-06-13 00:00:00","병원","285566.842353589","424120.017865798","병원","0","0","","","상수도전용","0","0","0","0","0","","0","0","N","39.6","","","",
"301","집단급식소","07_21_02_P","4191000","4191000-105-2021-00017","2021-06-24","","01","영업/정상","01","영업","","","","","15223375","167.01","","강원특별자치도 원주시 개운동 452-5","강원특별자치도 원주시 남원로 556, 지하1층 (개운동)","26448","원주프라임병원","2021-06-30 11:19:38","I","2023-06-13 00:00:00","병원","283939.806056716","426141.791401754","병원","0","0","","","상수도전용","0","0","0","0","0","","0","0","N","47.51","","","",
"302","집단급식소","07_21_02_P","4191000","4191000-105-2021-00018","2021-07-02","","01","영업/정상","01","영업","","","","","033735 3077","54.00","","강원특별자치도 원주시 문막읍 동화리 1244-8 가온해어린이집","강원특별자치도 원주시 문막읍 작은애니길 38-7, 가온해어린이집","26368","가온해어린이집","2021-08-03 09:30:32","I","2023-06-13 00:00:00","어린이집","273578.29392632","424862.526835352","어린이집","0","0","","","상수도전용","0","0","0","0","0","","0","0","N","26.07","","","",
"303","집단급식소","07_21_02_P","4191000","4191000-105-2021-00019","2021-07-22","","01","영업/정상","01","영업","","","","","","27.72","","강원특별자치도 원주시 개운동 436-1","강원특별자치도 원주시 송림길 18, 1층 (개운동)","26448","믿음요양원","2021-08-23 11:12:23","I","2023-06-13 00:00:00","사회복지시설","284107.952476737","426175.480114291","사회복지시설","0","0","","","상수도전용","0","0","0","0","0","","0","0","N","25.47","","","",
"304","집단급식소","07_21_02_P","4191000","4191000-105-2021-00020","2021-08-04","","01","영업/정상","01","영업","","","","","","14.20","","강원특별자치도 원주시 지정면 가곡리 1468 이지더원 더 그레이스 아파트","강원특별자치도 원주시 지정면 신지정로 255 (이지더원 더 그레이스 아파트)","26346","이지더원더그레이스어린이집","2021-08-23 11:14:05","I","2023-06-13 00:00:00","어린이집","276864.510011037","430918.313103026","어린이집","0","0","","","상수도전용","0","0","0","0","0","","0","0","N","10","","","",
"305","집단급식소","07_21_02_P","4191000","4191000-105-2021-00021","2021-08-05","","01","영업/정상","01","영업","","","","","","12.69","","강원특별자치도 원주시 단구동 1721 원주단구 내안애카운티 에듀파크 1단지 1층","강원특별자치도 원주시 오성마을길 63-25, 1층 (단구동, 원주단구 내안애카운티 에듀파크 1단지)","26400","내안애어린이집","2022-01-11 21:51:34","I","2023-06-13 00:00:00","어린이집","284004.986465453","424301.949916142","어린이집","0","0","","","상수도전용","0","0","0","0","0","","0","0","N","11.09","","","",
"306","집단급식소","07_21_02_P","4191000","4191000-105-2021-00022","2021-08-18","","01","영업/정상","01","영업","","","","","033 7634119","163.62","","강원특별자치도 원주시 반곡동 산 16-12 1층","강원특별자치도 원주시 동부순환로 201, 1층 (반곡동)","26457","원주소방서","2021-08-24 10:46:31","I","2023-06-13 00:00:00","공공기관","286176.207020938","426153.505244935","공공기관","0","0","","","상수도전용","0","0","0","0","0","","0","0","N","45.1","","","",
"307","집단급식소","07_21_02_P","4191000","4191000-105-2010-00022","2010-12-10","","01","영업/정상","01","영업","","","","","033 732 8624","124.77","","강원특별자치도 원주시 문막읍 반계리 2233","강원특별자치도 원주시 문막읍 문막공단길 170, 2층","26362","(주)데어리젠","2018-09-27 17:12:32","I","2023-06-13 00:00:00","산업체","271474.732860906","421466.489493918","산업체","0","0","","","지하수전용","0","0","0","0","0","","0","0","N","50.76","","","",
"308","집단급식소","07_21_02_P","4191000","4191000-105-2002-00013","2002-05-02","","01","영업/정상","01","영업","","","","","033 7635174","198.99","","강원특별자치도 원주시 단구동 460","강원특별자치도 원주시 치악로 1724 (단구동)","26445","원주중학교","2017-07-11 11:42:11","I","2023-06-13 00:00:00","학교","284838.814393183","426515.308829679","학교","0","0","","","상수도전용","0","0","0","0","0","","0","0","N","587.93","","","",
"309","집단급식소","07_21_02_P","4191000","4191000-105-2002-00014","2002-05-09","","01","영업/정상","01","영업","","","","","033 7667656","176.40","","강원특별자치도 원주시 단구동 1565-1","강원특별자치도 원주시 시청로 333 (단구동)","26483","남원주중학교","2020-12-01 17:18:09","I","2023-06-13 00:00:00","학교","283705.828611581","424925.47860003","학교","0","0","","","상수도전용","0","0","0","0","0","","0","0","N","639","","","",
"310","집단급식소","07_21_02_P","4191000","4191000-105-2003-00002","2003-02-19","","01","영업/정상","01","영업","","","","","033 7316891","99.00","","강원특별자치도 원주시 무실동 산 139 외3필지","강원특별자치도 원주시 북원로 1996 (무실동,외3필지)","26395","원주삼육고등학교","2022-05-24 10:39:47","I","2023-06-13 00:00:00","학교","281855.1721631","425321.748242874","학교","0","0","","","상수도전용","0","0","0","0","0","","0","0","N","376.72","","","",
"311","집단급식소","07_21_02_P","4191000","4191000-105-2003-00003","2003-03-04","","01","영업/정상","01","영업","","","","","033731 6036","76.50","","강원특별자치도 원주시 무실동 산 139","강원특별자치도 원주시 북원로 1996 (무실동)","26395","원주삼육초등학교","2017-07-11 11:43:14","I","2023-06-13 00:00:00","학교","281855.1721631","425321.748242874","학교","0","0","","","상수도전용","0","0","0","0","0","","0","0","N","446.7","","","",
"312","집단급식소","07_21_02_P","4191000","4191000-105-2003-00004","2003-03-08","","01","영업/정상","01","영업","","","","","033 7327167","610.61","","강원특별자치도 원주시 단계동 481-8","강원특별자치도 원주시 원문로137번길 36 (단계동)","26410","치악중학교","2017-07-11 11:43:39","I","2023-06-13 00:00:00","학교","282411.155977414","428349.18492925","학교","0","0","","","상수도전용","0","0","0","0","0","","0","0","N","202.07","","","",
"313","집단급식소","07_21_02_P","4191000","4191000-105-2003-00005","2003-03-08","","01","영업/정상","01","영업","","","","","033 7326223","142.60","","강원특별자치도 원주시 단계동 913","강원특별자치도 원주시 무실로 222 (단계동)","26475","평원중학교","2017-07-11 11:43:58","I","2023-06-13 00:00:00","학교","282880.98379518","426732.099457836","학교","0","0","","","상수도전용","0","0","0","0","0","","0","0","N","805.7","","","",
"314","집단급식소","07_21_02_P","4191000","4191000-105-2003-00006","2003-04-17","","01","영업/정상","01","영업","","","","","033 7320616","85.68","","강원특별자치도 원주시 단계동 481-4","강원특별자치도 원주시 원문로137번길 34 (단계동)","26410","원주청원학교","2017-07-11 11:44:34","I","2023-06-13 00:00:00","학교","282284.396256091","428425.846090138","학교","0","0","","","상수도전용","0","0","0","0","0","","0","0","N","315.88","","","",
"315","집단급식소","07_21_02_P","4191000","4191000-105-2003-00007","2003-05-12","","01","영업/정상","01","영업","","","","","033 7317825","93.15","","강원특별자치도 원주시 태장동 산 101","강원특별자치도 원주시 치악로 2240 (태장동)","26323","강원과학고등학교","2018-06-19 16:42:19","I","2023-06-13 00:00:00","학교","","","학교","0","0","","","상수도전용","0","0","0","0","0","","0","0","N","319.5","","","",
"316","집단급식소","07_21_02_P","4191000","4191000-105-2003-00010","2003-12-19","","01","영업/정상","01","영업","","","","","033 7313842","159.84","","강원특별자치도 원주시 부론면 법천리 1442","강원특별자치도 원주시 부론면 부귀로 35","26498","부론중.원주금융회계고등학교","2017-07-11 11:45:12","I","2023-06-13 00:00:00","학교","266699.661708955","412106.976309222","학교","0","0","","","상수도전용","0","0","0","0","0","","0","0","N","44.64","","","",
"317","집단급식소","07_21_02_P","4191000","4191000-105-2021-00023","2021-08-30","","01","영업/정상","01","영업","","","","","","89.64","","강원특별자치도 원주시 태장동 1720-39 (주)파리크라상","강원특별자치도 원주시 태장공단길 43 (주)파리크라상 (태장동)","26311","파리크라상원주공장","2025-01-22 15:03:44","U","2025-01-24 02:40:00","산업체","283718.125063529","433898.978174113","산업체","0","0","","","","0","0","0","0","0","","0","0","N","44.6","","","",
"318","집단급식소","07_21_02_P","4191000","4191000-105-2021-00024","2021-09-08","","01","영업/정상","01","영업","","","","","033731 8685","182.74","","강원특별자치도 원주시 호저면 고산리 260 고산초등학교","강원특별자치도 원주시 호저면 호저로 873, 고산초등학교","26302","고산초등학교","2021-09-15 11:51:25","I","2023-06-13 00:00:00","학교","282026.1846868","438601.950713034","학교","0","0","","","상수도전용","0","0","0","0","0","","0","0","N","42.92","","","",
"319","집단급식소","07_21_02_P","4191000","4191000-105-2021-00025","2021-09-17","","01","영업/정상","01","영업","","","","","033 8116211","198.30","","강원특별자치도 원주시 태장동 1889 한국도로공사강원지역본부","강원특별자치도 원주시 북원로 2873, 한국도로공사강원지역본부 (태장동)","26311","한국도로공사원주지사","2023-02-28 15:01:15","I","2023-06-13 00:00:00","공공기관","284227.889952275","433513.338069116","공공기관","0","0","","","","0","0","0","0","0","","0","0","N","17.27","","","",
"320","집단급식소","07_21_02_P","4191000","4191000-105-2021-00026","2021-10-05","","01","영업/정상","01","영업","","","","","033 7466661","20.41","","강원특별자치도 원주시 지정면 가곡리 1512 원주 롯데캐슬 골드파크 1차","강원특별자치도 원주시 지정면 신지정로 250 (원주 롯데캐슬 골드파크 1차)","26353","롯데캐슬골드파크1차어린이집","2021-10-18 10:40:21","I","2023-06-13 00:00:00","어린이집","277134.988226673","430921.744566666","어린이집","0","0","","","상수도전용","0","0","0","0","0","","0","0","N","15.43","","","",
"321","집단급식소","07_21_02_P","4191000","4191000-105-2021-00027","2021-10-28","","01","영업/정상","01","영업","","","","","","15.66","","강원특별자치도 원주시 반곡동 1993-3 엘에이치센트럴파크 어린이집","강원특별자치도 원주시 혁신로 224-2, 엘에이치센트럴파크 어린이집 1층 (반곡동)","26463","해피키즈어린이집","2021-11-02 16:25:04","I","2023-06-13 00:00:00","어린이집","288128.145530836","425613.993722743","어린이집","0","0","","","상수도전용","0","0","0","0","0","","0","0","N","15.66","","","",
"322","집단급식소","07_21_02_P","4191000","4191000-105-2011-00001","2011-01-24","","01","영업/정상","01","영업","","","","","033 737 7500","160.20","","강원특별자치도 원주시 지정면 월송리 187-1","강원특별자치도 원주시 지정면 신평석화로 326","26358","(주)대한과학","2023-07-13 11:11:06","U","2023-07-15 02:40:00","산업체","277111.12313612","433812.358603889","산업체","0","0","","","지하수전용","0","0","0","0","0","","0","0","N","37.12","","","",
"323","집단급식소","07_21_02_P","4191000","4191000-105-2011-00002","2011-02-23","","01","영업/정상","01","영업","","","","","033 746 4100","114.17","","강원특별자치도 원주시 행구동 1440-1","강원특별자치도 원주시 오리현길 236 (행구동)","26456","영광병원","2017-07-11 11:55:34","I","2023-06-13 00:00:00","병원","287814.956845904","426438.392178082","병원","0","0","","","지하수전용","0","0","0","0","0","","0","0","N","54.32","","","",
"324","집단급식소","07_21_02_P","4191000","4191000-105-2011-00003","2011-02-28","","01","영업/정상","01","영업","","","","","033 748 4321","19.27","","강원특별자치도 원주시 태장동 1321-67","강원특별자치도 원주시 태장둔치길 143 (태장동)","26317","예찬어린이집","2017-07-11 11:55:05","I","2023-06-13 00:00:00","어린이집","285205.856888211","431845.803987145","어린이집","0","0","","","상수도전용","0","0","0","0","0","","0","0","N","14.43","","","",
"325","집단급식소","07_21_02_P","4191000","4191000-105-2011-00004","2011-03-07","","01","영업/정상","01","영업","","","","","033 737 8500","848.81","","강원특별자치도 원주시 무실동 1716-2","강원특별자치도 원주시 만대로 65 (무실동)","26387","만대초등학교","2017-07-11 11:50:41","I","2023-06-13 00:00:00","학교","281502.829920928","426758.159826352","학교","0","0","","","상수도전용","0","0","0","0","0","","0","0","N","200.19","","","",
"326","집단급식소","07_21_02_P","4191000","4191000-105-2011-00005","2011-03-21","","01","영업/정상","01","영업","","","","","033 747 1199","76.90","","강원특별자치도 원주시 우산동 125-1 (2동)","강원특별자치도 원주시 상지대길 23 (우산동,(2동))","26342","현대중앙병원","2017-07-11 11:50:18","I","2023-06-13 00:00:00","병원","283094.965914142","430100.902774033","병원","0","0","","","상수도전용","0","0","0","0","0","","0","0","N","38","","","",
"327","집단급식소","07_21_02_P","4191000","4191000-105-2011-00007","2011-04-19","","01","영업/정상","01","영업","","","","","033743 5412","124.62","","강원특별자치도 원주시 학성동 1023-68 외1필지 A동","강원특별자치도 원주시 남산로 199 (학성동,외1필지 A동)","26412","원주가톨릭병원","2025-03-11 14:54:55","U","2025-03-13 02:40:00","병원","283316.518675463","428391.532010113","병원","0","0","","","상수도전용","0","0","0","0","0","","0","0","N","121.27","","","",
"328","집단급식소","07_21_02_P","4191000","4191000-105-2011-00009","2011-04-26","","01","영업/정상","01","영업","","","","","033 735 3813","26.10","","강원특별자치도 원주시 단계동 94-19 (2층)","강원특별자치도 원주시 원문로100번길 38 (단계동,(2층))","26407","강남키즈랜드어린이집","2020-09-24 16:52:30","I","2023-06-13 00:00:00","어린이집","282831.726994191","429019.604076066","어린이집","0","0","","","상수도전용","0","0","0","0","0","","0","0","N","25.58","","","",
"329","집단급식소","07_21_02_P","4191000","4191000-105-2011-00012","2011-05-04","","01","영업/정상","01","영업","","","","","033 742 9371","115.21","","강원특별자치도 원주시 단계동 1085-1 수협중앙회","강원특별자치도 원주시 백간길 95 (단계동)","26411","센트럴병원","2020-11-30 10:01:06","I","2023-06-13 00:00:00","병원","282685.439732672","428204.333667541","병원","0","0","","","상수도전용","0","0","0","0","0","","0","0","N","42.27","","","",
"330","집단급식소","07_21_02_P","4191000","4191000-105-2011-00015","2011-06-21","","01","영업/정상","01","영업","","","","","033 745 4171","247.00","","강원특별자치도 원주시 단구동 1513","강원특별자치도 원주시 서원대로 412 (단구동)","26485","원주우체국","2020-12-01 17:21:48","I","2023-06-13 00:00:00","공공기관","284173.23150096","425634.636805319","공공기관","0","0","","","상수도전용","0","0","0","0","0","","0","0","N","53.38","","","",
"331","집단급식소","07_21_02_P","4191000","4191000-105-2004-00003","2004-02-17","","01","영업/정상","01","영업","","","","","033 7610703","140.40","","강원특별자치도 원주시 관설동 562 외5필지,반곡동산176번지외16필지","강원특별자치도 원주시 치악로 1384 (관설동,외5필지,반곡동산176번지외16필지)","","영서고등학교","2017-07-11 11:45:35","I","2023-06-13 00:00:00","학교","286804.697741655","423842.303167789","학교","0","0","","","상수도전용","0","0","0","0","0","","0","0","N","457.2","","","",
"332","집단급식소","07_21_02_P","4191000","4191000-105-2004-00004","2004-03-11","","01","영업/정상","01","영업","","","","","033 7323107","31.39","","강원특별자치도 원주시 학성동 152-8","강원특별자치도 원주시 문화촌길 33 (학성동)","26332","학성유치원","2020-09-21 13:22:03","I","2023-06-13 00:00:00","어린이집","284093.983292427","428472.904124702","어린이집","0","0","","","상수도전용","0","0","0","0","0","","0","0","N","42.87","","","",
"333","집단급식소","07_21_02_P","4191000","4191000-105-2004-00005","2004-04-01","","01","영업/정상","01","영업","","","","","033 7341649","220.50","","강원특별자치도 원주시 문막읍 동화리 1534-2","강원특별자치도 원주시 문막읍 왕건로 83","26367","동화초등학교","2017-07-11 11:52:11","I","2023-06-13 00:00:00","학교","273389.661491627","425377.628288954","학교","0","0","","","상수도전용","0","0","0","0","0","","0","0","N","729.7","","","",
"334","집단급식소","07_21_02_P","4191000","4191000-105-2004-00006","2004-04-09","","01","영업/정상","01","영업","","","","","033  7439844","12.24","","강원특별자치도 원주시 우산동 70-3 지하","강원특별자치도 원주시 북원로 2572 (우산동,지하)","26337","원주우리병원","2017-07-11 11:53:43","I","2023-06-13 00:00:00","병원","283509.223349557","430585.872619365","병원","0","0","","","상수도전용","0","0","0","0","0","","0","0","N","28.14","","","",
"335","집단급식소","07_21_02_P","4191000","4191000-105-2017-00011","2017-06-20","","01","영업/정상","01","영업","","","","","033 760 1700","339.70","","강원특별자치도 원주시 지정면 가곡리 1337 지상3층","강원특별자치도 원주시 지정면 기업도시로 120, 지상3층","26354","(주)은성글로벌","2017-06-27 21:14:21","I","2023-06-13 00:00:00","산업체","278015.232850399","430556.900047341","산업체","0","0","","","상수도전용","0","0","0","0","0","","0","0","N","92.22","","","",
"336","집단급식소","07_21_02_P","4191000","4191000-105-2017-00012","2017-06-28","","01","영업/정상","01","영업","","","","","","43.41","","강원특별자치도 원주시 개운동 436-1","강원특별자치도 원주시 송림길 18, 3층 (개운동)","26448","소담요양원","2021-08-23 11:10:34","I","2023-06-13 00:00:00","사회복지시설","284107.952476737","426175.480114291","사회복지시설","0","0","","","상수도전용","0","0","0","0","0","","0","0","N","23.94","","","",
"337","집단급식소","07_21_02_P","4191000","4191000-105-2017-00014","2017-06-22","","01","영업/정상","01","영업","","","","","033 744 5842","34.56","","강원특별자치도 원주시 반곡동 2047-5 어린이집, 2층","강원특별자치도 원주시 배울로 24, 2층 (반곡동, 어린이집)","26465","중흥늘해랑어린이집","2018-01-25 10:06:41","I","2023-06-13 00:00:00","어린이집","286462.356184421","424575.782591608","어린이집","0","0","","","상수도전용","0","0","0","0","0","","0","0","N","17.88","","","",
"338","집단급식소","07_21_02_P","4191000","4191000-105-2017-00015","2017-06-23","","01","영업/정상","01","영업","","","","","033 769 9405","263.17","","강원특별자치도 원주시 반곡동 2049-4 1층","강원특별자치도 원주시 혁신로 22, 1층 (반곡동)","26466","국립공원공단","2025-07-30 10:38:25","U","2025-08-01 02:40:00","공공기관","286500.901400144","425099.274300693","공공기관","0","0","","","상수도전용","0","4","0","0","0","","0","0","N","71","","","",
"339","집단급식소","07_21_02_P","4191000","4191000-105-2017-00016","2017-07-06","","01","영업/정상","01","영업","","","","","033 7628621","48.33","","강원특별자치도 원주시 문막읍 반계리 2269-7","강원특별자치도 원주시 문막읍 반산1로 14, 주1동-치즈동 2층","26362","(주)데어리젠(본점)","2025-03-20 14:47:50","U","2025-03-22 02:40:00","산업체","271389.846816522","422343.595640785","산업체","0","0","","","상수도전용","0","0","0","0","0","","0","0","N","20.54","","","",
"340","집단급식소","07_21_02_P","4191000","4191000-105-2017-00018","2017-08-10","","01","영업/정상","01","영업","","","","","033 8123800","240.00","","강원특별자치도 원주시 지정면 가곡리 1331 지상1층 2동","강원특별자치도 원주시 지정면 기업도시로 168, 2동 지상1층","26354","(주)인성메디칼","2018-06-14 15:35:18","I","2023-06-13 00:00:00","산업체","277716.759142604","430369.034557911","산업체","0","0","","","상수도전용","0","0","0","0","0","","0","0","N","42","","","",
"341","집단급식소","07_21_02_P","4191000","4191000-105-2017-00019","2017-08-21","","01","영업/정상","01","영업","","","","","","91.33","","강원특별자치도 원주시 학성동 439-1","강원특별자치도 원주시 원일로 230 (학성동)","26413","원주연세병원","2021-11-28 21:19:49","I","2023-06-13 00:00:00","병원","283550.429134371","428716.135471866","병원","0","0","","","상수도전용","0","2","0","0","0","","0","0","N","62.79","","","",
"342","집단급식소","07_21_02_P","4191000","4191000-105-2017-00020","2017-09-04","","01","영업/정상","01","영업","","","","","033743 1004","176.22","","강원특별자치도 원주시 봉산동 753-1","강원특별자치도 원주시 개륜1길 63, 지상1층 (봉산동)","26331","두울천사들의집","2018-09-11 11:55:43","I","2023-06-13 00:00:00","사회복지시설","285599.968199524","428052.5578566","사회복지시설","0","0","","","상수도전용","0","0","0","0","0","","0","0","N","80.4","","","",
"343","집단급식소","07_21_02_P","4191000","4191000-105-2006-00030","2006-08-31","","01","영업/정상","01","영업","","","","","033 7350341","528.27","","강원특별자치도 원주시 문막읍 건등리 583-2","강원특별자치도 원주시 문막읍 원문로 1756","26370","원주의료고등학교","2017-07-11 13:50:14","I","2023-06-13 00:00:00","학교","272839.993436659","423848.923048767","학교","0","0","","","상수도전용","0","0","0","0","0","","0","0","N","139.79","","","",
"344","집단급식소","07_21_02_P","4191000","4191000-105-2006-00033","2006-12-04","","01","영업/정상","01","영업","","","","","033 7302817","379.38","","강원특별자치도 원주시 지정면 월송리 1016 오크밸리","강원특별자치도 원주시 지정면 오크밸리2길 58, 오크힐스 클럽하우스 지하 1층","26357","HDC리조트(주)스키빌리지직원식당","2021-04-30 16:43:55","I","2023-06-13 00:00:00","산업체","273387.408064752","435358.539333992","산업체","0","0","","","간이상수도","0","0","0","0","0","자가","0","0","N","150.34","","","",
"345","집단급식소","07_21_02_P","4191000","4191000-105-2017-00022","2017-09-05","","01","영업/정상","01","영업","","","","","033 736 5055","54.00","","강원특별자치도 원주시 반곡동 1914-8 1층","강원특별자치도 원주시 혁신로 199, 1층 (반곡동)","26464","KOMIR어린이집","2021-09-28 13:34:38","I","2023-06-13 00:00:00","어린이집","287826.547466372","425315.151475342","어린이집","0","0","","","상수도전용","0","0","0","0","0","","0","0","N","26.52","","","",
"346","집단급식소","07_21_02_P","4191000","4191000-105-2017-00023","2017-09-05","","01","영업/정상","01","영업","","","","","033 7317857","356.10","","강원특별자치도 원주시 호저면 광격리 628","강원특별자치도 원주시 호저면 광학로 89","26302","장주기요셉의집","2024-09-19 14:35:11","U","2024-09-21 02:40:00","사회복지시설","282552.714601646","439723.371641187","사회복지시설","0","0","","","지하수전용","0","0","0","0","0","","0","0","N","95.8","","","",
"347","집단급식소","07_21_02_P","4191000","4191000-105-2017-00025","2017-11-28","","01","영업/정상","01","영업","","","","","033 7601348","996.30","","강원특별자치도 원주시 흥업면 흥업리 산 66 한라대학교 지상1층 1동","강원특별자치도 원주시 흥업면 한라대길 28, 1동 지상1층","26404","한라대학교","2020-02-26 11:24:55","I","2023-06-13 00:00:00","학교","280062.707435473","422524.037659411","학교","0","0","","","지하수전용","0","0","0","0","0","","0","0","N","297","","","",
"348","집단급식소","07_21_02_P","4191000","4191000-105-2018-00001","2018-01-03","","01","영업/정상","01","영업","","","","","033 7462589","33.62","","강원특별자치도 원주시 지정면 신평리 204-4","강원특별자치도 원주시 지정면 하차면길 25-1, 지상2층","26348","성균관유치원","2022-11-11 10:40:07","I","2023-06-13 00:00:00","어린이집","279195.876910019","429191.407616668","어린이집","0","0","","","지하수전용","0","0","0","0","0","","0","0","N","33.62","","","",
"349","집단급식소","07_21_02_P","4191000","4191000-105-2006-00034","2006-12-28","","01","영업/정상","01","영업","","","","","033 7435411","94.90","","강원특별자치도 원주시 단계동 776-1 외 4필지","","","프란치스코사회복지회 사랑의집","2020-05-26 15:33:46","I","2023-06-13 00:00:00","사회복지시설","","","사회복지시설","0","0","","","지하수전용","0","0","0","0","0","자가","0","0","N","27.79","","","",
"350","집단급식소","07_21_02_P","4191000","4191000-105-2007-00001","2007-02-23","","01","영업/정상","01","영업","","","","","033 7387954","368.11","","강원특별자치도 원주시 우산동 660","강원특별자치도 원주시 상지대길 83 (우산동)","26339","상지대학교소비자생활협동조합","2024-07-11 15:45:54","U","2024-07-13 02:40:00","학교","282151.822954944","430257.366976729","학교","0","0","","","상수도전용","0","0","0","0","0","","0","0","N","217.04","","","",
"351","집단급식소","07_21_02_P","4191000","4191000-105-2007-00002","2007-03-05","","01","영업/정상","01","영업","","","","","033 7669721","670.38","","강원특별자치도 원주시 단구동 982-1","강원특별자치도 원주시 늘품로 64 (단구동)","26487","구곡초등학교","2020-12-01 17:19:06","I","2023-06-13 00:00:00","학교","284379.470921511","425211.487447713","학교","0","0","","","상수도전용","0","0","0","0","0","자가","0","0","N","127.73","","","",
"352","집단급식소","07_21_02_P","4191000","4191000-105-2007-00003","2007-03-07","","01","영업/정상","01","영업","","","","","033 7479620","808.92","","강원특별자치도 원주시 태장동 720-1","강원특별자치도 원주시 치악로 2006 (태장동)","26323","태장중학교","2017-07-11 13:54:00","I","2023-06-13 00:00:00","학교","284949.372236012","428834.005298237","학교","0","0","","","상수도전용","0","0","0","0","0","자가","0","0","N","175.18","","","",
"353","집단급식소","07_21_02_P","4191000","4191000-105-2007-00004","2007-03-14","","01","영업/정상","01","영업","","","","","033 7648800","50.49","","강원특별자치도 원주시 단구동 1530-2","강원특별자치도 원주시 천매봉길 94-29 (단구동)","26483","이화유치원","2020-12-01 17:20:09","I","2023-06-13 00:00:00","어린이집","283528.140384589","425160.291831729","어린이집","0","0","","","상수도전용","0","0","0","0","0","자가","0","0","N","28.93","","","",
"354","집단급식소","07_21_02_P","4191000","4191000-105-2007-00006","2007-03-26","","01","영업/정상","01","영업","","","","","033 7408313","404.54","","강원특별자치도 원주시 문막읍 동화리 1644-1","강원특별자치도 원주시 문막읍 동화공단로 94","26365","(주)리스템 집단급식소","2017-07-11 13:54:39","I","2023-06-13 00:00:00","산업체","274416.886495923","426209.951665496","산업체","0","0","","","상수도전용","0","0","0","0","0","","0","0","N","50.21","","","",
"355","집단급식소","07_21_02_P","4191000","4191000-105-2007-00007","2007-04-05","","01","영업/정상","01","영업","","","","","033 7424248","168.60","","강원특별자치도 원주시 우산동 405-15","강원특별자치도 원주시 우산공단길 8-33 (우산동)","26336","유성씨앤에프주식회사","2017-07-11 13:54:55","I","2023-06-13 00:00:00","산업체","283338.704640429","431004.910110359","산업체","0","0","","","상수도전용","0","0","0","0","0","자가","0","0","N","26.04","","","",
"356","집단급식소","07_21_02_P","4191000","4191000-105-2007-00008","2007-04-10","","01","영업/정상","01","영업","","","","","033 7300001","280.16","","강원특별자치도 원주시 지정면 가곡리 산 2-1","강원특별자치도 원주시 지정면 지래울로 185","26355","주식회사누가의료기","2025-01-06 16:15:36","U","2025-01-08 02:40:00","산업체","277405.83163653","430116.93013179","산업체","0","0","","","상수도전용","0","0","0","0","0","자가","0","0","N","54.72","","","",
"357","집단급식소","07_21_02_P","4191000","4191000-105-2020-00009","2020-07-23","","01","영업/정상","01","영업","","","","","033762 8131","162.35","","강원특별자치도 원주시 명륜동 705 명륜2단지아파트","강원특별자치도 원주시 예술관길 31, 1층 (명륜동, 명륜2단지아파트)","26481","명륜종합사회복지관","2020-08-11 15:31:23","I","2023-06-13 00:00:00","사회복지시설","283422.748540837","425961.551802728","사회복지시설","0","0","","","","0","0","0","0","0","","0","0","N","42.15","","","",
"358","집단급식소","07_21_02_P","4191000","4191000-105-2020-00011","2020-08-19","","01","영업/정상","01","영업","","","","","033 7427766","151.68","","강원특별자치도 원주시 무실동 1857-10","강원특별자치도 원주시 능라동길 51, 6층 (무실동)","26392","본베스트병원","2020-09-18 11:04:25","I","2023-06-13 00:00:00","병원","282361.656343235","426273.540502002","병원","0","0","","","상수도전용","0","0","0","0","0","","0","0","N","27.16","","","",
"359","집단급식소","07_21_02_P","4191000","4191000-105-2020-00012","2020-08-21","","01","영업/정상","01","영업","","","","","0337377848","360.47","","강원특별자치도 원주시 문막읍 문막리 237 문막중학교","강원특별자치도 원주시 문막읍 문막시장1길 58, 1층","26373","문막고등학교","2020-10-07 10:38:06","I","2023-06-13 00:00:00","학교","272180.52423723","422880.956556221","학교","0","0","","","상수도전용","0","0","0","0","0","","0","0","N","93","","","",
"360","집단급식소","07_21_02_P","4191000","4191000-105-2020-00015","2020-10-14","","01","영업/정상","01","영업","","","","","","12.92","","강원특별자치도 원주시 지정면 가곡리 1470-1 원주기업도시 유보라 아이비파크 2단지","강원특별자치도 원주시 지정면 조엄로 397 (원주기업도시 유보라 아이비파크 2단지)","26346","유보라어린이집","2021-08-23 11:13:15","I","2023-06-13 00:00:00","어린이집","276963.715257045","430755.346295523","어린이집","0","0","","","상수도전용","0","0","0","0","0","","0","0","N","12.32","","","",
"361","집단급식소","07_21_02_P","4191000","4191000-105-2020-00016","2020-10-19","","01","영업/정상","01","영업","","","","","033 7490801","260.00","","강원특별자치도 원주시 지정면 가곡리 1283-1","강원특별자치도 원주시 지정면 조엄로 347-2","26355","설성식품직원식당","2025-04-17 17:12:15","U","2025-04-19 02:40:00","산업체","276485.455261985","430284.100944501","산업체","0","0","","","상수도전용","0","0","0","0","0","","0","0","N","89.52","","","",
"362","집단급식소","07_21_02_P","4191000","4191000-105-2000-00005","2000-05-19","","01","영업/정상","01","영업","","","","","033 7317003","","","강원특별자치도 원주시 문막읍 반계리 1090","강원특별자치도 원주시 문막읍 원문로 2265","26361","반계초등학교","2017-07-11 11:33:28","I","2023-06-13 00:00:00","학교","270059.780944293","421379.481958167","학교","0","0","","","상수도전용","0","0","0","0","0","","0","0","N","0","","","",
"363","집단급식소","07_21_02_P","4191000","4191000-105-2000-00007","2000-08-14","","01","영업/정상","01","영업","","","","","033 7437866","","","강원특별자치도 원주시 일산동 250","강원특별자치도 원주시 동진골2길 24 (일산동)","26417","학성중학교","2017-07-11 11:33:51","I","2023-06-13 00:00:00","학교","283237.238758424","427972.692457826","학교","0","0","","","상수도전용","0","0","0","0","0","","0","0","N","0","","","",
"364","집단급식소","07_21_02_P","4191000","4191000-105-2000-00008","2000-08-14","","01","영업/정상","01","영업","","","","","033 7321464","","","강원특별자치도 원주시 태장동 1359 북원중학교","강원특별자치도 원주시 북원중길 48, 북원중학교 (태장동)","26316","북원중학교","2023-10-16 14:28:36","U","2023-10-18 02:40:00","학교","284321.973886544","432010.741757592","학교","0","0","","","상수도전용","0","0","0","0","0","","0","0","N","0","","","",
"365","집단급식소","07_21_02_P","4191000","4191000-105-2001-00001","2001-03-16","","01","영업/정상","01","영업","","","","","033 7310677","","","강원특별자치도 원주시 문막읍 취병리 322","강원특별자치도 원주시 문막읍 취병로 133","26360","주식회사프라이맥스","2017-07-11 11:34:32","I","2023-06-13 00:00:00","산업체","270809.899038071","423738.527337668","산업체","0","0","","","지하수전용","0","0","0","0","0","","0","0","N","0","","","",
"366","집단급식소","07_21_02_P","4191000","4191000-105-2001-00002","2001-03-22","","01","영업/정상","01","영업","","","","","033 7641613","","","강원특별자치도 원주시 명륜동 204","강원특별자치도 원주시 단구로 147 (명륜동)","26439","원주여자중학교","2017-07-11 11:34:52","I","2023-06-13 00:00:00","학교","283670.534394414","426787.373732804","학교","0","0","","","상수도전용","0","0","0","0","0","","0","0","N","0","","","",
"367","집단급식소","07_21_02_P","4191000","4191000-105-2001-00004","2001-04-24","","01","영업/정상","01","영업","","","","","033 7668852","","","강원특별자치도 원주시 명륜동 844","강원특별자치도 원주시 남원로469번길 61 (명륜동)","26482","서원주초등학교","2017-07-11 11:35:12","I","2023-06-13 00:00:00","학교","283230.978177423","425409.724166659","학교","0","0","","","상수도전용","0","0","0","0","0","","0","0","N","0","","","",
"368","집단급식소","07_21_02_P","4191000","4191000-105-2020-00017","2020-12-09","","01","영업/정상","01","영업","","","","","","451.16","","강원특별자치도 원주시 반곡동 1956-1","강원특별자치도 원주시 혁신로 249, 1층 (반곡동)","26462","한국보훈복지의료공단 원주보훈요양원","2024-10-29 14:38:53","U","2024-10-31 02:40:00","사회복지시설","287783.292768836","425819.715212922","사회복지시설","0","0","","","상수도전용","0","0","0","0","0","임대","0","0","N","253.59","","","",
"369","집단급식소","07_21_02_P","4191000","4191000-105-2021-00001","2021-01-13","","01","영업/정상","01","영업","","","","","","21.53","","강원특별자치도 원주시 지정면 가곡리 1461 원주기업도시 3-1블럭 호반베르디움 334동","강원특별자치도 원주시 지정면 신지정로 295 (원주기업도시 3-1블럭 호반베르디움)","26346","호반더힐어린이집","2021-08-23 11:12:13","I","2023-06-13 00:00:00","어린이집","276867.098912859","431303.018978567","어린이집","0","0","","","상수도전용","0","0","0","0","0","","0","0","N","16.7","","","",
"370","집단급식소","07_21_02_P","4191000","4191000-105-2021-00002","2021-01-19","","01","영업/정상","01","영업","","","","","033 7608246","107.20","","강원특별자치도 원주시 흥업면 흥업리 7 강릉원주대학교원주캠퍼스","강원특별자치도 원주시 흥업면 남원로 150, 강릉원주대학교원주캠퍼스","26403","강릉원주대학교부설유치원","2021-01-22 20:43:51","I","2023-06-13 00:00:00","학교","281822.359734262","422948.015239602","학교","0","0","","","상수도전용","0","0","0","0","0","","0","0","N","52.29","","","",
"371","집단급식소","07_21_02_P","4191000","4191000-105-2021-00004","2021-02-09","","01","영업/정상","01","영업","","","","","033 7499900","646.20","","강원특별자치도 원주시 반곡동 1860-8 세인트병원, 지하1층","강원특별자치도 원주시 혁신로 5, 세인트병원 지하1층 (반곡동)","26460","의료법인삼산의료재단삼산병원","2023-09-07 14:38:03","U","2023-09-09 02:40:00","병원","286368.932064117","425375.093838049","병원","0","0","","","상수도전용","0","0","0","0","0","","0","0","N","236.25","","","",
"372","집단급식소","07_21_02_P","4191000","4191000-105-2021-00005","2021-02-18","","01","영업/정상","01","영업","","","","","033 9001111","724.42","","강원특별자치도 원주시 지정면 가곡리 1507-1 샘마루초등학교","강원특별자치도 원주시 지정면 신지정로 264, 샘마루초등학교","26353","샘마루초등학교","2021-03-05 11:29:47","I","2023-06-13 00:00:00","학교","277078.562747505","431147.249262056","학교","0","0","","","상수도전용","0","0","0","0","0","","0","0","N","251.33","","","",
"373","집단급식소","07_21_02_P","4191000","4191000-105-2021-00006","2021-03-08","","01","영업/정상","01","영업","","","","","","112.96","","강원특별자치도 원주시 호저면 산현리 188 산현초등학교","강원특별자치도 원주시 호저면 칠봉로 347, 산현초등학교","26300","산현초등학교","2021-08-23 11:11:17","I","2023-06-13 00:00:00","학교","279021.018605842","436232.283166318","학교","0","0","","","상수도전용","0","0","0","0","0","","0","0","N","34.94","","","",
"374","집단급식소","07_21_02_P","4191000","4191000-105-2021-00007","2021-03-09","","01","영업/정상","01","영업","","","","","033731 8155","204.95","","강원특별자치도 원주시 문막읍 반계리 5-22","강원특별자치도 원주시 문막읍 문막공단길 80","26362","(주)일신캐스팅","2021-11-16 17:37:21","I","2023-06-13 00:00:00","산업체","270976.604617115","421599.311278033","산업체","0","0","","","상수도전용","0","0","0","0","0","","0","0","N","77.66","","","",
"375","집단급식소","07_21_02_P","4191000","4191000-105-2021-00008","2021-03-11","","01","영업/정상","01","영업","","","","","033 7330455","101.56","","강원특별자치도 원주시 반곡동 2042-8","강원특별자치도 원주시 건강로 77, 3층 (반곡동)","26467","건강보험꿈마루어린이집","2024-05-08 16:16:19","U","2024-05-10 02:40:00","어린이집","287478.906819256","424715.161064138","어린이집","0","0","","","상수도전용","0","0","0","0","0","","0","0","N","30.12","","","",
"376","집단급식소","07_21_02_P","4191000","4191000-105-2021-00009","2021-03-17","","01","영업/정상","01","영업","","","","","","12.78","","강원특별자치도 원주시 지정면 가곡리 1501 원주 롯데캐슬 골드파크 2차","강원특별자치도 원주시 지정면 신지정로 300, 612동 (원주 롯데캐슬 골드파크 2차)","26353","롯데골드파크2차어린이집","2021-03-27 13:12:45","I","2023-06-13 00:00:00","어린이집","277128.323670704","431333.541772589","어린이집","0","0","","","상수도전용","0","0","0","0","0","","0","0","N","9.89","","","",
"377","집단급식소","07_21_02_P","4191000","4191000-105-2001-00005","2001-04-25","","01","영업/정상","01","영업","","","","","033 7626581","","","강원특별자치도 원주시 개운동 50-1","강원특별자치도 원주시 개운4길 25 (개운동)","26444","상지여자고등학교","2017-07-11 11:35:32","I","2023-06-13 00:00:00","학교","285050.121327526","426880.59660825","학교","0","0","","","상수도전용","0","0","0","0","0","","0","0","N","0","","","",
"378","집단급식소","07_21_02_P","4191000","4191000-105-2001-00006","2001-05-23","","01","영업/정상","01","영업","","","","","033 7311607","379.65","","강원특별자치도 원주시 무실동 산 123-1 대성중고등학교","강원특별자치도 원주시 북원로 2001, 대성중고등학교 강당동, 과학동 1~2층 (무실동)","26385","대성고등학교","2019-05-29 11:53:25","I","2023-06-13 00:00:00","학교","281518.233500808","425526.758038659","학교","0","0","","","상수도전용","0","0","0","0","0","","0","0","N","67.1","","","",
"379","집단급식소","07_21_02_P","4191000","4191000-105-2001-00007","2001-05-24","","01","영업/정상","01","영업","","","","","033 7495516","151.60","","강원특별자치도 원주시 무실동 441-8","강원특별자치도 원주시 로아노크로 30, 4층 (무실동)","26383","기아(주)원주서비스센터","2024-09-07 17:12:14","U","2024-09-09 02:40:00","산업체","281972.063530052","427042.387370136","산업체","0","0","","","상수도전용","0","0","0","0","0","","0","0","N","48.6","","","",
"380","집단급식소","07_21_02_P","4191000","4191000-105-2001-00008","2001-06-26","","01","영업/정상","01","영업","","","","","033 7471795","151.07","","강원특별자치도 원주시 흥업면 대안리 23 외9필지","강원특별자치도 원주시 흥업면 대안로 1010 (외9필지)","26492","원주복지원","2018-10-23 13:56:36","I","2023-06-13 00:00:00","사회복지시설","279889.032804657","422451.892794339","사회복지시설","0","0","","","지하수전용","0","0","0","0","0","","0","0","N","39.05","","","",
"381","집단급식소","07_21_02_P","4191000","4191000-105-2002-00001","2000-04-04","","01","영업/정상","01","영업","","","","","033 7475010","218.63","","강원특별자치도 원주시 태장동 1720-26","강원특별자치도 원주시 태장공단길 42-10 (태장동)","26311","원주의료기기산업기술","2025-05-29 13:53:44","U","2025-05-31 02:40:00","기타 집단급식소","284054.839907546","434219.573818976","기타 집단급식소","0","0","","","상수도전용","0","0","0","0","0","","0","0","N","45.65","","","",
"382","집단급식소","07_21_02_P","4191000","4191000-105-2002-00002","2002-01-23","","01","영업/정상","01","영업","","","","","033 7324184","","","강원특별자치도 원주시 학성동 1260","강원특별자치도 원주시 남산로 181 (학성동)","26418","중앙초등학교","2017-07-11 11:38:20","I","2023-06-13 00:00:00","학교","283170.022623566","428260.97458636","학교","0","0","","","상수도전용","0","0","0","0","0","","0","0","N","0","","","",
"383","집단급식소","07_21_02_P","4191000","4191000-105-2002-00007","2002-02-28","","01","영업/정상","01","영업","","","","","033 7603185","76.48","","강원특별자치도 원주시 인동 264-21","강원특별자치도 원주시 원일로 22 (인동)","26429","성지병원","2017-07-11 11:38:38","I","2023-06-13 00:00:00","병원","284484.959261583","427479.800413061","병원","0","0","","","상수도전용","0","0","0","0","0","","0","0","N","171.36","","","",
"384","집단급식소","07_21_02_P","4191000","4191000-105-2002-00008","2002-03-22","","01","영업/정상","01","영업","","","","","033 7327432","162.00","","강원특별자치도 원주시 태장동 485","강원특별자치도 원주시 흥양로51번길 113 (태장동)","26313","태봉초등학교","2017-07-11 11:39:05","I","2023-06-13 00:00:00","학교","284629.911488531","431980.887836116","학교","0","0","","","상수도전용","0","0","0","0","0","","0","0","N","585","","","",
"385","집단급식소","07_21_02_P","4191000","4191000-105-2002-00009","2002-02-25","","01","영업/정상","01","영업","","","","","033 7341344","144.00","","강원특별자치도 원주시 문막읍 문막리 237","강원특별자치도 원주시 문막읍 문막시장1길 58","26373","문막중학교 급식소","2017-07-11 11:39:25","I","2023-06-13 00:00:00","학교","272180.52423723","422880.956556221","학교","0","0","","","상수도전용","0","0","0","0","0","","0","0","N","478","","","",
"386","집단급식소","07_21_02_P","4191000","4191000-105-2002-00010","2002-02-23","","01","영업/정상","01","영업","","","","","033 7494414","82.40","","강원특별자치도 원주시 문막읍 반계리 2239","강원특별자치도 원주시 문막읍 문막공단길 106","26362","(주)케이씨씨문막공장","2024-01-23 09:59:43","U","2024-01-25 02:40:00","산업체","271042.401673491","421276.614809788","산업체","0","0","","","상수도전용","0","0","0","0","0","","0","0","N","325.2","","","",
"387","집단급식소","07_21_02_P","4191000","4191000-105-2002-00011","2002-04-10","","01","영업/정상","01","영업","","","","","033 7310351","55.80","","강원특별자치도 원주시 호저면 주산리 645","강원특별자치도 원주시 호저면 호저로 507","26303","호저중학교","2017-07-11 11:40:02","I","2023-06-13 00:00:00","학교","281574.321790389","435461.478344583","학교","0","0","","","간이상수도","0","0","0","0","0","","0","0","N","200.7","","","",
"388","집단급식소","07_21_02_P","4191000","4191000-105-2002-00012","2002-05-01","","01","영업/정상","01","영업","","","","","033  7422969","162.03","","강원특별자치도 원주시 우산동 307-1","강원특별자치도 원주시 진광길 50 (우산동)","26338","진광고등학교","2017-07-11 11:40:21","I","2023-06-13 00:00:00","학교","282891.25127511","430470.059433277","학교","0","0","","","상수도전용","0","0","0","0","0","","0","0","N","637.5","","","",
"389","집단급식소","07_21_02_P","4191000","4191000-105-2016-00013","2016-08-25","","01","영업/정상","01","영업","","","","","033 731 2447","149.04","","강원특별자치도 원주시 호저면 대덕리 647 심향영육아원 1동(본관동) 지상1층","강원특별자치도 원주시 호저면 대덕길 133, 지상1층 (심향영육아원 1동(본관동))","26302","심향영육아원","2018-05-12 14:15:45","I","2023-06-13 00:00:00","사회복지시설","283015.15403145","436324.515995491","사회복지시설","0","0","","","상수도전용","0","0","0","0","0","","0","0","N","63.6","","","",
"390","집단급식소","07_21_02_P","4191000","4191000-105-2016-00014","2016-09-01","","01","영업/정상","01","영업","","","","","033 745 3340","11.32","","강원특별자치도 원주시 반곡동 2047-4","강원특별자치도 원주시 배울로 50-2, 1층 (반곡동, 푸른숨3단지내 관리동)","26465","푸른숨키즈 어린이집","2018-10-11 14:45:10","I","2023-06-13 00:00:00","어린이집","286597.614752899","424801.939441365","어린이집","0","0","","","상수도전용","0","0","0","0","0","","0","0","N","20.22","","","",
"391","집단급식소","07_21_02_P","4191000","4191000-105-2016-00015","2016-09-01","","01","영업/정상","01","영업","","","","","033733 1101","17.82","","강원특별자치도 원주시 반곡동 산 148 1층","강원특별자치도 원주시 혁신로 92-2, 1층 (반곡동)","26467","푸른숨어린이집","2020-09-24 15:31:13","I","2023-06-13 00:00:00","어린이집","","","어린이집","0","0","","","상수도전용","0","0","0","0","0","","0","0","N","17.5","","","",
"392","집단급식소","07_21_02_P","4191000","4191000-105-2006-00002","2006-01-05","","01","영업/정상","01","영업","","","","","033 7667907","12.20","","강원특별자치도 원주시 단구동 1678-2","강원특별자치도 원주시 단구로 399 (단구동)","26490","영지유치원어린이집","2017-08-23 18:17:33","I","2023-06-13 00:00:00","어린이집","284652.371773276","424773.259976192","어린이집","0","0","","","상수도전용","0","0","0","0","0","자가","0","0","N","12.2","","","",
"393","집단급식소","07_21_02_P","4191000","4191000-105-2006-00003","2006-01-06","","01","영업/정상","01","영업","","","","","033 7327521","27.47","","강원특별자치도 원주시 태장동 1369-3","강원특별자치도 원주시 북원로2704번길 29-1 (태장동)","26316","큰나무유치원","2017-08-23 18:17:33","I","2023-06-13 00:00:00","어린이집","284087.958361314","431861.604880203","어린이집","0","0","","","상수도전용","0","0","0","0","0","자가","0","0","N","27.47","","","",
"394","집단급식소","07_21_02_P","4191000","4191000-105-2016-00019","2016-09-23","","01","영업/정상","01","영업","","","","","033 7606618","251.96","","강원특별자치도 원주시 단구동 1682-5 4층","강원특별자치도 원주시 단구로 423, 4층 (단구동)","26491","한국가스공사 강원지역본부","2020-04-20 15:27:14","I","2023-06-13 00:00:00","공공기관","284615.596354738","424522.238464823","공공기관","0","0","","","상수도전용","0","0","0","0","0","","0","0","N","82.15","","","",
"395","집단급식소","07_21_02_P","4191000","4191000-105-2016-00020","2016-09-28","","01","영업/정상","01","영업","","","","","033764 0981","176.38","","강원특별자치도 원주시 반곡동 1824-2 4층","강원특별자치도 원주시 입춘로 65, 4층 (반곡동)","26461","원주지방환경청구내식당","2019-07-09 14:49:31","I","2023-06-13 00:00:00","공공기관","286793.017285823","425471.22804147","공공기관","0","0","","","상수도전용","0","0","0","0","0","","0","0","N","34.9","","","",
"396","집단급식소","07_21_02_P","4191000","4191000-105-2016-00021","2016-11-14","","01","영업/정상","01","영업","","","","","","71.13","","강원특별자치도 원주시 중앙동 273 지상8층","강원특별자치도 원주시 평원로 5, 지상8층 (중앙동)","26429","노인요양시설상지","2019-03-20 15:31:30","I","2023-06-13 00:00:00","사회복지시설","284437.10455377","427711.846914481","사회복지시설","0","0","","","상수도전용","0","0","0","0","0","","0","0","N","37.59","","","",
"397","집단급식소","07_21_02_P","4191000","4191000-105-2017-00001","2017-03-13","","01","영업/정상","01","영업","","","","","","278.70","","강원특별자치도 원주시 학성동 202-1","강원특별자치도 원주시 평원로 100, 7층 (학성동)","26414","연세명인병원","2022-09-23 15:39:00","I","2023-06-13 00:00:00","사회복지시설","283992.304984137","428352.538835144","사회복지시설","0","0","","","상수도전용","0","6","0","0","0","","0","0","N","120.08","","","",
"398","집단급식소","07_21_02_P","4191000","4191000-105-2017-00002","2017-03-14","","01","영업/정상","01","영업","","","","","","80.53","","강원특별자치도 원주시 무실동 694-14","강원특별자치도 원주시 지니기길 11-18 (무실동)","26395","무실빛유치원","2022-05-24 10:35:35","I","2023-06-13 00:00:00","어린이집","281786.90085053","425099.521898409","어린이집","0","0","","","상수도전용","0","2","0","0","0","","0","0","N","40.4","","","",
"399","집단급식소","07_21_02_P","4191000","4191000-105-2017-00003","2017-03-14","","01","영업/정상","01","영업","","","","","033732 6510","150.98","","강원특별자치도 원주시 지정면 안창리 581-1","강원특별자치도 원주시 지정면 지정로 793","26359","장애인생활시설한울타리","2018-02-12 15:25:45","I","2023-06-13 00:00:00","사회복지시설","271274.424216021","427746.795913802","사회복지시설","0","0","","","지하수전용","0","1","0","0","0","","0","0","N","64.68","","","",
"400","집단급식소","07_21_02_P","4191000","4191000-105-2017-00004","2017-03-21","","01","영업/정상","01","영업","","","","","033 738 4500","709.01","","강원특별자치도 원주시 반곡동 1963-5 1층","강원특별자치도 원주시 세계로 87, 1층 (반곡동)","26462","버들중학교","2020-03-12 15:43:58","I","2023-06-13 00:00:00","학교","287614.410619563","425920.631001515","학교","0","0","","","상수도전용","0","0","0","0","0","","0","0","N","164.96","","","",
"401","집단급식소","07_21_02_P","4191000","4191000-105-2017-00005","2017-03-27","","01","영업/정상","01","영업","","","","","","19.74","","강원특별자치도 원주시 소초면 의관리 223","강원특별자치도 원주시 소초면 북원로 3333 (공군제8전투비행단내)","26304","명성어린이집","2025-08-05 14:40:14","U","2025-08-07 02:40:00","어린이집","286226.051153359","437475.444319373","어린이집","0","0","","","상수도전용","0","1","0","0","0","","0","0","N","3.74","","","",
"402","집단급식소","07_21_02_P","4191000","4191000-105-2017-00007","2017-05-12","","01","영업/정상","01","영업","","","","","033 731 0379","58.20","","강원특별자치도 원주시 부론면 흥호리 96-1 외 1필지, 지상1층 B동","강원특별자치도 원주시 부론면 두둑말길 18, B동 지상1층 (외 1필지)","26497","차차푸드(주)","2020-12-23 10:09:56","I","2023-06-13 00:00:00","산업체","268098.352694977","416060.937953614","산업체","0","0","","","상수도전용","0","2","0","0","0","","0","0","N","11.7","","","",
"403","집단급식소","07_21_02_P","4191000","4191000-105-2017-00008","2017-05-22","","01","영업/정상","01","영업","","","","","033 7479333","98.28","","강원특별자치도 원주시 태장동 729-3 외1필지 자신보육원 지상1층","강원특별자치도 원주시 육판길 1, 지상1층 (태장동, 외 1필지 자신보육원)","26323","자신보육원","2018-10-11 14:19:42","I","2023-06-13 00:00:00","사회복지시설","284693.41459951","428658.623426679","사회복지시설","0","0","","","상수도전용","0","1","0","0","0","","0","0","N","33.12","","","",
"404","집단급식소","07_21_02_P","4191000","4191000-105-2017-00009","2017-06-09","","01","영업/정상","01","영업","","","","","033 7629977","105.49","","강원특별자치도 원주시 개운동 411","강원특별자치도 원주시 개운2길 46 (개운동)","26444","한강유치원","2017-06-27 10:56:06","I","2023-06-13 00:00:00","어린이집","284825.688236337","426677.742936517","어린이집","0","0","","","상수도전용","0","0","0","0","0","","0","0","N","44.82","","","",
"405","집단급식소","07_21_02_P","4191000","4191000-105-2017-00010","2017-06-20","","01","영업/정상","01","영업","","","","","033 733 2340","110.27","","강원특별자치도 원주시 문막읍 반계리 2259-2 지상2층 공장동","강원특별자치도 원주시 문막읍 반산2로 72, 공장동 지상2층","26362","미찌푸드(주)","2025-09-03 13:15:40","U","2025-09-05 02:40:00","산업체","270839.774146533","422140.402051309","산업체","0","0","","","상수도전용","0","0","0","0","0","","0","0","N","20.27","","","",
"406","집단급식소","07_21_02_P","4191000","4191000-105-2006-00005","2006-01-12","","01","영업/정상","01","영업","","","","","033 7429375","7.39","","강원특별자치도 원주시 태장동 966-3","강원특별자치도 원주시 현충로 234-23 (태장동)","26322","나영유치원","2020-09-24 15:11:30","I","2023-06-13 00:00:00","어린이집","284407.373238056","430591.496014129","어린이집","0","0","","","상수도전용","0","0","0","0","0","자가","0","0","N","7.39","","","",
"407","집단급식소","07_21_02_P","4191000","4191000-105-2006-00006","2006-01-12","","01","영업/정상","01","영업","","","","","033 7621729","30.68","","강원특별자치도 원주시 명륜동 388","강원특별자치도 원주시 남원로527번길 82-9 (명륜동)","26480","성불유치원","2018-04-13 09:57:57","I","2023-06-13 00:00:00","어린이집","283483.645701392","426290.300041418","어린이집","0","0","","","상수도전용","0","0","0","0","0","자가","0","0","N","30.68","","","",
"408","집단급식소","07_21_02_P","4191000","4191000-105-2006-00009","2006-01-20","","01","영업/정상","01","영업","","","","","033 7423410","72.73","","강원특별자치도 원주시 일산동 114-1 (1층)","","","원주유치원","2017-08-23 18:17:33","I","2023-06-13 00:00:00","어린이집","283927.598970762","427695.308908197","어린이집","0","0","","","상수도전용","0","0","0","0","0","자가","0","0","N","11.23","","","",
"409","집단급식소","07_21_02_P","4191000","4191000-105-2006-00010","2006-02-01","","01","영업/정상","01","영업","","","","","033 7356166","32.61","","강원특별자치도 원주시 무실동 1715-2","강원특별자치도 원주시 만대로 117 (무실동)","26386","자연유치원","2017-08-23 18:17:33","I","2023-06-13 00:00:00","어린이집","281475.023369881","426565.172372437","어린이집","0","0","","","상수도전용","0","0","0","0","0","자가","0","0","N","47.13","","","",
"410","집단급식소","07_21_02_P","4191000","4191000-105-2006-00016","2006-03-31","","01","영업/정상","01","영업","","","","","033 732 4006","37.24","","강원특별자치도 원주시 태장동 729-3","강원특별자치도 원주시 육판길 1 (태장동)","26323","원주종합사회복지관","2017-07-11 13:48:21","I","2023-06-13 00:00:00","사회복지시설","284693.41459951","428658.623426679","사회복지시설","0","0","","","상수도전용","0","0","0","0","0","자가","0","0","N","37.24","","","",
"411","집단급식소","07_21_02_P","4191000","4191000-105-2006-00020","2006-05-10","","01","영업/정상","01","영업","","","","","033 734 5623","26.57","","강원특별자치도 원주시 단구동 1589-2","강원특별자치도 원주시 늘품로 6 (단구동)","26489","한솔어린이집","2017-07-11 13:49:04","I","2023-06-13 00:00:00","어린이집","284148.862280891","424715.600173354","어린이집","0","0","","","상수도전용","0","0","0","0","0","자가","0","0","N","37.67","","","",
"412","집단급식소","07_21_02_P","4191000","4191000-105-1997-00002","1997-10-23","","01","영업/정상","01","영업","","","","","033 7660361","","","강원특별자치도 원주시 개운동 127-1","강원특별자치도 원주시 치악로 1765 (개운동)","26442","원주고등학교","2017-07-11 10:58:26","I","2023-06-13 00:00:00","학교","284529.600219982","426831.442398197","학교","0","0","","","상수도전용","0","0","0","0","0","","0","0","N","0","","","",
"413","집단급식소","07_21_02_P","4191000","4191000-105-1998-00002","1998-06-15","","01","영업/정상","01","영업","","","","","033 7303760","","","강원특별자치도 원주시 지정면 월송리 1039 1층","강원특별자치도 원주시 지정면 월송석화로 950, 1층","26357","HDC리조트(주)클럽하우스직원식당","2021-04-30 16:48:03","I","2023-06-13 00:00:00","산업체","272180.340244021","437530.697566021","산업체","0","0","","","간이상수도","0","0","0","0","0","","0","0","N","0","","","",
"414","집단급식소","07_21_02_P","4191000","4191000-105-1998-00003","1998-06-24","","01","영업/정상","01","영업","","","","","033 7303636","","","강원특별자치도 원주시 지정면 월송리 1061-16 빌리지센터","강원특별자치도 원주시 지정면 오크밸리1길 70, 빌리지센터 1층","26357","HDC리조트(주)골프빌리지직원식당","2021-04-30 16:39:49","I","2023-06-13 00:00:00","산업체","272459.646983562","437204.631213169","산업체","0","0","","","간이상수도","0","0","0","0","0","","0","0","N","0","","","",
"415","집단급식소","07_21_02_P","4191000","4191000-105-2019-00021","2019-10-11","","01","영업/정상","01","영업","","","","","","12.78","","강원특별자치도 원주시 반곡동 1964-7 모아엘가아파트","강원특별자치도 원주시 세계로 111, 관리동 보육시설호 (반곡동, 모아엘가아파트)","26460","엘가키즈어린이집","2021-08-23 11:10:54","I","2023-06-13 00:00:00","어린이집","287718.838186492","426110.912235431","어린이집","0","0","","","상수도전용","0","0","0","0","0","","0","0","N","12.53","","","",
"416","집단급식소","07_21_02_P","4191000","4191000-105-2019-00022","2019-10-14","","01","영업/정상","01","영업","","","","","033 7660601","144.97","","강원특별자치도 원주시 문막읍 문막리 750 1층","강원특별자치도 원주시 문막읍 원문로 1757, 1층 [*미고시]","26373","원주시노인종합복지관문막분관","2019-12-15 13:53:20","I","2023-06-13 00:00:00","사회복지시설","272930.163407864","423632.383782483","사회복지시설","0","0","","","상수도전용","0","2","0","0","0","","0","0","N","47.74","","","",
"417","집단급식소","07_21_02_P","4191000","4191000-105-2019-00025","2019-11-13","","01","영업/정상","01","영업","","","","","033 7341155","15.30","","강원특별자치도 원주시 단계동 1218 원주봉화산벨라시티2차아파트","강원특별자치도 원주시 백간길 17-14, 1층 (단계동, 원주봉화산벨라시티2차아파트)","26409","벨라키즈어린이집","2019-12-09 16:43:26","I","2023-06-13 00:00:00","어린이집","282007.998479538","428289.365708514","어린이집","0","0","","","상수도전용","0","0","0","0","0","","0","0","N","14.7","","","",
"418","집단급식소","07_21_02_P","4191000","4191000-105-2019-00026","2019-11-28","","01","영업/정상","01","영업","","","","","","18.09","","강원특별자치도 원주시 지정면 가곡리 1534 원주 롯데캐슬 더퍼스트 2차","강원특별자치도 원주시 지정면 가곡로 70 (원주 롯데캐슬 더퍼스트 2차)","26352","아이캐슬어린이집","2019-12-16 20:03:19","I","2023-06-13 00:00:00","어린이집","277595.297948688","431117.008627866","어린이집","0","0","","","상수도전용","0","0","0","0","0","","0","0","N","13","","","",
"419","집단급식소","07_21_02_P","4191000","4191000-105-2019-00027","2019-12-03","","01","영업/정상","01","영업","","","","","","17.84","","강원특별자치도 원주시 태장동 2731 e편한세상 원주태장","강원특별자치도 원주시 현충로232번길 42, 205동 1층 (태장동, e편한세상 원주태장)","26322","이편한어린이집","2019-12-15 13:53:47","I","2023-06-13 00:00:00","어린이집","284314.360970182","430307.227988345","어린이집","0","0","","","상수도전용","0","0","0","0","0","","0","0","N","15","","","",
"420","집단급식소","07_21_02_P","4191000","4191000-105-2019-00028","2019-12-16","","01","영업/정상","01","영업","","","","","033739 2453","1288.42","","강원특별자치도 원주시 반곡동 2047-14","강원특별자치도 원주시 입춘로 130, 1층 일부호 (반곡동)","26465","본우리집밥 건강보험심사평가원","2021-07-13 16:13:46","I","2023-06-13 00:00:00","공공기관","286854.162022814","424752.027282695","공공기관","0","0","","","상수도전용","0","0","0","0","0","","0","0","N","491.44","","","",
"421","집단급식소","07_21_02_P","4191000","4191000-105-2019-00029","2019-12-20","","01","영업/정상","01","영업","","","","","033735 8787","23.60","","강원특별자치도 원주시 문막읍 동화리 669-1","강원특별자치도 원주시 문막읍 성아길 22-1, 1층","26372","보듬어린이집","2020-09-24 15:55:04","I","2023-06-13 00:00:00","어린이집","274279.76871811","424552.839509688","어린이집","0","0","","","상수도전용","0","0","0","0","0","","0","0","N","23.6","","","",
"422","집단급식소","07_21_02_P","4191000","4191000-105-2019-00030","2019-12-27","","01","영업/정상","01","영업","","","","","","10.80","","강원특별자치도 원주시 판부면 금대리 938-3 아뜰리에어린이집","강원특별자치도 원주시 판부면 금대길 53, 아뜰리에어린이집","26504","아뜰리에어린이집","2020-09-24 16:09:49","I","2023-06-13 00:00:00","어린이집","288474.430729074","421057.6804185","어린이집","0","0","","","상수도전용","0","0","0","0","0","","0","0","N","10.8","","","",
"423","집단급식소","07_21_02_P","4191000","4191000-105-2020-00001","2020-01-17","","01","영업/정상","01","영업","","","","","033 7650733","14.71","","강원특별자치도 원주시 명륜동 836-1 별마로유치원","강원특별자치도 원주시 남원로469번길 25-22, 별마로유치원 (명륜동)","26482","송이유치원어린이집","2022-07-06 17:30:12","I","2023-06-13 00:00:00","어린이집","283341.046953536","425468.627786968","어린이집","0","0","","","","0","0","0","0","0","","0","0","N","14.71","","","",
"424","집단급식소","07_21_02_P","4191000","4191000-105-2020-00002","2020-02-20","","01","영업/정상","01","영업","","","","","","156.40","","강원특별자치도 원주시 반곡동 2047-14","강원특별자치도 원주시 입춘로 130, 건강보험심사평가원 3층 일부호 (반곡동)","26465","건강보험심사평가원어린이집","2021-08-23 11:13:56","I","2023-06-13 00:00:00","어린이집","286854.162022814","424752.027282695","어린이집","0","0","","","상수도전용","0","0","0","0","0","","0","0","N","91.81","","","",
"425","집단급식소","07_21_02_P","4191000","4191000-105-2020-00003","2020-02-21","","01","영업/정상","01","영업","","","","","033 904 2000","722.10","","강원특별자치도 원주시 지정면 가곡리 461-2 기업중학교","강원특별자치도 원주시 지정면 가곡로 40, 섬강중학교","26352","섬강중학교","2020-04-16 10:30:51","I","2023-06-13 00:00:00","학교","","","학교","0","0","","","상수도전용","0","3","0","0","0","","0","0","N","182.77","","","",
"426","집단급식소","07_21_02_P","4191000","4191000-105-2020-00005","2020-03-17","","01","영업/정상","01","영업","","","","","033 7699100","353.35","","강원특별자치도 원주시 반곡동 300-1","강원특별자치도 원주시 봉대길 33 (반곡동)","26463","봉대가온학교","2020-03-24 16:46:17","I","2023-06-13 00:00:00","학교","288022.16559087","426053.534634922","학교","0","0","","","상수도전용","0","0","0","0","0","","0","0","N","93.39","","","",
"427","집단급식소","07_21_02_P","4191000","4191000-105-2020-00006","2020-06-02","","01","영업/정상","01","영업","","","","","","21.00","","강원특별자치도 원주시 지정면 가곡리 1464 원주 호반베르디움 3차 더리버 312동","강원특별자치도 원주시 지정면 신지정로 265, 312동 1층 (원주 호반베르디움 3차 더리버)","26346","베르디움어린이집","2020-06-30 13:33:08","I","2023-06-13 00:00:00","어린이집","276835.931899829","431098.015895662","어린이집","0","0","","","상수도전용","0","1","0","0","0","","0","0","N","16.8","","","",
"428","집단급식소","07_21_02_P","4191000","4191000-105-1998-00006","1998-04-26","","01","영업/정상","01","영업","","","","","033737 7460","","","강원특별자치도 원주시 단계동 481","강원특별자치도 원주시 원문로137번길 32 (단계동)","26410","북원여자고등학교","2017-07-11 11:00:15","I","2023-06-13 00:00:00","학교","282450.906199868","428486.152410592","학교","0","0","","","상수도전용","0","0","0","0","0","","0","0","N","0","","","",
"429","집단급식소","07_21_02_P","4191000","4191000-105-1998-00007","1998-05-03","","01","영업/정상","01","영업","","","","","033 7344167","","","강원특별자치도 원주시 태장동 1983","강원특별자치도 원주시 북원로 2868 (태장동)","26312","장양초등학교","2017-07-11 11:00:36","I","2023-06-13 00:00:00","학교","284367.271689699","433346.601641324","학교","0","0","","","상수도전용","0","0","0","0","0","","0","0","N","0","","","",
"430","집단급식소","07_21_02_P","4191000","4191000-105-1998-00008","1998-05-03","","01","영업/정상","01","영업","","","","","033 7349533","","","강원특별자치도 원주시 단계동 796","강원특별자치도 원주시 단구로 60 (단계동)","26434","북원초등학교","2017-07-11 11:00:58","I","2023-06-13 00:00:00","학교","283026.688207324","427208.844481262","학교","0","0","","","상수도전용","0","0","0","0","0","","0","0","N","0","","","",
"431","집단급식소","07_21_02_P","4191000","4191000-105-1998-00009","1999-05-03","","01","영업/정상","01","영업","","","","","033 7327267","","","강원특별자치도 원주시 단계동 814","강원특별자치도 원주시 금불2길 20 (단계동)","26423","평원초등학교","2017-07-11 11:01:16","I","2023-06-13 00:00:00","학교","282429.510650728","427956.284339973","학교","0","0","","","상수도전용","0","0","0","0","0","","0","0","N","0","","","",
"432","집단급식소","07_21_02_P","4191000","4191000-105-1999-00001","1999-03-19","","01","영업/정상","01","영업","","","","","033 7491195","","","강원특별자치도 원주시 무실동 1062-1","강원특별자치도 원주시 북원로 1928 (무실동)","26395","(주)이마트원주점","2024-04-23 17:32:23","U","2024-04-25 02:40:00","산업체","281366.703634706","424684.582635502","산업체","0","0","","","상수도전용","0","0","0","0","0","","0","0","N","0","","","",
"433","집단급식소","07_21_02_P","4191000","4191000-105-1999-00006","1999-04-24","","01","영업/정상","01","영업","","","","","033 7636430","","","강원특별자치도 원주시 단구동 1588-2","강원특별자치도 원주시 늘품로 28 (단구동)","26488","남원주초등학교","2020-12-01 17:18:31","I","2023-06-13 00:00:00","학교","284223.738285471","424922.336660221","학교","0","0","","","상수도전용","0","0","0","0","0","","0","0","N","0","","","",
"434","집단급식소","07_21_02_P","4191000","4191000-105-1999-00007","1999-05-03","","01","영업/정상","01","영업","","","","","033 7635060","","","강원특별자치도 원주시 흥업면 매지리 144","강원특별자치도 원주시 흥업면 북원로 1324","26494","매지초등학교","2017-07-11 11:02:35","I","2023-06-13 00:00:00","학교","281754.478340495","420349.827869367","학교","0","0","","","상수도전용","0","0","0","0","0","","0","0","N","0","","","",
"435","집단급식소","07_21_02_P","4191000","4191000-105-1999-00008","1999-05-11","","01","영업/정상","01","영업","","","","","033746 4690","","","강원특별자치도 원주시 일산동 278","강원특별자치도 원주시 일산초교길 1 (일산동)","26425","일산초등학교","2017-07-11 11:03:10","I","2023-06-13 00:00:00","학교","283417.715947299","427597.790179763","학교","0","0","","","상수도전용","0","0","0","0","0","","0","0","N","0","","","",
"436","집단급식소","07_21_02_P","4191000","4191000-105-1999-00009","1999-05-11","","01","영업/정상","01","영업","","","","","033 7460814","","","강원특별자치도 원주시 우산동 48","","","우산초등학교","2017-07-11 11:03:28","I","2023-06-13 00:00:00","학교","","","학교","0","0","","","상수도전용","0","0","0","0","0","","0","0","N","0","","","",
"437","집단급식소","07_21_02_P","4191000","4191000-105-1999-00010","1999-07-29","","01","영업/정상","01","영업","","","","","033 7476163","","","강원특별자치도 원주시 행구동 125-2","강원특별자치도 원주시 고문골길 54 (행구동)","26455","미래고등학교","2023-10-12 15:42:28","U","2023-10-14 02:40:00","학교","289154.571040325","426840.290329633","학교","0","0","","","지하수전용","0","0","0","0","0","","0","0","N","0","","","",
"438","집단급식소","07_21_02_P","4191000","4191000-105-2000-00001","2000-02-10","","01","영업/정상","01","영업","","","","","033764 2561","989.79","","강원특별자치도 원주시 반곡동 1438 외6필지","강원특별자치도 원주시 배울로 227 (반곡동)","26460","원주여자고등학교","2017-07-11 11:32:51","I","2023-06-13 00:00:00","학교","286524.177838011","426519.56868735","학교","0","0","","","상수도전용","0","0","0","0","0","","0","0","Y","417.87","","","",
"439","집단급식소","07_21_02_P","4191000","4191000-105-2015-00029","2015-11-23","","01","영업/정상","01","영업","","","","","033 749 3600","249.19","","강원특별자치도 원주시 반곡동 2047-7 한국보훈복지의료공단 6층","강원특별자치도 원주시 혁신로 40, 6층 (반곡동, 한국보훈복지의료공단)","26465","한국보훈복지의료공단식당","2022-10-12 15:37:15","I","2023-06-13 00:00:00","공공기관","286595.950097055","425055.288740147","공공기관","0","0","","","상수도전용","0","0","0","0","0","","0","0","N","87.49","","","",
"440","집단급식소","07_21_02_P","4191000","4191000-105-2015-00030","2015-11-25","","01","영업/정상","01","영업","","","","","","1102.76","","강원특별자치도 원주시 반곡동 2047-10 건강보험심사평가원 3층","강원특별자치도 원주시 혁신로 60, 3층 (반곡동, 건강보험심사평가원)","26465","건강보험심사평가원 구내식당","2021-07-13 16:12:13","I","2023-06-13 00:00:00","공공기관","286840.245475516","424949.644947987","공공기관","0","0","","","상수도전용","0","0","0","0","0","","0","0","N","292.95","","","",
"441","집단급식소","07_21_02_P","4191000","4191000-105-2020-00008","2020-07-07","","01","영업/정상","01","영업","","","","","","20.49","","강원특별자치도 원주시 단계동 1168-1 메이플밸리부영","강원특별자치도 원주시 봉화서부로 26 (단계동, 메이플밸리부영)","26378","메이플밸리부영사랑으로어린이집","2021-08-23 11:12:34","I","2023-06-13 00:00:00","어린이집","281380.864875449","428834.790740672","어린이집","0","0","","","상수도전용","0","0","0","0","0","","0","0","N","13.2","","","",
"442","집단급식소","07_21_02_P","4191000","4191000-105-2010-00003","2010-02-02","","01","영업/정상","01","영업","","","","","033 741 5000","288.53","","강원특별자치도 원주시 소초면 수암리 797-5","강원특별자치도 원주시 소초면 치악로 2473, 주4동 1층","26309","원주성모병원","2025-09-12 10:20:22","U","2025-09-14 02:40:00","병원","287120.448723312","432848.690174154","병원","0","0","","","간이상수도","0","0","0","0","0","","0","0","N","113.04","","","",
"443","집단급식소","07_21_02_P","4191000","4191000-105-2010-00006","2010-05-07","","01","영업/정상","01","영업","","","","","033 732 7114","366.75","","강원특별자치도 원주시 문막읍 궁촌리 1042-1 외6필지","강원특별자치도 원주시 문막읍 만디길 146 (외6필지)","26496","예동터문화마을 청소년수련원","2017-07-11 13:26:49","I","2023-06-13 00:00:00","수련원","272811.449505531","417594.769651771","수련원","0","0","","","간이상수도","0","0","0","0","0","","0","0","N","85.25","","","",
"444","집단급식소","07_21_02_P","4191000","4191000-105-2010-00007","2010-05-17","","01","영업/정상","01","영업","","","","","033 766 5994","54.97","","강원특별자치도 원주시 단구동 1486-2","강원특별자치도 원주시 동부순환로 9-8 (단구동)","26452","원주시장애인종합복지관","2024-07-15 11:28:35","U","2024-07-17 02:40:00","사회복지시설","285813.133172423","424539.270851818","사회복지시설","0","0","","","상수도전용","0","2","0","0","0","","0","0","N","27.3","","","",
"445","집단급식소","07_21_02_P","4191000","4191000-105-2010-00011","2010-07-20","","01","영업/정상","01","영업","","","","","033 731 7481","122.29","","강원특별자치도 원주시 문막읍 반계리 5-17","강원특별자치도 원주시 문막읍 문막공단길 51","26362","후성정공(주)","2021-04-19 15:00:15","I","2023-06-13 00:00:00","산업체","271303.056665413","421983.873601796","산업체","0","0","","","상수도전용","0","0","0","0","0","","0","0","N","37.92","","","",
"446","집단급식소","07_21_02_P","4191000","4191000-105-2010-00012","2010-07-22","","01","영업/정상","01","영업","","","","","033 732 9700","177.48","","강원특별자치도 원주시 문막읍 반계리 2225","강원특별자치도 원주시 문막읍 문막공단길 194","26362","이화PNC","2017-07-11 13:21:40","I","2023-06-13 00:00:00","산업체","271599.662735286","421672.82557864","산업체","0","0","","","상수도전용","0","2","0","0","0","","0","0","N","44.75","","","",
"447","집단급식소","07_21_02_P","4191000","4191000-105-1994-00003","1994-06-24","","01","영업/정상","01","영업","","","","","033 7329907","","","강원특별자치도 원주시 호저면 주산리 511","강원특별자치도 원주시 호저면 호저로 428","26303","호저초등학교","2017-07-11 10:27:17","I","2023-06-13 00:00:00","학교","281926.910926414","434784.080719384","학교","0","0","","","상수도전용","0","0","0","0","0","","0","0","N","0","","","",
"448","집단급식소","07_21_02_P","4191000","4191000-105-2015-00032","2015-12-10","","01","영업/정상","01","영업","","","","","033 737 4651","83.50","","강원특별자치도 원주시 무실동 1","강원특별자치도 원주시 시청로 1, 2층 (무실동, 원주시청어린이집)","26384","원주시청어린이집","2018-10-11 14:41:27","I","2023-06-13 00:00:00","어린이집","281363.212332511","426976.044990489","어린이집","0","0","","","상수도전용","0","0","0","0","0","","0","0","N","35","","","",
"449","집단급식소","07_21_02_P","4191000","4191000-105-2015-00034","2015-12-28","","01","영업/정상","01","영업","","","","","02  32709359","1173.38","","강원특별자치도 원주시 반곡동 1894-6 국민건강보험공단 지하1층","강원특별자치도 원주시 건강로 32, 국민건강보험공단 지하1층 (반곡동)","26464","국민건강보험공단 본부 원주사옥 구내식당","2020-01-10 14:09:55","I","2023-06-13 00:00:00","공공기관","287375.694386784","425188.079333502","공공기관","0","0","","","상수도전용","0","0","0","0","0","","0","0","N","319.14","","","",
"450","집단급식소","07_21_02_P","4191000","4191000-105-2016-00001","2016-02-18","","01","영업/정상","01","영업","","","","","033 7321300","194.76","","강원특별자치도 원주시 가현동 438-3 지상1층","강원특별자치도 원주시 저금어지길 456, 지상1층 (가현동)","26333","우리손에프앤지농업회사법인주식회사","2023-05-16 10:48:50","I","2023-06-13 00:00:00","산업체","282692.257451099","432485.622622449","산업체","0","0","","","상수도전용","0","0","0","0","0","","0","0","N","52.93","","","",
"451","집단급식소","07_21_02_P","4191000","4191000-105-2016-00003","2016-03-09","","01","영업/정상","01","영업","","","","","033 735 1703","246.00","","강원특별자치도 원주시 반곡동 1956-2 1층","강원특별자치도 원주시 세계로 90 (반곡동, 1층)","26462","반곡별유치원","2020-06-19 13:38:59","I","2023-06-13 00:00:00","어린이집","287692.354341298","425845.262681278","어린이집","0","0","","","상수도전용","0","0","0","0","0","","0","0","N","89","","","",
"452","집단급식소","07_21_02_P","4191000","4191000-105-2016-00004","2016-03-18","","01","영업/정상","01","영업","","","","","033 769 6700","819.16","","강원특별자치도 원주시 반곡동 2042-5 버들초등학교 2층","강원특별자치도 원주시 건강로 80, 버들초등학교 2층 (반곡동)","26467","버들초등학교","2018-08-14 14:33:20","I","2023-06-13 00:00:00","학교","287359.083453093","424699.029602082","학교","0","0","","","상수도전용","0","0","0","0","0","","0","0","N","224.62","","","",
"453","집단급식소","07_21_02_P","4191000","4191000-105-2016-00005","2016-03-30","","01","영업/정상","01","영업","","","","","033 7345722","8.59","","강원특별자치도 원주시 문막읍 문막리 432-2","강원특별자치도 원주시 문막읍 건등로 10-18, 1층","26370","문막성모유치원","2019-03-14 14:26:50","I","2023-06-13 00:00:00","어린이집","272491.343842324","423476.97098259","어린이집","0","0","","","상수도전용","0","0","0","0","0","","0","0","N","8.59","","","",
"454","집단급식소","07_21_02_P","4191000","4191000-105-2016-00006","2016-04-26","","01","영업/정상","01","영업","","","","","033 742 8982","61.57","","강원특별자치도 원주시 학성동 899-9","강원특별자치도 원주시 원일로 250, 1층 (학성동)","26413","십시일반","2021-06-17 09:05:22","I","2023-06-13 00:00:00","사회복지시설","283455.510700532","428843.14966103","사회복지시설","0","0","","","상수도전용","0","0","0","0","0","","0","0","N","19.27","","","",
"455","집단급식소","07_21_02_P","4191000","4191000-105-2016-00009","2016-06-20","","01","영업/정상","01","영업","","","","","033 764 4563","96.68","","강원특별자치도 원주시 명륜동 767","강원특별자치도 원주시 서원대로 308-19, 1층 (명륜동)","26479","제일유치원","2021-07-09 10:42:12","I","2023-06-13 00:00:00","어린이집","283203.410693861","426376.329317549","어린이집","0","0","","","상수도전용","0","0","0","0","0","","0","0","N","24.46","","","",
"456","집단급식소","07_21_02_P","4191000","4191000-105-2016-00010","2016-07-08","","01","영업/정상","01","영업","","","","","033 764 2495","20.47","","강원특별자치도 원주시 판부면 서곡리 489-2 지상3층","강원특별자치도 원주시 판부면 내남송길 33, 지상3층","26401","아이써밋어린이집","2020-09-24 17:19:20","I","2023-06-13 00:00:00","어린이집","283343.432778281","424118.997090666","어린이집","0","0","","","상수도전용","0","0","0","0","0","","0","0","N","30.86","","","",
"457","집단급식소","07_21_02_P","4191000","4191000-105-2016-00011","2016-08-08","","01","영업/정상","01","영업","","","","","033 7408800","152.78","","강원특별자치도 원주시 문막읍 동화리 514","강원특별자치도 원주시 문막읍 원문로 1419, 지1층","26372","연세메디하임병원","2017-01-13 17:25:18","I","2023-06-13 00:00:00","병원","274818.689682307","425238.051595747","병원","0","0","","","상수도전용","0","0","0","0","0","","0","0","N","106.86","","","",
"458","집단급식소","07_21_02_P","4191000","4191000-105-2005-00011","2005-04-18","","01","영업/정상","01","영업","","","","","033 7424045","8.26","","강원특별자치도 원주시 우산동 411-10","강원특별자치도 원주시 우산공단길 24 (우산동)","26336","공립웨스포어린이집","2018-08-06 15:04:04","I","2023-06-13 00:00:00","어린이집","283274.345339703","430747.493954183","어린이집","0","0","","","상수도전용","0","0","0","0","0","","0","0","N","52.98","","","",
"459","집단급식소","07_21_02_P","4191000","4191000-105-2005-00012","2005-07-28","","01","영업/정상","01","영업","","","","","033 735 0350","359.03","","강원특별자치도 원주시 문막읍 동화리 1680-3 KAC3층","강원특별자치도 원주시 문막읍 동화공단로 85-3 (KAC3층)","26365","주식회사케이에이씨","2023-10-31 10:17:46","U","2023-11-02 02:40:00","산업체","274453.77368446","425958.173015101","산업체","0","0","","","상수도전용","0","0","0","0","0","","0","0","N","58.02","","","",
"460","집단급식소","07_21_02_P","4191000","4191000-105-2005-00013","2005-08-08","","01","영업/정상","01","영업","","","","","033743 0028","54.70","","강원특별자치도 원주시 평원동 252-3","강원특별자치도 원주시 평원안길 34-5 (평원동)","26430","공립중평어린이집","2023-02-08 10:30:08","I","2023-06-13 00:00:00","어린이집","284350.631884658","428052.163414658","어린이집","0","0","","","상수도전용","0","0","0","0","0","","0","0","N","19.5","","","",
"461","집단급식소","07_21_02_P","4191000","4191000-105-2005-00015","2005-08-16","","01","영업/정상","01","영업","","","","","033 731 7969","21.06","","강원특별자치도 원주시 학성동 232","강원특별자치도 원주시 갈머리2길 29 (학성동)","26417","원주아가어린이집","2022-11-14 11:52:54","I","2023-06-13 00:00:00","어린이집","283617.626254076","428305.092080193","어린이집","0","0","","","상수도전용","0","0","0","0","0","","0","0","N","21.06","","","",
"462","집단급식소","07_21_02_P","4191000","4191000-105-2005-00016","2005-08-16","","01","영업/정상","01","영업","","","","","033 762 0100","26.58","","강원특별자치도 원주시 판부면 금대리 1130","강원특별자치도 원주시 판부면 치악로 1139","26504","바른요양병원","2018-10-23 13:54:35","I","2023-06-13 00:00:00","병원","287769.044644282","421689.925766276","병원","0","0","","","지하수전용","0","0","0","0","0","","0","0","N","49","","","",
"463","집단급식소","07_21_02_P","4191000","4191000-105-2005-00017","2005-08-25","","01","영업/정상","01","영업","","","","","033732 4173","117.38","","강원특별자치도 원주시 문막읍 반계리 2238","강원특별자치도 원주시 문막읍 문막공단길 108","26362","(주)대우에스티문막지점","2024-04-18 15:34:59","U","2024-04-21 02:40:00","산업체","270801.453997758","421264.023748289","산업체","0","0","","","상수도전용","0","0","0","0","0","","0","0","N","391.24","","","",
"464","집단급식소","07_21_02_P","4191000","4191000-105-2005-00022","2005-11-22","","01","영업/정상","01","영업","","","","","033 7319340","77.02","","강원특별자치도 원주시 호저면 481-9","강원특별자치도 원주시 호저면 유봉길 208-4","26301","호저어린이집","2022-06-15 14:11:05","I","2023-06-13 00:00:00","어린이집","278987.796438351","434508.706430405","어린이집","0","0","","","간이상수도","0","0","0","0","0","자가","0","0","N","16.63","","","",
"465","집단급식소","07_21_02_P","4191000","4191000-105-2010-00013","2010-07-23","","01","영업/정상","01","영업","","","","","033 747 3338","9.94","","강원특별자치도 원주시 호저면 주산리 356-1 외1필지","강원특별자치도 원주시 호저면 중방길 20-9 (외1필지)","26303","주산숲어린이집","2017-07-11 13:21:22","I","2023-06-13 00:00:00","어린이집","282105.951028366","433628.839596777","어린이집","0","0","","","상수도전용","0","0","0","0","0","","0","0","N","27.79","","","",
"466","집단급식소","07_21_02_P","4191000","4191000-105-2010-00014","2010-08-05","","01","영업/정상","01","영업","","","","","033 732 4090","216.00","","강원특별자치도 원주시 부론면 노림리 924-1","강원특별자치도 원주시 부론면 견훤로 527","26497","(주)유진건철 원주공장","2019-02-08 14:26:15","I","2023-06-13 00:00:00","산업체","268465.326645037","416832.218441222","산업체","0","0","","","지하수전용","0","0","0","0","0","","0","0","N","40.32","","","",
"467","집단급식소","07_21_02_P","4191000","4191000-105-2010-00015","2010-08-10","","01","영업/정상","01","영업","","","","","033 745 9179","197.45","","강원특별자치도 원주시 행구동 127","강원특별자치도 원주시 고문골길 77-6 (행구동)","26455","원주성문요양원","2025-02-10 15:45:09","U","2025-02-12 02:40:00","사회복지시설","289364.1634834","426973.309230357","사회복지시설","0","0","","","지하수전용","0","0","0","0","0","","0","0","N","52.35","","","",
"468","집단급식소","07_21_02_P","4191000","4191000-105-2010-00018","2010-08-16","","01","영업/정상","01","영업","","","","","033 742 8002","280.78","","강원특별자치도 원주시 봉산동 1105 원주경찰서 별관2층","강원특별자치도 원주시 봉산로 1, 별관2층 (봉산동, 원주경찰서 구내식당)","26329","원주경찰서구내식당운영위원회","2025-09-05 11:52:15","U","2025-09-07 02:40:00","공공기관","284813.23681867","427774.10083023","공공기관","0","0","","","상수도전용","0","0","0","0","0","","0","0","N","66.24","","","",
"469","집단급식소","07_21_02_P","4191000","4191000-105-2010-00021","2010-09-02","","01","영업/정상","01","영업","","","","","033 745 4020","11.11","","강원특별자치도 원주시 반곡동 1548-7","강원특별자치도 원주시 입춘내길 32 (반곡동)","26457","금빛 유치원","2020-09-24 16:47:59","I","2023-06-13 00:00:00","어린이집","285747.334158751","426423.23240981","어린이집","0","0","","","상수도전용","0","0","0","0","0","","0","0","N","10.39","","","",
"470","집단급식소","07_21_02_P","4191000","4191000-105-2023-00002","2023-02-15","","01","영업/정상","01","영업","","","","","","424.25","","강원특별자치도 원주시 지정면 신평리 1106-5","강원특별자치도 원주시 지정면 신지정로 39, 공장동 3층","26350","바프원주공장","2023-03-05 20:05:03","I","2023-06-13 00:00:00","산업체","278466.79542189","431369.924635037","산업체","0","0","","","상수도전용","0","3","0","0","0","","0","0","N","91.56","","","",
"471","집단급식소","07_21_02_P","4191000","4191000-105-2023-00004","2023-03-03","","01","영업/정상","01","영업","","","","","","393.42","","강원특별자치도 원주시 학성동 902-2 KT원주지사","강원특별자치도 원주시 원일로 269, KT원주지사 (학성동)","26413","케이티(KT)원주사옥구내식당","2025-04-04 10:16:08","U","2025-04-06 02:40:00","산업체","283333.591272098","428912.293129558","산업체","0","0","","","상수도전용","0","3","0","0","0","","0","0","N","68.04","","","",
"472","집단급식소","07_21_02_P","4191000","4191000-105-2023-00005","2023-03-22","","01","영업/정상","01","영업","","","","","","21.81","","강원특별자치도 원주시 무실동 1921 더샵원주센트럴파크1단지","강원특별자치도 원주시 한지공원길 120, 주민공동시설-2동 (무실동, 더샵원주센트럴파크1단지)","26479","원주더샵어린이집","2023-03-30 11:29:20","I","2023-06-13 00:00:00","어린이집","283020.812079354","426329.396293938","어린이집","0","0","","","상수도전용","0","1","0","0","0","","0","0","N","21.81","","","",
"473","집단급식소","07_21_02_P","4191000","4191000-105-2023-00006","2023-04-25","","01","영업/정상","01","영업","","","","","","132.56","","강원특별자치도 원주시 명륜동 856 더샵원주센트럴파크2단지","강원특별자치도 원주시 서원대로 290, 1층 (명륜동, 더샵원주센트럴파크2단지)","26479","더샵센트럴파크어린이집","2023-06-07 14:19:59","I","2023-06-13 00:00:00","어린이집","283137.103926732","426541.007582135","어린이집","0","0","","","상수도전용","0","1","0","0","0","임대","0","0","N","19.86","","","",
"474","집단급식소","07_21_02_P","4191000","4191000-105-2023-00007","2023-05-18","","01","영업/정상","01","영업","","","","","","531.61","","강원특별자치도 원주시 지정면 신평리 1053","강원특별자치도 원주시 지정면 기업도시로 145","26355","(주)서울에프엔비원주기업도시지점","2023-06-17 12:12:37","U","2023-06-19 02:40:00","산업체","277944.236032172","430253.750529103","산업체","0","0","","","상수도전용","0","3","0","0","0","","0","0","N","107.28","","","",
"475","집단급식소","07_21_02_P","4191000","4191000-105-2023-00008","2023-06-05","","01","영업/정상","01","영업","","","","","","214.83","","강원특별자치도 원주시 문막읍 동화리 1683-1","강원특별자치도 원주시 문막읍 동화공단로 77-2, 3층","26365","주식회사 요즘","2024-10-16 17:08:21","U","2024-10-18 02:40:00","산업체","274629.661461872","425498.162782079","산업체","0","0","","","상수도전용","0","0","0","0","0","","0","0","N","56.92","","","",
"476","집단급식소","07_21_02_P","4191000","4191000-105-1994-00004","1994-06-24","","01","영업/정상","01","영업","","","","","033 7316063","","","강원특별자치도 원주시 지정면 간현리 539-1","강원특별자치도 원주시 지정면 지정로 103","26359","지정초등학교","2017-07-11 10:27:35","I","2023-06-13 00:00:00","학교","274879.325269748","427641.58573972","학교","0","0","","","상수도전용","0","0","0","0","0","","0","0","N","0","","","",
"477","집단급식소","07_21_02_P","4191000","4191000-105-1994-00005","1994-06-24","","01","영업/정상","01","영업","","","","","033 7627220","","","강원특별자치도 원주시 귀래면 운남리 947","","","귀래초등학교","2017-07-11 10:28:01","I","2023-06-13 00:00:00","학교","","","학교","0","0","","","상수도전용","0","0","0","0","0","","0","0","N","0","","","",
"478","집단급식소","07_21_02_P","4191000","4191000-105-1995-00002","1995-03-13","","01","영업/정상","01","영업","","","","","033 7634800","","","강원특별자치도 원주시 판부면 서곡리 1110","강원특별자치도 원주시 판부면 용수골길 159","26402","서곡초등학교","2017-07-11 10:28:39","I","2023-06-13 00:00:00","학교","283162.346726893","422191.326650352","학교","0","0","","","상수도전용","0","0","0","0","0","","0","0","N","0","","","",
"479","집단급식소","07_21_02_P","4191000","4191000-105-1995-00003","1995-04-10","","01","영업/정상","01","영업","","","","","033 7477668","","","강원특별자치도 원주시 소초면 둔둔리 769","강원특별자치도 원주시 소초면 버덩마을길 7","26304","둔둔초등학교","2021-10-29 16:37:51","I","2023-06-13 00:00:00","학교","286568.863155532","438695.164470724","학교","0","0","","","상수도전용","0","0","0","0","0","","0","0","N","0","","","",
"480","집단급식소","07_21_02_P","4191000","4191000-105-1995-00004","1995-05-04","","01","영업/정상","01","영업","","","","","033 7323793","","","강원특별자치도 원주시 소초면 흥양리 883","강원특별자치도 원주시 소초면 하초구길 6","26310","흥양초등학교","2021-03-08 19:42:56","I","2023-06-13 00:00:00","학교","288243.247895533","431453.686250934","학교","0","0","","","상수도전용","0","0","0","0","0","","0","0","N","0","","","",
"481","집단급식소","07_21_02_P","4191000","4191000-105-1995-00006","1995-05-19","","01","영업/정상","01","영업","","","","","033 7313002","","","강원특별자치도 원주시 부론면 법천리 1533","강원특별자치도 원주시 부론면 법천시장길 42-2","26498","부론초등학교","2017-07-11 10:29:50","I","2023-06-13 00:00:00","학교","266445.500435583","412148.095556196","학교","0","0","","","상수도전용","0","0","0","0","0","","0","0","N","0","","","",
"482","집단급식소","07_21_02_P","4191000","4191000-105-1995-00007","1995-05-19","","01","영업/정상","01","영업","","","","","033 7319005","","","강원특별자치도 원주시 소초면 평장리 792","강원특별자치도 원주시 소초면 평장안골1길 15","26305","소초초등학교","2017-07-11 10:30:31","I","2023-06-13 00:00:00","학교","288782.055025427","435529.282546679","학교","0","0","","","간이상수도","0","0","0","0","0","","0","0","N","0","","","",
"483","집단급식소","07_21_02_P","4191000","4191000-105-1995-00008","1995-05-19","","01","영업/정상","01","영업","","","","","033 7640528","","","강원특별자치도 원주시 신림면 황둔리 350","강원특별자치도 원주시 신림면 신림황둔로 1185","26507","황둔초등학교","2017-07-11 10:31:14","I","2023-06-13 00:00:00","학교","305176.077868037","418378.619957071","학교","0","0","","","상수도전용","0","0","0","0","0","","0","0","N","0","","","",
"484","집단급식소","07_21_02_P","4191000","4191000-105-1995-00009","1995-05-19","","01","영업/정상","01","영업","","","","","033 7422029","","","강원특별자치도 원주시 봉산동 1120","강원특별자치도 원주시 봉산로 15 (봉산동)","26329","원주초등학교","2017-07-11 10:32:57","I","2023-06-13 00:00:00","학교","284872.470819109","427686.865466468","학교","0","0","","","상수도전용","0","0","0","0","0","","0","0","N","0","","","",
"485","집단급식소","07_21_02_P","4191000","4191000-105-1995-00010","1995-05-19","","01","영업/정상","01","영업","","","","","033 7323047","","","강원특별자치도 원주시 태장동 713-1","강원특별자치도 원주시 치악로 2009-9 (태장동)","26325","학성초등학교","2020-02-18 11:51:02","I","2023-06-13 00:00:00","학교","284878.414455336","429152.588665009","학교","0","0","","","상수도전용","0","0","0","0","0","","0","0","N","0","","","",
"486","집단급식소","07_21_02_P","4191000","4191000-105-1995-00012","1995-05-31","","01","영업/정상","01","영업","","","","","033 7456073","691.05","","강원특별자치도 원주시 단계동 82 단계초등학교","강원특별자치도 원주시 북원로 2387, 단계초등학교 9동 1층 (단계동)","26407","단계초등학교","2021-05-18 11:34:01","I","2023-06-13 00:00:00","학교","282886.569325695","428957.956122828","학교","0","0","","","상수도전용","0","0","0","0","0","","0","0","N","89.22","","","",
"487","집단급식소","07_21_02_P","4191000","4191000-105-1995-00013","1995-06-07","","01","영업/정상","01","영업","","","","","033 7650494","","","강원특별자치도 원주시 단구동 106","강원특별자치도 원주시 단구초교길 5 (단구동)","26452","단구초등학교","2017-07-11 10:39:34","I","2023-06-13 00:00:00","학교","285372.242565326","424926.757568904","학교","0","0","","","상수도전용","0","0","0","0","0","","0","0","N","0","","","",
"488","집단급식소","07_21_02_P","4191000","4191000-105-1996-00001","1996-03-29","","01","영업/정상","01","영업","","","","","033 7319603","174.17","","강원특별자치도 원주시 지정면 신평리 681-3 신평초등학교","강원특별자치도 원주시 지정면 신무로 336, 신평초등학교 부5동 1층","26348","신평초등학교","2025-09-15 10:56:16","U","2025-09-17 02:40:00","학교","278956.100194781","431754.459520219","학교","0","0","","","상수도전용","0","0","0","0","0","","0","0","N","63.09","","","",
"489","집단급식소","07_21_02_P","4191000","4191000-105-1996-00004","1996-05-22","","01","영업/정상","01","영업","","","","","033 7319941","135.00","","강원특별자치도 원주시 소초면 수암리 124","강원특별자치도 원주시 소초면 바우실길 281, 1층","26308","강원레저개발(주)집단급식소","2025-10-10 14:15:02","U","2025-10-12 02:40:00","산업체","289532.794553523","432868.772965037","산업체","0","0","","","지하수전용","0","0","0","0","0","","0","0","N","54","","","",
"490","집단급식소","07_21_02_P","4191000","4191000-105-1996-00005","1996-06-22","","01","영업/정상","01","영업","","","","","033 7472100","","","강원특별자치도 원주시 호저면 만종리 610","강원특별자치도 원주시 호저면 원문로 589","26375","만종초등학교","2017-07-11 10:57:27","I","2023-06-13 00:00:00","학교","279806.861066902","428519.738748594","학교","0","0","","","상수도전용","0","0","0","0","0","","0","0","N","0","","","",
"491","집단급식소","07_21_02_P","4191000","4191000-105-1996-00006","1996-10-04","","01","영업/정상","01","영업","","","","","033 7313111","","","강원특별자치도 원주시 문막읍 궁촌리 971-1","강원특별자치도 원주시 문막읍 귀문로 1217","26496","의료법인 명봉의료재단 새마음병원","2020-09-16 10:10:09","I","2023-06-13 00:00:00","병원","273151.65682314","418490.33126086","병원","0","0","","","지하수전용","0","0","0","0","0","","0","0","N","0","","","",
"492","집단급식소","07_21_02_P","4191000","4191000-105-2005-00025","2005-12-09","","01","영업/정상","01","영업","","","","","033 7347200","350.94","","강원특별자치도 원주시 태장동 1720-34","강원특별자치도 원주시 태장공단길 53 (태장동)","26311","(주)세원","2025-04-23 15:06:34","U","2025-04-25 02:40:00","산업체","283534.480103495","433869.265314656","산업체","0","0","","","상수도전용","0","0","0","0","0","자가","0","0","N","61.53","","","",
"493","집단급식소","07_21_02_P","4191000","4191000-105-2005-00027","2005-12-26","","01","영업/정상","01","영업","","","","","033 7628757","176.66","","강원특별자치도 원주시 명륜동 642 금강어린이집","강원특별자치도 원주시 황소마을길 28, 금강어린이집 1층,2층 (명륜동)","26481","금강어린이집","2022-11-16 19:54:14","I","2023-06-13 00:00:00","어린이집","283595.992999182","425879.360390877","어린이집","0","0","","","상수도전용","0","0","0","0","0","자가","0","0","N","21.64","","","",
"494","집단급식소","07_21_02_P","4191000","4191000-105-2005-00028","2005-12-27","","01","영업/정상","01","영업","","","","","033 7475700","23.21","","강원특별자치도 원주시 소초면 791-1","강원특별자치도 원주시 소초면 장막2길 26","26306","영진어린이집","2017-07-11 13:17:22","I","2023-06-13 00:00:00","어린이집","284661.688221873","434784.235372179","어린이집","0","0","","","상수도전용","0","0","0","0","0","자가","0","0","N","20","","","",
"495","집단급식소","07_21_02_P","4191000","4191000-105-2019-00002","2019-01-08","","01","영업/정상","01","영업","","","","","","21.12","","강원특별자치도 원주시 단구동 1451 단구동 한신더휴","강원특별자치도 원주시 단구로 250, 1층 (단구동, 단구동 한신더휴)","26449","한신에이치어린이집","2023-10-06 14:42:30","U","2023-10-08 02:40:00","어린이집","284483.177120462","425888.353280909","어린이집","0","0","","","상수도전용","0","1","0","0","0","","0","0","N","27.42","","","",
"496","집단급식소","07_21_02_P","4191000","4191000-105-2019-00003","2019-02-08","","01","영업/정상","01","영업","","","","","033813 9922","324.00","","강원특별자치도 원주시 문막읍 문막리 304","강원특별자치도 원주시 문막읍 문막시장1길 16","26373","문막요양병원, 문막요양원","2023-07-04 14:48:41","U","2023-07-06 02:40:00","병원","272365.940089907","423177.951148618","병원","0","0","","","상수도전용","0","0","0","0","0","","0","0","N","78.3","","","",
"497","집단급식소","07_21_02_P","4191000","4191000-105-2019-00004","2019-02-28","","01","영업/정상","01","영업","","","","","","661.27","","강원특별자치도 원주시 지정면 가곡리 1527","강원특별자치도 원주시 지정면 가곡로 91, 2층","26353","섬강초등학교","2019-03-23 19:48:56","I","2023-06-13 00:00:00","학교","277338.097631615","431139.326264468","학교","0","0","","","상수도전용","0","0","0","0","0","","0","0","N","115.43","","","",
"498","집단급식소","07_21_02_P","4191000","4191000-105-2019-00006","2019-03-29","","01","영업/정상","01","영업","","","","","","77.60","","강원특별자치도 원주시 개운동 434-9","강원특별자치도 원주시 남원로 562-5, 1층 (개운동)","26448","내안에병원","2023-12-20 14:30:17","U","2023-12-23 02:40:00","병원","284004.108457156","426211.92172411","병원","0","0","","","상수도전용","0","6","0","0","0","","0","0","N","45.14","","","",
"499","집단급식소","07_21_02_P","4191000","4191000-105-2019-00010","2019-05-28","","01","영업/정상","01","영업","","","","","","23.04","","강원특별자치도 원주시 단계동 1184 원주봉화산푸르지오아파트 113동","강원특별자치도 원주시 봉화서부로 11, 113동 1층 (단계동, 원주봉화산푸르지오아파트)","26380","봉화산푸르지오어린이집","2019-07-05 10:08:19","I","2023-06-13 00:00:00","어린이집","281475.483641184","428491.078747096","어린이집","0","0","","","상수도전용","0","0","0","0","0","","0","0","N","21.74","","","",
"500","집단급식소","07_21_02_P","4191000","4191000-105-1990-00018","1990-06-27","","01","영업/정상","01","영업","","","","","033 7622107","48.15","","강원특별자치도 원주시 관설동 441-1","","","성애원","2020-05-26 16:32:24","I","2023-06-13 00:00:00","사회복지시설","","","사회복지시설","0","0","","","지하수전용","0","0","0","0","0","","0","0","N","12.15","","","",
"501","집단급식소","07_21_02_P","4191000","4191000-105-1990-00021","1990-06-29","","01","영업/정상","01","영업","","","","","033 7638417","106.50","","강원특별자치도 원주시 판부면 서곡리 445-42 학림유치원","강원특별자치도 원주시 판부면 서곡널다리길 18-1, 학림유치원 1층","26399","학림유치원","2018-09-28 17:47:39","I","2023-06-13 00:00:00","어린이집","282904.124015672","424856.029591091","어린이집","0","0","","","상수도전용","0","0","0","0","0","","0","0","N","43.5","","","",
"502","집단급식소","07_21_02_P","4191000","4191000-105-1990-00022","1990-06-29","","01","영업/정상","01","영업","","","","","033 7431980","","","강원특별자치도 원주시 가현동 257-14","강원특별자치도 원주시 가현로 160 (가현동)","26314","가현어린이집","2017-07-11 10:22:41","I","2023-06-13 00:00:00","어린이집","283108.511087479","433057.178123054","어린이집","0","0","","","상수도전용","0","0","0","0","0","","0","0","N","0","","","",
"503","집단급식소","07_21_02_P","4191000","4191000-105-1990-00023","1990-06-29","","01","영업/정상","01","영업","","","","","033 7634520","58.41","","강원특별자치도 원주시 무실동 149","강원특별자치도 원주시 무실밤골길 92-3 (무실동)","26395","무실어린이집","2023-04-06 15:59:56","I","2023-06-13 00:00:00","어린이집","281998.855590149","425099.834010178","어린이집","0","0","","","상수도전용","0","0","0","0","0","","0","0","N","9.45","","","",
"504","집단급식소","07_21_02_P","4191000","4191000-105-2015-00011","2015-04-29","","01","영업/정상","01","영업","","","","","033 766 4933","243.16","","강원특별자치도 원주시 원동 59-20 지상2층","강원특별자치도 원주시 일산로 81-2, 지상2층 (원동)","26431","밥상공동체종합사회복지관","2018-10-11 13:53:58","I","2023-06-13 00:00:00","사회복지시설","284273.454845576","427580.365048601","사회복지시설","0","0","","","상수도전용","0","0","0","0","0","","0","0","N","50.74","","","",
"505","집단급식소","07_21_02_P","4191000","4191000-105-2015-00012","2015-05-06","","01","영업/정상","01","영업","","","","","033 7340980","144.35","","강원특별자치도 원주시 문막읍 동화리 170 지상1층","강원특별자치도 원주시 문막읍 동화큰골길 8-1, 지상1층","26372","농업회사법인김채(주)","2017-07-11 10:59:32","I","2023-06-13 00:00:00","산업체","275592.884248085","425538.933884085","산업체","0","0","","","지하수전용","0","1","0","0","0","","0","0","N","46.55","","","",
"506","집단급식소","07_21_02_P","4191000","4191000-105-2015-00015","2015-06-15","","01","영업/정상","01","영업","","","","","","27.50","","강원특별자치도 원주시 학성동 1061-5 대성빌딩 지상6층601.602.603호)","강원특별자치도 원주시 남산로 180, 지상6층 601.602.603호 (학성동, 대성빌딩)","26417","사랑복지센터","2023-01-20 14:14:54","I","2023-06-13 00:00:00","사회복지시설","283291.73714663","428198.67238433","사회복지시설","0","0","","","상수도전용","0","0","0","0","0","","0","0","N","15","","","",
"507","집단급식소","07_21_02_P","4191000","4191000-105-2015-00016","2015-06-18","","01","영업/정상","01","영업","","","","","033736 5000","776.43","","강원특별자치도 원주시 반곡동 1914-8 지하1층","강원특별자치도 원주시 혁신로 199 (반곡동)","26464","한국광해광업공단","2022-11-17 16:25:32","I","2023-06-13 00:00:00","공공기관","287826.547466372","425315.151475342","공공기관","0","0","","","상수도전용","0","0","0","0","0","","0","0","N","176.81","","","",
"508","집단급식소","07_21_02_P","4191000","4191000-105-2015-00017","2015-06-23","","01","영업/정상","01","영업","","","","","","1025.74","","강원특별자치도 원주시 소초면 장양리 1310 KGC원주공장관리후생동,지상2층","강원특별자치도 원주시 소초면 북원로 2955, 지상2층 (KGC원주공장관리후생동)","26306","한국인삼공사고려인삼창(원주공장)","2025-04-17 16:48:15","U","2025-04-19 02:40:00","산업체","284192.855174726","434485.025068688","산업체","0","0","","","상수도전용","0","0","0","0","0","","0","0","N","255.77","","","",
"509","집단급식소","07_21_02_P","4191000","4191000-105-2015-00020","2015-08-28","","01","영업/정상","01","영업","","","","","033 732 8851","145.60","","강원특별자치도 원주시 문막읍 반계리 2232 1동지상3층","강원특별자치도 원주시 문막읍 문막공단길 190, 1동 지상3층","26362","농업회사법인꿈터종합식품(주)","2015-09-07 14:29:07","I","2023-06-13 00:00:00","산업체","271479.503630766","421658.31956043","산업체","0","0","","","상수도전용","0","0","0","0","0","","0","0","N","29.7","","","",
"510","집단급식소","07_21_02_P","4191000","4191000-105-2015-00025","2015-10-13","","01","영업/정상","01","영업","","","","","033 7351600","69.57","","강원특별자치도 원주시 중앙동 144 외1필지,지상4층.중앙메디컬센터 404호","강원특별자치도 원주시 평원로 33, 지상4층 404호 (중앙동, 외1필지.중앙메디컬센터)","26428","동순요양원","2018-10-11 14:24:03","I","2023-06-13 00:00:00","사회복지시설","284294.18706528","427898.047334027","사회복지시설","0","0","","","상수도전용","0","0","0","0","0","","0","0","N","31.2","","","",
"511","집단급식소","07_21_02_P","4191000","4191000-105-2019-00012","2019-07-09","","01","영업/정상","01","영업","","","","","","21.00","","강원특별자치도 원주시 지정면 가곡리 1537 원주 롯데캐슬 더퍼스트 1015동","강원특별자치도 원주시 지정면 가곡로 50, 1015동 1층 (원주 롯데캐슬 더퍼스트)","26352","롯데캐슬키즈어린이집","2019-10-19 12:12:20","I","2023-06-13 00:00:00","어린이집","277820.161037971","431037.196970703","어린이집","0","0","","","상수도전용","0","0","0","0","0","","0","0","N","15.25","","","",
"512","집단급식소","07_21_02_P","4191000","4191000-105-2019-00013","2019-07-12","","01","영업/정상","01","영업","","","","","","22.80","","강원특별자치도 원주시 문막읍 동화리 669-5 1층","강원특별자치도 원주시 문막읍 성아길 22, 1층","26372","산내들유치원","2021-08-23 09:29:28","I","2023-06-13 00:00:00","어린이집","274315.798503572","424561.116481203","어린이집","0","0","","","상수도전용","0","0","0","0","0","","0","0","N","21.78","","","",
"513","집단급식소","07_21_02_P","4191000","4191000-105-2019-00016","2019-08-14","","01","영업/정상","01","영업","","","","","","17.82","","강원특별자치도 원주시 지정면 가곡리 1493 원주기업도시 라온프라이빗","강원특별자치도 원주시 지정면 가곡로 132, 1층 (원주기업도시 라온프라이빗)","26352","라온어린이집","2019-09-28 11:44:52","I","2023-06-13 00:00:00","어린이집","277379.389310467","431624.383212252","어린이집","0","0","","","상수도전용","0","0","0","0","0","","0","0","N","14.58","","","",
"514","집단급식소","07_21_02_P","4191000","4191000-105-2019-00017","2019-08-14","","01","영업/정상","01","영업","","","","","","17.66","","강원특별자치도 원주시 지정면 가곡리 1525 원주 호반 베르디움","강원특별자치도 원주시 지정면 가곡로 120, 814동 1층 (원주 호반 베르디움)","26352","호반어린이집","2019-09-28 11:59:29","I","2023-06-13 00:00:00","어린이집","277453.036175427","431403.392608011","어린이집","0","0","","","상수도전용","0","0","0","0","0","","0","0","N","12.9","","","",
"515","집단급식소","07_21_02_P","4191000","4191000-105-2019-00018","2019-08-19","","01","영업/정상","01","영업","","","","","033766 9161","130.85","","강원특별자치도 원주시 단구동 641","강원특별자치도 원주시 서원대로463번길 21, 1층 (단구동)","26450","사랑의교회","2019-08-22 14:22:36","I","2023-06-13 00:00:00","기타 집단급식소","284726.787959952","425601.391481228","기타 집단급식소","0","0","","","상수도전용","0","0","0","0","0","","0","0","N","34.8","","","",
"516","집단급식소","07_21_02_P","4191000","4191000-105-2019-00019","2019-08-30","","01","영업/정상","01","영업","","","","","033 7381361","864.60","","강원특별자치도 원주시 문막읍 후용리 882 1층","강원특별자치도 원주시 문막읍 견훤로 815, 경동대학교 문막캠퍼스 기숙사 A동  1층","26495","경동대학교(기숙사식당)","2021-10-14 10:29:24","I","2023-06-13 00:00:00","학교","270376.914270365","418451.827583191","학교","0","0","","","상수도전용","0","0","0","0","0","","0","0","N","97.6","","","",
"517","집단급식소","07_21_02_P","4191000","4191000-105-2019-00020","2019-09-16","","01","영업/정상","01","영업","","","","","","85.09","","강원특별자치도 원주시 개운동 255-1 1층","강원특별자치도 원주시 치악로 1755-1, 1층 (개운동)","26446","바오로어린이집","2022-11-17 14:50:04","I","2023-06-13 00:00:00","어린이집","284614.957992455","426588.905111994","어린이집","0","0","","","상수도전용","0","0","0","0","0","","0","0","N","21.45","","","",
"518","집단급식소","07_21_02_P","4191000","4191000-105-2008-00010","2008-06-13","","01","영업/정상","01","영업","","","","","033 733 9988","67.17","","강원특별자치도 원주시 단계동 114-9","강원특별자치도 원주시 원문로 141 (단계동)","26410","정병원","2021-11-16 15:30:55","I","2023-06-13 00:00:00","병원","282592.231264872","428536.016959888","병원","0","0","","","상수도전용","0","0","0","0","0","","0","0","N","35.91","","","",
"519","집단급식소","07_21_02_P","4191000","4191000-105-2008-00012","2008-11-05","","01","영업/정상","01","영업","","","","","033 765 2215","51.38","","강원특별자치도 원주시 단구동 1514-3 신세계프라자 701","강원특별자치도 원주시 남원로 528-31 (단구동,신세계프라자 701)","26484","세일병원","2020-12-01 17:21:19","I","2023-06-13 00:00:00","병원","284113.35151077","425711.043713192","병원","0","0","","","상수도전용","0","0","0","0","0","","0","0","N","26.2","","","",
"520","집단급식소","07_21_02_P","4191000","4191000-105-1990-00025","1990-06-29","","01","영업/정상","01","영업","","","","","033 7314281","","","강원특별자치도 원주시 학성동 213-9","강원특별자치도 원주시 중앙로 191 (학성동)","26415","학성어린이집","2017-07-11 10:23:26","I","2023-06-13 00:00:00","어린이집","283866.631516687","428358.61664264","어린이집","0","0","","","상수도전용","0","0","0","0","0","","0","0","N","0","","","",
"521","집단급식소","07_21_02_P","4191000","4191000-105-1990-00026","1990-06-29","","01","영업/정상","01","영업","","","","","033 7438621","","","강원특별자치도 원주시 태장동 949-3","강원특별자치도 원주시 현충로 222 (태장동)","26322","일야미어린이집","2017-07-11 10:23:51","I","2023-06-13 00:00:00","어린이집","284135.015234483","430588.757060673","어린이집","0","0","","","상수도전용","0","0","0","0","0","","0","0","N","0","","","",
"522","집단급식소","07_21_02_P","4191000","4191000-105-1990-00029","1990-07-06","","01","영업/정상","01","영업","","","","","033 7341806","840.80","","강원특별자치도 원주시 반곡동 896 1층","강원특별자치도 원주시 혁신로 300 (반곡동, 1층)","26460","봉대초등학교","2017-07-11 10:24:30","I","2023-06-13 00:00:00","학교","","","학교","0","0","","","상수도전용","0","0","0","0","0","","0","0","N","268.71","","","",
"523","집단급식소","07_21_02_P","4191000","4191000-105-1991-00002","1991-09-17","","01","영업/정상","01","영업","","","","","033 7418563","","","강원특별자치도 원주시 태장동 1720-1","강원특별자치도 원주시 태장공단길 58 (태장동)","26311","(주)참존","2025-07-04 14:26:24","U","2025-07-06 02:40:00","산업체","283521.334892492","434108.357139017","산업체","0","0","","","상수도전용","0","0","0","0","0","","0","0","N","0","","","",
"524","집단급식소","07_21_02_P","4191000","4191000-105-1992-00001","1992-06-09","","01","영업/정상","01","영업","","","","","033 7419171","","","강원특별자치도 원주시 우산동 283","강원특별자치도 원주시 상지대길 80 (우산동)","26338","상지대부속한방병원","2018-03-30 10:16:22","I","2023-06-13 00:00:00","병원","282684.722957517","430234.756275329","병원","0","0","","","상수도전용","0","0","0","0","0","","0","0","N","0","","","",
"525","집단급식소","07_21_02_P","4191000","4191000-105-1992-00004","1992-03-23","","01","영업/정상","01","영업","","","","","033 7664229","","","강원특별자치도 원주시 흥업면 흥업리 1376","강원특별자치도 원주시 흥업면 사제로 101","26404","흥업초등학교","2017-07-11 10:25:57","I","2023-06-13 00:00:00","학교","280496.234794115","423174.845098506","학교","0","0","","","상수도전용","0","0","0","0","0","","0","0","N","0","","","",
"526","집단급식소","07_21_02_P","4191000","4191000-105-1993-00001","1993-04-02","","01","영업/정상","01","영업","","","","","033 7641072","","","강원특별자치도 원주시 명륜동 235 외 9필지","강원특별자치도 원주시 명륜로 9 (명륜동)","26440","교동초등학교","2017-07-11 10:26:16","I","2023-06-13 00:00:00","학교","283867.129588188","426687.709373374","학교","0","0","","","상수도전용","0","0","0","0","0","","0","0","N","0","","","",
"527","집단급식소","07_21_02_P","4191000","4191000-105-1993-00003","1993-10-05","","01","영업/정상","01","영업","","","","","033 7625009","","","강원특별자치도 원주시 신림면 신림리 518","","","신림초등학교","2017-07-11 10:26:36","I","2023-06-13 00:00:00","학교","","","학교","0","0","","","상수도전용","0","0","0","0","0","","0","0","N","0","","","",
"528","집단급식소","07_21_02_P","4191000","4191000-105-1994-00001","1994-06-14","","01","영업/정상","01","영업","","","","","033 7615644","","","강원특별자치도 원주시 관설동 1277","강원특별자치도 원주시 치악로 1355 (관설동)","26470","관설초등학교","2017-07-11 10:26:54","I","2023-06-13 00:00:00","학교","286479.240972029","423412.386369835","학교","0","0","","","상수도전용","0","0","0","0","0","","0","0","N","0","","","",
"529","집단급식소","07_21_02_P","4191000","4191000-105-2014-00010","2014-08-28","","01","영업/정상","01","영업","","","","","033 765 0083","65.37","","강원특별자치도 원주시 중앙동 144 외1필지,중앙메디컬센터 지상5층 501호","강원특별자치도 원주시 평원로 33, 지상5층 501호 (중앙동, 중앙메디컬센터)","26428","원주실버요양센터","2017-08-23 18:17:33","I","2023-06-13 00:00:00","사회복지시설","284294.18706528","427898.047334027","사회복지시설","0","0","","","상수도전용","0","0","0","0","0","","0","0","N","28","","","",
"530","집단급식소","07_21_02_P","4191000","4191000-105-2014-00011","2014-09-18","","01","영업/정상","01","영업","","","","","","1935.00","","강원특별자치도 원주시 문막읍 반계리 5-22 (주)만도문막공장5동,3층","강원특별자치도 원주시 문막읍 문막공단길 80, 지상3층","26362","에이치엘만도주식회사A동","2023-03-17 15:52:20","I","2023-06-13 00:00:00","산업체","270976.604617115","421599.311278033","산업체","0","0","","","상수도전용","0","0","0","0","0","","0","0","N","525","","","",
"531","집단급식소","07_21_02_P","4191000","4191000-105-2015-00028","2015-11-17","","01","영업/정상","01","영업","","","","","","468.43","","강원특별자치도 원주시 반곡동 2049-2 도로교통공단 12층","강원특별자치도 원주시 혁신로 2, 12층 (반곡동, 도로교통공단)","26466","한국도로교통공단 구내식당","2024-11-26 14:40:21","U","2024-11-28 02:40:00","공공기관","286366.823592193","425148.906223354","공공기관","0","0","","","상수도전용","0","0","0","0","0","","0","0","N","142.37","","","",
"532","집단급식소","07_21_02_P","4191000","4191000-105-2008-00015","2008-12-31","","01","영업/정상","01","영업","","","","","033 746 5819","13.39","","강원특별자치도 원주시 단계동 87-3","강원특별자치도 원주시 원문로100번길 2-55 (단계동)","26407","단성어린이집","2017-07-11 13:19:28","I","2023-06-13 00:00:00","어린이집","282982.209575951","428955.19374693","어린이집","0","0","","","상수도전용","0","0","0","0","0","","0","0","N","13.39","","","",
"533","집단급식소","07_21_02_P","4191000","4191000-105-2009-00002","2009-02-06","","01","영업/정상","01","영업","","","","","033 764 9971","482.94","","강원특별자치도 원주시 신림면 황둔리 900-4","","","피노키오청소년수련원","2025-04-25 15:12:12","U","2025-04-27 02:40:00","수련원","303438.778435682","418038.689320886","수련원","0","0","","","전용상수도(특정시설의 자가용 수도)","0","0","0","0","0","","0","0","N","98.78","","","",
"534","집단급식소","07_21_02_P","4191000","4191000-105-2009-00003","2009-02-23","","01","영업/정상","01","영업","","","","","033735 7762","474.50","","강원특별자치도 원주시 우산동 307-1","강원특별자치도 원주시 진광길 50 (우산동)","26338","진광중학교","2017-07-11 13:20:04","I","2023-06-13 00:00:00","학교","282891.25127511","430470.059433277","학교","0","0","","","상수도전용","0","0","0","0","0","","0","0","N","163.9","","","",
"535","집단급식소","07_21_02_P","4191000","4191000-105-2009-00004","2009-03-03","","01","영업/정상","01","영업","","","","","033 745 2236","54.97","","강원특별자치도 원주시 단계동 824","강원특별자치도 원주시 금불4길 29 (단계동)","26423","동화나라유치원","2020-09-24 15:22:36","I","2023-06-13 00:00:00","어린이집","282583.501296568","427896.097699921","어린이집","0","0","","","상수도전용","0","0","0","0","0","","0","0","N","26.15","","","",
"536","집단급식소","07_21_02_P","4191000","4191000-105-2009-00008","2009-06-02","","01","영업/정상","01","영업","","","","","033 765 2345","13.38","","강원특별자치도 원주시 원동 308-3","강원특별자치도 원주시 탑두둑길 92 (원동)","26440","해오름어린이집","2017-07-11 13:29:15","I","2023-06-13 00:00:00","어린이집","283944.557551357","427011.75448768","어린이집","0","0","","","상수도전용","0","0","0","0","0","","0","0","N","14.41","","","",
"537","집단급식소","07_21_02_P","4191000","4191000-105-2009-00012","2009-11-27","","01","영업/정상","01","영업","","","","","033 769 8114","211.21","","강원특별자치도 원주시 반곡동 1401-10","강원특별자치도 원주시 동부순환로 200 (반곡동)","26460","(주)호텔인터불고원주","2019-03-15 14:16:39","I","2023-06-13 00:00:00","산업체","286272.710008855","426045.161207519","산업체","0","0","","","상수도전용","0","0","0","0","0","","0","0","N","106.06","","","",
"538","집단급식소","07_21_02_P","4191000","4191000-105-2010-00001","2010-01-07","","01","영업/정상","01","영업","","","","","033 769 8400","273.00","","강원특별자치도 원주시 문막읍 동화리 1676","강원특별자치도 원주시 문막읍 동화공단로 49","26365","삼아제약(주)","2017-07-11 13:28:25","I","2023-06-13 00:00:00","산업체","274914.486276064","425936.016643458","산업체","0","0","","","상수도전용","0","0","0","0","0","","0","0","N","54","","","",
"539","집단급식소","07_21_02_P","4191000","4191000-105-2021-00028","2021-11-15","","01","영업/정상","01","영업","","","","","","51.37","","강원특별자치도 원주시 지정면 가곡리 1531-1 원주하나어린이집","강원특별자치도 원주시 지정면 가곡로 75, 원주하나어린이집","26353","원주하나어린이집","2021-11-29 17:21:15","I","2023-06-13 00:00:00","어린이집","277501.153146912","430968.659092205","어린이집","0","0","","","상수도전용","0","0","0","0","0","","0","0","N","18.92","","","",
"540","집단급식소","07_21_02_P","4191000","4191000-105-2021-00029","2021-11-17","","01","영업/정상","01","영업","","","","","","78.72","","강원특별자치도 원주시 흥업면 흥업리 65-11","강원특별자치도 원주시 흥업면 남원로 82","26403","흥업요양원","2021-12-29 11:20:43","I","2023-06-13 00:00:00","기타 집단급식소","281535.554178933","422753.607023115","기타 집단급식소","0","0","","","상수도전용","0","0","0","0","0","","0","0","N","18.14","","","",
"541","집단급식소","07_21_02_P","4191000","4191000-105-2014-00012","2014-09-18","","01","영업/정상","01","영업","","","","","","690.55","","강원특별자치도 원주시 문막읍 반계리 2237 지상2층,(주)만도2동","강원특별자치도 원주시 문막읍 문막공단길 119, 지상2층","26362","에이치엘만도주식회사B동","2023-03-17 15:46:59","I","2023-06-13 00:00:00","산업체","271331.16253516","421343.594563514","산업체","0","0","","","상수도전용","0","0","0","0","0","","0","0","N","120.55","","","",
"542","집단급식소","07_21_02_P","4191000","4191000-105-2014-00014","2014-10-16","","01","영업/정상","01","영업","","","","","033 9009977","113.29","","강원특별자치도 원주시 단구동 146-3","강원특별자치도 원주시 치악로1604번길 22, 5층 (단구동, 현대요양병원)","26451","현대요양병원","2017-07-11 11:13:15","I","2023-06-13 00:00:00","병원","285269.145823877","425351.223118513","병원","0","0","","","상수도전용","0","0","0","0","0","","0","0","N","44.1","","","",
"543","집단급식소","07_21_02_P","4191000","4191000-105-2014-00015","2014-11-19","","01","영업/정상","01","영업","","","","","","71.78","","강원특별자치도 원주시 태장동 1321-1 노인복지센터,지상1층 1동","강원특별자치도 원주시 태장둔치길 149, 1동 지상1층 (태장동, 노인복지센터)","26317","가온요양원","2020-09-24 16:13:54","I","2023-06-13 00:00:00","사회복지시설","285254.657535208","431896.570293696","사회복지시설","0","0","","","상수도전용","0","0","0","0","0","","0","0","N","55.54","","","",
"544","집단급식소","07_21_02_P","4191000","4191000-105-2014-00016","2014-12-18","","01","영업/정상","01","영업","","","","","033 761 5562","18.40","","강원특별자치도 원주시 판부면 서곡리 422-5 지상2층","강원특별자치도 원주시 판부면 남원로 393, 지상2층","26399","꿈모아아이사랑어린이집","2018-10-11 14:38:20","I","2023-06-13 00:00:00","어린이집","283176.919336501","424751.017141247","어린이집","0","0","","","상수도전용","0","0","0","0","0","","0","0","N","18.93","","","",
"545","집단급식소","07_21_02_P","4191000","4191000-105-2015-00001","2015-01-06","","01","영업/정상","01","영업","","","","","","435.29","","강원특별자치도 원주시 반곡동 1914-6","강원특별자치도 원주시 세계로 10, 3층 (반곡동, 한국관광공사 신사옥 본관동)","26464","한국관광공사","2024-04-29 13:53:44","U","2024-05-01 02:40:00","공공기관","287705.268782289","425141.439734145","공공기관","0","0","","","상수도전용","0","0","0","0","0","","0","0","N","83.32","","","",
"546","집단급식소","07_21_02_P","4191000","4191000-105-2015-00002","2015-02-25","","01","영업/정상","01","영업","","","","","033765 1279","30.20","","강원특별자치도 원주시 반곡동 1916-5 지상1층","강원특별자치도 원주시 혁신로 153, 지상1층 (반곡동)","26464","프라임상상유치원","2022-11-28 11:40:47","I","2023-06-13 00:00:00","어린이집","287714.9644282","425019.123814643","어린이집","0","0","","","상수도전용","0","0","0","0","0","","0","0","N","29.36","","","",
"547","집단급식소","07_21_02_P","4191000","4191000-105-2015-00005","2015-03-27","","01","영업/정상","01","영업","","","","","033 733 2555","14.47","","강원특별자치도 원주시 단계동 938 지하1층","강원특별자치도 원주시 이화3길 16-8, 지하1층 (단계동)","26476","스마트유치원","2018-10-11 14:39:29","I","2023-06-13 00:00:00","어린이집","282725.595075769","426596.628352692","어린이집","0","0","","","상수도전용","0","0","0","0","0","","0","0","N","13.51","","","",
"548","집단급식소","07_21_02_P","4191000","4191000-105-2015-00006","2015-03-30","","01","영업/정상","01","영업","","","","","033731 1123","175.56","","강원특별자치도 원주시 봉산동 950 지상1층","강원특별자치도 원주시 봉산로 103, 지상1층 (봉산동)","26331","원주가톨릭종합사회복지관","2025-09-08 10:53:51","U","2025-09-10 02:40:00","어린이집","285475.215309332","427408.685161092","어린이집","0","0","","","상수도전용","0","0","0","0","0","","0","0","N","50.96","","","",
"549","집단급식소","07_21_02_P","4191000","4191000-105-2015-00007","2015-03-31","","01","영업/정상","01","영업","","","","","033 733 3339","139.82","","강원특별자치도 원주시 문막읍 반계리 2262-14","강원특별자치도 원주시 문막읍 반산2로 36, 1층","26362","주식회사푸드플래닛","2019-01-02 14:11:37","I","2023-06-13 00:00:00","산업체","271170.778477155","422422.215921005","산업체","0","0","","","상수도전용","0","0","0","0","0","","0","0","N","26.4","","","",
"550","집단급식소","07_21_02_P","4191000","4191000-105-2015-00009","2015-04-22","","01","영업/정상","01","영업","","","","","033 7430011","55.88","","강원특별자치도 원주시 일산동 193-20","강원특별자치도 원주시 천사로 200, 6층 601호 (일산동, 대륙빌딩)","26427","다현요양원","2024-10-29 11:06:53","U","2024-10-31 02:40:00","사회복지시설","283781.165485211","428031.852385448","사회복지시설","0","0","","","상수도전용","0","0","0","0","0","","0","0","N","25.92","","","",
"551","집단급식소","07_21_02_P","4191000","4191000-105-2004-00007","2004-04-29","","01","영업/정상","01","영업","","","","","033 7665324","639.70","","강원특별자치도 원주시 단구동 1675","강원특별자치도 원주시 단구로 405 (단구동)","26490","단구중학교","2017-07-11 11:54:06","I","2023-06-13 00:00:00","학교","284725.649996095","424718.546264498","학교","0","0","","","상수도전용","0","0","0","0","0","","0","0","N","178.9","","","",
"552","집단급식소","07_21_02_P","4191000","4191000-105-2004-00008","2004-05-03","","01","영업/정상","01","영업","","","","","033 7638874","168.32","","강원특별자치도 원주시 흥업면 흥업리 734 외34필지","강원특별자치도 원주시 흥업면 북원로 1800 (외34필지)","26403","육민관고등학교","2017-07-11 13:08:40","I","2023-06-13 00:00:00","학교","281558.337935006","423271.310337935","학교","0","0","","","상수도전용","0","0","0","0","0","","0","0","N","81.9","","","",
"553","집단급식소","07_21_02_P","4191000","4191000-105-2004-00009","2004-09-15","","01","영업/정상","01","영업","","","","","033 7635885","22.68","","강원특별자치도 원주시 흥업면 흥업리 580-4","강원특별자치도 원주시 흥업면 남원로 50, 1층","26403","흥업어린이집","2020-04-01 11:32:14","I","2023-06-13 00:00:00","어린이집","281488.376411078","422389.449123071","어린이집","0","0","","","상수도전용","0","0","0","0","0","","0","0","N","110.88","","","",
"554","집단급식소","07_21_02_P","4191000","4191000-105-2021-00030","2021-11-22","","01","영업/정상","01","영업","","","","","","249.90","","강원특별자치도 원주시 봉산동 767","강원특별자치도 원주시 개륜1길 59 (봉산동)","26331","양업토마스장애인종합복지관","2021-12-03 19:38:36","I","2023-06-13 00:00:00","사회복지시설","285528.264874214","427866.714031405","사회복지시설","0","0","","","상수도전용","0","0","0","0","0","","0","0","N","45.16","","","",
"555","집단급식소","07_21_02_P","4191000","4191000-105-2021-00032","2021-12-13","","01","영업/정상","01","영업","","","","","","107.52","","강원특별자치도 원주시 일산동 291-28","강원특별자치도 원주시 남산로 80-1 (일산동)","26427","원주로얄요양원","2023-06-18 16:02:39","U","2023-06-20 02:40:00","사회복지시설","283535.570523583","427438.534945355","사회복지시설","0","0","","","","0","0","0","0","0","","0","0","N","29.59","","","",
"556","집단급식소","07_21_02_P","4191000","4191000-105-2021-00033","2021-12-29","","01","영업/정상","01","영업","","","","","033 7467800","130.80","","강원특별자치도 원주시 봉산동 820","강원특별자치도 원주시 봉산로 117, 1층 (봉산동)","26331","휴요양원","2022-01-19 15:09:00","I","2023-06-13 00:00:00","사회복지시설","285604.575358793","427323.100940528","사회복지시설","0","0","","","상수도전용","0","0","0","0","0","","0","0","N","41.33","","","",
"557","집단급식소","07_21_02_P","4191000","4191000-105-2022-00001","2022-02-09","","01","영업/정상","01","영업","","","","","","117.53","","강원특별자치도 원주시 반곡동 1903-2","강원특별자치도 원주시 양지로 80, 6층 (반곡동)","26462","강남한방병원","2025-05-13 15:48:44","U","2025-05-15 02:40:00","병원","287336.98603588","425561.69150027","병원","0","0","","","상수도전용","0","0","0","0","0","","0","0","N","24.32","","","",
"558","집단급식소","07_21_02_P","4191000","4191000-105-2022-00002","2022-02-10","","01","영업/정상","01","영업","","","","","033 7318214","138.56","","강원특별자치도 원주시 소초면 학곡리 666 교학초등학교","강원특별자치도 원주시 소초면 토동길 20, 교학초등학교","26304","교학초등학교","2023-01-05 17:55:19","I","2023-06-13 00:00:00","학교","293348.949967224","437556.658412576","학교","0","0","","","지하수전용","0","0","0","0","0","","0","0","N","32.72","","","",
"559","집단급식소","07_21_02_P","4191000","4191000-105-2022-00003","2022-02-25","","01","영업/정상","01","영업","","","","","033901 0200","160.33","","강원특별자치도 원주시 지정면 가곡리 1563-1","강원특별자치도 원주시 지정면 신평로 183-1","26352","지정샘유치원","2022-11-11 19:32:09","I","2023-06-13 00:00:00","어린이집","277625.458745763","431788.726150908","어린이집","0","0","","","상수도전용","0","3","0","0","0","","0","0","N","42.14","","","",
"560","집단급식소","07_21_02_P","4191000","4191000-105-2022-00004","2022-03-04","","01","영업/정상","01","영업","","","","","","94.06","","강원특별자치도 원주시 개운동 349","강원특별자치도 원주시 남원로602번길 34 (개운동)","26446","원주삼성어린이집","2022-04-07 11:50:37","I","2023-06-13 00:00:00","어린이집","284191.495942947","426298.644540701","어린이집","0","0","","","상수도전용","0","0","0","0","0","","0","0","N","37.42","","","",
"561","집단급식소","07_21_02_P","4191000","4191000-105-2022-00006","2022-04-08","","01","영업/정상","01","영업","","","","","0338100700","259.98","","강원특별자치도 원주시 지정면 신평리 1083 진양제약 GMP공장","강원특별자치도 원주시 지정면 신평로 34, 진양제약 GMP공장","26348","진양제약","2022-05-03 20:35:24","I","2023-06-13 00:00:00","산업체","278676.628939109","430899.821318716","산업체","0","0","","","상수도전용","0","0","0","0","0","","0","0","N","43.95","","","",
"562","집단급식소","07_21_02_P","4191000","4191000-105-2022-00007","2022-04-19","","01","영업/정상","01","영업","","","","","0337432580","119.24","","강원특별자치도 원주시 무실동 1846-3 사랑으로부영아파트","강원특별자치도 원주시 무실로 380, 관리동 1층 (무실동, 사랑으로부영아파트)","26392","원주무실부영사랑으로어린이집","2023-03-17 13:38:07","I","2023-06-13 00:00:00","어린이집","282193.743184914","425966.759143406","어린이집","0","0","","","상수도전용","0","1","0","0","0","","0","0","N","30.59","","","",
"563","집단급식소","07_21_02_P","4191000","4191000-105-2022-00008","2022-05-10","","01","영업/정상","01","영업","","","","","","192.96","","강원특별자치도 원주시 지정면 가곡리 1453 EG-the1 아파트","강원특별자치도 원주시 지정면 신지정로 325, 418동 (EG-the1 아파트)","26346","이지더원어린이집","2022-05-27 13:59:13","I","2023-06-13 00:00:00","어린이집","277036.571483431","431576.865933814","어린이집","0","0","","","상수도전용","0","0","0","0","0","","0","0","N","16.8","","","",
"564","집단급식소","07_21_02_P","4191000","4191000-105-2022-00009","2022-06-20","","01","영업/정상","01","영업","","","","","033 901 4503","181.48","","강원특별자치도 원주시 지정면 신평리 1062 (주)비알 팜 공장","강원특별자치도 원주시 지정면 신평로 13 (주)비알 팜 공장","26348","(주)비알팜","2022-07-14 21:59:45","I","2023-06-13 00:00:00","산업체","278611.054120078","430616.199635847","산업체","0","0","","","상수도전용","0","1","0","0","0","","0","0","N","36.75","","","",
"565","집단급식소","07_21_02_P","4191000","4191000-105-2022-00010","2022-07-01","","01","영업/정상","01","영업","","","","","033744 0288","185.15","","강원특별자치도 원주시 반곡동 산 16-12","강원특별자치도 원주시 동부순환로 201, 별동 1층,2층 (반곡동)","26457","원주소방서어린이집","2024-03-05 09:43:27","U","2024-03-07 02:40:00","어린이집","286176.207020938","426153.505244935","어린이집","0","0","","","상수도전용","0","0","0","0","0","","0","0","N","16.2","","","",
"566","집단급식소","07_21_02_P","4191000","4191000-105-2022-00011","2022-08-10","","01","영업/정상","01","영업","","","","","033738 4600","421.35","","강원특별자치도 원주시 지정면 신평리 1066","강원특별자치도 원주시 지정면 신평로 33 (주)다림바이오텍 원주공장 관리동 4층","26348","(주)다림바이오텍","2025-03-05 10:35:02","U","2025-03-07 02:40:00","산업체","278494.218036764","430826.805355081","산업체","0","0","","","상수도전용","0","0","0","0","0","","0","0","N","117","","","",
"567","집단급식소","07_21_02_P","4191000","4191000-105-2022-00012","2022-09-23","","01","영업/정상","01","영업","","","","","","63.77","","강원특별자치도 원주시 무실동 1721-5 로얄타워","강원특별자치도 원주시 시청로 3, 로얄타워 7층 (무실동)","26383","우리요양원","2022-10-05 17:23:30","I","2023-06-13 00:00:00","사회복지시설","281614.11717558","426991.761922349","사회복지시설","0","0","","","상수도전용","0","2","0","0","0","","0","0","N","33.9","","","",
"568","집단급식소","07_21_02_P","4191000","4191000-105-2022-00013","2022-11-21","","01","영업/정상","01","영업","","","","","033742 2885","0.00","","강원특별자치도 원주시 지정면 신평리 1105","강원특별자치도 원주시 지정면 신평로 70, 4층","26351","(주)네오바이오텍","2022-12-11 17:19:00","I","2023-06-13 00:00:00","산업체","278327.948763121","431270.857568698","산업체","0","0","","","상수도전용","0","0","0","0","0","자가","0","0","N","0","","","",
"569","집단급식소","07_21_02_P","4191000","4191000-105-2004-00011","2004-09-24","","01","영업/정상","01","영업","","","","","033 7322352","12.00","","강원특별자치도 원주시 지정면 간현리 1050","강원특별자치도 원주시 지정면 간현로186번길 7","26359","지정어린이집","2017-07-11 13:09:30","I","2023-06-13 00:00:00","어린이집","273937.980502565","429536.047122773","어린이집","0","0","","","상수도전용","0","0","0","0","0","","0","0","N","12","","","",
"570","집단급식소","07_21_02_P","4191000","4191000-105-2004-00012","2004-10-18","","01","영업/정상","01","영업","","","","","033 7341188","13.50","","강원특별자치도 원주시 문막읍 건등리 1707","강원특별자치도 원주시 문막읍 건등로 28-2","26370","문막큰별어린이집","2017-07-11 13:09:49","I","2023-06-13 00:00:00","어린이집","272571.085707581","423716.909098196","어린이집","0","0","","","상수도전용","0","0","0","0","0","","0","0","N","13.5","","","",
"571","집단급식소","07_21_02_P","4191000","4191000-105-2004-00013","2004-10-19","","01","영업/정상","01","영업","","","","","033 7448207","15.37","","강원특별자치도 원주시 우산동 458-8 우산어린이집","강원특별자치도 원주시 우산공단길 155-7, 우산어린이집 (우산동)","26335","우산어린이집","2023-01-06 09:31:16","I","2023-06-13 00:00:00","어린이집","282982.941848933","431530.49488973","어린이집","0","0","","","상수도전용","0","0","0","0","0","","0","0","N","15.37","","","",
"572","집단급식소","07_21_02_P","4191000","4191000-105-2004-00016","2004-11-11","","01","영업/정상","01","영업","","","","","033 747 7391","244.90","","강원특별자치도 원주시 태장동 1720-32","강원특별자치도 원주시 태장공단길 46, 1층 (태장동)","26311","공립 예라어린이집","2023-08-16 16:18:35","U","2023-08-18 02:40:00","어린이집","283760.030678215","433979.364939565","어린이집","0","0","","","상수도전용","0","0","0","0","0","","0","0","N","35.78","","","",
"573","집단급식소","07_21_02_P","4191000","4191000-105-2004-00017","2004-11-17","","01","영업/정상","01","영업","","","","","033 7661681","22.08","","강원특별자치도 원주시 명륜동 77-19 외2필지","","","명일어린이집","2017-07-11 13:11:19","I","2023-06-13 00:00:00","어린이집","","","어린이집","0","0","","","상수도전용","0","0","0","0","0","","0","0","N","24","","","",
"574","집단급식소","07_21_02_P","4191000","4191000-105-2004-00018","2004-12-22","","01","영업/정상","01","영업","","","","","033 7497121","258.22","","강원특별자치도 원주시 행구동 760 외 46필지","강원특별자치도 원주시 행구덕현길 109 (행구동,외 46필지)","26455","케이티(KT)인재개발원원주분원","2023-10-12 13:39:03","U","2023-10-14 02:40:00","산업체","288930.176344404","426627.905630602","산업체","0","0","","","간이상수도","0","0","0","0","0","","0","0","N","1254.8","","","",
"575","집단급식소","07_21_02_P","4191000","4191000-105-2005-00001","2005-01-20","","01","영업/정상","01","영업","","","","","033 7660601","13.14","","강원특별자치도 원주시 단구동 1486-14 (2층)","강원특별자치도 원주시 동부순환로 9-6 (단구동,(2층))","26452","원주시노인종합복지관","2020-09-22 11:29:53","I","2023-06-13 00:00:00","사회복지시설","285847.882203068","424497.481915288","사회복지시설","0","0","","","상수도전용","0","0","0","0","0","","0","0","N","115.26","","","",
"576","집단급식소","07_21_02_P","4191000","4191000-105-2005-00004","2005-03-02","","01","영업/정상","01","영업","","","","","033 7422642","127.50","","강원특별자치도 원주시 무실동 1652","강원특별자치도 원주시 만대로 155 (무실동)","26385","무실초등학교","2017-07-11 13:12:32","I","2023-06-13 00:00:00","학교","281628.380291001","426280.498745152","학교","0","0","","","상수도전용","0","0","0","0","0","","0","0","N","589.5","","","",
"577","집단급식소","07_21_02_P","4191000","4191000-105-2005-00005","2005-03-02","","01","영업/정상","01","영업","","","","","033 7651403","173.40","","강원특별자치도 원주시 관설동 1723","강원특별자치도 원주시 단관초교길 14 (관설동)","26472","단관초등학교","2017-07-11 13:12:51","I","2023-06-13 00:00:00","학교","285361.107796237","424367.849211751","학교","0","0","","","상수도전용","0","0","0","0","0","","0","0","N","676.68","","","",
"578","집단급식소","07_21_02_P","4191000","4191000-105-2005-00008","2005-03-22","","01","영업/정상","01","영업","","","","","033 764 9971","377.72","","강원특별자치도 원주시 신림면 황둔리 903","강원특별자치도 원주시 신림면 소야1길 72","26507","피노키오자연휴양림","2022-06-23 09:20:31","I","2023-06-13 00:00:00","기타 집단급식소","303323.796074694","418020.807755615","기타 집단급식소","0","0","","","전용상수도(특정시설의 자가용 수도)","0","0","0","0","0","","0","0","N","65.72","","","",
"579","집단급식소","07_21_02_P","4191000","4191000-105-2005-00010","2005-04-02","","01","영업/정상","01","영업","","","","","033 7376000","163.95","","강원특별자치도 원주시 관설동 1798-1","강원특별자치도 원주시 치악고교길 16 (관설동)","26469","치악고등학교","2017-07-11 13:13:47","I","2023-06-13 00:00:00","학교","284901.630139889","424161.279757418","학교","0","0","","","상수도전용","0","0","0","0","0","","0","0","N","776.01","","","",
"580","집단급식소","07_21_02_P","4191000","4191000-105-2018-00003","2018-02-19","","01","영업/정상","01","영업","","","","","033737 6412","452.05","","강원특별자치도 원주시 무실동 산 123-1 대성중고등학교","강원특별자치도 원주시 북원로 2001, 대성중고등학교 급식동 1~2층 (무실동)","26385","원주대성중학교","2018-05-25 10:39:30","I","2023-06-13 00:00:00","학교","281518.233500808","425526.758038659","학교","0","0","","","상수도전용","0","0","0","0","0","","0","0","N","196.17","","","",
"581","집단급식소","07_21_02_P","4191000","4191000-105-2013-00005","2013-04-18","","01","영업/정상","01","영업","","","","","033 731 0280","283.70","","강원특별자치도 원주시 문막읍 반계리 2234 가동 3층","강원특별자치도 원주시 문막읍 문막공단길 176","26362","주식회사 광덕에이앤티(지점)","2017-07-11 11:30:52","I","2023-06-13 00:00:00","산업체","271561.652089441","421467.736996649","산업체","0","0","","","상수도전용","0","150","0","0","0","","0","0","N","62.12","","","",
"582","집단급식소","07_21_02_P","4191000","4191000-105-2013-00007","2013-05-27","","01","영업/정상","01","영업","","","","","033 748 3780","15.78","","강원특별자치도 원주시 단계동 682-3","강원특별자치도 원주시 서원대로86번길 52, 지상4층 (단계동)","26381","봉화산숲유치원.어린이집","2021-08-03 17:34:58","I","2023-06-13 00:00:00","어린이집","281438.998972993","427891.475309038","어린이집","0","0","","","상수도전용","0","0","0","0","0","","0","0","N","14.49","","","",
"583","집단급식소","07_21_02_P","4191000","4191000-105-2013-00009","2013-07-11","","01","영업/정상","01","영업","","","","","033 760 6118","512.42","","강원특별자치도 원주시 지정면 가곡리 327","강원특별자치도 원주시 지정면 기업도시로 200","26354","(재)원주의료기기산업진흥원","2025-05-29 13:52:56","U","2025-05-31 02:40:00","산업체","277350.791712766","430306.972224638","산업체","0","0","","","상수도전용","0","0","0","0","0","","0","0","N","102.35","","","",
"584","집단급식소","07_21_02_P","4191000","4191000-105-2013-00010","2013-08-07","","01","영업/정상","01","영업","","","","","033 7338880","37.58","","강원특별자치도 원주시 무실동 1363-3","강원특별자치도 원주시 송삼길 60, 2층 (무실동)","26385","무실꿈동산어린이집","2020-07-22 17:59:48","I","2023-06-13 00:00:00","어린이집","281012.956760812","426006.652035897","어린이집","0","0","","","상수도전용","0","0","0","0","0","","0","0","N","42.98","","","",
"585","집단급식소","07_21_02_P","4191000","4191000-105-1990-00013","1990-05-23","","01","영업/정상","01","영업","","","","","033 7429581","","","강원특별자치도 원주시 무실동 353","강원특별자치도 원주시 북원로 2155 (무실동)","26383","원주교도소","2020-05-01 14:20:11","I","2023-06-13 00:00:00","공공기관","282158.58507082","426875.941327602","공공기관","0","0","","","상수도전용","0","0","0","0","0","","0","0","N","0","","","",
"586","집단급식소","07_21_02_P","4191000","4191000-105-1990-00017","1990-06-25","","01","영업/정상","01","영업","","","","","033 7417004","","","강원특별자치도 원주시 우산동 170 외10필지","강원특별자치도 원주시 북원로2425번길 73 (우산동,외10필지)","26406","한국폴리텍대학원주캠퍼스","2020-02-26 11:05:49","I","2023-06-13 00:00:00","학교","282710.819607302","429392.039911748","학교","0","0","","","상수도전용","0","0","0","0","0","","0","0","N","0","","","",
"587","집단급식소","07_21_02_P","4191000","4191000-105-2013-00012","2013-08-27","","01","영업/정상","01","영업","","","","","033 746 0743","107.59","","강원특별자치도 원주시 문막읍 동화리 1642-5 (재)강원T.P원주의료기기벤처공장","강원특별자치도 원주시 문막읍 동화공단로 130-2, 지상1층 ((재)강원T.P원주의료기기벤처공장)","26365","(재)강원테크노파크원주벤처공장구내식당","2019-04-11 10:44:26","I","2023-06-13 00:00:00","산업체","274136.538031774","426337.490886497","산업체","0","0","","","상수도전용","0","3","0","0","0","","0","0","N","22.93","","","",
"588","집단급식소","07_21_02_P","4191000","4191000-105-2013-00014","2013-09-26","","01","영업/정상","01","영업","","","","","033 766 3456","15.88","","강원특별자치도 원주시 단구동 905-7 외1필지,지상2층","강원특별자치도 원주시 귀론길 45-1, 지상2층 (단구동, 외1필지)","26400","청담어린이집.유치원","2018-09-04 17:47:37","I","2023-06-13 00:00:00","어린이집","284386.33399349","424032.900892949","어린이집","0","0","","","지하수전용","0","0","0","0","0","","0","0","Y","29.26","","","",
"589","집단급식소","07_21_02_P","4191000","4191000-105-2013-00016","2013-10-15","","01","영업/정상","01","영업","","","","","033 735 3309","16.76","","강원특별자치도 원주시 반곡동 1566-1 2층","강원특별자치도 원주시 반곡길 133 (반곡동, 2층)","26457","반곡어린이집반곡드림유치원","2018-04-03 10:55:54","I","2023-06-13 00:00:00","어린이집","285793.903423445","425988.259409428","어린이집","0","0","","","상수도전용","0","0","0","0","0","","0","0","N","25.56","","","",
"590","집단급식소","07_21_02_P","4191000","4191000-105-2013-00017","2013-10-30","","01","영업/정상","01","영업","","","","","033 9025124","217.19","","강원특별자치도 원주시 반곡동 1340-2 국립과학수사연구원 본관동","강원특별자치도 원주시 입춘로 10 (반곡동, 국립과학수사연구원 본관동)","26460","국립과학수사연구원","2021-01-29 13:35:02","I","2023-06-13 00:00:00","공공기관","286287.871448376","425615.365667852","공공기관","0","0","","","상수도전용","0","0","0","0","0","","0","0","N","42.2","","","",
"591","집단급식소","07_21_02_P","4191000","4191000-105-2014-00001","2014-03-13","","01","영업/정상","01","영업","","","","","033 738 2300","850.05","","강원특별자치도 원주시 무실동 1863-1 지상1층, 솔샘초등학교","강원특별자치도 원주시 무실로 381, 지상1층 (무실동, 솔샘초등학교)","26393","솔샘초등학교","2017-07-11 11:26:06","I","2023-06-13 00:00:00","학교","282299.16958223","425739.445916006","학교","0","0","","","상수도전용","0","0","0","0","0","","0","0","N","352.77","","","",
"592","집단급식소","07_21_02_P","4191000","4191000-105-2014-00002","2014-04-07","","01","영업/정상","01","영업","","","","","033 742 0513","41.83","","강원특별자치도 원주시 평원동 252-7 지하1층","강원특별자치도 원주시 평원안길 38, 지하1층 (평원동)","26430","예담요양시설","2017-08-23 18:17:33","I","2023-06-13 00:00:00","사회복지시설","284303.285809623","428039.970268472","사회복지시설","0","0","","","상수도전용","0","0","0","0","0","","0","0","N","27.73","","","",
"593","집단급식소","07_21_02_P","4191000","4191000-105-2012-00007","2012-03-29","","01","영업/정상","01","영업","","","","","070 43521844","335.69","","강원특별자치도 원주시 단계동 1123 롯데마트지하3층","강원특별자치도 원주시 봉화로 1 (단계동, 롯데마트지하3층)","26437","(주)신세계푸드에이케이플라자원주점","2024-12-12 15:09:06","U","2024-12-14 02:40:00","산업체","282120.73395865","427477.545400161","산업체","0","0","","","상수도전용","0","0","0","0","0","","0","0","N","87.42","","","",
"594","집단급식소","07_21_02_P","4191000","4191000-105-2012-00008","2012-04-03","","01","영업/정상","01","영업","","","","","033 7690104","102.24","","강원특별자치도 원주시 관설동 1458-3 5층","강원특별자치도 원주시 치악로 1521, 5층 (관설동)","26471","판부농업협동조합","2021-03-16 17:44:07","I","2023-06-13 00:00:00","산업체","285490.794884398","424649.646861641","산업체","0","0","","","상수도전용","0","0","0","0","0","","0","0","N","23.32","","","",
"595","집단급식소","07_21_02_P","4191000","4191000-105-2012-00009","2012-04-05","","01","영업/정상","01","영업","","","","","033 7317766","66.21","","강원특별자치도 원주시 일산동 121-2","강원특별자치도 원주시 일산로36번길 12 (일산동)","26427","원주그린병원","2017-07-11 11:39:49","I","2023-06-13 00:00:00","병원","283851.322636103","427717.612280305","병원","0","0","","","상수도전용","0","0","0","0","0","","0","0","N","26.61","","","",
"596","집단급식소","07_21_02_P","4191000","4191000-105-2012-00010","2012-04-12","","01","영업/정상","01","영업","","","","","033 746 0123","21.14","","강원특별자치도 원주시 단계동 603-7","강원특별자치도 원주시 원문로 235 (단계동)","26409","새빛어린이집","2018-10-11 14:34:50","I","2023-06-13 00:00:00","어린이집","281929.467706722","428530.736595594","어린이집","0","0","","","상수도전용","0","0","0","0","0","","0","0","N","21.14","","","",
"597","집단급식소","07_21_02_P","4191000","4191000-105-2012-00011","2012-05-25","","01","영업/정상","01","영업","","","","","02  21458000","76.52","","강원특별자치도 원주시 단계동 1123 롯데마트 지하2층","강원특별자치도 원주시 봉화로 1, 롯데마트 지하2층 (단계동)","26437","롯데쇼핑(주)롯데마트원주점구내식당(지하2층)","2025-05-13 13:50:50","U","2025-05-15 02:40:00","산업체","282120.73395865","427477.545400161","산업체","0","0","","","상수도전용","0","0","0","0","0","","0","0","N","68.8","","","",
"598","집단급식소","07_21_02_P","4191000","4191000-105-2012-00012","2012-05-30","","01","영업/정상","01","영업","","","","","033734 7513","9.61","","강원특별자치도 원주시 단구동 1679 단관청솔3차아파트유치원동","강원특별자치도 원주시 단구로 406, 1층 (단구동, 단관청솔3차아파트유치원동)","26488","동현어린이집","2024-05-13 10:00:10","U","2024-05-15 02:40:00","어린이집","284548.975569643","424799.836046913","어린이집","0","0","","","상수도전용","0","3","0","0","0","","0","0","N","36.71","","","",
"599","집단급식소","07_21_02_P","4191000","4191000-105-2012-00013","2012-06-08","","01","영업/정상","01","영업","","","","","033 763 9089","36.66","","강원특별자치도 원주시 단구동 851-2 지상5층","강원특별자치도 원주시 단관공원길 102, 지상5층 (단구동)","26400","예지유치원어린이집","2021-06-16 15:12:36","I","2023-06-13 00:00:00","어린이집","284773.004227734","424102.235539944","어린이집","0","0","","","상수도전용","0","0","0","0","0","","0","0","N","34.86","","","",
"600","집단급식소","07_21_02_P","4191000","4191000-105-2012-00014","2012-06-26","","01","영업/정상","01","영업","","","","","033 742 7600","103.31","","강원특별자치도 원주시 무실동 1809-1","강원특별자치도 원주시 무실새골길 49, 1층 (무실동)","26478","도담유치원","2017-08-23 18:17:33","I","2023-06-13 00:00:00","어린이집","282814.32506733","425837.589739101","어린이집","0","0","","","상수도전용","0","3","0","0","0","","0","0","N","22.78","","","",
"601","집단급식소","07_21_02_P","4191000","4191000-105-2012-00015","2012-07-09","","01","영업/정상","01","영업","","","","","033 769 8820","288.40","","강원특별자치도 원주시 관설동 1453 홈플러스원주점지상4층","강원특별자치도 원주시 치악로 1489, 지상4층 (관설동, 홈플러스원주점)","26471","홈플러스원주점","2025-01-23 16:19:52","U","2025-01-25 02:40:00","산업체","285677.402683418","424408.068770392","산업체","0","0","","","상수도전용","0","0","0","0","0","","0","0","N","54.7","","","",
"602","집단급식소","07_21_02_P","4191000","4191000-105-2014-00004","2014-04-08","","01","영업/정상","01","영업","","","","","033 734 3365","12.75","","강원특별자치도 원주시 태장동 778-3 지상1층","강원특별자치도 원주시 천사로 284-1 (태장동, 지상1층)","26327","아이비프리미어스쿨 어린이집","2023-07-10 14:52:59","U","2023-07-13 02:40:00","어린이집","284504.881150082","428452.938547768","어린이집","0","0","","","상수도전용","0","0","0","0","0","","0","0","Y","9.45","","","",
"603","집단급식소","07_21_02_P","4191000","4191000-105-2014-00005","2014-05-15","","01","영업/정상","01","영업","","","","","033 747 6701","91.05","","강원특별자치도 원주시 학성동 311-6 지상7층","강원특별자치도 원주시 원일로 176-1, 지상7층 (학성동)","26415","의료법인대화의료재단","2017-07-11 11:23:46","I","2023-06-13 00:00:00","병원","283756.782954782","428388.408815569","병원","0","0","","","상수도전용","0","0","0","0","0","","0","0","N","34.56","","","",
"604","집단급식소","07_21_02_P","4191000","4191000-105-2014-00006","2014-05-16","","01","영업/정상","01","영업","","","","","033 811 0274","331.03","","강원특별자치도 원주시 반곡동 2047-8 대한적십자사 3층","강원특별자치도 원주시 혁신로 50, 대한적십자사 3층 (반곡동)","26465","대한적십자사교육원","2025-09-09 14:37:48","U","2025-09-11 02:40:00","공공기관","286669.689579924","425007.094643227","공공기관","0","0","","","상수도전용","0","0","0","0","0","","0","0","N","67.41","","","",
"605","집단급식소","07_21_02_P","4191000","4191000-105-2014-00007","2014-06-24","","01","영업/정상","01","영업","","","","","033 7451221","168.83","","강원특별자치도 원주시 학성동 223-8","강원특별자치도 원주시 원일로 173, 5층 (학성동)","26417","부승노인전문요양원(학성점)","2024-12-30 13:49:58","U","2025-01-01 02:40:00","사회복지시설","283719.939348254","428338.77938424","사회복지시설","0","0","","","상수도전용","0","55","0","0","0","","0","0","N","82.1","","","",
"606","집단급식소","07_21_02_P","4191000","4191000-105-2014-00008","2014-07-03","","01","영업/정상","01","영업","","","","","02 26008487","840.95","","","강원특별자치도 원주시 지정면 기업도시로 1, 지상2층 ((주)네오플램공장 가공,물류동)","26348","주식회사네오플램","2025-04-18 10:42:31","U","2025-04-20 02:40:00","산업체","278900.162229313","430890.89110687","산업체","0","0","","","상수도전용","0","0","0","0","0","","0","0","N","76.59","","","",
"607","집단급식소","07_21_02_P","4191000","4191000-105-2011-00019","2011-12-09","","01","영업/정상","01","영업","","","","","033 732 9954","154.61","","강원특별자치도 원주시 지정면 1108-11","강원특별자치도 원주시 지정면 소금산길 125","26359","소금산빌리지청소년수련원","2022-05-10 10:42:35","I","2023-06-13 00:00:00","수련원","272845.513204923","429828.547117361","수련원","0","0","","","간이상수도","0","0","0","0","0","","0","0","N","39.18","","","",
"608","집단급식소","07_21_02_P","4191000","4191000-105-2012-00001","2012-01-06","","01","영업/정상","01","영업","","","","","033 732 0270","67.71","","강원특별자치도 원주시 태장동 1403-5 지상2층 3동","강원특별자치도 원주시 북원로 2636, 3동 지상2층 (태장동)","26320","의료법인 고색의료재단 원주민중요양병원","2017-07-11 11:45:08","I","2023-06-13 00:00:00","병원","283738.821268361","431142.506440562","병원","0","0","","","상수도전용","0","0","0","0","0","","0","0","N","53.79","","","",
"609","집단급식소","07_21_02_P","4191000","4191000-105-2012-00003","2012-02-16","","01","영업/정상","01","영업","","","","","033 7691014","364.17","","강원특별자치도 원주시 행구동 426 1층","강원특별자치도 원주시 운곡로 220 (행구동, 1층)","26455","강원교육과학정보원","2021-09-02 16:31:37","I","2023-06-13 00:00:00","기타 집단급식소","289156.371526367","428537.610842633","기타 집단급식소","0","0","","","상수도전용","0","0","0","0","0","","0","0","N","93.45","","","",
"610","집단급식소","07_21_02_P","4191000","4191000-105-2012-00006","2012-03-14","","01","영업/정상","01","영업","","","","","033 735 8448","18.30","","강원특별자치도 원주시 무실동 1781-1","강원특별자치도 원주시 무실본동길 9 (무실동)","26477","푸른자연유치원","2022-05-24 10:14:58","I","2023-06-13 00:00:00","어린이집","282508.940897993","426563.156373245","어린이집","0","0","","","상수도전용","0","0","0","0","0","","0","0","N","18.3","","","",
"611","집단급식소","07_21_02_P","4191000","4191000-105-1987-00005","1987-06-16","","01","영업/정상","01","영업","","","","","033 7625090","","","강원특별자치도 원주시 신림면 용암리 274","","","가나안농군학교(원주)","2020-01-15 09:51:48","I","2023-06-13 00:00:00","기타 집단급식소","","","기타 집단급식소","0","0","","","지하수전용","0","0","0","0","0","","0","0","N","0","","","",
"612","집단급식소","07_21_02_P","4191000","4191000-105-1989-00003","1989-02-25","","01","영업/정상","01","영업","","","","","033 7301717","","","강원특별자치도 원주시 문막읍 5-12","강원특별자치도 원주시 문막읍 문막공단길 236","26362","토다머티리얼즈주식회사","2025-01-31 10:29:03","U","2025-02-02 02:40:00","산업체","271582.284846753","422083.178386107","산업체","0","0","","","상수도전용","0","0","0","0","0","","0","0","N","0","","","",
"613","집단급식소","07_21_02_P","4191000","4191000-105-1990-00001","1990-04-30","","01","영업/정상","01","영업","","","","","033 7408124","","","강원특별자치도 원주시 우산동 390","강원특별자치도 원주시 우산로 177 (우산동)","26335","삼양식품(주)","2023-09-06 16:11:11","U","2023-09-08 02:40:00","산업체","282952.964980929","431133.811000084","산업체","0","0","","","상수도전용","0","0","0","0","0","","0","0","N","0","","","",
"614","집단급식소","07_21_02_P","4191000","4191000-105-1990-00002","1990-05-04","","01","영업/정상","01","영업","","","","","033 7432174","","","강원특별자치도 원주시 태장동 2149","강원특별자치도 원주시 신촌길 3-2 (태장동)","26311","사회복지원주서강원","2020-07-07 14:21:19","I","2023-06-13 00:00:00","어린이집","284111.151497174","433012.279313895","어린이집","0","0","","","상수도전용","0","0","0","0","0","","0","0","N","0","","","",
"615","집단급식소","07_21_02_P","4191000","4191000-105-1990-00003","1990-05-04","","01","영업/정상","01","영업","","","","","033 7604647","","","강원특별자치도 원주시 개운동 437 지방공사강원도원주의료원","강원특별자치도 원주시 서원대로 387, 지방공사강원도원주의료원 (개운동)","26448","강원도원주의료원","2021-10-12 15:24:02","I","2023-06-13 00:00:00","병원","284004.892022232","426080.573873519","병원","0","0","","","상수도전용","0","0","0","0","0","","0","0","N","0","","","",
"616","집단급식소","07_21_02_P","4191000","4191000-105-1990-00004","1990-05-07","","01","영업/정상","01","영업","","","","","033 7410752","536.00","","강원특별자치도 원주시 일산동 97-3 (지하1층)","강원특별자치도 원주시 일산로 20 (일산동)","26426","원주세브란스기독병원","2019-02-20 20:19:59","I","2023-06-13 00:00:00","병원","283743.070501419","427862.326128302","병원","0","0","","","상수도전용","0","0","0","0","0","","0","0","N","536","","","",
"617","집단급식소","07_21_02_P","4191000","4191000-105-1990-00005","1990-05-08","","01","영업/정상","01","영업","","","","","033 7623508","550.16","","강원특별자치도 원주시 개운동 389","강원특별자치도 원주시 행구로 25 (개운동)","26443","명륜초등학교","2017-07-11 10:15:09","I","2023-06-13 00:00:00","학교","284874.506246306","427107.495649075","학교","0","0","","","상수도전용","0","0","0","0","0","","0","0","N","149.2","","","",
"618","집단급식소","07_21_02_P","4191000","4191000-105-1990-00007","1990-05-11","","01","영업/정상","01","영업","","","","","033 7318451","","","강원특별자치도 원주시 태장동 1002","강원특별자치도 원주시 현충로 260 (태장동)","26318","태장초등학교","2017-07-11 10:14:47","I","2023-06-13 00:00:00","학교","284198.90250155","430880.184984888","학교","0","0","","","상수도전용","0","0","0","0","0","","0","0","N","0","","","",
"619","집단급식소","07_21_02_P","4191000","4191000-105-1990-00011","1990-05-16","","01","영업/정상","01","영업","","","","","033742 2911","43.96","","강원특별자치도 원주시 태장동 1321-1","강원특별자치도 원주시 태장둔치길 143-3 (태장동)","26317","원주아동센터","2017-07-11 10:17:00","I","2023-06-13 00:00:00","사회복지시설","285254.657535208","431896.570293696","사회복지시설","0","0","","","상수도전용","0","0","0","0","0","","0","0","N","36.26","","","",
"620","집단급식소","07_21_02_P","4191000","4191000-105-1990-00012","1990-05-23","","01","영업/정상","01","영업","","","","","033 7478080","","","강원특별자치도 원주시 행구동 825-1","강원특별자치도 원주시 행구덕현길 108 (행구동)","26455","상애원","2017-07-11 10:17:37","I","2023-06-13 00:00:00","사회복지시설","288716.919509705","426351.453795289","사회복지시설","0","0","","","지하수전용","0","0","0","0","0","","0","0","N","0","","","",
"621","집단급식소","07_21_02_P","4191000","4191000-105-1987-00001","1987-06-16","","01","영업/정상","01","영업","","","","","033 7340917","183.81","","강원특별자치도 원주시 문막읍 건등리 1704","강원특별자치도 원주시 문막읍 건등로 28-11","26370","문막초등학교","2018-12-20 14:42:00","I","2023-06-13 00:00:00","학교","272694.663239967","423709.468319326","학교","0","0","","","상수도전용","0","0","0","0","0","","0","0","N","442.8","","","",
"622","집단급식소","07_21_02_P","4191000","4191000-105-1987-00003","1987-07-13","","01","영업/정상","01","영업","","","","","033 7311600","","","강원특별자치도 원주시 소초면 학곡리 1008 외22필지","","","강원도자연학습원","2018-02-02 10:27:29","I","2023-06-13 00:00:00","기타 집단급식소","293125.0160602","433975.938924081","기타 집단급식소","0","0","","","지하수전용","0","0","0","0","0","","0","0","N","0","","","",
"623","집단급식소","07_21_02_P","4191000","4191000-105-2012-00018","2012-07-30","","01","영업/정상","01","영업","","","","","033 763 2038","25.50","","강원특별자치도 원주시 단구동 541 외3필지","강원특별자치도 원주시 치악로 1692 (단구동)","26445","통일어린이집","2017-07-11 11:36:17","I","2023-06-13 00:00:00","어린이집","284873.955228199","426245.807161194","어린이집","0","0","","","상수도전용","0","12","0","0","0","","0","0","N","35.59","","","",
"624","집단급식소","07_21_02_P","4191000","4191000-105-2012-00021","2012-09-12","","01","영업/정상","01","영업","","","","","070 88775818","22.86","","강원특별자치도 원주시 우산동 818 한라비발디110동 한라비발디주민공동시설","강원특별자치도 원주시 모란1길 86, 한라비발디110동 1층 (우산동, 한라비발디주민공동시설)","26406","비전어린이집","2018-10-11 14:46:02","I","2023-06-13 00:00:00","어린이집","282567.44901931","429444.977455848","어린이집","0","0","","","상수도전용","0","0","0","0","0","","0","0","N","11.39","","","",
"625","집단급식소","07_21_02_P","4191000","4191000-105-2024-00010","2024-09-09","","01","영업/정상","01","영업","","","","","","22.80","","강원특별자치도 원주시 태장동 2793 이안원주어반파크아파트","강원특별자치도 원주시 흥양로51번길 40, 1층 (태장동, 이안원주어반파크아파트)","26313","어반파크어린이집","2024-10-15 21:08:25","U","2024-10-17 02:40:00","어린이집","284585.742578825","432220.218100415","어린이집","0","0","","","상수도전용","0","0","0","0","0","","0","0","N","22.8","","","",
"626","집단급식소","07_21_02_P","4191000","4191000-105-2024-00011","2024-09-12","","01","영업/정상","01","영업","","","","","033 7331473","15.12","","강원특별자치도 원주시 지정면 가곡리 1473 이지더원 어반포레 어린이집","강원특별자치도 원주시 지정면 조엄로 391, 139동 1층 (이지더원 어반포레)","26346","이지더원어반포레어린이집","2024-10-10 14:11:37","U","2024-10-12 02:40:00","어린이집","276670.200162963","430626.634042737","어린이집","0","0","","","상수도전용","0","0","0","0","0","","0","0","N","15.12","","","",
"627","집단급식소","07_21_02_P","4191000","4191000-105-2024-00009","2024-07-12","","01","영업/정상","01","영업","","","","","033733 1371","25.10","","강원특별자치도 원주시 무실동 1868-1 세영리첼2차아파트","강원특별자치도 원주시 무실로 415, 303동 (무실동, 세영리첼2차아파트)","26393","리첼키즈어린이집","2025-02-20 17:12:47","U","2025-02-22 02:40:00","어린이집","282436.573096592","425558.845068323","어린이집","0","0","","","상수도전용","0","0","0","0","0","","0","0","N","9.43","","","",
"628","집단급식소","07_21_02_P","4191000","4191000-105-2024-00007","2024-05-23","","01","영업/정상","01","영업","","","","","033 7313831","11.34","","강원특별자치도 원주시 무실동 1868-6 원주무실 우미린아파트","강원특별자치도 원주시 무실로 455-2, 원주무실 우미린아파트 보육동 1층 (무실동)","26393","라이겐차일드어린이집","2024-06-10 11:10:09","U","2024-06-12 02:40:00","어린이집","282556.593837307","425404.861002332","어린이집","0","0","","","상수도전용","0","9","0","0","0","","0","0","N","10.44","","","",
"629","집단급식소","07_21_02_P","4191000","4191000-105-2024-00008","2024-05-28","","01","영업/정상","01","영업","","","","","","20.72","","강원특별자치도 원주시 태장동 2724 원주태장LH 천년나무5단지 보육시설","강원특별자치도 원주시 치악로 2050-3, 원주태장LH 천년나무5단지 보육시설 1층 (태장동)","26323","은하수어린이집","2024-06-28 10:13:37","U","2024-06-30 02:40:00","어린이집","285182.181161094","429314.759104058","어린이집","0","0","","","상수도전용","0","9","0","0","0","","0","0","N","16.4","","","",
"630","집단급식소","07_21_02_P","4191000","4191000-105-2024-00006","2024-03-26","","01","영업/정상","01","영업","","","","","","48.90","","강원특별자치도 원주시 무실동 1718-1 메트로프라자","강원특별자치도 원주시 시청로 30, 메트로프라자 7층 (무실동)","26387","사랑마을요양원","2024-04-03 10:22:17","U","2024-04-05 02:40:00","사회복지시설","281714.808731608","426805.77210945","사회복지시설","0","0","","","상수도전용","0","0","0","0","0","","0","0","N","26.01","","","",
"631","집단급식소","07_21_02_P","4191000","4191000-105-2024-00005","2024-03-20","","01","영업/정상","01","영업","","","","","033736 1668","927.95","","강원특별자치도 원주시 반곡동 2042-8","강원특별자치도 원주시 건강로 77, 12층 (반곡동)","26467","국민건강보험공단본부제2사옥구내식당","2024-03-25 16:39:13","U","2024-03-27 02:40:00","공공기관","287478.906819256","424715.161064138","공공기관","0","0","","","상수도전용","0","0","0","0","0","","0","0","N","249.9","","","",
"632","집단급식소","07_21_02_P","4191000","4191000-105-2024-00002","2024-02-16","","01","영업/정상","01","영업","","","","","033 7414332","572.94","","강원특별자치도 원주시 우산동 660 상지대학교","강원특별자치도 원주시 상지대길 83, 상지대학교 행복기숙사 지하1층 (우산동)","26339","상지대학교행복기숙사","2024-04-02 10:43:11","U","2024-04-04 02:40:00","기숙사","282151.822954944","430257.366976729","기숙사","0","0","","","상수도전용","0","5","0","0","0","","0","0","N","153.52","","","",
"633","집단급식소","07_21_02_P","4191000","4191000-105-2024-00003","2024-03-07","","01","영업/정상","01","영업","","","","","","228.98","","강원특별자치도 원주시 태장동 1050","강원특별자치도 원주시 흥양로50번길 5, 2층 (태장동)","26318","북원노인종합복지관","2024-04-18 17:56:48","U","2024-04-21 02:40:00","사회복지시설","284348.142882094","431548.160294182","사회복지시설","0","0","","","상수도전용","0","0","0","0","0","","0","0","N","46.4","","","",
"634","집단급식소","07_21_02_P","4191000","4191000-105-2025-00005","2025-08-18","","01","영업/정상","01","영업","","","","","033 7378434","134.84","","강원특별자치도 원주시 문막읍 동화리 1680-4","강원특별자치도 원주시 문막읍 동화공단로 85-4, 1층","26365","인테그리스코리아","2025-09-10 11:19:08","U","2025-09-12 02:40:00","산업체","274473.905841705","425882.883777649","산업체","0","0","","","상수도전용","0","0","0","0","0","","0","0","N","40.96","","","",
"635","집단급식소","07_21_02_P","4191000","4191000-105-2025-00006","2025-08-21","","01","영업/정상","01","영업","","","","","","123.54","","강원특별자치도 원주시 흥업면 흥업리 1480","강원특별자치도 원주시 흥업면 사제로 198, 3층","26404","한국지엠주식회사원주서비스센터","2025-09-30 18:59:46","U","2025-10-02 02:40:00","기타 집단급식소","280053.941693306","423837.543833092","기타 집단급식소","0","0","","","상수도전용","0","0","0","0","0","","0","0","N","34.04","","","",
"636","집단급식소","07_21_02_P","4191000","4191000-105-2025-00007","2025-08-22","","01","영업/정상","01","영업","","","","","","100.00","","강원특별자치도 원주시 태장동 556-3","강원특별자치도 원주시 포란재로 103, 1,2,3층 (태장동)","26318","사랑재가센터","2025-08-22 14:15:57","I","2025-08-24 00:20:40","사회복지시설","284855.335419456","431367.345768454","사회복지시설","0","0","","","","0","0","0","0","0","","0","0","N","100","","","",
"637","집단급식소","07_21_02_P","4191000","4191000-105-2025-00004","2025-06-30","","01","영업/정상","01","영업","","","","","","80.48","","강원특별자치도 원주시 부론면 흥호리 96-1 일억조 공장","강원특별자치도 원주시 부론면 두둑말길 18, 일억조 공장 B동 1층","26497","로로에프엔비주식회사","2025-07-08 21:40:18","U","2025-07-10 02:40:00","산업체","268098.352694977","416060.937953614","산업체","0","0","","","상수도전용","0","70","0","0","0","","0","0","N","11.7","","","",
"638","집단급식소","07_21_02_P","4191000","4191000-105-2025-00003","2025-05-16","","01","영업/정상","01","영업","","","","","033 7312804","109.95","","강원특별자치도 원주시 문막읍 반계리 5-42","강원특별자치도 원주시 문막읍 문막공단길 247, D동 1층","26362","한국유니온제약(주)","2025-07-07 14:47:37","U","2025-07-09 02:40:00","산업체","271354.201219299","422209.413832417","산업체","0","0","","","상수도전용","0","0","0","0","0","","0","0","N","59","","","",
"639","집단급식소","07_21_02_P","4191000","4191000-105-2025-00002","2025-03-14","","01","영업/정상","01","영업","","","","","033 9048006","826.53","","강원특별자치도 원주시 지정면 가곡리 1593-1 섬강고등학교","강원특별자치도 원주시 지정면 신지정로 124, 섬강고등학교 지하2층","26352","섬강고등학교","2025-04-30 14:48:15","U","2025-05-02 02:40:00","학교","278007.163032238","430968.554545546","학교","0","0","","","상수도전용","0","0","0","0","0","","0","0","N","270.34","","","",
"640","집단급식소","07_21_02_P","4191000","4191000-105-2023-00016","2023-12-27","","01","영업/정상","01","영업","","","","","033743 9200","101.33","","강원특별자치도 원주시 문막읍 반계리 2259-3","강원특별자치도 원주시 문막읍 반산2로 62, D동 1층","26362","(주)이앤아이비","2024-05-27 16:54:19","U","2024-05-29 02:40:00","산업체","270907.545092256","422204.023735212","산업체","0","0","","","상수도전용","0","0","0","0","0","","0","0","N","45","","","",
"641","집단급식소","07_21_02_P","4191000","4191000-105-2023-00014","2023-10-20","","01","영업/정상","01","영업","","","","","033730 1470","179.90","","강원특별자치도 원주시 단계동 875","강원특별자치도 원주시 서원대로 149, 5층 (단계동)","26436","에스케이텔레콤 원주사옥","2023-11-09 10:34:20","U","2023-11-11 02:40:00","산업체","282214.601140101","427387.70582279","산업체","0","0","","","상수도전용","0","0","0","0","0","","0","0","N","49","","","",
"642","집단급식소","07_21_02_P","4191000","4191000-105-2023-00012","2023-09-21","","01","영업/정상","01","영업","","","","","","62.40","","강원특별자치도 원주시 일산동 53-2","강원특별자치도 원주시 원일로 89, 지하 1층 (일산동)","26431","모아요양원","2023-10-05 10:49:23","U","2023-10-07 02:40:00","사회복지시설","284080.756535094","427827.147416696","사회복지시설","0","0","","","상수도전용","0","0","0","0","0","","0","0","N","36","","","",
"643","집단급식소","07_21_02_P","4191000","4191000-105-2023-00013","2023-10-05","","01","영업/정상","01","영업","","","","","","74.06","","강원특별자치도 원주시 신림면 용암리 699-1","강원특별자치도 원주시 신림면 용소막길 20-1, 지하1층","26506","암오케이요양병원","2023-10-17 17:54:55","U","2023-10-19 02:40:00","병원","296522.917048562","413217.195619627","병원","0","0","","","지하수전용","0","0","0","0","0","","0","0","N","43.76","","","",
"644","집단급식소","07_21_02_P","4191000","4191000-105-2023-00011","2023-09-15","","01","영업/정상","01","영업","","","","","033764 7979","17.16","","강원특별자치도 원주시 명륜동 857 더샵 원주센트럴파크 3단지","강원특별자치도 원주시 한지공원길 25-2, 1층 (명륜동, 더샵 원주센트럴파크 3단지)","26482","더샵포레어린이집","2023-10-25 09:19:22","U","2023-10-27 02:40:00","어린이집","283418.310735458","425631.159927302","어린이집","0","0","","","상수도전용","0","0","0","0","0","","0","0","N","17.16","","","",
"645","집단급식소","07_21_02_P","4191000","4191000-105-2023-00015","2023-10-25","","01","영업/정상","01","영업","","","","","","223.83","","강원특별자치도 원주시 반곡동 1822-11 제일풍경채 센텀포레아파트","강원특별자치도 원주시 배울로 154, 주민공동시설3동 1,2층 (반곡동, 제일풍경채 센텀포레아파트)","26461","그린풍경채어린이집","2025-07-24 15:52:49","U","2025-07-26 02:40:00","어린이집","286992.580149446","425902.196053836","어린이집","0","0","","","상수도전용","0","0","0","0","0","","0","0","N","20.12","","","",
"646","집단급식소","07_21_02_P","4191000","4191000-105-2025-00001","2025-01-13","","01","영업/정상","01","영업","","","","","","254.98","","강원특별자치도 원주시 반곡동 1818-5","강원특별자치도 원주시 혁신로 350-4, 1층 (반곡동)","26460","반곡별하어린이집","2025-01-22 17:03:41","U","2025-01-24 02:40:00","어린이집","286884.432432341","426470.471117665","어린이집","0","0","","","","0","0","0","0","0","","0","0","N","36.27","","","",
"647","집단급식소","07_21_02_P","4201000","4201000-105-2023-00006","2023-07-12","","01","영업/정상","01","영업","","","","","033 642 8201","119.80","","강원특별자치도 강릉시 홍제동 577 강릉소방서","강원특별자치도 강릉시 선수촌로 64-28, 강릉소방서 (홍제동)","25522","강릉소방서영웅어린이집","2025-05-07 14:48:34","U","2025-05-09 02:40:00","어린이집","364965.84134201","474387.139364461","어린이집","0","0","","","상수도전용","0","0","0","0","0","","0","0","N","25.3","","","",
"648","집단급식소","07_21_02_P","4201000","4201000-105-2023-00005","2023-06-21","","01","영업/정상","01","영업","","","","","033 652 4721","128.51","","강원특별자치도 강릉시 입암동 21-10","강원특별자치도 강릉시 강변로 582 (입암동)","25573","유한회사신일정밀","2023-06-21 16:01:01","I","2023-06-23 00:19:17","산업체","369440.639261677","475631.802404258","산업체","0","0","","","","0","3","0","0","0","","0","0","N","20.5","","","",
"649","집단급식소","07_21_02_P","4201000","4201000-105-2014-00003","2014-04-14","","01","영업/정상","01","영업","","","","","033 655 0270","71.80","","강원특별자치도 강릉시 사천면 노동리 803-1","강원특별자치도 강릉시 사천면 송암골길 130","25439","늘푸른마을","2019-01-03 16:14:20","I","2023-06-13 00:00:00","사회복지시설","361474.375414635","478245.555876558","사회복지시설","0","0","","","상수도전용","0","0","0","0","0","","0","0","N","31.4","","","",
"650","집단급식소","07_21_02_P","4201000","4201000-105-2001-00007","1992-03-31","","01","영업/정상","01","영업","","","","","033 6527263","","","강원특별자치도 강릉시 입암동 580-12","강원특별자치도 강릉시 강변로 450 (입암동)","25578","강릉보육원","2021-10-26 14:59:27","I","2023-06-13 00:00:00","사회복지시설","368429.6513021","474930.408654309","사회복지시설","0","0","","","상수도전용","0","0","0","0","0","","0","0","N","0","","","",
"651","집단급식소","07_21_02_P","4201000","4201000-105-2001-00014","1991-08-19","","01","영업/정상","01","영업","","","","","033 6106433","","","강원특별자치도 강릉시 입암동 21-12","강원특별자치도 강릉시 강변로534번길 9 (입암동)","25573","현대자동차(주)강릉하이테크센터","2022-01-12 10:05:47","I","2023-06-13 00:00:00","산업체","369076.252700666","475425.618311851","산업체","0","0","","","상수도전용","0","0","0","0","0","","0","0","N","0","","","",
"652","집단급식소","07_21_02_P","4201000","4201000-105-2001-00038","1995-04-12","","01","영업/정상","01","영업","","","","","033 6612311","","","강원특별자치도 강릉시 주문진읍 주문리 461","강원특별자치도 강릉시 주문진읍 약수동길 15-12","25409","주영초등학교","2017-08-23 18:16:33","I","2023-06-13 00:00:00","학교","360625.862483507","489916.476417414","학교","0","0","","","상수도전용","0","0","0","0","0","","0","0","N","0","","","",
"653","집단급식소","07_21_02_P","4201000","4201000-105-2001-00039","1995-06-22","","01","영업/정상","01","영업","","","","","033 6515131","","","강원특별자치도 강릉시 초당동 산 16","강원특별자치도 강릉시 연당길 35-11 (초당동)","25470","초당초등학교","2017-08-23 18:16:33","I","2023-06-13 00:00:00","학교","368531.767921116","477187.814299754","학교","0","0","","","상수도전용","0","0","0","0","0","","0","0","N","0","","","",
"654","집단급식소","07_21_02_P","4201000","4201000-105-2001-00040","1995-06-22","","01","영업/정상","01","영업","","","","","033 6479420","","","강원특별자치도 강릉시 구정면 금광리 858-3","강원특별자치도 강릉시 구정면 금평로 575","25624","금광초등학교","2017-08-23 18:16:33","I","2023-06-13 00:00:00","학교","368727.318610377","468582.773037938","학교","0","0","","","상수도전용","0","0","0","0","0","","0","0","N","0","","","",
"655","집단급식소","07_21_02_P","4201000","4201000-105-2001-00041","1995-08-28","","01","영업/정상","01","영업","","","","","033 6451400","","","강원특별자치도 강릉시 옥천동 317","강원특별자치도 강릉시 옥가로 70 (옥천동)","25552","강릉연세요양병원","2021-01-12 13:20:34","I","2023-06-13 00:00:00","병원","367435.941335847","475012.538996757","병원","0","0","","","상수도전용","0","0","0","0","0","","0","0","N","0","","","",
"656","집단급식소","07_21_02_P","4201000","4201000-105-2001-00042","1995-09-01","","01","영업/정상","01","영업","","","","","033 6526077","","","강원특별자치도 강릉시 송정동 169","강원특별자치도 강릉시 경강로 2473 (송정동)","25562","동명초등학교","2017-08-23 18:16:33","I","2023-06-13 00:00:00","학교","369871.725416943","476492.273313389","학교","0","0","","","상수도전용","0","0","0","0","0","","0","0","N","0","","","",
"657","집단급식소","07_21_02_P","4201000","4201000-105-2001-00043","1995-09-01","","01","영업/정상","01","영업","","","","","033 6451713","","","강원특별자치도 강릉시 회산동 24","강원특별자치도 강릉시 강변로 86-1 (내곡동)","","명주초등학교","2017-08-23 18:16:33","I","2023-06-13 00:00:00","학교","365479.669122027","472750.207128899","학교","0","0","","","상수도전용","0","0","0","0","0","","0","0","N","0","","","",
"658","집단급식소","07_21_02_P","4201000","4201000-105-2001-00044","1996-03-23","","01","영업/정상","01","영업","","","","","033 6444375","","","강원특별자치도 강릉시 교동 310-1 교동초등학교","강원특별자치도 강릉시 율곡로2968번길 10, 교동초등학교 (교동)","25490","교동초등학교","2022-07-19 14:39:42","I","2023-06-13 00:00:00","학교","366733.131854757","475519.033627379","학교","0","0","","","상수도전용","0","0","0","0","0","","0","0","N","0","","","",
"659","집단급식소","07_21_02_P","4201000","4201000-105-2001-00046","1996-05-28","","01","영업/정상","01","영업","","","","","033 650 4790","","","강원특별자치도 강릉시 내곡동 125","강원특별자치도 강릉시 남산초교길 33 (내곡동)","25585","남산초등학교","2018-09-04 10:31:42","I","2023-06-13 00:00:00","학교","366691.539148976","473066.504584427","학교","0","0","","","상수도전용","0","0","0","0","0","","0","0","N","0","","","",
"660","집단급식소","07_21_02_P","4201000","4201000-105-2001-00047","1996-07-18","","01","영업/정상","01","영업","","","","","033 6412301","","","강원특별자치도 강릉시 옥천동 111","강원특별자치도 강릉시 수문길 111 (옥천동)","","옥천초등학교","2017-08-23 18:16:33","I","2023-06-13 00:00:00","학교","367601.048902182","474406.616976562","학교","0","0","","","상수도전용","0","0","0","0","0","","0","0","N","0","","","",
"661","집단급식소","07_21_02_P","4201000","4201000-105-2001-00048","1996-08-13","","01","영업/정상","01","영업","","","","","033 6103781","","","강원특별자치도 강릉시 사천면 방동리 415","강원특별자치도 강릉시 사천면 방동길 38","25440","강릉아산병원","2024-12-10 14:50:41","U","2024-12-12 02:40:00","병원","363580.205089049","481138.750877628","병원","0","0","","","상수도전용","0","0","0","0","0","","0","0","N","0","","","",
"662","집단급식소","07_21_02_P","4201000","4201000-105-2001-00049","1996-08-13","","01","영업/정상","01","영업","","","","","033 6612431","","","강원특별자치도 강릉시 주문진읍 교항리 161","강원특별자치도 강릉시 주문진읍 주문로 26","25419","주문진초등학교","2017-08-23 18:16:33","I","2023-06-13 00:00:00","학교","360620.238829189","488673.126199179","학교","0","0","","","상수도전용","0","0","0","0","0","","0","0","N","0","","","",
"663","집단급식소","07_21_02_P","4201000","4201000-105-2001-00050","1996-08-28","","01","영업/정상","01","영업","","","","","033 6606606","","","강원특별자치도 강릉시 사천면 판교리 254","강원특별자치도 강릉시 사천면 이설당1길 36","25435","운양초등학교","2017-08-23 18:16:33","I","2023-06-13 00:00:00","학교","363538.647911547","483267.658242679","학교","0","0","","","상수도전용","0","0","0","0","0","","0","0","N","0","","","",
"664","집단급식소","07_21_02_P","4201000","4201000-105-2001-00051","1996-10-30","","01","영업/정상","01","영업","","","","","033 610 6694","630.80","","강원특별자치도 강릉시 입암동 525","강원특별자치도 강릉시 강변로 422 (입암동)","25579","강릉중앙고등학교","2022-12-07 11:01:49","I","2023-06-13 00:00:00","학교","368619.029681426","474537.681283174","학교","0","0","","","상수도전용","0","0","0","0","0","","0","0","N","83.04","","","",
"665","집단급식소","07_21_02_P","4201000","4201000-105-2001-00052","1996-11-15","","01","영업/정상","01","영업","","","","","033 6625006","317.16","","강원특별자치도 강릉시 연곡면 동덕리 959","강원특별자치도 강릉시 연곡면 진고개로 2656","25428","연곡초등학교","2017-03-27 09:21:45","I","2023-06-13 00:00:00","학교","360917.166674439","485376.558498737","학교","0","0","","","상수도전용","0","0","0","0","0","","0","0","N","122.1","","","",
"666","집단급식소","07_21_02_P","4201000","4201000-105-2001-00054","1997-03-27","","01","영업/정상","01","영업","","","","","033 6411413","","","강원특별자치도 강릉시 노암동 415-2","강원특별자치도 강릉시 노암등길 71 (노암동)","25611","노암초등학교","2017-08-23 18:16:33","I","2023-06-13 00:00:00","학교","367577.470740022","472728.954654352","학교","0","0","","","상수도전용","0","0","0","0","0","","0","0","N","0","","","",
"667","집단급식소","07_21_02_P","4201000","4201000-105-2001-00037","1995-04-11","","01","영업/정상","01","영업","","","","","033 6479607","","","강원특별자치도 강릉시 구정면 학산리 393","강원특별자치도 강릉시 구정면 범일로 266-14","25623","구정초등학교","2017-08-23 18:16:33","I","2023-06-13 00:00:00","학교","366699.974168348","470029.943638103","학교","0","0","","","상수도전용","0","0","0","0","0","","0","0","N","0","","","",
"668","집단급식소","07_21_02_P","4201000","4201000-105-2001-00055","1997-04-04","","01","영업/정상","01","영업","","","","","033 642 2231","","","강원특별자치도 강릉시 입암동 625-1","강원특별자치도 강릉시 용지로 60 (입암동)","25580","성덕초등학교","2017-08-23 18:16:33","I","2023-06-13 00:00:00","학교","368279.576909603","474432.240089953","학교","0","0","","","상수도전용","0","0","0","0","0","","0","0","N","0","","","",
"669","집단급식소","07_21_02_P","4201000","4201000-105-2001-00056","1997-04-25","","01","영업/정상","01","영업","","","","","033 6531614","","","강원특별자치도 강릉시 포남동 1278-117","강원특별자치도 강릉시 경강로2310번길 7 (포남동)","25570","남강초등학교","2018-05-18 16:31:17","I","2023-06-13 00:00:00","학교","368655.282090943","475609.473289179","학교","0","0","","","상수도전용","0","0","0","0","0","","0","0","N","0","","","",
"670","집단급식소","07_21_02_P","4201000","4201000-105-2001-00075","2000-07-25","","01","영업/정상","01","영업","","","","","033 6445000","","","강원특별자치도 강릉시 강동면 심곡리 3-1","강원특별자치도 강릉시 강동면 심곡봉화길 118","25632","늘사랑의집","2025-01-08 11:20:43","U","2025-01-10 02:40:00","사회복지시설","380946.277607786","465421.898306551","사회복지시설","0","0","","","상수도전용","0","0","0","0","0","","0","0","N","0","","","",
"671","집단급식소","07_21_02_P","4201000","4201000-105-2001-00076","2000-10-26","","01","영업/정상","01","영업","","","","","033 650 5000","","","강원특별자치도 강릉시 용강동 47-8","강원특별자치도 강릉시 명주로 25 (용강동)","25535","강릉해람중학교","2016-03-07 17:49:54","I","2023-06-13 00:00:00","학교","366465.508765694","473867.76277036","학교","0","0","","","상수도전용","0","0","0","0","0","","0","0","N","0","","","",
"672","집단급식소","07_21_02_P","4201000","4201000-105-2001-00077","2000-10-26","","01","영업/정상","01","영업","","","","","033 642 7046","952.82","","강원특별자치도 강릉시 입암동 444","강원특별자치도 강릉시 강중길44번길 8 (입암동)","25582","강릉중학교","2017-08-23 18:16:33","I","2023-06-13 00:00:00","학교","368297.865466167","474021.006766465","학교","0","0","","","상수도전용","0","0","0","0","0","","0","0","N","130.71","","","",
"673","집단급식소","07_21_02_P","4201000","4201000-105-2001-00078","2001-03-07","","01","영업/정상","01","영업","","","","","033 650 9900","39.00","","강원특별자치도 강릉시 옥천동 237-1","강원특별자치도 강릉시 용지로 107 (옥천동)","25553","강릉여자고등학교","2017-08-23 18:16:33","I","2023-06-13 00:00:00","학교","367718.695243614","474640.347985711","학교","0","0","","","상수도전용","0","0","0","0","0","","0","0","N","156","","","",
"674","집단급식소","07_21_02_P","4201000","4201000-105-2001-00079","2001-03-30","","01","영업/정상","01","영업","","","","","033 530 1613","143.90","","강원특별자치도 강릉시 옥계면 주수리 561-1","강원특별자치도 강릉시 옥계면 동해대로 226","25635","한라시멘트(주)항만식당","2021-01-14 10:30:03","I","2023-06-13 00:00:00","산업체","381649.771760095","459336.117721533","산업체","0","0","","","상수도전용","0","0","0","0","0","","0","0","N","399.7","","","",
"675","집단급식소","07_21_02_P","4201000","4201000-105-2001-00080","2000-03-30","","01","영업/정상","01","영업","","","","","033 6618012","565.82","","강원특별자치도 강릉시 주문진읍 교항리 48-119","강원특별자치도 강릉시 주문진읍 연주로 294","25424","주문진중학교","2017-08-23 18:16:33","I","2023-06-13 00:00:00","학교","360777.274975722","487892.384227353","학교","0","0","","","상수도전용","0","0","0","0","0","","0","0","N","153.36","","","",
"676","집단급식소","07_21_02_P","4201000","4201000-105-2001-00081","2001-04-25","","01","영업/정상","01","영업","","","","","033 650 2794","136.50","","강원특별자치도 강릉시 구정면 제비리 132-2","강원특별자치도 강릉시 구정면 칠봉로 670-34","25621","강원예술고등학교","2018-09-04 10:31:11","I","2023-06-13 00:00:00","학교","364352.261286362","470544.051999373","학교","0","0","","","상수도전용","0","0","0","0","0","","0","0","N","301.32","","","",
"677","집단급식소","07_21_02_P","4201000","4201000-105-2001-00082","2001-04-26","","01","영업/정상","01","영업","","","","","033 6451133","75.20","","강원특별자치도 강릉시 교동 1133-2","강원특별자치도 강릉시 화부산로 89 (교동)","25499","강일여자고등학교","2017-08-23 18:16:33","I","2023-06-13 00:00:00","학교","366188.43594079","475234.062343164","학교","0","0","","","상수도전용","0","0","0","0","0","","0","0","N","210.6","","","",
"678","집단급식소","07_21_02_P","4201000","4201000-105-2008-00014","2008-12-18","","01","영업/정상","01","영업","","","","","033 610 3899","11.66","","강원특별자치도 강릉시 사천면 방동리 415","강원특별자치도 강릉시 사천면 방동길 38","25440","강릉아산병원어린이집","2017-08-23 18:16:33","I","2023-06-13 00:00:00","어린이집","363580.205089049","481138.750877628","어린이집","0","0","","","상수도전용","0","0","0","0","0","","0","0","N","11.66","","","",
"679","집단급식소","07_21_02_P","4201000","4201000-105-2001-00057","1997-05-16","","01","영업/정상","01","영업","","","","","033 6524213","","","강원특별자치도 강릉시 포남동 1296","강원특별자치도 강릉시 하평2길 45 (포남동)","25565","한솔초등학교","2022-07-19 14:41:11","I","2023-06-13 00:00:00","학교","368586.447444426","476345.057709612","학교","0","0","","","상수도전용","0","0","0","0","0","","0","0","N","0","","","",
"680","집단급식소","07_21_02_P","4201000","4201000-105-2001-00058","1997-05-19","","01","영업/정상","01","영업","","","","","033 6442486","","","강원특별자치도 강릉시 안현동 106-6","강원특별자치도 강릉시 경포로475번길 23-11 (안현동)","25460","경포대초등학교","2017-08-23 18:16:33","I","2023-06-13 00:00:00","학교","367326.287239554","479731.55953685","학교","0","0","","","상수도전용","0","0","0","0","0","","0","0","N","0","","","",
"681","집단급식소","07_21_02_P","4201000","4201000-105-2005-00047","2005-11-28","","01","영업/정상","01","영업","","","","","033 6516102","945.25","","강원특별자치도 강릉시 포남동 21","강원특별자치도 강릉시 강릉대로547번길 14 (포남동)","25482","경포고등학교","2017-08-23 18:16:33","I","2023-06-13 00:00:00","학교","368811.1420771","477219.891604107","학교","0","0","","","상수도전용","0","0","0","0","0","자가","0","0","N","245.17","","","",
"682","집단급식소","07_21_02_P","4201000","4201000-105-2006-00001","2006-02-28","","01","영업/정상","01","영업","","","","","033 650 0164","647.74","","강원특별자치도 강릉시 교동 886","강원특별자치도 강릉시 화부산로8번길 37 (교동)","25504","강릉제일고등학교","2017-08-23 18:16:33","I","2023-06-13 00:00:00","학교","366464.241917332","474702.391464837","학교","0","0","","","상수도전용","0","0","0","0","0","자가","0","0","N","280","","","",
"683","집단급식소","07_21_02_P","4201000","4201000-105-2006-00003","2006-05-18","","01","영업/정상","01","영업","","","","","033 6477058","194.31","","강원특별자치도 강릉시 구정면 어단리 700","강원특별자치도 강릉시 구정면 보램길 42-6","25624","한빛마을","2021-01-14 10:21:10","I","2023-06-13 00:00:00","사회복지시설","368275.202810096","466966.575273093","사회복지시설","0","0","","","지하수전용","0","0","0","0","0","자가","0","0","N","87.21","","","",
"684","집단급식소","07_21_02_P","4201000","4201000-105-2006-00004","2006-06-09","","01","영업/정상","01","영업","","","","","033 6436707","93.32","","강원특별자치도 강릉시 포남동 916 외4필지","강원특별자치도 강릉시 용지로104번길 1 (포남동,외4필지)","25548","강릉삼성어린이집","2020-03-04 11:43:44","I","2023-06-13 00:00:00","어린이집","367831.061997647","474721.587613484","어린이집","0","0","","","상수도전용","0","0","0","0","0","자가","0","0","N","41.8","","","",
"685","집단급식소","07_21_02_P","4201000","4201000-105-2007-00001","2007-03-07","","01","영업/정상","01","영업","","","","","033 6558811","759.52","","강원특별자치도 강릉시 교동 1798","강원특별자치도 강릉시 솔올로 102 (교동)","25509","솔올중학교","2017-08-23 18:16:33","I","2023-06-13 00:00:00","학교","365558.957760887","475925.500805539","학교","0","0","","","상수도전용","0","0","0","0","0","자가","0","0","N","149.2","","","",
"686","집단급식소","07_21_02_P","4201000","4201000-105-2007-00002","2007-03-28","","01","영업/정상","01","영업","","","","","033 6529955","30.46","","강원특별자치도 강릉시 초당동 232","강원특별자치도 강릉시 연당길 117 (초당동)","25470","초당어린이집","2017-08-23 18:16:33","I","2023-06-13 00:00:00","어린이집","368329.973754058","477792.00754529","어린이집","0","0","","","상수도전용","0","0","0","0","0","자가","0","0","N","11.04","","","",
"687","집단급식소","07_21_02_P","4201000","4201000-105-2007-00003","2007-05-15","","01","영업/정상","01","영업","","","","","033 642 5343","73.90","","강원특별자치도 강릉시 입암동 445-5","강원특별자치도 강릉시 용지로 29 (입암동)","25582","늘사랑어린이집","2018-01-10 13:17:58","I","2023-06-13 00:00:00","어린이집","368353.543554823","474126.509444312","어린이집","0","0","","","상수도전용","0","0","0","0","0","자가","0","0","N","18.9","","","",
"688","집단급식소","07_21_02_P","4201000","4201000-105-2007-00005","2007-05-23","","01","영업/정상","01","영업","","","","","033 6527701","118.54","","강원특별자치도 강릉시 두산동 114-1","강원특별자치도 강릉시 성덕로 232-11 (두산동)","25575","다인유치원","2023-12-19 10:42:22","U","2023-12-23 02:40:00","어린이집","369953.906540722","474816.975211405","어린이집","0","0","","","상수도전용","0","0","0","0","0","자가","0","0","N","26.79","","","",
"689","집단급식소","07_21_02_P","4201000","4201000-105-2007-00006","2007-06-29","","01","영업/정상","01","영업","","","","","033 6530996","12.00","","강원특별자치도 강릉시 송정동 14-1","강원특별자치도 강릉시 송정길30번길 43-4 (송정동)","25559","해맑은어린이집","2025-05-07 14:48:54","U","2025-05-09 02:40:00","어린이집","370538.288332014","476599.161705502","어린이집","0","0","","","상수도전용","0","0","0","0","0","자가","0","0","N","12","","","",
"690","집단급식소","07_21_02_P","4201000","4201000-105-2007-00008","2007-10-04","","01","영업/정상","01","영업","","","","","033 655 1133","154.59","","강원특별자치도 강릉시 난곡동 401-1","강원특별자치도 강릉시 동해대로3304번길 11 (난곡동)","25463","강릉율곡병원","2017-08-23 18:16:33","I","2023-06-13 00:00:00","병원","365015.835526513","477663.227422463","병원","0","0","","","상수도전용","0","0","0","0","0","자가","0","0","N","65.88","","","",
"691","집단급식소","07_21_02_P","4201000","4201000-105-2007-00009","2007-10-24","","01","영업/정상","01","영업","","","","","033 650 3441","333.00","","강원특별자치도 강릉시 대전동 922-1","강원특별자치도 강릉시 사임당로 679 (대전동)","25451","한국과학기술연구원강릉분원","2024-12-10 14:59:24","U","2024-12-12 02:40:00","공공기관","363442.051700243","478978.484433081","공공기관","0","0","","","상수도전용","0","0","0","0","0","자가","0","0","N","82.08","","","",
"692","집단급식소","07_21_02_P","4201000","4201000-105-2008-00017","2008-12-18","","01","영업/정상","01","영업","","","","","033 662 3158","8.00","","강원특별자치도 강릉시 주문진읍 교항리 483-6","강원특별자치도 강릉시 주문진읍 매맥이길 25-6","25423","천광어린이집","2017-08-23 18:16:33","I","2023-06-13 00:00:00","어린이집","360419.566625123","487685.206193529","어린이집","0","0","","","상수도전용","0","0","0","0","0","","0","0","N","8","","","",
"693","집단급식소","07_21_02_P","4201000","4201000-105-2008-00018","2008-12-18","","01","영업/정상","01","영업","","","","","033 647 8040","8.00","","강원특별자치도 강릉시 교동 1133-7","강원특별자치도 강릉시 원대로128번길 18-12 (교동)","25499","초록어린이집","2017-08-23 18:16:33","I","2023-06-13 00:00:00","어린이집","366091.057777571","475278.725923742","어린이집","0","0","","","상수도전용","0","0","0","0","0","","0","0","N","8","","","",
"694","집단급식소","07_21_02_P","4201000","4201000-105-2008-00020","2008-12-18","","01","영업/정상","01","영업","","","","","033 647 1472","5.00","","강원특별자치도 강릉시 교동 1133-7","강원특별자치도 강릉시 원대로128번길 18-12 (교동)","25499","썸머힐어린이집","2017-08-23 18:16:33","I","2023-06-13 00:00:00","어린이집","366091.057777571","475278.725923742","어린이집","0","0","","","상수도전용","0","0","0","0","0","","0","0","N","5","","","",
"695","집단급식소","07_21_02_P","4201000","4201000-105-2008-00021","2008-12-18","","01","영업/정상","01","영업","","","","","033 641 5516","10.70","","강원특별자치도 강릉시 학동 356-1","강원특별자치도 강릉시 성덕로 231-24 (학동)","25617","보람어린이집","2017-08-23 18:16:33","I","2023-06-13 00:00:00","어린이집","369889.615567877","474541.733838524","어린이집","0","0","","","상수도전용","0","0","0","0","0","자가","0","0","N","10.7","","","",
"696","집단급식소","07_21_02_P","4201000","4201000-105-2009-00001","2009-01-05","","01","영업/정상","01","영업","","","","","033 6465945","24.00","","강원특별자치도 강릉시 대전동 6-1","강원특별자치도 강릉시 동해대로3406번길 1-8 (대전동)","25463","한들어린이집","2017-08-23 18:16:33","I","2023-06-13 00:00:00","어린이집","364198.842261869","478253.457609785","어린이집","0","0","","","상수도전용","0","0","0","0","0","자가","0","0","N","24","","","",
"697","집단급식소","07_21_02_P","4201000","4201000-105-2009-00002","2009-01-14","","01","영업/정상","01","영업","","","","","033646 0052","11.34","","강원특별자치도 강릉시 입암동 232","강원특별자치도 강릉시 성덕로333번길 10-3 (입암동)","25617","예뜨랑어린이집","2024-12-05 15:19:16","U","2024-12-07 02:40:00","어린이집","369233.67167548","473909.12880177","어린이집","0","0","","","상수도전용","0","0","0","0","0","","0","0","N","11.34","","","",
"698","집단급식소","07_21_02_P","4201000","4201000-105-2009-00004","2009-01-28","","01","영업/정상","01","영업","","","","","033 6417014","12.00","","강원특별자치도 강릉시 교동 551-50","강원특별자치도 강릉시 성곡고양길5번안길 23 (교동)","25473","어린왕자어린이집","2022-07-19 14:39:10","I","2023-06-13 00:00:00","어린이집","366398.241682459","476710.678113898","어린이집","0","0","","","상수도전용","0","0","0","0","0","자가","0","0","N","12","","","",
"699","집단급식소","07_21_02_P","4201000","4201000-105-2009-00005","2009-03-05","","01","영업/정상","01","영업","","","","","033 6612042","419.45","","강원특별자치도 강릉시 주문진읍 교항리 48-194","강원특별자치도 강릉시 주문진읍 학교길 28","25424","강릉정보공업고등학교","2017-08-23 18:16:33","I","2023-06-13 00:00:00","학교","360943.603578951","488078.222586594","학교","0","0","","","상수도전용","0","0","0","0","0","자가","0","0","N","135","","","",
"700","집단급식소","07_21_02_P","4201000","4201000-105-2023-00001","2023-03-23","","01","영업/정상","01","영업","","","","","033 650 9641","99.40","","강원특별자치도 강릉시 포남동 1113 강릉경찰서","강원특별자치도 강릉시 강릉대로 377, 강릉경찰서 2층 (포남동)","25492","강릉경찰서구내식당","2025-01-15 14:11:42","U","2025-01-17 02:40:00","기타 집단급식소","367920.895328089","475755.692077043","기타 집단급식소","0","0","","","","0","0","0","0","0","","0","0","N","30.4","","","",
"701","집단급식소","07_21_02_P","4201000","4201000-105-2023-00002","2023-03-24","","01","영업/정상","01","영업","","","","","033 647 7588","70.10","","강원특별자치도 강릉시 운산동 702-3","강원특별자치도 강릉시 신석길157번길 2, 1층 (운산동)","25609","강릉효플러스요양원","2023-03-24 09:38:34","I","2023-06-13 00:00:00","사회복지시설","369585.112197721","471164.551203556","사회복지시설","0","0","","","","0","0","0","0","0","","0","0","N","28.2","","","",
"702","집단급식소","07_21_02_P","4201000","4201000-105-2023-00003","2023-04-06","","01","영업/정상","01","영업","","","","","033 645 7640","162.60","","강원특별자치도 강릉시 대전동 912-1","강원특별자치도 강릉시 과학단지로 77-19 (대전동)","25452","(주)파마리서치","2025-04-09 15:59:26","U","2025-04-11 02:40:00","기타 집단급식소","363020.375301521","479059.041279781","기타 집단급식소","0","0","","","","0","0","0","0","0","","0","0","N","34.6","","","",
"703","집단급식소","07_21_02_P","4201000","4201000-105-2023-00004","2023-04-27","","01","영업/정상","01","영업","","","","","033 650 7072","195.50","","강원특별자치도 강릉시 강문동 274-1 씨마크호텔(SEAMARQ)","강원특별자치도 강릉시 해안로406번길 2, 씨마크호텔(SEAMARQ) (강문동)","25460","씨마크서비스 주식회사(씨마크호텔)","2023-04-27 16:10:46","I","2023-06-13 00:00:00","산업체","368547.155962069","478977.195262736","산업체","0","0","","","","0","0","0","0","0","","0","0","N","61.6","","","",
"704","집단급식소","07_21_02_P","4201000","4201000-105-2008-00002","2008-05-13","","01","영업/정상","01","영업","","","","","033 661 7900","188.37","","강원특별자치도 강릉시 연곡면 영진리 96-1","강원특별자치도 강릉시 연곡면 영진4길 18","25430","(주)아워홈 주문진 지수원점","2025-06-02 14:58:42","U","2025-06-04 02:40:00","산업체","362270.406906318","486550.600087902","산업체","0","0","","","상수도전용","0","0","0","0","0","자가","0","0","N","70.17","","","",
"705","집단급식소","07_21_02_P","4201000","4201000-105-2008-00003","2008-07-25","","01","영업/정상","01","영업","","","","","033 6436435","98.61","","강원특별자치도 강릉시 유산동 518-2","강원특별자치도 강릉시 모산로390번길 15 (유산동)","25612","평안의집","2021-01-14 10:17:23","I","2023-06-13 00:00:00","사회복지시설","367993.954064455","472572.547092325","사회복지시설","0","0","","","상수도전용","0","1","0","0","0","자가","0","0","N","31.36","","","",
"706","집단급식소","07_21_02_P","4201000","4201000-105-2005-00046","2005-10-28","","01","영업/정상","01","영업","","","","","033 660 8810","765.37","","강원특별자치도 강릉시 포남동 1086","강원특별자치도 강릉시 보래미길 9 (포남동)","25478","하슬라중학교","2022-07-19 14:37:52","I","2023-06-13 00:00:00","학교","367964.334893133","476098.372314638","학교","0","0","","","상수도전용","0","0","0","0","0","자가","0","0","N","141.75","","","",
"707","집단급식소","07_21_02_P","4201000","4201000-105-2020-00003","2020-03-16","","01","영업/정상","01","영업","","","","","033 640 1306","","","강원특별자치도 강릉시 유천동 766 유천초등학교","강원특별자치도 강릉시 선수촌로 100, 유천초등학교 (유천동)","25458","유천초등학교","2024-05-14 10:38:16","U","2024-05-16 02:40:00","학교","364817.186686689","474700.853334857","학교","0","0","","","","0","0","0","0","0","","0","0","N","0","","","",
"708","집단급식소","07_21_02_P","4201000","4201000-105-2020-00004","2020-03-24","","01","영업/정상","01","영업","","","","","033 648 2019","39.60","","강원특별자치도 강릉시 홍제동 1044 LH미디어촌6단지아파트","강원특별자치도 강릉시 선수촌로 20, 1층 (홍제동, LH미디어촌6단지아파트)","25522","미디어촌6단지어린이집","2020-03-24 17:14:52","I","2023-06-13 00:00:00","어린이집","364511.120807502","473904.65492808","어린이집","0","0","","","","0","0","0","0","0","","0","0","N","38.97","","","",
"709","집단급식소","07_21_02_P","4201000","4201000-105-2020-00005","2020-04-03","","01","영업/정상","01","영업","","","","","033 642 8117","","","강원특별자치도 강릉시 유천동 778 LH선수촌8단지아파트","강원특별자치도 강릉시 선수촌로 117 (유천동, LH선수촌8단지아파트)","25458","선수촌8단지어린이집","2022-01-06 10:56:02","I","2023-06-13 00:00:00","어린이집","364587.725719431","474889.546437664","어린이집","0","0","","","","0","0","0","0","0","","0","0","N","0","","","",
"710","집단급식소","07_21_02_P","4201000","4201000-105-2020-00006","2020-04-13","","01","영업/정상","01","영업","","","","","033 655 9020","130.51","","강원특별자치도 강릉시 교동 705-3","강원특별자치도 강릉시 가작로129번길 6 (교동)","25493","율곡요양원","2025-10-13 15:19:53","U","2025-10-15 02:40:00","사회복지시설","366435.982262319","475937.35420791","사회복지시설","0","0","","","","0","0","0","0","0","","0","0","N","50.28","","","",
"711","집단급식소","07_21_02_P","4201000","4201000-105-2020-00008","2020-06-24","","01","영업/정상","01","영업","","","","","","0.00","","강원특별자치도 강릉시 홍제동 1039 LH미디어촌5단지아파트","강원특별자치도 강릉시 선수촌로 23 (홍제동, LH미디어촌5단지아파트)","25522","미디어촌5단지어린이집","2022-01-06 10:56:29","I","2023-06-13 00:00:00","어린이집","364511.16116797","474088.690732244","어린이집","0","0","","","","0","0","0","0","0","","0","0","N","0","","","",
"712","집단급식소","07_21_02_P","4201000","4201000-105-2020-00009","2020-09-10","","01","영업/정상","01","영업","","","","","","24.59","","강원특별자치도 강릉시 포남동 55-10","강원특별자치도 강릉시 산양길 50, 1~3층 (포남동)","25471","예원숲어린이집","2024-04-02 11:27:26","U","2024-04-04 02:40:00","어린이집","368364.182125384","476947.297263744","어린이집","0","0","","","상수도전용","0","0","0","0","0","","0","0","N","14.29","","","",
"713","집단급식소","07_21_02_P","4201000","4201000-105-2020-00010","2020-09-11","","01","영업/정상","01","영업","","","","","","61.05","","강원특별자치도 강릉시 교동 1881-6","강원특별자치도 강릉시 솔올로 35, 6층 (교동)","25512","한가온한방병원","2021-01-14 10:33:25","I","2023-06-13 00:00:00","병원","365401.686801998","475287.218473391","병원","0","0","","","상수도전용","0","0","0","0","0","","0","0","N","26.4","","","",
"714","집단급식소","07_21_02_P","4201000","4201000-105-2021-00003","2021-12-24","","01","영업/정상","01","영업","","","","","","423.98","","강원특별자치도 강릉시 강동면 정동진리 50-10 썬크루즈리조트","강원특별자치도 강릉시 강동면 헌화로 950-39, 썬크루즈리조트 A동 20층","25631","(주)승화썬크루즈","2024-08-28 09:43:07","U","2024-08-30 02:40:00","기타 집단급식소","380078.540341913","466526.419908238","기타 집단급식소","0","0","","","상수도전용","0","0","0","0","0","","0","0","N","69.35","","","",
"715","집단급식소","07_21_02_P","4201000","4201000-105-2005-00003","2005-04-14","","01","영업/정상","01","영업","","","","","033 641 0991","9.50","","강원특별자치도 강릉시 구정면 여찬리 541-19","강원특별자치도 강릉시 구정면 자조왈길 38","25622","공립상아몬테소리어린이집","2024-01-05 11:26:04","U","2024-01-07 02:40:00","어린이집","365677.8191116","471104.54030101","어린이집","0","0","","","상수도전용","0","0","0","0","0","","0","0","N","76","","","",
"716","집단급식소","07_21_02_P","4201000","4201000-105-2005-00006","2005-06-29","","01","영업/정상","01","영업","","","","","033 6433191","32.00","","강원특별자치도 강릉시 임당동 159","강원특별자치도 강릉시 임영로 148 (임당동)","25533","소화유치원","2019-09-18 16:24:14","I","2023-06-13 00:00:00","어린이집","366710.640251103","474116.475999823","어린이집","0","0","","","상수도전용","0","0","0","0","0","","0","0","N","95","","","",
"717","집단급식소","07_21_02_P","4201000","4201000-105-2022-00001","2022-03-02","","01","영업/정상","01","영업","","","","","033 823 2330","239.34","","강원특별자치도 강릉시 홍제동 65-4","강원특별자치도 강릉시 명주로17번길 24-1 (홍제동)","25535","늘해랑유치원","2024-03-12 11:31:28","U","2024-03-14 02:40:00","어린이집","366314.128959119","473770.978134922","어린이집","0","0","","","","0","0","0","0","0","","0","0","N","97.29","","","",
"718","집단급식소","07_21_02_P","4201000","4201000-105-2022-00002","2022-03-10","","01","영업/정상","01","영업","","","","","033 650 5567","117.12","","강원특별자치도 강릉시 운산동 148 옥천초등학교운산분교","강원특별자치도 강릉시 운산길 79-15 (운산동)","25614","운산초등학교","2025-01-15 14:11:09","U","2025-01-17 02:40:00","학교","370781.664838598","471452.709269937","학교","0","0","","","","0","0","0","0","0","","0","0","N","48.68","","","",
"719","집단급식소","07_21_02_P","4201000","4201000-105-2022-00004","2022-04-28","","01","영업/정상","01","영업","","","","","","20.60","","강원특별자치도 강릉시 홍제동 601-1","강원특별자치도 강릉시 사임당로 147-16, 1층 (홍제동)","25520","예사랑어린이집","2022-04-28 09:53:05","I","2023-06-13 00:00:00","어린이집","364211.848524523","474430.537098027","어린이집","0","0","","","","0","0","0","0","0","임대","0","0","N","6.6","","","",
"720","집단급식소","07_21_02_P","4201000","4201000-105-2022-00005","2022-07-07","","01","영업/정상","01","영업","","","","","","62.45","","강원특별자치도 강릉시 교동 1235","강원특별자치도 강릉시 경포로100번길 8 (교동)","25493","우리시니어스요양시설","2025-01-15 14:10:49","U","2025-01-17 02:40:00","사회복지시설","366010.722054447","476276.174454413","사회복지시설","0","0","","","","0","0","0","0","0","","0","0","N","39.83","","","",
"721","집단급식소","07_21_02_P","4201000","4201000-105-2022-00007","2022-12-28","","01","영업/정상","01","영업","","","","","033 646 3538","14.20","","강원특별자치도 강릉시 장현동 129-1","강원특별자치도 강릉시 모산로 186, 1층 (장현동)","25606","사회복지법인또래원","2023-07-20 15:32:54","U","2023-07-22 02:40:00","어린이집","367664.815459732","471174.684314079","어린이집","0","0","","","지하수전용","0","0","0","0","0","","0","0","N","14.2","","","",
"722","집단급식소","07_21_02_P","4201000","4201000-105-2001-00002","1988-03-01","","01","영업/정상","01","영업","","","","","033 640 2610","1218.09","","강원특별자치도 강릉시 지변동 123","강원특별자치도 강릉시 죽헌길 7 (지변동)","25457","강릉원주대학교학생생활관","2022-12-08 14:12:54","I","2023-06-13 00:00:00","기숙사","364627.278082023","475810.449226925","기숙사","0","0","","","상수도전용","0","0","0","0","0","","0","0","N","215.34","","","",
"723","집단급식소","07_21_02_P","4201000","4201000-105-2001-00003","1987-11-09","","01","영업/정상","01","영업","","","","","033 649 8379","371.70","","강원특별자치도 강릉시 내곡동 522","강원특별자치도 강릉시 범일로579번길 24 (내곡동)","25601","가톨릭관동대학교(2생활관식당)","2020-04-24 09:21:52","I","2023-06-13 00:00:00","기숙사","365136.451379883","472058.531076918","기숙사","0","0","","","상수도(음용)지하수(주방용)겸용","0","0","0","0","0","","0","0","N","194.5","","","",
"724","집단급식소","07_21_02_P","4201000","4201000-105-2001-00004","1990-01-10","","01","영업/정상","01","영업","","","","","033 640 9542","","","강원특별자치도 강릉시 초당동 57-18","강원특별자치도 강릉시 강릉대로587번길 42 (초당동)","25468","강원도교육연수원","2017-08-23 18:16:33","I","2023-06-13 00:00:00","공공기관","368919.951610445","477722.140098665","공공기관","0","0","","","상수도전용","0","0","0","0","0","","0","0","N","0","","","",
"725","집단급식소","07_21_02_P","4201000","4201000-105-2005-00007","2005-06-29","","01","영업/정상","01","영업","","","","","033 6529360","9.75","","강원특별자치도 강릉시 강문동 134","강원특별자치도 강릉시 해안로 333 (강문동)","25466","강릉유치원","2024-12-05 14:28:59","U","2024-12-07 02:40:00","어린이집","368744.923524473","478496.65625321","어린이집","0","0","","","상수도전용","0","0","0","0","0","","0","0","N","104.75","","","",
"726","집단급식소","07_21_02_P","4201000","4201000-105-2005-00010","2005-07-27","","01","영업/정상","01","영업","","","","","033 6420143","13.64","","강원특별자치도 강릉시 회산동 4-5","강원특별자치도 강릉시 강변로 78 (회산동)","25600","성원유치원","2017-08-23 18:16:33","I","2023-06-13 00:00:00","어린이집","365419.731455771","472924.652324974","어린이집","0","0","","","상수도전용","0","0","0","0","0","","0","0","N","191.04","","","",
"727","집단급식소","07_21_02_P","4201000","4201000-105-2005-00016","2005-08-03","","01","영업/정상","01","영업","","","","","033 6426197","9.60","","강원특별자치도 강릉시 노암동 569-3","강원특별자치도 강릉시 남부로136번길 19 (노암동)","25610","좋은유치원","2017-08-23 18:16:33","I","2023-06-13 00:00:00","어린이집","367069.571373327","472590.135243273","어린이집","0","0","","","상수도전용","0","0","0","0","0","","0","0","N","56.9","","","",
"728","집단급식소","07_21_02_P","4201000","4201000-105-2005-00019","2005-08-03","","01","영업/정상","01","영업","","","","","033 6444001","3.12","","강원특별자치도 강릉시 노암동 615-3","강원특별자치도 강릉시 남부로 131-1 (노암동)","25595","파랑새어린이집","2017-08-23 18:16:33","I","2023-06-13 00:00:00","어린이집","366906.187602165","472788.325961341","어린이집","0","0","","","상수도전용","0","0","0","0","0","","0","0","N","21.12","","","",
"729","집단급식소","07_21_02_P","4201000","4201000-105-2005-00021","2005-08-08","","01","영업/정상","01","영업","","","","","033 6486153","13.80","","강원특별자치도 강릉시 교동 282-4 12통4반","강원특별자치도 강릉시 화부산로141번길 26 (교동)","25490","둥지어린이집","2017-08-23 18:16:33","I","2023-06-13 00:00:00","어린이집","366914.004714153","475564.688067375","어린이집","0","0","","","상수도전용","0","0","0","0","0","","0","0","N","55.2","","","",
"730","집단급식소","07_21_02_P","4201000","4201000-105-2012-00006","2012-11-12","","01","영업/정상","01","영업","","","","","033 649 8155","210.82","","강원특별자치도 강릉시 홍제동 712","강원특별자치도 강릉시 공제로 413-15 (홍제동)","25522","강릉교도소","2023-01-04 14:26:20","I","2023-06-13 00:00:00","공공기관","364300.185456438","473212.894893482","공공기관","0","0","","","상수도전용","0","0","0","0","0","","0","0","N","64.52","","","",
"731","집단급식소","07_21_02_P","4201000","4201000-105-2001-00005","1990-03-31","","01","영업/정상","01","영업","","","","","033 6101437","194.82","","강원특별자치도 강릉시 남문동 164-1 기존의료원 4층(증축 건물)","강원특별자치도 강릉시 경강로 2007 (남문동)","25535","강원도강릉의료원","2021-01-14 09:14:26","I","2023-06-13 00:00:00","병원","366422.253758707","473561.999489545","병원","0","0","","","상수도전용","0","0","0","0","0","","0","0","N","60.05","","","",
"732","집단급식소","07_21_02_P","4201000","4201000-105-2001-00006","1983-06-20","","01","영업/정상","01","영업","","","","","033650 6499","","","강원특별자치도 강릉시 포남동 산 160-4 외15필지","강원특별자치도 강릉시 강릉대로419번길 42 (포남동,외15필지)","25478","(의)강릉동인병원","2024-11-07 15:59:59","U","2024-11-09 02:40:00","병원","367873.90950744","476292.182001798","병원","0","0","","","상수도전용","0","0","0","0","0","","0","0","N","0","","","",
"733","집단급식소","07_21_02_P","4201000","4201000-105-2001-00008","1990-09-13","","01","영업/정상","01","영업","","","","","033 6487824","","","강원특별자치도 강릉시 내곡동 351","강원특별자치도 강릉시 진재골길 12-14 (내곡동)","25604","강릉시립복지원","2023-02-17 11:28:43","I","2023-06-13 00:00:00","사회복지시설","366286.662945082","472162.427229527","사회복지시설","0","0","","","상수도전용","0","0","0","0","0","","0","0","N","0","","","",
"734","집단급식소","07_21_02_P","4201000","4201000-105-2001-00011","1990-03-31","","01","영업/정상","01","영업","","","","","033 6433613","","","강원특별자치도 강릉시 교동 1218-2","강원특별자치도 강릉시 경포로 86 (교동)","25493","강릉어린이집","2017-08-23 18:16:33","I","2023-06-13 00:00:00","어린이집","365919.192025449","476147.877997594","어린이집","0","0","","","상수도전용","0","0","0","0","0","","0","0","N","0","","","",
"735","집단급식소","07_21_02_P","4201000","4201000-105-2001-00013","1986-07-21","","01","영업/정상","01","영업","","","","","033 6400258","215.90","","강원특별자치도 강릉시 회산동 81","강원특별자치도 강릉시 관솔길 7 (회산동)","25600","롯데칠성음료(주)강릉공장","2025-04-15 10:30:50","U","2025-04-17 02:40:00","산업체","364841.300220277","472602.96811287","산업체","0","0","","","상수도전용","0","0","0","0","0","","0","0","N","50","","","",
"736","집단급식소","07_21_02_P","4201000","4201000-105-2001-00084","2001-07-12","","01","영업/정상","01","영업","","","","","033 649 8381","604.52","","강원특별자치도 강릉시 내곡동 522 외70필지","강원특별자치도 강릉시 범일로579번길 24 (내곡동,외70필지)","25601","가톨릭관동대학교(교직원식당)","2017-08-23 18:16:33","I","2023-06-13 00:00:00","학교","365136.451379883","472058.531076918","학교","0","0","","","지하수전용","0","0","0","0","0","","0","0","N","147.12","","","",
"737","집단급식소","07_21_02_P","4201000","4201000-105-2001-00086","2001-10-16","","01","영업/정상","01","영업","","","","","033 643 2960","196.80","","강원특별자치도 강릉시 교동 681","강원특별자치도 강릉시 가작로 125 (교동)","25493","율곡중학교","2017-08-23 18:16:33","I","2023-06-13 00:00:00","학교","366318.425044555","475910.002324844","학교","0","0","","","상수도전용","0","0","0","0","0","","0","0","N","562.4","","","",
"738","집단급식소","07_21_02_P","4201000","4201000-105-2002-00001","2002-01-15","","01","영업/정상","01","영업","","","","","033 6417588","","","강원특별자치도 강릉시 입암동 662-483","강원특별자치도 강릉시 입암로29번길 33 (입암동)","25584","성덕어린이집","2017-08-23 18:16:33","I","2023-06-13 00:00:00","어린이집","368179.971959485","473872.494491272","어린이집","0","0","","","상수도전용","0","0","0","0","0","","0","0","N","0","","","",
"739","집단급식소","07_21_02_P","4201000","4201000-105-2002-00003","2002-02-28","","01","영업/정상","01","영업","","","","","033 6516605","","","강원특별자치도 강릉시 포남동 424","강원특별자치도 강릉시 보래미하길79번길 21 (포남동)","25480","동명중학교","2017-08-23 18:16:33","I","2023-06-13 00:00:00","학교","368526.80019602","476686.983313427","학교","0","0","","","상수도전용","0","0","0","0","0","","0","0","N","0","","","",
"740","집단급식소","07_21_02_P","4201000","4201000-105-2002-00004","2002-03-22","","01","영업/정상","01","영업","","","","","033 530 1515","","","강원특별자치도 강릉시 옥계면 산계리 280-1","강원특별자치도 강릉시 옥계면 산계길 225","25645","한라시멘트(주)광산식당","2018-02-13 17:16:11","I","2023-06-13 00:00:00","산업체","377317.711567857","456045.680054891","산업체","0","0","","","지하수전용","0","0","0","0","0","","0","0","N","0","","","",
"741","집단급식소","07_21_02_P","4201000","4201000-105-2002-00005","2002-04-01","","01","영업/정상","01","영업","","","","","033 6437332","60.50","","강원특별자치도 강릉시 교동 1427","강원특별자치도 강릉시 하슬라로20번길 14 (교동)","25518","관동중학교","2017-08-23 18:16:33","I","2023-06-13 00:00:00","학교","365597.464060878","474381.194983785","학교","0","0","","","상수도전용","0","0","0","0","0","","0","0","N","276.5","","","",
"742","집단급식소","07_21_02_P","4201000","4201000-105-2002-00006","2002-04-29","","01","영업/정상","01","영업","","","","","033 6405875","92.16","","강원특별자치도 강릉시 홍제동 1001","강원특별자치도 강릉시 강릉대로 33 (홍제동)","25522","강릉시청구내식당","2021-01-14 10:32:03","I","2023-06-13 00:00:00","공공기관","365285.615843898","473821.098924361","공공기관","0","0","","","상수도전용","0","0","0","0","0","","0","0","N","667.2","","","",
"743","집단급식소","07_21_02_P","4201000","4201000-105-2002-00007","2002-10-11","","01","영업/정상","01","영업","","","","","033 534 7614","","","강원특별자치도 강릉시 옥계면 천남리 172","강원특별자치도 강릉시 옥계면 천남길 38-13","25636","옥계중학교","2017-08-23 18:16:33","I","2023-06-13 00:00:00","학교","379513.457938455","457465.820752291","학교","0","0","","","간이상수도","0","0","0","0","0","","0","0","N","0","","","",
"744","집단급식소","07_21_02_P","4201000","4201000-105-2002-00008","2002-12-20","","01","영업/정상","01","영업","","","","","033 6491196","48.30","","강원특별자치도 강릉시 송정동 1008-7","강원특별자치도 강릉시 경강로 2398-10 (송정동)","25563","(주)이마트강릉점","2024-04-08 14:07:50","U","2024-04-10 02:40:00","산업체","369334.629080122","475954.381315576","산업체","0","0","","","상수도전용","0","0","0","0","0","","0","0","N","98.7","","","",
"745","집단급식소","07_21_02_P","4201000","4201000-105-2003-00002","2003-01-30","","01","영업/정상","01","영업","","","","","033 6527163","13.80","","강원특별자치도 강릉시 초당동 57-2","강원특별자치도 강릉시 강릉대로587번길 68 (초당동)","25468","강릉고등학교","2017-08-23 18:16:33","I","2023-06-13 00:00:00","학교","368790.044294659","477945.962341651","학교","0","0","","","상수도전용","0","0","0","0","0","","0","0","N","166.8","","","",
"746","집단급식소","07_21_02_P","4201000","4201000-105-2012-00007","2012-11-28","","01","영업/정상","01","영업","","","","","033 645 8896","12.63","","강원특별자치도 강릉시 포남동 1005-77","강원특별자치도 강릉시 용지각길20번안길 3 (포남동)","25548","동부어린이집","2025-05-07 14:47:20","U","2025-05-09 02:40:00","어린이집","367996.244619051","474876.016532448","어린이집","0","0","","","상수도전용","0","0","0","0","0","","0","0","N","12.63","","","",
"747","집단급식소","07_21_02_P","4201000","4201000-105-2013-00003","2013-02-27","","01","영업/정상","01","영업","","","","","033 653 6375","168.65","","강원특별자치도 강릉시 입암동 49-9","강원특별자치도 강릉시 강변로 510 (입암동)","25576","강릉종합사회복지관","2023-08-09 11:39:08","U","2023-08-11 02:40:00","사회복지시설","368836.250350827","475299.79489034","사회복지시설","0","0","","","상수도전용","0","0","0","0","0","","0","0","N","56.16","","","",
"748","집단급식소","07_21_02_P","4201000","4201000-105-2013-00004","2013-03-15","","01","영업/정상","01","영업","","","","","033 648 0722","6.20","","강원특별자치도 강릉시 난곡동 443","강원특별자치도 강릉시 동해대로3406번길 12 (난곡동)","25463","한빛어린이집","2017-08-23 18:16:33","I","2023-06-13 00:00:00","어린이집","364332.70987442","478214.176315709","어린이집","0","0","","","상수도전용","0","0","0","0","0","","0","0","N","8.3","","","",
"749","집단급식소","07_21_02_P","4201000","4201000-105-2013-00005","2013-03-29","","01","영업/정상","01","영업","","","","","033 643 4688","148.38","","강원특별자치도 강릉시 옥천동 200-6","강원특별자치도 강릉시 동부시장2길 18 (옥천동)","25552","노암복지회","2017-08-23 18:16:33","I","2023-06-13 00:00:00","사회복지시설","367563.483474393","474803.885184967","사회복지시설","0","0","","","상수도전용","0","0","0","0","0","","0","0","N","46.83","","","",
"750","집단급식소","07_21_02_P","4201000","4201000-105-2013-00009","2013-07-08","","01","영업/정상","01","영업","","","","","033 645 3885","12.35","","강원특별자치도 강릉시 남항진동 113-2","강원특별자치도 강릉시 공항길 180 (남항진동)","25618","강릉공군은빛나래어린이집","2022-12-07 11:25:07","I","2023-06-13 00:00:00","어린이집","372444.867231894","474549.732849602","어린이집","0","0","","","상수도전용","0","0","0","0","0","","0","0","N","10.55","","","",
"751","집단급식소","07_21_02_P","4201000","4201000-105-2013-00013","2013-10-31","","01","영업/정상","01","영업","","","","","033 649 7928","124.43","","강원특별자치도 강릉시 내곡동 522","강원특별자치도 강릉시 범일로579번길 24 (내곡동)","25601","관동대학교우림관","2024-12-10 15:43:46","U","2024-12-12 02:40:00","학교","365136.451379883","472058.531076918","학교","0","0","","","상수도전용","0","0","0","0","0","","0","0","N","35.88","","","",
"752","집단급식소","07_21_02_P","4201000","4201000-105-2014-00004","2014-08-19","","01","영업/정상","01","영업","","","","","033 655 9494","11.54","","강원특별자치도 강릉시 입암동 321-1","강원특별자치도 강릉시 성덕로 328-15 (입암동)","25616","제이엠유치원","2020-10-27 10:03:36","I","2023-06-13 00:00:00","어린이집","369139.771485522","474117.126598447","어린이집","0","0","","","상수도전용","0","0","0","0","0","","0","0","N","16.54","","","",
"753","집단급식소","07_21_02_P","4201000","4201000-105-2003-00003","2003-05-06","","01","영업/정상","01","영업","","","","","033 530 1915","","","강원특별자치도 강릉시 옥계면 산계리 280-1","강원특별자치도 강릉시 옥계면 산계길 225","25645","한라시멘트(주)협력업체식당","2021-01-14 10:31:34","I","2023-06-13 00:00:00","산업체","377317.711567857","456045.680054891","산업체","0","0","","","지하수전용","0","0","0","0","0","","0","0","N","0","","","",
"754","집단급식소","07_21_02_P","4201000","4201000-105-2004-00001","2004-02-25","","01","영업/정상","01","영업","","","","","033 6471680","13.98","","강원특별자치도 강릉시 교동 1797","강원특별자치도 강릉시 솔올로 90 (교동)","25509","경포유치원","2017-08-23 18:16:33","I","2023-06-13 00:00:00","어린이집","365556.082786969","475805.579683068","어린이집","0","0","","","상수도전용","0","0","0","0","0","","0","0","N","69.59","","","",
"755","집단급식소","07_21_02_P","4201000","4201000-105-2004-00003","2004-05-24","","01","영업/정상","01","영업","","","","","033 6498377","750.54","","강원특별자치도 강릉시 내곡동 522","강원특별자치도 강릉시 범일로579번길 24 (내곡동)","25601","가톨릭관동대학교(5생활관식당)","2020-04-24 09:22:05","I","2023-06-13 00:00:00","기숙사","365136.451379883","472058.531076918","기숙사","0","0","","","상수도(음용)지하수(주방용)겸용","0","0","0","0","0","","0","0","N","729.49","","","",
"756","집단급식소","07_21_02_P","4201000","4201000-105-2004-00004","2004-08-19","","01","영업/정상","01","영업","","","","","033 650 7896","","","강원특별자치도 강릉시 노암동 462-1","강원특별자치도 강릉시 노암등길 76 (노암동)","25610","경포중학교","2017-08-23 18:16:33","I","2023-06-13 00:00:00","학교","367379.31061089","472717.773974582","학교","0","0","","","상수도전용","0","0","0","0","0","","0","0","N","0","","","",
"757","집단급식소","07_21_02_P","4201000","4201000-105-2004-00005","2004-10-18","","01","영업/정상","01","영업","","","","","033 6402037","135.00","","강원특별자치도 강릉시 지변동 123 강릉대학교 문화관식당","강원특별자치도 강릉시 죽헌길 7 (지변동,강릉대학교 문화관식당)","25457","강릉원주대학교소비자생활협동조합문화관식당","2022-11-30 15:47:25","I","2023-06-13 00:00:00","학교","364627.278082023","475810.449226925","학교","0","0","","","상수도전용","0","0","0","0","0","","0","0","N","568.78","","","",
"758","집단급식소","07_21_02_P","4201000","4201000-105-2009-00006","2009-03-30","","01","영업/정상","01","영업","","","","","","509.93","","강원특별자치도 강릉시 교동 622","강원특별자치도 강릉시 종합운동장길 19 (교동)","25473","링컨하우스스쿨","2022-07-19 14:40:03","I","2023-06-13 00:00:00","기타 집단급식소","366534.762824379","476391.115235429","기타 집단급식소","0","0","","","상수도전용","0","0","0","0","0","자가","0","0","N","141.22","","","",
"759","집단급식소","07_21_02_P","4201000","4201000-105-2009-00007","2009-04-09","","01","영업/정상","01","영업","","","","","033 534 3999","513.00","","강원특별자치도 강릉시 옥계면 금진리 464-1","강원특별자치도 강릉시 옥계면 금진솔밭길 148-19","25633","한국여성수련원","2023-12-19 10:44:05","U","2023-12-23 02:40:00","수련원","380529.623619565","460530.392368494","수련원","0","0","","","상수도전용","0","0","0","0","0","자가","0","0","N","81","","","",
"760","집단급식소","07_21_02_P","4201000","4201000-105-2009-00008","2009-05-12","","01","영업/정상","01","영업","","","","","033 920 2144","252.00","","강원특별자치도 강릉시 연곡면 송림리 206","강원특별자치도 강릉시 연곡면 진고개로 2530-30, 1층","25428","산림조합중앙회강릉교육원","2024-12-09 16:25:22","U","2024-12-11 02:40:00","산업체","359769.400171107","484780.171783511","산업체","0","0","","","상수도전용","0","0","0","0","0","","0","0","N","72","","","",
"761","집단급식소","07_21_02_P","4201000","4201000-105-2009-00010","2009-08-05","","01","영업/정상","01","영업","","","","","033 661 5030","16.20","","강원특별자치도 강릉시 연곡면 삼산리 1092","강원특별자치도 강릉시 연곡면 진고개로 907","25400","오대산성모요양원","2025-01-15 14:09:40","U","2025-01-17 02:40:00","사회복지시설","344974.572323794","482685.630939205","사회복지시설","0","0","","","지하수전용","0","0","0","0","0","자가","0","0","N","16.2","","","",
"762","집단급식소","07_21_02_P","4201000","4201000-105-2009-00011","2009-09-03","","01","영업/정상","01","영업","","","","","033649 8030","166.00","","강원특별자치도 강릉시 옥천동 189 5층","강원특별자치도 강릉시 경강로 2120 (옥천동,5층)","25541","홈플러스강릉점","2024-02-22 09:27:40","U","2024-02-24 02:40:00","산업체","367257.089561415","474274.357968797","산업체","0","0","","","상수도전용","0","0","0","0","0","임대","0","0","N","40","","","",
"763","집단급식소","07_21_02_P","4201000","4201000-105-2010-00001","2010-03-26","","01","영업/정상","01","영업","","","","","033 650 3331","421.00","","강원특별자치도 강릉시 대전동 897-2","강원특별자치도 강릉시 과학단지로 106-11 (대전동)","25440","강릉과학산업진흥원","2017-08-23 18:16:33","I","2023-06-13 00:00:00","공공기관","363292.052962631","479478.888326431","공공기관","0","0","","","상수도전용","0","0","0","0","0","임대","0","0","N","144.6","","","",
"764","집단급식소","07_21_02_P","4201000","4201000-105-2010-00002","2010-07-01","","01","영업/정상","01","영업","","","","","033 640 4810","184.71","","강원특별자치도 강릉시 홍제동 96-54","강원특별자치도 강릉시 경강로 1956 (홍제동)","25537","강릉시노인종합복지관","2017-08-23 18:16:33","I","2023-06-13 00:00:00","사회복지시설","365979.83056977","473358.973368062","사회복지시설","0","0","","","상수도전용","0","0","0","0","0","자가","0","0","N","60.7","","","",
"765","집단급식소","07_21_02_P","4201000","4201000-105-2014-00005","2014-12-17","","01","영업/정상","01","영업","","","","","033 644 6153","165.55","","강원특별자치도 강릉시 구정면 제비리 236-21","강원특별자치도 강릉시 구정면 칠봉로 639-42","25621","예닮원교회(예닮글로벌학교)","2021-01-14 10:23:39","I","2023-06-13 00:00:00","학교","363639.237239558","470248.645583777","학교","0","0","","","지하수전용","0","0","0","0","0","","0","0","N","37.18","","","",
"766","집단급식소","07_21_02_P","4201000","4201000-105-2011-00001","2011-03-03","","01","영업/정상","01","영업","","","","","033 648 6136","111.22","","강원특별자치도 강릉시 왕산면 도마리 595","강원특별자치도 강릉시 왕산면 백두대간로 2011-8","25639","왕산초등학교","2017-08-23 18:16:33","I","2023-06-13 00:00:00","학교","361924.509678717","465030.020650373","학교","0","0","","","간이상수도","0","0","0","0","0","","0","0","N","39.18","","","",
"767","집단급식소","07_21_02_P","4201000","4201000-105-2011-00003","2011-08-25","","01","영업/정상","01","영업","","","","","033 644 4002","8.76","","강원특별자치도 강릉시 노암동 614-20","강원특별자치도 강릉시 남부로 131-1 (노암동)","25595","킨더스쿨어린이집","2017-08-23 18:16:33","I","2023-06-13 00:00:00","어린이집","366917.722722121","472808.296720521","어린이집","0","0","","","상수도전용","0","0","0","0","0","","0","0","N","6.48","","","",
"768","집단급식소","07_21_02_P","4201000","4201000-105-2011-00004","2011-08-26","","01","영업/정상","01","영업","","","","","033 641 7385","20.74","","강원특별자치도 강릉시 교동 1139-18","강원특별자치도 강릉시 화부산로91번길 30 (교동)","25496","푸른솔어린이집","2017-08-23 18:16:33","I","2023-06-13 00:00:00","어린이집","366222.969670394","475429.244119888","어린이집","0","0","","","지하수전용","0","0","0","0","0","임대","0","0","N","20.74","","","",
"769","집단급식소","07_21_02_P","4201000","4201000-105-2011-00005","2011-10-14","","01","영업/정상","01","영업","","","","","033 644 8990","195.60","","강원특별자치도 강릉시 성산면 위촌리 589","강원특별자치도 강릉시 성산면 위촌길 198","25447","송양초등학교","2024-05-14 10:39:25","U","2024-05-16 02:40:00","학교","362726.944861053","474529.680990074","학교","0","0","","","간이상수도","0","0","0","0","0","","0","0","N","60.4","","","",
"770","집단급식소","07_21_02_P","4201000","4201000-105-2012-00002","2012-03-09","","01","영업/정상","01","영업","","","","","033 661 4612","297.00","","강원특별자치도 강릉시 주문진읍 교항리 48-194","강원특별자치도 강릉시 주문진읍 학교길 28","25424","주문진고등학교","2017-08-23 18:16:33","I","2023-06-13 00:00:00","학교","360943.603578951","488078.222586594","학교","0","0","","","상수도전용","0","0","0","0","0","","0","0","N","105","","","",
"771","집단급식소","07_21_02_P","4201000","4201000-105-2012-00003","2012-07-19","","01","영업/정상","01","영업","","","","","033 820 7318","222.59","","강원특별자치도 강릉시 안현동 89-87","강원특별자치도 강릉시 해안로 536 (안현동)","25460","라카이샌드파인","2021-01-12 13:16:09","I","2023-06-13 00:00:00","산업체","367621.813148505","479943.433565044","산업체","0","0","","","상수도전용","0","0","0","0","0","","0","0","N","85.06","","","",
"772","집단급식소","07_21_02_P","4201000","4201000-105-2012-00004","2012-09-14","","01","영업/정상","01","영업","","","","","033 650 9180","96.26","","강원특별자치도 강릉시 교동 723-7","강원특별자치도 강릉시 율곡로 2982-6 (교동)","25490","세가온산부인과","2021-01-12 13:18:01","I","2023-06-13 00:00:00","병원","366678.684068832","475654.262415356","병원","0","0","","","상수도전용","0","0","0","0","0","자가","0","0","N","30.39","","","",
"773","집단급식소","07_21_02_P","4201000","4201000-105-2001-00015","1991-08-27","","01","영업/정상","01","영업","","","","","033 610 6199","","","강원특별자치도 강릉시 노암동 779","강원특별자치도 강릉시 남산초교길 121 (노암동)","25605","한국폴리텍3대학 강릉캠퍼스","2021-01-14 10:19:56","I","2023-06-13 00:00:00","학교","366541.855123208","472210.503754541","학교","0","0","","","상수도전용","0","0","0","0","0","","0","0","N","0","","","",
"774","집단급식소","07_21_02_P","4201000","4201000-105-2001-00016","1991-09-24","","01","영업/정상","01","영업","","","","","033 649 0226","","","강원특별자치도 강릉시 옥천동 286-6","강원특별자치도 강릉시 옥가로 30 (옥천동)","25552","의료법인 의산의료재단","2021-01-12 13:19:52","I","2023-06-13 00:00:00","병원","367350.283573308","474653.814138023","병원","0","0","","","상수도전용","0","0","0","0","0","","0","0","N","0","","","",
"775","집단급식소","07_21_02_P","4201000","4201000-105-2001-00017","1991-10-02","","01","영업/정상","01","영업","","","","","033 6452551","115.98","","강원특별자치도 강릉시 홍제동 38","강원특별자치도 강릉시 토성로 103 (홍제동)","25527","강릉초등학교","2017-08-23 18:16:33","I","2023-06-13 00:00:00","학교","366337.971759854","474005.829206267","학교","0","0","","","상수도전용","0","0","0","0","0","","0","0","N","710.4","","","",
"776","집단급식소","07_21_02_P","4201000","4201000-105-2001-00019","1992-10-06","","01","영업/정상","01","영업","","","","","033 6521023","","","강원특별자치도 강릉시 송정동 306-6","강원특별자치도 강릉시 송정길 43 (송정동)","25557","강릉오성학교","2017-08-23 18:16:33","I","2023-06-13 00:00:00","학교","370108.528158857","476912.144870807","학교","0","0","","","상수도전용","0","0","0","0","0","","0","0","N","0","","","",
"777","집단급식소","07_21_02_P","4201000","4201000-105-2001-00020","1993-03-12","","01","영업/정상","01","영업","","","","","033 6452320","374.90","","강원특별자치도 강릉시 교동 1038","강원특별자치도 강릉시 화부산로 28 (교동)","25505","영동초등학교","2024-10-09 14:09:12","U","2024-10-11 02:40:00","학교","366204.8837115","474721.763043328","학교","0","0","","","상수도전용","0","0","0","0","0","","0","0","N","135.65","","","",
"778","집단급식소","07_21_02_P","4201000","4201000-105-2001-00021","1993-03-12","","01","영업/정상","01","영업","","","","","033 6531033","","","강원특별자치도 강릉시 포남동 1085","강원특별자치도 강릉시 가작로287번길 20 (포남동)","25478","포남초등학교","2022-07-19 14:36:19","I","2023-06-13 00:00:00","학교","367860.556987339","476186.677901972","학교","0","0","","","상수도전용","0","0","0","0","0","","0","0","N","0","","","",
"779","집단급식소","07_21_02_P","4201000","4201000-105-2001-00061","1998-03-20","","01","영업/정상","01","영업","","","","","033 6403174","","","강원특별자치도 강릉시 지변동 123","강원특별자치도 강릉시 죽헌길 7 (지변동)","25457","강릉원주대학교치과병원","2021-01-12 13:14:31","I","2023-06-13 00:00:00","병원","364627.278082023","475810.449226925","병원","0","0","","","상수도전용","0","0","0","0","0","","0","0","N","0","","","",
"780","집단급식소","07_21_02_P","4201000","4201000-105-2001-00064","1999-04-02","","01","영업/정상","01","영업","","","","","033 530 1315","","","강원특별자치도 강릉시 옥계면 산계리 280-1","강원특별자치도 강릉시 옥계면 산계길 225","25645","한라시멘트(주)생산부식당","2021-01-14 10:30:51","I","2023-06-13 00:00:00","산업체","377317.711567857","456045.680054891","산업체","0","0","","","지하수전용","0","0","0","0","0","","0","0","N","0","","","",
"781","집단급식소","07_21_02_P","4201000","4201000-105-2001-00067","1999-07-09","","01","영업/정상","01","영업","","","","","","","","강원특별자치도 강릉시 포남동 1294","강원특별자치도 강릉시 강릉대로 442 (포남동)","25566","주식회사케이티(강릉빌딩)","2024-12-09 16:16:00","U","2024-12-11 02:40:00","산업체","368431.767670967","476166.484858493","산업체","0","0","","","상수도전용","0","0","0","0","0","","0","0","N","0","","","",
"782","집단급식소","07_21_02_P","4201000","4201000-105-2001-00068","2000-04-18","","01","영업/정상","01","영업","","","","","033 6442692","","","강원특별자치도 강릉시 교동 1851","강원특별자치도 강릉시 원대로 129 (교동)","25510","율곡초등학교","2017-08-23 18:16:33","I","2023-06-13 00:00:00","학교","365742.825361092","475396.030597392","학교","0","0","","","상수도전용","0","0","0","0","0","","0","0","N","0","","","",
"783","집단급식소","07_21_02_P","4201000","4201000-105-2001-00069","2000-04-21","","01","영업/정상","01","영업","","","","","033 6444011","","","강원특별자치도 강릉시 교동 233","강원특별자치도 강릉시 명륜로 29 (교동)","25491","강릉명륜고등학교","2022-07-19 14:37:32","I","2023-06-13 00:00:00","학교","366927.829109116","475127.185377227","학교","0","0","","","상수도전용","0","0","0","0","0","","0","0","N","0","","","",
"784","집단급식소","07_21_02_P","4201000","4201000-105-2001-00071","2000-05-09","","01","영업/정상","01","영업","","","","","033 6459376","","","강원특별자치도 강릉시 지변동 산 54","강원특별자치도 강릉시 지변길 158 (지변동)","25455","문성고등학교","2017-08-23 18:16:33","I","2023-06-13 00:00:00","학교","364688.143373614","476435.431452033","학교","0","0","","","상수도전용","0","0","0","0","0","","0","0","N","0","","","",
"785","집단급식소","07_21_02_P","4201000","4201000-105-2001-00072","2000-06-19","","01","영업/정상","01","영업","","","","","033 6404323","","","강원특별자치도 강릉시 내곡동 413","강원특별자치도 강릉시 남부로17번길 38 (내곡동)","25604","강릉시보건소","2017-08-23 18:16:33","I","2023-06-13 00:00:00","공공기관","365888.126758378","472814.492234523","공공기관","0","0","","","상수도전용","0","0","0","0","0","","0","0","N","0","","","",
"786","집단급식소","07_21_02_P","4201000","4201000-105-2001-00022","1993-03-12","","01","영업/정상","01","영업","","","","","033 650 8404","151.62","","강원특별자치도 강릉시 입암동 160-3","강원특별자치도 강릉시 성덕포남로 18 (입암동)","25577","중앙초등학교","2018-09-04 10:33:54","I","2023-06-13 00:00:00","학교","369344.062412618","474573.417571445","학교","0","0","","","상수도전용","0","0","0","0","0","","0","0","N","754.51","","","",
"787","집단급식소","07_21_02_P","4201000","4201000-105-2001-00023","1994-03-10","","01","영업/정상","01","영업","","","","","033 6451352","","","강원특별자치도 강릉시 장현동 43-2","강원특별자치도 강릉시 모산로224번길 3 (박월동)","","모산초등학교","2017-08-23 18:16:33","I","2023-06-13 00:00:00","학교","367546.01500752","471620.770370304","학교","0","0","","","상수도전용","0","0","0","0","0","","0","0","N","0","","","",
"788","집단급식소","07_21_02_P","4201000","4201000-105-2001-00024","1994-03-29","","01","영업/정상","01","영업","","","","","033 6416355","174.90","","강원특별자치도 강릉시 교동 1797","강원특별자치도 강릉시 솔올로 90 (교동)","25509","경포초등학교","2017-08-23 18:16:33","I","2023-06-13 00:00:00","학교","365556.082786969","475805.579683068","학교","0","0","","","상수도전용","0","0","0","0","0","","0","0","N","673.2","","","",
"789","집단급식소","07_21_02_P","4201000","4201000-105-2001-00025","1994-10-05","","01","영업/정상","01","영업","","","","","033 6482071","","","강원특별자치도 강릉시 강동면 임곡리 344","강원특별자치도 강릉시 강동면 임곡로 890-14","25629","숲실초등학교","2024-05-07 13:41:31","U","2024-05-09 02:40:00","학교","373673.461804616","465698.97257468","학교","0","0","","","상수도전용","0","0","0","0","0","","0","0","N","0","","","",
"790","집단급식소","07_21_02_P","4201000","4201000-105-2001-00026","1994-10-05","","01","영업/정상","01","영업","","","","","033 6419107","","","강원특별자치도 강릉시 성산면 구산리 154","강원특별자치도 강릉시 성산면 구산길 15","25450","성산초등학교","2017-08-23 18:16:33","I","2023-06-13 00:00:00","학교","361563.58546304","470078.96888576","학교","0","0","","","상수도전용","0","0","0","0","0","","0","0","N","0","","","",
"791","집단급식소","07_21_02_P","4201000","4201000-105-2001-00028","1992-01-06","","01","영업/정상","01","영업","","","","","033 6100147","809.10","","강원특별자치도 강릉시 홍제동 1009 강릉영동대학","강원특별자치도 강릉시 공제로 357, 강릉영동대학 예지인 1관 (홍제동)","25521","강릉영동대학기숙사식당","2023-10-04 15:31:35","U","2023-10-06 02:40:00","기숙사","363548.092915237","473178.824541062","기숙사","0","0","","","상수도전용","0","0","0","0","0","","0","0","N","216","","","",
"792","집단급식소","07_21_02_P","4201000","4201000-105-2001-00029","1993-03-18","","01","영업/정상","01","영업","","","","","033 660 6093","149.64","","강원특별자치도 강릉시 주문진읍 향호리 1187-7","강원특별자치도 강릉시 주문진읍 주문북로 160","25404","신영초등학교","2022-12-08 14:11:49","I","2023-06-13 00:00:00","학교","360162.193093209","490922.204717927","학교","0","0","","","상수도전용","0","0","0","0","0","","0","0","N","67.79","","","",
"793","집단급식소","07_21_02_P","4201000","4201000-105-2001-00030","1993-09-28","","01","영업/정상","01","영업","","","","","033 5340026","","","강원특별자치도 강릉시 옥계면 현내리 344-1","강원특별자치도 강릉시 옥계면 옥계로 1074","25634","옥계초등학교","2017-08-23 18:16:33","I","2023-06-13 00:00:00","학교","379627.641057619","458382.806928992","학교","0","0","","","상수도전용","0","0","0","0","0","","0","0","N","0","","","",
"794","집단급식소","07_21_02_P","4201000","4201000-105-2001-00031","1994-04-07","","01","영업/정상","01","영업","","","","","033 6445351","","","강원특별자치도 강릉시 강동면 정동진리 184","강원특별자치도 강릉시 강동면 헌화로 1055","25631","정동초등학교","2017-08-23 18:16:33","I","2023-06-13 00:00:00","학교","379318.745393393","466926.717714239","학교","0","0","","","상수도전용","0","0","0","0","0","","0","0","N","0","","","",
"795","집단급식소","07_21_02_P","4201000","4201000-105-2001-00032","1994-04-15","","01","영업/정상","01","영업","","","","","033 6457268","","","강원특별자치도 강릉시 강동면 모전리 319-1","강원특별자치도 강릉시 강동면 단경로 20","25627","강동초등학교","2017-08-23 18:16:33","I","2023-06-13 00:00:00","학교","372953.240095679","471007.315155026","학교","0","0","","","상수도전용","0","0","0","0","0","","0","0","N","0","","","",
"796","집단급식소","07_21_02_P","4201000","4201000-105-2001-00033","1994-04-16","","01","영업/정상","01","영업","","","","","033 640 6560","","","강원특별자치도 강릉시 주문진읍 교항리 48-146","강원특별자치도 강릉시 주문진읍 연주로 284-24","25424","사임당교육원","2021-01-12 13:22:37","I","2023-06-13 00:00:00","기타 집단급식소","361040.274972538","487784.428145454","기타 집단급식소","0","0","","","상수도전용","0","0","0","0","0","","0","0","N","0","","","",
"797","집단급식소","07_21_02_P","4201000","4201000-105-2001-00034","1994-03-29","","01","영업/정상","01","영업","","","","","033 6441428","","","강원특별자치도 강릉시 사천면 미노리 407","강원특별자치도 강릉시 사천면 미노길 46","25439","사천초등학교","2017-08-23 18:16:33","I","2023-06-13 00:00:00","학교","362773.998269348","481560.232931551","학교","0","0","","","상수도전용","0","0","0","0","0","","0","0","N","0","","","",
"798","집단급식소","07_21_02_P","4201000","4201000-105-2005-00026","2005-08-12","","01","영업/정상","01","영업","","","","","033 652 2355","17.55","","강원특별자치도 강릉시 학동 262-2","강원특별자치도 강릉시 성덕로213번길 18-7 (학동)","25617","햇빛사랑어린이집","2017-08-23 18:16:33","I","2023-06-13 00:00:00","어린이집","370133.546187246","474576.199559961","어린이집","0","0","","","상수도전용","0","0","0","0","0","","0","0","N","17.55","","","",
"799","집단급식소","07_21_02_P","4201000","4201000-105-2005-00027","2005-08-12","","01","영업/정상","01","영업","","","","","033 6441481","8.10","","강원특별자치도 강릉시 홍제동 636","강원특별자치도 강릉시 사임당로 147-18 (홍제동)","25520","에벤에셀어린이집","2025-05-07 14:46:58","U","2025-05-09 02:40:00","어린이집","364184.813985175","474429.704681472","어린이집","0","0","","","상수도전용","0","0","0","0","0","","0","0","N","16.1","","","",
"800","집단급식소","07_21_02_P","4201000","4201000-105-2015-00002","2015-02-27","","01","영업/정상","01","영업","","","","","033 640 8820","58160.48","","강원특별자치도 강릉시 남문동 164-1","강원특별자치도 강릉시 경강로 2007 (남문동)","25535","강원도립강릉요양병원","2021-01-12 13:24:20","I","2023-06-13 00:00:00","병원","366422.253758707","473561.999489545","병원","0","0","","","상수도전용","0","0","0","0","0","자가","0","0","N","53.32","","","",
"801","집단급식소","07_21_02_P","4201000","4201000-105-2015-00003","2015-03-12","","01","영업/정상","01","영업","","","","","033 641 3562","28.48","","강원특별자치도 강릉시 죽헌동 257","강원특별자치도 강릉시 율곡로3173번길 19 (죽헌동)","25465","프렌비숲유치원","2017-08-23 18:16:33","I","2023-06-13 00:00:00","어린이집","365356.204391795","477118.090552132","어린이집","0","0","","","상수도전용","0","0","0","0","0","","0","0","N","28.48","","","",
"802","집단급식소","07_21_02_P","4201000","4201000-105-2015-00004","2015-04-08","","01","영업/정상","01","영업","","","","","033 651 5688","15.60","","강원특별자치도 강릉시 입암동 711","강원특별자치도 강릉시 입암로29번길 11 (입암동)","25583","더샵어린이집","2017-08-23 18:16:33","I","2023-06-13 00:00:00","어린이집","368227.264785064","473657.391763365","어린이집","0","0","","","상수도전용","0","0","0","0","0","","0","0","N","15.6","","","",
"803","집단급식소","07_21_02_P","4201000","4201000-105-2015-00006","2015-05-26","","01","영업/정상","01","영업","","","","","033 661 6616","146.50","","강원특별자치도 강릉시 주문진읍 1207-21","강원특별자치도 강릉시 주문진읍 농공단지길 40-25","25422","금한산업","2021-01-12 13:21:26","I","2023-06-13 00:00:00","산업체","360718.645502822","486809.117532042","산업체","0","0","","","상수도전용","0","0","0","0","0","","0","0","N","34.5","","","",
"804","집단급식소","07_21_02_P","4201000","4201000-105-2015-00009","2015-07-08","","01","영업/정상","01","영업","","","","","033 643 1801","138.44","","강원특별자치도 강릉시 사천면 방동리 산 40-4","강원특별자치도 강릉시 사천면 방동길 68","25440","강릉시장애인종합복지관","2021-10-20 15:32:41","I","2023-06-13 00:00:00","사회복지시설","363379.880721711","481288.260949084","사회복지시설","0","0","","","상수도전용","0","0","0","0","0","","0","0","N","46.64","","","",
"805","집단급식소","07_21_02_P","4201000","4201000-105-2015-00010","2015-08-11","","01","영업/정상","01","영업","","","","","","15.00","","강원특별자치도 강릉시 홍제동 990-1","강원특별자치도 강릉시 하슬라로20번길 15 (홍제동)","25518","가온유치원","2017-01-03 14:56:12","I","2023-06-13 00:00:00","어린이집","365550.284302381","474280.509612042","어린이집","0","0","","","상수도전용","0","0","0","0","0","자가","0","0","N","15","","","",
"806","집단급식소","07_21_02_P","4201000","4201000-105-2015-00011","2015-09-22","","01","영업/정상","01","영업","","","","","033 640 4285","158.46","","강원특별자치도 강릉시 연곡면 영진리 360-15","강원특별자치도 강릉시 연곡면 연주로 230","25429","북부노인종합복지관","2015-09-22 15:24:03","I","2023-06-13 00:00:00","사회복지시설","361051.128449702","487336.085535542","사회복지시설","0","0","","","상수도전용","0","0","0","0","0","자가","0","0","N","42.52","","","",
"807","집단급식소","07_21_02_P","4201000","4201000-105-2005-00030","2005-08-29","","01","영업/정상","01","영업","","","","","033 6627540","4.32","","강원특별자치도 강릉시 주문진읍 교항리 483-3","강원특별자치도 강릉시 주문진읍 매맥이길 25-8","25423","영광어린이집","2025-05-07 14:48:16","U","2025-05-09 02:40:00","어린이집","360392.389334584","487679.065678383","어린이집","0","0","","","상수도전용","0","0","0","0","0","","0","0","N","46.12","","","",
"808","집단급식소","07_21_02_P","4201000","4201000-105-2005-00031","2005-08-29","","01","영업/정상","01","영업","","","","","033 6463562","7.48","","강원특별자치도 강릉시 지변동 65","강원특별자치도 강릉시 경포로15번길 13-3 (지변동)","25465","착한몬테소리어린이집","2017-08-23 18:16:33","I","2023-06-13 00:00:00","어린이집","365252.210642228","476175.524883396","어린이집","0","0","","","상수도전용","0","0","0","0","0","","0","0","N","50.52","","","",
"809","집단급식소","07_21_02_P","4201000","4201000-105-2005-00033","2005-08-29","","01","영업/정상","01","영업","","","","","033 6626580","26.30","","강원특별자치도 강릉시 주문진읍 교항리 377-3","강원특별자치도 강릉시 주문진읍 교항원길 20-6, 1층","25420","교항어린이집","2021-07-08 14:25:52","I","2023-06-13 00:00:00","어린이집","360223.715515726","488307.31691982","어린이집","0","0","","","상수도전용","0","0","0","0","0","","0","0","N","9","","","",
"810","집단급식소","07_21_02_P","4201000","4201000-105-2005-00034","2005-08-31","","01","영업/정상","01","영업","","","","","033 6538817","18.20","","강원특별자치도 강릉시 입암동 710-1","강원특별자치도 강릉시 성덕포남로 39 (입암동)","25615","입암6주공어린이집","2021-08-05 11:22:51","I","2023-06-13 00:00:00","어린이집","369125.894880409","474509.744467923","어린이집","0","0","","","상수도전용","0","0","0","0","0","","0","0","N","94.55","","","",
"811","집단급식소","07_21_02_P","4201000","4201000-105-2005-00035","2005-09-01","","01","영업/정상","01","영업","","","","","033 6627582","17.92","","강원특별자치도 강릉시 주문진읍 주문리 1153-1","강원특별자치도 강릉시 주문진읍 동해대로 4790","25406","샬롬어린이집","2017-08-23 18:16:33","I","2023-06-13 00:00:00","어린이집","359859.337458971","490485.749180515","어린이집","0","0","","","상수도전용","0","0","0","0","0","","0","0","N","66.98","","","",
"812","집단급식소","07_21_02_P","4201000","4201000-105-2005-00040","2005-09-14","","01","영업/정상","01","영업","","","","","033 6482226","12.03","","강원특별자치도 강릉시 내곡동 430-4","강원특별자치도 강릉시 범일로664번길 20 (내곡동)","25604","사임당어린이집","2017-08-23 18:16:33","I","2023-06-13 00:00:00","어린이집","366057.27540361","472907.742806932","어린이집","0","0","","","상수도전용","0","0","0","0","0","","0","0","N","61.05","","","",
"813","집단급식소","07_21_02_P","4201000","4201000-105-2005-00045","2005-10-21","","01","영업/정상","01","영업","","","","","033 6101171","200.62","","강원특별자치도 강릉시 옥천동 326","강원특별자치도 강릉시 용지로 129 (옥천동)","25552","(의)강릉아나병원","2024-12-10 15:00:07","U","2024-12-12 02:40:00","병원","367629.928350308","474812.329131094","병원","0","0","","","상수도전용","0","0","0","0","0","자가","0","0","N","39","","","",
"814","집단급식소","07_21_02_P","4201000","4201000-105-2015-00013","2015-12-28","","01","영업/정상","01","영업","","","","","033 644 8271","191.00","","강원특별자치도 강릉시 사천면 방동리 415-17","강원특별자치도 강릉시 사천면 방동길 43-4","25440","애지람","2024-03-12 11:42:40","U","2024-03-14 02:40:00","사회복지시설","363323.950685784","481154.167844834","사회복지시설","0","0","","","상수도전용","0","0","0","0","0","","0","0","N","37","","","",
"815","집단급식소","07_21_02_P","4201000","4201000-105-2016-00001","2016-01-21","","01","영업/정상","01","영업","","","","","033 640 9542","241.19","","강원특별자치도 강릉시 병산동 445-5","강원특별자치도 강릉시 공항길20번길 52-1 (병산동)","25617","강원도교육연수원 행정연수부","2021-01-14 10:11:10","I","2023-06-13 00:00:00","공공기관","370891.666042168","474658.100587112","공공기관","0","0","","","상수도전용","0","0","0","0","0","","0","0","N","68.17","","","",
"816","집단급식소","07_21_02_P","4201000","4201000-105-2016-00003","2016-03-04","","01","영업/정상","01","영업","","","","","033 650 0900","180.35","","강원특별자치도 강릉시 포남동 1230-3","강원특별자치도 강릉시 보래미하길 78 (포남동)","25480","솔향유치원","2017-08-23 18:16:33","I","2023-06-13 00:00:00","어린이집","368569.204042521","476493.404178624","어린이집","0","0","","","상수도전용","0","0","0","0","0","","0","0","N","48.2","","","",
"817","집단급식소","07_21_02_P","4201000","4201000-105-2016-00004","2016-03-07","","01","영업/정상","01","영업","","","","","033 649 8840","160.80","","강원특별자치도 강릉시 입암동 677-5","강원특별자치도 강릉시 율곡로2692번길 8 (입암동)","25583","하슬라유치원","2017-08-23 18:16:33","I","2023-06-13 00:00:00","어린이집","368252.497968797","473487.960888931","어린이집","0","0","","","상수도전용","0","0","0","0","0","","0","0","N","40.5","","","",
"818","집단급식소","07_21_02_P","4201000","4201000-105-2016-00005","2016-04-28","","01","영업/정상","01","영업","","","","","033 641 8121","98.20","","강원특별자치도 강릉시 홍제동 1001","강원특별자치도 강릉시 강릉대로 33 (홍제동, 강릉시청)","25522","강릉시청어린이집","2024-05-10 14:04:39","U","2024-05-12 02:40:00","어린이집","365285.615843898","473821.098924361","어린이집","0","0","","","상수도전용","0","0","0","0","0","","0","0","N","18.8","","","",
"819","집단급식소","07_21_02_P","4201000","4201000-105-2016-00006","2016-07-18","","01","영업/정상","01","영업","","","","","033 653 8017","121.30","","강원특별자치도 강릉시 입암동 21-8","강원특별자치도 강릉시 강변로534번길 45 (입암동)","25573","동진버스 주식회사","2023-06-16 09:47:19","U","2023-06-18 02:40:00","산업체","369301.970402504","475434.819358063","산업체","0","0","","","상수도전용","0","0","0","0","0","","0","0","N","33.1","","","",
"820","집단급식소","07_21_02_P","4201000","4201000-105-2016-00007","2016-09-01","","01","영업/정상","01","영업","","","","","033 662 8704","24.12","","강원특별자치도 강릉시 주문진읍 교항리 1175-22","강원특별자치도 강릉시 주문진읍 보리골길 24","25422","자연어린이집","2016-09-01 15:35:18","I","2023-06-13 00:00:00","어린이집","360546.520975876","487145.978164562","어린이집","0","0","","","상수도전용","0","0","0","0","0","","0","0","N","15.12","","","",
"821","집단급식소","07_21_02_P","4201000","4201000-105-2017-00002","2017-02-28","","01","영업/정상","01","영업","","","","","033 650 7590","110.33","","강원특별자치도 강릉시 연곡면 행정리 226-4","강원특별자치도 강릉시 연곡면 진고개로 2265-11","25427","신왕초등학교","2025-01-16 09:57:47","U","2025-01-18 02:40:00","학교","357287.284431373","484927.223010816","학교","0","0","","","상수도전용","0","0","0","0","0","","0","0","N","37.7","","","",
"822","집단급식소","07_21_02_P","4201000","4201000-105-2017-00003","2017-03-20","","01","영업/정상","01","영업","","","","","033 642 1066","31.36","","","강원특별자치도 강릉시 강변로 58 (내곡동)","","밤비니어린이집","2022-01-06 10:55:35","I","2023-06-13 00:00:00","어린이집","365338.35738838","472798.631619517","어린이집","0","0","","","상수도전용","0","0","0","0","0","","0","0","N","12.56","","","",
"823","집단급식소","07_21_02_P","4201000","4201000-105-2017-00006","2017-09-22","","01","영업/정상","01","영업","","","","","033 661 6060","76.70","","강원특별자치도 강릉시 주문진읍 장덕리 246-8","강원특별자치도 강릉시 주문진읍 장덕성황길 72-58","25402","노인요양원참좋은마을","2021-01-12 13:23:15","I","2023-06-13 00:00:00","사회복지시설","357763.303932003","487497.992182429","사회복지시설","0","0","","","상수도전용","0","0","0","0","0","자가","0","0","N","25.7","","","",
"824","집단급식소","07_21_02_P","4201000","4201000-105-2018-00001","2018-01-03","","01","영업/정상","01","영업","","","","","033 660 9000","295.98","","강원특별자치도 강릉시 강문동 1-1","강원특별자치도 강릉시 창해로 307 (강문동)","25467","세인트존스호텔","2022-07-19 14:40:52","I","2023-06-13 00:00:00","기타 집단급식소","369147.462906176","478267.144158212","기타 집단급식소","0","0","","","상수도전용","0","0","0","0","0","","0","0","N","92.6","","","",
"825","집단급식소","07_21_02_P","4201000","4201000-105-2018-00002","2018-01-04","","01","영업/정상","01","영업","","","","","","225.79","","강원특별자치도 강릉시 강문동 258-4 스카이베이 경포호텔","강원특별자치도 강릉시 해안로 476, 스카이베이 경포호텔 (강문동)","25460","스카이베이경포호텔","2021-01-12 11:05:17","I","2023-06-13 00:00:00","기타 집단급식소","367974.951824714","479654.314242201","기타 집단급식소","0","0","","","상수도전용","0","3","0","0","0","","0","0","N","102.19","","","",
"826","집단급식소","07_21_02_P","4201000","4201000-105-2018-00010","2018-02-26","","01","영업/정상","01","영업","","","","","033 650 1821","136.20","","강원특별자치도 강릉시 사천면 석교리 234","강원특별자치도 강릉시 사천면 석교골말길 8, 사천중학교 1층","25434","사천중학교","2018-02-26 16:44:42","I","2023-06-13 00:00:00","학교","362428.194827962","482211.786477316","학교","0","0","","","상수도전용","0","0","0","0","0","","0","0","N","40.7","","","",
"827","집단급식소","07_21_02_P","4201000","4201000-105-2018-00012","2018-12-06","","01","영업/정상","01","영업","","","","","033 6522009","15.80","","강원특별자치도 강릉시 병산동 320-20","강원특별자치도 강릉시 성덕로 101 (병산동)","25617","예쁜꼬마어린이집","2021-08-13 14:41:53","I","2023-06-13 00:00:00","어린이집","370959.19212158","475417.126236198","어린이집","0","0","","","","0","0","0","0","0","","0","0","N","8.8","","","",
"828","집단급식소","07_21_02_P","4201000","4201000-105-2019-00001","2019-03-22","","01","영업/정상","01","영업","","","","","","95.70","","강원특별자치도 강릉시 지변동 123 강릉원주대학교","강원특별자치도 강릉시 죽헌길 7, 강릉원주대학교 (지변동)","25457","강릉원주대학교 해람어린이집","2025-05-30 17:40:22","U","2025-06-01 02:40:00","어린이집","364627.278082023","475810.449226925","어린이집","0","0","","","","0","0","0","0","0","","0","0","N","34.1","","","",
"829","집단급식소","07_21_02_P","4201000","4201000-105-2020-00001","2020-02-24","","01","영업/정상","01","영업","","","","","","335.87","","강원특별자치도 강릉시 교동 1244-5","강원특별자치도 강릉시 경포로100번길 20-1 (교동)","25493","은영노인요양시설","2023-11-29 15:29:23","U","2023-12-01 02:40:00","사회복지시설","366136.727902333","476301.659473796","사회복지시설","0","0","","","상수도전용","0","2","0","0","0","자가","0","0","N","53.73","","","",
"830","집단급식소","07_21_02_P","4201000","4201000-105-2020-00002","2020-02-24","","01","영업/정상","01","영업","","","","","033 642 8818","96.31","","강원특별자치도 강릉시 내곡동 175-4","강원특별자치도 강릉시 남산초교길 112 (내곡동)","25604","착한사랑요양원","2021-01-14 10:19:17","I","2023-06-13 00:00:00","사회복지시설","366379.077932391","472279.01585705","사회복지시설","0","0","","","상수도전용","0","0","0","0","0","","0","0","N","41.3","","","",
"831","집단급식소","07_21_02_P","4201000","4201000-105-2024-00003","2024-06-28","","01","영업/정상","01","영업","","","","","033 6108232","105.46","","강원특별자치도 강릉시 홍제동 577 강릉소방서","강원특별자치도 강릉시 선수촌로 64-28, 강릉소방서 3층 (홍제동)","25522","강릉소방서","2025-05-08 14:41:53","U","2025-05-10 02:40:00","공공기관","364965.84134201","474387.139364461","공공기관","0","0","","","","0","0","0","0","0","자가","0","0","N","25.2","","","",
"832","집단급식소","07_21_02_P","4201000","4201000-105-2024-00002","2024-03-22","","01","영업/정상","01","영업","","","","","","133.84","","강원특별자치도 강릉시 홍제동 604-3","강원특별자치도 강릉시 위촌길 35, 1층 (홍제동)","25520","에이플러스홈노인의료복지시설","2024-05-03 09:16:55","U","2024-05-05 02:40:00","사회복지시설","364011.937207205","474475.674685114","사회복지시설","0","0","","","상수도전용","0","0","0","0","0","자가","0","0","N","32.64","","","",
"833","집단급식소","07_21_02_P","4201000","4201000-105-2024-00001","2024-01-25","","01","영업/정상","01","영업","","","","","033 646 2779","60.56","","강원특별자치도 강릉시 옥천동 155-2","강원특별자치도 강릉시 옥가로7번길 3, 지하1층 (옥천동)","25551","경선효요양원","2024-02-08 09:32:44","U","2024-02-11 02:40:00","사회복지시설","367238.21329558","474457.737265574","사회복지시설","0","0","","","","0","3","0","0","0","","0","0","N","22.52","","","",
"834","집단급식소","07_21_02_P","4201000","4201000-105-2025-00004","2025-07-15","","01","영업/정상","01","영업","","","","","","176.48","","강원특별자치도 강릉시 노암동 318","강원특별자치도 강릉시 노암길41번길 7-3, 1~2층 (노암동)","25587","누리콩어린이집","2025-07-15 14:10:52","I","2025-07-18 00:20:12","어린이집","367391.359646739","473352.817750358","어린이집","0","0","","","","0","0","0","0","0","","0","0","N","11.48","","","",
"835","집단급식소","07_21_02_P","4201000","4201000-105-2025-00003","2025-05-21","","01","영업/정상","01","영업","","","","","","353.52","","강원특별자치도 강릉시 옥계면 현내리 311-2","강원특별자치도 강릉시 옥계면 현내시장길 34, 지하1~지상1층","25634","옥계농협복지센터급식소","2025-08-12 17:29:40","U","2025-08-14 02:40:00","사회복지시설","379855.07783425","458585.750044979","사회복지시설","0","0","","","상수도전용","0","0","0","0","0","","0","0","Y","32.45","","","",
"836","집단급식소","07_21_02_P","4201000","4201000-105-2025-00001","2025-03-06","","01","영업/정상","01","영업","","","","","","57.56","","강원특별자치도 강릉시 포남동 1113 강릉경찰서","강원특별자치도 강릉시 강릉대로 377, 강릉경찰서 1층 (포남동)","25492","강릉경찰서폴키즈어린이집","2025-04-10 17:12:44","U","2025-04-12 02:40:00","어린이집","367920.895328089","475755.692077043","어린이집","0","0","","","","0","0","0","0","0","","0","0","N","23.16","","","",
"837","집단급식소","07_21_02_P","4201000","4201000-105-2025-00002","2025-04-10","","01","영업/정상","01","영업","","","","","","15.00","","강원특별자치도 강릉시 유천동 781 강릉 유천 유승한내들 더퍼스트","강원특별자치도 강릉시 선수촌로 79-14, 101동 1층 (유천동, 강릉 유천 유승한내들 더퍼스트)","25458","유승한내들어린이집","2025-04-10 16:32:36","I","2025-04-12 00:10:01","어린이집","364614.904755231","474635.774944024","어린이집","0","0","","","상수도전용","0","0","0","0","0","","0","0","N","15","","","",
"838","집단급식소","07_21_02_P","4201000","4201000-105-2023-00008","2023-12-26","","01","영업/정상","01","영업","","","","","033 644 3474","169.20","","강원특별자치도 강릉시 홍제동 611","강원특별자치도 강릉시 사임당로107번길 86 (홍제동)","25520","갈바리노인요양원","2024-01-30 10:25:25","U","2024-02-01 02:40:00","사회복지시설","363810.273269369","474426.55663798","사회복지시설","0","0","","","","0","0","0","0","0","","0","0","N","84.15","","","",
"839","집단급식소","07_21_02_P","4201000","4201000-105-2023-00007","2023-11-21","","01","영업/정상","01","영업","","","","","033 651 8866","168.00","","강원특별자치도 강릉시 병산동 545","강원특별자치도 강릉시 성덕로138번길 7, 지하1층 (병산동)","25574","어머니품애요양원","2025-04-21 14:41:07","U","2025-04-23 02:40:00","사회복지시설","370556.36302791","475228.720151551","사회복지시설","0","0","","","","0","27","0","0","0","","0","0","N","58.4","","","",
"840","집단급식소","07_21_02_P","4201000","4201000-105-2024-00004","2024-12-12","","01","영업/정상","01","영업","","","","","033643 1601","142.21","","강원특별자치도 강릉시 홍제동 992-1 강릉시외버스터미널","강원특별자치도 강릉시 하슬라로 27, 강릉시외버스터미널 정비고동 2층 (홍제동)","25519","강원여객자동차(주)구내식당","2025-01-13 09:43:52","U","2025-01-15 02:40:00","산업체","365503.379656422","474089.056243697","산업체","0","0","","","상수도전용","0","0","0","0","0","","0","0","N","47.18","","","",
"841","집단급식소","07_21_02_P","4211000","4211000-105-2001-00001","2001-02-28","","01","영업/정상","01","영업","","","","","033 5215674","104.00","","강원특별자치도 동해시 단봉동 1-1","강원특별자치도 동해시 선돌길 21 (단봉동)","25814","예람중학교","2024-04-08 16:48:23","U","2024-04-10 02:40:00","학교","387780.746547932","444154.808553158","학교","0","0","","","상수도전용","0","0","0","0","0","","0","0","N","256","","","",
"842","집단급식소","07_21_02_P","4211000","4211000-105-2024-00002","2024-08-23","","01","영업/정상","01","영업","","","","","","46.00","","강원특별자치도 동해시 천곡동 995-32 참사랑노인복지원","강원특별자치도 동해시 중앙로 132, 참사랑노인복지원 (천곡동)","25781","참사랑노인복지원","2024-08-23 15:58:41","I","2024-08-25 00:13:12","사회복지시설","387327.549638932","447776.528890365","사회복지시설","0","0","","","","0","1","0","0","0","","0","0","N","46","","","",
"843","집단급식소","07_21_02_P","4211000","4211000-105-2022-00003","2022-10-17","","01","영업/정상","01","영업","","","","","","56.70","","강원특별자치도 동해시 천곡동 997-2 행복드림아파트 어린이집","강원특별자치도 동해시 중앙로 143 (천곡동, 행복드림아파트)","25782","해군1함대 행복Dream 어린이집","2024-04-05 11:19:22","U","2024-04-07 02:40:00","어린이집","387153.460047318","447866.436918794","어린이집","0","0","","","상수도전용","0","1","0","0","0","","0","0","N","20.16","","","",
"844","집단급식소","07_21_02_P","4211000","4211000-105-2002-00004","2002-09-11","","01","영업/정상","01","영업","","","","","033 5213717","124.20","","강원특별자치도 동해시 쇄운동 75","강원특별자치도 동해시 청운로 60 (쇄운동)","25809","청운초등학교","2025-03-18 09:03:49","U","2025-03-20 02:40:00","학교","386024.524954956","444625.413297587","학교","0","0","","","상수도전용","0","0","0","0","0","","0","0","N","492.27","","","",
"845","집단급식소","07_21_02_P","4211000","4211000-105-2003-00002","2003-11-11","","01","영업/정상","01","영업","","","","","033 5306885","123.45","","강원특별자치도 동해시 발한동 147-1","강원특별자치도 동해시 향로3길 42 (발한동)","25727","묵호중학교","2024-04-16 20:19:10","U","2024-04-18 02:40:00","학교","386044.190014389","451116.661764085","학교","0","0","","","상수도전용","0","0","0","0","0","","0","0","N","360.05","","","",
"846","집단급식소","07_21_02_P","4211000","4211000-105-2004-00001","2004-01-16","","01","영업/정상","01","영업","","","","","033 5397196","76.95","","강원특별자치도 동해시 천곡동 831","강원특별자치도 동해시 천곡로 100 (천곡동)","25769","(주)이마트 동해점","2024-04-15 16:11:00","U","2024-04-17 02:40:00","산업체","387085.790410418","448958.829445114","산업체","0","0","","","상수도전용","0","0","0","0","0","","0","0","N","219.68","","","",
"847","집단급식소","07_21_02_P","4211000","4211000-105-2004-00005","2004-12-17","","01","영업/정상","01","영업","","","","","033 5208813","134.64","","강원특별자치도 동해시 동회동 175-3","강원특별자치도 동해시 효자남길 51 (동회동)","25806","북평고등학교","2025-03-18 09:02:25","U","2025-03-20 02:40:00","학교","386343.533500538","445365.095200788","학교","0","0","","","상수도전용","0","0","0","0","0","","0","0","N","538.2","","","",
"848","집단급식소","07_21_02_P","4211000","4211000-105-2005-00003","2005-02-02","","01","영업/정상","01","영업","","","","","033 5218020","37.54","","강원특별자치도 동해시 쇄운동 66-5","강원특별자치도 동해시 청운2길 17-3 (쇄운동)","25809","대동튼튼나라어린이집","2024-10-07 17:38:19","U","2024-10-09 02:40:00","어린이집","386143.00371879","444619.565456755","어린이집","0","0","","","상수도전용","0","0","0","0","0","","0","0","N","37.54","","","",
"849","집단급식소","07_21_02_P","4211000","4211000-105-2005-00004","2005-02-03","","01","영업/정상","01","영업","","","","","033 5315337","6.72","","강원특별자치도 동해시 발한동 589-3","강원특별자치도 동해시 송이고개길 11 (발한동)","25732","리라유치원","2025-02-27 11:13:24","U","2025-03-01 02:40:00","어린이집","385442.034140184","450980.758653786","어린이집","0","0","","","상수도전용","0","0","0","0","0","","0","0","N","11.55","","","",
"850","집단급식소","07_21_02_P","4211000","4211000-105-2005-00008","2005-02-22","","01","영업/정상","01","영업","","","","","033 5327811","15.00","","강원특별자치도 동해시 천곡동 789","강원특별자치도 동해시 천곡로 15-1 (천곡동)","25758","천곡어린이집","2023-04-13 09:11:30","I","2023-06-13 00:00:00","어린이집","386184.427192763","449224.255196129","어린이집","0","0","","","상수도전용","0","0","0","0","0","","0","0","N","37.5","","","",
"851","집단급식소","07_21_02_P","4211000","4211000-105-2005-00012","2005-02-24","","01","영업/정상","01","영업","","","","","033 5356051","7.37","","강원특별자치도 동해시 용정동 265","강원특별자치도 동해시 봉오동길 37 (용정동)","25780","지혜어린이집","2024-04-15 14:37:06","U","2024-04-17 02:40:00","어린이집","387508.349318102","447665.81477857","어린이집","0","0","","","상수도전용","0","0","0","0","0","","0","0","N","27.59","","","",
"852","집단급식소","07_21_02_P","4211000","4211000-105-2005-00013","2005-02-24","","01","영업/정상","01","영업","","","","","033 5352166","12.48","","강원특별자치도 동해시 천곡동 487-10","강원특별자치도 동해시 천곡1길 90 (천곡동)","25756","무지개유치원","2024-05-14 10:10:35","U","2024-05-16 02:40:00","어린이집","386136.717780345","449364.551446278","어린이집","0","0","","","상수도전용","0","0","0","0","0","","0","0","N","12.48","","","",
"853","집단급식소","07_21_02_P","4211000","4211000-105-2005-00016","2005-02-25","","01","영업/정상","01","영업","","","","","033 5216989","14.40","","강원특별자치도 동해시 지흥동 59-2","강원특별자치도 동해시 분토길 70 (지흥동)","25801","한나어린이집","2021-08-20 11:30:23","I","2023-06-13 00:00:00","어린이집","386050.985890838","446227.090348142","어린이집","0","0","","","상수도전용","0","0","0","0","0","","0","0","N","14.4","","","",
"854","집단급식소","07_21_02_P","4211000","4211000-105-2005-00018","2005-02-25","","01","영업/정상","01","영업","","","","","033 5218020","11.02","","강원특별자치도 동해시 동회동 442","강원특별자치도 동해시 청운로 78 (동회동)","25807","대동유치원","2025-03-18 09:04:34","U","2025-03-20 02:40:00","어린이집","386177.814049483","444870.370953969","어린이집","0","0","","","상수도전용","0","0","0","0","0","","0","0","N","11.02","","","",
"855","집단급식소","07_21_02_P","4211000","4211000-105-2005-00020","2005-03-02","","01","영업/정상","01","영업","","","","","033 5215522","8.56","","강원특별자치도 동해시 구미동 596-10","강원특별자치도 동해시 구미택지5길 3 (구미동)","25817","동해어린이집","2025-05-12 14:47:21","U","2025-05-14 02:40:00","어린이집","388101.266865148","443839.494550528","어린이집","0","0","","","상수도전용","0","0","0","0","0","","0","0","N","8.56","","","",
"856","집단급식소","07_21_02_P","4211000","4211000-105-2005-00021","2005-03-11","","01","영업/정상","01","영업","","","","","033 5215553","19.00","","강원특별자치도 동해시 쇄운동 68","강원특별자치도 동해시 청운2길 21 (쇄운동)","25809","솔빛유치원","2025-03-18 09:04:10","U","2025-03-20 02:40:00","어린이집","386160.561597429","444585.218847916","어린이집","0","0","","","상수도전용","0","0","0","0","0","","0","0","N","19","","","",
"857","집단급식소","07_21_02_P","4211000","4211000-105-2005-00022","2005-03-23","","01","영업/정상","01","영업","","","","","033 5317448","10.92","","강원특별자치도 동해시 발한동 498-2","강원특별자치도 동해시 지리골끝길 13 (발한동)","25723","동호어린이집","2025-02-24 16:26:40","U","2025-02-26 02:40:00","어린이집","385565.503374823","451713.884635013","어린이집","0","0","","","상수도전용","0","0","0","0","0","","0","0","N","10.92","","","",
"858","집단급식소","07_21_02_P","4211000","4211000-105-2005-00024","2005-07-20","","01","영업/정상","01","영업","","","","","033 5353353","7.82","","강원특별자치도 동해시 천곡동 393-5","강원특별자치도 동해시 샘실1길 7 (천곡동)","25765","성호유치원","2025-03-18 08:58:10","U","2025-03-20 02:40:00","어린이집","386003.24441591","448534.551167131","어린이집","0","0","","","상수도전용","0","0","0","0","0","","0","0","N","7.82","","","",
"859","집단급식소","07_21_02_P","4211000","4211000-105-2007-00002","2009-09-21","","01","영업/정상","01","영업","","","","","033 5337741","130.82","","강원특별자치도 동해시 천곡동 585 , 1층","강원특별자치도 동해시 덕골길 76-40, 1층 (천곡동)","25750","동해이레요양병원","2025-05-27 13:04:05","U","2025-05-29 02:40:00","병원","385324.062341138","448253.714969029","병원","0","0","","","지하수전용","0","0","0","0","0","","0","0","N","93.06","","","",
"860","집단급식소","07_21_02_P","4211000","4211000-105-2007-00003","2007-03-06","","01","영업/정상","01","영업","","","","","033 5226655","13.02","","강원특별자치도 동해시 쇄운동 158-2","강원특별자치도 동해시 청운로 95 (쇄운동)","25805","한솔어린이집","2025-02-24 16:29:08","U","2025-02-26 02:40:00","어린이집","385849.542924444","444982.39851145","어린이집","0","0","","","상수도전용","0","0","0","0","0","자가","0","0","N","13.02","","","",
"861","집단급식소","07_21_02_P","4211000","4211000-105-2007-00005","2007-11-06","","01","영업/정상","01","영업","","","","","033 5219214","13.20","","강원특별자치도 동해시 쇄운동 458","강원특별자치도 동해시 효자로 565 (쇄운동)","25804","빛선교어린이집","2025-02-24 16:29:27","U","2025-02-26 02:40:00","어린이집","385354.278637527","444954.318984782","어린이집","0","0","","","상수도전용","0","0","0","0","0","임대","0","0","N","13.2","","","",
"862","집단급식소","07_21_02_P","4211000","4211000-105-2008-00001","2008-11-06","","01","영업/정상","01","영업","","","","","033 5335817","45.90","","강원특별자치도 동해시 평릉동 313","강원특별자치도 동해시 평릉길 42 (평릉동)","25747","동명어린이집","2025-02-24 16:29:43","U","2025-02-26 02:40:00","어린이집","385710.323461302","449552.496856561","어린이집","0","0","","","상수도전용","0","0","0","0","0","자가","0","0","N","45.9","","","",
"863","집단급식소","07_21_02_P","4211000","4211000-105-2009-00001","2009-02-24","","01","영업/정상","01","영업","","","","","033 5354319","269.78","","강원특별자치도 동해시 부곡동 171-9","강원특별자치도 동해시 가마골길 19 (부곡동)","25733","우주어린이집","2025-02-24 16:30:06","U","2025-02-26 02:40:00","어린이집","385688.864104276","450261.977210977","어린이집","0","0","","","상수도전용","0","0","0","0","0","임대","0","0","N","18.5","","","",
"864","집단급식소","07_21_02_P","4211000","4211000-105-2009-00002","2009-06-16","","01","영업/정상","01","영업","","","","","033 8203011","771.02","","강원특별자치도 동해시 송정동 1686","강원특별자치도 동해시 대동로 215, 본관동 1층 (송정동)","25812","엘에스전선(주)","2024-05-27 15:51:17","U","2024-05-29 02:40:00","산업체","387338.478607348","445156.362756887","산업체","0","0","","","상수도전용","0","0","0","0","0","","0","0","N","142.33","","","",
"865","집단급식소","07_21_02_P","4211000","4211000-105-1983-00001","1983-09-01","","01","영업/정상","01","영업","","","","","033 5300492","148.76","","강원특별자치도 동해시 평릉동 134","강원특별자치도 동해시 하평로 26 (평릉동)","25751","의료법인 동해동인병원","2024-05-27 16:19:24","U","2024-05-29 02:40:00","병원","386215.362120528","449619.01724887","병원","0","0","","","상수도전용","0","0","0","0","0","","0","0","N","0","","","",
"866","집단급식소","07_21_02_P","4211000","4211000-105-1990-00001","1990-04-03","","01","영업/정상","01","영업","","","","","033 5350463","169.14","","강원특별자치도 동해시 용정동 475-3","강원특별자치도 동해시 봉오주택길 22 (용정동)","25780","동해초등학교","2025-03-18 09:03:19","U","2025-03-20 02:40:00","학교","387426.385595348","447598.972312149","학교","0","0","","","상수도전용","0","0","0","0","0","","0","0","N","0","","","",
"867","집단급식소","07_21_02_P","4211000","4211000-105-1992-00001","1992-04-13","","01","영업/정상","01","영업","","","","","033 5307880","800.06","","강원특별자치도 동해시 평릉동 443","강원특별자치도 동해시 평원로 120 (평릉동)","25737","남호초등학교","2025-03-18 08:54:39","U","2025-03-20 02:40:00","학교","386698.739235348","450090.380807241","학교","0","0","","","상수도전용","0","0","0","0","0","","0","0","N","254.57","","","",
"868","집단급식소","07_21_02_P","4211000","4211000-105-1993-00001","1993-03-24","","01","영업/정상","01","영업","","","","","033 5314391","76.00","","강원특별자치도 동해시 발한동 318","강원특별자치도 동해시 발한천길 30 (발한동)","25723","묵호초등학교","2024-04-16 20:22:06","U","2024-04-18 02:40:00","학교","385739.850585944","452078.547882695","학교","0","0","","","상수도전용","0","0","0","0","0","","0","0","N","0","","","",
"869","집단급식소","07_21_02_P","4211000","4211000-105-2010-00001","2010-05-24","","01","영업/정상","01","영업","","","","","033 5323600","161.68","","강원특별자치도 동해시 천곡동 585-1 , 지하 1층","강원특별자치도 동해시 덕골길 지하 76-39, 지하 1층 (천곡동)","","동해시 장애요양원","2024-11-27 09:53:57","U","2024-11-29 02:40:00","사회복지시설","385307.467747341","448315.720852785","사회복지시설","0","0","","","지하수전용","0","0","0","0","0","","0","0","N","46.58","","","",
"870","집단급식소","07_21_02_P","4211000","4211000-105-2011-00001","2011-05-02","","01","영업/정상","01","영업","","","","","033 5220500","","","강원특별자치도 동해시 단봉동 475-4","강원특별자치도 동해시 강원남부로 4654-1 (단봉동)","25821","삼화사노인요양원","2021-11-15 15:31:27","I","2023-06-13 00:00:00","사회복지시설","387191.456739734","442609.904427639","사회복지시설","0","0","","","상수도전용","0","0","0","0","0","","0","0","N","0","","","",
"871","집단급식소","07_21_02_P","4211000","4211000-105-2012-00001","1974-02-01","","01","영업/정상","01","영업","","","","","033 5201106","577.00","","강원특별자치도 동해시 삼화동 65","강원특별자치도 동해시 효자로 246 (삼화동)","25744","쌍용씨앤이(주)동해공장","2024-11-27 09:57:46","U","2024-11-29 02:40:00","산업체","381746.812920982","444018.613132121","산업체","0","0","","","상수도(음용)지하수(주방용)겸용","0","0","0","0","0","","0","0","N","235","","","",
"872","집단급식소","07_21_02_P","4211000","4211000-105-2012-00003","2012-03-14","","01","영업/정상","01","영업","","","","","033 5218666","17.42","","강원특별자치도 동해시 나안동 118-9","강원특별자치도 동해시 나안1길 2 (나안동)","25810","부영어린이집","2025-02-24 16:30:25","U","2025-02-26 02:40:00","어린이집","386468.764773366","444555.77916089","어린이집","0","0","","","상수도전용","0","0","0","0","0","","0","0","N","17.42","","","",
"873","집단급식소","07_21_02_P","4211000","4211000-105-2012-00004","2012-03-21","","01","영업/정상","01","영업","","","","","033 5202004","60.21","","강원특별자치도 동해시 발한동 253-4","강원특별자치도 동해시 관사길 11 (발한동)","25721","해오름유치원","2025-02-24 16:30:49","U","2025-02-26 02:40:00","어린이집","385964.071869362","451820.668957032","어린이집","0","0","","","상수도전용","0","0","0","0","0","","0","0","N","30.8","","","",
"874","집단급식소","07_21_02_P","4211000","4211000-105-2015-00002","2015-12-21","","01","영업/정상","01","영업","","","","","033 5312500","257.18","","강원특별자치도 동해시 천곡동 884 동해요양병원","강원특별자치도 동해시 중앙로 218, 동해요양병원 지층 (천곡동)","25770","동해요양병원","2024-04-25 21:38:03","U","2024-04-27 02:40:00","병원","386974.192783286","448557.45116627","병원","0","0","","","상수도전용","0","0","0","0","0","","0","0","N","146.12","","","",
"875","집단급식소","07_21_02_P","4211000","4211000-105-2016-00002","2016-03-05","","01","영업/정상","01","영업","","","","","033 5203000","176.44","","강원특별자치도 동해시 단봉동 8","강원특별자치도 동해시 전천로 276-27 (단봉동)","25814","동해랑유치원급식소","2024-04-09 11:43:29","U","2024-04-11 02:40:00","어린이집","387791.460958967","444057.179391381","어린이집","0","0","","","상수도전용","0","0","0","0","0","","0","0","N","51.4","","","",
"876","집단급식소","07_21_02_P","4211000","4211000-105-2017-00001","2017-03-30","","01","영업/정상","01","영업","","","","","033 5343671","87.27","","강원특별자치도 동해시 만우동 300","강원특별자치도 동해시 느릅재길 284, 1층 (만우동, 이레마을노인요양원)","25704","이레마을노인요양원 급식소","2024-09-30 10:29:23","U","2024-10-02 02:40:00","사회복지시설","383639.118456122","452656.011134774","사회복지시설","0","0","","","지하수전용","0","1","0","0","0","자가","0","0","N","40","","","",
"877","집단급식소","07_21_02_P","4211000","4211000-105-2017-00003","2017-07-05","","01","영업/정상","01","영업","","","","","033 5303811","530.20","","강원특별자치도 동해시 평릉동 190","강원특별자치도 동해시 하평로 11, 지하1층 (평릉동, 근로복지공단 동해병원)","25738","근로복지공단 동해병원","2024-04-16 20:37:27","U","2024-04-18 02:40:00","병원","386254.528257327","449765.816314041","병원","0","0","","","상수도전용","0","0","0","0","0","","0","0","N","302.5","","","",
"878","집단급식소","07_21_02_P","4211000","4211000-105-1993-00003","1993-09-22","","01","영업/정상","01","영업","","","","","033 5317243","64.00","","강원특별자치도 동해시 묵호진동 85-7","강원특별자치도 동해시 해맞이길 183 (묵호진동)","25711","창호초등학교","2024-04-08 16:55:54","U","2024-04-10 02:40:00","학교","386221.526318686","452760.115501858","학교","0","0","","","상수도전용","0","0","0","0","0","","0","0","N","0","","","",
"879","집단급식소","07_21_02_P","4211000","4211000-105-1995-00001","1995-06-14","","01","영업/정상","01","영업","","","","","033 5347005","123.75","","강원특별자치도 동해시 이로동 32-12 삼화초등학교","강원특별자치도 동해시 파수길 38 (이로동, 삼화초등학교)","25745","삼화초등학교","2024-12-02 13:39:20","U","2024-12-04 02:40:00","학교","382879.833815303","444561.299362757","학교","0","0","","","상수도전용","0","0","0","0","0","","0","0","N","37.5","","","",
"880","집단급식소","07_21_02_P","4211000","4211000-105-1995-00002","1995-06-24","","01","영업/정상","01","영업","","","","","033 520 3682","157.44","","강원특별자치도 동해시 지흥동 103","강원특별자치도 동해시 지양길 77 (지흥동)","25803","북삼초등학교","2025-03-18 09:01:26","U","2025-03-20 02:40:00","학교","385739.190603359","445730.632709129","학교","0","0","","","상수도전용","0","0","0","0","0","","0","0","N","0","","","",
"881","집단급식소","07_21_02_P","4211000","4211000-105-1996-00001","1996-03-09","","01","영업/정상","01","영업","","","","","033 5215420","208.68","","강원특별자치도 동해시 북평동 25-6 북평초등학교","강원특별자치도 동해시 오일장1길 2 (북평동, 북평초등학교)","","북평초등학교","2024-04-15 09:50:33","U","2024-04-17 02:40:00","학교","387839.893387265","444339.492149332","학교","0","0","","","상수도전용","0","0","0","0","0","","0","0","N","251.92","","","",
"882","집단급식소","07_21_02_P","4211000","4211000-105-1996-00002","1996-03-09","","01","영업/정상","01","영업","","","","","033 5329190","139.02","","강원특별자치도 동해시 발한동 565-2","강원특별자치도 동해시 발한로 123 (발한동)","25724","동호초등학교","2024-05-09 18:39:51","U","2024-05-11 02:40:00","학교","385539.51772217","451158.788525204","학교","0","0","","","상수도전용","0","0","0","0","0","","0","0","N","171.36","","","",
"883","집단급식소","07_21_02_P","4211000","4211000-105-1996-00003","1996-03-22","","01","영업/정상","01","영업","","","","","033 5343075","40.80","","강원특별자치도 동해시 망상동 353-1","강원특별자치도 동해시 동해대로 6251 (망상동)","25701","망상초등학교","2024-04-15 14:41:46","U","2024-04-17 02:40:00","학교","384560.039097069","456302.124135227","학교","0","0","","","상수도전용","0","0","0","0","0","","0","0","N","219.86","","","",
"884","집단급식소","07_21_02_P","4211000","4211000-105-1996-00004","1996-03-26","","01","영업/정상","01","영업","","","","","033 5216545","69.61","","강원특별자치도 동해시 송정동 1058","강원특별자치도 동해시 동해역길 25 (송정동)","25785","송정초등학교","2024-04-25 21:32:41","U","2024-04-27 02:40:00","학교","387674.529223785","445694.424395817","학교","0","0","","","상수도전용","0","0","0","0","0","","0","0","N","221.19","","","",
"885","집단급식소","07_21_02_P","4211000","4211000-105-1996-00005","1996-05-16","","01","영업/정상","01","영업","","","","","033 5306766","186.40","","강원특별자치도 동해시 천곡동 320-1","강원특별자치도 동해시 동굴로 33 (천곡동)","25775","천곡초등학교","2025-03-18 09:00:57","U","2025-03-20 02:40:00","학교","386295.563683953","448244.907551689","학교","0","0","","","상수도전용","0","0","0","0","0","","0","0","N","210.4","","","",
"886","집단급식소","07_21_02_P","4211000","4211000-105-1997-00001","1997-02-25","","01","영업/정상","01","영업","","","","","033 5326294","171.58","","강원특별자치도 동해시 천곡동 793","강원특별자치도 동해시 천곡로 35 (천곡동)","25758","동해중앙초등학교","2024-04-08 17:28:33","U","2024-04-10 02:40:00","학교","386374.561127005","449093.871527813","학교","0","0","","","상수도전용","0","0","0","0","0","","0","0","N","0","","","",
"887","집단급식소","07_21_02_P","4211000","4211000-105-1999-00001","1999-04-15","","01","영업/정상","01","영업","","","","","033 5332634","129.20","","강원특별자치도 동해시 발한동 620-3","강원특별자치도 동해시 느릅재길 65 (발한동)","25740","동해상업고등학교","2024-05-27 16:31:03","U","2024-05-29 02:40:00","학교","385047.821207045","451137.286427616","학교","0","0","","","상수도전용","0","0","0","0","0","","0","0","N","308.93","","","",
"888","집단급식소","07_21_02_P","4211000","4211000-105-1999-00002","1999-06-25","","01","영업/정상","01","영업","","","","","07040004853","65.86","","강원특별자치도 동해시 천곡동 566-3","강원특별자치도 동해시 동해대로 5367 (천곡동)","25750","동해삼육중고등학교","2025-03-18 08:57:01","U","2025-03-20 02:40:00","학교","385627.209737502","448699.907132682","학교","0","0","","","상수도전용","0","0","0","0","0","","0","0","N","286.29","","","",
"889","집단급식소","07_21_02_P","4211000","4211000-105-1999-00006","1999-08-16","","01","영업/정상","01","영업","","","","","033 5317870","177.00","","강원특별자치도 동해시 천곡동 320","강원특별자치도 동해시 동굴로 55 (천곡동)","25775","북평여자고등학교","2025-03-18 09:00:12","U","2025-03-20 02:40:00","학교","386400.048681391","448314.040476015","학교","0","0","","","상수도전용","0","0","0","0","0","","0","0","N","354","","","",
"890","집단급식소","07_21_02_P","4211000","4211000-105-1999-00007","1999-08-27","","01","영업/정상","01","영업","","","","","033 5317108","125.71","","강원특별자치도 동해시 부곡동 217","강원특별자치도 동해시 승지로 37 (부곡동)","25741","묵호고등학교","2024-04-25 21:46:26","U","2024-04-27 02:40:00","학교","385179.302081347","450472.94031904","학교","0","0","","","상수도전용","0","0","0","0","0","","0","0","N","151.06","","","",
"891","집단급식소","07_21_02_P","4211000","4211000-105-2000-00001","2000-04-03","","01","영업/정상","01","영업","","","","","033 5207206","42.48","","강원특별자치도 동해시 효가동 363-8","강원특별자치도 동해시 동해대로 5143 (효가동)","25801","동해금강요양병원","2019-12-04 10:34:45","I","2023-06-13 00:00:00","병원","386195.709266966","446636.179304561","병원","0","0","","","상수도전용","0","0","0","0","0","","0","0","N","63.72","","","",
"892","집단급식소","07_21_02_P","4211000","4211000-105-2000-00002","2000-06-07","","01","영업/정상","01","영업","","","","","033 5309000","44.80","","강원특별자치도 동해시 천곡동 84-14","강원특별자치도 동해시 감추7길 50 (천곡동)","25781","동해시노인종합복지관급식소","2025-06-25 16:49:56","U","2025-06-27 02:40:00","사회복지시설","387615.613282017","447989.807083367","사회복지시설","0","0","","","상수도전용","0","0","0","0","0","","0","0","N","168.12","","","",
"893","집단급식소","07_21_02_P","4211000","4211000-105-2001-00002","2001-03-03","","01","영업/정상","01","영업","","","","","033 5337821","179.68","","강원특별자치도 동해시 발한동 377","강원특별자치도 동해시 발한로 347 (발한동)","25713","하랑중학교","2024-04-16 20:25:07","U","2024-04-18 02:40:00","학교","385698.192688778","452900.759205172","학교","0","0","","","상수도전용","0","0","0","0","0","","0","0","N","615.6","","","",
"894","집단급식소","07_21_02_P","4211000","4211000-105-2001-00004","2001-03-13","","01","영업/정상","01","영업","","","","","033 5211290","126.00","","강원특별자치도 동해시 용정동 470","강원특별자치도 동해시 용정로 40-7 (용정동)","25785","북평중학교","2025-03-18 09:02:53","U","2025-03-20 02:40:00","학교","387087.812159157","446086.931868646","학교","0","0","","","상수도전용","0","0","0","0","0","","0","0","N","504","","","",
"895","집단급식소","07_21_02_P","4211000","4211000-105-2017-00004","2017-11-17","","01","영업/정상","01","영업","","","","","033 5307229","374.32","","강원특별자치도 동해시 용정동 78-1 동부메탈 26동","강원특별자치도 동해시 숫골길 17, 26동 (용정동)","25784","(주)디비메탈 동해공장 급식소","2024-04-25 21:42:04","U","2024-04-27 02:40:00","산업체","387479.826237115","446593.159596979","산업체","0","0","","","상수도전용","0","0","0","0","0","","0","0","N","85","","","",
"896","집단급식소","07_21_02_P","4211000","4211000-105-2018-00001","2018-03-08","","01","영업/정상","01","영업","","","","","033 5226230","19.41","","강원특별자치도 동해시 지가동 77-5 동해지방해양경찰청 어린이집","강원특별자치도 동해시 이원길 156, 동해지방해양경찰청어린이집 (지가동)","25820","동해지방해양경찰청 어린이집","2021-11-17 16:42:08","I","2023-06-13 00:00:00","어린이집","386446.855843425","443501.1005916","어린이집","0","0","","","상수도전용","0","0","0","0","0","","0","0","N","19.41","","","",
"897","집단급식소","07_21_02_P","4211000","4211000-105-2018-00002","2018-04-30","","01","영업/정상","01","영업","","","","","033 5346844","154.13","","강원특별자치도 동해시 발한동 198-3 묵호노인종합복지관","강원특별자치도 동해시 향로2길 48, 묵호노인종합복지관 1층 (발한동)","25727","묵호노인종합복지관","2024-04-25 21:50:23","U","2024-04-27 02:40:00","사회복지시설","386096.161797053","451311.337003025","사회복지시설","0","0","","","상수도전용","0","0","0","0","0","","0","0","N","36.54","","","",
"898","집단급식소","07_21_02_P","4211000","4211000-105-2018-00003","2018-10-12","","01","영업/정상","01","영업","","","","","07050006113","292.05","","강원특별자치도 동해시 구호동 231","강원특별자치도 동해시 공단9로 145, 종합사무실 지하층 (구호동)","25797","한국동서발전(주) 동해발전본부 구내식당","2024-12-30 18:54:58","U","2025-01-03 02:40:00","공공기관","389713.263176334","444719.463998415","공공기관","0","0","","","","0","0","0","0","0","","0","0","N","54.45","","","",
"899","집단급식소","07_21_02_P","4211000","4211000-105-2018-00004","2018-11-27","","01","영업/정상","01","영업","","","","","033 5357455","28.63","","강원특별자치도 동해시 천곡동 1051-10 동해근로복지공단어린이집","강원특별자치도 동해시 샘실3길 21, 근로복지공단 동해어린이집 (천곡동)","25766","근로복지공단 동해어린이집","2024-04-25 21:48:38","U","2024-04-27 02:40:00","어린이집","386157.582944695","448557.876637065","어린이집","0","0","","","상수도전용","0","0","0","0","0","","0","0","N","28.63","","","",
"900","집단급식소","07_21_02_P","4211000","4211000-105-2019-00004","2019-08-01","","01","영업/정상","01","영업","","","","","07082283412","382.50","","강원특별자치도 동해시 구호동 246 GS동해전력","강원특별자치도 동해시 공단4로 36, GS동해전력 사무동 1층 (구호동)","25799","(주)지에스동해전력","2019-12-04 10:52:31","I","2023-06-13 00:00:00","산업체","389879.389447498","443866.815521936","산업체","0","0","","","상수도전용","0","0","0","0","0","","0","0","N","70.97","","","",
"901","집단급식소","07_21_02_P","4211000","4211000-105-2020-00001","2020-01-03","","01","영업/정상","01","영업","","","","","07051262661","96.28","","강원특별자치도 동해시 천곡동 888 한마음병원","강원특별자치도 동해시 중앙로 210, 한마음병원 6층 (천곡동)","25770","한마음병원","2021-01-13 14:41:33","I","2023-06-13 00:00:00","병원","386995.199984986","448481.419892167","병원","0","0","","","상수도전용","0","0","0","0","0","임대","0","0","N","32.74","","","",
"902","집단급식소","07_21_02_P","4211000","4211000-105-2020-00002","2020-02-07","","01","영업/정상","01","영업","","","","","033 5331056","18.90","","강원특별자치도 동해시 묵호진동 1-162 묵호어린이집","강원특별자치도 동해시 논골길 72, 묵호어린이집 제1동 1층 (묵호진동)","25717","공립묵호어린이집","2021-11-17 11:05:42","I","2023-06-13 00:00:00","어린이집","386781.109073144","452767.035488517","어린이집","0","0","","","상수도전용","0","0","0","0","0","임대","0","0","N","18.9","","","",
"903","집단급식소","07_21_02_P","4211000","4211000-105-2020-00003","2020-02-13","","01","영업/정상","01","영업","","","","","033 5322024","102.83","","강원특별자치도 동해시 부곡동 232 시립노인요양원","강원특별자치도 동해시 승지로 60-5, 시립노인요양원 (부곡동)","25741","동해시 노인요양원","2024-04-25 22:00:35","U","2024-04-27 02:40:00","사회복지시설","385032.817867355","450707.706378469","사회복지시설","0","0","","","상수도전용","0","0","0","0","0","임대","0","0","N","38.56","","","",
"904","집단급식소","07_21_02_P","4211000","4211000-105-2021-00001","2021-01-20","","01","영업/정상","01","영업","","","","","033 5343541","760.14","","강원특별자치도 동해시 망상동 459-10 동해망상실버타운","강원특별자치도 동해시 석두골길 145, 동해망상실버타운 실버타운동 지1층 (망상동)","25701","동해약천온천실버타운","2024-05-27 15:57:07","U","2024-05-29 02:40:00","사회복지시설","382515.369775451","456595.119749026","사회복지시설","0","0","","","지하수전용","0","0","0","0","0","","0","0","N","144.9","","","",
"905","집단급식소","07_21_02_P","4211000","4211000-105-2021-00002","2021-02-23","","01","영업/정상","01","영업","","","","","033 5212442","18.26","","강원특별자치도 동해시 북평동 327 e편한세상 동해","강원특별자치도 동해시 단봉길 39, 1층 (북평동, e편한세상 동해)","25814","북평e편한어린이집","2021-11-17 11:08:32","I","2023-06-13 00:00:00","어린이집","387641.262500153","443993.690106734","어린이집","0","0","","","상수도전용","0","0","0","0","0","임대","0","0","N","18.26","","","",
"906","집단급식소","07_21_02_P","4211000","4211000-105-2021-00003","2021-11-29","","01","영업/정상","01","영업","","","","","033 5347744","87.88","","강원특별자치도 동해시 발한동 481-4","강원특별자치도 동해시 발한천길 41-1 (발한동)","25723","동해이레복지센터","2024-05-09 18:41:24","U","2024-05-11 02:40:00","사회복지시설","385592.350555288","452057.321111699","사회복지시설","0","0","","","","0","0","0","0","0","자가","0","0","N","37.64","","","",
"907","집단급식소","07_21_02_P","4211000","4211000-105-2022-00001","2022-02-25","","01","영업/정상","01","영업","","","","","033 5303412","330.84","","강원특별자치도 동해시 부곡동 12-26 동해해솔학교","강원특별자치도 동해시 부곡5길 14, 동해해솔학교 (부곡동)","25736","동해해솔학교","2024-05-31 15:33:59","U","2024-06-02 02:40:00","학교","386441.073060611","450467.688432773","학교","0","0","","","상수도전용","0","0","0","0","0","","0","0","N","61.45","","","",
"908","집단급식소","07_21_02_P","4211000","4211000-105-2022-00002","2022-07-26","","01","영업/정상","01","영업","","","","","033 5302054","476.00","","강원특별자치도 동해시 천곡동 806 동해시청","강원특별자치도 동해시 천곡로 77, 동해시청 지하 1층 (천곡동)","25755","동해시청","2024-07-31 11:40:00","U","2024-08-02 02:40:00","공공기관","386859.025909753","449055.410717399","공공기관","0","0","","","","0","0","0","0","0","","0","0","N","124","","","",
"909","집단급식소","07_21_02_P","4211000","4211000-105-2002-00001","2002-03-08","","01","영업/정상","01","영업","","","","","033 5352615","444.65","","강원특별자치도 동해시 발한동 537-3","강원특별자치도 동해시 느릅재길 37 (발한동)","25732","동해중학교","2024-04-08 17:03:23","U","2024-04-10 02:40:00","학교","385313.716487533","451082.280163979","학교","0","0","","","상수도전용","0","0","0","0","0","","0","0","N","0","","","",
"910","집단급식소","07_21_02_P","4211000","4211000-105-2002-00002","2002-03-05","","01","영업/정상","01","영업","","","","","033 5200798","140.00","","강원특별자치도 동해시 동회동 130-3","강원특별자치도 동해시 청운로 112 (동회동)","25806","동해광희중고등학교","2024-04-15 14:25:12","U","2024-04-17 02:40:00","학교","386041.05735216","445212.478067904","학교","0","0","","","상수도전용","0","0","0","0","0","","0","0","N","490","","","",
"911","집단급식소","07_21_02_P","4211000","4211000-105-2025-00002","2025-08-05","","01","영업/정상","01","영업","","","","","033 6802715","161.70","","강원특별자치도 동해시 지가동 77-5 동해지방해양경찰청","강원특별자치도 동해시 이원길 156, 동해지방해양경찰청 지하층 (지가동)","25820","동해지방해양경찰청","2025-08-05 12:21:14","I","2025-08-07 00:20:02","공공기관","386446.855843425","443501.1005916","공공기관","0","0","","","상수도전용","0","0","0","0","0","자가","0","0","N","90.44","","","",
"912","집단급식소","07_21_02_P","4211000","4211000-105-2025-00001","2025-05-27","","01","영업/정상","01","영업","","","","","033 5352700","88.00","","강원특별자치도 동해시 발한동 240-108 A+동해노인돌봄통합센터","강원특별자치도 동해시 지리2길 29, A+동해노인돌봄통합센터 지1층 (발한동)","25721","에이플러스(A+)동해노인돌봄통합센터","2025-05-28 08:32:19","I","2025-05-30 00:20:40","사회복지시설","385927.820832631","451623.211453076","사회복지시설","0","0","","","상수도전용","0","0","0","0","0","자가","0","0","N","35.99","","","",
"913","집단급식소","07_21_02_P","4221000","4221000-105-1999-00005","1999-10-20","","01","영업/정상","01","영업","","","","","033 550 6514","311.90","","강원특별자치도 태백시 황지동 59-2","강원특별자치도 태백시 문예길 22 (황지동)","26017","황지정보산업고등학교급식소","2024-11-20 13:16:15","U","2024-11-23 02:40:00","학교","376513.985749331","409237.860041261","학교","0","0","","","상수도전용","0","0","0","0","0","","0","0","N","0","","","",
"914","집단급식소","07_21_02_P","4221000","4221000-105-1977-00001","1977-06-02","","01","영업/정상","01","영업","","","","","033 580 3265","397.56","","강원특별자치도 태백시 장성동 195","강원특별자치도 태백시 보드미길 8 (장성동)","26052","근로복지공단태백병원","2024-05-03 11:42:32","U","2024-05-05 02:40:00","병원","378094.499102264","402124.576851536","병원","0","0","","","상수도전용","0","9","0","0","0","","0","0","N","208.5","","","",
"915","집단급식소","07_21_02_P","4221000","4221000-105-1984-00001","1984-03-01","","01","영업/정상","01","영업","","","","","033 580 5815","427.23","","강원특별자치도 태백시 장성동 110-1 4통4반","강원특별자치도 태백시 평화길 8-24 (장성동)","26047","한국항공고등학교","2024-11-20 13:21:15","U","2024-11-23 02:40:00","기숙사","379601.42548788","401509.566659919","기숙사","0","0","","","상수도전용","0","0","0","0","0","","0","0","N","0","","","",
"916","집단급식소","07_21_02_P","4221000","4221000-105-1985-00001","1985-01-10","","01","영업/정상","01","영업","","","","","033 552 6653","165.00","","강원특별자치도 태백시 황지동 270-1 4통3반","강원특별자치도 태백시 광장로 6 (황지동)","26007","영암고속(주)급식소","2024-12-27 13:27:33","U","2024-12-29 02:40:00","산업체","376268.905091342","410150.688450577","산업체","0","0","","","상수도전용","0","0","0","0","0","","0","0","N","0","","","",
"917","집단급식소","07_21_02_P","4221000","4221000-105-1988-00001","1988-04-25","","01","영업/정상","01","영업","","","","","033 552 1340","273.12","","강원특별자치도 태백시 소도동 5-5","강원특별자치도 태백시 소도길 69 (소도동)","26043","함태초등학교급식소","2024-04-02 16:32:25","U","2024-04-04 02:40:00","학교","375572.536192648","405913.227739827","학교","0","0","","","상수도전용","0","0","0","0","0","","0","0","N","0","","","",
"918","집단급식소","07_21_02_P","4221000","4221000-105-1993-00001","1993-03-16","","01","영업/정상","01","영업","","","","","033 550 8883","433.00","","강원특별자치도 태백시 황지동 123-1 1통8반","강원특별자치도 태백시 태백로 1223 (황지동)","26040","상장초등학교급식소","2024-04-01 11:30:05","U","2024-04-03 02:40:00","학교","376985.594150985","407109.133639339","학교","0","0","","","상수도전용","0","0","0","0","0","","0","0","N","0","","","",
"919","집단급식소","07_21_02_P","4221000","4221000-105-1994-00001","1994-05-06","","01","영업/정상","01","영업","","","","","07046309109","132.00","","강원특별자치도 태백시 장성동 31-4","강원특별자치도 태백시 평화길 44 (장성동)","26047","삼성초등학교급식소","2024-11-20 13:13:25","U","2024-11-23 02:40:00","학교","379905.917453848","401462.038509678","학교","0","0","","","상수도전용","0","0","0","0","0","","0","0","N","0","","","",
"920","집단급식소","07_21_02_P","4221000","4221000-105-1995-00001","1995-03-22","","01","영업/정상","01","영업","","","","","033 580 0590","345.60","","강원특별자치도 태백시 장성동 153-1","강원특별자치도 태백시 보드미길 26 (장성동)","26052","장성초등학교급식소","2024-11-20 13:11:55","U","2024-11-23 02:40:00","학교","378291.811431461","401959.920239036","학교","0","0","","","상수도전용","0","0","0","0","0","","0","0","N","0","","","",
"921","집단급식소","07_21_02_P","4221000","4221000-105-1995-00002","1995-03-28","","01","영업/정상","01","영업","","","","","07050392404","270.00","","강원특별자치도 태백시 장성동 207-2","강원특별자치도 태백시 태백로 1811 (장성동)","26050","태백초등학교급식소","2024-11-20 13:12:21","U","2024-11-23 02:40:00","학교","378149.016109548","402531.529089863","학교","0","0","","","상수도전용","0","0","0","0","0","","0","0","N","0","","","",
"922","집단급식소","07_21_02_P","4221000","4221000-105-1996-00001","1996-03-05","","01","영업/정상","01","영업","","","","","033 5525460","283.00","","강원특별자치도 태백시 황지동 274-10","강원특별자치도 태백시 태백로 810 (황지동)","26025","황지중앙초등학교급식소","2024-11-20 13:00:19","U","2024-11-23 02:40:00","학교","376121.753066142","410531.978159125","학교","0","0","","","상수도전용","0","0","0","0","0","","0","0","N","0","","","",
"923","집단급식소","07_21_02_P","4221000","4221000-105-1996-00002","1996-03-07","","01","영업/정상","01","영업","","","","","033 550 1593","672.00","","강원특별자치도 태백시 황지동 85-1","강원특별자치도 태백시 황지로 63 (황지동)","26020","황지초등학교급식소","2024-11-20 12:59:46","U","2024-11-23 02:40:00","학교","376721.052674014","408743.21144578","학교","0","0","","","상수도전용","0","0","0","0","0","","0","0","N","0","","","",
"924","집단급식소","07_21_02_P","4221000","4221000-105-1996-00003","1996-03-14","","01","영업/정상","01","영업","","","","","033 550 0135","198.00","","강원특별자치도 태백시 통동 69-8","강원특별자치도 태백시 통골2길 9 (통동)","26029","통리초등학교급식소","2024-11-20 13:05:22","U","2024-11-23 02:40:00","학교","380743.284285965","409091.37523321","학교","0","0","","","상수도전용","0","0","0","0","0","","0","0","N","0","","","",
"925","집단급식소","07_21_02_P","4221000","4221000-105-1997-00001","1997-07-14","","01","영업/정상","01","영업","","","","","033 580 3265","179.25","","강원특별자치도 태백시 장성동 195","강원특별자치도 태백시 보드미길 8 (장성동)","26052","태백병원직원급식소","2024-05-03 11:46:28","U","2024-05-05 02:40:00","병원","378094.499102264","402124.576851536","병원","0","0","","","상수도전용","0","0","0","0","0","","0","0","N","44.54","","","",
"926","집단급식소","07_21_02_P","4221000","4221000-105-1999-00002","1999-06-02","","01","영업/정상","01","영업","","","","","033 580 9107","321.00","","강원특별자치도 태백시 철암동 산 61-12","강원특별자치도 태백시 상철암길 10-32 (철암동)","26046","철암중고등학교급식소","2024-04-01 11:45:10","U","2024-04-03 02:40:00","학교","381637.006935232","404258.587197903","학교","0","0","","","상수도전용","0","0","0","0","0","","0","0","N","0","","","",
"927","집단급식소","07_21_02_P","4221000","4221000-105-1999-00004","1999-11-03","","01","영업/정상","01","영업","","","","","033 580 5078","238.68","","강원특별자치도 태백시 문곡동 33-7","강원특별자치도 태백시 일광마을길 8-12 (문곡동)","26044","장성여자고등학교급식소","2024-11-20 13:20:52","U","2024-11-23 02:40:00","학교","378163.647403976","404542.019187187","학교","0","0","","","상수도전용","0","0","0","0","0","","0","0","N","0","","","",
"928","집단급식소","07_21_02_P","4221000","4221000-105-2000-00001","2000-03-30","","01","영업/정상","01","영업","","","","","033 550 0717","387.34","","강원특별자치도 태백시 황지동 232 황지고등학교","강원특별자치도 태백시 번영로 179, 황지고등학교 (황지동)","26033","황지고등학교급식소","2024-11-20 13:19:51","U","2024-11-23 02:40:00","학교","376251.214179823","408367.344446827","학교","0","0","","","상수도전용","0","0","0","0","0","","0","0","N","64.39","","","",
"929","집단급식소","07_21_02_P","4221000","4221000-105-2000-00004","2000-09-29","","01","영업/정상","01","영업","","","","","033 550 5113","397.00","","강원특별자치도 태백시 황지동 59-163","강원특별자치도 태백시 문화로 16 (황지동)","26018","황지중학교급식소","2024-11-20 13:13:54","U","2024-11-23 02:40:00","학교","376500.349333915","409045.163908408","학교","0","0","","","상수도전용","0","0","0","0","0","","0","0","N","0","","","",
"930","집단급식소","07_21_02_P","4221000","4221000-105-2016-00001","2016-03-08","","01","영업/정상","01","영업","","","","","033 550 9609","174.07","","","강원특별자치도 태백시 서학로 997 (황지동)","26035","하늘빛유치원","2024-11-20 12:59:21","U","2024-11-23 02:40:00","어린이집","375350.317319512","407891.031861759","어린이집","0","0","","","상수도전용","0","0","0","0","0","","0","0","N","76.45","","","",
"931","집단급식소","07_21_02_P","4221000","4221000-105-2016-00002","2016-07-01","","01","영업/정상","01","영업","","","","","033 553 7055","38.32","","강원특별자치도 태백시 황지동 62-3 김수일신경외과","강원특별자치도 태백시 황지로 90, 고려의원 (황지동)","26014","김수일신경외과","2024-02-01 16:14:42","U","2024-02-03 02:40:00","병원","376879.423064214","409069.061701021","병원","0","0","","","상수도전용","0","0","0","0","0","","0","0","N","38.32","","","",
"932","집단급식소","07_21_02_P","4221000","4221000-105-2016-00003","2016-09-29","","01","영업/정상","01","영업","","","","","033 553 9100","42.35","","강원특별자치도 태백시 황지동 87-12","강원특별자치도 태백시 황지로 23 (황지동)","26022","신태백병원급식소","2024-05-21 15:40:50","U","2024-05-23 02:40:00","병원","376716.501399568","408437.881493706","병원","0","0","","","상수도전용","0","0","0","0","0","","0","0","N","32.51","","","",
"933","집단급식소","07_21_02_P","4221000","4221000-105-2016-00005","2016-12-22","","01","영업/정상","01","영업","","","","","033 580 0226","180.00","","강원특별자치도 태백시 동점동 산 2","강원특별자치도 태백시 동태백로 289-48 (동점동)","26048","강원도소방학교","2025-02-14 10:11:02","U","2025-02-16 02:40:00","학교","","","학교","0","0","","","상수도전용","0","0","0","0","0","","0","0","N","41.7","","","",
"934","집단급식소","07_21_02_P","4221000","4221000-105-2017-00001","2017-01-19","","01","영업/정상","01","영업","","","","","033 553 0982","51.72","","강원특별자치도 태백시 황지동 421-11","강원특별자치도 태백시 고요숲길 15 (황지동)","26035","태백노인전문요양원","2025-04-18 14:58:29","U","2025-04-20 02:40:00","사회복지시설","375728.796364423","407557.48579359","사회복지시설","0","0","","","상수도전용","0","5","0","0","0","","0","0","N","51.72","","","",
"935","집단급식소","07_21_02_P","4221000","4221000-105-2017-00002","2017-03-14","","01","영업/정상","01","영업","","","","","070 70065160","53.42","","강원특별자치도 태백시 황지동 153-1","강원특별자치도 태백시 지지리골길 17 (황지동)","26036","하이원태백어린이집","2024-04-02 17:14:12","U","2024-04-04 02:40:00","어린이집","375731.273771613","406440.811349241","어린이집","0","0","","","상수도전용","0","5","0","0","0","자가","0","0","N","50.17","","","",
"936","집단급식소","07_21_02_P","4221000","4221000-105-2019-00001","2019-03-14","","01","영업/정상","01","영업","","","","","070 48956498","157.84","","강원특별자치도 태백시 원동 6-3 미동초교","강원특별자치도 태백시 역둔원동로 1405, 미동초교 신관 (원동)","26001","미동초등학교급식소","2024-04-02 16:47:03","U","2024-04-04 02:40:00","학교","375920.276338164","418981.297974679","학교","0","0","","","상수도전용","0","0","0","0","0","","0","0","N","42.12","","","",
"937","집단급식소","07_21_02_P","4221000","4221000-105-2020-00001","2020-03-02","","01","영업/정상","01","영업","","","","","033 580 5270","0.00","","강원특별자치도 태백시 철암동 323-11 강원케어센터","강원특별자치도 태백시 상철암길 10-31, 강원케어센터 (철암동)","26046","태백요양병원부설케어센터장","2024-05-28 16:51:05","U","2024-05-30 02:40:00","사회복지시설","381734.560016223","404410.756477179","사회복지시설","0","0","","","상수도전용","0","0","0","0","0","","0","0","N","0","","","",
"938","집단급식소","07_21_02_P","4221000","4221000-105-2020-00003","2020-06-09","","01","영업/정상","01","영업","","","","","033 580 1234","121.82","","강원특별자치도 태백시 화전동 113","강원특별자치도 태백시 굴거랑길 4 (화전동)","26003","(주)이마트태백점","2024-06-20 11:23:20","U","2024-06-22 02:40:00","산업체","374110.235734391","412725.109444359","산업체","0","0","","","상수도전용","0","0","0","0","0","","0","0","N","38.13","","","",
"939","집단급식소","07_21_02_P","4221000","4221000-105-2001-00001","2001-07-28","","01","영업/정상","01","영업","","","","","033 550 9386","160.00","","강원특별자치도 태백시 황지동 274-724 8통6반","강원특별자치도 태백시 태백로 802 (황지동)","26025","태서초등학교","2024-11-20 13:00:42","U","2024-11-23 02:40:00","학교","375997.915165493","410554.317286908","학교","0","0","","","상수도전용","0","0","0","0","0","","0","0","N","0","","","",
"940","집단급식소","07_21_02_P","4221000","4221000-105-2001-00003","2001-09-25","","01","영업/정상","01","영업","","","","","033 5808422","259.20","","강원특별자치도 태백시 장성동 109-3 태백중학교","강원특별자치도 태백시 장성로 265, 태백중학교 (장성동)","26047","태백중학교","2024-11-20 13:14:35","U","2024-11-23 02:40:00","학교","379464.220257574","401384.221002595","학교","0","0","","","상수도전용","0","0","0","0","0","","0","0","N","55.8","","","",
"941","집단급식소","07_21_02_P","4221000","4221000-105-2001-00004","2001-09-28","","01","영업/정상","01","영업","","","","","033 5509274","76.00","","강원특별자치도 태백시 황지동 274-13","강원특별자치도 태백시 연지로33번길 26 (황지동)","26026","세연중학교급식소","2024-11-20 13:14:12","U","2024-11-23 02:40:00","학교","376597.049851188","410306.960648556","학교","0","0","","","상수도전용","0","0","0","0","0","","0","0","N","258.28","","","",
"942","집단급식소","07_21_02_P","4221000","4221000-105-2001-00005","2001-11-21","","01","영업/정상","01","영업","","","","","033 550 1163","53.70","","강원특별자치도 태백시 황지동 166-2","강원특별자치도 태백시 번영로 11 (황지동)","26036","함태중학교급식소","2024-11-20 13:15:24","U","2024-11-23 02:40:00","학교","376443.093147759","406720.053440723","학교","0","0","","","상수도전용","0","2","0","0","0","","0","0","N","289.67","","","",
"943","집단급식소","07_21_02_P","4221000","4221000-105-2002-00001","2002-10-31","","01","영업/정상","01","영업","","","","","033 550 6615","251.10","","강원특별자치도 태백시 황지동 123 상장중학교","강원특별자치도 태백시 태백로 1221, 상장중학교 (황지동)","26040","상장중학교급식소","2024-11-20 13:15:03","U","2024-11-23 02:40:00","학교","376943.74407023","407218.726895491","학교","0","0","","","상수도전용","0","0","0","0","0","","0","0","N","0","","","",
"944","집단급식소","07_21_02_P","4221000","4221000-105-2005-00008","2005-06-18","","01","영업/정상","01","영업","","","","","033 5522797","10.20","","강원특별자치도 태백시 황지동 59-49","강원특별자치도 태백시 문화로 31 (황지동)","26017","하늘어린이집","2024-04-02 17:07:13","U","2024-04-04 02:40:00","어린이집","376658.676345852","409078.911692173","어린이집","0","0","","","상수도전용","0","0","0","0","0","","0","0","N","10.2","","","",
"945","집단급식소","07_21_02_P","4221000","4221000-105-2005-00011","2005-06-18","","01","영업/정상","01","영업","","","","","033 5533473","17.98","","강원특별자치도 태백시 황지동 214-116","강원특별자치도 태백시 장수3길 22-10 (황지동)","26025","황연어린이집","2024-04-02 17:05:23","U","2024-04-04 02:40:00","어린이집","376344.51274519","410408.717479944","어린이집","0","0","","","상수도전용","0","0","0","0","0","","0","0","N","17.98","","","",
"946","집단급식소","07_21_02_P","4221000","4221000-105-2005-00013","2005-06-18","","01","영업/정상","01","영업","","","","","033 5540882","19.46","","강원특별자치도 태백시 황지동 188-24","강원특별자치도 태백시 서학1길 82 (황지동)","26035","서학어린이집","2024-05-13 11:20:03","U","2024-05-15 02:40:00","어린이집","376169.700901914","407773.974140149","어린이집","0","0","","","상수도전용","0","0","0","0","0","","0","0","N","19.46","","","",
"947","집단급식소","07_21_02_P","4221000","4221000-105-2005-00014","2005-06-18","","01","영업/정상","01","영업","","","","","033 5525957","14.21","","강원특별자치도 태백시 황지동 667","강원특별자치도 태백시 해지개길 11 (황지동)","26032","황지어린이집","2025-05-22 11:14:49","U","2025-05-24 02:40:00","어린이집","376203.246695267","408551.307838284","어린이집","0","0","","","상수도전용","0","0","0","0","0","","0","0","N","14.21","","","",
"948","집단급식소","07_21_02_P","4221000","4221000-105-2006-00001","2006-06-23","","01","영업/정상","01","영업","","","","","033 552 4066","20.23","","강원특별자치도 태백시 황지동 44-53","강원특별자치도 태백시 고원로 181 (황지동)","26016","중앙어린이집","2025-05-22 11:16:32","U","2025-05-24 02:40:00","어린이집","376642.34385044","409489.739477268","어린이집","0","0","","","상수도전용","0","0","0","0","0","","0","0","N","20.23","","","",
"949","집단급식소","07_21_02_P","4221000","4221000-105-2007-00001","2007-06-15","","01","영업/정상","01","영업","","","","","033 5523655","11.89","","강원특별자치도 태백시 황지동 396-3 18통1반","강원특별자치도 태백시 청솔길 13 (황지동)","26033","삼육미래클어린이집","2024-04-03 16:21:06","U","2024-04-05 02:40:00","어린이집","375976.913394","408451.517950938","어린이집","0","0","","","상수도전용","0","0","0","0","0","자가","0","0","N","11.89","","","",
"950","집단급식소","07_21_02_P","4221000","4221000-105-2007-00002","2007-06-18","","01","영업/정상","01","영업","","","","","033 5535561","74.63","","강원특별자치도 태백시 황지동 59-8","강원특별자치도 태백시 문화로 25 (황지동)","26017","노인요양원안식의집","2024-06-20 11:20:28","U","2024-06-22 02:40:00","사회복지시설","376612.496857136","409099.504830583","사회복지시설","0","0","","","상수도전용","0","0","0","0","0","자가","0","0","N","49.5","","","",
"951","집단급식소","07_21_02_P","4221000","4221000-105-2020-00004","2020-10-28","","01","영업/정상","01","영업","","","","","033 554 0411","277.60","","강원특별자치도 태백시 소도동 331-3 태백청소년수련관","강원특별자치도 태백시 천제단길 148, 태백청소년수련관 (소도동)","26043","태백시청소년수련관급식소","2024-04-05 18:02:42","U","2024-04-07 02:40:00","공공기관","373391.695173495","403976.967567006","공공기관","0","0","","","상수도전용","0","0","0","0","0","","0","0","N","58.34","","","",
"952","집단급식소","07_21_02_P","4221000","4221000-105-2008-00001","2008-05-01","","01","영업/정상","01","영업","","","","","033 552 9118","160.63","","","강원특별자치도 태백시 황장목이길 25 (문곡동)","26044","태백시실버요양원","2025-05-22 17:39:32","U","2025-05-24 02:40:00","사회복지시설","377969.747839385","405105.071068188","사회복지시설","0","0","","","상수도전용","0","4","0","0","0","","0","0","N","40.6","","","",
"953","집단급식소","07_21_02_P","4221000","4221000-105-2010-00001","2010-03-23","","01","영업/정상","01","영업","","","","","07043402030","324.73","","강원특별자치도 태백시 금천동 15","강원특별자치도 태백시 금천길 179 (금천동)","26053","태백라온학교","2025-09-24 16:32:52","U","2025-09-26 02:40:00","학교","377221.729784138","400833.073188027","학교","0","0","","","상수도전용","0","1","0","0","0","","0","0","N","88.49","","","",
"954","집단급식소","07_21_02_P","4221000","4221000-105-2010-00002","2010-05-27","","01","영업/정상","01","영업","","","","","033 554 0218","195.00","","강원특별자치도 태백시 황지동 274-724","강원특별자치도 태백시 태백로 802 (황지동)","26025","태사랑유치원","2024-11-20 12:59:01","U","2024-11-23 02:40:00","어린이집","375997.915165493","410554.317286908","어린이집","0","0","","","상수도전용","0","1","0","0","0","","0","0","N","195","","","",
"955","집단급식소","07_21_02_P","4231000","4231000-105-1994-00002","1994-11-10","","01","영업/정상","01","영업","","","","","033 6388876","","","강원특별자치도 속초시 청학동 638","강원특별자치도 속초시 수복로 117 (청학동)","24829","속초초등학교","2024-04-18 17:25:58","U","2024-04-20 02:40:00","학교","338505.063631384","523326.080867803","학교","0","0","","","상수도전용","0","0","0","0","0","","0","0","N","0","","","",
"956","집단급식소","07_21_02_P","4231000","4231000-105-1987-00001","1987-09-08","","01","영업/정상","01","영업","","","","","033 6334426","6.09","","강원특별자치도 속초시 청학동 487-17","강원특별자치도 속초시 번영로56번길 18-21 (청학동)","24830","착한어린이집","2024-05-24 10:20:12","U","2024-05-26 02:40:00","어린이집","338796.446879748","523595.029996859","어린이집","0","0","","","상수도전용","0","0","0","0","0","","0","0","N","6.09","","","",
"957","집단급식소","07_21_02_P","4231000","4231000-105-1987-00002","1987-09-08","","01","영업/정상","01","영업","","","","","033 6376330","14.04","","강원특별자치도 속초시 조양동 1490-113","강원특별자치도 속초시 동해대로3930번길 24-3 (조양동)","24888","조양어린이집","2024-06-17 14:09:10","U","2024-06-19 02:40:00","어린이집","340375.434839281","521475.006633686","어린이집","0","0","","","상수도전용","0","0","0","0","0","","0","0","N","14.04","","","",
"958","집단급식소","07_21_02_P","4231000","4231000-105-1987-00003","1987-09-07","","01","영업/정상","01","영업","","","","","033 6310036","13.20","","강원특별자치도 속초시 중앙동 468-174","강원특별자치도 속초시 중앙로177번길 6 (중앙동)","24826","삼육어린이집","2024-05-24 10:22:22","U","2024-05-26 02:40:00","어린이집","339372.785059032","523797.188389836","어린이집","0","0","","","상수도전용","0","0","0","0","0","","0","0","N","13.2","","","",
"959","집단급식소","07_21_02_P","4231000","4231000-105-1993-00001","1993-04-06","","01","영업/정상","01","영업","","","","","033 637 7228","","","강원특별자치도 속초시 교동 779-16","강원특별자치도 속초시 만천1길 67 (교동)","24845","교동초등학교","2024-04-18 17:21:35","U","2024-04-20 02:40:00","학교","337844.414523562","523404.258701554","학교","0","0","","","상수도전용","0","0","0","0","0","","0","0","N","0","","","",
"960","집단급식소","07_21_02_P","4231000","4231000-105-1994-00001","1994-11-10","","01","영업/정상","01","영업","","","","","033 6354956","","","강원특별자치도 속초시 대포동 350","강원특별자치도 속초시 동해대로 3797 (대포동)","24902","대포초등학교","2024-04-18 17:23:45","U","2024-04-20 02:40:00","학교","340453.809084915","520207.971107255","학교","0","0","","","상수도전용","0","0","0","0","0","","0","0","N","0","","","",
"961","집단급식소","07_21_02_P","4231000","4231000-105-1994-00003","1994-11-10","","01","영업/정상","01","영업","","","","","033 6322950","","","강원특별자치도 속초시 영랑동 163-1","강원특별자치도 속초시 중앙로 331 (영랑동)","24807","영랑초등학교","2024-04-18 17:27:27","U","2024-04-20 02:40:00","학교","339285.005591697","525069.756867385","학교","0","0","","","상수도전용","0","0","0","0","0","","0","0","N","0","","","",
"962","집단급식소","07_21_02_P","4231000","4231000-105-1995-00001","1995-06-20","","01","영업/정상","01","영업","","","","","033 6317854","","","강원특별자치도 속초시 조양동 1396","강원특별자치도 속초시 동해대로 3965 (조양동)","24892","조양초등학교","2024-04-18 17:29:07","U","2024-04-20 02:40:00","학교","339965.797102828","521808.685262943","학교","0","0","","","상수도전용","0","0","0","0","0","","0","0","N","0","","","",
"963","집단급식소","07_21_02_P","4231000","4231000-105-2008-00002","2008-07-14","","01","영업/정상","01","영업","","","","","033 635 7778","22.86","","강원특별자치도 속초시 노학동 151-4","강원특별자치도 속초시 도리원길 43 (노학동)","24860","햇살마루어린이집","2024-04-22 11:08:01","U","2024-04-24 02:40:00","어린이집","336944.630789181","522487.014503633","어린이집","0","0","","","상수도전용","0","0","0","0","0","","0","0","N","22.86","","","",
"964","집단급식소","07_21_02_P","4231000","4231000-105-2010-00001","2010-03-17","","01","영업/정상","01","영업","","","","","033 631 2477","12.00","","강원특별자치도 속초시 조양동 1376-35","강원특별자치도 속초시 조양로22번길 13 (조양동)","24893","아이사랑어린이집","2024-04-22 11:34:09","U","2024-04-24 02:40:00","어린이집","340081.658300225","521726.453272177","어린이집","0","0","","","상수도전용","0","0","0","0","0","","0","0","N","12","","","",
"965","집단급식소","07_21_02_P","4231000","4231000-105-2010-00002","2010-04-02","","01","영업/정상","01","영업","","","","","033 639 8660","446.00","","강원특별자치도 속초시 교동 669-1","강원특별자치도 속초시 중앙로 11 (교동)","24853","속초보광병원","2024-06-24 09:29:04","U","2024-06-26 02:40:00","병원","338197.766804118","522865.442373193","병원","0","0","","","상수도전용","0","0","0","0","0","","0","0","N","446","","","",
"966","집단급식소","07_21_02_P","4231000","4231000-105-2011-00001","2011-04-14","","01","영업/정상","01","영업","","","","","033 636 3373","139.00","","강원특별자치도 속초시 교동 979","강원특별자치도 속초시 수복로 42 (교동)","24855","속초시노인복지관","2024-05-24 10:34:27","U","2024-05-26 02:40:00","사회복지시설","338015.250047343","522706.582325732","사회복지시설","0","0","","","상수도전용","0","0","0","0","0","","0","0","N","23","","","",
"967","집단급식소","07_21_02_P","4231000","4231000-105-2011-00002","2011-05-04","","01","영업/정상","01","영업","","","","","033 632 0042","18.00","","강원특별자치도 속초시 교동 939","강원특별자치도 속초시 밤골길 43 (교동)","24863","사랑어린이집","2024-05-24 10:37:29","U","2024-05-26 02:40:00","어린이집","337237.984301147","523011.214172639","어린이집","0","0","","","상수도전용","0","0","0","0","0","","0","0","N","18","","","",
"968","집단급식소","07_21_02_P","4231000","4231000-105-2012-00003","2012-10-31","","01","영업/정상","01","영업","","","","","033 639 5029","591.40","","강원특별자치도 속초시 노학동 573-4","강원특별자치도 속초시 온천로 87 (노학동)","24864","한전속초연수원","2024-04-22 11:11:31","U","2024-04-24 02:40:00","공공기관","335845.440172614","521950.587166633","공공기관","0","0","","","상수도전용","0","0","0","0","0","자가","0","0","N","161.91","","","",
"969","집단급식소","07_21_02_P","4231000","4231000-105-2013-00002","2013-09-06","","01","영업/정상","01","영업","","","","","033 631 8762","6.16","","강원특별자치도 속초시 교동 961-1","강원특별자치도 속초시 먹거리길 19 (교동)","24856","연꽃어린이집","2024-11-12 17:58:55","U","2024-11-14 02:40:00","어린이집","337896.909502329","522738.178234805","어린이집","0","0","","","상수도전용","0","0","0","0","0","임대","0","0","N","6.16","","","",
"970","집단급식소","07_21_02_P","4231000","4231000-105-2013-00003","2013-09-10","","01","영업/정상","01","영업","","","","","033 638 6646","10.30","","강원특별자치도 속초시 교동 783-9 대명늘푸른@단지내 관리동 2층","강원특별자치도 속초시 미시령로3337번길 4 (교동, 대명늘푸른@단지내 관리동 2층)","24819","늘푸른어린이집","2024-05-24 10:57:25","U","2024-05-26 02:40:00","어린이집","337608.513295477","523659.528104403","어린이집","0","0","","","상수도전용","0","0","0","0","0","임대","0","0","N","10.3","","","",
"971","집단급식소","07_21_02_P","4231000","4231000-105-2014-00001","2014-03-28","","01","영업/정상","01","영업","","","","","033 636 7752","9.86","","강원특별자치도 속초시 도문동 205-7","강원특별자치도 속초시 상도문1길 33 (도문동)","24904","도문어린이집","2024-04-22 11:22:45","U","2024-04-24 02:40:00","어린이집","335985.0409522","519157.664879599","어린이집","0","0","","","상수도전용","0","0","0","0","0","","0","0","N","9.86","","","",
"972","집단급식소","07_21_02_P","4231000","4231000-105-2014-00002","2014-04-02","","01","영업/정상","01","영업","","","","","033 637 1121","345.21","","강원특별자치도 속초시 노학동 260-7 외 2필지","강원특별자치도 속초시 이목로 21-6 (노학동)","24864","서울보증보험속초연수원","2024-08-21 13:46:28","U","2024-08-23 02:40:00","산업체","","","산업체","0","0","","","상수도전용","0","3","0","0","0","자가","0","0","N","143.62","","","",
"973","집단급식소","07_21_02_P","4231000","4231000-105-1995-00002","1995-06-22","","01","영업/정상","01","영업","","","","","033 6376126","","","강원특별자치도 속초시 중앙동 509-3","강원특별자치도 속초시 번영로105번길 11 (중앙동)","24828","중앙초등학교","2024-04-18 17:31:06","U","2024-04-20 02:40:00","학교","338738.024923008","524206.506721642","학교","0","0","","","상수도전용","0","0","0","0","0","","0","0","N","0","","","",
"974","집단급식소","07_21_02_P","4231000","4231000-105-1995-00003","1995-04-24","","01","영업/정상","01","영업","","","","","033 6351962","","","강원특별자치도 속초시 노학동 620","강원특별자치도 속초시 온천로 107 (노학동)","24864","온정초등학교","2024-04-18 17:32:42","U","2024-04-20 02:40:00","학교","336130.960647839","521939.822628259","학교","0","0","","","상수도전용","0","0","0","0","0","","0","0","N","0","","","",
"975","집단급식소","07_21_02_P","4231000","4231000-105-1996-00001","1996-03-07","","01","영업/정상","01","영업","","","","","033 6367052","","","강원특별자치도 속초시 설악동 358","강원특별자치도 속초시 청봉로 51 (설악동)","24904","설악초등학교","2024-04-18 17:34:08","U","2024-04-20 02:40:00","학교","334956.038883945","519002.026506043","학교","0","0","","","상수도전용","0","0","0","0","0","","0","0","N","0","","","",
"976","집단급식소","07_21_02_P","4231000","4231000-105-1996-00002","1996-03-07","","01","영업/정상","01","영업","","","","","033 6365296","225.52","","강원특별자치도 속초시 청호동 432-38","강원특별자치도 속초시 청호로 60 (청호동)","24884","청호초등학교","2024-04-18 17:35:55","U","2024-04-20 02:40:00","학교","339905.682603324","522604.238991045","학교","0","0","","","상수도전용","0","0","0","0","0","","0","0","N","85.36","","","",
"977","집단급식소","07_21_02_P","4231000","4231000-105-1997-00001","1997-03-31","","01","영업/정상","01","영업","","","","","033639 9097","811.76","","강원특별자치도 속초시 조양동 551-1","강원특별자치도 속초시 소평로 175 (조양동)","24871","청대초등학교","2024-04-18 17:37:36","U","2024-04-20 02:40:00","학교","338050.164621157","522088.044229469","학교","0","0","","","상수도전용","0","0","0","0","0","","0","0","N","81.57","","","",
"978","집단급식소","07_21_02_P","4231000","4231000-105-1999-00001","2001-12-10","","01","영업/정상","01","영업","","","","","033 6367115","","","강원특별자치도 속초시 설악동 246-77","강원특별자치도 속초시 청봉로 173 (설악동)","24904","설악산유스호스텔","2024-11-13 15:37:26","U","2024-11-15 02:40:00","수련원","333872.152208073","519264.339988271","수련원","0","0","","","전용상수도(특정시설의 자가용 수도)","0","0","0","0","0","","0","0","N","0","","","",
"979","집단급식소","07_21_02_P","4231000","4231000-105-2000-00001","2000-11-27","","01","영업/정상","01","영업","","","","","033 6374965","","","강원특별자치도 속초시 장사동 460","강원특별자치도 속초시 사진용촌길 42 (장사동)","24803","속초고등학교","2024-04-18 17:39:58","U","2024-04-20 02:40:00","학교","338615.083850278","525871.689106282","학교","0","0","","","상수도전용","0","0","0","0","0","","0","0","N","0","","","",
"980","집단급식소","07_21_02_P","4231000","4231000-105-2000-00002","2000-06-30","","01","영업/정상","01","영업","","","","","033 630 0314","","","강원특별자치도 속초시 조양동 587-7","강원특별자치도 속초시 청대마을길 12 (조양동)","24869","설악고등학교","2024-04-18 17:41:29","U","2024-04-20 02:40:00","학교","337739.557279886","521714.787825554","학교","0","0","","","상수도전용","0","0","0","0","0","","0","0","N","0","","","",
"981","집단급식소","07_21_02_P","4231000","4231000-105-2000-00003","2000-05-31","","01","영업/정상","01","영업","","","","","033 6373238","","","강원특별자치도 속초시 교동 802-1","강원특별자치도 속초시 배움터길 16 (교동)","24863","속초여자고등학교","2024-04-18 17:41:57","U","2024-04-20 02:40:00","학교","337394.257494531","522997.198203741","학교","0","0","","","상수도전용","0","0","0","0","0","","0","0","N","0","","","",
"982","집단급식소","07_21_02_P","4231000","4231000-105-2001-00001","2001-03-06","","01","영업/정상","01","영업","","","","","033 634 3399","978.41","","강원특별자치도 속초시 노학동 2-5","강원특별자치도 속초시 배움터길 29 (노학동, 설악여자중학교)","24863","설온중학교","2024-04-18 17:45:08","U","2024-04-20 02:40:00","학교","337253.508859274","522850.944926751","학교","0","0","","","상수도전용","0","0","0","0","0","","0","0","N","306","","","",
"983","집단급식소","07_21_02_P","4231000","4231000-105-2002-00001","2002-08-31","","01","영업/정상","01","영업","","","","","033 6369539","","","강원특별자치도 속초시 노학동 1-36","강원특별자치도 속초시 배움터길 42 (노학동)","24863","소야초등학교","2024-04-18 17:46:37","U","2024-04-20 02:40:00","학교","337146.546629339","522994.517870886","학교","0","0","","","상수도전용","0","0","0","0","0","","0","0","N","0","","","",
"984","집단급식소","07_21_02_P","4231000","4231000-105-2003-00001","2003-08-14","","01","영업/정상","01","영업","","","","","033 6308500","694.80","","강원특별자치도 속초시 금호동 625-37","강원특별자치도 속초시 번영로 81 (금호동)","24842","속초해랑중학교","2024-04-18 17:48:25","U","2024-04-20 02:40:00","학교","338747.831169765","523850.976684792","학교","0","0","","","상수도전용","0","0","0","0","0","","0","0","N","274.8","","","",
"985","집단급식소","07_21_02_P","4231000","4231000-105-2003-00002","2003-11-11","","01","영업/정상","01","영업","","","","","033 630 1196","","","강원특별자치도 속초시 청호동 459-134","강원특별자치도 속초시 설악금강대교로 12 (청호동)","24885","(주)이마트속초점","2024-04-22 11:44:36","U","2024-04-24 02:40:00","산업체","339761.153723826","522089.806016399","산업체","0","0","","","상수도전용","0","0","0","0","0","","0","0","N","0","","","",
"986","집단급식소","07_21_02_P","4231000","4231000-105-2004-00001","2004-07-06","","01","영업/정상","01","영업","","","","","033 633 6325","19.75","","강원특별자치도 속초시 교동 966-7","강원특별자치도 속초시 먹거리1길 11 (교동)","24858","해마루어린이집","2020-07-03 13:16:18","I","2023-06-13 00:00:00","어린이집","337831.210651482","522522.76803701","어린이집","0","0","","","상수도전용","0","0","0","0","0","","0","0","N","19.75","","","",
"987","집단급식소","07_21_02_P","4231000","4231000-105-2004-00003","2004-07-06","","01","영업/정상","01","영업","","","","","033 637 1517","7.00","","강원특별자치도 속초시 금호동 621-69","강원특별자치도 속초시 번영로67번길 38-1 (금호동)","24841","은강어린이집","2024-05-24 10:32:03","U","2024-05-26 02:40:00","어린이집","338469.284435802","523949.311408397","어린이집","0","0","","","상수도전용","0","0","0","0","0","","0","0","N","7","","","",
"988","집단급식소","07_21_02_P","4231000","4231000-105-2004-00004","2004-07-06","","01","영업/정상","01","영업","","","","","033 635 3884","13.92","","강원특별자치도 속초시 조양동 1501","강원특별자치도 속초시 조양로 166 (조양동)","24875","한슬어린이집","2024-04-22 11:35:07","U","2024-04-24 02:40:00","어린이집","338484.632342258","521799.808504864","어린이집","0","0","","","상수도전용","0","0","0","0","0","","0","0","N","13.92","","","",
"989","집단급식소","07_21_02_P","4231000","4231000-105-2004-00005","2004-07-06","","01","영업/정상","01","영업","","","","","033 633 1373","7.56","","강원특별자치도 속초시 장사동 632-78","강원특별자치도 속초시 사진길 24 (장사동)","24805","장사어린이집","2024-05-24 10:23:42","U","2024-05-26 02:40:00","어린이집","338954.889416447","525587.499580469","어린이집","0","0","","","상수도전용","0","0","0","0","0","","0","0","N","7.56","","","",
"990","집단급식소","07_21_02_P","4231000","4231000-105-2004-00009","2004-07-07","","01","영업/정상","01","영업","","","","","033 631 0041","9.28","","강원특별자치도 속초시 조양동 1299","강원특별자치도 속초시 청대로 22-6 (조양동)","24895","밤비니어린이집","2024-04-22 11:32:53","U","2024-04-24 02:40:00","어린이집","339956.175932429","521353.82296758","어린이집","0","0","","","상수도전용","0","0","0","0","0","","0","0","N","9.28","","","",
"991","집단급식소","07_21_02_P","4231000","4231000-105-2004-00011","2004-07-08","","01","영업/정상","01","영업","","","","","033 639 2304","","","강원특별자치도 속초시 동명동 465-4","강원특별자치도 속초시 중앙로 183 (동명동)","","속초시청구내식당","2020-05-04 13:23:09","I","2023-06-13 00:00:00","공공기관","339384.716456418","523941.324253997","공공기관","0","0","","","상수도전용","0","0","0","0","0","","0","0","N","0","","","",
"992","집단급식소","07_21_02_P","4231000","4231000-105-2004-00012","2004-08-30","","01","영업/정상","01","영업","","","","","033 6314987","","","강원특별자치도 속초시 교동 776-8","강원특별자치도 속초시 미시령로 3358 (교동)","24845","속초중학교","2024-04-18 17:49:56","U","2024-04-20 02:40:00","학교","337786.429689948","523571.075651128","학교","0","0","","","상수도전용","0","0","0","0","0","","0","0","N","0","","","",
"993","집단급식소","07_21_02_P","4231000","4231000-105-2005-00001","2000-09-20","","01","영업/정상","01","영업","","","","","033 6334992","","","강원특별자치도 속초시 교동 780-5","강원특별자치도 속초시 미시령로 3402 (교동)","24839","설악중학교","2024-04-18 17:51:17","U","2024-04-20 02:40:00","학교","338178.236925184","523778.577916009","학교","0","0","","","상수도전용","0","0","0","0","0","","0","0","N","0","","","",
"994","집단급식소","07_21_02_P","4231000","4231000-105-2005-00003","2005-04-29","","01","영업/정상","01","영업","","","","","033 6352281","","","강원특별자치도 속초시 교동 산 306","강원특별자치도 속초시 미시령로 3287 (교동)","24812","국민은행속초연수원","2017-07-10 14:09:12","I","2023-06-13 00:00:00","산업체","337165.568149494","523660.027108386","산업체","0","0","","","상수도전용","0","0","0","0","0","","0","0","N","0","","","",
"995","집단급식소","07_21_02_P","4231000","4231000-105-2005-00004","1987-10-02","","01","영업/정상","01","영업","","","","","033 6326424","20.46","","강원특별자치도 속초시 교동 767-11","강원특별자치도 속초시 만천4길 4-17 (교동)","24848","구세군어린이집","2024-05-24 10:58:11","U","2024-05-26 02:40:00","어린이집","337822.090007364","523180.944985786","어린이집","0","0","","","상수도전용","0","0","0","0","0","","0","0","N","20.46","","","",
"996","집단급식소","07_21_02_P","4231000","4231000-105-2005-00007","1994-11-29","","01","영업/정상","01","영업","","","","","033 630 6044","305.64","","강원특별자치도 속초시 영랑동 591-10 외1필지, 지하1층","강원특별자치도 속초시 영랑호반길 3, 지하1층 (영랑동, 외1필지)","24821","속초의료원","2024-10-16 11:09:12","U","2024-10-19 02:40:00","병원","339079.48882574","524917.714740154","병원","0","0","","","상수도전용","0","0","0","0","0","","0","0","N","169.56","","","",
"997","집단급식소","07_21_02_P","4231000","4231000-105-2005-00008","1999-05-18","","01","영업/정상","01","영업","","","","","033 630 5636","283.49","","강원특별자치도 속초시 장사동 24-1","강원특별자치도 속초시 미시령로2983번길 111 (장사동)","24801","한화호텔앤드리조트(주)","2025-10-02 14:35:57","U","2025-10-05 02:40:00","산업체","333788.794285736","524104.959379777","산업체","0","0","","","상수도(음용)지하수(주방용)겸용","0","0","0","0","0","","0","0","N","112","","","",
"998","집단급식소","07_21_02_P","4231000","4231000-105-2005-00012","2005-08-31","","01","영업/정상","01","영업","","","","","033 6372660","24.01","","강원특별자치도 속초시 금호동 615","강원특별자치도 속초시 호반산책길 6 (금호동)","24813","라온어린이집","2024-05-24 10:33:03","U","2024-05-26 02:40:00","어린이집","337929.043417017","524115.303272052","어린이집","0","0","","","상수도전용","0","0","0","0","0","","0","0","N","24.01","","","",
"999","집단급식소","07_21_02_P","4231000","4231000-105-2007-00001","2007-02-28","","01","영업/정상","01","영업","","","","","033 638 6604","","","강원특별자치도 속초시 장사동 405-5","강원특별자치도 속초시 동해대로4511번길 32 (장사동)","24802","속초청해학교","2024-04-18 17:52:26","U","2024-04-20 02:40:00","학교","336576.396044471","525150.625514434","학교","0","0","","","상수도전용","0","0","0","0","0","","0","0","N","0","","","",
"1000","집단급식소","07_21_02_P","4231000","4231000-105-2007-00002","2007-03-07","","01","영업/정상","01","영업","","","","","033 638 2129","","","강원특별자치도 속초시 조양동 1540-2","강원특별자치도 속초시 조양로118번길 9 (조양동)","24873","청봉초등학교","2024-05-24 09:30:44","U","2024-05-26 02:40:00","학교","338971.544149194","521751.763147955","학교","0","0","","","상수도전용","0","0","0","0","0","","0","0","N","0","","","",
"1001","집단급식소","07_21_02_P","4231000","4231000-105-2007-00003","2007-06-22","","01","영업/정상","01","영업","","","","","033 636 7614","119.70","","강원특별자치도 속초시 노학동 455-9","강원특별자치도 속초시 싸리재길 195 (노학동)","24868","반야노인요양원","2024-04-22 11:10:23","U","2024-04-24 02:40:00","사회복지시설","336725.296946566","521134.676350572","사회복지시설","0","0","","","상수도전용","0","0","0","0","0","","0","0","N","0","","","",
"1002","집단급식소","07_21_02_P","4231000","4231000-105-2007-00004","2007-11-16","","01","영업/정상","01","영업","","","","","033 636 1889","","","강원특별자치도 속초시 조양동 1536-1","강원특별자치도 속초시 선사로 22-6 (조양동)","24891","키즈어린이집","2024-04-22 11:36:05","U","2024-04-24 02:40:00","어린이집","339499.721924502","521836.472985307","어린이집","0","0","","","상수도전용","0","0","0","0","0","","0","0","N","0","","","",
"1003","집단급식소","07_21_02_P","4231000","4231000-105-2008-00001","2008-04-15","","01","영업/정상","01","영업","","","","","033 637 0623","21.12","","강원특별자치도 속초시 조양동 1540-2","강원특별자치도 속초시 조양로118번길 9 (조양동)","24873","산호유치원","2024-04-18 17:18:10","U","2024-04-20 02:40:00","어린이집","338971.544149194","521751.763147955","어린이집","0","0","","","상수도전용","0","0","0","0","0","","0","0","N","21.12","","","",
"1004","집단급식소","07_21_02_P","4231000","4231000-105-2015-00002","2015-03-04","","01","영업/정상","01","영업","","","","","033 639 6940","90.00","","강원특별자치도 속초시 영랑동 149-25","강원특별자치도 속초시 중앙로 331 (영랑동, 영랑초등학교)","24807","속초유치원","2024-04-18 17:19:07","U","2024-04-20 02:40:00","어린이집","339354.506852013","525097.186907589","어린이집","0","0","","","상수도전용","0","0","0","0","0","자가","0","0","N","81.63","","","",
"1005","집단급식소","07_21_02_P","4231000","4231000-105-2016-00001","2016-04-20","","01","영업/정상","01","영업","","","","","033 637 0757","81.50","","강원특별자치도 속초시 조양동 1013-1","강원특별자치도 속초시 동해대로 4084, 6층 (조양동)","24872","속초정요양병원","2024-04-22 11:28:22","U","2024-04-24 02:40:00","병원","339041.649440252","521964.949634866","병원","0","0","","","상수도전용","0","0","0","0","0","","0","0","N","34.99","","","",
"1006","집단급식소","07_21_02_P","4231000","4231000-105-2016-00002","2016-04-20","","01","영업/정상","01","영업","","","","","033 639 9864","486.00","","강원특별자치도 속초시 교동 786-1","강원특별자치도 속초시 미시령로3337번길 30 (교동)","24812","강원진로교육원","2024-05-24 10:01:01","U","2024-05-26 02:40:00","기타 집단급식소","337261.289493289","523734.925156989","기타 집단급식소","0","0","","","상수도전용","0","0","0","0","0","","0","0","N","111","","","",
"1007","집단급식소","07_21_02_P","4231000","4231000-105-2018-00002","2018-02-14","","01","영업/정상","01","영업","","","","","033 638 0060","111.70","","강원특별자치도 속초시 교동 977-25","강원특별자치도 속초시 온천로 291, 8층 (교동)","24858","의료법인신의의료재단속초우리요양병원","2024-05-24 10:36:15","U","2024-05-26 02:40:00","병원","337836.052479028","522299.520965202","병원","0","0","","","상수도전용","0","0","0","0","0","","0","0","N","69.7","","","",
"1008","집단급식소","07_21_02_P","4231000","4231000-105-2018-00003","2018-10-18","","01","영업/정상","01","영업","","","","","033 634 1102","188.39","","강원특별자치도 속초시 대포동 908-1 롯데리조트속초","강원특별자치도 속초시 대포항길 186, 롯데리조트속초 지하 2층 (대포동)","24900","롯데리조트속초","2025-03-07 15:56:46","U","2025-03-09 02:40:00","산업체","341368.867554951","521043.560941235","산업체","0","0","","","","0","3","0","0","0","","0","0","N","79.19","","","",
"1009","집단급식소","07_21_02_P","4231000","4231000-105-2019-00001","2019-10-14","","01","영업/정상","01","영업","","","","","033 635 0806","198.30","","강원특별자치도 속초시 노학동 730-1","강원특별자치도 속초시 이목로 191 (노학동)","24859","한국토지주택공사속초연수원","2025-06-12 15:33:38","U","2025-06-15 02:40:00","산업체","335339.828952004","523296.149591406","산업체","0","0","","","","0","0","0","0","0","","0","0","N","92.9","","","",
"1010","집단급식소","07_21_02_P","4231000","4231000-105-2021-00001","2021-05-21","","01","영업/정상","01","영업","","","","","","15.50","","강원특별자치도 속초시 청호동 1356 속초청호아이파크","강원특별자치도 속초시 청호로 22 (청호동, 속초청호아이파크)","24886","청호아이파크어린이집","2024-04-22 11:43:05","U","2024-04-24 02:40:00","어린이집","340057.529975947","522294.421679377","어린이집","0","0","","","상수도전용","0","0","0","0","0","","0","0","N","10.78","","","",
"1011","집단급식소","07_21_02_P","4231000","4231000-105-2021-00002","2021-05-21","","01","영업/정상","01","영업","","","","","","13.97","","강원특별자치도 속초시 조양동 1586 속초 자이","강원특별자치도 속초시 조양로 181 (조양동, 속초 자이)","24880","별빛자이어린이집","2024-04-22 11:37:52","U","2024-04-24 02:40:00","어린이집","338337.386321023","521612.667476349","어린이집","0","0","","","","0","0","0","0","0","","0","0","N","13.97","","","",
"1012","집단급식소","07_21_02_P","4231000","4231000-105-2021-00003","2021-07-13","","01","영업/정상","01","영업","","","","","","0.00","","강원특별자치도 속초시 조양동 1572 속초 KCC 스위첸","강원특별자치도 속초시 청대로 40, 속초 KCC 스위첸 (조양동)","24894","KCC스위첸어린이집","2024-04-22 11:36:54","U","2024-04-24 02:40:00","어린이집","339745.659526259","521437.102054932","어린이집","0","0","","","","0","0","0","0","0","","0","0","N","0","","","",
"1013","집단급식소","07_21_02_P","4231000","4231000-105-2022-00001","2022-02-07","","01","영업/정상","01","영업","","","","","033632 0176","104.10","","강원특별자치도 속초시 교동 1024-1","강원특별자치도 속초시 엑스포로 109 (교동)","24854","체스터톤스호텔앤드레지던스","2024-12-27 13:29:32","U","2024-12-29 02:40:00","산업체","338392.120649525","522428.768010325","산업체","0","0","","","","0","0","0","0","0","","0","0","N","54.6","","","",
"1014","집단급식소","07_21_02_P","4231000","4231000-105-2022-00002","2022-09-13","","01","영업/정상","01","영업","","","","","","251.54","","강원특별자치도 속초시 조양동 1588 속초2차 IPARK","강원특별자치도 속초시 청대마을길 60, 104동 (조양동, 속초2차 IPARK)","24868","청대숲아이파크어린이집","2024-04-22 11:42:21","U","2024-04-24 02:40:00","어린이집","337455.497600301","521618.357282452","어린이집","0","0","","","상수도전용","0","0","0","0","0","","0","0","N","15.16","","","",
"1015","집단급식소","07_21_02_P","4231000","4231000-105-2024-00001","2024-03-28","","01","영업/정상","01","영업","","","","","","122.20","","강원특별자치도 속초시 대포동 937","강원특별자치도 속초시 대포항희망길 120, C동 3층 (대포동)","24901","카시아속초호텔앤리조트직원식당","2024-03-28 16:41:49","I","2024-03-30 00:15:18","산업체","341006.503840998","520449.969876936","산업체","0","0","","","상수도전용","0","0","0","0","0","","0","0","N","26.28","","","",
"1016","집단급식소","07_21_02_P","4231000","4231000-105-2023-00001","2023-12-27","","01","영업/정상","01","영업","","","","","","210.40","","강원특별자치도 속초시 금호동 488-78","강원특별자치도 속초시 수복로201번길 16 (금호동)","24831","자연어린이집","2024-05-24 10:33:35","U","2024-05-26 02:40:00","어린이집","338971.86703633","523765.945280684","어린이집","0","0","","","","0","0","0","0","0","","0","0","N","9","","","",
"1017","집단급식소","07_21_02_P","4231000","4231000-105-2024-00002","2024-11-21","","01","영업/정상","01","영업","","","","","","211.39","","강원특별자치도 속초시 노학동 3-6 속초경찰서","강원특별자치도 속초시 도리원길 93, 속초경찰서 (노학동)","24863","속초경찰서 어린이집","2024-11-21 14:40:17","I","2024-11-23 00:11:56","어린이집","337334.979750786","522677.36759408","어린이집","0","0","","","","0","0","0","0","0","","0","0","N","21.39","","","",
"1018","집단급식소","07_21_02_P","4231000","4231000-105-2024-00003","2024-12-04","","01","영업/정상","01","영업","","","","","033 6378090","490.72","","강원특별자치도 속초시 노학동 1000-39","강원특별자치도 속초시 바람꽃마을3길 12 (노학동)","24867","해밀요양원","2024-12-04 10:15:48","I","2024-12-06 00:11:59","사회복지시설","333458.122083814","522905.683949033","사회복지시설","0","0","","","","0","0","0","0","0","","0","0","N","27","","","",
"1019","집단급식소","07_21_02_P","4241000","4241000-105-2016-00003","2016-08-24","","01","영업/정상","01","영업","","","","","033 541 0539","0.00","","강원특별자치도 삼척시 도계읍 전두리 35-16","강원특별자치도 삼척시 도계읍 전두안길 66","25947","강원대학교 도계캠퍼스 가온관식당","2025-05-19 16:19:42","U","2025-05-21 02:40:00","학교","381269.102950822","416595.119662212","학교","0","0","","","상수도전용","0","0","0","0","0","자가","0","0","N","0","","","",
"1020","집단급식소","07_21_02_P","4241000","4241000-105-2018-00001","2018-04-17","","01","영업/정상","01","영업","","","","","033 574 8764","0.00","","강원특별자치도 삼척시 오분동 40 삼척남초등학교","강원특별자치도 삼척시 동해대로 3783-22, 삼척남초등학교 (오분동)","25931","삼척남초등학교","2024-03-05 17:43:31","U","2024-03-07 02:40:00","학교","393596.753476171","438005.345976192","학교","0","0","","","상수도전용","0","0","0","0","0","","0","0","N","0","","","",
"1021","집단급식소","07_21_02_P","4241000","4241000-105-2018-00002","2018-11-08","","01","영업/정상","01","영업","","","","","033 572 8663","551.70","","강원특별자치도 삼척시 교동 585 삼척초등학교","강원특별자치도 삼척시 교동로 43, 삼척초등학교 (교동)","25915","삼척초등학교","2025-01-17 17:23:14","U","2025-01-19 02:40:00","학교","391674.700545254","440794.143983567","학교","0","0","","","상수도전용","0","8","0","0","0","","0","0","N","184.5","","","",
"1022","집단급식소","07_21_02_P","4241000","4241000-105-2019-00001","2019-09-16","","01","영업/정상","01","영업","","","","","033 541 8988","212.13","","강원특별자치도 삼척시 도계읍 도계리 315-2 도계노인복지관","강원특별자치도 삼척시 도계읍 도계우회로 72, 도계노인복지관","25948","삼척시도계노인복지관","2025-05-19 16:25:07","U","2025-05-21 02:40:00","사회복지시설","381526.262669582","417104.154451416","사회복지시설","0","0","","","상수도전용","0","0","0","0","0","","0","0","N","63.13","","","",
"1023","집단급식소","07_21_02_P","4241000","4241000-105-2020-00001","2020-02-26","","01","영업/정상","01","영업","","","","","070 77138000","444.63","","강원특별자치도 삼척시 원덕읍 호산리 산 1-3","강원특별자치도 삼척시 원덕읍 삼척로 734, 후생관 1층","25961","한국남부발전(주) 삼척발전본부","2025-05-20 17:12:54","U","2025-05-22 02:40:00","산업체","407602.129757552","412379.695341186","산업체","0","0","","","상수도전용","0","0","0","0","0","","0","0","N","209.6","","","",
"1024","집단급식소","07_21_02_P","4241000","4241000-105-2022-00001","2022-03-08","","01","영업/정상","01","영업","","","","","033 5707002","212.01","","강원특별자치도 삼척시 갈천동 183 중앙초등학교","강원특별자치도 삼척시 새천년도로 630-121, 중앙초등학교 (갈천동)","25909","삼척중앙초등학교","2025-01-17 17:27:41","U","2025-01-19 02:40:00","학교","391176.698517023","442662.395385125","학교","0","0","","","상수도전용","0","0","0","0","0","","0","0","N","80.23","","","",
"1025","집단급식소","07_21_02_P","4241000","4241000-105-2022-00002","2022-10-28","","01","영업/정상","01","영업","","","","","","563.95","","강원특별자치도 삼척시 남양동 32-1 삼일빌딩","강원특별자치도 삼척시 척주로 7, 삼일빌딩 4,5층 (남양동)","25921","봄재활주간보호센터","2025-05-27 16:04:31","U","2025-05-29 02:40:00","사회복지시설","391490.424169424","440223.527738184","사회복지시설","0","0","","","상수도전용","0","0","0","0","0","","0","0","N","74.03","","","",
"1026","집단급식소","07_21_02_P","4241000","4241000-105-2023-00001","2023-03-08","","01","영업/정상","01","영업","","","","","033 5741566","39.30","","강원특별자치도 삼척시 정상동 449 정상빌딩","강원특별자치도 삼척시 정상로2길 12 (정상동)","25926","평화어린이집","2025-05-22 16:25:38","U","2025-05-24 02:40:00","어린이집","392584.502649791","440076.178499032","어린이집","0","0","","","상수도전용","0","0","0","0","0","","0","0","N","13.1","","","",
"1027","집단급식소","07_21_02_P","4241000","4241000-105-2009-00001","2009-04-20","","01","영업/정상","01","영업","","","","","033 541 0546","504.58","","강원특별자치도 삼척시 도계읍 도계리 320-3","강원특별자치도 삼척시 도계읍 도계우회로 78","25948","강원대학교 도계캠퍼스 도원생활관식당","2025-05-19 16:17:34","U","2025-05-21 02:40:00","학교","381618.857757005","417130.268514377","학교","0","0","","","상수도전용","0","0","0","0","0","","0","0","N","128.53","","","",
"1028","집단급식소","07_21_02_P","4241000","4241000-105-2009-00002","2009-04-20","","01","영업/정상","01","영업","","","","","033 5403243","514.24","","강원특별자치도 삼척시 도계읍 황조리 3","강원특별자치도 삼척시 도계읍 황조길 346","25949","강원대학교 도계캠퍼스 학생식당","2025-05-19 16:18:51","U","2025-05-21 02:40:00","학교","386046.233763047","415821.075075062","학교","0","0","","","상수도전용","0","0","0","0","0","","0","0","N","142.51","","","",
"1029","집단급식소","07_21_02_P","4241000","4241000-105-2011-00002","2011-11-25","","01","영업/정상","01","영업","","","","","033 572 3205","183.60","","강원특별자치도 삼척시 근덕면 171-1","강원특별자치도 삼척시 근덕면 삼척로 3884-4, 1층","25932","맹방초등학교 급식소","2025-01-17 17:27:07","U","2025-01-19 02:40:00","학교","395967.707234636","435247.704080286","학교","0","0","","","상수도전용","0","0","0","0","0","","0","0","N","91.8","","","",
"1030","집단급식소","07_21_02_P","4241000","4241000-105-2012-00001","2012-03-05","","01","영업/정상","01","영업","","","","","033 5729206","132.00","","강원특별자치도 삼척시 오분동 40","강원특별자치도 삼척시 동해대로 3783-24 (오분동)","25931","삼척누리유치원집단급식소","2024-03-05 17:39:27","U","2024-03-07 02:40:00","어린이집","393596.753476171","438005.345976192","어린이집","0","0","","","상수도전용","0","0","0","0","0","자가","0","0","N","40.75","","","",
"1031","집단급식소","07_21_02_P","4241000","4241000-105-2012-00002","2012-05-18","","01","영업/정상","01","영업","","","","","033 5531198","35.43","","강원특별자치도 삼척시 도계읍 심포리 197-6","강원특별자치도 삼척시 도계읍 강원남부로 632","25952","도경의료재단","2025-05-19 16:21:57","U","2025-05-21 02:40:00","병원","380673.482125389","410583.346035512","병원","0","0","","","상수도전용","0","5","0","0","0","","0","0","N","35.43","","","",
"1032","집단급식소","07_21_02_P","4241000","4241000-105-2014-00002","2014-06-16","","01","영업/정상","01","영업","","","","","033 572 3500","104.27","","강원특별자치도 삼척시 교동 743-7","강원특별자치도 삼척시 청석로3길 25 (교동)","25924","미라유치원","2025-05-22 16:23:05","U","2025-05-24 02:40:00","어린이집","392509.557096718","440766.082795528","어린이집","0","0","","","상수도전용","0","0","0","0","0","자가","0","0","N","27.72","","","",
"1033","집단급식소","07_21_02_P","4241000","4241000-105-2014-00003","2014-06-30","","01","영업/정상","01","영업","","","","","033 572 7744","131.65","","강원특별자치도 삼척시 근덕면 매원리 257","강원특별자치도 삼척시 근덕면 삼척로 2791-65","25937","삼척효도노인요양원","2025-07-01 09:48:09","U","2025-07-03 02:40:00","사회복지시설","400895.052569566","426198.097690329","사회복지시설","0","0","","","상수도전용","0","0","0","0","0","자가","0","0","N","50.9","","","",
"1034","집단급식소","07_21_02_P","4241000","4241000-105-2015-00001","2015-01-13","","01","영업/정상","01","영업","","","","","070 40353774","308.96","","강원특별자치도 삼척시 남양동 7-1","강원특별자치도 삼척시 사대3길 30 (남양동)","25922","삼척시노인복지관","2025-09-19 10:03:34","U","2025-09-21 02:40:00","사회복지시설","392093.509245456","440313.599324382","사회복지시설","0","0","","","상수도전용","0","0","0","0","0","","0","0","N","54","","","",
"1035","집단급식소","07_21_02_P","4241000","4241000-105-2016-00001","2016-02-02","","01","영업/정상","01","영업","","","","","033 571 4132","792.00","","강원특별자치도 삼척시 원덕읍 호산리 97","강원특별자치도 삼척시 원덕읍 호산해변길 18","25961","한국가스공사 삼척기지본부","2025-05-20 17:08:13","U","2025-05-22 02:40:00","산업체","408063.674966936","410032.010875802","산업체","0","0","","","상수도전용","0","0","0","0","0","자가","0","0","N","201.6","","","",
"1036","집단급식소","07_21_02_P","4241000","4241000-105-2016-00002","2016-06-08","","01","영업/정상","01","영업","","","","","033 803 7951","0.00","","강원특별자치도 삼척시 갈천동 산 16-4","강원특별자치도 삼척시 수로부인길 453 (갈천동)","25909","주식회사 소노인터내셔널 삼척지점 집단급식소","2025-05-27 15:58:24","U","2025-05-29 02:40:00","산업체","391420.652116354","443183.726638104","산업체","0","0","","","상수도전용","0","0","0","0","0","자가","0","0","N","0","","","",
"1037","집단급식소","07_21_02_P","4241000","4241000-105-1999-00003","1999-05-21","","01","영업/정상","01","영업","","","","","033 5701212","436.46","","강원특별자치도 삼척시 근덕면 교가리 540 수양학사","강원특별자치도 삼척시 근덕면 삼척로 3700","25933","근덕중,한국에너지마이스터고등학교","2025-01-17 17:31:18","U","2025-01-19 02:40:00","학교","397009.913406272","433793.741240027","학교","0","0","","","상수도전용","0","0","0","0","0","","0","0","N","160.34","","","",
"1038","집단급식소","07_21_02_P","4241000","4241000-105-2000-00001","2000-03-16","","01","영업/정상","01","영업","","","","","033 5410083","","","강원특별자치도 삼척시 도계읍 도계리 192-1","강원특별자치도 삼척시 도계읍 도계느티로 69","25948","도계고등학교","2025-01-17 17:30:40","U","2025-01-19 02:40:00","학교","382146.07370731","416203.859409046","학교","0","0","","","상수도전용","0","0","0","0","0","","0","0","N","0","","","",
"1039","집단급식소","07_21_02_P","4241000","4241000-105-2000-00002","2000-12-13","","01","영업/정상","01","영업","","","","","033 5416646","","","강원특별자치도 삼척시 도계읍 도계리 224","강원특별자치도 삼척시 도계읍 장원길 71","25948","경동제2구내식당","2025-06-11 13:27:36","U","2025-06-13 02:40:00","산업체","382427.82802667","415778.751151035","산업체","0","0","","","상수도전용","0","0","0","0","0","","0","0","N","0","","","",
"1040","집단급식소","07_21_02_P","4241000","4241000-105-2000-00003","2000-03-20","","01","영업/정상","01","영업","","","","","033 570 8804","","","강원특별자치도 삼척시 남양동 185-2","강원특별자치도 삼척시 사직로 22 (남양동)","25930","삼일중고등학교","2025-01-17 17:30:01","U","2025-01-19 02:40:00","학교","391570.874721713","438928.115211125","학교","0","0","","","상수도전용","0","0","0","0","0","","0","0","N","0","","","",
"1041","집단급식소","07_21_02_P","4241000","4241000-105-2000-00004","2000-03-20","","01","영업/정상","01","영업","","","","","033 5728802","","","강원특별자치도 삼척시 당저동 57","강원특별자치도 삼척시 사대안길 21 (당저동)","25921","삼척고등학교","2025-01-17 17:29:09","U","2025-01-19 02:40:00","학교","391531.307744187","440403.939313008","학교","0","0","","","상수도전용","0","0","0","0","0","","0","0","N","0","","","",
"1042","집단급식소","07_21_02_P","4241000","4241000-105-2001-00001","2000-11-30","","01","영업/정상","01","영업","","","","","033 5731902","515.58","","강원특별자치도 삼척시 자원동 66 외 2필지","강원특별자치도 삼척시 회강길 627 (자원동)","25907","삼척중학교","2025-01-17 17:28:17","U","2025-01-19 02:40:00","학교","389625.965333862","439490.564547353","학교","0","0","","","상수도전용","0","0","0","0","0","","0","0","N","257.79","","","",
"1043","집단급식소","07_21_02_P","4241000","4241000-105-2001-00004","1994-01-24","","01","영업/정상","01","영업","","","","","033 5703662","33.60","","강원특별자치도 삼척시 교동 592","강원특별자치도 삼척시 중앙로 296 (교동)","25914","삼척시청(구내식당)","2025-05-27 16:05:19","U","2025-05-29 02:40:00","공공기관","391531.761152761","440828.852454242","공공기관","0","0","","","상수도전용","0","0","0","0","0","","0","0","N","8.4","","","",
"1044","집단급식소","07_21_02_P","4241000","4241000-105-2001-00005","1990-03-12","","01","영업/정상","01","영업","","","","","033 5707391","248.30","","강원특별자치도 삼척시 남양동 55-9","강원특별자치도 삼척시 오십천로 418 (남양동)","25920","삼척의료원","2025-05-27 15:59:25","U","2025-05-29 02:40:00","병원","391434.820290382","439773.856200338","병원","0","0","","","상수도전용","0","0","0","0","0","","0","0","N","75.93","","","",
"1045","집단급식소","07_21_02_P","4241000","4241000-105-2001-00006","1995-07-13","","01","영업/정상","01","영업","","","","","033 5733463","423.41","","강원특별자치도 삼척시 남양동 132-17 4통3반","강원특별자치도 삼척시 사직로1길 23 (남양동)","25930","진주초등학교","2025-01-17 17:24:00","U","2025-01-19 02:40:00","학교","391532.176630844","439326.514040021","학교","0","0","","","상수도전용","0","0","0","0","0","","0","0","N","225.41","","","",
"1046","집단급식소","07_21_02_P","4241000","4241000-105-2001-00007","1999-05-11","","01","영업/정상","01","영업","","","","","033 5725553","594.00","","강원특별자치도 삼척시 남양동 124","강원특별자치도 삼척시 남산길 6 (남양동)","25930","삼척여자고등학교","2025-01-17 17:29:28","U","2025-01-19 02:40:00","학교","391617.513411638","439457.049716778","학교","0","0","","","상수도전용","0","0","0","0","0","","0","0","N","264","","","",
"1047","집단급식소","07_21_02_P","4241000","4241000-105-2001-00008","1995-08-23","","01","영업/정상","01","영업","","","","","033 5744009","328.05","","강원특별자치도 삼척시 성내동 114 1통3반","강원특별자치도 삼척시 오십천로 279 (원당동)","25918","서부초등학교","2025-01-17 17:25:12","U","2025-01-19 02:40:00","학교","390219.886831838","439632.404320803","학교","0","0","","","상수도전용","0","0","0","0","0","","0","0","N","99.45","","","",
"1048","집단급식소","07_21_02_P","4241000","4241000-105-2001-00010","1997-04-09","","01","영업/정상","01","영업","","","","","033 5749114","89.75","","강원특별자치도 삼척시 정상동 385 삼척병원","강원특별자치도 삼척시 오십천로 506 (정상동)","25928","의료법인동서의료재단집단급식소","2025-05-27 16:01:08","U","2025-05-29 02:40:00","병원","392228.467832434","439395.210180362","병원","0","0","","","상수도전용","0","0","0","0","0","","0","0","N","43.5","","","",
"1049","집단급식소","07_21_02_P","4241000","4241000-105-2002-00001","2002-02-14","","01","영업/정상","01","영업","","","","","033 570 1031","520.90","","강원특별자치도 삼척시 성내동 163-1","강원특별자치도 삼척시 성당길 63-7 (당저동)","25916","청아중학교","2025-09-10 13:36:38","U","2025-09-12 02:40:00","학교","391089.582732748","440294.816544771","학교","0","0","","","상수도전용","0","0","0","0","0","","0","0","N","260.45","","","",
"1050","집단급식소","07_21_02_P","4241000","4241000-105-2003-00001","2003-03-27","","01","영업/정상","01","영업","","","","","033 5410012","","","강원특별자치도 삼척시 도계읍 도계리 285-1 외9필지","강원특별자치도 삼척시 도계읍 도계느티로 15","25948","도계중학교 집단급식소","2020-11-18 16:41:37","I","2023-06-13 00:00:00","학교","381692.099400256","416497.390495698","학교","0","0","","","상수도전용","0","0","0","0","0","","0","0","N","0","","","",
"1051","집단급식소","07_21_02_P","4241000","4241000-105-2005-00001","2005-03-24","","01","영업/정상","01","영업","","","","","033 5419996","44.10","","강원특별자치도 삼척시 도계읍 도계리 48-1","강원특별자치도 삼척시 도계읍 도계로 265","25947","도계한빛유치원","2022-10-28 16:56:46","I","2023-06-13 00:00:00","어린이집","381407.302990842","416582.210281731","어린이집","0","0","","","상수도전용","0","0","0","0","0","","0","0","N","132.3","","","",
"1052","집단급식소","07_21_02_P","4241000","4241000-105-2005-00003","2005-04-08","","01","영업/정상","01","영업","","","","","033 5734253","16.83","","강원특별자치도 삼척시 교동 755","강원특별자치도 삼척시 정상로 91-55 (교동)","25923","노란유치원","2025-05-22 16:22:13","U","2025-05-24 02:40:00","어린이집","392282.299813199","440898.86197957","어린이집","0","0","","","상수도전용","0","0","0","0","0","","0","0","N","16.83","","","",
"1053","집단급식소","07_21_02_P","4241000","4241000-105-2005-00004","2005-05-20","","01","영업/정상","01","영업","","","","","033 5706475","693.00","","강원특별자치도 삼척시 교동 산 253 외 19필지 해솔관","강원특별자치도 삼척시 중앙로 346 (교동, 강원대학교 삼척캠퍼스 해솔관)","25913","강원대학교 삼척캠퍼스 해솔관","2025-05-27 16:06:03","U","2025-05-29 02:40:00","학교","391252.884241855","441215.031332286","학교","0","0","","","상수도(음용)지하수(주방용)겸용","0","0","0","0","0","","0","0","N","207.9","","","",
"1054","집단급식소","07_21_02_P","4241000","4241000-105-2005-00005","2005-05-31","","01","영업/정상","01","영업","","","","","033 5725959","8.75","","강원특별자치도 삼척시 정상동 476-1 23통2반","강원특별자치도 삼척시 정상로 19 (정상동)","25927","다솔유치원","2025-05-22 16:24:45","U","2025-05-24 02:40:00","어린이집","392502.947172617","440177.327186609","어린이집","0","0","","","상수도전용","0","0","0","0","0","","0","0","N","8.75","","","",
"1055","집단급식소","07_21_02_P","4241000","4241000-105-2005-00006","2005-06-04","","01","영업/정상","01","영업","","","","","033 5731630","15.87","","강원특별자치도 삼척시 성내동 8-1 1통1반","강원특별자치도 삼척시 죽서루길 61 (성내동)","25917","중앙유치원","2025-05-27 15:56:40","U","2025-05-29 02:40:00","어린이집","391095.41775993","439933.856431589","어린이집","0","0","","","상수도전용","0","0","0","0","0","","0","0","N","49.14","","","",
"1056","집단급식소","07_21_02_P","4241000","4241000-105-1990-00003","1990-02-26","","01","영업/정상","01","영업","","","","","033 5717152","478.00","","강원특별자치도 삼척시 남양동 114","강원특별자치도 삼척시 동양길 20 (사직동)","25930","(주)삼표시멘트 삼척공장","2025-05-27 16:02:10","U","2025-05-29 02:40:00","산업체","392606.428518564","438473.157192767","산업체","0","0","","","상수도전용","0","0","0","0","0","","0","0","N","86","","","",
"1057","집단급식소","07_21_02_P","4241000","4241000-105-1990-00004","1992-04-08","","01","영업/정상","01","영업","","","","","033 5715413","556.50","","강원특별자치도 삼척시 정상동 345","강원특별자치도 삼척시 정상로3길 5 (정상동)","25926","정라초등학교","2025-09-10 13:37:18","U","2025-09-12 02:40:00","학교","392535.96016992","440350.394888817","학교","0","0","","","상수도전용","0","0","0","0","0","","0","0","N","153.7","","","",
"1058","집단급식소","07_21_02_P","4241000","4241000-105-1991-00001","1991-04-22","","01","영업/정상","01","영업","","","","","033 541 4418","","","강원특별자치도 삼척시 도계읍 도계리 212 4통7반","강원특별자치도 삼척시 도계읍 장원길 25","25948","장원초등학교","2025-09-10 13:38:11","U","2025-09-12 02:40:00","학교","382318.721858648","415993.947595199","학교","0","0","","","상수도전용","0","0","0","0","0","","0","0","N","0","","","",
"1059","집단급식소","07_21_02_P","4241000","4241000-105-1992-00001","1992-04-06","","01","영업/정상","01","영업","","","","","033 5418997","","","강원특별자치도 삼척시 도계읍 도계리 399","강원특별자치도 삼척시 도계읍 도계로 265","25947","도계초등학교","2025-09-10 13:39:03","U","2025-09-12 02:40:00","학교","381407.302990842","416582.210281731","학교","0","0","","","상수도전용","0","0","0","0","0","","0","0","N","0","","","",
"1060","집단급식소","07_21_02_P","4241000","4241000-105-1994-00001","1994-05-20","","01","영업/정상","01","영업","","","","","033 5726103","","","강원특별자치도 삼척시 원덕읍 호산리 347","강원특별자치도 삼척시 원덕읍 삼척로 462-12","25961","호산초등학교","2025-09-10 13:40:56","U","2025-09-12 02:40:00","학교","407277.624532464","411005.417559215","학교","0","0","","","상수도전용","0","0","0","0","0","","0","0","N","0","","","",
"1061","집단급식소","07_21_02_P","4241000","4241000-105-1995-00001","1995-08-28","","01","영업/정상","01","영업","","","","","033 5725019","","","강원특별자치도 삼척시 원덕읍 임원리 800","강원특별자치도 삼척시 원덕읍 삼척로 1246","25956","임원초등학교","2025-09-10 13:40:38","U","2025-09-12 02:40:00","학교","407754.267932669","417430.17864736","학교","0","0","","","상수도전용","0","0","0","0","0","","0","0","N","0","","","",
"1062","집단급식소","07_21_02_P","4241000","4241000-105-1995-00002","1995-08-24","","01","영업/정상","01","영업","","","","","033 5723105","","","강원특별자치도 삼척시 근덕면 교가리 676-1","강원특별자치도 삼척시 근덕면 삼척로 3653","25933","근덕초등학교","2025-01-17 17:26:49","U","2025-01-19 02:40:00","학교","396954.696908601","433246.514517173","학교","0","0","","","상수도전용","0","0","0","0","0","","0","0","N","0","","","",
"1063","집단급식소","07_21_02_P","4241000","4241000-105-1995-00003","1995-07-13","","01","영업/정상","01","영업","","","","","033 5720005","","","강원특별자치도 삼척시 미로면 하거노리 1 1통1반","강원특별자치도 삼척시 미로면 미로강변로1길 10-11","25904","미로초등학교","2025-09-10 13:39:31","U","2025-09-12 02:40:00","학교","388072.565242687","436394.426231684","학교","0","0","","","상수도전용","0","0","0","0","0","","0","0","N","0","","","",
"1064","집단급식소","07_21_02_P","4241000","4241000-105-1999-00001","1999-05-21","","01","영업/정상","01","영업","","","","","033 5410090","","","강원특별자치도 삼척시 도계읍 도계리 255","강원특별자치도 삼척시 도계읍 도계느티로 24","25948","도계전산정보고등학교","2025-09-10 13:37:41","U","2025-09-12 02:40:00","학교","381754.190741549","416335.684503925","학교","0","0","","","상수도전용","0","0","0","0","0","","0","0","N","0","","","",
"1065","집단급식소","07_21_02_P","4241000","4241000-105-1999-00002","1999-05-11","","01","영업/정상","01","영업","","","","","033 5726863","","","강원특별자치도 삼척시 원덕읍 호산리 370","강원특별자치도 삼척시 원덕읍 삼척로 480","25961","원덕중고등학교","2025-09-10 13:41:23","U","2025-09-12 02:40:00","학교","407058.825735137","411047.481943506","학교","0","0","","","상수도전용","0","0","0","0","0","","0","0","N","0","","","",
"1066","집단급식소","07_21_02_P","4241000","4241000-105-2005-00010","2005-07-11","","01","영업/정상","01","영업","","","","","033 5736167","51.48","","강원특별자치도 삼척시 원당동 55 샛별하나어린이집","강원특별자치도 삼척시 원당로2길 67, 샛별하나어린이집 (원당동)","25918","샛별하나어린이집","2020-06-10 15:28:57","I","2023-06-13 00:00:00","어린이집","390537.559273667","439478.827317825","어린이집","0","0","","","상수도전용","0","0","0","0","0","","0","0","N","20.46","","","",
"1067","집단급식소","07_21_02_P","4241000","4241000-105-2006-00001","2006-08-08","","01","영업/정상","01","영업","","","","","033 5718000","115.85","","강원특별자치도 삼척시 당저동 33-3 삼척프라자 1층","강원특별자치도 삼척시 중앙로 258 (당저동)","25922","홈플러스(주)삼척점","2025-06-11 13:38:55","U","2025-06-13 02:40:00","산업체","391815.78579528","440452.323948572","산업체","0","0","","","상수도전용","0","0","0","0","0","","0","0","N","41.24","","","",
"1068","집단급식소","07_21_02_P","4241000","4241000-105-2007-00001","2007-01-31","","01","영업/정상","01","영업","","","","","033 5748700","132.04","","강원특별자치도 삼척시 근덕면 덕산리 36 외5필지","강원특별자치도 삼척시 근덕면 덕산해안로 134-52","25934","오렌지카운티노인요양원","2025-05-20 17:16:35","U","2025-05-22 02:40:00","사회복지시설","398955.840607293","433080.229904981","사회복지시설","0","0","","","상수도전용","0","0","0","0","0","","0","0","N","59.72","","","",
"1069","집단급식소","07_21_02_P","4241000","4241000-105-2007-00002","2007-11-12","","01","영업/정상","01","영업","","","","","033  5706463","730.50","","강원특별자치도 삼척시 교동 산 253 외19필지","강원특별자치도 삼척시 중앙로 346 (교동)","25913","강원대학교삼척캠퍼스 제5공학관","2025-05-27 16:07:00","U","2025-05-29 02:40:00","학교","391252.884241855","441215.031332286","학교","0","0","","","상수도(음용)지하수(주방용)겸용","0","0","0","0","0","","0","0","N","186.75","","","",
"1070","집단급식소","07_21_02_P","4241000","4241000-105-2024-00001","2024-04-15","","01","영업/정상","01","영업","","","","","","805.00","","강원특별자치도 삼척시 적노동 산 29-3","강원특별자치도 삼척시 박걸남로 906 (적노동)","25931","삼척블루파워구내식당","2025-05-20 17:22:15","U","2025-05-22 02:40:00","산업체","392694.02063207","436344.38889505","산업체","0","0","","","상수도전용","0","0","0","0","0","","0","0","N","185","","","",
"1071","집단급식소","07_21_02_P","4241000","4241000-105-2025-00001","2025-05-16","","01","영업/정상","01","영업","","","","","","28.56","","강원특별자치도 삼척시 남양동 6-1 별나라어린이집","강원특별자치도 삼척시 봉황로 91-15, 별나라어린이집 (남양동)","25922","삼척별나라어린이집","2025-05-27 16:02:49","U","2025-05-29 02:40:00","어린이집","392096.694617991","440377.464894823","어린이집","0","0","","","","0","0","0","0","0","","0","0","N","28.56","","","",
"1072","집단급식소","07_21_02_P","4251000","4251000-105-2000-00008","2000-02-03","","01","영업/정상","01","영업","","","","","033 433 2554","204.16","","강원특별자치도 홍천군 남면 양덕원리 114","강원특별자치도 홍천군 남면 한서로 3366","25108","삼성메디슨(주)","2024-06-12 09:23:06","U","2024-06-14 02:40:00","산업체","267605.206208869","457041.380629345","산업체","0","0","","","상수도전용","0","0","0","0","0","","0","0","N","225.16","","","",
"1073","집단급식소","07_21_02_P","4251000","4251000-105-2012-00002","2012-04-19","","01","영업/정상","01","영업","","","","","033 436 8800","86.60","","강원특별자치도 홍천군 북방면 성동리 1010-3","강원특별자치도 홍천군 북방면 생태공원길 59-8","25113","너브내노인전문요양원","2022-02-14 17:00:31","I","2023-06-13 00:00:00","사회복지시설","276886.977786346","471117.119453571","사회복지시설","0","0","","","지하수전용","0","0","0","0","0","","0","0","N","32.5","","","",
"1074","집단급식소","07_21_02_P","4251000","4251000-105-2012-00003","2012-05-25","","01","영업/정상","01","영업","","","","","033 434 3298","118.71","","강원특별자치도 홍천군 홍천읍 결운리 281","강원특별자치도 홍천군 홍천읍 두루봉1길 16","25126","주봉초등학교","2017-07-14 15:09:42","I","2023-06-13 00:00:00","학교","280519.970042427","467758.556849696","학교","0","0","","","상수도전용","0","0","0","0","0","","0","0","N","48.49","","","",
"1075","집단급식소","07_21_02_P","4251000","4251000-105-2013-00004","2013-03-26","","01","영업/정상","01","영업","","","","","033 432 3663","158.90","","강원특별자치도 홍천군 남면 월천리 377-1","강원특별자치도 홍천군 남면 가작골길 6-1","25108","화랑마을어린이집","2024-01-05 09:34:16","U","2024-01-07 02:40:00","어린이집","268243.668423255","458092.839995661","어린이집","0","0","","","상수도전용","0","0","0","0","0","","0","0","N","24.9","","","",
"1076","집단급식소","07_21_02_P","4251000","4251000-105-2013-00005","2013-09-04","","01","영업/정상","01","영업","","","","","033 439 8307","253.43","","강원특별자치도 홍천군 서면 팔봉리 산 277","강원특별자치도 홍천군 서면 한치골길 541-123","25101","소노펠리체CC직원식당","2025-05-02 15:28:43","U","2025-05-04 02:40:00","산업체","","","산업체","0","0","","","전용상수도(특정시설의 자가용 수도)","0","0","0","0","0","","0","0","N","111.86","","","",
"1077","집단급식소","07_21_02_P","4251000","4251000-105-2014-00001","2014-03-03","","01","영업/정상","01","영업","","","","","033 436 5511","37.50","","강원특별자치도 홍천군 남면 양덕원리 18","강원특별자치도 홍천군 남면 양덕원로 160-23","25108","해맑은어린이집","2017-07-14 15:14:54","I","2023-06-13 00:00:00","어린이집","268229.981945347","457944.868163717","어린이집","0","0","","","지하수전용","0","0","0","0","0","","0","0","N","19.17","","","",
"1078","집단급식소","07_21_02_P","4251000","4251000-105-2015-00001","2015-01-20","","01","영업/정상","01","영업","","","","","033 439 8307","775.63","","강원특별자치도 홍천군 서면 팔봉리 1290-14","강원특별자치도 홍천군 서면 한치골길 262 (대명2차콘도 오크동 지하1층)","25102","(주)대명콘도단체식당","2025-05-02 15:27:26","U","2025-05-04 02:40:00","산업체","259927.662555703","460597.297045951","산업체","0","0","","","전용상수도(특정시설의 자가용 수도)","0","0","0","0","0","","0","0","N","266.36","","","",
"1079","집단급식소","07_21_02_P","4251000","4251000-105-2015-00002","2015-03-11","","01","영업/정상","01","영업","","","","","033 433 1712","91.69","","강원특별자치도 홍천군 홍천읍 희망리 307-10","강원특별자치도 홍천군 홍천읍 석화로2길 7","25122","마야유치원","2019-10-25 09:43:29","I","2023-06-13 00:00:00","어린이집","277968.515981728","466237.608766702","어린이집","0","0","","","상수도전용","0","0","0","0","0","","0","0","N","18.66","","","",
"1080","집단급식소","07_21_02_P","4251000","4251000-105-2015-00003","2015-06-05","","01","영업/정상","01","영업","","","","","033 434 0003","170.44","","강원특별자치도 홍천군 서면 반곡리 154","강원특별자치도 홍천군 서면 팔봉산로 639","25101","반곡초등학교","2020-02-04 08:55:59","I","2023-06-13 00:00:00","학교","258592.90302256","465527.933874617","학교","0","0","","","상수도전용","0","0","0","0","0","","0","0","N","21.65","","","",
"1081","집단급식소","07_21_02_P","4251000","4251000-105-1994-00003","1994-03-08","","01","영업/정상","01","영업","","","","","033 4342360","291.60","","강원특별자치도 홍천군 북방면 능평리 74-2","강원특별자치도 홍천군 북방면 능평길 10","25112","화계초등학교","2017-07-14 15:24:35","I","2023-06-13 00:00:00","학교","274732.003972439","467920.453255149","학교","0","0","","","간이상수도","0","0","0","0","0","","0","0","N","0","","","",
"1082","집단급식소","07_21_02_P","4251000","4251000-105-1995-00003","1995-04-27","","01","영업/정상","01","영업","","","","","033 4354921","776.60","","강원특별자치도 홍천군 홍천읍 연봉리 158-1","강원특별자치도 홍천군 홍천읍 연봉로 17-9","25145","남산초등학교","2017-07-14 13:53:42","I","2023-06-13 00:00:00","학교","277376.69953121","464840.998851169","학교","0","0","","","상수도전용","0","0","0","0","0","","0","0","N","0","","","",
"1083","집단급식소","07_21_02_P","4251000","4251000-105-1995-00004","1995-09-02","","01","영업/정상","01","영업","","","","","033 4348677","652.20","","강원특별자치도 홍천군 홍천읍 희망리 313","강원특별자치도 홍천군 홍천읍 희망로4길 12","25134","홍천초등학교","2017-07-14 15:23:30","I","2023-06-13 00:00:00","학교","277923.833507898","465982.112164791","학교","0","0","","","상수도전용","0","0","0","0","0","","0","0","N","0","","","",
"1084","집단급식소","07_21_02_P","4251000","4251000-105-1995-00006","1995-04-27","","01","영업/정상","01","영업","","","","","033 4353095","232.68","","강원특별자치도 홍천군 두촌면 자은리 915","강원특별자치도 홍천군 두촌면 자은로 329","25160","두촌초등학교","2024-01-03 15:23:19","U","2024-01-05 02:40:00","학교","289425.989518399","485515.316009848","학교","0","0","","","상수도전용","0","0","0","0","0","","0","0","N","0","","","",
"1085","집단급식소","07_21_02_P","4251000","4251000-105-1995-00007","1995-04-27","","01","영업/정상","01","영업","","","","","033 4333032","146.70","","강원특별자치도 홍천군 내촌면 도관리 443-1","강원특별자치도 홍천군 내촌면 내촌길 21","25161","내촌초등학교","2024-01-03 15:23:47","U","2024-01-05 02:40:00","학교","295527.440690646","479817.823068487","학교","0","0","","","상수도전용","0","0","0","0","0","","0","0","N","0","","","",
"1086","집단급식소","07_21_02_P","4251000","4251000-105-1997-00001","1997-12-10","","01","영업/정상","01","영업","","","","","033 4308585","662.00","","강원특별자치도 홍천군 북방면 하화계리 936","강원특별자치도 홍천군 북방면 도둔길 49","25115","하이트진로(주)","2020-06-16 15:25:00","I","2023-06-13 00:00:00","산업체","274091.131503479","465814.991902042","산업체","0","0","","","전용상수도(특정시설의 자가용 수도)","0","0","0","0","0","","0","0","N","309","","","",
"1087","집단급식소","07_21_02_P","4251000","4251000-105-2000-00001","2000-04-07","","01","영업/정상","01","영업","","","","","033 4349063","101.20","","강원특별자치도 홍천군 홍천읍 하오안리 597","강원특별자치도 홍천군 홍천읍 오안로 12","25117","오안초등학교","2017-07-14 15:00:00","I","2023-06-13 00:00:00","학교","273271.380564654","462421.177799972","학교","0","0","","","간이상수도","0","0","0","0","0","","0","0","N","0","","","",
"1088","집단급식소","07_21_02_P","4251000","4251000-105-2000-00004","2000-04-10","","01","영업/정상","01","영업","","","","","033439 3693","221.08","","강원특별자치도 홍천군 남면 양덕원리 66","강원특별자치도 홍천군 남면 새작들길 11","25108","강원생활과학고등학교","2017-07-14 13:49:06","I","2023-06-13 00:00:00","학교","267907.142182236","456452.650738902","학교","0","0","","","상수도전용","0","0","0","0","0","","0","0","N","221.08","","","",
"1089","집단급식소","07_21_02_P","4251000","4251000-105-2000-00005","2000-04-10","","01","영업/정상","01","영업","","","","","033 4322071","148.40","","강원특별자치도 홍천군 화촌면 내삼포리 59-2","강원특별자치도 홍천군 화촌면 구룡령로 339","25158","삼포초등학교","2017-07-14 14:47:30","I","2023-06-13 00:00:00","학교","285921.04944153","473072.434237494","학교","0","0","","","간이상수도","0","0","0","0","0","","0","0","N","0","","","",
"1090","집단급식소","07_21_02_P","4251000","4251000-105-2000-00006","2000-10-27","","01","영업/정상","01","영업","","","","","033 4393117","603.34","","강원특별자치도 홍천군 홍천읍 희망리 20-13","강원특별자치도 홍천군 홍천읍 석화안길2길 25","25121","홍천고등학교","2019-04-10 12:47:52","I","2023-06-13 00:00:00","학교","278561.11544518","466668.196807746","학교","0","0","","","상수도전용","0","0","0","0","0","","0","0","N","248.4","","","",
"1091","집단급식소","07_21_02_P","4251000","4251000-105-2000-00007","2000-04-08","","01","영업/정상","01","영업","","","","","033 4334015","288.72","","강원특별자치도 홍천군 서석면 풍암리 269-1","강원특별자치도 홍천군 서석면 구룡령로 2570","25166","서석중.고등학교","2017-07-14 14:49:00","I","2023-06-13 00:00:00","학교","304837.384525997","468168.369544355","학교","0","0","","","간이상수도","0","0","0","0","0","","0","0","N","0","","","",
"1092","집단급식소","07_21_02_P","4251000","4251000-105-2001-00001","1990-03-01","","01","영업/정상","01","영업","","","","","033 4305412","247.17","","강원특별자치도 홍천군 홍천읍 갈마곡리 466-1","강원특별자치도 홍천군 홍천읍 산림공원1길 17","25131","홍천아산병원","2021-01-13 14:29:57","I","2023-06-13 00:00:00","병원","278852.231568625","465755.841290153","병원","0","0","","","상수도(음용)지하수(주방용)겸용","0","0","0","0","0","","0","0","N","169.89","","","",
"1093","집단급식소","07_21_02_P","4251000","4251000-105-2005-00013","2005-08-31","","01","영업/정상","01","영업","","","","","033 4336883","257.25","","강원특별자치도 홍천군 홍천읍 갈마곡리 28-1","강원특별자치도 홍천군 홍천읍 갈마로11길 12","25128","홍천여자중학교","2017-07-14 15:22:02","I","2023-06-13 00:00:00","학교","279740.917186818","466503.017453636","학교","0","0","","","상수도전용","0","0","0","0","0","","0","0","N","624.75","","","",
"1094","집단급식소","07_21_02_P","4251000","4251000-105-2006-00001","2006-04-10","","01","영업/정상","01","영업","","","","","033 4359194","90.16","","강원특별자치도 홍천군 화촌면 굴운리 125","강원특별자치도 홍천군 화촌면 굴운로 435-15","25158","홍천노인전문요양원","2023-09-01 12:05:54","U","2023-09-04 02:40:00","사회복지시설","285744.72864695","468287.870419183","사회복지시설","0","0","","","지하수전용","0","0","0","0","0","자가","0","0","N","48.11","","","",
"1095","집단급식소","07_21_02_P","4251000","4251000-105-2006-00002","2006-07-05","","01","영업/정상","01","영업","","","","","033 439 7505","151.27","","강원특별자치도 홍천군 서면 팔봉리 1279-3 외 23필지(지하)","강원특별자치도 홍천군 서면 한치골길 지하 262","","(주)소노인터내셔널 오션월드 직원식당","2025-05-02 15:29:16","U","2025-05-04 02:40:00","산업체","260470.445000672","460858.806220557","산업체","0","0","","","전용상수도(특정시설의 자가용 수도)","0","4","0","0","0","자가","0","0","N","50.02","","","",
"1096","집단급식소","07_21_02_P","4251000","4251000-105-2007-00001","2007-02-09","","01","영업/정상","01","영업","","","","","033 4327891","120.43","","강원특별자치도 홍천군 홍천읍 희망리 393","강원특별자치도 홍천군 홍천읍 홍천로 301","25135","(주)금강고속","2024-05-14 10:03:36","U","2024-05-16 02:40:00","산업체","277429.017075472","465569.694035262","산업체","0","0","","","상수도전용","0","0","0","0","0","자가","0","0","N","45.57","","","",
"1097","집단급식소","07_21_02_P","4251000","4251000-105-2007-00002","2007-03-08","","01","영업/정상","01","영업","","","","","033 4322476","656.40","","강원특별자치도 홍천군 홍천읍 희망리 337","강원특별자치도 홍천군 홍천읍 꽃뫼로 71","25120","홍천여자고등학교","2017-07-14 15:21:19","I","2023-06-13 00:00:00","학교","277676.409133889","465823.659103714","학교","0","0","","","상수도전용","0","0","0","0","0","자가","0","0","N","281.7","","","",
"1098","집단급식소","07_21_02_P","4251000","4251000-105-2007-00003","2007-06-28","","01","영업/정상","01","영업","","","","","0334398307","162.25","","강원특별자치도 홍천군 서면 팔봉리 1279-3","강원특별자치도 홍천군 서면 한치골길 지하 262 ((파도풀지하))","","오션월드지하식당(파도풀)","2025-05-02 15:29:53","U","2025-05-04 02:40:00","산업체","260470.445000672","460858.806220557","산업체","0","0","","","상수도전용","0","5","0","0","0","자가","0","0","N","73.21","","","",
"1099","집단급식소","07_21_02_P","4251000","4251000-105-2007-00004","2007-08-08","","01","영업/정상","01","영업","","","","","033 432 8558","17.40","","강원특별자치도 홍천군 홍천읍 연봉리 457-3","강원특별자치도 홍천군 홍천읍 남산강변로4길 4","25149","조은어린이집","2024-01-05 09:33:19","U","2024-01-07 02:40:00","어린이집","277659.637649376","465123.399939419","어린이집","0","0","","","상수도전용","0","0","0","0","0","자가","0","0","N","17.4","","","",
"1100","집단급식소","07_21_02_P","4251000","4251000-105-2007-00006","2007-08-28","","01","영업/정상","01","영업","","","","","033 434 6800","48.75","","강원특별자치도 홍천군 홍천읍 연봉리 288-6","강원특별자치도 홍천군 홍천읍 무궁화로3길 7","","우성유치원","2019-01-04 17:33:58","I","2023-06-13 00:00:00","어린이집","276869.24376446","464933.726392084","어린이집","0","0","","","상수도전용","0","0","0","0","0","","0","0","N","48.75","","","",
"1101","집단급식소","07_21_02_P","4251000","4251000-105-2009-00001","2009-03-25","","01","영업/정상","01","영업","","","","","033 432 2090","17.64","","강원특별자치도 홍천군 홍천읍 갈마곡리 153-3","강원특별자치도 홍천군 홍천읍 산림공원2길 11-20","25131","토리숲어린이집","2024-01-05 09:33:44","U","2024-01-07 02:40:00","어린이집","279026.044000172","465707.817621135","어린이집","0","0","","","상수도전용","0","0","0","0","0","","0","0","N","17.64","","","",
"1102","집단급식소","07_21_02_P","4251000","4251000-105-2009-00002","2009-06-12","","01","영업/정상","01","영업","","","","","033 435 6312","10.39","","강원특별자치도 홍천군 홍천읍 연봉리 192-1","강원특별자치도 홍천군 홍천읍 연봉로 11","25145","예사랑어린이집","2024-01-05 09:32:56","U","2024-01-07 02:40:00","어린이집","277287.127127385","464952.928147485","어린이집","0","0","","","상수도전용","0","0","0","0","0","","0","0","N","10.39","","","",
"1103","집단급식소","07_21_02_P","4251000","4251000-105-2009-00003","2009-12-04","","01","영업/정상","01","영업","","","","","033 439 8307","140.85","","강원특별자치도 홍천군 서면 팔봉리 1278-11 소노펠리체 타워동 지하1층","강원특별자치도 홍천군 서면 한치골길 지하 262, 1층 (소노펠리체 타워동)","","소노직원식당","2025-05-02 15:27:59","U","2025-05-04 02:40:00","산업체","260173.247115994","461255.142360437","산업체","0","0","","","전용상수도(특정시설의 자가용 수도)","0","0","0","0","0","","0","0","N","55.13","","","",
"1104","집단급식소","07_21_02_P","4251000","4251000-105-2010-00002","2010-09-01","","01","영업/정상","01","영업","","","","","033 430 8700","149.58","","강원특별자치도 홍천군 홍천읍 태학리 270-38","강원특별자치도 홍천군 홍천읍 태학여내길 80-3","25126","홍천군노인복지관","2017-07-14 15:16:23","I","2023-06-13 00:00:00","사회복지시설","279926.157726518","468211.634862923","사회복지시설","0","0","","","상수도전용","0","0","0","0","0","자가","0","0","N","37.98","","","",
"1105","집단급식소","07_21_02_P","4251000","4251000-105-2015-00005","2015-08-12","","01","영업/정상","01","영업","","","","","033 432 0558","142.74","","강원특별자치도 홍천군 홍천읍 희망리 83-5","강원특별자치도 홍천군 홍천읍 마지기로 67-1","25122","열린어린이집","2018-05-21 11:15:57","I","2023-06-13 00:00:00","어린이집","278040.181306217","466281.985307924","어린이집","0","0","","","상수도전용","0","0","0","0","0","","0","0","N","10.75","","","",
"1106","집단급식소","07_21_02_P","4251000","4251000-105-2017-00002","2017-05-15","","01","영업/정상","01","영업","","","","","033 436 8522","37.41","","강원특별자치도 홍천군 홍천읍 연봉리 304","강원특별자치도 홍천군 홍천읍 무궁화로4길 23","25141","화랑어린이집","2022-07-25 14:58:29","I","2023-06-13 00:00:00","어린이집","276799.361877089","465108.791832606","어린이집","0","0","","","상수도전용","0","0","0","0","0","","0","0","N","37.41","","","",
"1107","집단급식소","07_21_02_P","4251000","4251000-105-2017-00004","2017-10-16","","01","영업/정상","01","영업","","","","","033 439 9840","162.54","","강원특별자치도 홍천군 홍천읍 태학리 309","강원특별자치도 홍천군 홍천읍 홍천로 651","25126","홍천경찰서구내식당","2017-11-12 13:22:00","I","2023-06-13 00:00:00","공공기관","279987.200194521","467580.794673212","공공기관","0","0","","","상수도전용","0","0","0","0","0","","0","0","N","42.84","","","",
"1108","집단급식소","07_21_02_P","4251000","4251000-105-2018-00001","2018-03-08","","01","영업/정상","01","영업","","","","","033 432 9662","94.77","","강원특별자치도 홍천군 북방면 하화계리 827-7 홍천군 장애인근로작업장","강원특별자치도 홍천군 북방면 송학정로 36, 홍천군 장애인근로작업장","25115","홍천군장애인근로작업장","2024-07-02 13:44:27","U","2024-07-04 02:40:00","사회복지시설","275700.27329311","464740.642181102","사회복지시설","0","0","","","상수도전용","0","0","0","0","0","","0","0","N","16.8","","","",
"1109","집단급식소","07_21_02_P","4251000","4251000-105-2018-00002","2018-10-17","","01","영업/정상","01","영업","","","","","033 439 5330","119.70","","강원특별자치도 홍천군 화촌면 구성포리 21-4","강원특별자치도 홍천군 화촌면 구룡령로 42","25156","해피누리요양원","2023-04-24 18:05:18","I","2023-06-13 00:00:00","사회복지시설","283776.719716717","471979.629039555","사회복지시설","0","0","","","상수도전용","0","0","0","0","0","","0","0","N","32.4","","","",
"1110","집단급식소","07_21_02_P","4251000","4251000-105-2018-00003","2018-11-19","","01","영업/정상","01","영업","","","","","033 433 8761","192.96","","강원특별자치도 홍천군 남면 용수리 41-10","강원특별자치도 홍천군 남면 남노일로 720-8, 2층","25105","해밀학교","2018-11-27 22:16:54","I","2023-06-13 00:00:00","학교","267696.554293002","461987.869085198","학교","0","0","","","지하수전용","0","0","0","0","0","","0","0","N","74.88","","","",
"1111","집단급식소","07_21_02_P","4251000","4251000-105-2018-00004","2018-12-18","","01","영업/정상","01","영업","","","","","033 439 1000","572.00","","강원특별자치도 홍천군 두촌면 괘석리 116","강원특별자치도 홍천군 두촌면 광석로 898-87","25160","미래를 보는 눈","2022-10-14 10:08:34","I","2023-06-13 00:00:00","기타 집단급식소","297606.523221348","487550.166179772","기타 집단급식소","0","0","","","전용상수도(특정시설의 자가용 수도)","0","0","0","0","0","","0","0","N","194.82","","","",
"1112","집단급식소","07_21_02_P","4251000","4251000-105-2019-00001","2019-01-30","","01","영업/정상","01","영업","","","","","033 434 7475","611.14","","강원특별자치도 홍천군 홍천읍 희망리 20-13","강원특별자치도 홍천군 홍천읍 석화안길2길 25","25121","홍천중학교","2019-05-23 14:00:05","I","2023-06-13 00:00:00","학교","278561.11544518","466668.196807746","학교","0","0","","","상수도전용","0","0","0","0","0","자가","0","0","N","256.2","","","",
"1113","집단급식소","07_21_02_P","4251000","4251000-105-2019-00002","2019-04-05","","01","영업/정상","01","영업","","","","","070 40330161","96.48","","강원특별자치도 홍천군 홍천읍 연봉리 100","강원특별자치도 홍천군 홍천읍 생명과학관길 94","25142","씨티씨바이오","2019-05-21 10:34:10","I","2023-06-13 00:00:00","산업체","","","산업체","0","0","","","상수도전용","0","0","0","0","0","","0","0","N","26.13","","","",
"1114","집단급식소","07_21_02_P","4251000","4251000-105-2019-00003","2019-06-20","","01","영업/정상","01","영업","","","","","033 434 9713","353.00","","강원특별자치도 홍천군 영귀미면 노천리 1441","강원특별자치도 홍천군 영귀미면 공작산로 1220, 노천초등학교","25155","노천초등학교","2021-02-24 11:50:30","I","2023-06-13 00:00:00","학교","289406.867082776","463371.034624862","학교","0","0","","","상수도전용","0","0","0","0","0","","0","0","N","56.5","","","",
"1115","집단급식소","07_21_02_P","4251000","4251000-105-2020-00001","2020-10-21","","01","영업/정상","01","영업","","","","","033 433 0183","255.99","","강원특별자치도 홍천군 홍천읍 장전평리 252","강원특별자치도 홍천군 홍천읍 긴밭들1길 19","25119","홍천남산유치원","2025-01-06 15:11:24","U","2025-01-08 02:40:00","어린이집","278320.180237831","462109.798083665","어린이집","0","0","","","상수도전용","0","3","0","0","0","","0","0","N","255.99","","","",
"1116","집단급식소","07_21_02_P","4251000","4251000-105-2020-00002","2020-10-30","","01","영업/정상","01","영업","","","","","033 432 9246","134.57","","강원특별자치도 홍천군 남면 화전리 1688","강원특별자치도 홍천군 남면 흥성길 53","25107","(주)세준에프앤비","2023-03-09 15:27:22","I","2023-06-13 00:00:00","산업체","266231.807101266","456503.058739759","산업체","0","0","","","","0","0","0","0","0","","0","0","N","30.15","","","",
"1117","집단급식소","07_21_02_P","4251000","4251000-105-2020-00003","2020-12-30","","01","영업/정상","01","영업","","","","","033 439 9180","233.07","","강원특별자치도 홍천군 서면 모곡리 1533","강원특별자치도 홍천군 서면 장락동길 111","25100","클럽모우골프장 직원식당","2020-12-30 11:30:46","I","2023-06-13 00:00:00","산업체","249740.392686155","465760.197092572","산업체","0","0","","","","0","0","0","0","0","자가","0","0","N","105.91","","","",
"1118","집단급식소","07_21_02_P","4251000","4251000-105-2021-00001","2021-02-01","","01","영업/정상","01","영업","","","","","033 435 1010","110.00","","강원특별자치도 홍천군 홍천읍 상오안리 126-1","강원특별자치도 홍천군 홍천읍 설악로 1009-9","25117","(주)산돌식품","2022-01-21 11:28:53","I","2023-06-13 00:00:00","산업체","272744.03408621","462101.911964728","산업체","0","0","","","","0","0","0","0","0","자가","0","0","N","20","","","",
"1119","집단급식소","07_21_02_P","4251000","4251000-105-2021-00002","2021-07-08","","01","영업/정상","01","영업","","","","","033 433 7711","64.00","","강원특별자치도 홍천군 북방면 하화계리 22-21","강원특별자치도 홍천군 북방면 홍천로 224-5","25115","희망방문센터(주간보호)","2024-02-06 15:44:05","U","2024-02-08 02:40:00","사회복지시설","276673.639127593","465639.182929135","사회복지시설","0","0","","","","0","0","0","0","0","","0","0","N","54.37","","","",
"1120","집단급식소","07_21_02_P","4251000","4251000-105-2021-00004","2021-12-28","","01","영업/정상","01","영업","","","","","033 436 0166","175.50","","강원특별자치도 홍천군 서석면 검산리 751-4","강원특별자치도 홍천군 서석면 버들구미길 25","25167","삼덕원","2024-11-14 09:18:43","U","2024-11-16 02:40:00","사회복지시설","307313.76098531","467932.102612911","사회복지시설","0","0","","","지하수전용","0","0","0","0","0","","0","0","N","61.5","","","",
"1121","집단급식소","07_21_02_P","4251000","4251000-105-2022-00001","2022-05-06","","01","영업/정상","01","영업","","","","","033 436 3004","324.72","","강원특별자치도 홍천군 홍천읍 진리 21-1 홍천군종합사회복지관","강원특별자치도 홍천군 홍천읍 너브내길 123, 홍천군종합사회복지관 지하1층","25132","홍천군종합사회복지관","2024-06-21 14:48:45","U","2024-06-23 02:40:00","사회복지시설","278549.343315849","465865.923689856","사회복지시설","0","0","","","","0","0","0","0","0","","0","0","N","63.36","","","",
"1122","집단급식소","07_21_02_P","4251000","4251000-105-2023-00001","2023-04-13","","01","영업/정상","01","영업","","","","","","15.50","","강원특별자치도 홍천군 홍천읍 연봉리 279-1","강원특별자치도 홍천군 홍천읍 송학로5길 18","25140","화랑리버빌어린이집","2024-10-28 13:51:59","U","2024-10-30 02:40:00","어린이집","276936.660271451","465217.858176437","어린이집","0","0","","","","0","0","0","0","0","","0","0","N","15.5","","","",
"1123","집단급식소","07_21_02_P","4251000","4251000-105-1978-00001","1978-01-01","","01","영업/정상","01","영업","","","","","033 4341005","146.70","","강원특별자치도 홍천군 서면 모곡리 40","강원특별자치도 홍천군 서면 모곡로34번길 15","25100","한서초등학교","2017-07-14 15:14:29","I","2023-06-13 00:00:00","학교","253079.691355605","465538.500621202","학교","0","0","","","지하수전용","0","0","0","0","0","","0","0","N","0","","","",
"1124","집단급식소","07_21_02_P","4251000","4251000-105-1979-00001","1979-01-01","","01","영업/정상","01","영업","","","","","033 4349125","83.00","","강원특별자치도 홍천군 서면 모곡리 184-2 모곡초등학교","강원특별자치도 홍천군 서면 설밀길 76, 모곡초등학교","25100","대곡초등학교","2025-02-20 13:57:48","U","2025-02-22 02:40:00","학교","252912.065033967","464013.245451644","학교","0","0","","","지하수전용","0","0","0","0","0","","0","0","N","0","","","",
"1125","집단급식소","07_21_02_P","4251000","4251000-105-1985-00001","1985-06-14","","01","영업/정상","01","영업","","","","","033 4326007","266.70","","강원특별자치도 홍천군 내면 1624-5","강원특별자치도 홍천군 내면 구룡령로 5198","25171","창촌초등학교","2025-01-06 15:09:16","U","2025-01-08 02:40:00","학교","322260.934958142","474859.049917643","학교","0","0","","","상수도전용","0","0","0","0","0","","0","0","N","0","","","",
"1126","집단급식소","07_21_02_P","4251000","4251000-105-1990-00002","1990-03-20","","01","영업/정상","01","영업","","","","","033 4308895","515.99","","강원특별자치도 홍천군 홍천읍 431","강원특별자치도 홍천군 홍천읍 석화안길1길 12","25125","석화초등학교","2017-07-14 14:50:52","I","2023-06-13 00:00:00","학교","278735.574999359","466528.810928194","학교","0","0","","","상수도전용","0","0","0","0","0","","0","0","N","165","","","",
"1127","집단급식소","07_21_02_P","4251000","4251000-105-1992-00001","1992-04-17","","01","영업/정상","01","영업","","","","","033 4334947","370.16","","강원특별자치도 홍천군 서석면 풍암리 1","강원특별자치도 홍천군 서석면 조가동길 95-19","25166","서석초등학교","2024-01-03 15:22:53","U","2024-01-05 02:40:00","학교","305594.399725123","468381.897144517","학교","0","0","","","상수도전용","0","0","0","0","0","","0","0","N","0","","","",
"1128","집단급식소","07_21_02_P","4251000","4251000-105-1992-00002","1992-05-07","","01","영업/정상","01","영업","","","","","033 4326862","237.90","","강원특별자치도 홍천군 남면 양덕원리 281","강원특별자치도 홍천군 남면 양덕원로 117","25108","명덕초등학교","2017-07-14 14:30:04","I","2023-06-13 00:00:00","학교","267729.851295979","457885.131630562","학교","0","0","","","상수도전용","0","0","0","0","0","","0","0","N","0","","","",
"1129","집단급식소","07_21_02_P","4251000","4251000-105-1993-00001","1993-04-08","","01","영업/정상","01","영업","","","","","033439 3505","563.58","","강원특별자치도 홍천군 홍천읍 결운리 311 홍천농업고등학교","강원특별자치도 홍천군 홍천읍 홍천로 678-15, 홍천농업고등학교 부45동 1층","25126","홍천농업고등학교","2019-04-10 13:43:53","I","2023-06-13 00:00:00","학교","280284.878963872","467369.748719347","학교","0","0","","","상수도전용","0","0","0","0","0","","0","0","N","231.61","","","",
"1130","집단급식소","07_21_02_P","4251000","4251000-105-1993-00002","1993-03-29","","01","영업/정상","01","영업","","","","","033 4360045","270.50","","강원특별자치도 홍천군 영귀미면 속초리 707","강원특별자치도 홍천군 영귀미면 속초길 14","25154","속초초등학교","2017-07-14 14:52:55","I","2023-06-13 00:00:00","학교","282782.090750764","464479.97610697","학교","0","0","","","상수도전용","0","0","0","0","0","","0","0","N","0","","","",
"1131","집단급식소","07_21_02_P","4251000","4251000-105-2004-00001","2004-03-17","","01","영업/정상","01","영업","","","","","033 260 3908","62.13","","강원특별자치도 홍천군 북방면 본궁리 94","강원특별자치도 홍천군 북방면 팔봉산로 2420-58","25111","의료법인 연호의료재단","2024-11-14 14:40:09","U","2024-11-16 02:40:00","병원","271723.032524382","470277.602750368","병원","0","0","","","상수도전용","0","0","0","0","0","","0","0","N","427.75","","","",
"1132","집단급식소","07_21_02_P","4251000","4251000-105-2004-00002","2004-03-31","","01","영업/정상","01","영업","","","","","033 4343234","18.00","","강원특별자치도 홍천군 홍천읍 희망리 344-27","강원특별자치도 홍천군 홍천읍 꽃뫼로 41","25120","홍천어린이집","2024-01-05 09:31:50","U","2024-01-07 02:40:00","어린이집","277398.259647364","465742.137784802","어린이집","0","0","","","상수도전용","0","0","0","0","0","","0","0","N","18","","","",
"1133","집단급식소","07_21_02_P","4251000","4251000-105-2004-00004","2004-04-07","","01","영업/정상","01","영업","","","","","033 4339564","16.45","","강원특별자치도 홍천군 홍천읍 희망리 272-3","강원특별자치도 홍천군 홍천읍 석화로3길 17","25121","희망어린이집","2024-01-05 09:32:26","U","2024-01-07 02:40:00","어린이집","277884.961715638","466437.043944788","어린이집","0","0","","","상수도전용","0","0","0","0","0","","0","0","N","27.35","","","",
"1134","집단급식소","07_21_02_P","4251000","4251000-105-2004-00008","2004-05-01","","01","영업/정상","01","영업","","","","","033 4325052","0.00","","강원특별자치도 홍천군 남면 시동리 1241","강원특별자치도 홍천군 남면 시동안로 89","25109","협신초등학교","2017-07-14 15:15:26","I","2023-06-13 00:00:00","학교","272248.431733649","455130.811320172","학교","0","0","","","상수도전용","0","0","0","0","0","","0","0","N","161.08","","","",
"1135","집단급식소","07_21_02_P","4251000","4251000-105-2004-00010","2004-05-14","","01","영업/정상","01","영업","","","","","033 4333121","46.36","","강원특별자치도 홍천군 홍천읍 희망리 307-19","강원특별자치도 홍천군 홍천읍 석화로 45","25121","강룡사유치원","2019-01-04 17:33:40","I","2023-06-13 00:00:00","어린이집","277863.987472839","466192.599879466","어린이집","0","0","","","상수도전용","0","0","0","0","0","","0","0","N","280.38","","","",
"1136","집단급식소","07_21_02_P","4251000","4251000-105-2005-00002","2005-06-13","","01","영업/정상","01","영업","","","","","033 4356322","69.84","","강원특별자치도 홍천군 내촌면 물걸리 252","강원특별자치도 홍천군 내촌면 동창로 207","25162","팔렬중학교","2017-07-14 15:12:48","I","2023-06-13 00:00:00","학교","301303.622175289","476270.08317579","학교","0","0","","","간이상수도","0","0","0","0","0","","0","0","N","220.1","","","",
"1137","집단급식소","07_21_02_P","4251000","4251000-105-2005-00007","2005-07-12","","01","영업/정상","01","영업","","","","","033 4349678","12.91","","강원특별자치도 홍천군 홍천읍 결운리 299-2","강원특별자치도 홍천군 홍천읍 결운로 182-5","25126","사랑어린이집","2024-01-05 09:32:47","U","2024-01-07 02:40:00","어린이집","280496.089602887","467705.684179512","어린이집","0","0","","","상수도전용","0","0","0","0","0","","0","0","N","41.77","","","",
"1138","집단급식소","07_21_02_P","4251000","4251000-105-2010-00003","2010-09-01","","01","영업/정상","01","영업","","","","","033 435 7031","130.35","","강원특별자치도 홍천군 홍천읍 태학리 270-25","강원특별자치도 홍천군 홍천읍 태학여내길 80-7","25126","홍천군장애인복지관","2017-07-14 15:17:24","I","2023-06-13 00:00:00","사회복지시설","279942.580873403","468166.750516754","사회복지시설","0","0","","","상수도전용","0","0","0","0","0","자가","0","0","N","28.35","","","",
"1139","집단급식소","07_21_02_P","4251000","4251000-105-2010-00004","2010-09-03","","01","영업/정상","01","영업","","","","","033 433 2963","158.47","","강원특별자치도 홍천군 홍천읍 신장대리 4-10","강원특별자치도 홍천군 홍천읍 희망로4길 14","25134","너브내유치원","2024-01-03 15:25:26","U","2024-01-05 02:40:00","어린이집","278006.710629794","465901.193256925","어린이집","0","0","","","상수도전용","0","0","0","0","0","","0","0","N","57.85","","","",
"1140","집단급식소","07_21_02_P","4251000","4251000-105-2024-00001","2024-08-20","","01","영업/정상","01","영업","","","","","033 439 2214","87.00","","강원특별자치도 홍천군 홍천읍 갈마곡리 133 홍천소방서","강원특별자치도 홍천군 홍천읍 공작산로 99, 홍천소방서","25150","홍천소방서","2025-07-09 17:21:55","U","2025-07-11 02:40:00","공공기관","279529.285361109","465843.787277118","공공기관","0","0","","","","0","0","0","0","0","","0","0","N","28","","","",
"1141","집단급식소","07_21_02_P","4251000","4251000-105-2025-00001","2025-04-24","","01","영업/정상","01","영업","","","","","","59.34","","강원특별자치도 홍천군 북방면 하화계리 277-1","강원특별자치도 홍천군 북방면 홍천로 182-20, 아르떼요양원","25115","아르떼요양원","2025-04-24 13:58:49","I","2025-04-26 00:10:03","사회복지시설","276193.931318062","465684.986299157","사회복지시설","0","0","","","지하수전용","0","25","0","0","0","","0","0","N","59.34","","","",
"1142","집단급식소","07_21_02_P","4261000","4261000-105-2016-00004","2016-08-25","","01","영업/정상","01","영업","","","","","033 345 0779","11.00","","강원특별자치도 횡성군 횡성읍 읍상리 622","강원특별자치도 횡성군 횡성읍 읍마남로25번길 14","25227","다솔숲어린이집","2022-03-24 20:34:12","I","2023-06-13 00:00:00","어린이집","287757.821701737","443428.114358513","어린이집","0","0","","","상수도전용","0","0","0","0","0","","0","0","N","11","","","",
"1143","집단급식소","07_21_02_P","4261000","4261000-105-2018-00001","2018-06-12","","01","영업/정상","01","영업","","","","","033 345 2557","185.47","","강원특별자치도 횡성군 우천면 상하가리 532","강원특별자치도 횡성군 우천면 우천산업단지로 37-6","25244","(주)바이오로제트","2024-07-25 17:38:34","U","2024-07-27 02:40:00","산업체","293895.86419822","443437.169679595","산업체","0","0","","","상수도전용","0","3","0","0","0","자가","0","0","N","44.5","","","",
"1144","집단급식소","07_21_02_P","4261000","4261000-105-2019-00001","2019-08-29","","01","영업/정상","01","영업","","","","","070 50504215","135.20","","강원특별자치도 횡성군 횡성읍 추동리 3-4 창림초등학교","강원특별자치도 횡성군 횡성읍 한우로 789, 창림초등학교","25213","창림초등학교","2019-08-29 17:18:35","I","2023-06-13 00:00:00","학교","291577.457132002","444189.1771901","학교","0","0","","","상수도전용","0","0","0","0","0","자가","0","0","N","50","","","",
"1145","집단급식소","07_21_02_P","4261000","4261000-105-2019-00002","2019-12-19","","01","영업/정상","01","영업","","","","","033 343 6117","165.66","","강원특별자치도 횡성군 공근면 창봉리 652","강원특별자치도 횡성군 공근면 영서로 800","25203","(주)소모 횡성공장","2023-04-06 14:31:28","I","2023-06-13 00:00:00","산업체","282623.180513953","453127.771114394","산업체","0","0","","","지하수전용","0","0","0","0","0","","0","0","N","58.74","","","",
"1146","집단급식소","07_21_02_P","4261000","4261000-105-2020-00002","2020-08-06","","01","영업/정상","01","영업","","","","","033 344 1111","494.98","","강원특별자치도 횡성군 강림면 강림리 산 703","강원특별자치도 횡성군 강림면 주천강로강림3길 26-4","25272","의료법인 청강의료재단 청강요양병원","2022-06-30 09:00:40","I","2023-06-13 00:00:00","병원","","","병원","0","0","","","지하수전용","0","0","0","0","0","자가","0","0","N","74.18","","","",
"1147","집단급식소","07_21_02_P","4261000","4261000-105-2020-00003","2020-09-16","","01","영업/정상","01","영업","","","","","033  3448175","83.00","","강원특별자치도 횡성군 우천면 법주리 728 (주)웰파인","강원특별자치도 횡성군 우천면 우천제2농공단지로 77 (주)웰파인","25249","주식회사 웰파인","2025-09-19 11:11:38","U","2025-09-22 02:40:00","산업체","294003.44","439239.04","산업체","0","0","","","상수도전용","0","0","0","0","0","","0","0","N","36","","","",
"1148","집단급식소","07_21_02_P","4261000","4261000-105-2020-00004","2020-11-03","","01","영업/정상","01","영업","","","","","033 342 5667","67.94","","강원특별자치도 횡성군 우천면 양적리 37-27","강원특별자치도 횡성군 우천면 수남로266번길 35","25249","(주)한국피에스","2020-11-03 10:24:25","I","2023-06-13 00:00:00","산업체","293637.35190552","439962.510087422","산업체","0","0","","","상수도전용","0","0","0","0","0","자가","0","0","N","16.45","","","",
"1149","집단급식소","07_21_02_P","4261000","4261000-105-2020-00005","2020-12-23","","01","영업/정상","01","영업","","","","","033 340 4800","294.00","","강원특별자치도 횡성군 우천면 상하가리 450 (주)지원플러스","강원특별자치도 횡성군 우천면 우천산업단지로 60-44","25244","(주)디피코","2020-12-24 09:30:19","I","2023-06-13 00:00:00","산업체","293612.828922182","443847.048200703","산업체","0","0","","","상수도전용","0","0","0","0","0","","0","0","N","45","","","",
"1150","집단급식소","07_21_02_P","4261000","4261000-105-2021-00002","2021-04-22","","01","영업/정상","01","영업","","","","","033 343 5493","12.42","","강원특별자치도 횡성군 횡성읍 입석리 187-12","강원특별자치도 횡성군 횡성읍 입석남길 33","25240","녹지어린이집","2024-05-16 15:44:10","U","2024-05-18 02:40:00","어린이집","286968.970396204","442061.934074268","어린이집","0","0","","","상수도전용","0","0","0","0","0","자가","0","0","N","12.42","","","",
"1151","집단급식소","07_21_02_P","4261000","4261000-105-2021-00003","2021-11-04","","01","영업/정상","01","영업","","","","","07041508286","160.70","","강원특별자치도 횡성군 우천면 상하가리 539","강원특별자치도 횡성군 우천면 우천산업단지로 59-11","25244","(주)유유헬스케어","2025-01-22 10:11:13","U","2025-01-24 02:40:00","산업체","293826.981","443343.789999999","산업체","0","0","","","상수도전용","0","0","0","0","0","","0","0","N","32.2","","","",
"1152","집단급식소","07_21_02_P","4261000","4261000-105-2022-00001","2022-02-25","","01","영업/정상","01","영업","","","","","033340 0152","287.86","","강원특별자치도 횡성군 횡성읍 읍하리 200 횡성중고등학교","강원특별자치도 횡성군 횡성읍 교항로 33","25235","횡성중학교","2025-03-25 09:19:06","U","2025-03-27 02:40:00","학교","286476.947721731","443027.129338769","학교","0","0","","","상수도전용","0","0","0","0","0","","0","0","N","78.23","","","",
"1153","집단급식소","07_21_02_P","4261000","4261000-105-2022-00003","2022-09-27","","01","영업/정상","01","영업","","","","","","389.30","","","강원특별자치도 횡성군 횡성읍 태기로 153-10","25214","골든포레스트 요양원","2024-11-19 09:15:39","U","2024-11-21 02:40:00","사회복지시설","","","사회복지시설","0","0","","","상수도전용","0","0","0","0","0","","0","0","N","185.44","","","",
"1154","집단급식소","07_21_02_P","4261000","4261000-105-1978-00001","1978-03-02","","01","영업/정상","01","영업","","","","","033 3447075","","","강원특별자치도 횡성군 강림면 강림리 1562","강원특별자치도 횡성군 강림면 태종로강림4길 11","25272","강림초등학교","2025-09-10 13:16:25","U","2025-09-12 02:40:00","학교","299165.213073928","429055.724315237","학교","0","0","","","상수도전용","0","0","0","0","0","","0","0","N","0","","","",
"1155","집단급식소","07_21_02_P","4261000","4261000-105-1979-00002","1979-09-01","","01","영업/정상","01","영업","","","","","033 3428010","40.50","","강원특별자치도 횡성군 서원면 창촌리 579","강원특별자치도 횡성군 서원면 서원로 173","25201","서원초등학교","2017-08-23 18:16:03","I","2023-06-13 00:00:00","학교","275233.161188158","443154.715681968","학교","0","0","","","간이상수도","0","0","0","0","0","","0","0","N","227.85","","","",
"1156","집단급식소","07_21_02_P","4261000","4261000-105-1985-00001","1985-03-30","","01","영업/정상","01","영업","","","","","033 3432311","64.80","","강원특별자치도 횡성군 횡성읍 곡교리 244-1","강원특별자치도 횡성군 횡성읍 횡성로 109","25239","성남초등학교","2017-08-23 18:16:03","I","2023-06-13 00:00:00","학교","285980.942930166","440709.640826648","학교","0","0","","","상수도전용","0","0","0","0","0","","0","0","N","176.45","","","",
"1157","집단급식소","07_21_02_P","4261000","4261000-105-1987-00002","1987-07-31","","01","영업/정상","01","영업","","","","","033 340 6569","72.00","","강원특별자치도 횡성군 안흥면 소사리 1334","강원특별자치도 횡성군 안흥면 봉화로 790","25268","롯데웰푸드(주)파스퇴르공장","2023-04-24 09:43:17","I","2023-06-13 00:00:00","산업체","300709.700909535","440517.716466947","산업체","0","0","","","상수도전용","0","0","0","0","0","","0","0","N","629.8","","","",
"1158","집단급식소","07_21_02_P","4261000","4261000-105-1990-00001","1990-06-23","","01","영업/정상","01","영업","","","","","033 3430807","64.80","","강원특별자치도 횡성군 둔내면 자포곡리 392","강원특별자치도 횡성군 둔내면 둔내로47번길 6","25264","둔내초등학교","2017-08-23 18:16:03","I","2023-06-13 00:00:00","학교","307585.414976263","446351.029292387","학교","0","0","","","상수도전용","0","0","0","0","0","","0","0","N","262.56","","","",
"1159","집단급식소","07_21_02_P","4261000","4261000-105-1994-00001","1994-03-07","","01","영업/정상","01","영업","","","","","033 3426072","46.76","","강원특별자치도 횡성군 우천면 우항리 623-1","강원특별자치도 횡성군 우천면 수남로 319","25248","우천초등학교","2017-08-23 18:16:03","I","2023-06-13 00:00:00","학교","293897.517113692","440424.442591195","학교","0","0","","","상수도전용","0","0","0","0","0","","0","0","N","224.2","","","",
"1160","집단급식소","07_21_02_P","4261000","4261000-105-1994-00002","1994-04-29","","01","영업/정상","01","영업","","","","","033 3423020","58.00","","강원특별자치도 횡성군 공근면 학담리 113","강원특별자치도 횡성군 공근면 영서로 207","25208","공근초등학교","2017-08-23 18:16:03","I","2023-06-13 00:00:00","학교","284876.915364029","448335.987520571","학교","0","0","","","상수도전용","0","0","0","0","0","","0","0","N","151.25","","","",
"1161","집단급식소","07_21_02_P","4261000","4261000-105-1994-00003","1994-03-25","","01","영업/정상","01","영업","","","","","033 3424008","","","강원특별자치도 횡성군 안흥면 안흥리 89-1","강원특별자치도 횡성군 안흥면 서동로 1257","25271","안흥초등학교","2017-08-23 18:16:03","I","2023-06-13 00:00:00","학교","302991.528155713","436030.703812953","학교","0","0","","","상수도전용","0","0","0","0","0","","0","0","N","0","","","",
"1162","집단급식소","07_21_02_P","4261000","4261000-105-1995-00002","1995-08-21","","01","영업/정상","01","영업","","","","","033 3438966","136.70","","강원특별자치도 횡성군 횡성읍 읍상리 82","강원특별자치도 횡성군 횡성읍 성북로 10","25226","성북초등학교","2025-03-25 09:18:08","U","2025-03-27 02:40:00","학교","287668.986870183","443554.135944429","학교","0","0","","","상수도전용","0","0","0","0","0","","0","0","N","363.66","","","",
"1163","집단급식소","07_21_02_P","4261000","4261000-105-1995-00003","1995-03-17","","01","영업/정상","01","영업","","","","","033 3405475","106.46","","강원특별자치도 횡성군 횡성읍 읍하리 176-1","강원특별자치도 횡성군 횡성읍 교항북로 35","25235","횡성초등학교","2025-03-25 09:18:39","U","2025-03-27 02:40:00","학교","286599.512059149","443202.063318841","학교","0","0","","","상수도전용","0","0","0","0","0","","0","0","N","733.94","","","",
"1164","집단급식소","07_21_02_P","4261000","4261000-105-2004-00008","2004-11-02","","01","영업/정상","01","영업","","","","","033 3431020","16.50","","강원특별자치도 횡성군 횡성읍 북천리 115-192","강원특별자치도 횡성군 횡성읍 북천서로 10","25225","횡성어린이집","2024-05-16 16:23:29","U","2024-05-18 02:40:00","어린이집","287503.338484884","443870.636986086","어린이집","0","0","","","상수도전용","0","0","0","0","0","","0","0","N","71","","","",
"1165","집단급식소","07_21_02_P","4261000","4261000-105-2004-00013","2004-11-12","","01","영업/정상","01","영업","","","","","033 3453453","31.50","","강원특별자치도 횡성군 횡성읍 읍하리 385-59","강원특별자치도 횡성군 횡성읍 어수로 35","25218","큰빛어린이집","2022-03-25 09:34:51","I","2023-06-13 00:00:00","어린이집","286865.645398684","443991.844290392","어린이집","0","0","","","상수도전용","0","0","0","0","0","","0","0","N","161.85","","","",
"1166","집단급식소","07_21_02_P","4261000","4261000-105-2008-00002","2008-03-03","","01","영업/정상","01","영업","","","","","033 342 3011","129.60","","강원특별자치도 횡성군 공근면 학담리 23-5","강원특별자치도 횡성군 공근면 학담4길 21","25208","공근중학교","2022-03-25 09:40:44","I","2023-06-13 00:00:00","학교","284984.282228498","449071.778521718","학교","0","0","","","간이상수도","0","0","0","0","0","","0","0","N","0","","","",
"1167","집단급식소","07_21_02_P","4261000","4261000-105-2009-00004","2009-10-12","","01","영업/정상","01","영업","","","","","033 345 9551","222.07","","강원특별자치도 횡성군 공근면 초원리 662-1","강원특별자치도 횡성군 공근면 아이티밸리길 36","25209","(주)서울에프엔비","2023-05-23 14:45:04","I","2023-06-13 00:00:00","산업체","280754.462699214","447950.374522517","산업체","0","0","","","상수도전용","0","0","0","0","0","자가","0","0","N","77.26","","","",
"1168","집단급식소","07_21_02_P","4261000","4261000-105-2011-00001","2011-06-22","","01","영업/정상","01","영업","","","","","033 340 5057","600.00","","강원특별자치도 횡성군 횡성읍 정암리 2","강원특별자치도 횡성군 횡성읍 정문로 88","25243","(주)아이엘케이","2023-06-13 16:50:50","U","2023-06-15 02:40:00","산업체","291673.931301995","441042.575029473","산업체","0","0","","","상수도전용","0","110","0","0","0","","0","0","N","62.4","","","",
"1169","집단급식소","07_21_02_P","4261000","4261000-105-2011-00002","2011-08-05","","01","영업/정상","01","영업","","","","","033 340 2114","213.00","","강원특별자치도 횡성군 횡성읍 읍하리 58-1","강원특별자치도 횡성군 횡성읍 태기로 15","25220","횡성군청","2022-12-12 11:39:34","I","2023-06-13 00:00:00","산업체","287035.700374272","443748.115154147","산업체","0","0","","","상수도전용","0","0","0","0","0","","0","0","N","65.4","","","",
"1170","집단급식소","07_21_02_P","4261000","4261000-105-2012-00001","2012-06-07","","01","영업/정상","01","영업","","","","","033 342 0601","243.62","","강원특별자치도 횡성군 횡성읍 묵계리 43-5","강원특별자치도 횡성군 횡성읍 청용1길 17","25241","(주)수한","2017-08-23 18:16:03","I","2023-06-13 00:00:00","산업체","286805.694060954","441674.194087374","산업체","0","0","","","상수도전용","0","0","0","0","0","자가","0","0","N","42.58","","","",
"1171","집단급식소","07_21_02_P","4261000","4261000-105-2013-00001","2013-05-15","","01","영업/정상","01","영업","","","","","033 342 9851","23.28","","강원특별자치도 횡성군 횡성읍 남산리 191","강원특별자치도 횡성군 횡성읍 입석로 134-10","25242","예원어린이집","2025-04-23 10:05:48","U","2025-04-25 02:40:00","어린이집","287643.146598075","442474.018990965","어린이집","0","0","","","상수도전용","0","0","0","0","0","","0","0","N","19.32","","","",
"1172","집단급식소","07_21_02_P","4261000","4261000-105-2014-00001","2014-10-15","","01","영업/정상","01","영업","","","","","033 340 1234","163.80","","강원특별자치도 횡성군 우천면 산전리 137-2","강원특별자치도 횡성군 우천면 경강로 3111","25244","(주)시안","2024-05-16 15:42:40","U","2024-05-18 02:40:00","산업체","296454.193708374","444217.771705917","산업체","0","0","","","상수도전용","0","0","0","0","0","자가","0","0","N","47","","","",
"1173","집단급식소","07_21_02_P","4261000","4261000-105-2015-00001","2015-03-02","","01","영업/정상","01","영업","","","","","033 343 6127","135.10","","강원특별자치도 횡성군 공근면 수백리 341-3","강원특별자치도 횡성군 공근면 공근남로 446","25207","수백초등학교","2024-05-16 16:13:29","U","2024-05-18 02:40:00","학교","288949.609177954","448419.529175659","학교","0","0","","","상수도전용","0","0","0","0","0","","0","0","N","36.5","","","",
"1174","집단급식소","07_21_02_P","4261000","4261000-105-2015-00003","2015-04-14","","01","영업/정상","01","영업","","","","","033340 0014","171.68","","강원특별자치도 횡성군 우천면 법주리 743 (주)케이프라이드","강원특별자치도 횡성군 우천면 우천제2농공단지로 65-50 (주)케이프라이드 라동","25248","주식회사케이프라이드","2024-12-27 17:44:17","U","2024-12-29 02:40:00","산업체","294278.377424337","438991.957314583","산업체","0","0","","","상수도전용","0","0","0","0","0","","0","0","N","57.22","","","",
"1175","집단급식소","07_21_02_P","4261000","4261000-105-1997-00001","1997-10-15","","01","영업/정상","01","영업","","","","","033 3425553","66.00","","강원특별자치도 횡성군 청일면 유동리 1005-1","강원특별자치도 횡성군 청일면 청정로 795","25254","청일초등학교","2017-08-23 18:16:03","I","2023-06-13 00:00:00","학교","301153.643810203","453862.51701557","학교","0","0","","","상수도전용","0","0","0","0","0","","0","0","N","336.75","","","",
"1176","집단급식소","07_21_02_P","4261000","4261000-105-1998-00001","1998-03-23","","01","영업/정상","01","영업","","","","","033 3403212","232.54","","강원특별자치도 횡성군 둔내면 두원리 476","강원특별자치도 횡성군 둔내면 고원로 451","25263","신안종합유스호스텔","2022-03-25 09:16:55","I","2023-06-13 00:00:00","수련원","310344.81876806","443999.785832555","수련원","0","0","","","상수도전용","0","0","0","0","0","","0","0","N","762.25","","","",
"1177","집단급식소","07_21_02_P","4261000","4261000-105-1998-00002","1998-12-23","","01","영업/정상","01","영업","","","","","033 3421196","72.00","","강원특별자치도 횡성군 둔내면 둔방내리 96-3","강원특별자치도 횡성군 둔내면 둔내로 22","25265","둔내중.고등학교","2025-09-10 15:32:47","U","2025-09-12 02:40:00","학교","307178.844014368","446180.086260576","학교","0","0","","","상수도전용","0","0","0","0","0","","0","0","N","194.9","","","",
"1178","집단급식소","07_21_02_P","4261000","4261000-105-1999-00002","1999-04-08","","01","영업/정상","01","영업","","","","","033 3429142","","","강원특별자치도 횡성군 갑천면 매일리 600","강원특별자치도 횡성군 갑천면 갑천로 17","25258","갑천고등학교","2017-08-23 18:16:03","I","2023-06-13 00:00:00","학교","298344.326994213","451482.801306711","학교","0","0","","","상수도전용","0","0","0","0","0","","0","0","N","0","","","",
"1179","집단급식소","07_21_02_P","4261000","4261000-105-2000-00001","2000-07-19","","01","영업/정상","01","영업","","","","","033 3456145","133.01","","강원특별자치도 횡성군 둔내면 현천리 1600-6","강원특별자치도 횡성군 둔내면 덕송로 160","25266","(주)하나코스","2023-11-28 16:56:16","U","2023-11-30 02:40:00","산업체","302328.984448063","442003.820017538","산업체","0","0","","","상수도전용","0","0","0","0","0","","0","0","N","60.84","","","",
"1180","집단급식소","07_21_02_P","4261000","4261000-105-2000-00002","2000-10-06","","01","영업/정상","01","영업","","","","","033 340 8860","","","강원특별자치도 횡성군 횡성읍 읍하리 200","강원특별자치도 횡성군 횡성읍 교항로 33","25235","횡성고등학교","2025-03-25 09:20:08","U","2025-03-27 02:40:00","학교","286476.947721731","443027.129338769","학교","0","0","","","상수도전용","0","0","0","0","0","","0","0","N","0","","","",
"1181","집단급식소","07_21_02_P","4261000","4261000-105-2000-00003","2000-05-06","","01","영업/정상","01","영업","","","","","033 340 1066","200.00","","강원특별자치도 횡성군 횡성읍 남산리 67","강원특별자치도 횡성군 횡성읍 남산로 210","25242","학교법인송호학원","2023-11-28 16:41:33","U","2023-11-30 02:40:00","학교","288570.118747143","441502.298015352","학교","0","0","","","상수도전용","0","0","0","0","0","","0","0","N","720","","","",
"1182","집단급식소","07_21_02_P","4261000","4261000-105-2000-00004","2000-04-26","","01","영업/정상","01","영업","","","","","033 3431115","","","강원특별자치도 횡성군 안흥면 소사리 1300-1","강원특별자치도 횡성군 안흥면 봉화로 800","25268","민족사관고등학교","2022-10-26 11:10:05","I","2023-06-13 00:00:00","학교","301296.56715608","440248.556189587","학교","0","0","","","지하수전용","0","0","0","0","0","","0","0","N","0","","","",
"1183","집단급식소","07_21_02_P","4261000","4261000-105-2001-00001","2001-02-23","","01","영업/정상","01","영업","","","","","033 343 8382","551.34","","강원특별자치도 횡성군 횡성읍 입석리 194-2","강원특별자치도 횡성군 횡성읍 횡성로 252","25240","횡성여자고등학교","2025-03-25 09:20:40","U","2025-03-27 02:40:00","학교","286798.470321251","441961.592576125","학교","0","0","","","상수도전용","0","0","0","0","0","","0","0","N","218.3","","","",
"1184","집단급식소","07_21_02_P","4261000","4261000-105-2001-00003","2001-09-06","","01","영업/정상","01","영업","","","","","033 3430901","81.00","","강원특별자치도 횡성군 횡성읍 입석리 153-10","강원특별자치도 횡성군 횡성읍 횡성로 275","25240","횡성대성병원","2022-03-25 09:32:55","I","2023-06-13 00:00:00","병원","286612.789231186","442256.80743604","병원","0","0","","","상수도전용","0","0","0","0","0","","0","0","N","40.5","","","",
"1185","집단급식소","07_21_02_P","4261000","4261000-105-2002-00001","2002-05-18","","01","영업/정상","01","영업","","","","","033 3424003","","","강원특별자치도 횡성군 안흥면 안흥리 272-2","강원특별자치도 횡성군 안흥면 서동로 1121","25271","안흥중.고등학교","2025-03-25 09:21:11","U","2025-03-27 02:40:00","학교","302017.368574639","435102.797263203","학교","0","0","","","상수도전용","0","0","0","0","0","","0","0","N","0","","","",
"1186","집단급식소","07_21_02_P","4261000","4261000-105-2003-00001","2003-04-23","","01","영업/정상","01","영업","","","","","033 3443165","","","강원특별자치도 횡성군 횡성읍 묵계리 43-2","강원특별자치도 횡성군 횡성읍 청용길 15","25241","대상(주)","2022-03-24 16:24:20","I","2023-06-13 00:00:00","산업체","286656.52975765","441635.851564271","산업체","0","0","","","상수도전용","0","0","0","0","0","","0","0","N","0","","","",
"1187","집단급식소","07_21_02_P","4261000","4261000-105-2004-00002","2004-07-16","","01","영업/정상","01","영업","","","","","033 3425140","411.52","","강원특별자치도 횡성군 횡성읍 마산리 308","강원특별자치도 횡성군 횡성읍 한우로 495","25228","대화제약(주)","2024-04-29 11:05:57","U","2024-05-01 02:40:00","산업체","288879.95156353","443499.275937033","산업체","0","0","","","지하수전용","0","0","0","0","0","","0","0","N","91","","","",
"1188","집단급식소","07_21_02_P","4261000","4261000-105-2004-00005","2004-10-13","","01","영업/정상","01","영업","","","","","0333426 075","116.10","","강원특별자치도 횡성군 우천면 문암리 24","강원특별자치도 횡성군 우천면 수남로59번길 37","25249","우천중학교","2022-03-25 10:08:22","I","2023-06-13 00:00:00","학교","292731.545163739","441211.567158613","학교","0","0","","","상수도전용","0","0","0","0","0","","0","0","N","233.01","","","",
"1189","집단급식소","07_21_02_P","4261000","4261000-105-2004-00006","2004-10-25","","01","영업/정상","01","영업","","","","","033 3404323","172.90","","강원특별자치도 횡성군 둔내면 현천리 81-3","강원특별자치도 횡성군 둔내면 강변로 975","25266","(주)국순당","2022-03-24 16:31:15","I","2023-06-13 00:00:00","산업체","305799.662136806","443543.32699094","산업체","0","0","","","상수도전용","0","0","0","0","0","","0","0","N","544","","","",
"1190","집단급식소","07_21_02_P","4261000","4261000-105-2015-00004","2015-04-28","","01","영업/정상","01","영업","","","","","033 900 3319","347.00","","강원특별자치도 횡성군 둔내면 현천리 1103","강원특별자치도 횡성군 둔내면 경강로 4119","25266","현천고등학교","2025-09-10 15:32:23","U","2025-09-12 02:40:00","학교","303487.250904847","443291.916726827","학교","0","0","","","상수도전용","0","0","0","0","0","","0","0","N","162","","","",
"1191","집단급식소","07_21_02_P","4261000","4261000-105-2015-00005","2015-06-12","","01","영업/정상","01","영업","","","","","070 78772126","315.00","","강원특별자치도 횡성군 우천면 하대리 281-1","강원특별자치도 횡성군 우천면 하대5길 109","25247","한국골프대학","2025-09-12 13:29:48","U","2025-09-14 02:40:00","학교","295086.386000497","441086.808312276","학교","0","0","","","상수도전용","0","0","0","0","0","자가","0","0","N","63","","","",
"1192","집단급식소","07_21_02_P","4261000","4261000-105-2016-00001","2016-01-29","","01","영업/정상","01","영업","","","","","070 46129747","105.84","","","강원특별자치도 횡성군 횡성읍 한우로 223","25218","횡성군장애인종합복지관","2024-05-16 16:23:05","U","2024-05-18 02:40:00","사회복지시설","286818.156788849","443986.173800532","사회복지시설","0","0","","","상수도전용","0","0","0","0","0","임대","0","0","N","25.2","","","",
"1193","집단급식소","07_21_02_P","4261000","4261000-105-2016-00002","2016-06-03","","01","영업/정상","01","영업","","","","","033 340 6314","320.05","","강원특별자치도 횡성군 둔내면 삽교리 1767","강원특별자치도 횡성군 둔내면 청태산로 777","25261","국립횡성숲체원","2025-02-11 14:19:07","U","2025-02-13 02:40:00","공공기관","313903.210275984","449098.308503904","공공기관","0","0","","","지하수전용","0","0","0","0","0","","0","0","N","79.33","","","",
"1194","집단급식소","07_21_02_P","4261000","4261000-105-2004-00017","2004-12-23","","01","영업/정상","01","영업","","","","","033 3433660","","","강원특별자치도 횡성군 횡성읍 읍상리 388","강원특별자치도 횡성군 횡성읍 태기로19번길 25","25221","성모유치원","2025-03-25 09:16:52","U","2025-03-27 02:40:00","어린이집","287243.612030625","443842.135585252","어린이집","0","0","","","상수도전용","0","0","0","0","0","","0","0","N","0","","","",
"1195","집단급식소","07_21_02_P","4261000","4261000-105-2004-00018","2004-12-28","","01","영업/정상","01","영업","","","","","033 3431280","","","강원특별자치도 횡성군 횡성읍 읍상리 364","강원특별자치도 횡성군 횡성읍 북천서로 20","25225","화성유치원","2025-09-10 15:30:56","U","2025-09-12 02:40:00","어린이집","287436.056676025","443756.934567354","어린이집","0","0","","","상수도전용","0","0","0","0","0","","0","0","N","0","","","",
"1196","집단급식소","07_21_02_P","4261000","4261000-105-2006-00002","2006-07-18","","01","영업/정상","01","영업","","","","","033 3454001","64.89","","강원특별자치도 횡성군 횡성읍 입석리 130-1","강원특별자치도 횡성군 횡성읍 횡성로 279","25240","횡성군노인전문요양원","2023-11-28 16:28:03","U","2023-11-30 02:40:00","사회복지시설","286602.177828025","442296.570269085","사회복지시설","0","0","","","상수도전용","0","0","0","0","0","자가","0","0","N","40.23","","","",
"1197","집단급식소","07_21_02_P","4261000","4261000-105-2006-00003","2006-08-17","","01","영업/정상","01","영업","","","","","033 3403834","360.80","","강원특별자치도 횡성군 횡성읍 읍하리 371","강원특별자치도 횡성군 횡성읍 대동로 28","25237","대동여자중학교","2025-09-10 15:30:30","U","2025-09-12 02:40:00","학교","286575.615513314","443789.872520612","학교","0","0","","","상수도전용","0","0","0","0","0","자가","0","0","N","178.2","","","",
"1198","집단급식소","07_21_02_P","4261000","4261000-105-2024-00002","2024-07-09","","01","영업/정상","01","영업","","","","","","141.22","","강원특별자치도 횡성군 횡성읍 읍상리 661-1","강원특별자치도 횡성군 횡성읍 한우로 312","25230","횡성한우리요양원","2024-11-19 09:15:53","U","2024-11-21 02:40:00","사회복지시설","287234.211123985","443224.519281378","사회복지시설","0","0","","","상수도전용","0","0","0","0","0","","0","0","N","27.9","","","",
"1199","집단급식소","07_21_02_P","4261000","4261000-105-2024-00001","2024-04-30","","01","영업/정상","01","영업","","","","","033 344 1214","18.24","","강원특별자치도 횡성군 둔내면 둔방내리 580-2 요셉어린이집","강원특별자치도 횡성군 둔내면 둔방로14번길 27, 요셉어린이집","25266","요셉어린이집","2024-04-30 14:33:18","I","2024-05-02 00:15:05","어린이집","306988.989174729","446530.968337232","어린이집","0","0","","","상수도전용","0","0","0","0","0","","0","0","N","18.24","","","",
"1200","집단급식소","07_21_02_P","4261000","4261000-105-2025-00001","2025-03-14","","01","영업/정상","01","영업","","","","","","293.70","","강원특별자치도 횡성군 우천면 상하가리 541","강원특별자치도 횡성군 우천면 우천산업단지로 75-13","25244","동원시스템즈(주)","2025-03-14 15:21:54","I","2025-03-16 00:10:33","산업체","293627.126992825","443355.930767678","산업체","0","0","","","상수도전용","0","0","0","0","0","","0","0","N","117.48","","","",
"1201","집단급식소","07_21_02_P","4271000","4271000-105-1991-00003","1991-04-01","","01","영업/정상","01","영업","","","","","033 3784006","123.69","","강원특별자치도 영월군 산솔면 녹전리 756-3 1통","강원특별자치도 영월군 산솔면 유전길 65-5","26243","녹전초등학교","2017-07-12 10:29:20","I","2023-06-13 00:00:00","학교","349519.705864291","406684.319840748","학교","0","0","","","상수도전용","0","0","0","0","0","","0","0","N","34.98","","","",
"1202","집단급식소","07_21_02_P","4271000","4271000-105-1991-00004","1991-04-01","","01","영업/정상","01","영업","","","","","033 3725030","155.20","","강원특별자치도 영월군 한반도면 쌍용리 890 8통","강원특별자치도 영월군 한반도면 무동길 50","26214","쌍룡초등학교","2024-05-28 10:41:21","U","2024-05-30 02:40:00","학교","317068.14301323","409306.918927535","학교","0","0","","","상수도전용","0","0","0","0","0","","0","0","N","35","","","",
"1203","집단급식소","07_21_02_P","4271000","4271000-105-1991-00005","1991-05-20","","01","영업/정상","01","영업","","","","","033 3728552","345.00","","강원특별자치도 영월군 주천면 주천리 1430 1통","강원특별자치도 영월군 주천면 주천로89번길 41","26203","주천고등학교","2024-05-28 10:41:00","U","2024-05-30 02:40:00","학교","312011.825137133","420105.411653114","학교","0","0","","","상수도전용","0","0","0","0","0","","0","0","N","127.5","","","",
"1204","집단급식소","07_21_02_P","4271000","4271000-105-1992-00001","1992-01-18","","01","영업/정상","01","영업","","","","","033 3705507","348.00","","강원특별자치도 영월군 한반도면 신천리 668 2통","강원특별자치도 영월군 한반도면 화랏길 57","26212","한일현대시멘트(주) 영월공장","2023-07-24 15:10:07","U","2023-07-26 02:40:00","산업체","317147.275138598","415192.471052411","산업체","0","0","","","간이상수도","0","0","0","0","0","","0","0","N","432","","","",
"1205","집단급식소","07_21_02_P","4271000","4271000-105-1992-00002","1992-09-02","","01","영업/정상","01","영업","","","","","033 3727406","259.50","","강원특별자치도 영월군 주천면 주천리 1382 3통","강원특별자치도 영월군 주천면 주천로89번길 14","26203","주천초등학교","2024-05-27 17:51:36","U","2024-05-29 02:40:00","학교","312352.609570057","419715.036381222","학교","0","0","","","상수도전용","0","0","0","0","0","","0","0","N","240.82","","","",
"1206","집단급식소","07_21_02_P","4271000","4271000-105-1994-00001","1994-12-10","","01","영업/정상","01","영업","","","","","033 3734996","256.56","","강원특별자치도 영월군 영월읍 영흥리 9 리","강원특별자치도 영월군 영월읍 동강로 95-50","26224","내성초등학교","2024-05-27 17:29:41","U","2024-05-29 02:40:00","학교","332814.481479474","411043.132124308","학교","0","0","","","상수도전용","0","0","0","0","0","","0","0","N","198.12","","","",
"1207","집단급식소","07_21_02_P","4271000","4271000-105-1995-00001","1995-05-12","","01","영업/정상","01","영업","","","","","033 3713050","985.26","","강원특별자치도 영월군 영월읍 하송리 산 57","강원특별자치도 영월군 영월읍 하송로 197","26239","세경대학","2024-05-28 09:51:07","U","2024-05-30 02:40:00","학교","328939.514383403","409071.720974155","학교","0","0","","","상수도전용","0","0","0","0","0","","0","0","N","985.26","","","",
"1208","집단급식소","07_21_02_P","4271000","4271000-105-1995-00002","1995-05-12","","01","영업/정상","01","영업","","","","","033 3703111","530.55","","강원특별자치도 영월군 영월읍 하송리 23-1","강원특별자치도 영월군 영월읍 하송안길 100","26236","영월초등학교","2024-05-28 10:21:27","U","2024-05-30 02:40:00","학교","330357.047434903","409908.572778443","학교","0","0","","","상수도전용","0","0","0","0","0","","0","0","N","192.75","","","",
"1209","집단급식소","07_21_02_P","4271000","4271000-105-1995-00003","1995-05-12","","01","영업/정상","01","영업","","","","","033 3726087","289.70","","강원특별자치도 영월군 영월읍 덕포리 557 7통","강원특별자치도 영월군 영월읍 중앙로 168-17","26231","봉래초등학교","2024-05-28 09:58:02","U","2024-05-30 02:40:00","학교","330985.209824431","409349.240014441","학교","0","0","","","상수도전용","0","0","0","0","0","","0","0","N","82.2","","","",
"1210","집단급식소","07_21_02_P","4271000","4271000-105-1998-00001","1998-05-30","","01","영업/정상","01","영업","","","","","033 3732765","298.68","","강원특별자치도 영월군 영월읍 영흥리 805 10통","강원특별자치도 영월군 영월읍 영모전길 108","26227","한국소방마이스터고등학교","2024-05-27 17:27:46","U","2024-05-29 02:40:00","학교","330584.560752036","410745.99743465","학교","0","0","","","상수도전용","0","0","0","0","0","","0","0","N","259.43","","","",
"1211","집단급식소","07_21_02_P","4271000","4271000-105-1999-00001","1999-06-16","","01","영업/정상","01","영업","","","","","033 3782517","165.20","","강원특별자치도 영월군 상동읍 천평리 175","강원특별자치도 영월군 상동읍 태백산로 3147","26248","상동중고등학교","2024-05-27 17:31:16","U","2024-05-29 02:40:00","학교","361817.043146415","404128.07213819","학교","0","0","","","상수도전용","0","0","0","0","0","","0","0","N","39.7","","","",
"1212","집단급식소","07_21_02_P","4271000","4271000-105-1999-00002","1999-09-02","","01","영업/정상","01","영업","","","","","033 3731353","790.84","","강원특별자치도 영월군 영월읍 영흥리 716-1","강원특별자치도 영월군 영월읍 오무개길 51","26227","영월고등학교","2024-05-27 17:50:57","U","2024-05-29 02:40:00","학교","330641.995705328","410922.59299248","학교","0","0","","","상수도전용","0","0","0","0","0","","0","0","N","242.98","","","",
"1213","집단급식소","07_21_02_P","4271000","4271000-105-1999-00003","1999-09-06","","01","영업/정상","01","영업","","","","","033 3729051","42.00","","강원특별자치도 영월군 김삿갓면 옥동리 429","강원특별자치도 영월군 김삿갓면 영월동로 1679","26245","옥동초등학교","2024-05-28 10:32:36","U","2024-05-30 02:40:00","학교","339441.641564801","404275.316773896","학교","0","0","","","상수도전용","0","0","0","0","0","","0","0","N","42","","","",
"1214","집단급식소","07_21_02_P","4271000","4271000-105-1999-00004","1999-09-06","","01","영업/정상","01","영업","","","","","033 3726066","191.56","","강원특별자치도 영월군 한반도면 신천리 470-1 2통","강원특별자치도 영월군 한반도면 신천길 4","26212","신천초등학교","2024-05-28 10:33:09","U","2024-05-30 02:40:00","학교","317841.772519493","415710.707500252","학교","0","0","","","상수도전용","0","0","0","0","0","","0","0","N","44.66","","","",
"1215","집단급식소","07_21_02_P","4271000","4271000-105-1999-00005","1999-09-06","","01","영업/정상","01","영업","","","","","033 3724010","264.00","","강원특별자치도 영월군 남면 연당리 1097-4 3통","강원특별자치도 영월군 남면 연당로 17","26216","연당초등학교","2024-05-27 17:46:50","U","2024-05-29 02:40:00","학교","324422.008340682","410293.042975575","학교","0","0","","","상수도전용","0","0","0","0","0","","0","0","N","264","","","",
"1216","집단급식소","07_21_02_P","4271000","4271000-105-1999-00006","1999-10-15","","01","영업/정상","01","영업","","","","","033 3723971","204.54","","강원특별자치도 영월군 북면 마차리 1332-23","강원특별자치도 영월군 북면 문학로길 25-8","26209","마차고등학교","2024-05-28 10:29:03","U","2024-05-30 02:40:00","학교","328668.202254357","418010.685490101","학교","0","0","","","상수도전용","0","0","0","0","0","","0","0","N","45.54","","","",
"1217","집단급식소","07_21_02_P","4271000","4271000-105-2000-00001","2000-08-30","","01","영업/정상","01","영업","","","","","033 3704444","565.60","","강원특별자치도 영월군 영월읍 하송리 318","강원특별자치도 영월군 영월읍 영월로 1914-11","26239","석정여자고등학교","2024-05-28 10:28:20","U","2024-05-30 02:40:00","학교","329467.294184436","409759.401888645","학교","0","0","","","상수도전용","0","0","0","0","0","","0","0","N","493.3","","","",
"1218","집단급식소","07_21_02_P","4271000","4271000-105-2001-00001","2001-02-10","","01","영업/정상","01","영업","","","","","033 3701310","225.57","","강원특별자치도 영월군 영월읍 하송리 242","강원특별자치도 영월군 영월읍 하송로 64","26235","영월군청구내식당","2019-05-21 17:34:38","I","2023-06-13 00:00:00","공공기관","329744.826174915","410074.431361514","공공기관","0","0","","","상수도전용","0","0","0","0","0","","0","0","N","54.3","","","",
"1219","집단급식소","07_21_02_P","4271000","4271000-105-2001-00003","2001-08-20","","01","영업/정상","01","영업","","","","","033 3748901","115.92","","강원특별자치도 영월군 영월읍 연하리 947-1","강원특별자치도 영월군 영월읍 남중골길 5","26230","사회복지법인 소원의항구 영월요양병원","2024-05-28 09:43:24","U","2024-05-30 02:40:00","사회복지시설","336597.808711362","409924.894034941","사회복지시설","0","0","","","지하수전용","0","0","0","0","0","","0","0","N","159.39","","","",
"1220","집단급식소","07_21_02_P","4271000","4271000-105-2003-00006","2003-06-27","","01","영업/정상","01","영업","","","","","033 3741059","12.00","","강원특별자치도 영월군 영월읍 영흥리 1034-1 ,2","강원특별자치도 영월군 영월읍 영모전길 123","26227","성화어린이집","2017-07-12 13:25:10","I","2023-06-13 00:00:00","어린이집","330466.188921581","410642.306697653","어린이집","0","0","","","상수도전용","0","0","0","0","0","","0","0","N","34.4","","","",
"1221","집단급식소","07_21_02_P","4271000","4271000-105-2003-00008","2003-07-04","","01","영업/정상","01","영업","","","","","3745005","55.30","","강원특별자치도 영월군 영월읍 영흥리 753-2","강원특별자치도 영월군 영월읍 내성안길 31","26228","내성어린이집","2024-05-27 17:01:26","U","2024-05-29 02:40:00","어린이집","330949.843854289","410794.217480794","어린이집","0","0","","","상수도전용","0","0","0","0","0","","0","0","N","21.6","","","",
"1222","집단급식소","07_21_02_P","4271000","4271000-105-2003-00010","2003-07-08","","01","영업/정상","01","영업","","","","","033 3745404","130.30","","강원특별자치도 영월군 영월읍 하송리 120","강원특별자치도 영월군 영월읍 은행나무8길 8","26237","하송어린이집","2024-05-28 09:45:23","U","2024-05-30 02:40:00","어린이집","329809.761532267","409518.935691847","어린이집","0","0","","","상수도전용","0","0","0","0","0","","0","0","N","27","","","",
"1223","집단급식소","07_21_02_P","4271000","4271000-105-2012-00001","2012-11-14","","01","영업/정상","01","영업","","","","","033 371 4858","324.00","","강원특별자치도 영월군 영월읍 팔괴리 905","강원특별자치도 영월군 영월읍 팔괴로 110-27","26240","영월교도소","2024-05-28 09:31:46","U","2024-05-30 02:40:00","공공기관","329717.424377794","408077.344805417","공공기관","0","0","","","상수도전용","0","0","0","0","0","","0","0","N","108","","","",
"1224","집단급식소","07_21_02_P","4271000","4271000-105-2013-00001","2013-11-26","","01","영업/정상","01","영업","","","","","033 373 5300","223.60","","강원특별자치도 영월군 주천면 도천리 75","강원특별자치도 영월군 주천면 다래골길 51","26204","영월군노인요양원","2024-05-28 09:39:32","U","2024-05-30 02:40:00","사회복지시설","310478.422907274","420438.856139511","사회복지시설","0","0","","","상수도전용","0","0","0","0","0","임대","0","0","N","70.8","","","",
"1225","집단급식소","07_21_02_P","4271000","4271000-105-2004-00001","2004-04-01","","01","영업/정상","01","영업","","","","","033 3726392","112.00","","강원특별자치도 영월군 무릉도원면 무릉리 893-1","강원특별자치도 영월군 무릉도원면 중방안길 68","26201","무릉초등학교","2024-05-27 17:45:28","U","2024-05-29 02:40:00","학교","312371.85731851","421604.626664027","학교","0","0","","","상수도전용","0","0","0","0","0","","0","0","N","36.2","","","",
"1226","집단급식소","07_21_02_P","4271000","4271000-105-2005-00001","2005-02-23","","01","영업/정상","01","영업","","","","","033 3744503","248.94","","강원특별자치도 영월군 영월읍 덕포리 374","강원특별자치도 영월군 영월읍 중리1길 172-17","26229","봉래중학교","2024-05-28 09:25:48","U","2024-05-30 02:40:00","학교","331854.473931028","409927.199783661","학교","0","0","","","상수도전용","0","0","0","0","0","","0","0","N","75.96","","","",
"1227","집단급식소","07_21_02_P","4271000","4271000-105-2007-00001","2007-04-09","","01","영업/정상","01","영업","","","","","033  3729851","154.82","","강원특별자치도 영월군 북면 마차리 1137","강원특별자치도 영월군 북면 밤재로 241","26209","주식회사 일진글로벌","2025-08-22 15:34:08","U","2025-08-24 02:40:00","산업체","329151.542487874","418302.977390098","산업체","0","0","","","상수도전용","0","0","0","0","0","자가","0","0","N","56.75","","","",
"1228","집단급식소","07_21_02_P","4271000","4271000-105-2009-00001","2009-02-26","","01","영업/정상","01","영업","","","","","033  3747118","115.20","","강원특별자치도 영월군 영월읍 연하리 956","강원특별자치도 영월군 영월읍 남중골길 28","26230","영월노인전문요양원","2024-05-28 09:40:22","U","2024-05-30 02:40:00","사회복지시설","336696.718394157","409724.965788453","사회복지시설","0","0","","","지하수전용","0","0","0","0","0","자가","0","0","N","44.6","","","",
"1229","집단급식소","07_21_02_P","4271000","4271000-105-2009-00002","2009-07-20","","01","영업/정상","01","영업","","","","","033  3744746","18.50","","강원특별자치도 영월군 영월읍 하송리 384","강원특별자치도 영월군 영월읍 하송로 112","26239","영월유치원","2017-07-12 13:29:59","I","2023-06-13 00:00:00","어린이집","329509.230727079","409623.795790337","어린이집","0","0","","","상수도전용","0","0","0","0","0","","0","0","N","18.5","","","",
"1230","집단급식소","07_21_02_P","4271000","4271000-105-2009-00003","2009-07-20","","01","영업/정상","01","영업","","","","","033  3747215","33.00","","강원특별자치도 영월군 영월읍 영흥리 1110","강원특별자치도 영월군 영월읍 보덕사길 34","26225","보덕유치원","2024-05-27 17:44:33","U","2024-05-29 02:40:00","어린이집","329337.860933776","411654.739005955","어린이집","0","0","","","상수도전용","0","0","0","0","0","","0","0","N","33","","","",
"1231","집단급식소","07_21_02_P","4271000","4271000-105-2009-00004","2009-07-20","","01","영업/정상","01","영업","","","","","033  3747575","66.00","","강원특별자치도 영월군 영월읍 하송리 252-2","강원특별자치도 영월군 영월읍 중앙로 10","26235","푸른사랑병원","2024-05-28 10:02:21","U","2024-05-30 02:40:00","사회복지시설","330015.564028515","410050.982404069","사회복지시설","0","0","","","상수도전용","0","0","0","0","0","","0","0","N","33","","","",
"1232","집단급식소","07_21_02_P","4271000","4271000-105-2013-00002","2013-11-29","","01","영업/정상","01","영업","","","","","033 375 9988","185.70","","강원특별자치도 영월군 남면 광천리 268","강원특별자치도 영월군 남면 신선길 124","26217","예가노인전문요양원","2025-02-18 16:53:23","U","2025-02-20 02:40:00","사회복지시설","327623.388875852","406259.78053022","사회복지시설","0","0","","","지하수전용","0","0","0","0","0","","0","0","N","62.4","","","",
"1233","집단급식소","07_21_02_P","4271000","4271000-105-2014-00001","2014-03-28","","01","영업/정상","01","영업","","","","","033 374 8454","134.70","","강원특별자치도 영월군 영월읍 방절리 496-2","강원특별자치도 영월군 영월읍 청령포로 191","26226","청령초등학교","2024-05-28 09:45:58","U","2024-05-30 02:40:00","학교","327938.907460411","409711.533653815","학교","0","0","","","상수도전용","0","0","0","0","0","","0","0","N","42.2","","","",
"1234","집단급식소","07_21_02_P","4271000","4271000-105-2015-00001","2015-03-10","","01","영업/정상","01","영업","","","","","033 834 5883","358.23","","강원특별자치도 영월군 주천면 도천리 75","강원특별자치도 영월군 주천면 다래골길 53","26204","한국국제협력단 글로벌인재교육원","2025-10-17 13:32:01","U","2025-10-19 02:40:00","공공기관","310478.422907274","420438.856139511","공공기관","0","0","","","상수도전용","0","0","0","0","0","","0","0","N","72.8","","","",
"1235","집단급식소","07_21_02_P","4271000","4271000-105-2020-00001","2020-11-27","","01","영업/정상","01","영업","","","","","033 905 2000","0.00","","강원특별자치도 영월군 영월읍 삼옥리 108 동강시스타","강원특별자치도 영월군 영월읍 사지막길 160, 에스엠동강시스타","26223","에스엠동강시스타(주)","2024-01-24 18:02:24","U","2024-01-26 02:40:00","기타 집단급식소","334737.971789668","413950.472458217","기타 집단급식소","0","0","","","상수도전용","0","0","0","0","0","","0","0","N","0","","","",
"1236","집단급식소","07_21_02_P","4271000","4271000-105-2021-00002","2021-08-26","","01","영업/정상","01","영업","","","","","033 370 8114","282.44","","강원특별자치도 영월군 한반도면 쌍용리 700","강원특별자치도 영월군 한반도면 쌍용로 89, 쌍용C&E영월공장","26214","쌍용C&E영월공장 구내식당","2021-09-28 10:55:17","I","2023-06-13 00:00:00","산업체","317347.502944123","410181.464799262","산업체","0","0","","","","0","0","0","0","0","","0","0","N","282.44","","","",
"1237","집단급식소","07_21_02_P","4271000","4271000-105-2022-00002","2022-10-19","","01","영업/정상","01","영업","","","","","0333714900","","","강원특별자치도 영월군 영월읍 팔괴리 1095-25","강원특별자치도 영월군 영월읍 팔괴로 110-7","26240","대체복무교육센터","2024-05-28 10:43:30","U","2024-05-30 02:40:00","공공기관","329684.579617619","408005.737044572","공공기관","0","0","","","상수도전용","0","0","0","0","0","","0","0","N","0","","","",
"1238","집단급식소","07_21_02_P","4271000","4271000-105-1985-00001","1985-01-22","","01","영업/정상","01","영업","","","","","033 3709139","233.06","","강원특별자치도 영월군 영월읍 영흥리 1072 2통","강원특별자치도 영월군 영월읍 중앙1로 59","26234","강원특별자치도영월의료원","2024-05-28 09:55:13","U","2024-05-30 02:40:00","병원","330027.341653817","410409.983715698","병원","0","0","","","상수도전용","0","0","0","0","0","","0","0","N","88.92","","","",
"1239","집단급식소","07_21_02_P","4271000","4271000-105-1990-00001","1990-10-23","","01","영업/정상","01","영업","","","","","033 3723007","112.14","","강원특별자치도 영월군 북면 마차리 1141 2통","강원특별자치도 영월군 북면 밤재로 221","26209","마차초등학교","2024-05-28 09:47:57","U","2024-05-30 02:40:00","학교","328954.962794522","418222.905549368","학교","0","0","","","상수도전용","0","0","0","0","0","","0","0","N","35.96","","","",
"1240","집단급식소","07_21_02_P","4271000","4271000-105-1991-00001","1991-04-01","","01","영업/정상","01","영업","","","","","033 3782512","176.00","","강원특별자치도 영월군 상동읍 구래리 102 7통","강원특별자치도 영월군 상동읍 교촌길 20","26248","구래초등학교","2024-05-28 10:43:49","U","2024-05-30 02:40:00","학교","363363.643553289","406104.079634349","학교","0","0","","","상수도전용","0","0","0","0","0","","0","0","N","66","","","",
"1241","집단급식소","07_21_02_P","4281000","4281000-105-2017-00006","2017-08-16","","01","영업/정상","01","영업","","","","","3355008","228.48","","강원특별자치도 평창군 대관령면 횡계리 613-143","강원특별자치도 평창군 대관령면 올림픽로 58-17","25347","대관령중학교","2019-02-25 17:32:02","I","2023-06-13 00:00:00","학교","349872.963287042","464763.641877111","학교","0","0","","","상수도전용","0","0","0","0","0","","0","0","N","90.57","","","",
"1242","집단급식소","07_21_02_P","4281000","4281000-105-2012-00001","2012-03-20","","01","영업/정상","01","영업","","","","","033 3340185","191.75","","강원특별자치도 평창군 용평면 장평리 290-1 외 2필지","강원특별자치도 평창군 용평면 평창대로 1908","25315","메밀꽃유치원","2017-08-23 18:18:16","I","2023-06-13 00:00:00","어린이집","325492.887906008","453663.184584393","어린이집","0","0","","","상수도전용","0","0","0","0","0","","0","0","N","84","","","",
"1243","집단급식소","07_21_02_P","4281000","4281000-105-1993-00001","1993-07-19","","01","영업/정상","01","영업","","","","","033 3322732","","","강원특별자치도 평창군 대화면 대화리 971-3 외 12필지","강원특별자치도 평창군 대화면 대화중앙로 92-9","25359","대화초등학교","2020-04-13 09:49:37","I","2023-06-13 00:00:00","학교","328759.83179196","444920.595534042","학교","0","0","","","상수도전용","0","0","0","0","0","","0","0","N","0","","","",
"1244","집단급식소","07_21_02_P","4281000","4281000-105-1993-00002","1993-07-19","","01","영업/정상","01","영업","","","","","033 3330283","","","강원특별자치도 평창군 대화면 하안미리 1636-1","강원특별자치도 평창군 대화면 하안미길 11-8","25361","안미초등학교","2017-08-23 18:18:16","I","2023-06-13 00:00:00","학교","326817.132834634","440757.116233663","학교","0","0","","","상수도전용","0","0","0","0","0","","0","0","N","0","","","",
"1245","집단급식소","07_21_02_P","4281000","4281000-105-1998-00002","1998-11-26","","01","영업/정상","01","영업","","","","","033 3300817","","","강원특별자치도 평창군 용평면 백옥포리 산 154-1","강원특별자치도 평창군 용평면 새터마을길 108","25316","국립평창청소년수련원","2025-02-19 13:34:57","U","2025-02-21 02:40:00","수련원","323388.255649827","454277.214320118","수련원","0","0","","","상수도전용","0","100","0","0","0","","0","0","N","0","","","",
"1246","집단급식소","07_21_02_P","4281000","4281000-105-1998-00003","1998-11-11","","01","영업/정상","01","영업","","","","","033 3324304","","","강원특별자치도 평창군 용평면 장평리 286","강원특별자치도 평창군 용평면 평창대로 1905","25315","장평초등학교","2017-08-23 18:18:16","I","2023-06-13 00:00:00","학교","325470.641879494","453631.34198581","학교","0","0","","","상수도전용","0","0","0","0","0","","0","0","N","0","","","",
"1247","집단급식소","07_21_02_P","4281000","4281000-105-1998-00004","1998-11-11","","01","영업/정상","01","영업","","","","","033 3357008","","","강원특별자치도 평창군 진부면 하진부리 210","강원특별자치도 평창군 진부면 진부새싹길 52","25325","진부초등학교","2017-08-23 18:18:16","I","2023-06-13 00:00:00","학교","337379.712981322","460802.183325668","학교","0","0","","","상수도전용","0","0","0","0","0","","0","0","N","0","","","",
"1248","집단급식소","07_21_02_P","4281000","4281000-105-1998-00005","1998-11-11","","01","영업/정상","01","영업","","","","","033 3355913","","","강원특별자치도 평창군 대관령면 횡계리 302","강원특별자치도 평창군 대관령면 꽃밭양지길 16-3","25343","횡계초등학교","2018-06-25 10:41:19","I","2023-06-13 00:00:00","학교","350861.579840992","465090.509482031","학교","0","0","","","상수도전용","0","0","0","0","0","","0","0","N","0","","","",
"1249","집단급식소","07_21_02_P","4281000","4281000-105-2000-00001","2000-07-14","","01","영업/정상","01","영업","","","","","033 3357479","","","강원특별자치도 평창군 진부면 송정리 1311","강원특별자치도 평창군 진부면 약수동길 11","25328","호명초등학교","2017-08-23 18:18:16","I","2023-06-13 00:00:00","학교","338482.586455182","461158.558099476","학교","0","0","","","상수도전용","0","0","0","0","0","","0","0","N","0","","","",
"1250","집단급식소","07_21_02_P","4281000","4281000-105-2003-00002","2003-03-06","","01","영업/정상","01","영업","","","","","033 3322832","410.10","","강원특별자치도 평창군 평창읍 중리 160 외 3필지(학생복지관동 1층)","강원특별자치도 평창군 평창읍 노람들길 141 (외 3필지(학생복지관동 1층))","25375","평창고등학교","2017-08-23 18:18:16","I","2023-06-13 00:00:00","학교","324420.825786267","430860.316333769","학교","0","0","","","상수도전용","0","0","0","0","0","","0","0","N","318.76","","","",
"1251","집단급식소","07_21_02_P","4281000","4281000-105-2003-00004","2003-04-25","","01","영업/정상","01","영업","","","","","033 3397800","526.40","","강원특별자치도 평창군 봉평면 창동리 332 (봉평중고등학교다목적체육관 1층)","강원특별자치도 평창군 봉평면 기풍4길 27-6","25303","봉평고등학교","2018-09-05 14:44:11","I","2023-06-13 00:00:00","학교","321878.870549693","458156.407148367","학교","0","0","","","상수도전용","0","0","0","0","0","","0","0","N","386.76","","","",
"1252","집단급식소","07_21_02_P","4281000","4281000-105-2004-00001","2004-03-25","","01","영업/정상","01","영업","","","","","033 3355757","0.00","","강원특별자치도 평창군 대관령면 수하리 산 69","강원특별자치도 평창군 대관령면 올림픽로 715","25352","용평리조트3","2025-09-05 12:04:30","U","2025-09-07 02:40:00","산업체","348259.144297804","461699.273918606","산업체","0","0","","","전용상수도(특정시설의 자가용 수도)","0","0","0","0","0","","0","0","N","0","","","",
"1253","집단급식소","07_21_02_P","4281000","4281000-105-2004-00002","2004-04-13","","01","영업/정상","01","영업","","","","","033 3357009","","","강원특별자치도 평창군 진부면 하진부리 162","강원특별자치도 평창군 진부면 솔천길 69","25333","진부고등학교","2020-11-11 10:27:03","I","2023-06-13 00:00:00","학교","337029.309094717","460391.247939171","학교","0","0","","","상수도전용","0","0","0","0","0","","0","0","N","0","","","",
"1254","집단급식소","07_21_02_P","4281000","4281000-105-2004-00003","2004-06-22","","01","영업/정상","01","영업","","","","","033 3338066","","","강원특별자치도 평창군 평창읍 도돈리 29-21","강원특별자치도 평창군 평창읍 평창강로 896-21","25378","(재)천주교수원교구성필립보생태마을","2023-04-19 09:51:49","I","2023-06-13 00:00:00","산업체","321617.381392021","426072.525279366","산업체","0","0","","","상수도전용","0","0","0","0","0","","0","0","N","0","","","",
"1255","집단급식소","07_21_02_P","4281000","4281000-105-2004-00005","2004-08-17","","01","영업/정상","01","영업","","","","","033 3355095","372.60","","강원특별자치도 평창군 대관령면 횡계리 365-2 상지대관령고등학교","강원특별자치도 평창군 대관령면 해당화3길 24, 상지대관령고등학교","25345","상지대관령고등학교","2020-06-24 18:34:25","I","2023-06-13 00:00:00","학교","350346.661279747","464655.005905869","학교","0","0","","","상수도전용","0","0","0","0","0","","0","0","N","372.6","","","",
"1256","집단급식소","07_21_02_P","4281000","4281000-105-2008-00001","2008-01-31","","01","영업/정상","01","영업","","","","","033 3347979","59.41","","강원특별자치도 평창군 용평면 장평리 317-22","강원특별자치도 평창군 용평면 새이들길 17","25316","공립용평보듬이나눔이어린이집","2018-01-19 14:42:32","I","2023-06-13 00:00:00","어린이집","324626.685884708","454309.962530533","어린이집","0","0","","","상수도전용","0","3","0","0","0","","0","0","N","29.2","","","",
"1257","집단급식소","07_21_02_P","4281000","4281000-105-2009-00003","2009-07-23","","01","영업/정상","01","영업","","","","","033 3390615","414.96","","강원특별자치도 평창군 대관령면 용산리 195-1 102동","강원특별자치도 평창군 대관령면 솔봉로 325","25351","케이에이치강원개발","2023-08-03 11:30:04","U","2023-08-05 02:40:00","산업체","347532.136650789","463016.896475131","산업체","0","0","","","상수도전용","0","0","0","0","0","","0","0","N","118.13","","","",
"1258","집단급식소","07_21_02_P","4281000","4281000-105-1990-00002","1990-09-27","","01","영업/정상","01","영업","","","","","033 3395186","","","강원특별자치도 평창군 평창읍 하리 94","강원특별자치도 평창군 평창읍 송학로 71","25374","평창초등학교","2018-11-21 19:11:08","I","2023-06-13 00:00:00","학교","323291.994768975","430601.095910013","학교","0","0","","","상수도전용","0","0","0","0","0","","0","0","N","0","","","",
"1259","집단급식소","07_21_02_P","4281000","4281000-105-1990-00003","1990-10-12","","01","영업/정상","01","영업","","","","","033 3323706","","","강원특별자치도 평창군 미탄면 창리 776","강원특별자치도 평창군 미탄면 미탄중앙로 49","25382","미탄초등학교","2017-08-23 18:18:16","I","2023-06-13 00:00:00","학교","332886.252821971","427716.424783082","학교","0","0","","","상수도전용","0","0","0","0","0","","0","0","N","0","","","",
"1260","집단급식소","07_21_02_P","4281000","4281000-105-1990-00004","1990-10-15","","01","영업/정상","01","영업","","","","","033 3355757","0.00","","강원특별자치도 평창군 대관령면 용산리 130","강원특별자치도 평창군 대관령면 올림픽로 715","25352","용평리조트1","2025-09-05 12:04:01","U","2025-09-07 02:40:00","산업체","348259.144297804","461699.273918606","산업체","0","0","","","전용상수도(특정시설의 자가용 수도)","0","0","0","0","0","","0","0","N","0","","","",
"1261","집단급식소","07_21_02_P","4281000","4281000-105-1992-00001","1992-08-07","","01","영업/정상","01","영업","","","","","033  3336989","154.83","","강원특별자치도 평창군 방림면 계촌리 1478-2 계촌초등학교","강원특별자치도 평창군 방림면 계촌길 63, 계촌초등학교","25364","계촌초등학교","2023-03-02 16:38:24","I","2023-06-13 00:00:00","학교","315347.151652689","439756.576613476","학교","0","0","","","상수도전용","0","0","0","0","0","","0","0","N","154.83","","","",
"1262","집단급식소","07_21_02_P","4281000","4281000-105-1992-00002","1992-08-26","","01","영업/정상","01","영업","","","","","033 3360332","","","강원특별자치도 평창군 봉평면 창동리 329","강원특별자치도 평창군 봉평면 기풍8길 22","25303","봉평초등학교","2017-08-23 18:18:16","I","2023-06-13 00:00:00","학교","321891.997388788","457944.011137411","학교","0","0","","","상수도전용","0","0","0","0","0","","0","0","N","0","","","",
"1263","집단급식소","07_21_02_P","4281000","4281000-105-2010-00004","2010-09-03","","01","영업/정상","01","영업","","","","","033 3360216","37.21","","강원특별자치도 평창군 봉평면 원길리 325 4층","강원특별자치도 평창군 봉평면 북길동길 17, 4층","25302","혜민요양병원","2020-01-22 14:31:02","I","2023-06-13 00:00:00","병원","321462.866796842","458760.18854023","병원","0","0","","","상수도전용","0","0","0","0","0","","0","0","N","37.27","","","",
"1264","집단급식소","07_21_02_P","4281000","4281000-105-2011-00002","2011-05-20","","01","영업/정상","01","영업","","","","","033 3320940","122.30","","강원특별자치도 평창군 봉평면 면온리 683-1 외3필지","강원특별자치도 평창군 봉평면 태기로 493-11 (외3필지)","25309","면온초등학교","2020-04-13 09:52:20","I","2023-06-13 00:00:00","학교","319190.39423197","452261.112188119","학교","0","0","","","상수도전용","0","0","0","0","0","자가","0","0","N","35.78","","","",
"1265","집단급식소","07_21_02_P","4281000","4281000-105-2011-00004","2011-07-19","","01","영업/정상","01","영업","","","","","","","","강원특별자치도 평창군 대관령면 용산리 406-23 외 6필지(알펜시아컨트리클럽 클럽하우스)","강원특별자치도 평창군 대관령면 솔봉로 325 (외 6필지(알펜시아컨트리클럽 클럽하우스))","25351","27홀관리동식당","2025-03-04 11:12:37","U","2025-03-06 02:40:00","산업체","345786.815844836","462590.554819645","산업체","0","0","","","상수도전용","0","0","0","0","0","","0","0","N","0","","","",
"1266","집단급식소","07_21_02_P","4281000","4281000-105-2011-00005","2011-08-18","","01","영업/정상","01","영업","","","","","033 3365209","95.84","","강원특별자치도 평창군 대관령면 차항리 55-1","강원특별자치도 평창군 대관령면 도암새싹길 11","25340","대관령초등학교","2017-08-23 18:18:16","I","2023-06-13 00:00:00","학교","349309.88207993","466534.182524127","학교","0","0","","","상수도전용","0","0","0","0","0","","0","0","N","33.94","","","",
"1267","집단급식소","07_21_02_P","4281000","4281000-105-2005-00002","2005-06-16","","01","영업/정상","01","영업","","","","","033 3322731","262.08","","강원특별자치도 평창군 평창읍 중리 350","강원특별자치도 평창군 평창읍 노성로 145","25375","평창중학교","2017-08-23 18:18:16","I","2023-06-13 00:00:00","학교","323810.590641882","430587.004067202","학교","0","0","","","상수도전용","0","0","0","0","0","","0","0","N","102.24","","","",
"1268","집단급식소","07_21_02_P","4281000","4281000-105-2005-00003","2005-08-30","","01","영업/정상","01","영업","","","","","033 3322270","20.15","","강원특별자치도 평창군 평창읍 중리 233-1","강원특별자치도 평창군 평창읍 노성로 179","25375","평창어린이집","2018-01-19 14:31:03","I","2023-06-13 00:00:00","어린이집","323938.677567937","430555.179592135","어린이집","0","0","","","상수도전용","0","0","0","0","0","","0","0","N","21.59","","","",
"1269","집단급식소","07_21_02_P","4281000","4281000-105-2005-00005","2005-08-30","","01","영업/정상","01","영업","","","","","033 3355017","14.25","","강원특별자치도 평창군 대관령면 횡계리 343-18","강원특별자치도 평창군 대관령면 눈마을2길 19-4","25346","햇살어린이집","2018-01-19 14:33:03","I","2023-06-13 00:00:00","어린이집","350689.94967062","464500.341674149","어린이집","0","0","","","상수도전용","0","0","0","0","0","","0","0","N","14.25","","","",
"1270","집단급식소","07_21_02_P","4281000","4281000-105-2005-00006","2005-09-05","","01","영업/정상","01","영업","","","","","033 3323460","16.92","","강원특별자치도 평창군 평창읍 중리 355-5","강원특별자치도 평창군 평창읍 노성로 121","25375","소화어린이집","2023-03-06 17:50:17","I","2023-06-13 00:00:00","어린이집","323656.336211375","430552.084620848","어린이집","0","0","","","상수도전용","0","0","0","0","0","","0","0","N","16.92","","","",
"1271","집단급식소","07_21_02_P","4281000","4281000-105-2005-00008","2005-09-06","","01","영업/정상","01","영업","","","","","033 3362062","9.72","","강원특별자치도 평창군 대화면 대화리 922-1","강원특별자치도 평창군 대화면 우전길 21","25359","대화어린이집","2024-05-14 09:31:23","U","2024-05-16 02:40:00","어린이집","328606.369581705","444900.250239546","어린이집","0","0","","","상수도전용","0","0","0","0","0","","0","0","N","9.72","","","",
"1272","집단급식소","07_21_02_P","4281000","4281000-105-2007-00001","2007-01-23","","01","영업/정상","01","영업","","","","","033 3306854","384.00","","강원특별자치도 평창군 봉평면 면온리 1097-1 외 8필지","강원특별자치도 평창군 봉평면 태기로 174","25307","직원식당1","2025-02-04 14:29:25","U","2025-02-06 02:40:00","산업체","317177.713905004","454046.509523181","산업체","0","0","","","상수도전용","0","0","0","0","0","자가","0","0","N","128","","","",
"1273","집단급식소","07_21_02_P","4281000","4281000-105-2007-00002","2007-02-23","","01","영업/정상","01","영업","","","","","033 3322271","46.41","","강원특별자치도 평창군 평창읍 주진리 504","강원특별자치도 평창군 평창읍 하촌길 26","25369","주진초등학교","2017-08-23 18:18:16","I","2023-06-13 00:00:00","학교","324480.437696487","433294.176062857","학교","0","0","","","상수도전용","0","0","0","0","0","","0","0","N","46.41","","","",
"1274","집단급식소","07_21_02_P","4281000","4281000-105-2007-00011","2007-06-29","","01","영업/정상","01","영업","","","","","033 3332762","","","강원특별자치도 평창군 대화면 대화리 476","강원특별자치도 평창군 대화면 대화중앙로 32-8","25360","대화중·고등학교","2017-08-23 18:18:16","I","2023-06-13 00:00:00","학교","329042.648176938","444409.262250478","학교","0","0","","","상수도전용","0","0","0","0","0","자가","0","0","N","0","","","",
"1275","집단급식소","07_21_02_P","4281000","4281000-105-2013-00002","2013-11-13","","01","영업/정상","01","영업","","","","","033 3396084","1004.00","","강원특별자치도 평창군 대화면 신리 1982-1 외 267필지","강원특별자치도 평창군 대화면 평창대로 1447","25354","서울대학교 그린바이오과학기술연구원 구내식당","2025-04-22 16:03:45","U","2025-04-24 02:40:00","학교","326992.612119239","451233.586898545","학교","0","0","","","상수도전용","0","0","0","0","0","","0","0","N","222","","","",
"1276","집단급식소","07_21_02_P","4281000","4281000-105-2013-00003","2013-12-05","","01","영업/정상","01","영업","","","","","033 3354211","315.00","","강원특별자치도 평창군 대관령면 수하리 207-2 강원학생체육훈련장 본관 1층","강원특별자치도 평창군 대관령면 삼현동1길 204, 1층 (강원학생체육훈련장 본관)","25351","강원학생스포츠센터","2024-10-23 10:55:29","U","2024-10-25 02:40:00","기타 집단급식소","348128.546563477","464115.869832028","기타 집단급식소","0","0","","","상수도전용","0","0","0","0","0","자가","0","0","N","315","","","",
"1277","집단급식소","07_21_02_P","4281000","4281000-105-2013-00004","2013-12-26","","01","영업/정상","01","영업","","","","","033 8231151","174.42","","강원특별자치도 평창군 진부면 동산리 26-7","강원특별자치도 평창군 진부면 오대산3길 56","25318","월정사노인요양원","2018-01-15 13:21:55","I","2023-06-13 00:00:00","사회복지시설","340866.154133449","469296.702196207","사회복지시설","0","0","","","상수도전용","0","0","0","0","0","","0","0","N","174.42","","","",
"1278","집단급식소","07_21_02_P","4281000","4281000-105-2014-00001","2014-05-21","","01","영업/정상","01","영업","","","","","033 3357716","105.84","","강원특별자치도 평창군 진부면 거문리 240","강원특별자치도 평창군 진부면 거문길 24","25335","거문초등학교","2020-04-13 09:27:57","I","2023-06-13 00:00:00","학교","335218.000114898","456904.201871519","학교","0","0","","","간이상수도","0","0","0","0","0","","0","0","N","33.96","","","",
"1279","집단급식소","07_21_02_P","4281000","4281000-105-2015-00002","2015-07-16","","01","영업/정상","01","영업","","","","","033  3336408","171.98","","강원특별자치도 평창군 대관령면 유천리 759-1 도성초등학교 제1동","강원특별자치도 평창군 대관령면 경강로 4177-6 (도성초등학교 제1동)","25350","도성초등학교","2016-10-24 10:52:17","I","2023-06-13 00:00:00","학교","341074.979089491","464366.048190317","학교","0","0","","","상수도전용","0","0","0","0","0","","0","0","N","171.98","","","",
"1280","집단급식소","07_21_02_P","4281000","4281000-105-2016-00003","2016-07-15","","01","영업/정상","01","영업","","","","","043 646 7282","142.17","","강원특별자치도 평창군 진부면 척천리 489","강원특별자치도 평창군 진부면 방아다리로 1011-26","25320","전나무숲쉼터밀브릿지","2023-04-20 09:52:46","I","2023-06-13 00:00:00","산업체","332577.50410626","466676.097701013","산업체","0","0","","","지하수전용","0","0","0","0","0","","0","0","N","52.23","","","",
"1281","집단급식소","07_21_02_P","4281000","4281000-105-2019-00004","2019-09-19","","01","영업/정상","01","영업","","","","","033 330 9657","125.40","","강원특별자치도 평창군 봉평면 면온리 946-7 한화리조트","강원특별자치도 평창군 봉평면 태기로 228-33, 한화리조트 휘닉스파크레드앤핑크콘도미니엄 B01호,B04호","25309","(주)한화호텔앤드리조트 직원식당","2025-10-23 14:01:37","U","2025-10-25 02:40:00","산업체","317534.838381581","453806.108543319","산업체","0","0","","","상수도전용","0","0","0","0","0","","0","0","N","42.92","","","",
"1282","집단급식소","07_21_02_P","4281000","4281000-105-2020-00001","2020-02-21","","01","영업/정상","01","영업","","","","","033 335 5044","156.80","","강원특별자치도 평창군 대관령면 횡계리 704-5 대관령목장","강원특별자치도 평창군 대관령면 꽃밭양지길 708-9, 대관령목장 연수원동 1층","25341","삼양라운드힐 연수원","2023-08-03 11:06:56","U","2023-08-05 02:40:00","산업체","351498.458116468","470685.845613269","산업체","0","0","","","상수도전용","0","0","0","0","0","","0","0","N","44","","","",
"1283","집단급식소","07_21_02_P","4281000","4281000-105-2020-00003","2020-06-12","","01","영업/정상","01","영업","","","","","033 335 2156","15.65","","강원특별자치도 평창군 대관령면 횡계리 205-1","강원특별자치도 평창군 대관령면 대관령로 202-6","25343","공립예초롱어린이집","2020-06-12 14:00:43","I","2023-06-13 00:00:00","어린이집","351484.246234828","464714.968908459","어린이집","0","0","","","","0","0","0","0","0","","0","0","N","15.65","","","",
"1284","집단급식소","07_21_02_P","4281000","4281000-105-2020-00004","2020-06-16","","01","영업/정상","01","영업","","","","","033 336 0327","15.00","","강원특별자치도 평창군 진부면 송정리 2538 평창성원아파트","강원특별자치도 평창군 진부면 송정택지1길 37 (평창성원아파트)","25331","공립교대어린이집","2020-06-16 15:28:08","I","2023-06-13 00:00:00","어린이집","337928.134130871","460510.028290219","어린이집","0","0","","","상수도전용","0","0","0","0","0","","0","0","N","15","","","",
"1285","집단급식소","07_21_02_P","4281000","4281000-105-2022-00001","2022-02-10","","01","영업/정상","01","영업","","","","","033 330 0105","501.20","","강원특별자치도 평창군 대관령면 횡계리 275-1 KT대관령수련관","강원특별자치도 평창군 대관령면 송천2길 21, KT대관령수련관","25343","케이티에이치에스 대관령","2025-06-30 15:21:18","U","2025-07-02 02:40:00","산업체","351070.745467028","464540.429540024","산업체","0","0","","","상수도전용","0","9","0","0","0","","0","0","N","145.2","","","",
"1286","집단급식소","07_21_02_P","4281000","4281000-105-2022-00002","2022-05-18","","01","영업/정상","01","영업","","","","","033 330 6533","602.90","","강원특별자치도 평창군 봉평면 면온리 1098 휘닉스평창 스키하우스","강원특별자치도 평창군 봉평면 태기로 174, 휘닉스평창 스키하우스 1~2층","25307","스피넬 급식소","2024-10-02 17:48:15","U","2024-10-04 02:40:00","수련원","317059.630017773","454194.674829187","수련원","0","0","","","전용상수도(특정시설의 자가용 수도)","0","0","0","0","0","자가","0","0","N","36.5","","","",
"1287","집단급식소","07_21_02_P","4281000","4281000-105-2023-00001","2023-04-20","","01","영업/정상","01","영업","","","","","033 335 0477","417.78","","강원특별자치도 평창군 대관령면 횡계리 364-1 2018 평창 동계올림픽 조직위원회","강원특별자치도 평창군 대관령면 올림픽로 108-27, 1층","25347","대한체육회","2025-04-23 14:50:40","U","2025-04-25 02:40:00","공공기관","350192.502933508","464491.694787984","공공기관","0","0","","","","0","0","0","0","0","자가","0","0","N","417.78","","","",
"1288","집단급식소","07_21_02_P","4281000","4281000-105-2017-00008","2017-11-01","","01","영업/정상","01","영업","","","","","033 3325021","0.00","","강원특별자치도 평창군 용평면 용전리 207-1 외 1필지(용전중학교)","강원특별자치도 평창군 용평면 도사길 9","25313","용전중학교","2018-01-15 13:46:27","I","2023-06-13 00:00:00","학교","327002.939028002","457213.872348402","학교","0","0","","","간이상수도","0","0","0","0","0","","0","0","N","0","","","",
"1289","집단급식소","07_21_02_P","4281000","4281000-105-2018-00002","2018-01-10","","01","영업/정상","01","영업","","","","","033 3307533","0.00","","강원특별자치도 평창군 대관령면 용산리 2-15","강원특별자치도 평창군 대관령면 올림픽로 661, 블리스힐스테이 2층","25352","아벡(Cafeteria Avec)","2025-09-04 10:16:30","U","2025-09-06 02:40:00","수련원","348493.07818713","461762.075430438","수련원","0","0","","","전용상수도(특정시설의 자가용 수도)","0","2","0","0","0","자가","0","0","N","0","","","",
"1290","집단급식소","07_21_02_P","4281000","4281000-105-2018-00009","2018-03-19","","01","영업/정상","01","영업","","","","","033 3332411","142.10","","강원특별자치도 평창군 대화면 신리 574 신리초등학교","강원특별자치도 평창군 대화면 하송빈1길 23, 신리초등학교","25354","신리초등학교","2020-03-18 17:11:41","I","2023-06-13 00:00:00","학교","328686.641465401","449324.946534725","학교","0","0","","","상수도전용","0","0","0","0","0","","0","0","N","78.84","","","",
"1291","집단급식소","07_21_02_P","4281000","4281000-105-2018-00011","2018-08-30","","01","영업/정상","01","영업","","","","","033  3369977","26.70","","강원특별자치도 평창군 봉평면 창동리 425-4 공립봉평어린이집","강원특별자치도 평창군 봉평면 기풍로 121-19, 공립봉평어린이집","25304","공립봉평어린이집","2018-08-30 15:18:18","I","2023-06-13 00:00:00","어린이집","321465.032953822","457609.029526672","어린이집","0","0","","","상수도전용","0","0","0","0","0","","0","0","N","26.7","","","",
"1292","집단급식소","07_21_02_P","4281000","4281000-105-2019-00001","2019-03-08","","01","영업/정상","01","영업","","","","","033 332 4328","131.07","","강원특별자치도 평창군 용평면 속사리 352","강원특별자치도 평창군 용평면 운두령로 100","25312","속사초등학교","2020-01-10 11:02:14","I","2023-06-13 00:00:00","학교","331613.619864234","461465.547464151","학교","0","0","","","간이상수도","0","0","0","0","0","","0","0","N","59.4","","","",
"1293","집단급식소","07_21_02_P","4281000","4281000-105-2019-00002","2019-07-22","","01","영업/정상","01","영업","","","","","033  3358853","162.80","","강원특별자치도 평창군 진부면 송정리 1701-1 월정사포교원연꽃유치원","강원특별자치도 평창군 진부면 운송길 13, 월정사포교원연꽃유치원","25328","연꽃어린이집","2024-05-14 09:39:27","U","2024-05-16 02:40:00","어린이집","338060.270362278","460644.37005704","어린이집","0","0","","","상수도전용","0","0","0","0","0","","0","0","N","59.1","","","",
"1294","집단급식소","07_21_02_P","4291000","4291000-105-1990-00001","1990-06-09","","01","영업/정상","01","영업","","","","","033 5607242","","","강원특별자치도 정선군 정선읍 430","강원특별자치도 정선군 정선읍 봉양1길 145","26129","근로복지공단 정선병원","2019-03-19 16:26:50","I","2023-06-13 00:00:00","병원","346855.588954997","432530.667942067","병원","0","0","","","상수도전용","0","0","0","0","0","","0","0","N","0","","","",
"1295","집단급식소","07_21_02_P","4291000","4291000-105-1990-00002","1990-06-09","","01","영업/정상","01","영업","","","","","033 5630018","","","강원특별자치도 정선군 정선읍 봉양리 00 4통5반","강원특별자치도 정선군 정선읍 비봉로 15","26129","정선초등학교","2024-05-13 10:01:23","U","2024-05-15 02:40:00","학교","346904.514463933","432360.215141604","학교","0","0","","","상수도전용","0","0","0","0","0","","0","0","N","0","","","",
"1296","집단급식소","07_21_02_P","4291000","4291000-105-1993-00001","1993-08-31","","01","영업/정상","01","영업","","","","","033 5628461","","","강원특별자치도 정선군 정선읍 봉양리 1-10","강원특별자치도 정선군 정선읍 녹송7길 1","26128","봉양초등학교","2019-11-26 14:31:20","I","2023-06-13 00:00:00","학교","347784.37134842","432921.051856635","학교","0","0","","","상수도전용","0","0","0","0","0","","0","0","N","0","","","",
"1297","집단급식소","07_21_02_P","4291000","4291000-105-1993-00002","1993-08-20","","01","영업/정상","01","영업","","","","","033 5911068","","","강원특별자치도 정선군 남면 무릉리 00","강원특별자치도 정선군 남면 민둥산로 12","26148","증산초등학교","2017-07-10 11:11:10","I","2023-06-13 00:00:00","학교","357945.236950295","418407.328747372","학교","0","0","","","상수도전용","0","0","0","0","0","","0","0","N","0","","","",
"1298","집단급식소","07_21_02_P","4291000","4291000-105-1993-00003","1993-08-20","","01","영업/정상","01","영업","","","","","033 5625859","","","강원특별자치도 정선군 북평면 북평리 63","강원특별자치도 정선군 북평면 서동로 2170","26101","북평초등학교","2019-04-01 09:20:02","I","2023-06-13 00:00:00","학교","348056.649134203","440470.158072844","학교","0","0","","","상수도전용","0","0","0","0","0","","0","0","N","0","","","",
"1299","집단급식소","07_21_02_P","4291000","4291000-105-1994-00001","1994-02-28","","01","영업/정상","01","영업","","","","","033 3781023","","","강원특별자치도 정선군 신동읍 조동리 00 5통3반","강원특별자치도 정선군 신동읍 조동6길 17-12","26141","함백초등학교","2017-07-10 10:46:49","I","2023-06-13 00:00:00","학교","348386.258771269","413977.313934556","학교","0","0","","","상수도전용","0","0","0","0","0","","0","0","N","0","","","",
"1300","집단급식소","07_21_02_P","4291000","4291000-105-1994-00002","1994-04-08","","01","영업/정상","01","영업","","","","","033 3780008","","","강원특별자치도 정선군 신동읍 예미리 00 1리","강원특별자치도 정선군 신동읍 의림로 327","26138","예미초등학교","2017-07-10 10:47:26","I","2023-06-13 00:00:00","학교","345983.188545389","414504.988826798","학교","0","0","","","상수도전용","0","0","0","0","0","","0","0","N","0","","","",
"1301","집단급식소","07_21_02_P","4291000","4291000-105-1994-00003","1994-02-28","","01","영업/정상","01","영업","","","","","033 5622037","","","강원특별자치도 정선군 화암면 화암리 380","강원특별자치도 정선군 화암면 그림바위길 66-20","26116","화동초등학교","2017-07-10 10:47:46","I","2023-06-13 00:00:00","학교","358334.32516929","427792.738178153","학교","0","0","","","상수도전용","0","0","0","0","0","","0","0","N","0","","","",
"1302","집단급식소","07_21_02_P","4291000","4291000-105-1995-00001","1995-11-16","","01","영업/정상","01","영업","","","","","033 5920772","","","강원특별자치도 정선군 고한읍 고한리 0 9리 104","강원특별자치도 정선군 고한읍 고한4길 11","26155","고한초등학교","2017-07-10 10:48:22","I","2023-06-13 00:00:00","학교","364458.776918403","412834.824112621","학교","0","0","","","상수도전용","0","0","0","0","0","","0","0","N","0","","","",
"1303","집단급식소","07_21_02_P","4291000","4291000-105-1995-00002","1995-04-13","","01","영업/정상","01","영업","","","","","033 5925522","374.00","","강원특별자치도 정선군 사북읍 사북리 270","강원특별자치도 정선군 사북읍 소금강로 3561","26150","사북초등학교","2017-07-10 10:49:21","I","2023-06-13 00:00:00","학교","362751.551514868","415647.007883207","학교","0","0","","","상수도전용","0","0","0","0","0","","0","0","N","107","","","",
"1304","집단급식소","07_21_02_P","4291000","4291000-105-1995-00003","1995-09-01","","01","영업/정상","01","영업","","","","","033 5911005","","","강원특별자치도 정선군 남면 문곡리 100-1","강원특별자치도 정선군 남면 칠현로 70","26145","남선초등학교","2017-07-10 10:50:11","I","2023-06-13 00:00:00","학교","354375.481531157","419955.51992905","학교","0","0","","","상수도전용","0","0","0","0","0","","0","0","N","0","","","",
"1305","집단급식소","07_21_02_P","4291000","4291000-105-1995-00004","1995-06-26","","01","영업/정상","01","영업","","","","","033 5626165","","","강원특별자치도 정선군 임계면 송계리 746-3","강원특별자치도 정선군 임계면 송계1길 7","26110","임계초등학교","2017-07-10 10:45:58","I","2023-06-13 00:00:00","학교","363373.427277094","445379.720193674","학교","0","0","","","상수도전용","0","0","0","0","0","","0","0","N","0","","","",
"1306","집단급식소","07_21_02_P","4291000","4291000-105-1996-00001","1996-12-03","","01","영업/정상","01","영업","","","","","033 5912530","128.00","","강원특별자치도 정선군 고한읍 고한리 31","강원특별자치도 정선군 고한읍 고한로 300","26156","갈래초등학교","2017-07-10 10:50:49","I","2023-06-13 00:00:00","학교","365644.435195627","411978.559259661","학교","0","0","","","상수도전용","0","0","0","0","0","","0","0","N","0","","","",
"1307","집단급식소","07_21_02_P","4291000","4291000-105-1999-00002","1999-07-19","","01","영업/정상","01","영업","","","","","033 5633127","","","강원특별자치도 정선군 정선읍 봉양리 46-55","강원특별자치도 정선군 정선읍 녹송6길 30-3","26128","봉양어린이집(나실원)","2024-05-29 14:02:14","U","2024-05-31 02:40:00","어린이집","347835.794072832","432792.353910702","어린이집","0","0","","","상수도전용","0","0","0","0","0","","0","0","N","0","","","",
"1308","집단급식소","07_21_02_P","4291000","4291000-105-1999-00003","1999-09-16","","01","영업/정상","01","영업","","","","","033 5622173","","","강원특별자치도 정선군 정선읍 봉양리 153-1","강원특별자치도 정선군 정선읍 봉양4길 15","26131","정선중고등학교","2024-05-13 09:56:35","U","2024-05-15 02:40:00","학교","347109.446789848","431974.181451893","학교","0","0","","","상수도전용","0","0","0","0","0","","0","0","N","0","","","",
"1309","집단급식소","07_21_02_P","4291000","4291000-105-1999-00004","2000-06-05","","01","영업/정상","01","영업","","","","","033 5609499","","","강원특별자치도 정선군 정선읍 북실리 765-1","강원특별자치도 정선군 정선읍 용담샛길 2","26132","정선정보공업고등학교","2020-04-23 15:19:58","I","2023-06-13 00:00:00","학교","345855.281959659","432147.075002325","학교","0","0","","","상수도전용","0","0","0","0","0","","0","0","N","0","","","",
"1310","집단급식소","07_21_02_P","4291000","4291000-105-1999-00006","1999-09-17","","01","영업/정상","01","영업","","","","","033 5923350","340.50","","강원특별자치도 정선군 고한읍 고한리 80","강원특별자치도 정선군 고한읍 고한9길 160","26155","고한중고등학교","2017-07-10 10:55:33","I","2023-06-13 00:00:00","학교","364365.829580508","413218.51157608","학교","0","0","","","상수도전용","0","0","0","0","0","","0","0","N","0","","","",
"1311","집단급식소","07_21_02_P","4291000","4291000-105-1999-00007","1999-09-15","","01","영업/정상","01","영업","","","","","033 5920171","","","강원특별자치도 정선군 사북읍 사북리 286","강원특별자치도 정선군 사북읍 소금강로 3640","26150","사북고등학교","2024-05-13 09:47:55","U","2024-05-15 02:40:00","학교","362152.527660042","415578.943841198","학교","0","0","","","상수도전용","0","0","0","0","0","","0","0","N","0","","","",
"1312","집단급식소","07_21_02_P","4291000","4291000-105-1999-00008","1999-09-18","","01","영업/정상","01","영업","","","","","033 3700194","415.02","","","강원특별자치도 정선군 신동읍 함백로 376","26141","함백중고등학교","2017-03-14 11:31:34","I","2023-06-13 00:00:00","학교","348557.299015049","413941.981390632","학교","0","0","","","상수도전용","0","0","0","0","0","","0","0","N","119.55","","","",
"1313","집단급식소","07_21_02_P","4291000","4291000-105-1999-00012","1999-08-09","","01","영업/정상","01","영업","","","","","033 5626028","","","강원특별자치도 정선군 임계면 봉산리 241-2","강원특별자치도 정선군 임계면 백두대간로 1313","26113","임계중고등학교","2017-07-10 10:56:51","I","2023-06-13 00:00:00","학교","363127.409707893","444929.40361705","학교","0","0","","","상수도전용","0","0","0","0","0","","0","0","N","0","","","",
"1314","집단급식소","07_21_02_P","4291000","4291000-105-1999-00013","1999-09-15","","01","영업/정상","01","영업","","","","","033 5624124","134.00","","강원특별자치도 정선군 여량면 여량리 87","강원특별자치도 정선군 여량면 여량7길 42","26106","여량고등학교","2017-07-10 10:57:11","I","2023-06-13 00:00:00","학교","352685.316763262","442190.739192424","학교","0","0","","","상수도전용","0","0","0","0","0","","0","0","N","38.08","","","",
"1315","집단급식소","07_21_02_P","4291000","4291000-105-2000-00001","2000-09-14","","01","영업/정상","01","영업","","","","","033 5914115","177.00","","강원특별자치도 정선군 고한읍 고한리 424","강원특별자치도 정선군 고한읍 고한7길 399","26154","팰리스 직원식당","2025-02-20 10:24:24","U","2025-02-22 02:40:00","산업체","363592.970612937","409600.862966256","산업체","0","0","","","상수도전용","0","0","0","0","0","","0","0","N","30","","","",
"1316","집단급식소","07_21_02_P","4291000","4291000-105-2000-00004","2000-10-05","","01","영업/정상","01","영업","","","","","033 5624014","","","강원특별자치도 정선군 여량면 여량리 127","강원특별자치도 정선군 여량면 서동로 2950","26106","여량초등학교","2017-07-10 10:57:51","I","2023-06-13 00:00:00","학교","352786.992644384","442495.491731334","학교","0","0","","","상수도전용","0","0","0","0","0","","0","0","N","0","","","",
"1317","집단급식소","07_21_02_P","4291000","4291000-105-2001-00001","2001-04-25","","01","영업/정상","01","영업","","","","","033 5903459","","","강원특별자치도 정선군 고한읍 고한리 90-2","강원특별자치도 정선군 고한읍 고한3길 6-9","26154","(주) 강원랜드 기숙사","2024-12-24 17:46:19","U","2024-12-27 02:40:00","기숙사","364044.89605274","412783.033373","기숙사","0","0","","","상수도전용","0","0","0","0","0","","0","0","N","0","","","",
"1318","집단급식소","07_21_02_P","4291000","4291000-105-2003-00001","2003-02-28","","01","영업/정상","01","영업","","","","","033590 6684","1123.97","","강원특별자치도 정선군 사북읍 사북리 424","강원특별자치도 정선군 사북읍 하이원길 265","26154","호텔앤카지노 직원식당","2025-02-20 10:01:25","U","2025-02-22 02:40:00","산업체","361518.513221455","413851.267613498","산업체","0","0","","","상수도전용","0","0","0","0","0","","0","0","N","300","","","",
"1319","집단급식소","07_21_02_P","4291000","4291000-105-2018-00002","2018-04-05","","01","영업/정상","01","영업","","","","","033 563 0456","65.40","","강원특별자치도 정선군 정선읍 봉양리 147-10 정선어린이집","강원특별자치도 정선군 정선읍 봉양4길 8, 정선어린이집","26131","정선어린이집","2024-05-29 14:01:06","U","2024-05-31 02:40:00","어린이집","347220.37611149","431934.141541544","어린이집","0","0","","","상수도전용","0","0","0","0","0","","0","0","N","15","","","",
"1320","집단급식소","07_21_02_P","4291000","4291000-105-2018-00003","2018-06-19","","01","영업/정상","01","영업","","","","","033 590 3368","320.24","","강원특별자치도 정선군 사북읍 사북리 산 155-58 하이원 워터월드","강원특별자치도 정선군 사북읍 하이원길 175, 하이원 워터월드 지하1층","26154","워터월드 직원식당","2025-02-20 10:09:49","U","2025-02-22 02:40:00","산업체","361192.676771488","413952.039713274","산업체","0","0","","","상수도전용","0","0","0","0","0","","0","0","N","99.3","","","",
"1321","집단급식소","07_21_02_P","4291000","4291000-105-2019-00001","2019-05-14","","01","영업/정상","01","영업","","","","","033 3780099","147.90","","강원특별자치도 정선군 신동읍 천포리 500-1","강원특별자치도 정선군 신동읍 의림로 141-109, 2층","26142","(주)한성식품정선지점","2024-05-29 17:33:33","U","2024-05-31 02:40:00","산업체","345250.974727013","412776.272117899","산업체","0","0","","","상수도전용","0","0","0","0","0","","0","0","N","29.8","","","",
"1322","집단급식소","07_21_02_P","4291000","4291000-105-2020-00001","2020-01-31","","01","영업/정상","01","영업","","","","","033 591 1373","194.50","","강원특별자치도 정선군 남면 유평리 613-2","강원특별자치도 정선군 남면 소마평길 8-45","26144","주식회사성신미네필드","2024-12-30 11:15:59","U","2025-01-01 02:40:00","산업체","353495.93160863","421939.535956396","산업체","0","0","","","간이상수도","0","0","0","0","0","","0","0","N","29.8","","","",
"1323","집단급식소","07_21_02_P","4291000","4291000-105-2020-00002","2020-03-05","","01","영업/정상","01","영업","","","","","033 590 9903","105.30","","강원특별자치도 정선군 남면 낙동리 49-1","강원특별자치도 정선군 남면 거칠현길 80, 주식회사충무화학","26143","주식회사충무화학","2024-05-29 17:34:40","U","2024-05-31 02:40:00","산업체","352862.144322237","425528.711637428","산업체","0","0","","","지하수전용","0","0","0","0","0","자가","0","0","N","18","","","",
"1324","집단급식소","07_21_02_P","4291000","4291000-105-2020-00003","2020-05-08","","01","영업/정상","01","영업","","","","","033 592 3121","59.00","","강원특별자치도 정선군 사북읍 사북리 305-16 사북군립병원","강원특별자치도 정선군 사북읍 지장천로 727, 사북군립병원 1층","26150","재단법인정선의료재단","2025-06-11 09:07:21","U","2025-06-13 02:40:00","병원","362023.877879962","415331.483541067","병원","0","0","","","상수도전용","0","0","0","0","0","","0","0","N","24","","","",
"1325","집단급식소","07_21_02_P","4291000","4291000-105-2021-00001","2021-02-25","","01","영업/정상","01","영업","","","","","033 592 6060","98.17","","강원특별자치도 정선군 고한읍 고한리 104","강원특별자치도 정선군 고한읍 고한로 55, 하이원정선어린이집","26155","하이원정선어린이집","2024-03-07 15:12:31","U","2024-03-09 02:40:00","어린이집","363809.139741058","413183.061105536","어린이집","0","0","","","상수도전용","0","0","0","0","0","","0","0","N","41.69","","","",
"1326","집단급식소","07_21_02_P","4291000","4291000-105-2004-00001","2004-08-24","","01","영업/정상","01","영업","","","","","033 5919250","94.18","","강원특별자치도 정선군 사북읍 사북리 294-15","강원특별자치도 정선군 사북읍 파랑새길 14","26150","사북하나어린이집","2024-09-19 16:35:27","U","2024-09-21 02:40:00","어린이집","361976.246533143","414990.941950877","어린이집","0","0","","","상수도전용","0","0","0","0","0","","0","0","N","28.83","","","",
"1327","집단급식소","07_21_02_P","4291000","4291000-105-2004-00002","2004-12-15","","01","영업/정상","01","영업","","","","","033 562 6700","","","강원특별자치도 정선군 정선읍 봉양리 255-1","강원특별자치도 정선군 정선읍 비봉로 13","26129","반야유치원","2024-06-10 17:45:36","U","2024-06-12 02:40:00","어린이집","346974.569854745","432253.181651369","어린이집","0","0","","","상수도전용","0","0","0","0","0","","0","0","N","0","","","",
"1328","집단급식소","07_21_02_P","4291000","4291000-105-2006-00001","2006-11-17","","01","영업/정상","01","영업","","","","","033 5914113","409.03","","강원특별자치도 정선군 고한읍 고한리 65-14","강원특별자치도 정선군 고한읍 고한10길 22","26155","(주)강원랜드 다목적숙소 직원식당","2024-11-21 11:03:19","U","2024-11-23 02:40:00","산업체","364743.037264631","412539.179330013","산업체","0","0","","","상수도전용","0","0","0","0","0","자가","0","0","N","134.47","","","",
"1329","집단급식소","07_21_02_P","4291000","4291000-105-2006-00002","2006-12-04","","01","영업/정상","01","영업","","","","","033590 6829","262.59","","강원특별자치도 정선군 고한읍 고한리 1-206","강원특별자치도 정선군 고한읍 하이원길 500","26154","강원랜드 밸리 직원식당","2025-02-20 10:27:40","U","2025-02-22 02:40:00","산업체","363293.52517626","413077.844368741","산업체","0","0","","","상수도전용","0","0","0","0","0","자가","0","0","N","88.28","","","",
"1330","집단급식소","07_21_02_P","4291000","4291000-105-2006-00003","2006-12-04","","01","영업/정상","01","영업","","","","","033590 6929","245.02","","강원특별자치도 정선군 고한읍 고한리 337","강원특별자치도 정선군 고한읍 하이원길 265-1","26154","하이원 마운틴 직원식당","2025-02-20 10:20:00","U","2025-02-22 02:40:00","산업체","368353.198423107","413248.348175349","산업체","0","0","","","상수도전용","0","0","0","0","0","자가","0","0","N","98.37","","","",
"1331","집단급식소","07_21_02_P","4291000","4291000-105-2010-00001","2010-11-29","","01","영업/정상","01","영업","","","","","033 590 6903","269.59","","강원특별자치도 정선군 고한읍 고한리 1-239","강원특별자치도 정선군 고한읍 하이원길 424","26154","강원랜드 힐 직원식당","2025-02-20 10:03:15","U","2025-02-22 02:40:00","산업체","363077.00474208","413091.568262097","산업체","0","0","","","상수도전용","0","0","0","0","0","","0","0","N","113.56","","","",
"1332","집단급식소","07_21_02_P","4291000","4291000-105-2011-00001","2011-11-09","","01","영업/정상","01","영업","","","","","033 563 3237","193.50","","강원특별자치도 정선군 정선읍 신월리 00","강원특별자치도 정선군 정선읍 와평2길 11","26124","공립단설정선유치원","2017-07-10 11:02:50","I","2023-06-13 00:00:00","어린이집","349297.691495681","431107.542317273","어린이집","0","0","","","상수도전용","0","0","0","0","0","","0","0","N","94.5","","","",
"1333","집단급식소","07_21_02_P","4291000","4291000-105-2012-00001","2012-01-04","","01","영업/정상","01","영업","","","","","033 562 5566","156.48","","강원특별자치도 정선군 정선읍 869-1","강원특별자치도 정선군 정선읍 와평2길 1-77","26124","정선노인요양원","2024-06-18 14:06:49","U","2024-06-20 02:40:00","사회복지시설","348799.714583276","431279.637486562","사회복지시설","0","0","","","상수도전용","0","0","0","0","0","","0","0","N","52.44","","","",
"1334","집단급식소","07_21_02_P","4291000","4291000-105-2012-00002","2012-09-25","","01","영업/정상","01","영업","","","","","033 591 1116","194.10","","강원특별자치도 정선군 남면 문곡리 313","강원특별자치도 정선군 남면 칠현로 46, 1층","26145","문곡중학교","2024-10-25 13:56:18","U","2024-10-27 02:40:00","학교","354257.574514454","419619.772729164","학교","0","0","","","상수도전용","0","0","0","0","0","","0","0","N","50.41","","","",
"1335","집단급식소","07_21_02_P","4291000","4291000-105-2015-00001","2015-03-23","","01","영업/정상","01","영업","","","","","033 563 3311","139.28","","강원특별자치도 정선군 북평면 남평리 산 64-2","강원특별자치도 정선군 북평면 송석길 287-30","26103","정선실버하우스요양원","2024-06-18 14:05:46","U","2024-06-20 02:40:00","사회복지시설","347317.415868549","438895.152162397","사회복지시설","0","0","","","상수도전용","0","0","0","0","0","","0","0","N","57.8","","","",
"1336","집단급식소","07_21_02_P","4291000","4291000-105-2016-00001","2016-03-23","","01","영업/정상","01","영업","","","","","033 562 1001","0.00","","강원특별자치도 정선군 정선읍 신월리 866","강원특별자치도 정선군 정선읍 와평2길 1-67","26124","정선프란치스꼬의집","2025-06-17 13:59:40","U","2025-06-19 02:40:00","사회복지시설","348816.508024825","431362.497707806","사회복지시설","0","0","","","상수도전용","0","0","0","0","0","","0","0","N","0","","","",
"1337","집단급식소","07_21_02_P","4301000","4301000-105-1999-00015","1999-07-22","","01","영업/정상","01","영업","","","","","033 4588020","27.40","","강원특별자치도 철원군 서면 와수리 562-3 공립새롬하나어린이집","강원특별자치도 철원군 서면 와수1로 140, 공립새롬하나어린이집","24057","공립새롬하나어린이집","2024-07-01 10:42:00","U","2024-07-03 02:40:00","어린이집","237314.946394974","526939.210070908","어린이집","0","0","","","상수도전용","0","0","0","0","0","","0","0","N","27.4","","","",
"1338","집단급식소","07_21_02_P","4301000","4301000-105-1993-00001","1993-01-12","","01","영업/정상","01","영업","","","","","033 4527882","133.60","","강원특별자치도 철원군 갈말읍 236-1","강원특별자치도 철원군 갈말읍 텃골1길 13","24030","문혜장애인 요양원","2024-11-19 10:39:11","U","2024-11-21 02:40:00","사회복지시설","232267.832958294","520920.483879587","사회복지시설","0","0","","","지하수전용","0","0","0","0","0","","0","0","N","80","","","",
"1339","집단급식소","07_21_02_P","4301000","4301000-105-1999-00004","1999-03-26","","01","영업/정상","01","영업","","","","","033 4589383","453.04","","강원특별자치도 철원군 서면 589-3","강원특별자치도 철원군 서면 와수1로 90","24057","김화고등학교","2017-07-07 16:08:28","I","2023-06-13 00:00:00","학교","237883.092738602","526802.331731591","학교","0","0","","","상수도전용","0","0","0","0","0","","0","0","N","86.64","","","",
"1340","집단급식소","07_21_02_P","4301000","4301000-105-1999-00005","1999-05-24","","01","영업/정상","01","영업","","","","","033 4583179","200.00","","강원특별자치도 철원군 서면 686-2","강원특별자치도 철원군 서면 자등로 634","24062","서면초등학교","2024-05-07 09:27:40","U","2024-05-09 02:40:00","학교","236428.288385283","518535.961702764","학교","0","0","","","상수도전용","0","0","0","0","0","","0","0","N","213.58","","","",
"1341","집단급식소","07_21_02_P","4301000","4301000-105-1999-00007","1999-05-24","","01","영업/정상","01","영업","","","","","033 4526171","117.05","","강원특별자치도 철원군 갈말읍 156-2","강원특별자치도 철원군 갈말읍 두루미로 422-21","24028","내대초등학교","2024-05-17 10:15:47","U","2024-05-19 02:40:00","학교","226048.996963317","522650.58384818","학교","0","0","","","간이상수도","0","0","0","0","0","","0","0","N","49.5","","","",
"1342","집단급식소","07_21_02_P","4301000","4301000-105-1999-00008","1999-07-08","","01","영업/정상","01","영업","","","","","033 4580625","89.50","","강원특별자치도 철원군 갈말읍 545-2","강원특별자치도 철원군 갈말읍 토성길 43","24029","토성초등학교","2024-04-29 17:27:09","U","2024-05-01 02:40:00","학교","230040.914985002","526606.91449712","학교","0","0","","","상수도전용","0","0","0","0","0","","0","0","N","128.8","","","",
"1343","집단급식소","07_21_02_P","4301000","4301000-105-1999-00009","1999-07-08","","01","영업/정상","01","영업","","","","","033 4580622","211.23","","강원특별자치도 철원군 김화읍 산 870-2","강원특별자치도 철원군 김화읍 청양로 381-19","24055","청양초등학교","2024-05-01 09:18:33","U","2024-05-03 02:40:00","학교","233159.535585134","527012.03467448","학교","0","0","","","상수도전용","0","0","0","0","0","","0","0","N","62.94","","","",
"1344","집단급식소","07_21_02_P","4301000","4301000-105-1999-00010","1999-07-20","","01","영업/정상","01","영업","","","","","033 4525584","11.56","","강원특별자치도 철원군 갈말읍 신철원리 396-7","강원특별자치도 철원군 갈말읍 삼부연로 60-1","24050","새사랑어린이집","2024-05-01 11:10:18","U","2024-05-03 02:40:00","어린이집","227499.903202255","515952.65977477","어린이집","0","0","","","상수도전용","0","0","0","0","0","","0","0","N","11.56","","","",
"1345","집단급식소","07_21_02_P","4301000","4301000-105-1997-00004","1997-11-18","","01","영업/정상","01","영업","","","","","033 4525565","108.82","","강원특별자치도 철원군 갈말읍 1100-1","강원특별자치도 철원군 갈말읍 태봉로 1556","24031","문혜초등학교","2024-04-26 13:41:15","U","2024-04-28 02:40:00","학교","227846.513645252","520563.116340698","학교","0","0","","","상수도전용","0","0","0","0","0","","0","0","N","25","","","",
"1346","집단급식소","07_21_02_P","4301000","4301000-105-1999-00013","1999-07-20","","01","영업/정상","01","영업","","","","","033 4520251","10.48","","강원특별자치도 철원군 갈말읍 문혜리 856-1","강원특별자치도 철원군 갈말읍 두루미로 50-19","24031","무지개어린이집","2024-05-14 16:42:00","U","2024-05-16 02:40:00","어린이집","228452.116515232","519990.058816591","어린이집","0","0","","","상수도전용","0","0","0","0","0","","0","0","N","10.48","","","",
"1347","집단급식소","07_21_02_P","4301000","4301000-105-1999-00014","1999-07-20","","01","영업/정상","01","영업","","","","","033 4553084","8.40","","강원특별자치도 철원군 동송읍 이평리 674-1","강원특별자치도 철원군 동송읍 이평3로 150","24016","고려어린이집","2024-05-01 11:14:25","U","2024-05-03 02:40:00","어린이집","219376.127311671","522880.189763795","어린이집","0","0","","","상수도전용","0","1","0","0","0","","0","0","N","8.4","","","",
"1348","집단급식소","07_21_02_P","4301000","4301000-105-1999-00016","1999-07-22","","01","영업/정상","01","영업","","","","","033 4556616","13.86","","강원특별자치도 철원군 동송읍 이평리 800","강원특별자치도 철원군 동송읍 금학로 81-3","24020","효림어린이집","2024-05-14 17:04:37","U","2024-05-16 02:40:00","어린이집","219426.721315688","521437.829123182","어린이집","0","0","","","상수도전용","0","1","0","0","0","","0","0","N","13.86","","","",
"1349","집단급식소","07_21_02_P","4301000","4301000-105-1996-00001","1996-02-21","","01","영업/정상","01","영업","","","","","033 4556332","530.00","","강원특별자치도 철원군 동송읍 836","강원특별자치도 철원군 동송읍 금학로187번길 16-13","24019","동송초등학교","2024-04-29 17:31:31","U","2024-05-01 02:40:00","학교","218920.646098873","522284.488671696","학교","0","0","","","상수도전용","0","0","0","0","0","","0","0","N","30","","","",
"1350","집단급식소","07_21_02_P","4301000","4301000-105-1997-00001","1997-09-19","","01","영업/정상","01","영업","","","","","033 4527064","665.00","","강원특별자치도 철원군 갈말읍 7","강원특별자치도 철원군 갈말읍 명성로139번안길 45","24037","신철원초등학교","2024-04-29 17:20:43","U","2024-05-01 02:40:00","학교","226714.082446685","516024.596280503","학교","0","0","","","상수도전용","0","0","0","0","0","","0","0","N","50","","","",
"1351","집단급식소","07_21_02_P","4301000","4301000-105-1997-00002","1997-11-18","","01","영업/정상","01","영업","","","","","033 4556337","513.13","","강원특별자치도 철원군 철원읍 66","강원특별자치도 철원군 철원읍 금학로 297-18","24004","철원초등학교","2024-04-26 16:56:45","U","2024-04-28 02:40:00","학교","218400.309679635","523464.686541934","학교","0","0","","","상수도전용","0","0","0","0","0","","0","0","N","50","","","",
"1352","집단급식소","07_21_02_P","4301000","4301000-105-1997-00003","1997-03-12","","01","영업/정상","01","영업","","","","","033 4584253","85.50","","강원특별자치도 철원군 김화읍 313-1","강원특별자치도 철원군 김화읍 김화로 551","24054","김화초등학교","2017-07-07 16:06:40","I","2023-06-13 00:00:00","학교","236216.473255146","527809.711091221","학교","0","0","","","상수도전용","0","0","0","0","0","","0","0","N","25","","","",
"1353","집단급식소","07_21_02_P","4301000","4301000-105-1997-00005","1997-03-12","","01","영업/정상","01","영업","","","","","033 4556342","94.00","","강원특별자치도 철원군 동송읍 182","강원특별자치도 철원군 동송읍 상노2길 11","24027","용정초등학교","2024-05-07 09:23:31","U","2024-05-09 02:40:00","학교","221062.668649802","517871.760853469","학교","0","0","","","상수도전용","0","0","0","0","0","","0","0","N","29.25","","","",
"1354","집단급식소","07_21_02_P","4301000","4301000-105-1997-00006","1997-09-22","","01","영업/정상","01","영업","","","","","033 4556250","261.66","","강원특별자치도 철원군 동송읍 오덕리 517-1 2리","강원특별자치도 철원군 동송읍 오덕로 159","24010","오덕초등학교","2024-05-01 09:11:03","U","2024-05-03 02:40:00","학교","220313.329617371","524567.138660465","학교","0","0","","","상수도전용","0","0","0","0","0","","0","0","N","124.5","","","",
"1355","집단급식소","07_21_02_P","4301000","4301000-105-1997-00007","1997-09-22","","01","영업/정상","01","영업","","","","","033 4556340","207.95","","강원특별자치도 철원군 동송읍 장흥리 242-3","강원특별자치도 철원군 동송읍 태봉로 2017","24023","장흥초등학교","2024-05-03 14:21:00","U","2024-05-05 02:40:00","학교","223318.106945249","521223.493529088","학교","0","0","","","상수도전용","0","0","0","0","0","","0","0","N","50","","","",
"1356","집단급식소","07_21_02_P","4301000","4301000-105-1997-00008","1997-06-30","","01","영업/정상","01","영업","","","","","033 4526161","181.80","","강원특별자치도 철원군 갈말읍 문혜리 275-1","강원특별자치도 철원군 갈말읍 텃골1길 19","24030","은혜장애인요양원","2021-10-13 09:32:31","I","2023-06-13 00:00:00","사회복지시설","232174.497673311","520995.205442952","사회복지시설","0","0","","","지하수전용","0","0","0","0","0","","0","0","N","87.3","","","",
"1357","집단급식소","07_21_02_P","4301000","4301000-105-1997-00009","1997-03-17","","01","영업/정상","01","영업","","","","","033 4584238","439.50","","강원특별자치도 철원군 서면 1137-2","강원특별자치도 철원군 서면 와수로 119","24059","와수초등학교","2024-05-01 09:28:27","U","2024-05-03 02:40:00","학교","237936.687818054","525930.771347426","학교","0","0","","","상수도전용","0","0","0","0","0","","0","0","N","213.85","","","",
"1358","집단급식소","07_21_02_P","4301000","4301000-105-1999-00002","1999-03-20","","01","영업/정상","01","영업","","","","","033 4554446","668.86","","강원특별자치도 철원군 철원읍 45-4","강원특별자치도 철원군 철원읍 금학로251번안길 12","24006","철원중,고등학교","2017-07-07 16:50:14","I","2023-06-13 00:00:00","학교","218436.336506402","523097.498907894","학교","0","0","","","상수도전용","0","0","0","0","0","","0","0","N","225.22","","","",
"1359","집단급식소","07_21_02_P","4301000","4301000-105-1999-00003","1999-03-26","","01","영업/정상","01","영업","","","","","033 4529382","870.45","","강원특별자치도 철원군 갈말읍 85","강원특별자치도 철원군 갈말읍 명성로149번길 64","24037","신철원고등학교","2024-05-01 09:23:06","U","2024-05-03 02:40:00","학교","226580.387670357","515991.039605753","학교","0","0","","","상수도전용","0","0","0","0","0","","0","0","N","71.68","","","",
"1360","집단급식소","07_21_02_P","4301000","4301000-105-2007-00003","2007-02-22","","01","영업/정상","01","영업","","","","","033 4557601","22.64","","강원특별자치도 철원군 동송읍 이평리 671-15 (1층)","강원특별자치도 철원군 동송읍 이평로 28","24011","NEW아이뜨리어린이집","2024-07-01 10:44:41","U","2024-07-03 02:40:00","어린이집","219257.253352113","523082.183268745","어린이집","0","0","","","상수도전용","0","0","0","0","0","","0","0","N","22.64","","","",
"1361","집단급식소","07_21_02_P","4301000","4301000-105-2009-00001","2009-06-15","","01","영업/정상","01","영업","","","","","033 455 3131","180.18","","강원특별자치도 철원군 동송읍 이평리 730-8","강원특별자치도 철원군 동송읍 금학로157번길 23-17","24020","철원요양병원","2024-06-30 14:05:19","U","2024-07-02 02:40:00","병원","219225.238872663","522044.742484309","병원","0","0","","","지하수전용","0","0","0","0","0","","0","0","N","57.42","","","",
"1362","집단급식소","07_21_02_P","4301000","4301000-105-2011-00001","2011-11-28","","01","영업/정상","01","영업","","","","","","150.40","","강원특별자치도 철원군 철원읍 76-23","강원특별자치도 철원군 철원읍 금학로 297-18","24004","새들유치원","2024-06-30 14:33:39","U","2024-07-02 02:40:00","어린이집","218400.309679635","523464.686541934","어린이집","0","0","","","상수도전용","0","2","0","0","0","","0","0","N","69.3","","","",
"1363","집단급식소","07_21_02_P","4301000","4301000-105-2011-00002","2011-12-26","","01","영업/정상","01","영업","","","","","033 450 5776","235.80","","강원특별자치도 철원군 갈말읍 문혜리 29","강원특별자치도 철원군 갈말읍 텃골4길 3-26","24030","철원군병영체험수련원","2025-04-24 13:14:48","U","2025-04-26 02:40:00","수련원","232975.630487081","521456.657049985","수련원","0","0","","","지하수전용","0","0","0","0","0","","0","0","N","72.6","","","",
"1364","집단급식소","07_21_02_P","4301000","4301000-105-2013-00001","2013-01-23","","01","영업/정상","01","영업","","","","","033 458 7707","20.30","","강원특별자치도 철원군 동송읍 이평리 764 1층","강원특별자치도 철원군 동송읍 금학로157번길 35","24020","푸른별어린이집","2024-05-03 15:15:19","U","2024-05-05 02:40:00","어린이집","219110.660122703","521890.332190349","어린이집","0","0","","","상수도전용","0","1","0","0","0","","0","0","N","20.3","","","",
"1365","집단급식소","07_21_02_P","4301000","4301000-105-2013-00002","2013-08-26","","01","영업/정상","01","영업","","","","","033 458 1968","10.40","","강원특별자치도 철원군 김화읍 청양리 311 청양아파트 관리동","강원특별자치도 철원군 김화읍 김화로 309","24054","진백어린이집","2024-05-13 19:44:03","U","2024-05-15 02:40:00","어린이집","233785.465716575","527849.146356424","어린이집","0","0","","","상수도전용","0","0","0","0","0","","0","0","N","10.4","","","",
"1366","집단급식소","07_21_02_P","4301000","4301000-105-2017-00001","2017-11-01","","01","영업/정상","01","영업","","","","","033 450 3254","98.50","","강원특별자치도 철원군 갈말읍 군탄리 339-5 철원길병원","강원특별자치도 철원군 갈말읍 명성로 208","24034","철원병원","2024-06-30 14:24:06","U","2024-07-02 02:40:00","병원","226978.365390959","516400.955103426","병원","0","0","","","상수도전용","0","0","0","0","0","","0","0","N","42","","","",
"1367","집단급식소","07_21_02_P","4301000","4301000-105-2018-00001","2018-02-21","","01","영업/정상","01","영업","","","","","033450 2700","394.50","","강원특별자치도 철원군 동송읍 이평리 1584 케이엠헬스케어","강원특별자치도 철원군 동송읍 금학로 31-51, 케이엠헬스케어 2층","24025","(주)케이엠헬스케어","2024-06-30 14:10:04","U","2024-07-02 02:40:00","산업체","219871.78798925","520823.844382869","산업체","0","0","","","상수도전용","0","0","0","0","0","","0","0","N","45","","","",
"1368","집단급식소","07_21_02_P","4301000","4301000-105-2001-00001","2001-09-18","","01","영업/정상","01","영업","","","","","033 4584224","126.20","","강원특별자치도 철원군 서면 589-5","강원특별자치도 철원군 서면 와수1로 72","24057","김화공업고등학교","2024-05-01 09:14:34","U","2024-05-03 02:40:00","학교","238010.638745235","526739.434781298","학교","0","0","","","상수도전용","0","0","0","0","0","","0","0","N","145.75","","","",
"1369","집단급식소","07_21_02_P","4301000","4301000-105-2001-00003","2001-12-21","","01","영업/정상","01","영업","","","","","033 4553204","11.88","","강원특별자치도 철원군 철원읍 화지리 41-102 3통3반","강원특별자치도 철원군 철원읍 금학로273번길 7","24006","철원어린이집","2025-03-31 16:00:48","U","2025-04-02 02:40:00","어린이집","218700.846154368","523255.469827955","어린이집","0","0","","","상수도전용","0","0","0","0","0","","0","0","N","11.88","","","",
"1370","집단급식소","07_21_02_P","4301000","4301000-105-2001-00004","2001-12-21","","01","영업/정상","01","영업","","","","","033 4555055","9.24","","강원특별자치도 철원군 동송읍 이평리 733-7","강원특별자치도 철원군 동송읍 금학로157번안길 2","24020","중앙유치원","2017-07-10 09:16:48","I","2023-06-13 00:00:00","어린이집","219212.647954598","522218.707794223","어린이집","0","0","","","상수도전용","0","0","0","0","0","","0","0","N","9.24","","","",
"1371","집단급식소","07_21_02_P","4301000","4301000-105-2002-00001","2002-01-10","","01","영업/정상","01","영업","","","","","033 4520102","8.00","","강원특별자치도 철원군 갈말읍 문혜리 1237-17","강원특별자치도 철원군 갈말읍 아랫삼성길 29-1","24033","나래유치원","2024-04-26 16:23:40","U","2024-04-28 02:40:00","어린이집","227761.155087987","517743.829425386","어린이집","0","0","","","상수도전용","0","0","0","0","0","","0","0","N","8","","","",
"1372","집단급식소","07_21_02_P","4301000","4301000-105-2002-00002","2002-01-10","","01","영업/정상","01","영업","","","","","033 4588881","9.80","","강원특별자치도 철원군 서면 와수리 1348-4 4리","강원특별자치도 철원군 서면 와수로86번길 3","24061","본아미 어린이집","2017-07-10 09:04:27","I","2023-06-13 00:00:00","어린이집","237982.373217464","525545.536563241","어린이집","0","0","","","상수도전용","0","0","0","0","0","","0","0","N","9.8","","","",
"1373","집단급식소","07_21_02_P","4301000","4301000-105-2002-00003","2002-01-10","","01","영업/정상","01","영업","","","","","033 4588585","6.25","","강원특별자치도 철원군 서면 와수리 871-4","강원특별자치도 철원군 서면 와수로 256","24057","둥근어린이집","2017-07-10 09:07:56","I","2023-06-13 00:00:00","어린이집","238883.836821666","526809.310545301","어린이집","0","0","","","상수도전용","0","0","0","0","0","","0","0","N","6.25","","","",
"1374","집단급식소","07_21_02_P","4301000","4301000-105-2002-00004","2002-01-10","","01","영업/정상","01","영업","","","","","033 4554220","13.05","","강원특별자치도 철원군 철원읍 화지리 420-12 10통3반","강원특별자치도 철원군 철원읍 금학로425번길 20-1","24003","보배어린이집","2020-12-23 10:45:02","I","2023-06-13 00:00:00","어린이집","218160.775847163","524766.386113374","어린이집","0","0","","","상수도전용","0","0","0","0","0","","0","0","N","13.05","","","",
"1375","집단급식소","07_21_02_P","4301000","4301000-105-2003-00001","1997-09-19","","01","영업/정상","01","영업","","","","","033 4581623","91.80","","강원특별자치도 철원군 근남면 육단리 285-2","강원특별자치도 철원군 근남면 육단2길 34","24064","근남초등학교","2024-04-26 13:41:38","U","2024-04-28 02:40:00","학교","241115.182062077","526294.622214488","학교","0","0","","","상수도전용","0","0","0","0","0","","0","0","N","20","","","",
"1376","집단급식소","07_21_02_P","4301000","4301000-105-2004-00001","2004-09-20","","01","영업/정상","01","영업","","","","","033 4550303","7.25","","강원특별자치도 철원군 동송읍 이평리 838-1","강원특별자치도 철원군 동송읍 금학로187번안길 17","24018","서머힐어린이집","2024-05-14 17:02:39","U","2024-05-16 02:40:00","어린이집","218936.220970907","522512.043243422","어린이집","0","0","","","상수도전용","0","0","0","0","0","","0","0","N","12.54","","","",
"1377","집단급식소","07_21_02_P","4301000","4301000-105-2004-00005","2004-10-07","","01","영업/정상","01","영업","","","","","033 4557770","23.52","","강원특별자치도 철원군 동송읍 이평리 572-33","강원특별자치도 철원군 동송읍 이평3로 49","24021","라엘어린이집","2024-05-14 17:03:40","U","2024-05-16 02:40:00","어린이집","219670.606287126","521925.657577202","어린이집","0","0","","","상수도전용","0","0","0","0","0","","0","0","N","23.52","","","",
"1378","집단급식소","07_21_02_P","4301000","4301000-105-2005-00001","2005-01-12","","01","영업/정상","01","영업","","","","","033 4503822","190.93","","강원특별자치도 철원군 김화읍 청양리 2890","강원특별자치도 철원군 김화읍 외골길 34-40","24055","미가방 유한회사","2024-06-30 14:22:22","U","2024-07-02 02:40:00","산업체","235603.437065206","526994.762031999","산업체","0","0","","","간이상수도","0","0","0","0","0","","0","0","N","31.16","","","",
"1379","집단급식소","07_21_02_P","4301000","4301000-105-2005-00002","2005-03-07","","01","영업/정상","01","영업","","","","","033 4556329","506.10","","강원특별자치도 철원군 동송읍 862","강원특별자치도 철원군 동송읍 이평로123번길 40","24013","철원여자중고등학교 급식소","2017-07-07 16:47:19","I","2023-06-13 00:00:00","학교","218342.602058772","522414.495220412","학교","0","0","","","상수도전용","0","0","0","0","0","","0","0","N","50","","","",
"1380","집단급식소","07_21_02_P","4301000","4301000-105-2005-00003","2005-04-25","","01","영업/정상","01","영업","","","","","033 4557775","9.26","","강원특별자치도 철원군 철원읍 화지리 105-4 (4리)","강원특별자치도 철원군 철원읍 금학로339번길 1","24004","해피아이 어린이집","2024-05-14 17:09:43","U","2024-05-16 02:40:00","어린이집","218428.724429789","523857.893536091","어린이집","0","0","","","상수도전용","0","0","0","0","0","","0","0","N","9.26","","","",
"1381","집단급식소","07_21_02_P","4301000","4301000-105-2006-00001","2006-03-10","","01","영업/정상","01","영업","","","","","033 4529133","129.89","","강원특별자치도 철원군 갈말읍 군탄리 1305-53 2통3반","강원특별자치도 철원군 갈말읍 동온동길 177","24035","철원군노인전문요양원","2025-05-30 10:10:09","U","2025-06-01 02:40:00","사회복지시설","225197.376960869","515271.673716851","사회복지시설","0","0","","","상수도전용","0","0","0","0","0","","0","0","N","26.89","","","",
"1382","집단급식소","07_21_02_P","4311000","4311000-105-2023-00001","2023-07-04","","01","영업/정상","01","영업","","","","","033 441 2788","22.05","","강원특별자치도 화천군 사내면 사창리 293-5","강원특별자치도 화천군 사내면 소이길 81 (에버그린)","24159","15사단 보름달 어린이집","2024-05-14 13:21:21","U","2024-05-16 02:40:00","어린이집","245655.056741696","506518.165827937","어린이집","0","0","","","","0","0","0","0","0","","0","0","N","22.05","","","",
"1383","집단급식소","07_21_02_P","4311000","4311000-105-1994-00001","1994-11-28","","01","영업/정상","01","영업","","","","","033 4412122","","","강원특별자치도 화천군 화천읍 아리 212-2","강원특별자치도 화천군 화천읍 화천새싹길 57","24125","화천초등학교","2024-05-13 18:28:18","U","2024-05-15 02:40:00","학교","262062.854655196","511558.157508834","학교","0","0","","","상수도전용","0","0","0","0","0","","0","0","N","0","","","",
"1384","집단급식소","07_21_02_P","4311000","4311000-105-1994-00002","1994-11-28","","01","영업/정상","01","영업","","","","","033 4413268","173.04","","강원특별자치도 화천군 화천읍 풍산리 764","강원특별자치도 화천군 화천읍 평화로 1284","24109","풍산초등학교","2024-05-17 10:34:17","U","2024-05-19 02:40:00","학교","264939.349792515","516279.63455155","학교","0","0","","","상수도전용","0","0","0","0","0","","0","0","N","59.64","","","",
"1385","집단급식소","07_21_02_P","4311000","4311000-105-1994-00003","1994-11-28","","01","영업/정상","01","영업","","","","","033 4420888","199.00","","강원특별자치도 화천군 간동면 유촌리 604","강원특별자치도 화천군 간동면 파로호로 935-9","24138","유촌초등학교","2024-05-20 17:53:55","U","2024-05-22 02:40:00","학교","269370.398392515","506133.922406253","학교","0","0","","","상수도전용","0","0","0","0","0","","0","0","N","57","","","",
"1386","집단급식소","07_21_02_P","4311000","4311000-105-1994-00005","1994-11-28","","01","영업/정상","01","영업","","","","","033 4426006","139.05","","강원특별자치도 화천군 상서면 산양리 707","강원특별자치도 화천군 상서면 영서로 7778","24101","산양초등학교","2024-05-14 09:36:25","U","2024-05-16 02:40:00","학교","257943.517671258","523519.333278901","학교","0","0","","","상수도전용","0","0","0","0","0","","0","0","N","38.75","","","",
"1387","집단급식소","07_21_02_P","4311000","4311000-105-1994-00006","1994-11-28","","01","영업/정상","01","영업","","","","","033 4414052","370.10","","강원특별자치도 화천군 사내면 사창리 361","강원특별자치도 화천군 사내면 사내로3길 13","24156","사내초등학교","2024-05-20 17:50:45","U","2024-05-22 02:40:00","학교","245597.370006143","507507.856798048","학교","0","0","","","상수도전용","0","0","0","0","0","","0","0","N","105.3","","","",
"1388","집단급식소","07_21_02_P","4311000","4311000-105-1994-00007","1994-11-28","","01","영업/정상","01","영업","","","","","033 4414314","83.00","","강원특별자치도 화천군 사내면 광덕리 329","강원특별자치도 화천군 사내면 포화로 817","24150","광덕초등학교","2024-05-13 18:38:05","U","2024-05-15 02:40:00","학교","243335.70499271","507281.17572597","학교","0","0","","","상수도전용","0","0","0","0","0","","0","0","N","25","","","",
"1389","집단급식소","07_21_02_P","4311000","4311000-105-1995-00002","1995-03-23","","01","영업/정상","01","영업","","","","","033 4417085","133.74","","강원특별자치도 화천군 상서면 다목리 508","강원특별자치도 화천군 상서면 다파로 9-6","24104","다목초등학교","2024-05-17 11:40:09","U","2024-05-19 02:40:00","학교","246833.03065052","519334.792559316","학교","0","0","","","상수도전용","0","0","0","0","0","","0","0","N","54.2","","","",
"1390","집단급식소","07_21_02_P","4311000","4311000-105-1995-00003","1995-03-23","","01","영업/정상","01","영업","","","","","033 4414327","141.59","","강원특별자치도 화천군 사내면 명월리 270","강원특별자치도 화천군 사내면 실내길 26","24148","실내초등학교","2024-05-17 10:29:44","U","2024-05-19 02:40:00","학교","246562.490592114","513187.04073343","학교","0","0","","","상수도전용","0","0","0","0","0","","0","0","N","52.49","","","",
"1391","집단급식소","07_21_02_P","4311000","4311000-105-1995-00005","1995-09-02","","01","영업/정상","01","영업","","","","","033 4416296","199.17","","강원특별자치도 화천군 상서면 파포리 291","강원특별자치도 화천군 상서면 평촌길 126-30","24106","상승초등학교","2024-05-13 18:24:37","U","2024-05-15 02:40:00","학교","256884.873323543","517350.45102419","학교","0","0","","","상수도전용","0","0","0","0","0","","0","0","N","71.82","","","",
"1392","집단급식소","07_21_02_P","4311000","4311000-105-1999-00001","1999-09-16","","01","영업/정상","01","영업","","","","","033 4404211","389.88","","강원특별자치도 화천군 사내면 사창리 352-1","강원특별자치도 화천군 사내면 포화로 1093","24156","사내중.고등학교","2022-05-23 16:46:10","I","2023-06-13 00:00:00","학교","245492.666024471","507025.295591887","학교","0","0","","","상수도전용","0","0","0","0","0","","0","0","N","136.08","","","",
"1393","집단급식소","07_21_02_P","4311000","4311000-105-1999-00002","1999-09-22","","01","영업/정상","01","영업","","","","","033 4410752","202.75","","강원특별자치도 화천군 화천읍 하리 95-7","강원특별자치도 화천군 화천읍 상승로 69","24121","화천정보산업고등학교","2024-05-17 11:41:03","U","2024-05-19 02:40:00","학교","261647.073321814","511855.92116614","학교","0","0","","","상수도전용","0","0","0","0","0","","0","0","N","284.66","","","",
"1394","집단급식소","07_21_02_P","4311000","4311000-105-1999-00003","1999-10-14","","01","영업/정상","01","영업","","","","","033440 1820","484.71","","강원특별자치도 화천군 하남면 위라리 502","강원특별자치도 화천군 하남면 춘화로 3348-9","24140","화천중.고등학교","2022-10-19 14:26:23","I","2023-06-13 00:00:00","학교","261898.899283965","510698.934995662","학교","0","0","","","상수도전용","0","0","0","0","0","","0","0","N","127.24","","","",
"1395","집단급식소","07_21_02_P","4311000","4311000-105-2005-00001","2005-05-12","","01","영업/정상","01","영업","","","","","033 4419940","82.74","","강원특별자치도 화천군 하남면 거례리 14-3","강원특별자치도 화천군 하남면 춘화로 2601","24142","화천원광보은의집","2024-11-21 10:35:27","U","2024-11-23 02:40:00","사회복지시설","262238.353109449","504619.464260593","사회복지시설","0","0","","","간이상수도","0","0","0","0","0","","0","0","N","32.07","","","",
"1396","집단급식소","07_21_02_P","4311000","4311000-105-2005-00006","2005-07-13","","01","영업/정상","01","영업","","","","","033 4414529","12.76","","강원특별자치도 화천군 사내면 사창리 365-12","강원특별자치도 화천군 사내면 사내로3길 5-14","24156","귀염둥이어린이집","2024-05-20 13:58:38","U","2024-05-22 02:40:00","어린이집","245714.960876291","507569.591688985","어린이집","0","0","","","상수도전용","0","0","0","0","0","","0","0","N","20.56","","","",
"1397","집단급식소","07_21_02_P","4311000","4311000-105-2008-00001","2008-10-14","","01","영업/정상","01","영업","","","","","033 441 4991","117.42","","강원특별자치도 화천군 하남면 위라리 550 외3필지","강원특별자치도 화천군 하남면 춘화로 3366","24140","화천학습관","2025-04-18 17:37:13","U","2025-04-20 02:40:00","기타 집단급식소","261949.333210153","510794.774066371","기타 집단급식소","0","0","","","상수도전용","0","0","0","0","0","자가","0","0","N","24.22","","","",
"1398","집단급식소","07_21_02_P","4311000","4311000-105-2011-00001","2011-02-25","","01","영업/정상","01","영업","","","","","033 4401905","163.30","","강원특별자치도 화천군 간동면 유촌리 608-1","강원특별자치도 화천군 간동면 파로호로 945-21","24138","간동중.고등학교","2024-05-14 13:19:26","U","2024-05-16 02:40:00","학교","269478.633112327","506236.85583945","학교","0","0","","","간이상수도","0","0","0","0","0","","0","0","N","39.13","","","",
"1399","집단급식소","07_21_02_P","4311000","4311000-105-2012-00001","2012-02-28","","01","영업/정상","01","영업","","","","","033 441 8993","171.50","","강원특별자치도 화천군 하남면 용암리 1048","강원특별자치도 화천군 하남면 용화산로 1325","24140","용암초등학교","2024-05-20 17:52:58","U","2024-05-22 02:40:00","학교","261300.407821742","509794.830236983","학교","0","0","","","상수도전용","0","0","0","0","0","","0","0","N","60.84","","","",
"1400","집단급식소","07_21_02_P","4311000","4311000-105-2012-00002","2012-07-31","","01","영업/정상","01","영업","","","","","033  4414783","","","강원특별자치도 화천군 화천읍 상리 14-2","강원특별자치도 화천군 화천읍 강변로 187","24115","늘푸른 상리 어린이집","2024-05-13 18:15:02","U","2024-05-15 02:40:00","어린이집","261797.928037307","512395.953230242","어린이집","0","0","","","상수도전용","0","1","0","0","0","","0","0","N","0","","","",
"1401","집단급식소","07_21_02_P","4311000","4311000-105-2012-00005","2012-12-12","","01","영업/정상","01","영업","","","","","033 440 3656","","","강원특별자치도 화천군 간동면 간척리 757","강원특별자치도 화천군 간동면 간척월명로 88","24139","제2하나원","2023-03-30 15:31:09","I","2023-06-13 00:00:00","산업체","271683.553735843","504190.144458682","산업체","0","0","","","지하수전용","0","0","0","0","0","","0","0","N","0","","","",
"1402","집단급식소","07_21_02_P","4311000","4311000-105-2013-00004","2013-12-19","","01","영업/정상","01","영업","","","","","033 4423385","","","강원특별자치도 화천군 화천읍 아리 211-2","강원특별자치도 화천군 화천읍 화천새싹길 57","24125","화천유치원","2024-05-17 10:36:13","U","2024-05-19 02:40:00","학교","262116.487000565","511622.915820238","학교","0","0","","","상수도전용","0","0","0","0","0","","0","0","N","0","","","",
"1403","집단급식소","07_21_02_P","4311000","4311000-105-2019-00001","2019-05-10","","01","영업/정상","01","영업","","","","","033  4426288","10.00","","강원특별자치도 화천군 화천읍 하리 31","강원특별자치도 화천군 화천읍 상승로1길 11, 화천어린이집","24121","화천 어린이집","2024-05-13 18:17:35","U","2024-05-15 02:40:00","어린이집","261506.168827237","511471.528308379","어린이집","0","0","","","상수도전용","0","0","0","0","0","","0","0","N","10","","","",
"1404","집단급식소","07_21_02_P","4311000","4311000-105-2019-00002","2019-05-17","","01","영업/정상","01","영업","","","","","033 442 1510","","","강원특별자치도 화천군 상서면 다목리 531-21 15사단 어린이집","강원특별자치도 화천군 상서면 감성마을길 10, 15사단 어린이집","24104","15사단 다목리어린이집","2025-05-21 10:13:50","U","2025-05-23 02:40:00","어린이집","246111.370811827","519094.801380317","어린이집","0","0","","","지하수전용","0","0","0","0","0","","0","0","N","0","","","",
"1405","집단급식소","07_21_02_P","4311000","4311000-105-2021-00001","2021-05-18","","01","영업/정상","01","영업","","","","","033 4404501","314.88","","강원특별자치도 화천군 화천읍 신읍리 1818","강원특별자치도 화천군 화천읍 산천어길 196","24113","화천군 실버복지센터","2024-05-20 09:48:15","U","2024-05-22 02:40:00","사회복지시설","261560.73060903","512626.232291333","사회복지시설","0","0","","","","0","0","0","0","0","","0","0","N","93.19","","","",
"1406","집단급식소","07_21_02_P","4321000","4321000-105-2024-00001","2024-08-28","","01","영업/정상","01","영업","","","","","033 480 4212","105.60","","강원특별자치도 양구군 양구읍 상리 109-6 양구소방서","강원특별자치도 양구군 양구읍 중심로 92, 양구소방서","24546","양구소방서","2024-09-19 19:54:03","U","2024-09-21 02:40:00","공공기관","287129.944097785","511143.810243425","공공기관","0","0","","","상수도전용","0","0","0","0","0","자가","0","0","N","52.8","","","",
"1407","집단급식소","07_21_02_P","4321000","4321000-105-1973-00002","1973-06-01","","01","영업/정상","01","영업","","","","","033 4810006","210.86","","강원특별자치도 양구군 동면 임당리 580","강원특별자치도 양구군 동면 금강산로 1673","24507","임당초등학교","2018-06-20 08:41:50","I","2023-06-13 00:00:00","학교","291291.195532863","522526.565655523","학교","0","0","","","상수도전용","0","0","0","0","0","","0","0","N","210.86","","","",
"1408","집단급식소","07_21_02_P","4321000","4321000-105-1987-00001","1987-03-03","","01","영업/정상","01","영업","","","","","033 4810608","278.30","","강원특별자치도 양구군 해안면 현리 208","강원특별자치도 양구군 해안면 펀치볼로 1341-33","24563","해안초등학교","2018-03-15 11:13:58","I","2023-06-13 00:00:00","학교","299401.212364292","532480.524037541","학교","0","0","","","상수도전용","0","0","0","0","0","","0","0","N","278.3","","","",
"1409","집단급식소","07_21_02_P","4321000","4321000-105-1990-00001","1990-06-29","","01","영업/정상","01","영업","","","","","033 4815006","251.10","","강원특별자치도 양구군 방산면 현리 52","강원특별자치도 양구군 방산면 평화로 5121-7","24502","방산초등학교","2018-03-15 11:10:14","I","2023-06-13 00:00:00","학교","282604.973005906","523395.583886615","학교","0","0","","","상수도전용","0","0","0","0","0","","0","0","N","251.1","","","",
"1410","집단급식소","07_21_02_P","4321000","4321000-105-1991-00001","1991-04-30","","01","영업/정상","01","영업","","","","","033 4814502","69.30","","강원특별자치도 양구군 국토정중앙면 용하리 406","강원특별자치도 양구군 국토정중앙면 정중앙로 624-7","24554","용하초등학교","2018-04-16 08:49:27","I","2023-06-13 00:00:00","학교","290731.511642046","512376.900799781","학교","0","0","","","상수도전용","0","0","0","0","0","","0","0","N","69.3","","","",
"1411","집단급식소","07_21_02_P","4321000","4321000-105-1992-00001","1992-04-29","","01","영업/정상","01","영업","","","","","033 4810585","680.28","","강원특별자치도 양구군 양구읍 상리 197","강원특별자치도 양구군 양구읍 양구새싹로 48","24544","양구초등학교","2017-08-23 18:17:29","I","2023-06-13 00:00:00","학교","286833.08305917","511464.406222597","학교","0","0","","","상수도전용","0","0","0","0","0","","0","0","N","680.28","","","",
"1412","집단급식소","07_21_02_P","4321000","4321000-105-1992-00002","1992-04-29","","01","영업/정상","01","영업","","","","","033 4812415","340.60","","강원특별자치도 양구군 양구읍 하리 4-1","강원특별자치도 양구군 양구읍 관공서로 56","24522","비봉초등학교","2017-08-23 18:17:29","I","2023-06-13 00:00:00","학교","286555.417316789","512431.83755789","학교","0","0","","","상수도전용","0","0","0","0","0","","0","0","N","340.6","","","",
"1413","집단급식소","07_21_02_P","4321000","4321000-105-1992-00003","1992-04-29","","01","영업/정상","01","영업","","","","","033 4820640","296.20","","강원특별자치도 양구군 국토정중앙면 죽리 241-2","강원특별자치도 양구군 국토정중앙면 춘양로 2726","24558","죽리초등학교","2017-08-23 18:17:29","I","2023-06-13 00:00:00","학교","287104.304226806","508955.600935203","학교","0","0","","","상수도전용","0","0","0","0","0","","0","0","N","296.2","","","",
"1414","집단급식소","07_21_02_P","4321000","4321000-105-1995-00001","1995-03-06","","01","영업/정상","01","영업","","","","","033 4814080","248.20","","강원특별자치도 양구군 국토정중앙면 도촌리 158","강원특별자치도 양구군 국토정중앙면 정중앙로 259","24556","도촌초등학교","2018-07-05 09:58:22","I","2023-06-13 00:00:00","학교","289578.731086191","509111.974952733","학교","0","0","","","상수도전용","0","0","0","0","0","","0","0","N","248.2","","","",
"1415","집단급식소","07_21_02_P","4321000","4321000-105-1995-00002","1995-04-24","","01","영업/정상","01","영업","","","","","033 4810147","173.50","","강원특별자치도 양구군 동면 원당리 636","강원특별자치도 양구군 동면 원당길52번길 9-17","24511","원당초등학교","2017-08-23 18:17:29","I","2023-06-13 00:00:00","학교","291382.046048115","521068.801608616","학교","0","0","","","상수도전용","0","0","0","0","0","","0","0","N","173.5","","","",
"1416","집단급식소","07_21_02_P","4321000","4321000-105-1995-00003","1995-04-24","","01","영업/정상","01","영업","","","","","033 4812973","","","강원특별자치도 양구군 양구읍 한전리 85","강원특별자치도 양구군 양구읍 금강산로 858","24512","한전초등학교","2017-08-23 18:17:29","I","2023-06-13 00:00:00","학교","289015.915342089","516740.042638406","학교","0","0","","","상수도전용","0","0","0","0","0","","0","0","N","0","","","",
"1417","집단급식소","07_21_02_P","4321000","4321000-105-1999-00001","1999-07-06","","01","영업/정상","01","영업","","","","","033 4822410","","","강원특별자치도 양구군 양구읍 상리 183","강원특별자치도 양구군 양구읍 중심로 115","24544","양구중고교","2017-08-23 18:17:29","I","2023-06-13 00:00:00","학교","286897.983278874","511291.08321985","학교","0","0","","","상수도전용","0","0","0","0","0","","0","0","N","0","","","",
"1418","집단급식소","07_21_02_P","4321000","4321000-105-1999-00002","1999-07-06","","01","영업/정상","01","영업","","","","","033 4813403","197.20","","강원특별자치도 양구군 양구읍 정림리 230","강원특별자치도 양구군 양구읍 박수근로 327","24539","석천중·양구여자고등학교","2022-05-03 15:02:56","I","2023-06-13 00:00:00","학교","286020.640850293","511414.435091313","학교","0","0","","","상수도전용","0","0","0","0","0","","0","0","N","79.1","","","",
"1419","집단급식소","07_21_02_P","4321000","4321000-105-2003-00001","2003-04-25","","01","영업/정상","01","영업","","","","","4818901","64.00","","강원특별자치도 양구군 국토정중앙면 용하리 64","강원특별자치도 양구군 국토정중앙면 정중앙로658번길 19","24554","용하중학교","2017-08-23 18:17:29","I","2023-06-13 00:00:00","학교","291010.399513818","512598.21309892","학교","0","0","","","상수도전용","0","0","0","0","0","","0","0","N","192","","","",
"1420","집단급식소","07_21_02_P","4321000","4321000-105-2005-00002","2005-08-22","","01","영업/정상","01","영업","","","","","033 482 2020","26.23","","강원특별자치도 양구군 양구읍 상리 439-1","강원특별자치도 양구군 양구읍 박수근로365번길 20-10","24519","꽃사슴어린이집","2017-08-23 18:17:29","I","2023-06-13 00:00:00","어린이집","285947.902123362","511911.622851506","어린이집","0","0","","","간이상수도","0","0","0","0","0","","0","0","N","23.2","","","",
"1421","집단급식소","07_21_02_P","4321000","4321000-105-2005-00003","2005-08-22","","01","영업/정상","01","영업","","","","","033 4812188","55.49","","강원특별자치도 양구군 양구읍 상리 537-4 양구어린이집","강원특별자치도 양구군 양구읍 택지길 88-24, 양구어린이집","24530","양구어린이집","2021-07-21 16:31:49","I","2023-06-13 00:00:00","어린이집","286404.33068209","511850.631009126","어린이집","0","0","","","상수도전용","0","0","0","0","0","","0","0","N","8.96","","","",
"1422","집단급식소","07_21_02_P","4321000","4321000-105-2005-00006","2005-09-21","","01","영업/정상","01","영업","","","","","033 482 0681","12.67","","강원특별자치도 양구군 양구읍 상리 552-4","강원특별자치도 양구군 양구읍 택지길 42-12","24538","열린어린이집","2018-11-06 10:08:58","I","2023-06-13 00:00:00","어린이집","286407.09","511629.885","어린이집","0","0","","","상수도전용","0","0","0","0","0","","0","0","N","12.67","","","",
"1423","집단급식소","07_21_02_P","4321000","4321000-105-2005-00007","2005-10-12","","01","영업/정상","01","영업","","","","","033 4822231","13.67","","강원특별자치도 양구군 국토정중앙면 죽리 222-10","강원특별자치도 양구군 국토정중앙면 정중앙로 14-6","24558","엄지어린이집","2017-08-23 18:17:29","I","2023-06-13 00:00:00","어린이집","287515.161171604","509534.242311806","어린이집","0","0","","","상수도전용","0","0","0","0","0","","0","0","N","13.67","","","",
"1424","집단급식소","07_21_02_P","4321000","4321000-105-2010-00001","2010-02-02","","01","영업/정상","01","영업","","","","","033 481 0500","175.79","","강원특별자치도 양구군 양구읍 하리 500","강원특별자치도 양구군 양구읍 금강산로 437-12","24520","강원외국어고등학교","2017-08-23 18:17:29","I","2023-06-13 00:00:00","학교","286787.7834927","513486.783810864","학교","0","0","","","상수도전용","0","6","0","0","0","","0","0","N","140.44","","","",
"1425","집단급식소","07_21_02_P","4321000","4321000-105-2010-00002","2010-09-17","","01","영업/정상","01","영업","","","","","033 854 7114","48.50","","강원특별자치도 양구군 양구읍 정림리 188-3","강원특별자치도 양구군 양구읍 양구새싹로 7-7","24537","의료법인 희정의료재단","2018-09-28 10:20:14","I","2023-06-13 00:00:00","병원","286428.645589124","511504.251536348","병원","0","0","","","상수도전용","0","0","0","0","0","","0","0","N","22","","","",
"1426","집단급식소","07_21_02_P","4321000","4321000-105-2011-00001","2011-09-20","","01","영업/정상","01","영업","","","","","033 480 8882","137.36","","강원특별자치도 양구군 양구읍 상리 256-9","강원특별자치도 양구군 양구읍 중심로 160","24545","성심노인전문요양원 행복한사람들","2018-09-28 16:13:04","I","2023-06-13 00:00:00","사회복지시설","286872.070865377","511751.83541539","사회복지시설","0","0","","","상수도전용","0","0","0","0","0","","0","0","N","41.2","","","",
"1427","집단급식소","07_21_02_P","4321000","4321000-105-2013-00001","2013-09-05","","01","영업/정상","01","영업","","","","","033 481 2993","10.60","","강원특별자치도 양구군 양구읍 하리 78-2","강원특별자치도 양구군 양구읍 중심로 217","24526","아이숲어린이집","2017-08-23 18:17:29","I","2023-06-13 00:00:00","어린이집","286557.058720797","512276.181771192","어린이집","0","0","","","상수도전용","0","0","0","0","0","","0","0","N","8.23","","","",
"1428","집단급식소","07_21_02_P","4321000","4321000-105-2014-00001","2014-05-01","","01","영업/정상","01","영업","","","","","033 482 3690","60.93","","강원특별자치도 양구군 양구읍 상리 665","강원특별자치도 양구군 양구읍 청춘로 49 (해링턴플레이스단지내)","24543","양구푸르니 어린이집","2022-01-25 15:20:08","I","2023-06-13 00:00:00","어린이집","286841.987499993","511117.249629903","어린이집","0","0","","","상수도전용","0","0","0","0","0","","0","0","N","22.64","","","",
"1429","집단급식소","07_21_02_P","4321000","4321000-105-2015-00001","2015-12-15","","01","영업/정상","01","영업","","","","","033 481 2408","66.42","","강원특별자치도 양구군 국토정중앙면 창리 120-4","강원특별자치도 양구군 국토정중앙면 정중앙로 294","24556","사회복지법인 아름다운 동행","2024-01-24 10:20:34","U","2024-01-26 02:40:00","사회복지시설","289724.574054067","509372.726215636","사회복지시설","0","0","","","상수도전용","0","0","0","0","0","","0","0","N","21.06","","","",
"1430","집단급식소","07_21_02_P","4331000","4331000-105-2007-00001","2007-02-08","","01","영업/정상","01","영업","","","","","033 4633311","411.00","","강원특별자치도 인제군 북면 용대리 1528-12","강원특별자치도 인제군 북면 십이선녀탕길 165","24606","주식회사 미리내캠프","2023-09-13 16:49:13","U","2023-09-16 02:40:00","수련원","312891.341455063","520476.435901066","수련원","0","0","","","지하수전용","0","0","0","0","0","","0","0","N","143.1","","","",
"1431","집단급식소","07_21_02_P","4331000","4331000-105-2008-00001","2008-02-29","","01","영업/정상","01","영업","","","","","033 460 0505","378.18","","강원특별자치도 인제군 인제읍 상동리 26-2","강원특별자치도 인제군 인제읍 인제로231번길 12","24630","인제중학교","2017-07-18 17:08:08","I","2023-06-13 00:00:00","학교","303045.938162842","508365.073193697","학교","0","0","","","상수도전용","0","0","0","0","0","","0","0","N","218.16","","","",
"1432","집단급식소","07_21_02_P","4331000","4331000-105-2009-00001","2009-07-15","","01","영업/정상","01","영업","","","","","033 461 2611","29.92","","강원특별자치도 인제군 북면 원통리 661-3","강원특별자치도 인제군 북면 금강로 62","24613","선영어린이집","2023-03-14 11:10:50","I","2023-06-13 00:00:00","어린이집","305650.343599737","514305.242832732","어린이집","0","0","","","상수도전용","0","0","0","0","0","","0","0","N","13.08","","","",
"1433","집단급식소","07_21_02_P","4331000","4331000-105-2010-00001","2010-09-08","","01","영업/정상","01","영업","","","","","033 461 8576","34.40","","강원특별자치도 인제군 기린면 서리 47-7","강원특별자치도 인제군 기린면 대내안길 19","24663","보듬이나눔이 참사랑어린이집","2020-07-24 16:47:38","I","2023-06-13 00:00:00","어린이집","314776.614386059","496513.123187221","어린이집","0","0","","","상수도전용","0","0","0","0","0","자가","0","0","N","12.4","","","",
"1434","집단급식소","07_21_02_P","4331000","4331000-105-2010-00002","2010-09-08","","01","영업/정상","01","영업","","","","","033 461 7142","17.50","","강원특별자치도 인제군 인제읍 남북리 790-1","강원특별자치도 인제군 인제읍 인제로140번길 36-11","24633","예원어린이집","2023-12-20 13:46:44","U","2023-12-23 02:40:00","어린이집","302495.744150505","507315.933895995","어린이집","0","0","","","상수도전용","0","0","0","0","0","자가","0","0","N","7","","","",
"1435","집단급식소","07_21_02_P","4331000","4331000-105-2014-00001","2014-12-29","","01","영업/정상","01","영업","","","","","033 461 7108","161.34","","강원특별자치도 인제군 인제읍 상동리 388","강원특별자치도 인제군 인제읍 인제로219번길 27","24631","하늘내린유치원","2021-10-29 17:09:17","I","2023-06-13 00:00:00","어린이집","302784.946969365","508312.763474107","어린이집","0","0","","","상수도전용","0","0","0","0","0","","0","0","N","161.34","","","",
"1436","집단급식소","07_21_02_P","4331000","4331000-105-1968-00001","1968-07-30","","01","영업/정상","01","영업","","","","","033 4623524","242.00","","강원특별자치도 인제군 서화면 천도리 435-2","강원특별자치도 인제군 서화면 금강로 1490","24667","서화초등학교","2024-10-16 10:02:58","U","2024-10-18 02:40:00","학교","305746.081020038","525877.447912108","학교","0","0","","","상수도전용","0","0","0","0","0","","0","0","N","242","","","",
"1437","집단급식소","07_21_02_P","4331000","4331000-105-1978-00001","1978-03-01","","01","영업/정상","01","영업","","","","","033 4623480","256.87","","강원특별자치도 인제군 북면 1025-1","강원특별자치도 인제군 북면 미시령로 1031","24606","용대초등학교","2017-07-18 17:02:03","I","2023-06-13 00:00:00","학교","316403.08017707","522197.043911973","학교","0","0","","","상수도전용","0","0","0","0","0","","0","0","N","130","","","",
"1438","집단급식소","07_21_02_P","4331000","4331000-105-1979-00001","1979-09-01","","01","영업/정상","01","영업","","","","","033 4616703","132.06","","강원특별자치도 인제군 상남면 상남리 81-2","강원특별자치도 인제군 상남면 내린천로 2548","24664","상남초등학교","2017-07-18 17:02:16","I","2023-06-13 00:00:00","학교","310906.813635059","486310.332188907","학교","0","0","","","상수도전용","0","0","0","0","0","","0","0","N","132.06","","","",
"1439","집단급식소","07_21_02_P","4331000","4331000-105-1986-00001","1986-11-24","","01","영업/정상","01","영업","","","","","033 4612391","370.00","","강원특별자치도 인제군 인제읍 합강리 316","강원특별자치도 인제군 인제읍 인제로277번길 20","24628","인제초등학교","2017-07-18 17:02:57","I","2023-06-13 00:00:00","학교","303387.246583687","508759.363839885","학교","0","0","","","상수도전용","0","0","0","0","0","","0","0","N","370","","","",
"1440","집단급식소","07_21_02_P","4331000","4331000-105-1990-00001","1990-03-02","","01","영업/정상","01","영업","","","","","033 4611132","450.00","","강원특별자치도 인제군 인제읍 남북리 210","강원특별자치도 인제군 인제읍 인제로156번길 34","24633","인제남초등학교","2017-07-18 17:03:09","I","2023-06-13 00:00:00","학교","302596.759359241","507451.387463093","학교","0","0","","","상수도전용","0","0","0","0","0","","0","0","N","450","","","",
"1441","집단급식소","07_21_02_P","4331000","4331000-105-2017-00002","2017-07-05","","01","영업/정상","01","영업","","","","","033 462 2442","134.30","","강원특별자치도 인제군 기린면 북리 431-5","강원특별자치도 인제군 기린면 상하답로 234","24654","임마누엘집","2024-12-27 10:54:32","U","2024-12-29 02:40:00","사회복지시설","314236.152941714","501172.939541987","사회복지시설","0","0","","","지하수전용","0","0","0","0","0","","0","0","N","38.54","","","",
"1442","집단급식소","07_21_02_P","4331000","4331000-105-2017-00003","2017-09-25","","01","영업/정상","01","영업","","","","","033 4622304","444.42","","강원특별자치도 인제군 북면 용대리 1830-3","강원특별자치도 인제군 북면 만해로 91","24606","동국대학교 만해마을수련원","2024-04-08 14:49:21","U","2024-04-10 02:40:00","수련원","315337.070505605","521333.84399629","수련원","0","0","","","상수도전용","0","0","0","0","0","임대","0","0","N","444.42","","","",
"1443","집단급식소","07_21_02_P","4331000","4331000-105-2020-00001","2020-04-01","","01","영업/정상","01","영업","","","","","033 461 6877","25.20","","강원특별자치도 인제군 북면 원통리 528-15 아르미소아파트","강원특별자치도 인제군 북면 원통로 261-20, 1층 (아르미소아파트)","24614","미소어린이집","2022-04-14 11:40:42","I","2023-06-13 00:00:00","어린이집","306229.840955547","514584.655501192","어린이집","0","0","","","상수도전용","0","0","0","0","0","","0","0","N","25.2","","","",
"1444","집단급식소","07_21_02_P","4331000","4331000-105-2020-00002","2020-04-06","","01","영업/정상","01","영업","","","","","033 462 2651","23.65","","강원특별자치도 인제군 서화면 천도리 905","강원특별자치도 인제군 서화면 금강로 1513-1, 1층","24667","을지어린이집","2021-07-19 11:45:18","I","2023-06-13 00:00:00","어린이집","305381.89304087","525885.179167152","어린이집","0","0","","","상수도전용","0","0","0","0","0","","0","0","N","23.65","","","",
"1445","집단급식소","07_21_02_P","4331000","4331000-105-2021-00001","2021-03-23","","01","영업/정상","01","영업","","","","","033 462 3141","146.00","","강원특별자치도 인제군 인제읍 상동리 46-2","강원특별자치도 인제군 인제읍 인제로218번길 17, 1층","24636","인성어린이집","2021-07-27 14:10:15","I","2023-06-13 00:00:00","어린이집","303068.831637425","507988.132332111","어린이집","0","0","","","상수도전용","0","0","0","0","0","","0","0","N","0","","","",
"1446","집단급식소","07_21_02_P","4331000","4331000-105-2021-00002","2021-04-01","","01","영업/정상","01","영업","","","","","033 461 1223","49.50","","강원특별자치도 인제군 기린면 현리 880-5","강원특별자치도 인제군 기린면 내린천로 3898-1, 1층","24657","빛나라어린이집","2024-05-13 11:17:49","U","2024-05-15 02:40:00","어린이집","315641.498117517","494436.162469431","어린이집","0","0","","","상수도전용","0","0","0","0","0","자가","0","0","N","0","","","",
"1447","집단급식소","07_21_02_P","4331000","4331000-105-1991-00003","1991-05-22","","01","영업/정상","01","영업","","","","","033 4616706","","","강원특별자치도 인제군 상남면 하남리 1230","강원특별자치도 인제군 상남면 내린천로 3195","24665","하남초등학교","2017-07-18 17:03:19","I","2023-06-13 00:00:00","학교","312996.487546018","490590.018290684","학교","0","0","","","상수도전용","0","0","0","0","0","","0","0","N","0","","","",
"1448","집단급식소","07_21_02_P","4331000","4331000-105-1991-00004","1991-05-27","","01","영업/정상","01","영업","","","","","033 4615006","394.00","","강원특별자치도 인제군 기린면 현리 433-1","강원특별자치도 인제군 기린면 기린로 76","24660","기린초등학교","2017-07-18 17:03:30","I","2023-06-13 00:00:00","학교","315889.02417992","495970.898654067","학교","0","0","","","상수도전용","0","0","0","0","0","","0","0","N","394","","","",
"1449","집단급식소","07_21_02_P","4331000","4331000-105-1992-00001","1992-12-02","","01","영업/정상","01","영업","","","","","033 4616044","314.00","","강원특별자치도 인제군 남면 신남리 186-3","강원특별자치도 인제군 남면 신남로94번길 7","24649","부평초등학교","2017-07-18 17:03:41","I","2023-06-13 00:00:00","학교","295176.512963347","496991.09068948","학교","0","0","","","상수도전용","0","0","0","0","0","","0","0","N","314","","","",
"1450","집단급식소","07_21_02_P","4331000","4331000-105-1994-00001","1994-07-25","","01","영업/정상","01","영업","","","","","033 4610694","635.00","","강원특별자치도 인제군 북면 원통리 737","강원특별자치도 인제군 북면 원통로 129","24612","원통초등학교","2017-07-18 17:03:53","I","2023-06-13 00:00:00","학교","305200.657998377","513705.041927461","학교","0","0","","","상수도전용","0","0","0","0","0","","0","0","N","635","","","",
"1451","집단급식소","07_21_02_P","4331000","4331000-105-1994-00002","1994-11-25","","01","영업/정상","01","영업","","","","","033 4623380","70.00","","강원특별자치도 인제군 북면 한계리 1044","강원특별자치도 인제군 북면 한계1길 28","24607","한계초등학교","2017-07-18 17:04:10","I","2023-06-13 00:00:00","학교","310160.634180409","516053.455045418","학교","0","0","","","상수도전용","0","0","0","0","0","","0","0","N","70","","","",
"1452","집단급식소","07_21_02_P","4331000","4331000-105-1999-00001","1999-02-27","","01","영업/정상","01","영업","","","","","033 4632047","98.07","","강원특별자치도 인제군 인제읍 귀둔리 1 1통1반","강원특별자치도 인제군 인제읍 오작로 317-10","24644","귀둔초등학교","2017-07-18 17:04:21","I","2023-06-13 00:00:00","학교","323190.381435917","502088.428535133","학교","0","0","","","상수도전용","0","0","0","0","0","","0","0","N","98.07","","","",
"1453","집단급식소","07_21_02_P","4331000","4331000-105-1999-00002","1999-05-31","","01","영업/정상","01","영업","","","","","033 4600282","390.00","","강원특별자치도 인제군 기린면 현리 765-2","강원특별자치도 인제군 기린면 창암길 20","24662","기린중고등학교","2017-07-18 17:04:33","I","2023-06-13 00:00:00","학교","315297.819006659","494597.708071272","학교","0","0","","","상수도전용","0","0","0","0","0","","0","0","N","390","","","",
"1454","집단급식소","07_21_02_P","4331000","4331000-105-1999-00003","1999-07-12","","01","영업/정상","01","영업","","","","","033 4600333","321.64","","강원특별자치도 인제군 인제읍 합강리 347","강원특별자치도 인제군 인제읍 인제로249번길 22","24629","인제고등학교","2022-12-22 13:46:45","I","2023-06-13 00:00:00","학교","303268.732138084","508571.463415824","학교","0","0","","","상수도전용","0","0","0","0","0","","0","0","N","149.28","","","",
"1455","집단급식소","07_21_02_P","4331000","4331000-105-1999-00004","1999-10-05","","01","영업/정상","01","영업","","","","","033 4616031","235.00","","강원특별자치도 인제군 남면 신남리 404","강원특별자치도 인제군 남면 신남로 47-35","24648","신남중고등학교","2017-07-18 17:05:00","I","2023-06-13 00:00:00","학교","294812.180440824","496955.504328161","학교","0","0","","","상수도전용","0","0","0","0","0","","0","0","N","235","","","",
"1456","집단급식소","07_21_02_P","4331000","4331000-105-1999-00005","1999-10-08","","01","영업/정상","01","영업","","","","","033 4613066","740.00","","강원특별자치도 인제군 북면 원통리 398-1","강원특별자치도 인제군 북면 원통로 285","24614","원통고등학교","2025-03-05 10:20:09","U","2025-03-07 02:40:00","학교","306352.746078387","514624.717827532","학교","0","0","","","상수도전용","0","0","0","0","0","","0","0","N","740","","","",
"1457","집단급식소","07_21_02_P","4331000","4331000-105-2005-00001","2005-03-03","","01","영업/정상","01","영업","","","","","033461 6377","136.00","","강원특별자치도 인제군 남면 어론리 686-1","강원특별자치도 인제군 남면 설악로 198","24652","어론초등학교","2017-07-18 17:05:54","I","2023-06-13 00:00:00","학교","293307.693504224","492755.768246022","학교","0","0","","","간이상수도","0","0","0","0","0","","0","0","N","263.5","","","",
"1458","집단급식소","07_21_02_P","4331000","4331000-105-2005-00002","2005-08-01","","01","영업/정상","01","영업","","","","","033 4612993","15.20","","강원특별자치도 인제군 인제읍 상동리 423-1","강원특별자치도 인제군 인제읍 인제로168번길 48-9","24634","인제어린이집","2022-03-22 14:33:12","I","2023-06-13 00:00:00","어린이집","302744.781071266","507388.194694788","어린이집","0","0","","","상수도전용","0","0","0","0","0","","0","0","N","90.89","","","",
"1459","집단급식소","07_21_02_P","4331000","4331000-105-2005-00003","2005-08-26","","01","영업/정상","01","영업","","","","","033 4618765","78.72","","강원특별자치도 인제군 인제읍 상동리 301-6","강원특별자치도 인제군 인제읍 비봉로22번길 35","24634","새사랑어린이집","2023-12-20 13:45:32","U","2023-12-23 02:40:00","어린이집","302624.173878658","507618.918679993","어린이집","0","0","","","상수도전용","0","0","0","0","0","","0","0","N","81.84","","","",
"1460","집단급식소","07_21_02_P","4331000","4331000-105-2005-00004","2005-08-26","","01","영업/정상","01","영업","","","","","033 4616190","41.25","","강원특별자치도 인제군 남면 신남리 305-3","강원특별자치도 인제군 남면 신남로48번길 17","24650","신남어린이집","2017-07-18 17:06:32","I","2023-06-13 00:00:00","어린이집","294910.646141099","496532.73343494","어린이집","0","0","","","상수도전용","0","0","0","0","0","","0","0","N","97.15","","","",
"1461","집단급식소","07_21_02_P","4331000","4331000-105-2005-00008","2005-10-11","","01","영업/정상","01","영업","","","","","033 4628589","140.80","","강원특별자치도 인제군 기린면 북리 431","강원특별자치도 인제군 기린면 상하답로 238","24654","애향원","2023-02-09 11:10:51","I","2023-06-13 00:00:00","사회복지시설","314339.671129698","501176.950580698","사회복지시설","0","0","","","지하수전용","0","0","0","0","0","자가","0","0","N","50.4","","","",
"1462","집단급식소","07_21_02_P","4331000","4331000-105-2005-00009","2005-11-10","","01","영업/정상","01","영업","","","","","033 4629111","114.45","","강원특별자치도 인제군 남면 어론리 576-3","강원특별자치도 인제군 남면 응봉길 26-33","24652","실버홈노인요양원","2018-03-15 15:51:19","I","2023-06-13 00:00:00","사회복지시설","293618.141447354","491981.27382212","사회복지시설","0","0","","","상수도전용","0","0","0","0","0","자가","0","0","N","58.42","","","",
"1463","집단급식소","07_21_02_P","4341000","4341000-105-1995-00001","1995-03-10","","01","영업/정상","01","영업","","","","","033 631 2753","","","강원특별자치도 고성군 토성면 아야진리 199","강원특별자치도 고성군 토성면 아야진길 15","24756","아야진초등학교","2019-01-11 14:13:36","I","2023-06-13 00:00:00","학교","335532.835323991","531182.812071349","학교","0","0","","","상수도전용","0","0","0","0","0","","0","0","N","0","","","",
"1464","집단급식소","07_21_02_P","4341000","4341000-105-1995-00002","1995-03-22","","01","영업/정상","01","영업","","","","","033 682 4797","","","강원특별자치도 고성군 거진읍 자산리 74","강원특별자치도 고성군 거진읍 자산길 19","24721","거진초등학교","2019-01-11 14:13:51","I","2023-06-13 00:00:00","학교","326129.879774855","549302.893307183","학교","0","0","","","상수도전용","0","0","0","0","0","","0","0","N","0","","","",
"1465","집단급식소","07_21_02_P","4341000","4341000-105-1995-00003","1995-06-15","","01","영업/정상","01","영업","","","","","033 632 9460","","","강원특별자치도 고성군 죽왕면 공현진리 334","강원특별자치도 고성군 죽왕면 공현진한옥길 49","24745","공현진초등학교","2019-01-11 14:14:07","I","2023-06-13 00:00:00","학교","331703.227488899","540054.71239036","학교","0","0","","","상수도전용","0","0","0","0","0","","0","0","N","0","","","",
"1466","집단급식소","07_21_02_P","4341000","4341000-105-1995-00004","1995-06-15","","01","영업/정상","01","영업","","","","","033 632 0284","","","강원특별자치도 고성군 죽왕면 오호리 225","강원특별자치도 고성군 죽왕면 송지호로 6","24747","죽왕초등학교","2019-01-11 14:15:25","I","2023-06-13 00:00:00","학교","333090.458310263","537454.897215704","학교","0","0","","","상수도전용","0","0","0","0","0","","0","0","N","0","","","",
"1467","집단급식소","07_21_02_P","4341000","4341000-105-1995-00005","1995-06-15","","01","영업/정상","01","영업","","","","","033 631 1086","","","강원특별자치도 고성군 토성면 교암리 86","강원특별자치도 고성군 토성면 교암1길 15 (동광초등학교)","24754","동광초등학교","2019-01-11 14:16:47","I","2023-06-13 00:00:00","학교","335020.7694587","532845.98871315","학교","0","0","","","상수도전용","0","0","0","0","0","","0","0","N","0","","","",
"1468","집단급식소","07_21_02_P","4341000","4341000-105-1998-00001","1998-12-14","","01","영업/정상","01","영업","","","","","033 680 6610","","","강원특별자치도 고성군 현내면 초도리 180","강원특별자치도 고성군 현내면 화진포길 476","24706","대진중고등학교","2021-09-23 15:35:08","I","2023-06-13 00:00:00","학교","324963.25405241","554404.945430974","학교","0","0","","","상수도전용","0","0","0","0","0","","0","0","N","0","","","",
"1469","집단급식소","07_21_02_P","4341000","4341000-105-1999-00001","1999-05-13","","01","영업/정상","01","영업","","","","","033 630 3200","","","강원특별자치도 고성군 토성면 백촌리 187","강원특별자치도 고성군 토성면 백촌길 30-15","24754","동광산업과학고등학교","2019-01-11 14:18:09","I","2023-06-13 00:00:00","학교","334892.410018113","533509.720852588","학교","0","0","","","상수도전용","0","0","0","0","0","","0","0","N","0","","","",
"1470","집단급식소","07_21_02_P","4341000","4341000-105-1999-00002","1999-05-20","","01","영업/정상","01","영업","","","","","033 681 6042","1195.74","","강원특별자치도 고성군 간성읍 상리 391","강원특별자치도 고성군 간성읍 수성로 125","24728","고성중고등학교","2019-01-11 14:18:45","I","2023-06-13 00:00:00","학교","327642.995367924","542652.972837446","학교","0","0","","","상수도전용","0","0","0","0","0","","0","0","N","1195.74","","","",
"1471","집단급식소","07_21_02_P","4341000","4341000-105-1999-00003","1999-05-27","","01","영업/정상","01","영업","","","","","033 682 4952","","","강원특별자치도 고성군 거진읍 봉평리 31-1","강원특별자치도 고성군 거진읍 거평로 69","24710","거진중학교","2019-01-11 15:13:13","I","2023-06-13 00:00:00","학교","326373.679700566","550276.003074649","학교","0","0","","","상수도전용","0","0","0","0","0","","0","0","N","0","","","",
"1472","집단급식소","07_21_02_P","4341000","4341000-105-1999-00004","1999-09-10","","01","영업/정상","01","영업","","","","","033 6821786","","","강원특별자치도 고성군 거진읍 거진리 427-34 11통5반","강원특별자치도 고성군 거진읍 거탄진로29번길 5","24720","거진어린이집","2024-05-13 16:10:18","U","2024-05-15 02:40:00","어린이집","326521.167519401","549408.619963716","어린이집","0","0","","","상수도전용","0","0","0","0","0","","0","0","N","0","","","",
"1473","집단급식소","07_21_02_P","4341000","4341000-105-1999-00005","1999-09-16","","01","영업/정상","01","영업","","","","","033 6813561","24.69","","강원특별자치도 고성군 간성읍 신안리 184-3","강원특별자치도 고성군 간성읍 수성로 54","24736","간성어린이집","2024-07-08 15:36:55","U","2024-07-10 02:40:00","어린이집","328386.928425875","542568.607529056","어린이집","0","0","","","상수도전용","0","0","0","0","0","","0","0","N","24.69","","","",
"1474","집단급식소","07_21_02_P","4341000","4341000-105-1999-00008","1999-09-16","","01","영업/정상","01","영업","","","","","033 6331857","","","강원특별자치도 고성군 토성면 아야진리 120-1","강원특별자치도 고성군 토성면 아야진길 18","24756","토성어린이집","2022-06-08 09:27:34","I","2023-06-13 00:00:00","어린이집","335566.496284773","531094.319858419","어린이집","0","0","","","상수도전용","0","0","0","0","0","","0","0","N","0","","","",
"1475","집단급식소","07_21_02_P","4341000","4341000-105-1999-00009","1999-09-16","","01","영업/정상","01","영업","","","","","033 6315582","","","강원특별자치도 고성군 토성면 천진리 92-4","강원특별자치도 고성군 토성면 천진해변길 68","24764","천진어린이집","2024-05-13 17:48:43","U","2024-05-15 02:40:00","어린이집","336314.515072428","529774.441045464","어린이집","0","0","","","상수도전용","0","0","0","0","0","","0","0","N","0","","","",
"1476","집단급식소","07_21_02_P","4341000","4341000-105-1999-00010","2000-03-10","","01","영업/정상","01","영업","","","","","033 639 0390","","","강원특별자치도 고성군 토성면 봉포리 산 91-1","강원특별자치도 고성군 토성면 봉포4길 46","24764","경동대학교(숭례원)","2025-08-21 13:11:57","U","2025-08-23 02:40:00","학교","336060.642934211","528551.962122763","학교","0","0","","","상수도전용","0","0","0","0","0","","0","0","N","0","","","",
"1477","집단급식소","07_21_02_P","4341000","4341000-105-2000-00001","2000-03-27","","01","영업/정상","01","영업","","","","","033 680 1702","","","강원특별자치도 고성군 거진읍 거진리 432","강원특별자치도 고성군 거진읍 거탄진로 39-7","24720","거진고등학교","2023-03-20 15:51:06","I","2023-06-13 00:00:00","학교","326556.930983189","549575.81246848","학교","0","0","","","상수도전용","0","0","0","0","0","","0","0","N","0","","","",
"1478","집단급식소","07_21_02_P","4341000","4341000-105-2000-00003","2000-07-20","","01","영업/정상","01","영업","","","","","033 6338107","409.86","","강원특별자치도 고성군 토성면 인흥리 산 62-22","강원특별자치도 고성군 토성면 잼버리로 244","24766","강원도세계잼버리수련장","2022-07-25 11:18:38","I","2023-06-13 00:00:00","수련원","331305.867301608","525562.283812221","수련원","0","0","","","간이상수도","0","0","0","0","0","","0","0","N","66","","","",
"1479","집단급식소","07_21_02_P","4341000","4341000-105-1987-00001","1987-07-11","","01","영업/정상","01","영업","","","","","033 6390400","","","강원특별자치도 고성군 토성면 천진리 180 2통","강원특별자치도 고성군 토성면 천진1길 14","24764","천진초등학교","2019-01-11 14:11:52","I","2023-06-13 00:00:00","학교","336252.903747018","529384.039960228","학교","0","0","","","상수도전용","0","0","0","0","0","","0","0","N","0","","","",
"1480","집단급식소","07_21_02_P","4341000","4341000-105-1990-00001","1990-08-31","","01","영업/정상","01","영업","","","","","033 681 0657","","","강원특별자치도 고성군 간성읍 광산리 193","강원특별자치도 고성군 간성읍 진부령로 2427","24727","광산초등학교","2019-01-11 14:12:12","I","2023-06-13 00:00:00","학교","323432.568809737","542243.838077493","학교","0","0","","","상수도전용","0","0","0","0","0","","0","0","N","0","","","",
"1481","집단급식소","07_21_02_P","4341000","4341000-105-1990-00002","1990-09-10","","01","영업/정상","01","영업","","","","","033 682 6278","","","강원특별자치도 고성군 현내면 대진리 148 3통","강원특별자치도 고성군 현내면 대진3길 15","24704","대진초등학교","2019-01-11 14:12:31","I","2023-06-13 00:00:00","학교","324124.75496165","555820.264134232","학교","0","0","","","상수도전용","0","0","0","0","0","","0","0","N","0","","","",
"1482","집단급식소","07_21_02_P","4341000","4341000-105-1991-00001","1991-04-09","","01","영업/정상","01","영업","","","","","033 682 3570","","","강원특별자치도 고성군 거진읍 거진리 180","강원특별자치도 고성군 거진읍 거성길 38","24712","거성초등학교","2019-01-11 14:12:49","I","2023-06-13 00:00:00","학교","327168.662172932","550903.832802981","학교","0","0","","","상수도전용","0","0","0","0","0","","0","0","N","0","","","",
"1483","집단급식소","07_21_02_P","4341000","4341000-105-1993-00001","1993-03-04","","01","영업/정상","01","영업","","","","","033 681 2087","","","강원특별자치도 고성군 간성읍 신안리 200","강원특별자치도 고성군 간성읍 간성로39번길 20","24736","간성초등학교","2019-01-11 14:13:06","I","2023-06-13 00:00:00","학교","328312.951649828","542664.806540345","학교","0","0","","","상수도전용","0","0","0","0","0","","0","0","N","0","","","",
"1484","집단급식소","07_21_02_P","4341000","4341000-105-1994-00002","1994-03-31","","01","영업/정상","01","영업","","","","","033 631 7527","","","강원특별자치도 고성군 죽왕면 삼포리 152-3","강원특별자치도 고성군 죽왕면 황포길 28","24750","오호초등학교","2021-03-16 19:36:14","I","2023-06-13 00:00:00","학교","333894.565678154","535576.508148404","학교","0","0","","","상수도전용","0","0","0","0","0","","0","0","N","0","","","",
"1485","집단급식소","07_21_02_P","4341000","4341000-105-2008-00001","2008-07-18","","01","영업/정상","01","영업","","","","","033 6827751","","","강원특별자치도 고성군 거진읍 석문리 11-3","강원특별자치도 고성군 거진읍 남강로 650","24724","고성소망노인요양원","2025-06-16 09:32:42","U","2025-06-18 02:40:00","사회복지시설","325119.918488861","547195.732359672","사회복지시설","0","0","","","지하수전용","0","0","0","0","0","","0","0","N","0","","","",
"1486","집단급식소","07_21_02_P","4341000","4341000-105-2009-00002","2009-06-11","","01","영업/정상","01","영업","","","","","033 636 5182","114.99","","강원특별자치도 고성군 토성면 인흥리 180","강원특별자치도 고성군 토성면 인흥1길 26","24766","인흥초등학교","2019-01-11 10:02:15","I","2023-06-13 00:00:00","학교","335698.109154232","527105.24771384","학교","0","0","","","상수도전용","0","0","0","0","0","","0","0","N","58.32","","","",
"1487","집단급식소","07_21_02_P","4341000","4341000-105-2013-00001","2013-08-08","","01","영업/정상","01","영업","","","","","033 682 8500","0.00","","강원특별자치도 고성군 간성읍 해상리 920","강원특별자치도 고성군 간성읍 건봉사로 388","24726","고성연화마을","2025-07-29 14:51:56","U","2025-07-31 02:40:00","사회복지시설","322839.64333727","543673.379114704","사회복지시설","0","0","","","지하수전용","0","0","0","0","0","자가","0","0","N","0","","","",
"1488","집단급식소","07_21_02_P","4341000","4341000-105-2020-00001","2020-08-03","","01","영업/정상","01","영업","","","","","033 632 1478","104.87","","강원특별자치도 고성군 토성면 도원리 193-1 도학초등학교","강원특별자치도 고성군 토성면 무릉도원로 486, 도학초등학교","24761","도학초등학교","2021-03-16 19:37:20","I","2023-06-13 00:00:00","학교","331345.469833103","531005.857107784","학교","0","0","","","","0","0","0","0","0","","0","0","N","34.87","","","",
"1489","집단급식소","07_21_02_P","4341000","4341000-105-2021-00001","2021-03-30","","01","영업/정상","01","영업","","","","","033 681 4000","89.62","","강원특별자치도 고성군 간성읍 신안리 178 보건소","강원특별자치도 고성군 간성읍 수성로 30, 보건소","24736","고성군보건소","2025-08-29 13:30:14","U","2025-08-31 02:40:00","공공기관","328567.445849491","542623.452747267","공공기관","0","0","","","","0","0","0","0","0","자가","0","0","N","22.62","","","",
"1490","집단급식소","07_21_02_P","4341000","4341000-105-2022-00001","2022-03-02","","01","영업/정상","01","영업","","","","","","11.40","","강원특별자치도 고성군 토성면 천진리 476 고성천진 한신더휴","강원특별자치도 고성군 토성면 천진7길 29 (고성천진 한신더휴)","24764","한신더휴어린이집","2024-05-13 17:51:09","U","2024-05-15 02:40:00","어린이집","336141.818451144","529188.497138733","어린이집","0","0","","","","0","0","0","0","0","임대","0","0","N","11.4","","","",
"1491","집단급식소","07_21_02_P","4341000","4341000-105-2024-00001","2024-09-05","","01","영업/정상","01","영업","","","","","","","","강원특별자치도 고성군 죽왕면 오호리 64-3 죽왕어린이집","강원특별자치도 고성군 죽왕면 심층수길 17, 죽왕어린이집","24747","죽왕어린이집","2024-09-05 13:04:39","I","2024-09-07 00:13:01","어린이집","333415.429772985","536998.824973305","어린이집","0","0","","","상수도전용","0","0","0","0","0","","0","0","N","0","","","",
"1492","집단급식소","07_21_02_P","4341000","4341000-105-2025-00001","2025-01-23","","01","영업/정상","01","영업","","","","","","87.75","","강원특별자치도 고성군 간성읍 신안리 427-1 율곡타운","강원특별자치도 고성군 간성읍 수성로 37-12 (율곡타운)","24737","율곡어린이집","2025-01-23 13:23:13","I","2025-01-25 00:11:04","어린이집","328755.554106052","542378.320277806","어린이집","0","0","","","상수도전용","0","0","0","0","0","","0","0","N","38.25","","","",
"1493","집단급식소","07_21_02_P","4351000","4351000-105-1989-00001","1989-08-31","","01","영업/정상","01","영업","","","","","033 6739834","","","강원특별자치도 양양군 양양읍 구교리 41","강원특별자치도 양양군 양양읍 군청길 39","25022","양양초등학교","2020-11-17 17:11:55","I","2023-06-13 00:00:00","학교","342144.053929149","509504.131112952","학교","0","0","","","상수도전용","0","0","0","0","0","","0","0","N","0","","","",
"1494","집단급식소","07_21_02_P","4351000","4351000-105-2012-00003","2012-04-16","","01","영업/정상","01","영업","","","","","070 40342119","172.32","","강원특별자치도 양양군 서면 영덕리 213","강원특별자치도 양양군 서면 산얏골길 23-51","25039","양양양수발전소급식소","2024-03-18 11:26:48","U","2024-03-20 02:40:00","산업체","334883.928379333","503106.909748459","산업체","0","0","","","지하수전용","0","0","0","0","0","자가","0","0","N","48.12","","","",
"1495","집단급식소","07_21_02_P","4351000","4351000-105-1992-00001","1992-05-11","","01","영업/정상","01","영업","","","","","033 6712432","","","강원특별자치도 양양군 양양읍 조산리 450-5","강원특별자치도 양양군 양양읍 동해대로 3020","25015","조산초등학교","2020-11-17 17:13:06","I","2023-06-13 00:00:00","학교","343102.340351787","513545.215508301","학교","0","0","","","상수도전용","0","0","0","0","0","","0","0","N","0","","","",
"1496","집단급식소","07_21_02_P","4351000","4351000-105-1994-00001","1994-04-01","","01","영업/정상","01","영업","","","","","033 6703303","","","강원특별자치도 양양군 현남면 인구리 27","강원특별자치도 양양군 현남면 해송천로 10","25053","인구초등학교","2020-11-17 17:13:36","I","2023-06-13 00:00:00","학교","354443.497644044","497612.999467035","학교","0","0","","","상수도전용","0","0","0","0","0","","0","0","N","0","","","",
"1497","집단급식소","07_21_02_P","4351000","4351000-105-1995-00002","1995-05-19","","01","영업/정상","01","영업","","","","","033 6709000","","","강원특별자치도 양양군 강현면 정암리 510-1","강원특별자치도 양양군 강현면 진미로12번길 22","25001","강현초등학교","2020-11-17 17:14:17","I","2023-06-13 00:00:00","학교","340535.970814781","517481.99807784","학교","0","0","","","상수도전용","0","0","0","0","0","","0","0","N","0","","","",
"1498","집단급식소","07_21_02_P","4351000","4351000-105-1995-00003","1995-05-30","","01","영업/정상","01","영업","","","","","033 6722982","","","강원특별자치도 양양군 서면 상평리 18","강원특별자치도 양양군 서면 물윗구미길 25","25035","상평초등학교","2020-11-17 17:14:51","I","2023-06-13 00:00:00","학교","339099.835511491","509036.510792552","학교","0","0","","","상수도전용","0","0","0","0","0","","0","0","N","0","","","",
"1499","집단급식소","07_21_02_P","4351000","4351000-105-1996-00002","1996-03-16","","01","영업/정상","01","영업","","","","","033 6728714","40.00","","강원특별자치도 양양군 현북면 상광정리 557","강원특별자치도 양양군 현북면 송이로 222","25046","현북초등학교집단급식소","2020-11-17 17:15:49","I","2023-06-13 00:00:00","학교","348738.389396051","502684.225959491","학교","0","0","","","상수도전용","0","0","0","0","0","","0","0","N","40","","","",
"1500","집단급식소","07_21_02_P","4351000","4351000-105-1996-00003","1996-03-19","","01","영업/정상","01","영업","","","","","033 6722614","","","강원특별자치도 양양군 손양면 하왕도리 140 외7필지","강원특별자치도 양양군 손양면 손중로 202","25044","손양초등학교","2020-11-17 17:16:28","I","2023-06-13 00:00:00","학교","344135.502298533","507639.626473255","학교","0","0","","","상수도전용","0","0","0","0","0","","0","0","N","0","","","",
"1501","집단급식소","07_21_02_P","4351000","4351000-105-1996-00005","1996-12-19","","01","영업/정상","01","영업","","","","","033672 2867","","","강원특별자치도 양양군 서면 용천리 505","강원특별자치도 양양군 서면 남대천로 218","25036","한남초등학교","2020-11-17 17:17:01","I","2023-06-13 00:00:00","학교","341000.451363912","507120.118708978","학교","0","0","","","상수도전용","0","0","0","0","0","","0","0","N","0","","","",
"1502","집단급식소","07_21_02_P","4351000","4351000-105-1997-00001","1997-06-07","","01","영업/정상","01","영업","","","","","033 6716820","","","강원특별자치도 양양군 서면 논화리 183-1","강원특별자치도 양양군 서면 구룡령로 3080-14","25037","정다운마을","2023-01-04 14:37:21","I","2023-06-13 00:00:00","사회복지시설","337366.713880658","506995.327825445","사회복지시설","0","0","","","지하수전용","0","0","0","0","0","","0","0","N","0","","","",
"1503","집단급식소","07_21_02_P","4351000","4351000-105-1999-00001","1999-08-19","","01","영업/정상","01","영업","","","","","033 670 0346","","","강원특별자치도 양양군 양양읍 서문리 224","강원특별자치도 양양군 양양읍 서문3길 12","25027","양양중학교","2020-11-17 17:18:21","I","2023-06-13 00:00:00","학교","341491.173427537","509013.450220117","학교","0","0","","","상수도전용","0","0","0","0","0","","0","0","N","0","","","",
"1504","집단급식소","07_21_02_P","4351000","4351000-105-1999-00003","1999-08-26","","01","영업/정상","01","영업","","","","","033 6713492","","","강원특별자치도 양양군 양양읍 청곡리 123","강원특별자치도 양양군 양양읍 청곡길 53-22","25020","사회복지법인청곡어린이집","2019-12-27 14:54:14","I","2023-06-13 00:00:00","어린이집","342700.870520284","510742.826271313","어린이집","0","0","","","상수도전용","0","0","0","0","0","","0","0","N","0","","","",
"1505","집단급식소","07_21_02_P","4351000","4351000-105-1999-00004","1999-08-26","","01","영업/정상","01","영업","","","","","033672 8922","33.43","","강원특별자치도 양양군 양양읍 성내리 9-1","강원특별자치도 양양군 양양읍 성안길 6","25023","사회복지법인디모테오어린이집","2024-03-05 13:26:23","U","2024-03-07 02:40:00","어린이집","342099.481544988","509395.593775108","어린이집","0","0","","","상수도전용","0","0","0","0","0","","0","0","N","16.71","","","",
"1506","집단급식소","07_21_02_P","4351000","4351000-105-1999-00005","1999-08-31","","01","영업/정상","01","영업","","","","","033670 8665","583.56","","강원특별자치도 양양군 양양읍 서문리 46-9 외 10필지","강원특별자치도 양양군 양양읍 복개길 23-12","25029","양양고등학교","2020-11-17 17:20:37","I","2023-06-13 00:00:00","학교","341726.454872526","508874.227985928","학교","0","0","","","상수도전용","0","0","0","0","0","","0","0","N","196.56","","","",
"1507","집단급식소","07_21_02_P","4351000","4351000-105-2001-00001","2001-03-15","","01","영업/정상","01","영업","","","","","033 6701561","444.14","","강원특별자치도 양양군 손양면 가평리 123-19","강원특별자치도 양양군 손양면 선사유적로 840","25041","강원국제교육원","2021-01-26 14:25:35","I","2023-06-13 00:00:00","기타 집단급식소","344968.315724898","511947.760752025","기타 집단급식소","0","0","","","상수도전용","0","0","0","0","0","","0","0","N","136.38","","","",
"1508","집단급식소","07_21_02_P","4351000","4351000-105-2004-00001","2004-08-23","","01","영업/정상","01","영업","","","","","033 6714167","28.08","","강원특별자치도 양양군 양양읍 서문리 166","강원특별자치도 양양군 양양읍 남서길 28-4","25029","낙산유치원","2021-04-21 13:56:41","I","2023-06-13 00:00:00","어린이집","341962.00563504","508992.247811297","어린이집","0","0","","","상수도전용","0","0","0","0","0","","0","0","N","28.08","","","",
"1509","집단급식소","07_21_02_P","4351000","4351000-105-2004-00002","2004-11-29","","01","영업/정상","01","영업","","","","","033 6715028","191.80","","강원특별자치도 양양군 강현면 정암리 562-5","강원특별자치도 양양군 강현면 진미로54번길 14","25001","강현중학교급식소","2025-09-17 15:51:11","U","2025-09-19 02:40:00","학교","340349.77128704","517544.088893765","학교","0","0","","","상수도전용","0","0","0","0","0","","0","0","N","183.44","","","",
"1510","집단급식소","07_21_02_P","4351000","4351000-105-2004-00003","2004-12-28","","01","영업/정상","01","영업","","","","","033 6708071","136.08","","강원특별자치도 양양군 손양면 동호리 191-1","강원특별자치도 양양군 손양면 선사유적로 359","25042","을지인력개발원급식소","2025-05-26 13:13:04","U","2025-05-28 02:40:00","기타 집단급식소","347285.122396465","507773.522611245","기타 집단급식소","0","0","","","지하수전용","0","0","0","0","0","","0","0","N","1018.75","","","",
"1511","집단급식소","07_21_02_P","4351000","4351000-105-2007-00001","2007-03-26","","01","영업/정상","01","영업","","","","","6728738","","","강원특별자치도 양양군 현북면 상광정리 556-2","강원특별자치도 양양군 현북면 송이로 254","25046","현북중학교","2020-11-17 17:18:54","I","2023-06-13 00:00:00","학교","348719.240962924","502651.663692805","학교","0","0","","","상수도전용","0","0","0","0","0","자가","0","0","N","0","","","",
"1512","집단급식소","07_21_02_P","4351000","4351000-105-2007-00002","2007-04-16","","01","영업/정상","01","영업","","","","","033 6724818","54.47","","강원특별자치도 양양군 강현면 금풍리 75-1","강원특별자치도 양양군 강현면 고래골길 109","25007","낙산요양원","2022-10-31 09:52:13","I","2023-06-13 00:00:00","사회복지시설","340424.492123094","512554.566874943","사회복지시설","0","0","","","지하수전용","0","0","0","0","0","자가","0","0","N","30.62","","","",
"1513","집단급식소","07_21_02_P","4351000","4351000-105-2010-00003","2010-12-14","","01","영업/정상","01","영업","","","","","033 673 2685","168.21","","강원특별자치도 양양군 양양읍 연창리 203-2","강원특별자치도 양양군 양양읍 일출로 540","25031","양양군노인복지관","2020-01-06 17:10:03","I","2023-06-13 00:00:00","사회복지시설","342679.992175054","509490.616494924","사회복지시설","0","0","","","상수도전용","0","0","0","0","0","","0","0","N","47.25","","","",
"1514","집단급식소","07_21_02_P","4351000","4351000-105-2011-00002","2011-10-18","","01","영업/정상","01","영업","","","","","033 670 3715","151.31","","강원특별자치도 양양군 손양면 오산리 23-16","강원특별자치도 양양군 손양면 선사유적로 678","25042","(주)소노인터내셔널 양양지점","2025-05-07 16:55:20","U","2025-05-09 02:40:00","산업체","346016.137108715","510663.214814615","산업체","0","0","","","상수도전용","0","0","0","0","0","","0","0","N","66","","","",
"1515","집단급식소","07_21_02_P","4351000","4351000-105-2011-00003","2011-10-18","","01","영업/정상","01","영업","","","","","033673 7080","109.54","","강원특별자치도 양양군 현남면 하월천리 264","강원특별자치도 양양군 현남면 화상천로 608-11","25059","사회복지법인기독교대한감리회성산사랑마을","2025-08-06 10:20:08","U","2025-08-09 02:40:00","사회복지시설","352113.311451306","492904.140968946","사회복지시설","0","0","","","상수도(음용)지하수(주방용)겸용","0","0","0","0","0","","0","0","N","53.5","","","",
"1516","집단급식소","07_21_02_P","4351000","4351000-105-2024-00001","2024-02-28","","01","영업/정상","01","영업","","","","","033673 0105","27.36","","강원특별자치도 양양군 현남면 인구리 273-8","강원특별자치도 양양군 현남면 해송천로 5, 1층","25053","현남하나어린이집","2024-02-28 16:30:46","I","2024-03-02 00:15:41","어린이집","354401.77742596","497472.717895457","어린이집","0","0","","","상수도전용","0","0","0","0","0","","0","0","N","27.36","","","",
"1517","집단급식소","07_21_02_P","4351000","4351000-105-2024-00002","2024-02-29","","01","영업/정상","01","영업","","","","","","52.68","","강원특별자치도 양양군 양양읍 서문리 40-4 양양국공립 하나어린이집","강원특별자치도 양양군 양양읍 서문1길 32, 양양국공립 하나어린이집 1층","25028","양양하나어린이집","2024-02-29 09:45:09","I","2024-03-02 00:15:41","어린이집","341725.656171505","508767.326188694","어린이집","0","0","","","상수도전용","0","0","0","0","0","","0","0","N","52.68","","","",
"1518","집단급식소","07_21_02_P","4351000","4351000-105-2025-00003","2025-09-24","","01","영업/정상","01","영업","","","","","033 6718792","114.30","","강원특별자치도 양양군 손양면 송전리 22-1 송포초등학교","강원특별자치도 양양군 손양면 동명로 321-11, 송포초등학교","25041","송포초등학교","2025-09-24 16:19:56","I","2025-09-26 00:20:21","학교","345259.343696516","510910.204435939","학교","0","0","","","","0","0","0","0","0","","0","0","N","44.76","","","",
"1519","집단급식소","07_21_02_P","4351000","4351000-105-2025-00002","2025-04-25","","01","영업/정상","01","영업","","","","","033 6709603","90.90","","강원특별자치도 양양군 현남면 남애리 554","강원특별자치도 양양군 현남면 갯마을길 10","25057","남애초등학교","2025-04-25 10:42:49","I","2025-04-27 00:10:10","학교","356486.129764222","495224.630893306","학교","0","0","","","상수도전용","0","0","0","0","0","","0","0","N","36.72","","","",
"1520","집단급식소","07_21_02_P","4351000","4351000-105-2024-00003","2024-12-24","","01","영업/정상","01","영업","","","","","033 6707398","320.32","","강원특별자치도 양양군 손양면 동호리 545 양양국제공항","강원특별자치도 양양군 손양면 공항로 201, 양양국제공항 2층","25042","양양공항 직원식당","2024-12-24 10:52:28","I","2024-12-27 00:11:58","공공기관","345872.519696863","507531.05657781","공공기관","0","0","","","상수도전용","0","0","0","0","0","","0","0","N","87.21","","","",
"1521","집단급식소","07_21_02_P","4351000","4351000-105-2025-00001","2025-01-15","","01","영업/정상","01","영업","","","","","033 6728679","","","강원특별자치도 양양군 현북면 하광정리 193","강원특별자치도 양양군 현북면 하조대1길 38","25047","광정초등학교","2025-03-24 13:33:18","U","2025-03-26 02:40:00","학교","351430.715692181","503132.356297531","학교","0","0","","","상수도전용","0","0","0","0","0","","0","0","N","0","","","",
"1522","집단급식소","07_21_02_P","4181000","4181000-105-2011-00016","2011-09-26","","03","폐업","02","폐업","2019-10-04","","","","033 251 2795","67.58","","강원특별자치도 춘천시 사북면 고탄리 533","강원특별자치도 춘천시 사북면 춘화로 392","24201","춘천호수요양병원","2019-10-04 16:44:28","I","2023-06-13 00:00:00","병원","261131.342782042","497966.875774043","병원","0","0","","","지하수전용","0","0","0","0","0","","0","0","N","29.43","","","",
"1523","집단급식소","07_21_02_P","4181000","4181000-105-2011-00017","2011-10-20","","03","폐업","02","폐업","2018-01-30","","","","033 264 0256","139.20","","강원특별자치도 춘천시 퇴계동 864-2","강원특별자치도 춘천시 퇴계공단길 36 (퇴계동)","24427","(주)제니스","2018-01-30 14:56:05","I","2023-06-13 00:00:00","산업체","264658.020947963","482723.755798432","산업체","0","0","","","상수도전용","0","0","0","0","0","","0","0","N","30","","","",
"1524","집단급식소","07_21_02_P","4181000","4181000-105-2005-00010","2005-04-18","","03","폐업","02","폐업","2023-01-18","","","","033 2575913","13.20","","강원특별자치도 춘천시 후평동 750-23","강원특별자치도 춘천시 만천로227번길 6 (후평동)","24296","새롬어린이집","2023-01-18 17:19:08","I","2023-06-13 00:00:00","어린이집","266235.873295285","487625.101102954","어린이집","0","0","","","상수도전용","0","0","0","0","0","","0","0","N","13.2","","","",
"1525","집단급식소","07_21_02_P","4181000","4181000-105-2005-00011","2005-04-19","","03","폐업","02","폐업","2012-04-18","","","","033 2625035","9.90","","강원특별자치도 춘천시 동산면 조양리 583-1","강원특별자치도 춘천시 동산면 조양길 108-13","24410","사회복지법인 동산어린이집","2011-11-24 13:41:09","I","2023-06-13 00:00:00","집단급식소","270266.430209227","470907.022047576","집단급식소","0","0","","","상수도전용","0","0","0","0","0","","0","0","N","14.4","","","",
"1526","집단급식소","07_21_02_P","4181000","4181000-105-2005-00012","2005-04-19","","03","폐업","02","폐업","2025-04-08","","","","033 2621505","14.00","","강원특별자치도 춘천시 동내면 학곡리 255-14 (3리)","강원특별자치도 춘천시 동내면 학곡서1길 17-1 ((3리))","24408","YWCA 어린이집","2025-04-08 16:51:26","U","2025-04-10 02:40:00","어린이집","266827.27291977","481390.098374501","어린이집","0","0","","","상수도전용","0","0","0","0","0","","0","0","N","19.4","","","",
"1527","집단급식소","07_21_02_P","4181000","4181000-105-2005-00015","2005-04-20","","03","폐업","02","폐업","2014-07-10","","","","033 2521393","14.79","","강원특별자치도 춘천시 약사동 72","강원특별자치도 춘천시 약사길 20-4 (약사동)","24358","귀여운어린이집","2012-11-16 15:19:19","I","2023-06-13 00:00:00","집단급식소","263572.809862639","486019.392505742","집단급식소","0","0","","","상수도전용","0","0","0","0","0","","0","0","N","14.79","","","",
"1528","집단급식소","07_21_02_P","4181000","4181000-105-2005-00016","2005-04-20","","03","폐업","02","폐업","2024-07-22","","","","033 2424293","8.20","","강원특별자치도 춘천시 퇴계동 911-1","강원특별자치도 춘천시 춘주로179번길 11 (퇴계동)","24451","늘푸른어린이집","2024-07-22 13:34:25","U","2024-07-24 02:40:00","어린이집","263834.439971922","484337.634279187","어린이집","0","0","","","상수도전용","0","0","0","0","0","","0","0","N","8.2","","","",
"1529","집단급식소","07_21_02_P","4181000","4181000-105-2005-00017","2005-04-20","","03","폐업","02","폐업","2025-04-11","","","","033 2629078","34.00","","강원특별자치도 춘천시 퇴계동 92-1","강원특별자치도 춘천시 윗무린개길 14-2 (퇴계동)","24421","사랑샘어린이집","2025-04-11 13:42:55","U","2025-04-13 02:40:00","어린이집","264804.858560023","483470.319259625","어린이집","0","0","","","상수도전용","0","0","0","0","0","","0","0","N","34","","","",
"1530","집단급식소","07_21_02_P","4181000","4181000-105-2017-00010","2017-06-27","","03","폐업","02","폐업","2018-02-26","","","","033 242 2332","8.60","","강원특별자치도 춘천시 소양로2가 1","강원특별자치도 춘천시 모수물길 54, 1층 (소양로2가, 소양현대아파트내)","24249","아이뜰어린이집","2018-02-26 14:30:46","I","2023-06-13 00:00:00","어린이집","263896.122997652","487632.740458328","어린이집","0","0","","","상수도전용","0","0","0","0","0","","0","0","N","6","","","",
"1531","집단급식소","07_21_02_P","4181000","4181000-105-2017-00011","2017-07-06","","03","폐업","02","폐업","2019-07-18","","","","033 260 0276","348.60","","강원특별자치도 춘천시 동산면 봉명리 산 174","강원특별자치도 춘천시 동산면 원무동길 82, 지하1층 (춘천에너지 종합관리동)","24410","춘천에너지주식회사","2019-07-18 14:27:48","I","2023-06-13 00:00:00","산업체","268118.23016109","473984.849182499","산업체","0","0","","","상수도전용","0","0","0","0","0","","0","0","N","81.6","","","",
"1532","집단급식소","07_21_02_P","4181000","4181000-105-2017-00012","2017-07-10","","03","폐업","02","폐업","2017-07-18","","","","033 262 2841","50.40","","강원특별자치도 춘천시 동산면 군자리 13-3 외 7필지","강원특별자치도 춘천시 동산면 영서로 915, 1층","24409","유진기업(주)춘천","2017-07-18 10:59:45","I","2023-06-13 00:00:00","산업체","267252.028277186","475559.550211108","산업체","0","0","","","지하수전용","0","0","0","0","0","","0","0","N","9.6","","","",
"1533","집단급식소","07_21_02_P","4181000","4181000-105-2018-00002","2018-05-03","","03","폐업","02","폐업","2018-10-08","","","","033 263 9710","12.60","","강원특별자치도 춘천시 동내면 거두리 1135 춘천거두2지구행복주택","강원특별자치도 춘천시 동내면 거두택지길 70, 1층 (춘천거두2지구행복주택)","24399","거두행복어린이집","2018-10-08 16:38:00","I","2023-06-13 00:00:00","어린이집","266746.901217968","483810.789154223","어린이집","0","0","","","상수도전용","0","0","0","0","0","","0","0","N","12.6","","","",
"1534","집단급식소","07_21_02_P","4181000","4181000-105-2018-00003","2018-05-15","","03","폐업","02","폐업","2018-08-17","","","","0332615721","12.48","","강원특별자치도 춘천시 석사동 180-2","강원특별자치도 춘천시 안마산로 308 (석사동)","24417","사무엘어린이집","2018-08-17 09:40:18","I","2023-06-13 00:00:00","어린이집","265652.214734401","483027.881930201","어린이집","0","0","","","","0","0","0","0","0","","0","0","N","12.48","","","",
"1535","집단급식소","07_21_02_P","4181000","4181000-105-2005-00020","2005-04-20","","03","폐업","02","폐업","2022-02-03","","","","033 2618786","9.02","","강원특별자치도 춘천시 효자동 333","강원특별자치도 춘천시 공지로 234-16 (효자동)","24344","소망어린이집","2022-02-03 11:46:16","I","2023-06-13 00:00:00","어린이집","264965.010227863","484903.604463985","어린이집","0","0","","","상수도전용","0","0","0","0","0","","0","0","N","9.02","","","",
"1536","집단급식소","07_21_02_P","4181000","4181000-105-2005-00021","2005-04-20","","03","폐업","02","폐업","2022-11-01","","","","033 2511921","38.54","","강원특별자치도 춘천시 우두동 278-1","강원특별자치도 춘천시 사우로154번길 5 (우두동)","24227","우두어린이집","2022-11-01 17:44:11","I","2023-06-13 00:00:00","어린이집","265139.344887558","489590.192388943","어린이집","0","0","","","상수도전용","0","0","0","0","0","","0","0","N","151.34","","","",
"1537","집단급식소","07_21_02_P","4181000","4181000-105-2005-00022","2005-04-21","","03","폐업","02","폐업","2023-08-09","","","","033 2435055","16.50","","강원특별자치도 춘천시 동면 만천리 135-1","강원특별자치도 춘천시 동면 금베이길 75-3","24212","푸른솔어린이집","2023-08-09 09:44:39","U","2023-08-11 02:40:00","어린이집","269082.383946801","486292.851043412","어린이집","0","0","","","상수도전용","0","0","0","0","0","","0","0","N","16.5","","","",
"1538","집단급식소","07_21_02_P","4181000","4181000-105-2005-00024","2005-04-21","","03","폐업","02","폐업","2024-06-27","","","","033 2411782","8.00","","강원특별자치도 춘천시 퇴계동 916-3","강원특별자치도 춘천시 춘주로 174 (퇴계동)","24450","보배어린이집","2024-06-27 14:47:16","U","2024-06-29 02:40:00","어린이집","263969.689717852","484117.82646055","어린이집","0","0","","","상수도전용","0","0","0","0","0","","0","0","N","8","","","",
"1539","집단급식소","07_21_02_P","4181000","4181000-105-2005-00025","2005-04-22","","03","폐업","02","폐업","2008-12-22","","","","033 2559937","9.10","","강원특별자치도 춘천시 운교동 42","","","대건유치원","2008-03-12 11:18:04","I","2023-06-13 00:00:00","집단급식소","264412.336650746","486375.483313466","집단급식소","0","0","","","","0","0","0","0","0","","0","0","N","9.1","","","",
"1540","집단급식소","07_21_02_P","4181000","4181000-105-2005-00029","2005-04-26","","03","폐업","02","폐업","2022-11-08","","","","033 2527742","12.30","","강원특별자치도 춘천시 근화동 802-1","강원특별자치도 춘천시 소양로177번길 21 (근화동)","24241","영락어린이집","2022-11-08 10:39:02","I","2023-06-13 00:00:00","어린이집","263536.535526187","487745.491434143","어린이집","0","0","","","상수도전용","0","0","0","0","0","","0","0","N","12.3","","","",
"1541","집단급식소","07_21_02_P","4181000","4181000-105-2019-00002","2019-01-30","","03","폐업","02","폐업","2024-12-24","","","","033 249 7811","463.80","","강원특별자치도 춘천시 신북읍 유포리 436-10","강원특별자치도 춘천시 신북읍 맥국길 79-9, 1층","24203","육군제2218부대간부식당","2024-12-24 10:33:41","U","2024-12-27 02:40:00","공공기관","267719.95416308","493800.288270861","공공기관","0","0","","","상수도전용","0","0","0","0","0","","0","0","N","108","","","",
"1542","집단급식소","07_21_02_P","4181000","4181000-105-2010-00001","2010-02-02","","03","폐업","02","폐업","2021-03-31","","","","033 240 2565","351.00","","강원특별자치도 춘천시 온의동 6-25 롯데마트 춘천점 3층(직원식당)","강원특별자치도 춘천시 방송길 84 (온의동, 롯데마트춘천점)","24364","롯데쇼핑(주)롯데마트춘천점","2021-03-26 17:30:44","I","2023-06-13 00:00:00","산업체","263109.175778889","485355.40305733","산업체","0","0","","","상수도전용","0","0","0","0","0","","0","0","N","0","","","",
"1543","집단급식소","07_21_02_P","4181000","4181000-105-2010-00007","2010-03-26","","03","폐업","02","폐업","2012-12-28","","","","033 248 1129","212.70","","강원특별자치도 춘천시 옥천동 1-1","강원특별자치도 춘천시 한림대학길 1 (옥천동)","24252","한림대학교(파인)","2015-12-07 10:12:31","I","2023-06-13 00:00:00","집단급식소","264602.141926602","487386.633309595","집단급식소","0","0","","","상수도전용","0","0","0","0","0","","0","0","N","0","","","",
"1544","집단급식소","07_21_02_P","4181000","4181000-105-2010-00008","2010-04-01","","03","폐업","02","폐업","2020-05-27","","","","033 255 1005","15.00","","강원특별자치도 춘천시 동면 장학리 83-1","강원특별자치도 춘천시 동면 춘천로 527-40","24210","춘천YMCA어린이집","2020-05-27 16:10:18","I","2023-06-13 00:00:00","어린이집","267058.091757153","488617.486546317","어린이집","0","0","","","상수도전용","0","0","0","0","0","","0","0","N","15","","","",
"1545","집단급식소","07_21_02_P","4181000","4181000-105-2010-00010","2010-05-25","","03","폐업","02","폐업","2019-03-13","","","","033 242 1198","12.96","","강원특별자치도 춘천시 동내면 사암리 735-3","강원특별자치도 춘천시 동내면 대룡산1길 13","24408","임마누엘어린이집","2019-03-13 11:13:26","I","2023-06-13 00:00:00","어린이집","267558.827456484","482210.890422306","어린이집","0","0","","","간이상수도","0","1","0","0","0","","0","0","N","12.96","","","",
"1546","집단급식소","07_21_02_P","4181000","4181000-105-2010-00014","2010-08-20","","03","폐업","02","폐업","2016-05-31","","","","033 253 1690","13.25","","강원특별자치도 춘천시 사농동 281-7","강원특별자치도 춘천시 영서로 3045 (사농동)","24207","리라어린이집","2011-11-16 13:55:52","I","2023-06-13 00:00:00","집단급식소","263292.911549564","491523.468389223","집단급식소","0","0","","","상수도전용","0","0","0","0","0","","0","0","N","13.25","","","",
"1547","집단급식소","07_21_02_P","4181000","4181000-105-2010-00015","2010-08-31","","03","폐업","02","폐업","2022-05-11","","","","033 262 4222","11.07","","강원특별자치도 춘천시 동내면 신촌리 395-5","강원특별자치도 춘천시 동내면 향군길 11","24407","잭과콩나무어린이집","2022-05-11 11:02:25","I","2023-06-13 00:00:00","어린이집","267114.973304914","483108.485975759","어린이집","0","0","","","상수도전용","0","0","0","0","0","","0","0","N","11.07","","","",
"1548","집단급식소","07_21_02_P","4181000","4181000-105-2010-00017","2010-09-28","","03","폐업","02","폐업","2018-04-16","","","","033 255 5521","0.00","","강원특별자치도 춘천시 교동 138-4","강원특별자치도 춘천시 향교앞길 5 (교동)","24261","사랑어린이집","2018-04-16 17:31:23","I","2023-06-13 00:00:00","어린이집","264542.434520676","486697.385095876","어린이집","0","0","","","상수도전용","0","0","0","0","0","","0","0","N","0","","","",
"1549","집단급식소","07_21_02_P","4181000","4181000-105-2010-00018","2010-10-08","","03","폐업","02","폐업","2017-09-18","","","","033 261 5777","13.52","","강원특별자치도 춘천시 석사동 180-2","강원특별자치도 춘천시 안마산로 308 (석사동)","24417","사무엘어린이집","2017-09-18 13:48:58","I","2023-06-13 00:00:00","어린이집","265652.214734401","483027.881930201","어린이집","0","0","","","상수도전용","0","0","0","0","0","","0","0","N","13.52","","","",
"1550","집단급식소","07_21_02_P","4181000","4181000-105-2010-00019","2010-12-28","","03","폐업","02","폐업","2015-10-29","","","","033 264 2214","10.00","","강원특별자치도 춘천시 동내면 학곡리 251-10","강원특별자치도 춘천시 동내면 학곡서3길 45","24408","한빛어린이집","2015-07-15 10:37:00","I","2023-06-13 00:00:00","집단급식소","266675.81319238","481426.159251866","집단급식소","0","0","","","상수도전용","0","0","0","0","0","","0","0","N","10","","","",
"1551","집단급식소","07_21_02_P","4181000","4181000-105-2015-00008","2015-07-02","","03","폐업","02","폐업","2018-02-27","","","","033 251 5579","","","강원특별자치도 춘천시 후평동 796-10","강원특별자치도 춘천시 부안길6번길 16 (후평동)","24282","새싹어린이집","2018-02-27 17:03:26","I","2023-06-13 00:00:00","어린이집","266066.779903","486263.633322144","어린이집","0","0","","","상수도전용","0","0","0","0","0","","0","0","N","0","","","",
"1552","집단급식소","07_21_02_P","4181000","4181000-105-2016-00001","2016-01-28","","03","폐업","02","폐업","2017-01-03","","","","033 263 6003","171.00","","강원특별자치도 춘천시 퇴계동 864","강원특별자치도 춘천시 퇴계공단길 24, 1층 (퇴계동)","24427","사)퇴계농공단지입주기업체협의회","2016-01-28 17:21:51","I","2023-06-13 00:00:00","산업체","264571.08699661","482801.165212965","산업체","0","0","","","상수도전용","0","0","0","0","0","","0","0","N","36","","","",
"1553","집단급식소","07_21_02_P","4181000","4181000-105-2016-00005","2016-06-30","","03","폐업","02","폐업","2019-05-20","","","","033 264 2217","10.42","","강원특별자치도 춘천시 동내면 학곡리 251-10","강원특별자치도 춘천시 동내면 학곡서3길 45","24408","빛세움유치원","2019-05-20 13:32:58","I","2023-06-13 00:00:00","어린이집","266675.81319238","481426.159251866","어린이집","0","0","","","상수도전용","0","0","0","0","0","","0","0","N","10.42","","","",
"1554","집단급식소","07_21_02_P","4181000","4181000-105-2017-00007","2017-03-02","","03","폐업","02","폐업","2022-05-17","","","","","22.92","","강원특별자치도 춘천시 동면 장학리 241-2","강원특별자치도 춘천시 동면 장학길 18-1","24210","라온유치원","2022-05-17 09:08:23","I","2023-06-13 00:00:00","어린이집","266493.994458201","488258.965646738","어린이집","0","0","","","상수도전용","0","0","0","0","0","","0","0","N","22.92","","","",
"1555","집단급식소","07_21_02_P","4181000","4181000-105-2007-00010","2007-06-25","","03","폐업","02","폐업","2014-06-09","","","","033 257 7871","","","강원특별자치도 춘천시 교동 67-13","강원특별자치도 춘천시 서부대성로 113 (교동)","24261","무지개어린이집","2012-02-03 16:37:00","I","2023-06-13 00:00:00","집단급식소","264464.160343668","486577.103421224","집단급식소","0","0","","","상수도전용","0","0","0","0","0","자가","0","0","N","0","","","",
"1556","집단급식소","07_21_02_P","4181000","4181000-105-2022-00002","2022-03-10","","03","폐업","02","폐업","2024-11-27","","","","","266.31","","강원특별자치도 춘천시 중도동 560-4","","","브릭토피아직원식당","2024-11-27 14:18:19","U","2024-11-29 02:40:00","산업체","261279.262502194","487061.201310683","산업체","0","0","","","상수도전용","0","0","0","0","0","","0","0","N","266.31","","","",
"1557","집단급식소","07_21_02_P","4181000","4181000-105-2022-00006","2022-06-14","","03","폐업","02","폐업","2024-05-24","","","","","162.84","","강원특별자치도 춘천시 석사동 980","강원특별자치도 춘천시 후석로 120, 춘천농협농수산물종합유통센터 A동 지하 1층 (석사동)","24326","춘천농협농수산물종합유통센터","2024-05-24 11:04:31","U","2024-05-26 02:40:00","산업체","265760.750878195","484782.142992886","산업체","0","0","","","상수도전용","0","0","0","0","0","","0","0","N","162.84","","","",
"1558","집단급식소","07_21_02_P","4181000","4181000-105-2023-00001","2023-02-15","","03","폐업","02","폐업","2023-03-03","","","","","81.20","","강원특별자치도 춘천시 석사동 171-8","강원특별자치도 춘천시 스무숲길 4-46, 2층 (석사동)","24417","어우리단기보호소","2023-03-03 10:43:38","I","2023-06-13 00:00:00","사회복지시설","265713.451557895","482820.421569114","사회복지시설","0","0","","","","0","0","0","0","0","","0","0","N","31.39","","","",
"1559","집단급식소","07_21_02_P","4181000","4181000-105-2007-00011","2007-07-23","","03","폐업","02","폐업","2009-12-30","","","","003325003560","151.56","","강원특별자치도 춘천시 사농동 277","","","춘천시청소년여행의집","2008-06-23 16:08:50","I","2023-06-13 00:00:00","집단급식소","","","집단급식소","0","0","","","상수도전용","0","4","0","0","0","임대","0","0","N","37.8","","","",
"1560","집단급식소","07_21_02_P","4181000","4181000-105-2007-00013","2007-09-21","","03","폐업","02","폐업","2014-05-22","","","","033 242 9261","11.70","","강원특별자치도 춘천시 동면 지내리 303-4","강원특별자치도 춘천시 동면 가산로 116-9","24211","그림이야기어린이집","2011-11-24 11:08:20","I","2023-06-13 00:00:00","집단급식소","268838.162199878","490476.472118767","집단급식소","0","0","","","상수도전용","0","0","0","0","0","자가","0","0","N","36.9","","","",
"1561","집단급식소","07_21_02_P","4181000","4181000-105-2007-00014","2007-10-12","","03","폐업","02","폐업","2008-07-11","","","","033 263 4922","272.62","","강원특별자치도 춘천시 퇴계동 1029 춘천스포츠쎈터카펠라9층","","","투탑씨티카펠라","2007-10-19 09:52:26","I","2023-06-13 00:00:00","집단급식소","265484.323107091","483357.389326855","집단급식소","0","0","","","상수도전용","0","0","0","0","0","자가","0","0","N","87.48","","","",
"1562","집단급식소","07_21_02_P","4181000","4181000-105-2007-00016","2007-12-27","","03","폐업","02","폐업","2015-10-21","","","","033 243 4964","36.80","","강원특별자치도 춘천시 효자동 126-193","강원특별자치도 춘천시 둥지길 41 (효자동)","24331","아름다운새소망어린이집","2012-04-26 14:22:21","I","2023-06-13 00:00:00","집단급식소","264900.370825972","485823.834854691","집단급식소","0","0","","","상수도전용","0","0","0","0","0","자가","0","0","N","36.8","","","",
"1563","집단급식소","07_21_02_P","4181000","4181000-105-2007-00017","2007-12-28","","03","폐업","02","폐업","2021-01-22","","","","033 254 8865","18.00","","강원특별자치도 춘천시 효자동 40-27 외2필지","강원특별자치도 춘천시 두하길 14, 3동 1층 (효자동, 외2필지)","24295","은혜어린이집","2021-01-22 11:08:03","I","2023-06-13 00:00:00","어린이집","265139.557086","486146.142446094","어린이집","0","0","","","상수도전용","0","0","0","0","0","자가","0","0","N","18","","","",
"1564","집단급식소","07_21_02_P","4181000","4181000-105-2008-00001","2008-03-12","","03","폐업","02","폐업","2014-01-24","","","","033 241 6086","","","강원특별자치도 춘천시 동면 만천리 802-8","강원특별자치도 춘천시 동면 만천로 181","24216","숲속의하얀어린이집","2011-11-24 10:45:17","I","2023-06-13 00:00:00","집단급식소","266413.284572076","487188.607000607","집단급식소","0","0","","","상수도전용","0","0","0","0","0","","0","0","N","0","","","",
"1565","집단급식소","07_21_02_P","4181000","4181000-105-2008-00002","2008-04-25","","03","폐업","02","폐업","2025-02-26","","","","033 255 6744","10.71","","강원특별자치도 춘천시 동면 만천리 895-7","강원특별자치도 춘천시 동면 만천로143번길 46","24216","사회복지법인애솔어린이집","2025-02-26 11:02:13","U","2025-02-28 02:40:00","어린이집","266927.789711825","486642.075460292","어린이집","0","0","","","상수도전용","0","0","0","0","0","","0","0","N","10.71","","","",
"1566","집단급식소","07_21_02_P","4181000","4181000-105-2008-00003","2008-05-02","","03","폐업","02","폐업","2023-03-07","","","","033 251 7447","53.00","","강원특별자치도 춘천시 약사동 73-22","강원특별자치도 춘천시 약사길 18 (약사동)","24358","예슬어린이집","2023-03-07 13:43:21","I","2023-06-13 00:00:00","어린이집","263552.439495515","486015.319969176","어린이집","0","0","","","상수도전용","0","0","0","0","0","임대","0","0","N","53","","","",
"1567","집단급식소","07_21_02_P","4181000","4181000-105-2009-00004","2009-02-19","","03","폐업","02","폐업","2019-10-01","","","","033 263 1239","208.67","","강원특별자치도 춘천시 남면 관천리 293-17","강원특별자치도 춘천시 남면 박암관천길 851-4","24468","헤븐스터디기숙학원학생식당","2019-10-01 11:06:43","I","2023-06-13 00:00:00","산업체","245204.26496081","469071.119316695","산업체","0","0","","","지하수전용","0","0","0","0","0","","0","0","N","68.67","","","",
"1568","집단급식소","07_21_02_P","4181000","4181000-105-2009-00005","2009-02-27","","03","폐업","02","폐업","2018-12-13","","","","033 262 4002","0.00","","강원특별자치도 춘천시 동내면 학곡리 27-3","강원특별자치도 춘천시 동내면 사암길 13-23","24408","춘천몬테쏘리어린이집","2018-12-13 11:06:25","I","2023-06-13 00:00:00","어린이집","267211.722242909","481440.625272985","어린이집","0","0","","","상수도전용","0","0","0","0","0","","0","0","N","0","","","",
"1569","집단급식소","07_21_02_P","4181000","4181000-105-2013-00013","2013-12-03","","03","폐업","02","폐업","2014-03-10","","","","033 251 5579","0.00","","강원특별자치도 춘천시 후평동 796-10","강원특별자치도 춘천시 부안길6번길 16 (후평동)","24282","새싹어린이집","2014-02-03 15:13:52","I","2023-06-13 00:00:00","집단급식소","266066.779903","486263.633322144","집단급식소","0","0","","","","0","0","0","0","0","","0","0","N","0","","","",
"1570","집단급식소","07_21_02_P","4181000","4181000-105-2014-00002","2014-02-18","","03","폐업","02","폐업","2021-12-09","","","","033 248 7077","145.39","","강원특별자치도 춘천시 조양동 136-5","강원특별자치도 춘천시 금강로 68-12, 지하2층 (조양동, 엠백화점별관)","24353","(주)메가마트엠춘천점","2021-12-09 16:01:28","I","2023-06-13 00:00:00","산업체","263966.683887103","486484.317405147","산업체","0","0","","","상수도전용","0","0","0","0","0","","0","0","N","51.55","","","",
"1571","집단급식소","07_21_02_P","4181000","4181000-105-2014-00006","2014-04-24","","03","폐업","02","폐업","2025-07-11","","","","033 245 8024","487.50","","강원특별자치도 춘천시 남산면 창촌리 640","강원특별자치도 춘천시 남산면 해맞이길 41","24465","(주)라온테크","2025-07-11 13:54:47","U","2025-07-13 02:40:00","산업체","255212.572134617","474138.315394491","산업체","0","0","","","상수도전용","0","0","0","0","0","","0","0","N","121","","","",
"1572","집단급식소","07_21_02_P","4181000","4181000-105-2014-00007","2014-05-12","","03","폐업","02","폐업","2017-08-09","","","","033 262 1443","11.62","","강원특별자치도 춘천시 동내면 사암리 572-2","강원특별자치도 춘천시 동내면 대룡산길 132-12","24408","연두어린이집","2017-08-09 14:21:58","I","2023-06-13 00:00:00","어린이집","268135.550227327","481364.571730211","어린이집","0","0","","","지하수전용","0","0","0","0","0","","0","0","N","9.6","","","",
"1573","집단급식소","07_21_02_P","4181000","4181000-105-2014-00009","2014-06-20","","03","폐업","02","폐업","2019-12-19","","","","033 250 3560","166.68","","강원특별자치도 춘천시 사농동 277 2층","강원특별자치도 춘천시 영서로 3035, 2층 (사농동)","24207","춘천시청소년여행의집","2019-12-19 10:33:21","I","2023-06-13 00:00:00","수련원","263271.990950563","491425.709427805","수련원","0","0","","","상수도전용","0","0","0","0","0","","0","0","N","52.92","","","",
"1574","집단급식소","07_21_02_P","4181000","4181000-105-2014-00011","2014-08-28","","03","폐업","02","폐업","2025-02-27","","","","033 262 7000","9.74","","강원특별자치도 춘천시 동내면 거두리 583","강원특별자치도 춘천시 동내면 거두길 92-4","24399","킹스키즈어린이집","2025-02-27 10:28:13","U","2025-03-01 02:40:00","어린이집","267479.391315632","484526.006894619","어린이집","0","0","","","상수도전용","0","0","0","0","0","","0","0","N","9.74","","","",
"1575","집단급식소","07_21_02_P","4181000","4181000-105-2015-00001","2015-01-27","","03","폐업","02","폐업","2020-03-12","","","","033 264 3980","101.00","","강원특별자치도 춘천시 남면 가정리 474","강원특별자치도 춘천시 남면 충효로 1503","24468","춘천문화원","2020-03-12 15:33:43","I","2023-06-13 00:00:00","공공기관","250128.809443442","471598.77288925","공공기관","0","0","","","상수도전용","0","0","0","0","0","","0","0","N","32.8","","","",
"1576","집단급식소","07_21_02_P","4181000","4181000-105-2015-00006","2015-05-18","","03","폐업","02","폐업","2015-06-03","","","","","160.20","","강원특별자치도 춘천시 남산면 방하리 377-1","강원특별자치도 춘천시 남산면 방하로 477","24464","북한강포시즌유스호스텔","2017-08-10 14:28:20","I","2023-06-13 00:00:00","집단급식소","247397.467916957","475081.21123197","집단급식소","0","0","","","지하수전용","0","0","0","0","0","","0","0","N","70.2","","","",
"1577","집단급식소","07_21_02_P","4181000","4181000-105-2006-00008","2006-08-02","","03","폐업","02","폐업","2019-03-19","","","","033242 3461","15.10","","강원특별자치도 춘천시 동면 만천리 800-1","강원특별자치도 춘천시 동면 만천로 165-16, 1층","24216","산하어린이집","2019-03-19 10:42:20","I","2023-06-13 00:00:00","어린이집","266399.512794096","487154.235438463","어린이집","0","0","","","상수도전용","0","0","0","0","0","자가","0","0","N","15.1","","","",
"1578","집단급식소","07_21_02_P","4181000","4181000-105-2006-00009","2006-09-06","","03","폐업","02","폐업","2013-07-08","","","","033263 4490","16.50","","강원특별자치도 춘천시 석사동 108-1","강원특별자치도 춘천시 외솔길19번길 11 (석사동)","24327","꿈나래어린이집","2012-04-16 09:23:42","I","2023-06-13 00:00:00","집단급식소","266038.556273499","484162.572917361","집단급식소","0","0","","","상수도전용","0","0","0","0","0","자가","0","0","N","16.5","","","",
"1579","집단급식소","07_21_02_P","4181000","4181000-105-2006-00010","2006-09-11","","03","폐업","02","폐업","2018-12-12","","","","033 256 9849","","","강원특별자치도 춘천시 후평동 481-4","강원특별자치도 춘천시 후만로 29 (후평동)","24281","예지어린이집","2018-12-12 16:46:03","I","2023-06-13 00:00:00","어린이집","265765.434175111","486004.566018766","어린이집","0","0","","","상수도전용","0","0","0","0","0","자가","0","0","N","0","","","",
"1580","집단급식소","07_21_02_P","4181000","4181000-105-2006-00012","2006-10-11","","03","폐업","02","폐업","2025-04-04","","","","033244 7900","","","강원특별자치도 춘천시 퇴계동 798-1","강원특별자치도 춘천시 백석골길 4 (퇴계동)","24455","동심삐아제어린이집","2025-04-04 14:35:24","U","2025-04-06 02:40:00","어린이집","263448.810804004","484078.029346469","어린이집","0","0","","","상수도전용","0","0","0","0","0","자가","0","0","N","0","","","",
"1581","집단급식소","07_21_02_P","4181000","4181000-105-2006-00014","2006-11-17","","03","폐업","02","폐업","2019-04-19","","","","033 2524828","","","강원특별자치도 춘천시 후평동 74-10","강원특별자치도 춘천시 보안길 54-7 (후평동)","24302","훈민정음어린이집","2019-04-19 17:45:08","I","2023-06-13 00:00:00","어린이집","266058.948772791","486606.952361756","어린이집","0","0","","","상수도전용","0","0","0","0","0","자가","0","0","N","0","","","",
"1582","집단급식소","07_21_02_P","4181000","4181000-105-2006-00015","2006-11-20","","03","폐업","02","폐업","2018-12-12","","","","033 2537778","","","강원특별자치도 춘천시 후평동 877","강원특별자치도 춘천시 세실로208번길 4 (후평동)","24307","한샘어린이집","2018-12-12 16:51:20","I","2023-06-13 00:00:00","어린이집","266595.337856136","486157.336236945","어린이집","0","0","","","상수도전용","0","0","0","0","0","자가","0","0","N","0","","","",
"1583","집단급식소","07_21_02_P","4181000","4181000-105-2007-00005","2007-03-30","","03","폐업","02","폐업","2023-06-14","","","","033 254 1117","10.50","","강원특별자치도 춘천시 후평동 737-5","강원특별자치도 춘천시 만천로199번길 11 (후평동)","24297","섬머힐유치원","2023-06-14 13:44:29","U","2023-06-16 02:40:00","어린이집","266256.678752511","487313.683146703","어린이집","0","0","","","상수도전용","0","0","0","0","0","","0","0","N","10.5","","","",
"1584","집단급식소","07_21_02_P","4181000","4181000-105-2007-00006","2007-04-26","","03","폐업","02","폐업","2022-01-25","","","","033 252 4747","10.32","","강원특별자치도 춘천시 소양로1가 94-13","강원특별자치도 춘천시 소양로 194-2 (소양로1가)","24247","E다운영재스쿨어린이집","2022-01-25 16:52:27","I","2023-06-13 00:00:00","어린이집","263759.779278721","487776.46254955","어린이집","0","0","","","상수도전용","0","0","0","0","0","자가","0","0","N","10.32","","","",
"1585","집단급식소","07_21_02_P","4181000","4181000-105-2012-00004","2012-03-28","","03","폐업","02","폐업","2019-05-18","","","","033 260 7127","307.92","","강원특별자치도 춘천시 동면 장학리 80-1","강원특별자치도 춘천시 동면 춘천로 527-34, 지하1층","24210","춘천한방병원","2019-05-20 16:23:29","I","2023-06-13 00:00:00","병원","267126.590536997","488627.11291077","병원","0","0","","","상수도전용","0","0","0","0","0","","0","0","N","215.76","","","",
"1586","집단급식소","07_21_02_P","4181000","4181000-105-2012-00008","2012-10-12","","03","폐업","02","폐업","2014-09-19","","","","033 911 0911","203.08","","강원특별자치도 춘천시 동산면 군자리 산 73-1","강원특별자치도 춘천시 동산면 새술막길 438","24409","주식회사엔바인","2015-07-14 14:06:16","I","2023-06-13 00:00:00","집단급식소","265805.968329514","475054.419448373","집단급식소","0","0","","","간이상수도","0","0","0","0","0","","0","0","N","42.14","","","",
"1587","집단급식소","07_21_02_P","4181000","4181000-105-2012-00011","2012-12-03","","03","폐업","02","폐업","2015-12-04","","","","033 263 0505","117.57","","강원특별자치도 춘천시 남면 한덕리 436-16","강원특별자치도 춘천시 남면 한덕발산길 49","24469","(주)도래샘리조트","2014-01-09 17:40:33","I","2023-06-13 00:00:00","집단급식소","254043.574011566","464345.850880304","집단급식소","0","0","","","지하수전용","0","0","0","0","0","","0","0","N","15.04","","","",
"1588","집단급식소","07_21_02_P","4181000","4181000-105-2013-00002","2013-02-20","","03","폐업","02","폐업","2015-12-31","","","","033 240 9000","290.40","","강원특별자치도 춘천시 동면 장학리 790-24","강원특별자치도 춘천시 동면 장학길 48","24210","학교법인일송학원한림성심대학교기숙사식당","2016-02-01 13:20:28","I","2023-06-13 00:00:00","집단급식소","266407.832643172","488651.076682385","집단급식소","0","0","","","상수도전용","0","0","0","0","0","","0","0","N","128.24","","","",
"1589","집단급식소","07_21_02_P","4181000","4181000-105-2013-00003","2013-02-21","","03","폐업","02","폐업","2015-03-05","","","","033 263 3300","108.07","","강원특별자치도 춘천시 남산면 광판리 583 광판중학교","강원특별자치도 춘천시 남산면 김유정로 83 (광판중학교)","24466","광판중학교급식소","2014-05-12 14:31:44","I","2023-06-13 00:00:00","집단급식소","261540.198915614","469224.076003072","집단급식소","0","0","","","지하수전용","0","0","0","0","0","","0","0","N","46.84","","","",
"1590","집단급식소","07_21_02_P","4181000","4181000-105-2013-00006","2013-06-03","","03","폐업","02","폐업","2019-08-01","","","","033 815 8015","25.41","","강원특별자치도 춘천시 근화동 616-3","강원특별자치도 춘천시 영서로 2491 (근화동)","24238","한마음어린이집","2019-08-01 16:25:03","I","2023-06-13 00:00:00","어린이집","262438.533067562","486945.374824928","어린이집","0","0","","","상수도전용","0","0","0","0","0","","0","0","N","25.41","","","",
"1591","집단급식소","07_21_02_P","4181000","4181000-105-2013-00010","2013-10-11","","03","폐업","02","폐업","2016-12-28","","","","033 262 5035","11.70","","강원특별자치도 춘천시 동산면 조양리 583-1","강원특별자치도 춘천시 동산면 조양길 108-13","24410","사회복지법인요셉재단 동산어린이집","2014-05-12 15:04:45","I","2023-06-13 00:00:00","집단급식소","270266.430209227","470907.022047576","집단급식소","0","0","","","간이상수도","0","0","0","0","0","","0","0","N","11.7","","","",
"1592","집단급식소","07_21_02_P","4181000","4181000-105-2013-00011","2013-11-20","","03","폐업","02","폐업","2014-04-08","","","","033 262 5541","23.10","","강원특별자치도 춘천시 효자동 650-1","강원특별자치도 춘천시 둥지길 8 (효자동)","24334","예쁜나라어린이집","2014-04-01 10:51:18","I","2023-06-13 00:00:00","집단급식소","264648.991053138","486036.128874615","집단급식소","0","0","","","상수도전용","0","0","0","0","0","","0","0","N","23.1","","","",
"1593","집단급식소","07_21_02_P","4181000","4181000-105-2005-00051","2005-07-13","","03","폐업","02","폐업","2019-12-24","","","","033 2621595","5.32","","강원특별자치도 춘천시 석사동 694-3","강원특별자치도 춘천시 효석로67번길 21 (석사동)","24381","빛나리유치원","2019-12-24 14:54:02","I","2023-06-13 00:00:00","어린이집","264979.129862354","484664.742737839","어린이집","0","0","","","상수도전용","0","0","0","0","0","","0","0","N","5.32","","","",
"1594","집단급식소","07_21_02_P","4181000","4181000-105-2005-00053","2005-07-18","","03","폐업","02","폐업","2008-03-17","","","","033 2531555","8.06","","강원특별자치도 춘천시 후평동 755-7","","","꿈나무유치원","2007-08-03 09:57:12","I","2023-06-13 00:00:00","집단급식소","266272.767747883","487811.03350069","집단급식소","0","0","","","","0","0","0","0","0","","0","0","N","8.06","","","",
"1595","집단급식소","07_21_02_P","4181000","4181000-105-2005-00054","2005-07-18","","03","폐업","02","폐업","2011-05-23","","","","033 2525040","","","강원특별자치도 춘천시 소양로1가 78-45","","","석왕사유치원","2011-04-05 10:15:04","I","2023-06-13 00:00:00","집단급식소","263876.375268428","487810.865602279","집단급식소","0","0","","","상수도전용","0","0","0","0","0","","0","0","N","0","","","",
"1596","집단급식소","07_21_02_P","4181000","4181000-105-2005-00058","2005-07-21","","03","폐업","02","폐업","2019-10-10","","","","033 2548033","25.70","","강원특별자치도 춘천시 사농동 219-176","강원특별자치도 춘천시 화목원길 43 (사농동)","24207","동화나라어린이집","2019-10-10 15:14:20","I","2023-06-13 00:00:00","어린이집","263658.503283725","491612.810368739","어린이집","0","0","","","상수도전용","0","0","0","0","0","","0","0","N","59.36","","","",
"1597","집단급식소","07_21_02_P","4181000","4181000-105-2005-00059","2005-07-21","","03","폐업","02","폐업","2022-05-13","","","","033 2422116","15.25","","강원특별자치도 춘천시 동면 지내리 548","강원특별자치도 춘천시 동면 지내1길 10","24211","하늘어린이집","2022-05-13 16:49:47","I","2023-06-13 00:00:00","어린이집","268421.488111584","490653.589117003","어린이집","0","0","","","상수도전용","0","0","0","0","0","","0","0","N","15.25","","","",
"1598","집단급식소","07_21_02_P","4181000","4181000-105-2005-00063","2005-09-27","","03","폐업","02","폐업","2011-12-20","","","","033 2568466","","","강원특별자치도 춘천시 후평동 899","강원특별자치도 춘천시 후석로228번길 24 (후평동, 석사2지구@복지관)","24311","춘천유치원","2011-12-16 11:10:05","I","2023-06-13 00:00:00","집단급식소","266486.95579791","485717.826747467","집단급식소","0","0","","","상수도전용","0","0","0","0","0","","0","0","N","0","","","",
"1599","집단급식소","07_21_02_P","4181000","4181000-105-2006-00004","2006-05-18","","03","폐업","02","폐업","2009-02-18","","","","033 250 8071","481.14","","강원특별자치도 춘천시 효자동 192-1","","","강원대학교제2기숙사","2007-08-27 17:27:29","I","2023-06-13 00:00:00","집단급식소","265481.557982219","485420.871953344","집단급식소","0","0","","","상수도전용","0","0","0","0","0","자가","0","0","N","75","","","",
"1600","집단급식소","07_21_02_P","4181000","4181000-105-2020-00001","2020-01-02","","03","폐업","02","폐업","2020-06-03","","","","","","","강원특별자치도 춘천시 남면 후동리 618 외 9필지(클럽하우스동 지하1층)","","","(주)지엘파가니카구내식당","2020-06-03 13:43:50","I","2023-06-13 00:00:00","산업체","254044.829697932","472303.861769755","산업체","0","0","","","","0","0","0","0","0","","0","0","N","0","","","",
"1601","집단급식소","07_21_02_P","4181000","4181000-105-2020-00002","2020-01-15","","03","폐업","02","폐업","2021-03-11","","","","","208.67","","강원특별자치도 춘천시 남면 관천리 293-17","강원특별자치도 춘천시 남면 박암관천길 851-4, 2층","24468","헤븐스터디기숙학원구내식당","2021-03-11 13:16:19","I","2023-06-13 00:00:00","산업체","245204.26496081","469071.119316695","산업체","0","0","","","지하수전용","0","0","0","0","0","","0","0","N","68.67","","","",
"1602","집단급식소","07_21_02_P","4181000","4181000-105-2020-00004","2020-02-07","","03","폐업","02","폐업","2025-04-10","","","","033 252 6091","475.68","","강원특별자치도 춘천시 운교동 174-1","강원특별자치도 춘천시 운천길 28-29 (운교동)","24335","춘천희망복지센터","2025-04-10 11:41:05","U","2025-04-12 02:40:00","사회복지시설","264361.310282032","486098.459689912","사회복지시설","0","0","","","상수도전용","0","0","0","0","0","","0","0","N","18.5","","","",
"1603","집단급식소","07_21_02_P","4181000","4181000-105-2005-00030","2005-04-26","","03","폐업","02","폐업","2014-04-08","","","","033 2623215","5.94","","강원특별자치도 춘천시 석사동 727-5 (진흥A내)","강원특별자치도 춘천시 우석로101번길 27 (석사동, (진흥A내))","24320","진흥어린이집","2013-07-22 14:36:54","I","2023-06-13 00:00:00","집단급식소","266248.753976684","485330.859552345","집단급식소","0","0","","","상수도전용","0","0","0","0","0","","0","0","N","5.94","","","",
"1604","집단급식소","07_21_02_P","4181000","4181000-105-2005-00032","2005-04-26","","03","폐업","02","폐업","2022-11-18","","","","033 2636461","11.27","","강원특별자치도 춘천시 신동면 팔미리 107-2","강원특별자치도 춘천시 신동면 모오리길 54-12","24411","고운어린이집","2022-11-18 13:06:13","I","2023-06-13 00:00:00","어린이집","262003.373771395","480392.977562594","어린이집","0","0","","","상수도전용","0","0","0","0","0","","0","0","N","87.38","","","",
"1605","집단급식소","07_21_02_P","4181000","4181000-105-2020-00010","2020-09-25","","03","폐업","02","폐업","2022-06-09","","","","033 252 1130","30.00","","강원특별자치도 춘천시 동면 지내리 303-4","강원특별자치도 춘천시 동면 가산로 116-9, 1층","24211","천사실버홈","2022-06-09 17:40:41","I","2023-06-13 00:00:00","사회복지시설","268838.162199878","490476.472118767","사회복지시설","0","0","","","상수도전용","0","0","0","0","0","","0","0","N","30","","","",
"1606","집단급식소","07_21_02_P","4181000","4181000-105-2020-00013","2020-11-20","","03","폐업","02","폐업","2024-05-24","","","","033  9131442","103.50","","강원특별자치도 춘천시 남산면 광판리 산 250","강원특별자치도 춘천시 남산면 충효로 437, 춘천애견체험박물관 지하1층","24466","강아지숲직원식당","2024-05-24 17:20:12","U","2024-05-26 02:40:00","산업체","258353.481618461","470338.167236553","산업체","0","0","","","상수도전용","0","0","0","0","0","","0","0","N","8.37","","","",
"1607","집단급식소","07_21_02_P","4181000","4181000-105-2005-00034","2005-04-26","","03","폐업","02","폐업","2022-03-24","","","","033 2555776","5.81","","강원특별자치도 춘천시 후평동 22-2","강원특별자치도 춘천시 부평길 11-8 (후평동)","24285","C.C.C어린이집","2022-03-24 16:32:18","I","2023-06-13 00:00:00","어린이집","265995.715214356","485982.12766298","어린이집","0","0","","","상수도전용","0","0","0","0","0","","0","0","N","5.81","","","",
"1608","집단급식소","07_21_02_P","4181000","4181000-105-2005-00036","2005-04-26","","03","폐업","02","폐업","2009-02-16","","","","033 2415006","6.97","","강원특별자치도 춘천시 후평동 43-6 (3동)","","","명보유치원","2007-08-03 09:43:49","I","2023-06-13 00:00:00","집단급식소","266110.870934804","486506.200928942","집단급식소","0","0","","","상수도전용","0","0","0","0","0","","0","0","N","6.97","","","",
"1609","집단급식소","07_21_02_P","4181000","4181000-105-2005-00045","2005-05-12","","03","폐업","02","폐업","2009-12-08","","","","033 2613452","13.30","","강원특별자치도 춘천시 석사동 732-2","","","햇살어린이집","2007-08-03 09:52:23","I","2023-06-13 00:00:00","집단급식소","266243.32","485095.71","집단급식소","0","0","","","상수도전용","0","0","0","0","0","","0","0","N","13.3","","","",
"1610","집단급식소","07_21_02_P","4181000","4181000-105-2005-00050","2005-07-08","","03","폐업","02","폐업","2006-04-05","","","","033 2556767","18.36","","강원특별자치도 춘천시 후평동 67-23","","","산돌유치원","2005-09-27 00:00:00","I","2023-06-13 00:00:00","집단급식소","","","집단급식소","0","0","","","","0","0","0","0","0","","0","0","N","18.36","","","",
"1611","집단급식소","07_21_02_P","4181000","4181000-105-2011-00002","2011-03-10","","03","폐업","02","폐업","2022-08-25","","","","033 251 6516","957.00","","강원특별자치도 춘천시 옥천동 1-1","강원특별자치도 춘천시 한림대학길 1 (옥천동, 한림대학교기숙사)","24252","한림대학교기숙사","2022-08-25 17:07:20","I","2023-06-13 00:00:00","기숙사","264602.141926602","487386.633309595","기숙사","0","0","","","상수도전용","0","0","0","0","0","","0","0","N","957","","","",
"1612","집단급식소","07_21_02_P","4181000","4181000-105-2011-00005","2011-04-01","","03","폐업","02","폐업","2021-08-25","","","","033 257 7002","13.68","","강원특별자치도 춘천시 동면 장학리 67-1","강원특별자치도 춘천시 동면 노루목길 8-5","24210","하이클래스어린이집","2021-08-25 17:06:16","I","2023-06-13 00:00:00","어린이집","267558.257097469","488792.996823222","어린이집","0","0","","","상수도전용","0","0","0","0","0","임대","0","0","N","13.68","","","",
"1613","집단급식소","07_21_02_P","4181000","4181000-105-2011-00006","2011-05-03","","03","폐업","02","폐업","2014-08-22","","","","033 241 7660","96.00","","강원특별자치도 춘천시 동면 월곡리 159","강원특별자치도 춘천시 동면 금옥1길 45","24211","무지개동산","2013-03-19 14:49:58","I","2023-06-13 00:00:00","집단급식소","270797.356944917","490764.898459901","집단급식소","0","0","","","상수도전용","0","0","0","0","0","","0","0","N","0","","","",
"1614","집단급식소","07_21_02_P","4181000","4181000-105-2011-00009","2011-07-14","","03","폐업","02","폐업","2015-04-09","","","","033 253 7672","0.00","","강원특별자치도 춘천시 후평동 244-36 2층","강원특별자치도 춘천시 후석로440번길 29, 2층 (후평동)","24232","서울전자통신(주)춘천공장","2012-04-16 10:02:26","I","2023-06-13 00:00:00","집단급식소","265592.095113097","487684.097800947","집단급식소","0","0","","","상수도전용","0","0","0","0","0","","0","0","N","0","","","",
"1615","집단급식소","07_21_02_P","4181000","4181000-105-2011-00010","2011-07-15","","03","폐업","02","폐업","2018-12-12","","","","033 254 2548","16.32","","강원특별자치도 춘천시 동면 만천리 893","강원특별자치도 춘천시 동면 만천로143번길 24","24216","에덴몬테소리어린이집","2018-12-12 16:47:06","I","2023-06-13 00:00:00","어린이집","266781.49872051","486733.416065893","어린이집","0","0","","","상수도전용","0","0","0","0","0","","0","0","N","0","","","",
"1616","집단급식소","07_21_02_P","4181000","4181000-105-2011-00015","2011-09-23","","03","폐업","02","폐업","2020-01-02","","","","033 261 6556","155.25","","강원특별자치도 춘천시 남면 후동리 산 105 외 155(클럽하우스 내 지하1층)","강원특별자치도 춘천시 남면 소주고개로 지하 145-10 (클럽하우스 내 지하1층)","","푸르지오서비스주식회사(지점)","2020-01-02 14:29:59","I","2023-06-13 00:00:00","산업체","","","산업체","0","0","","","상수도전용","0","0","0","0","0","","0","0","N","51.75","","","",
"1617","집단급식소","07_21_02_P","4181000","4181000-105-2003-00002","2003-01-09","","03","폐업","02","폐업","2013-01-11","","","","033 2404695","53.76","","강원특별자치도 춘천시 효자동 356","강원특별자치도 춘천시 공지로 284 (효자동)","24342","춘천지방검찰청집단급식소","2011-11-24 13:56:33","I","2023-06-13 00:00:00","집단급식소","264546.248035064","485173.75456252","집단급식소","0","0","","","상수도전용","0","0","0","0","0","","0","0","N","180.68","","","",
"1618","집단급식소","07_21_02_P","4181000","4181000-105-2003-00003","2003-04-04","","03","폐업","02","폐업","2009-07-02","","","","033 2487000","145.48","","강원특별자치도 춘천시 조양동 136-5 (지하2층)","","","(주)메가마트","2009-02-20 14:39:41","I","2023-06-13 00:00:00","집단급식소","263966.683887103","486484.317405147","집단급식소","0","0","","","상수도전용","0","0","0","0","0","","0","0","N","92.68","","","",
"1619","집단급식소","07_21_02_P","4181000","4181000-105-2003-00004","2003-05-20","","03","폐업","02","폐업","2010-02-24","","","","033 2525799","120.00","","강원특별자치도 춘천시 동면 장학리 36","","","강원고등학교집단급식소","2009-03-06 09:18:25","I","2023-06-13 00:00:00","집단급식소","","","집단급식소","0","0","","","상수도전용","0","0","0","0","0","","0","0","N","456","","","",
"1620","집단급식소","07_21_02_P","4181000","4181000-105-2003-00005","2003-05-20","","03","폐업","02","폐업","2010-02-24","","","","033 2535799","81.00","","강원특별자치도 춘천시 동면 만천리 36","","","강원중학교집단급식소","2009-03-06 08:41:03","I","2023-06-13 00:00:00","집단급식소","269633.908606946","485333.700398447","집단급식소","0","0","","","상수도전용","0","0","0","0","0","","0","0","N","369","","","",
"1621","집단급식소","07_21_02_P","4181000","4181000-105-2003-00006","2003-05-30","","03","폐업","02","폐업","2011-06-21","","","","033 248 5110","15.00","","강원특별자치도 춘천시 동면 장학리 635","","","(주)강원민방","2011-04-11 10:52:59","I","2023-06-13 00:00:00","집단급식소","265770.452755788","490114.95221028","집단급식소","0","0","","","지하수전용","0","0","0","0","0","","0","0","N","85.5","","","",
"1622","집단급식소","07_21_02_P","4181000","4181000-105-2003-00007","2003-11-04","","03","폐업","02","폐업","2013-07-10","","","","","290.80","","강원특별자치도 춘천시 효자동 192-1 강원대학교 태백관","강원특별자치도 춘천시 강원대학길 1 (효자동, 강원대학교태백관)","24341","강원대학교생활협동조합태백관식당","2012-11-16 15:16:15","I","2023-06-13 00:00:00","집단급식소","265481.557982219","485420.871953344","집단급식소","0","0","","","상수도전용","0","0","0","0","0","","0","0","N","1048.1","","","",
"1623","집단급식소","07_21_02_P","4181000","4181000-105-1995-00022","1995-06-05","","03","폐업","02","폐업","2020-08-24","","","","033 255 0471","","","강원특별자치도 춘천시 동면 장학리 790","강원특별자치도 춘천시 동면 장학길 48","24210","한림성심대학교","2020-08-24 13:48:19","I","2023-06-13 00:00:00","학교","266407.832643172","488651.076682385","학교","0","0","","","상수도전용","0","0","0","0","0","","0","0","N","0","","","",
"1624","집단급식소","07_21_02_P","4181000","4181000-105-1996-00001","1996-01-05","","03","폐업","02","폐업","2002-11-19","","","","033 2567270","","","강원특별자치도 춘천시 효자동 192-1","","","강원대학교 위탁식당","2002-06-21 00:00:00","I","2023-06-13 00:00:00","집단급식소","265481.557982219","485420.871953344","집단급식소","0","0","","","","0","0","0","0","0","","0","0","N","0","","","",
"1625","집단급식소","07_21_02_P","4181000","4181000-105-1996-00003","1996-10-04","","03","폐업","02","폐업","2003-04-03","","","","033 2402222","0.00","","강원특별자치도 춘천시 조양동 34","","","춘천미도파","2002-06-21 00:00:00","I","2023-06-13 00:00:00","집단급식소","264033.833068137","486464.959442249","집단급식소","0","0","","","","0","0","0","0","0","","0","0","N","160","","","",
"1626","집단급식소","07_21_02_P","4181000","4181000-105-1996-00004","1996-03-06","","03","폐업","02","폐업","2012-04-19","","","","033 2618066","","","강원특별자치도 춘천시 서면 당림리 414-1","강원특별자치도 춘천시 서면 당숲안길 81","24463","당림초등학교","2012-02-10 10:04:25","I","2023-06-13 00:00:00","집단급식소","253453.561007586","481847.141026718","집단급식소","0","0","","","","0","0","0","0","0","","0","0","N","0","","","",
"1627","집단급식소","07_21_02_P","4181000","4181000-105-1996-00008","1996-09-06","","03","폐업","02","폐업","2006-11-24","","","","033 2545760","","","강원특별자치도 춘천시 효자동 114-1","","","춘천삼육초등학교","2002-06-24 00:00:00","I","2023-06-13 00:00:00","집단급식소","265103.700872932","486275.866933428","집단급식소","0","0","","","","0","0","0","0","0","","0","0","N","0","","","",
"1628","집단급식소","07_21_02_P","4181000","4181000-105-1997-00002","1997-04-12","","03","폐업","02","폐업","2014-11-05","","","","033 2408000","","","강원특별자치도 춘천시 삼천동 792","강원특별자치도 춘천시 스포츠타운길 317 (삼천동)","24239","두산큐벡스(주)라데나콘도","2011-11-16 13:37:43","I","2023-06-13 00:00:00","집단급식소","260973.682494517","485795.52502275","집단급식소","0","0","","","상수도(음용)지하수(주방용)겸용","0","0","0","0","0","","0","0","N","0","","","",
"1629","집단급식소","07_21_02_P","4181000","4181000-105-1997-00003","1997-08-21","","03","폐업","02","폐업","2005-01-13","","","","033 2503560","34.17","","강원특별자치도 춘천시 사농동 277","","","춘천시 청소년 여행의집 관리사무소","2005-01-13 00:00:00","I","2023-06-13 00:00:00","집단급식소","263271.990950563","491425.709427805","집단급식소","0","0","","","","0","0","0","0","0","","0","0","N","142.09","","","",
"1630","집단급식소","07_21_02_P","4181000","4181000-105-1997-00005","1997-09-12","","03","폐업","02","폐업","2023-01-06","","","","","0.00","","강원특별자치도 춘천시 온의동 513-3","강원특별자치도 춘천시 경춘로 2364 (온의동)","24436","강남병원","2023-01-06 09:21:43","I","2023-06-13 00:00:00","병원","263363.74960516","484877.145433762","병원","0","0","","","상수도전용","0","0","0","0","0","","0","0","N","130.09","","","",
"1631","집단급식소","07_21_02_P","4181000","4181000-105-2000-00001","2000-04-04","","03","폐업","02","폐업","2023-03-29","","","","033 2631151","0.00","","강원특별자치도 춘천시 남산면 방하리 365-1","강원특별자치도 춘천시 남산면 방하로 444","24464","기화유스호스텔","2023-03-29 14:11:31","I","2023-06-13 00:00:00","수련원","247634.235127777","474808.625009045","수련원","0","0","","","전용상수도(특정시설의 자가용 수도)","0","0","0","0","0","","0","0","N","90","","","",
"1632","집단급식소","07_21_02_P","4181000","4181000-105-2000-00002","2000-01-25","","03","폐업","02","폐업","2004-04-16","","","","033 2501100","","","강원특별자치도 춘천시 후평동 622-13","","","한국라텍스공업(주)","2003-10-06 00:00:00","I","2023-06-13 00:00:00","집단급식소","","","집단급식소","0","0","","","","0","0","0","0","0","","0","0","N","0","","","",
"1633","집단급식소","07_21_02_P","4181000","4181000-105-2000-00003","2000-08-02","","03","폐업","02","폐업","2021-03-31","","","","033 260 7890","63.94","","강원특별자치도 춘천시 석사동 27","강원특별자치도 춘천시 세실로 108 (석사동, 롯데마트석사점)","24315","롯데쇼핑(주)롯데마트석사점","2021-03-26 15:36:13","I","2023-06-13 00:00:00","산업체","266737.880921009","485159.020559127","산업체","0","0","","","상수도전용","0","0","0","0","0","","0","0","N","187.37","","","",
"1634","집단급식소","07_21_02_P","4181000","4181000-105-2005-00002","2005-03-21","","03","폐업","02","폐업","2005-03-23","","","","033 2419872","","","강원특별자치도 춘천시 중앙로3가 74-5","","","새봄유치원","2005-03-21 00:00:00","I","2023-06-13 00:00:00","집단급식소","","","집단급식소","0","0","","","","0","0","0","0","0","","0","0","N","0","","","",
"1635","집단급식소","07_21_02_P","4181000","4181000-105-2005-00005","2005-04-11","","03","폐업","02","폐업","2019-04-24","","","","033 2637573","11.70","","강원특별자치도 춘천시 남산면 광판리 824","강원특별자치도 춘천시 남산면 광판양지길 43","24466","양지어린이집","2019-04-24 15:37:14","I","2023-06-13 00:00:00","어린이집","261354.94207065","470318.577777563","어린이집","0","0","","","상수도전용","0","0","0","0","0","","0","0","N","11.7","","","",
"1636","집단급식소","07_21_02_P","4181000","4181000-105-2005-00006","2005-04-12","","03","폐업","02","폐업","2024-07-23","","","","033 2423751","16.20","","강원특별자치도 춘천시 신동 413","강원특별자치도 춘천시 신동로 130 (신동)","24207","금란어린이집","2024-07-23 15:12:49","U","2024-07-25 02:40:00","어린이집","264505.332807999","492297.856529554","어린이집","0","0","","","상수도전용","0","0","0","0","0","","0","0","N","16.2","","","",
"1637","집단급식소","07_21_02_P","4181000","4181000-105-2005-00008","2005-04-18","","03","폐업","02","폐업","2023-08-08","","","","033 2615230","14.24","","강원특별자치도 춘천시 동내면 사암리 1202 2리","강원특별자치도 춘천시 동내면 대룡산길 44-19","24408","성암어린이집","2023-08-08 13:36:49","U","2023-08-10 02:40:00","어린이집","267311.181803724","481999.010457889","어린이집","0","0","","","상수도전용","0","0","0","0","0","","0","0","N","14.24","","","",
"1638","집단급식소","07_21_02_P","4181000","4181000-105-1975-00001","1975-04-01","","03","폐업","02","폐업","2009-05-15","","","","033 2624324","","","강원특별자치도 춘천시 석사동 339","","","춘천교육대학 기숙사","2007-08-02 15:53:13","I","2023-06-13 00:00:00","집단급식소","265831.097866827","484368.23347021","집단급식소","0","0","","","","0","0","0","0","0","","0","0","N","0","","","",
"1639","집단급식소","07_21_02_P","4181000","4181000-105-1982-00001","1982-07-01","","03","폐업","02","폐업","2006-07-14","","","","033 2546843","","","강원특별자치도 춘천시 효자동 17-1","","","강원대학교병원","2002-06-21 00:00:00","I","2023-06-13 00:00:00","집단급식소","265438.256393839","486072.554860519","집단급식소","0","0","","","","0","0","0","0","0","","0","0","N","0","","","",
"1640","집단급식소","07_21_02_P","4181000","4181000-105-1983-00002","1983-04-25","","03","폐업","02","폐업","2021-06-17","","","","033 2508062","","","강원특별자치도 춘천시 효자동 192-1","강원특별자치도 춘천시 강원대학길 1 (효자동)","24341","강원대학교 학생생활관 1식당","2021-06-09 17:19:44","I","2023-06-13 00:00:00","기숙사","265481.557982219","485420.871953344","기숙사","0","0","","","상수도전용","0","0","0","0","0","","0","0","N","0","","","",
"1641","집단급식소","07_21_02_P","4181000","4181000-105-1988-00004","1988-09-19","","03","폐업","02","폐업","2008-10-29","","","","033 2559051","","","강원특별자치도 춘천시 후평동 244-36","","","서울전자통신(주)","2007-11-14 10:25:13","I","2023-06-13 00:00:00","집단급식소","265592.095113097","487684.097800947","집단급식소","0","0","","","","0","0","0","0","0","","0","0","N","0","","","",
"1642","집단급식소","07_21_02_P","4181000","4181000-105-1988-00007","1988-09-19","","03","폐업","02","폐업","2005-04-08","","","","033 2407600","","","강원특별자치도 춘천시 후평동 290-1","","","춘천기능대학","2002-06-21 00:00:00","I","2023-06-13 00:00:00","집단급식소","","","집단급식소","0","0","","","","0","0","0","0","0","","0","0","N","0","","","",
"1643","집단급식소","07_21_02_P","4181000","4181000-105-1990-00003","1990-08-14","","03","폐업","02","폐업","2006-04-11","","","","033 2610824","","","강원특별자치도 춘천시 남면 발산리 82","","","발산초등학교","2002-06-24 00:00:00","I","2023-06-13 00:00:00","집단급식소","","","집단급식소","0","0","","","","0","0","0","0","0","","0","0","N","0","","","",
"1644","집단급식소","07_21_02_P","4181000","4181000-105-1991-00002","1991-06-01","","03","폐업","02","폐업","2019-03-06","","","","033 2696638","","","강원특별자치도 춘천시 남면 가정리 833-1","강원특별자치도 춘천시 남면 충효로 1394","24468","강원학생교육원","2019-03-26 16:24:16","I","2023-06-13 00:00:00","수련원","250832.612082507","470496.989286987","수련원","0","0","","","상수도전용","0","0","0","0","0","","0","0","N","0","","","",
"1645","집단급식소","07_21_02_P","4181000","4181000-105-1995-00001","1995-05-08","","03","폐업","02","폐업","2016-07-31","","","","033 2630500","36.96","","강원특별자치도 춘천시 석사동 171-8","강원특별자치도 춘천시 스무숲길 4-46 (석사동)","24417","춘천중앙병원","2011-11-24 10:58:17","I","2023-06-13 00:00:00","집단급식소","265713.451557895","482820.421569114","집단급식소","0","0","","","상수도전용","0","0","0","0","0","","0","0","N","77.88","","","",
"1646","집단급식소","07_21_02_P","4181000","4181000-105-1995-00004","1995-07-20","","03","폐업","02","폐업","2008-06-19","","","","033 2619201","0.00","","강원특별자치도 춘천시 동내면 신촌리 372","","","춘천소년원급식소","2008-01-15 11:14:43","I","2023-06-13 00:00:00","집단급식소","","","집단급식소","0","0","","","","0","0","0","0","0","","0","0","N","312","","","",
"1647","집단급식소","07_21_02_P","4181000","4181000-105-2023-00009","2023-11-21","","03","폐업","02","폐업","2025-03-07","","","","033 243 5055","247.00","","강원특별자치도 춘천시 동면 만천리 135-1","강원특별자치도 춘천시 동면 금베이길 75-3","24212","푸른솔어린이집","2025-03-07 11:57:24","U","2025-03-09 02:40:00","어린이집","269082.383946801","486292.851043412","어린이집","0","0","","","상수도전용","0","0","0","0","0","","0","0","N","61.75","","","",
"1648","집단급식소","07_21_02_P","4191000","4191000-105-2023-00010","2023-08-21","","03","폐업","02","폐업","2023-10-06","","","","","81.90","","강원특별자치도 원주시 태장동 1403","강원특별자치도 원주시 북원로 2638, 2층 (태장동)","26320","에스디유통주식회사","2023-10-06 15:50:28","U","2023-10-08 02:40:00","산업체","283769.869326008","431204.025891904","산업체","0","0","","","상수도전용","0","0","0","0","0","","0","0","N","30.1","","","",
"1649","집단급식소","07_21_02_P","4191000","4191000-105-2018-00009","2018-05-01","","03","폐업","02","폐업","2021-01-19","","","","033 7608241","100.82","","강원특별자치도 원주시 흥업면 흥업리 7 강릉원주대학교원주캠퍼스","강원특별자치도 원주시 흥업면 남원로 150, 강릉원주대학교원주캠퍼스 21동 2층","26403","강릉원주대학교부설유치원","2021-01-19 17:08:34","I","2023-06-13 00:00:00","어린이집","281822.359734262","422948.015239602","어린이집","0","0","","","상수도전용","0","0","0","0","0","","0","0","N","54.81","","","",
"1650","집단급식소","07_21_02_P","4191000","4191000-105-2018-00011","2018-06-22","","03","폐업","02","폐업","2021-11-01","","","","033 744 7955","15.30","","강원특별자치도 원주시 반곡동 1894-2 보육시설 1층","강원특별자치도 원주시 혁신로 91-3, 보육시설 보육동 1층 (반곡동)","26464","토이어린이집","2021-11-01 16:47:11","I","2023-06-13 00:00:00","어린이집","287206.371420202","425012.128193181","어린이집","0","0","","","상수도전용","0","0","0","0","0","","0","0","N","12.42","","","",
"1651","집단급식소","07_21_02_P","4191000","4191000-105-2018-00014","2018-08-10","","03","폐업","02","폐업","2022-12-08","","","","033743 6543","38.13","","강원특별자치도 원주시 문막읍 동화리 1675-2","강원특별자치도 원주시 문막읍 동화공단로 77, 1층","26365","동화속어린이집","2022-12-08 12:00:52","I","2023-06-13 00:00:00","어린이집","274618.614938514","426090.573964775","어린이집","0","0","","","상수도전용","0","6","0","0","0","","0","0","N","24.98","","","",
"1652","집단급식소","07_21_02_P","4191000","4191000-105-2007-00010","2007-05-14","","03","폐업","02","폐업","2008-06-04","","","","033 7431131","19.37","","강원특별자치도 원주시 단계동 938","","","삼일어린이집","2007-06-08 00:00:00","I","2023-06-13 00:00:00","집단급식소","282725.595075769","426596.628352692","집단급식소","0","0","","","","0","0","0","0","0","자가","0","0","N","23.02","","","",
"1653","집단급식소","07_21_02_P","4191000","4191000-105-2007-00011","2007-05-22","","03","폐업","02","폐업","2021-01-26","","","","033 732 1456","11.76","","강원특별자치도 원주시 태장동 128-1 유치원동","강원특별자치도 원주시 치악로 2031-1 (태장동)","26325","지혜어린이집","2021-01-26 15:44:10","I","2023-06-13 00:00:00","어린이집","285016.968171511","429241.315585825","어린이집","0","0","","","상수도전용","0","0","0","0","0","자가","0","0","N","16.38","","","",
"1654","집단급식소","07_21_02_P","4191000","4191000-105-2007-00013","2007-06-20","","03","폐업","02","폐업","2022-03-30","","","","033 762 1612","116.71","","강원특별자치도 원주시 신림면 신림리 572","강원특별자치도 원주시 신림면 마지동길 91","26506","신림중학교","2022-03-30 16:29:36","I","2023-06-13 00:00:00","학교","296453.619819774","414758.03039256","학교","0","0","","","상수도전용","0","0","0","0","0","자가","0","0","N","31.89","","","",
"1655","집단급식소","07_21_02_P","4191000","4191000-105-2007-00014","2007-07-23","","03","폐업","02","폐업","2018-10-22","","","","033 747 5819","9.08","","강원특별자치도 원주시 학성동 1074-6","강원특별자치도 원주시 학성길 4 (학성동)","26412","천사어린이집","2018-10-22 09:17:33","I","2023-06-13 00:00:00","어린이집","282916.971404904","428645.042620025","어린이집","0","0","","","상수도전용","0","0","0","0","0","","0","0","N","13.7","","","",
"1656","집단급식소","07_21_02_P","4191000","4191000-105-2007-00017","2007-11-01","","03","폐업","02","폐업","2014-08-11","","","","033 731 1132","187.27","","강원특별자치도 원주시 지정면 판대리 643-1","강원특별자치도 원주시 지정면 지정로 1393","26357","(주)브이아이피(V.I.P)레저개발","2014-08-11 16:15:33","I","2023-06-13 00:00:00","집단급식소","269366.723810148","432197.116529113","집단급식소","0","0","","","간이상수도","0","0","0","0","0","","0","0","N","27.04","","","",
"1657","집단급식소","07_21_02_P","4191000","4191000-105-2007-00019","2007-11-23","","03","폐업","02","폐업","2013-04-25","","","","033 744 5778","11.66","","강원특별자치도 원주시 학성동 223-7 3층","강원특별자치도 원주시 원일로 175 (학성동,3층)","26417","강남어린이집","2010-04-14 14:07:42","I","2023-06-13 00:00:00","집단급식소","283714.256131791","428351.638869582","집단급식소","0","0","","","상수도전용","0","0","0","0","0","","0","0","N","11.66","","","",
"1658","집단급식소","07_21_02_P","4191000","4191000-105-2007-00022","2007-07-27","","03","폐업","02","폐업","2025-07-02","","","","031 828 0600","144.70","","강원특별자치도 원주시 반곡동 1860-6 지상6층","강원특별자치도 원주시 배울로 85, 지상6층 (반곡동)","26460","대한석탄공사","2025-07-02 15:47:00","U","2025-07-04 02:40:00","공공기관","286567.092695035","425204.939029026","공공기관","0","0","","","상수도전용","0","0","0","0","0","자가","0","0","N","27.4","","","",
"1659","집단급식소","07_21_02_P","4191000","4191000-105-2008-00004","2008-03-27","","03","폐업","02","폐업","2009-12-01","","","","033 733 0015","54.26","","강원특별자치도 원주시 일산동 121-2 (4층)","","","사랑병원","2009-03-24 13:22:03","I","2023-06-13 00:00:00","집단급식소","283851.322636103","427717.612280305","집단급식소","0","0","","","","0","0","0","0","0","","0","0","N","22.5","","","",
"1660","집단급식소","07_21_02_P","4191000","4191000-105-2021-00012","2021-03-24","","03","폐업","02","폐업","2021-11-24","","","","","110.07","","강원특별자치도 원주시 학성동 991-2","강원특별자치도 원주시 원일로 233 (학성동)","26413","원주축산업협동조합","2021-11-24 13:58:42","I","2023-06-13 00:00:00","기타 집단급식소","283473.536558182","428693.830689917","기타 집단급식소","0","0","","","상수도전용","0","0","0","0","0","","0","0","N","5.25","","","",
"1661","집단급식소","07_21_02_P","4191000","4191000-105-2010-00023","2010-12-27","","03","폐업","02","폐업","2013-08-26","","","","033 747 4466","45.00","","강원특별자치도 원주시 문막읍 동화리 1656-1 다동1층","강원특별자치도 원주시 문막읍 동화공단로 147","26365","대양의료기","2012-07-02 15:11:14","I","2023-06-13 00:00:00","집단급식소","273929.145572637","426082.670293043","집단급식소","0","0","","","상수도전용","0","0","0","0","0","","0","0","N","15","","","",
"1662","집단급식소","07_21_02_P","4191000","4191000-105-2002-00015","2002-07-10","","03","폐업","02","폐업","2011-12-09","","","","033 7329954","35.55","","강원특별자치도 원주시 지정면 간현리 1108-11","","","간현청소년수련원","2011-10-20 17:04:39","I","2023-06-13 00:00:00","집단급식소","272845.513204923","429828.547117361","집단급식소","0","0","","","간이상수도","0","0","0","0","0","","0","0","N","180.31","","","",
"1663","집단급식소","07_21_02_P","4191000","4191000-105-2002-00016","2002-07-11","","03","폐업","02","폐업","2008-03-07","","","","","35.40","","강원특별자치도 원주시 호저면 옥산리 589-2,589-3,589-5","","","영서대성학원","2005-08-03 00:00:00","I","2023-06-13 00:00:00","집단급식소","","","집단급식소","0","0","","","지하수전용","0","0","0","0","0","","0","0","N","210.84","","","",
"1664","집단급식소","07_21_02_P","4191000","4191000-105-2002-00017","2002-10-28","","03","폐업","02","폐업","2023-02-15","","","","","211.25","","강원특별자치도 원주시 우산동 660 외 6필지","강원특별자치도 원주시 상지대길 83 (우산동)","26339","상지대학교민주관","2023-02-15 09:43:00","I","2023-06-13 00:00:00","학교","282151.822954944","430257.366976729","학교","0","0","","","상수도전용","0","0","0","0","0","","0","0","N","783.25","","","",
"1665","집단급식소","07_21_02_P","4191000","4191000-105-2003-00001","2003-01-09","","03","폐업","02","폐업","2015-12-22","","","","033 7491911","196.95","","강원특별자치도 원주시 문막읍 반계리 2236 에스케이엠문막공장 1동","강원특별자치도 원주시 문막읍 문막공단길 75 (에스케이엠문막공장 1동)","26362","(주)에스케이엠(S.K.M)원주공장","2008-03-18 14:15:48","I","2023-06-13 00:00:00","집단급식소","271326.003121011","421685.860361495","집단급식소","0","0","","","상수도전용","0","0","0","0","0","","0","0","N","74.7","","","",
"1666","집단급식소","07_21_02_P","4191000","4191000-105-2003-00008","2003-06-30","","03","폐업","02","폐업","2004-12-13","","","","033 7497282","272.60","","강원특별자치도 원주시 행구동 760","","","(주)케이티(KT)인재개발원","2003-06-30 00:00:00","I","2023-06-13 00:00:00","집단급식소","288930.176344404","426627.905630602","집단급식소","0","0","","","지하수전용","0","0","0","0","0","","0","0","N","1405.38","","","",
"1667","집단급식소","07_21_02_P","4191000","4191000-105-2003-00009","2003-10-15","","03","폐업","02","폐업","2008-04-30","","","","033 7632125","42.25","","강원특별자치도 원주시 흥업면 대안리 393-6","","","(주)토비스","2006-01-04 00:00:00","I","2023-06-13 00:00:00","집단급식소","279041.92767905","423792.487480512","집단급식소","0","0","","","지하수전용","0","0","0","0","0","","0","0","N","131.25","","","",
"1668","집단급식소","07_21_02_P","4191000","4191000-105-2011-00006","2011-03-31","","03","폐업","02","폐업","2022-06-21","","","","033 760 2131","513.71","","강원특별자치도 원주시 흥업면 매지리 1311 영빈관(현운재) 1층","","","연세대학교 미래캠퍼스","2022-06-21 15:01:10","I","2023-06-13 00:00:00","학교","","","학교","0","0","","","간이상수도","0","0","0","0","0","","0","0","N","117.94","","","",
"1669","집단급식소","07_21_02_P","4191000","4191000-105-2011-00008","2011-04-25","","03","폐업","02","폐업","2023-04-24","","","","033 742 1199","7.95","","강원특별자치도 원주시 태장동 1358-5","강원특별자치도 원주시 북원로2738번길 44 (태장동)","26316","삼성어린이집","2023-04-24 14:28:00","I","2023-06-13 00:00:00","어린이집","284252.564883969","432097.756799994","어린이집","0","0","","","상수도전용","0","0","0","0","0","","0","0","N","7.95","","","",
"1670","집단급식소","07_21_02_P","4191000","4191000-105-2011-00010","2011-04-26","","03","폐업","02","폐업","2025-05-02","","","","033 734 3737","6.03","","강원특별자치도 원주시 문막읍 1244","강원특별자치도 원주시 문막읍 작은애니길 38-8","26368","하나어린이집","2025-05-02 15:55:46","U","2025-05-04 02:40:00","어린이집","273598.836456038","424875.535088563","어린이집","0","0","","","상수도전용","0","0","0","0","0","","0","0","N","5.76","","","",
"1671","집단급식소","07_21_02_P","4191000","4191000-105-2011-00011","2011-05-04","","03","폐업","02","폐업","2017-06-09","","","","033 762 9977","111.24","","강원특별자치도 원주시 개운동 411","강원특별자치도 원주시 개운2길 46 (개운동)","26444","한강유치원","2017-06-09 15:02:17","I","2023-06-13 00:00:00","집단급식소","284825.688236337","426677.742936517","집단급식소","0","0","","","상수도전용","0","0","0","0","0","","0","0","N","109.74","","","",
"1672","집단급식소","07_21_02_P","4191000","4191000-105-2011-00013","2011-05-30","","03","폐업","02","폐업","2012-07-12","","","","033 765 0023","167.80","","강원특별자치도 원주시 흥업면 대안리 393-6","강원특별자치도 원주시 흥업면 승안동길 55","26492","인중모드","2011-06-08 09:51:56","I","2023-06-13 00:00:00","집단급식소","279041.92767905","423792.487480512","집단급식소","0","0","","","지하수전용","0","0","0","0","0","","0","0","N","45","","","",
"1673","집단급식소","07_21_02_P","4191000","4191000-105-2011-00014","2011-06-21","","03","폐업","02","폐업","2016-02-15","","","","033 762 0100","47.45","","강원특별자치도 원주시 판부면 금대리 1132-1 1동 지하1층","강원특별자치도 원주시 판부면 치악로 1139 (1동 지하1층)","26504","원주실버요양원","2011-11-02 15:15:02","I","2023-06-13 00:00:00","집단급식소","287771.368945549","421735.190255875","집단급식소","0","0","","","지하수전용","0","0","0","0","0","","0","0","N","16.22","","","",
"1674","집단급식소","07_21_02_P","4191000","4191000-105-2011-00016","2011-07-28","","03","폐업","02","폐업","2019-05-03","","","","033 732 9996","187.61","","강원특별자치도 원주시 문막읍 반계리 2235 해태제과원주공장 1동 2층","강원특별자치도 원주시 문막읍 문막공단길 154 (해태제과원주공장 1동 2층)","26362","해태가루비(주)","2019-05-03 16:58:21","I","2023-06-13 00:00:00","산업체","271494.373361655","421369.390719015","산업체","0","0","","","상수도전용","0","0","0","0","0","","0","0","N","40.74","","","",
"1675","집단급식소","07_21_02_P","4191000","4191000-105-2011-00017","2011-11-03","","03","폐업","02","폐업","2020-05-28","","","","033 748 4885","12.62","","강원특별자치도 원주시 태장동 1043","강원특별자치도 원주시 방강골길 28 (태장동)","26318","푸른숲으로어린이집","2020-05-28 16:03:20","I","2023-06-13 00:00:00","어린이집","284233.690275345","431283.874999396","어린이집","0","0","","","상수도전용","0","0","0","0","0","","0","0","N","12.41","","","",
"1676","집단급식소","07_21_02_P","4191000","4191000-105-2004-00001","2004-01-30","","03","폐업","02","폐업","2012-10-12","","","","033 7323083","477.87","","강원특별자치도 원주시 문막읍 비두리 388","","","원주청소년수련원","2012-10-12 10:20:52","I","2023-06-13 00:00:00","집단급식소","276143.040326639","416078.639973071","집단급식소","0","0","","","지하수전용","0","0","0","0","0","","0","0","N","110.67","","","",
"1677","집단급식소","07_21_02_P","4191000","4191000-105-2004-00002","2004-02-12","","03","폐업","02","폐업","2005-12-30","","","","033 7606565","66.96","","강원특별자치도 원주시 단구동 1682-5 (4층)","","","한국가스공사강원지사","2005-08-03 00:00:00","I","2023-06-13 00:00:00","집단급식소","284615.596354738","424522.238464823","집단급식소","0","0","","","상수도전용","0","0","0","0","0","","0","0","N","340.56","","","",
"1678","집단급식소","07_21_02_P","4191000","4191000-105-2017-00013","2017-06-21","","03","폐업","02","폐업","2017-08-30","","","","033 739 2401","459.50","","강원특별자치도 원주시 반곡동 2047-10 26층","강원특별자치도 원주시 혁신로 60, 26층 (반곡동)","26465","건강보험심사평가원 26층간편식구내식당","2017-08-30 10:58:45","I","2023-06-13 00:00:00","공공기관","286840.245475516","424949.644947987","공공기관","0","0","","","","0","5","0","0","0","","0","0","N","92.56","","","",
"1679","집단급식소","07_21_02_P","4191000","4191000-105-2017-00017","2017-07-17","","03","폐업","02","폐업","2021-02-24","","","","","16.56","","강원특별자치도 원주시 원동 85-3 외 1필지, 원동성당 2동","강원특별자치도 원주시 원일로 27, 지상1층 (원동, 원동성당 2동)","26432","소화유치원","2021-02-24 15:18:11","I","2023-06-13 00:00:00","어린이집","284377.739083606","427481.57873087","어린이집","0","0","","","상수도전용","0","0","0","0","0","","0","0","N","16.56","","","",
"1680","집단급식소","07_21_02_P","4191000","4191000-105-2017-00021","2017-09-05","","03","폐업","02","폐업","2020-02-27","","","","033 7423637","20.26","","강원특별자치도 원주시 학성동 972","강원특별자치도 원주시 송계1길 9, 1층 (학성동)","26413","백합유치원","2020-02-27 11:43:45","I","2023-06-13 00:00:00","어린이집","283075.284760789","428818.021772517","어린이집","0","0","","","상수도전용","0","1","0","0","0","","0","0","N","11.14","","","",
"1681","집단급식소","07_21_02_P","4191000","4191000-105-2006-00023","2006-06-15","","03","폐업","02","폐업","2017-03-20","","","","033 7636588","11.88","","강원특별자치도 원주시 흥업면 63-16","강원특별자치도 원주시 흥업면 흥업텃둔길 4","26403","아이큐이큐(IQ.EQ)어린이집","2014-12-02 11:12:13","I","2023-06-13 00:00:00","집단급식소","281572.3563685","422781.943481276","집단급식소","0","0","","","상수도전용","0","0","0","0","0","자가","0","0","N","17.28","","","",
"1682","집단급식소","07_21_02_P","4191000","4191000-105-2006-00024","2006-06-15","","03","폐업","02","폐업","2015-03-30","","","","033 7311123","175.56","","강원특별자치도 원주시 봉산동 950","강원특별자치도 원주시 봉산로 103 (봉산동)","26331","엔젤어린이집","2014-12-01 13:29:35","I","2023-06-13 00:00:00","집단급식소","285475.215309332","427408.685161092","집단급식소","0","0","","","상수도전용","0","0","0","0","0","자가","0","0","N","50.96","","","",
"1683","집단급식소","07_21_02_P","4191000","4191000-105-2006-00025","2006-06-16","","03","폐업","02","폐업","2012-09-26","","","","033 7349996","17.40","","강원특별자치도 원주시 문막읍 동화리 1539-2","강원특별자치도 원주시 문막읍 동화택지길 3-7","26368","톰과제리어린이집","2011-10-20 17:45:57","I","2023-06-13 00:00:00","집단급식소","273523.382652972","424981.238973325","집단급식소","0","0","","","상수도전용","0","0","0","0","0","자가","0","0","N","25.08","","","",
"1684","집단급식소","07_21_02_P","4191000","4191000-105-2006-00026","2006-06-23","","03","폐업","02","폐업","2019-12-24","","","","033 7631160","9.10","","강원특별자치도 원주시 판부면 금대리 938-3","강원특별자치도 원주시 판부면 금대길 53","26504","아뜰리에어린이집","2019-12-24 15:39:37","I","2023-06-13 00:00:00","어린이집","288474.430729074","421057.6804185","어린이집","0","0","","","간이상수도","0","0","0","0","0","자가","0","0","N","16.7","","","",
"1685","집단급식소","07_21_02_P","4191000","4191000-105-2006-00027","2006-06-27","","03","폐업","02","폐업","2019-07-12","","","","033 7352220","20.16","","강원특별자치도 원주시 문막읍 669-5","강원특별자치도 원주시 문막읍 성아길 22","26372","산내들어린이집","2019-07-12 13:50:39","I","2023-06-13 00:00:00","어린이집","274315.798503572","424561.116481203","어린이집","0","0","","","상수도전용","0","0","0","0","0","자가","0","0","N","20.16","","","",
"1686","집단급식소","07_21_02_P","4191000","4191000-105-2006-00028","2006-06-28","","03","폐업","02","폐업","2016-08-08","","","","033 7408800","112.13","","강원특별자치도 원주시 문막읍 동화리 514","강원특별자치도 원주시 문막읍 원문로 1419","26372","수병원","2014-12-08 11:51:06","I","2023-06-13 00:00:00","집단급식소","274818.689682307","425238.051595747","집단급식소","0","0","","","상수도전용","0","0","0","0","0","자가","0","0","N","48.95","","","",
"1687","집단급식소","07_21_02_P","4191000","4191000-105-2006-00029","2006-07-10","","03","폐업","02","폐업","2008-10-20","","","","033 7342338","6.12","","강원특별자치도 원주시 문막읍 건등리 751-2","","","리틀엔젤어린이집","2007-11-05 13:35:36","I","2023-06-13 00:00:00","집단급식소","271791.90972713","424379.750044032","집단급식소","0","0","","","지하수전용","0","0","0","0","0","자가","0","0","N","8.46","","","",
"1688","집단급식소","07_21_02_P","4191000","4191000-105-2006-00031","2006-09-05","","03","폐업","02","폐업","2015-05-20","","","","033 7493511","201.48","","강원특별자치도 원주시 반곡동 1348","강원특별자치도 원주시 동부순환로 154-25 (반곡동)","26460","(주)씨제이헬로비전영서방송","2014-12-01 13:16:00","I","2023-06-13 00:00:00","집단급식소","286432.388663428","425582.026924149","집단급식소","0","0","","","상수도전용","0","0","0","0","0","","0","0","N","51.1","","","",
"1689","집단급식소","07_21_02_P","4191000","4191000-105-2006-00032","2006-09-29","","03","폐업","02","폐업","2020-07-08","","","","033 7618097","243.00","","강원특별자치도 원주시 관설동 1426","강원특별자치도 원주시 치악로 1475 (관설동)","26470","주식회사케이티강원망건설센터","2020-07-08 13:23:39","I","2023-06-13 00:00:00","산업체","285758.763419422","424234.799177566","산업체","0","0","","","상수도전용","0","0","0","0","0","자가","0","0","N","81","","","",
"1690","집단급식소","07_21_02_P","4191000","4191000-105-2011-00018","2011-11-17","","03","폐업","02","폐업","2024-03-14","","","","033 747 6338","18.60","","강원특별자치도 원주시 행구동 1536-1 (1층)","강원특별자치도 원주시 행구로 267-23 (행구동, (1층))","26454","아라어린이집","2024-03-14 14:37:17","U","2024-03-16 02:40:00","어린이집","287189.603902047","427422.253373777","어린이집","0","0","","","지하수전용","0","0","0","0","0","","0","0","N","10.58","","","",
"1691","집단급식소","07_21_02_P","4191000","4191000-105-2017-00024","2017-10-31","","03","폐업","02","폐업","2018-04-11","","","","033747 2000","77.03","","강원특별자치도 원주시 학성동 430-10","강원특별자치도 원주시 원일로 218, 지상1층 (학성동)","26415","원주불로한방병원","2018-04-11 14:51:44","I","2023-06-13 00:00:00","병원","283597.090706248","428637.719223077","병원","0","0","","","상수도전용","0","0","0","0","0","","0","0","N","22.32","","","",
"1692","집단급식소","07_21_02_P","4191000","4191000-105-2017-00026","2017-12-14","","03","폐업","02","폐업","2020-09-23","","","","","50.60","","강원특별자치도 원주시 반곡동 1894-6 1층","강원특별자치도 원주시 건강로 32, 1층 (반곡동)","26464","건강보험어린이집","2020-09-23 14:40:20","I","2023-06-13 00:00:00","어린이집","287375.694386784","425188.079333502","어린이집","0","0","","","상수도전용","0","0","0","0","0","","0","0","N","25.91","","","",
"1693","집단급식소","07_21_02_P","4191000","4191000-105-2017-00027","2017-12-21","","03","폐업","02","폐업","2018-08-10","","","","033743 6543","62.70","","강원특별자치도 원주시 문막읍 동화리 1675-2","강원특별자치도 원주시 문막읍 동화공단로 77 (동화산업단지공동직장) 지상1층","26365","동화속어린이집","2018-08-10 10:35:35","I","2023-06-13 00:00:00","어린이집","274618.614938514","426090.573964775","어린이집","0","0","","","상수도전용","0","0","0","0","0","","0","0","N","23.67","","","",
"1694","집단급식소","07_21_02_P","4191000","4191000-105-2018-00002","2018-02-06","","03","폐업","02","폐업","2022-09-14","","","","033 732 2114","22.93","","강원특별자치도 원주시 학성동 967-1 중앙사랑의교회","강원특별자치도 원주시 송계1길 29, 중앙사랑의교회 1층 (학성동)","26413","꿈사랑의어린이집","2022-09-14 15:23:30","I","2023-06-13 00:00:00","어린이집","283189.081045879","428946.542096808","어린이집","0","0","","","상수도전용","0","0","0","0","0","","0","0","Y","22.93","","","",
"1695","집단급식소","07_21_02_P","4191000","4191000-105-2007-00005","2007-03-26","","03","폐업","02","폐업","2010-02-18","","","","033 7474777","76.22","","강원특별자치도 원주시 소초면 둔둔리 253-3","","","돌나라 신선원","2007-03-26 00:00:00","I","2023-06-13 00:00:00","집단급식소","287698.8986195","437326.619143128","집단급식소","0","0","","","지하수전용","0","0","0","0","0","자가","0","0","N","29.81","","","",
"1696","집단급식소","07_21_02_P","4191000","4191000-105-2007-00009","2007-04-13","","03","폐업","02","폐업","2007-07-12","","","","033 7328891","87.87","","강원특별자치도 원주시 문막읍 반계리 5-33","","","(주)제이디씨텍문막공장","2007-04-13 00:00:00","I","2023-06-13 00:00:00","집단급식소","271557.285964562","421978.17419993","집단급식소","0","0","","","상수도전용","0","0","0","0","0","자가","0","0","N","14.22","","","",
"1697","집단급식소","07_21_02_P","4191000","4191000-105-2020-00010","2020-08-06","","03","폐업","02","폐업","2024-03-19","","","","","52.56","","강원특별자치도 원주시 행구동 1610-1 영강교회","강원특별자치도 원주시 행구로 215, 영강교회 (행구동)","26454","영강어린이집","2024-03-19 14:11:21","U","2024-03-21 02:40:00","어린이집","286765.308190364","427346.253681011","어린이집","0","0","","","상수도전용","0","0","0","0","0","","0","0","N","48.19","","","",
"1698","집단급식소","07_21_02_P","4191000","4191000-105-2020-00013","2020-09-09","","03","폐업","02","폐업","2023-01-30","","","","033 7414670","480.72","","강원특별자치도 원주시 소초면 장양리 1310 KGC인삼공사 원주공장","강원특별자치도 원주시 소초면 북원로 2955, KGC인삼공사 원주공장","26306","(주)한국인삼공사","2023-01-30 10:19:44","I","2023-06-13 00:00:00","산업체","284192.855174726","434485.025068688","산업체","0","0","","","상수도전용","0","0","0","0","0","","0","0","N","255.77","","","",
"1699","집단급식소","07_21_02_P","4191000","4191000-105-2020-00014","2020-09-28","","03","폐업","02","폐업","2024-04-08","","","","","50.60","","강원특별자치도 원주시 반곡동 1894-6","강원특별자치도 원주시 건강로 32, 1층 (반곡동)","26464","건강보험어린이집","2024-04-08 14:37:07","U","2024-04-10 02:40:00","어린이집","287375.694386784","425188.079333502","어린이집","0","0","","","상수도전용","0","0","0","0","0","임대","0","0","N","25.91","","","",
"1700","집단급식소","07_21_02_P","4191000","4191000-105-2000-00004","2000-05-10","","03","폐업","02","폐업","2008-10-21","","","","033 7310841","","","강원특별자치도 원주시 문막읍 반계리 5-20","","","동양전자공업","2005-12-13 00:00:00","I","2023-06-13 00:00:00","집단급식소","271391.910434924","421819.65988256","집단급식소","0","0","","","상수도전용","0","0","0","0","0","","0","0","N","0","","","",
"1701","집단급식소","07_21_02_P","4191000","4191000-105-2000-00006","2000-06-20","","03","폐업","02","폐업","2013-11-12","","","","033 7495014","","","강원특별자치도 원주시 문막읍 반계리 5-34","강원특별자치도 원주시 문막읍 문막공단길 62","26362","깁스코리아다이케스팅(유한회사)","2011-11-02 15:50:50","I","2023-06-13 00:00:00","집단급식소","271048.934323908","421767.826234935","집단급식소","0","0","","","상수도전용","0","0","0","0","0","","0","0","N","0","","","",
"1702","집단급식소","07_21_02_P","4191000","4191000-105-2000-00009","2000-10-24","","03","폐업","02","폐업","2008-05-29","","","","033 7320587","999.62","","강원특별자치도 원주시 지정면 판대리 152-3 ,A동","","","새순청소년수련원","2007-01-29 00:00:00","I","2023-06-13 00:00:00","집단급식소","271011.962379285","429422.932872197","집단급식소","0","0","","","지하수전용","0","0","0","0","0","","0","0","N","227.49","","","",
"1703","집단급식소","07_21_02_P","4191000","4191000-105-2021-00003","2021-02-03","","03","폐업","02","폐업","2025-03-11","","","","","18.00","","강원특별자치도 원주시 관설동 1377","강원특별자치도 원주시 갈촌길 80, 1층 (관설동)","26470","다예몬테소리어린이집","2025-03-11 15:38:08","U","2025-03-13 02:40:00","어린이집","285553.768165794","423635.03666936","어린이집","0","0","","","상수도전용","0","0","0","0","0","임대","0","0","N","17.7","","","",
"1704","집단급식소","07_21_02_P","4191000","4191000-105-2001-00009","2001-12-20","","03","폐업","02","폐업","2007-03-14","","","","033 7319411","","","강원특별자치도 원주시 문막읍 반계리 2236-2","","","(주)셀 문막공장 급식소","2005-08-03 00:00:00","I","2023-06-13 00:00:00","집단급식소","271309.247793855","421525.867668018","집단급식소","0","0","","","상수도전용","0","0","0","0","0","","0","0","N","0","","","",
"1705","집단급식소","07_21_02_P","4191000","4191000-105-2016-00016","2016-09-05","","03","폐업","02","폐업","2017-09-04","","","","","173.76","","강원특별자치도 원주시 봉산동 753-1","강원특별자치도 원주시 개륜1길 63 (봉산동)","26331","두울 천사들의집","2017-09-04 16:05:14","I","2023-06-13 00:00:00","사회복지시설","285599.968199524","428052.5578566","사회복지시설","0","0","","","상수도전용","0","0","0","0","0","","0","0","N","38.44","","","",
"1706","집단급식소","07_21_02_P","4191000","4191000-105-2016-00017","2016-09-07","","03","폐업","02","폐업","2017-12-14","","","","","50.60","","강원특별자치도 원주시 반곡동 1894-6 1층","강원특별자치도 원주시 건강로 32, 1층 (반곡동)","26464","건강보험어린이집","2017-12-14 14:03:17","I","2023-06-13 00:00:00","어린이집","287375.694386784","425188.079333502","어린이집","0","0","","","상수도전용","0","0","0","0","0","","0","0","N","25.91","","","",
"1707","집단급식소","07_21_02_P","4191000","4191000-105-2006-00004","2006-01-06","","03","폐업","02","폐업","2016-11-08","","","","033 745 1966","12.62","","강원특별자치도 원주시 단계동 792-1","강원특별자치도 원주시 서원대로 205-1 (단계동)","26435","진영유치원","2014-12-02 18:05:08","I","2023-06-13 00:00:00","집단급식소","282840.96","427331.23","집단급식소","0","0","","","상수도전용","0","0","0","0","0","자가","0","0","N","12.62","","","",
"1708","집단급식소","07_21_02_P","4191000","4191000-105-2016-00018","2016-09-13","","03","폐업","02","폐업","2019-11-06","","","","","7.84","","강원특별자치도 원주시 단구동 1478-4 1층","강원특별자치도 원주시 강변로 119, 1층 (단구동, 유승아파트 관리동내 )","26452","유승 꿈나무어린이집","2019-11-06 16:48:59","I","2023-06-13 00:00:00","어린이집","285682.003235819","424687.301417192","어린이집","0","0","","","상수도전용","0","0","0","0","0","","0","0","N","14.68","","","",
"1709","집단급식소","07_21_02_P","4191000","4191000-105-2017-00006","2017-04-27","","03","폐업","02","폐업","2023-06-29","","","","033 7353275","51.00","","강원특별자치도 원주시 무실동 1718-1","강원특별자치도 원주시 시청로 30, 7층 (무실동)","26387","원주사랑마루","2023-06-29 13:13:50","U","2023-07-01 02:40:00","사회복지시설","281714.808731608","426805.77210945","사회복지시설","0","0","","","상수도전용","0","0","0","0","0","","0","0","N","30.35","","","",
"1710","집단급식소","07_21_02_P","4191000","4191000-105-2006-00007","2006-01-13","","03","폐업","02","폐업","2016-04-08","","","","033 734 0334","17.05","","강원특별자치도 원주시 문막읍 동화리 1538-10","강원특별자치도 원주시 문막읍 동화택지길 23-3","26368","중앙어린이집","2015-03-30 16:39:08","I","2023-06-13 00:00:00","집단급식소","273530.684829266","425033.495094522","집단급식소","0","0","","","상수도전용","0","0","0","0","0","자가","0","0","N","17.05","","","",
"1711","집단급식소","07_21_02_P","4191000","4191000-105-2006-00008","2006-01-17","","03","폐업","02","폐업","2015-10-21","","","","033 7664750","73.81","","강원특별자치도 원주시 명륜동 769-1","강원특별자치도 원주시 서원대로 308-23 (명륜동)","26479","제일유치원","2014-12-08 13:12:24","I","2023-06-13 00:00:00","집단급식소","283156.892249148","426371.272900956","집단급식소","0","0","","","상수도전용","0","0","0","0","0","자가","0","0","N","20.81","","","",
"1712","집단급식소","07_21_02_P","4191000","4191000-105-2006-00011","2006-02-03","","03","폐업","02","폐업","2020-07-09","","","","033 7610887","24.00","","강원특별자치도 원주시 명륜동 705","강원특별자치도 원주시 예술관길 25 (명륜동)","26481","명륜어린이집","2020-07-09 17:46:37","I","2023-06-13 00:00:00","어린이집","283422.748540837","425961.551802728","어린이집","0","0","","","상수도전용","0","0","0","0","0","자가","0","0","N","24","","","",
"1713","집단급식소","07_21_02_P","4191000","4191000-105-2006-00012","2006-02-20","","03","폐업","02","폐업","2023-01-02","","","","033 7647282","14.39","","강원특별자치도 원주시 단구동 1578-2","강원특별자치도 원주시 구곡길 2-25 (단구동)","26486","리라유치원","2023-01-02 11:57:48","I","2023-06-13 00:00:00","어린이집","284089.075349441","424927.044684516","어린이집","0","0","","","상수도전용","0","0","0","0","0","자가","0","0","N","14.39","","","",
"1714","집단급식소","07_21_02_P","4191000","4191000-105-2006-00013","2006-02-21","","03","폐업","02","폐업","2015-11-12","","","","033 7342104","14.40","","강원특별자치도 원주시 행구동 129-3","강원특별자치도 원주시 고문골길 77-47 (행구동)","26455","성무유치원","2014-11-24 16:58:46","I","2023-06-13 00:00:00","집단급식소","289484.675193462","426959.290000844","집단급식소","0","0","","","지하수전용","0","0","0","0","0","자가","0","0","N","14.4","","","",
"1715","집단급식소","07_21_02_P","4191000","4191000-105-2006-00014","2006-03-21","","03","폐업","02","폐업","2016-06-16","","","","033 7318685","109.10","","강원특별자치도 원주시 호저면 고산리 260 외3필지 259-1, 259-3, 259-5","강원특별자치도 원주시 호저면 호저로 873 (외3필지 259-1, 259-3, 259-5)","26302","고산초등학교","2012-10-21 16:44:55","I","2023-06-13 00:00:00","집단급식소","282026.1846868","438601.950713034","집단급식소","0","0","","","간이상수도","0","0","0","0","0","자가","0","0","N","44","","","",
"1716","집단급식소","07_21_02_P","4191000","4191000-105-2006-00015","2006-03-21","","03","폐업","02","폐업","2006-04-03","","","","033 7320214","","","강원특별자치도 원주시 문막읍 대둔리 31 외2필지 32-1, 32-3","","","국제어린이집","2006-03-21 00:00:00","I","2023-06-13 00:00:00","집단급식소","268308.518531994","419496.797676892","집단급식소","0","0","","","","0","0","0","0","0","자가","0","0","N","0","","","",
"1717","집단급식소","07_21_02_P","4191000","4191000-105-2006-00017","2006-04-04","","03","폐업","02","폐업","2009-09-24","","","","033 7320214","23.54","","강원특별자치도 원주시 문막읍 대둔리 31","","","문막한울어린이집","2006-06-28 00:00:00","I","2023-06-13 00:00:00","집단급식소","268308.518531994","419496.797676892","집단급식소","0","0","","","지하수전용","0","0","0","0","0","자가","0","0","N","23.54","","","",
"1718","집단급식소","07_21_02_P","4191000","4191000-105-2006-00018","2006-04-28","","03","폐업","02","폐업","2016-02-18","","","","033 7321300","192.76","","강원특별자치도 원주시 가현동 414-1 외17필지","","","(주)강원엘피씨","2012-05-04 14:03:54","I","2023-06-13 00:00:00","집단급식소","282685.149787515","432617.675149252","집단급식소","0","0","","","지하수전용","0","0","0","0","0","자가","0","0","N","52.93","","","",
"1719","집단급식소","07_21_02_P","4191000","4191000-105-2006-00019","2006-05-10","","03","폐업","02","폐업","2021-11-10","","","","033 7428846","63.84","","강원특별자치도 원주시 봉산동 1201","강원특별자치도 원주시 행구로 80 (봉산동)","26331","별밭어린이집","2021-11-10 11:42:44","I","2023-06-13 00:00:00","어린이집","285549.818303034","427007.34995277","어린이집","0","0","","","상수도전용","0","0","0","0","0","자가","0","0","N","29.1","","","",
"1720","집단급식소","07_21_02_P","4191000","4191000-105-2006-00021","2006-06-07","","03","폐업","02","폐업","2012-01-06","","","","033 7320270","72.81","","강원특별자치도 원주시 태장동 1403-5","강원특별자치도 원주시 북원로 2636 (태장동)","26320","원주민중요양병원","2011-11-09 11:14:23","I","2023-06-13 00:00:00","집단급식소","283738.821268361","431142.506440562","집단급식소","0","0","","","상수도전용","0","0","0","0","0","자가","0","0","N","42.89","","","",
"1721","집단급식소","07_21_02_P","4191000","4191000-105-2006-00022","2006-06-15","","03","폐업","02","폐업","2021-07-02","","","","033 7353077","6.30","","강원특별자치도 원주시 문막읍 동화리 1244-8","강원특별자치도 원주시 문막읍 작은애니길 38-7","26368","동심의세계어린이집","2021-07-02 11:16:51","I","2023-06-13 00:00:00","어린이집","273578.29392632","424862.526835352","어린이집","0","0","","","상수도전용","0","0","0","0","0","자가","0","0","N","15.9","","","",
"1722","집단급식소","07_21_02_P","4191000","4191000-105-1998-00001","1998-01-30","","03","폐업","02","폐업","2019-08-08","","","","033 7323700","","","강원특별자치도 원주시 지정면 월송리 산 2-2","강원특별자치도 원주시 지정면 신평석화로 236","26358","동서울레스피아","2019-08-08 14:50:01","I","2023-06-13 00:00:00","수련원","","","수련원","0","0","","","상수도전용","0","0","0","0","0","","0","0","N","0","","","",
"1723","집단급식소","07_21_02_P","4191000","4191000-105-1998-00004","1998-08-24","","03","폐업","02","폐업","2014-09-30","","","","033 730 6026","0.00","","강원특별자치도 원주시 문막읍 동화리 1532","강원특별자치도 원주시 문막읍 왕건로 114","26367","(주)만도","2012-04-23 16:55:31","I","2023-06-13 00:00:00","집단급식소","273548.146151752","425666.557972653","집단급식소","0","0","","","상수도전용","0","0","0","0","0","","0","0","N","342.2","","","",
"1724","집단급식소","07_21_02_P","4191000","4191000-105-1998-00005","1998-08-24","","03","폐업","02","폐업","2014-09-18","","","","033 7306114","148.40","","강원특별자치도 원주시 문막읍 반계리 2237","강원특별자치도 원주시 문막읍 문막공단길 119","26362","(주)만도","2012-04-23 17:03:14","I","2023-06-13 00:00:00","집단급식소","271331.16253516","421343.594563514","집단급식소","0","0","","","상수도전용","0","0","0","0","0","","0","0","N","894.4","","","",
"1725","집단급식소","07_21_02_P","4191000","4191000-105-2019-00023","2019-10-15","","03","폐업","02","폐업","2021-01-15","","","","033 7643456","18.00","","강원특별자치도 원주시 관설동 1377","강원특별자치도 원주시 갈촌길 80, 1층 일부호 (관설동)","26470","다예몬테소리어린이집","2021-01-15 10:34:00","I","2023-06-13 00:00:00","어린이집","285553.768165794","423635.03666936","어린이집","0","0","","","상수도전용","0","0","0","0","0","","0","0","N","17.7","","","",
"1726","집단급식소","07_21_02_P","4191000","4191000-105-2019-00024","2019-10-25","","03","폐업","02","폐업","2021-03-24","","","","","19.86","","강원특별자치도 원주시 행구동 129-3","강원특별자치도 원주시 고문골길 77-47, 1층 (행구동)","26455","성무유치원","2021-03-24 17:16:41","I","2023-06-13 00:00:00","어린이집","289484.675193462","426959.290000844","어린이집","0","0","","","지하수전용","0","0","0","0","0","","0","0","N","13.77","","","",
"1727","집단급식소","07_21_02_P","4191000","4191000-105-2020-00004","2020-03-11","","03","폐업","02","폐업","2020-03-17","","","","","","","강원특별자치도 원주시 문막읍 반계리 2275-6","강원특별자치도 원주시 문막읍 반산2로 85","26362","원주푸드","2020-03-17 14:37:32","I","2023-06-13 00:00:00","산업체","270808.813513127","421967.657154442","산업체","0","0","","","","0","0","0","0","0","","0","0","N","0","","","",
"1728","집단급식소","07_21_02_P","4191000","4191000-105-1999-00002","1999-03-25","","03","폐업","02","폐업","2011-11-04","","","","033 7315819","","","강원특별자치도 원주시 문막읍 반계리 5-31","","","(유)코스모파워텍","2011-11-02 15:50:18","I","2023-06-13 00:00:00","집단급식소","271321.464633458","421860.562182214","집단급식소","0","0","","","상수도전용","0","0","0","0","0","","0","0","N","0","","","",
"1729","집단급식소","07_21_02_P","4191000","4191000-105-1999-00003","1999-04-21","","03","폐업","02","폐업","2016-04-04","","","","033 7602127","257.79","","강원특별자치도 원주시 흥업면 매지리 1311 연세프라자 2층","","","연세대학교 원주캠퍼스 프라자식당","2014-12-02 10:14:16","I","2023-06-13 00:00:00","집단급식소","","","집단급식소","0","0","","","간이상수도","0","0","0","0","0","","0","0","N","835.55","","","",
"1730","집단급식소","07_21_02_P","4191000","4191000-105-1999-00004","1999-04-21","","03","폐업","02","폐업","2022-06-21","","","","033 7602643","","","강원특별자치도 원주시 흥업면 매지리 1552-1 학생회관","","","연세대학교 원주캠퍼스 학생회관식당","2022-06-21 15:02:43","I","2023-06-13 00:00:00","학교","","","학교","0","0","","","간이상수도","0","0","0","0","0","","0","0","N","0","","","",
"1731","집단급식소","07_21_02_P","4191000","4191000-105-1999-00005","1999-04-21","","03","폐업","02","폐업","2005-04-18","","","","033 7600910","","","강원특별자치도 원주시 흥업면 매지리 산 221 외433필지","","","연세대원주켐퍼스교직원식당","2004-10-08 00:00:00","I","2023-06-13 00:00:00","집단급식소","","","집단급식소","0","0","","","지하수전용","0","0","0","0","0","","0","0","N","0","","","",
"1732","집단급식소","07_21_02_P","4191000","4191000-105-2000-00002","2000-01-31","","03","폐업","02","폐업","2019-01-31","","","","033 7492226","","","강원특별자치도 원주시 단계동 914","강원특별자치도 원주시 이화1길 27 (단계동)","26475","원주우편집중국","2019-01-31 15:04:48","I","2023-06-13 00:00:00","공공기관","282779.862693389","426813.191594585","공공기관","0","0","","","상수도전용","0","0","0","0","0","","0","0","N","0","","","",
"1733","집단급식소","07_21_02_P","4191000","4191000-105-2000-00003","2000-03-07","","03","폐업","02","폐업","2016-03-25","","","","033 7300745","73.60","","강원특별자치도 원주시 우산동 660 예지관(2번동강의실구관)","강원특별자치도 원주시 상지대길 84 (우산동, 예지관(2번동강의실구관))","26339","상지영서대학교","2014-11-01 15:47:20","I","2023-06-13 00:00:00","집단급식소","282151.822954944","430257.366976729","집단급식소","0","0","","","상수도전용","0","0","0","0","0","","0","0","N","303.4","","","",
"1734","집단급식소","07_21_02_P","4191000","4191000-105-2015-00031","2015-12-04","","03","폐업","02","폐업","2017-05-22","","","","033 7479333","98.28","","강원특별자치도 원주시 태장동 729-3","강원특별자치도 원주시 육판길 1, 1층 (태장동)","26323","자신보육원","2017-05-22 14:59:27","I","2023-06-13 00:00:00","기타 집단급식소","284693.41459951","428658.623426679","기타 집단급식소","0","0","","","상수도전용","0","1","0","0","0","","0","0","N","33.12","","","",
"1735","집단급식소","07_21_02_P","4191000","4191000-105-2020-00007","2020-06-22","","03","폐업","02","폐업","2025-05-20","","","","033 7312805","344.86","","강원특별자치도 원주시 문막읍 반계리 5-8","강원특별자치도 원주시 문막읍 문막공단길 250, 지1층","26362","(주)오코헬스케어","2025-05-20 15:40:52","U","2025-05-22 02:40:00","산업체","271581.40056421","422230.334431863","산업체","0","0","","","상수도전용","0","3","0","0","0","","0","0","N","38.45","","","",
"1736","집단급식소","07_21_02_P","4191000","4191000-105-2010-00002","2010-01-21","","03","폐업","02","폐업","2010-06-21","","","","033 748 8885","10.00","","강원특별자치도 원주시 태장동 1043-1","","","관인아띠키즈유아미술학원","2010-07-08 15:41:49","I","2023-06-13 00:00:00","집단급식소","","","집단급식소","0","0","","","","0","0","0","0","0","","0","0","N","14.8","","","",
"1737","집단급식소","07_21_02_P","4191000","4191000-105-2010-00004","2010-03-19","","03","폐업","02","폐업","2017-07-17","","","","033 765 3354","16.55","","강원특별자치도 원주시 원동 85-3","강원특별자치도 원주시 원일로 27 (원동)","26432","소화유치원","2017-07-17 17:41:29","I","2023-06-13 00:00:00","기타 집단급식소","284377.739083606","427481.57873087","기타 집단급식소","0","0","","","상수도전용","0","0","0","0","0","","0","0","N","32.15","","","",
"1738","집단급식소","07_21_02_P","4191000","4191000-105-2010-00005","2010-05-03","","03","폐업","02","폐업","2019-03-29","","","","033 733 1199","48.43","","강원특별자치도 원주시 개운동 434-9 외 1필지","강원특별자치도 원주시 남원로 562-5 (개운동, 외 1필지)","26448","내안에병원","2019-03-29 16:45:10","I","2023-06-13 00:00:00","병원","284004.108457156","426211.92172411","병원","0","0","","","상수도전용","0","0","0","0","0","","0","0","N","28.19","","","",
"1739","집단급식소","07_21_02_P","4191000","4191000-105-2010-00008","2010-06-15","","03","폐업","02","폐업","2014-05-16","","","","033 765 0083","60.22","","강원특별자치도 원주시 단구동 173-5 외 2필지(4층)","강원특별자치도 원주시 치악로 1626 (단구동,외 2필지(4층))","26451","원주실버요양센터","2011-10-20 17:27:40","I","2023-06-13 00:00:00","집단급식소","285052.428331271","425546.70669945","집단급식소","0","0","","","상수도(음용)지하수(주방용)겸용","0","0","0","0","0","","0","0","N","25.04","","","",
"1740","집단급식소","07_21_02_P","4191000","4191000-105-2010-00009","2010-06-21","","03","폐업","02","폐업","2020-07-24","","","","033 731 2804","53.69","","강원특별자치도 원주시 문막읍 반계리 5-9","강원특별자치도 원주시 문막읍 문막공단길 246","26362","한국유니온제약(주)","2020-07-24 14:44:56","I","2023-06-13 00:00:00","산업체","271505.084930829","422175.03985654","산업체","0","0","","","상수도전용","0","0","0","0","0","","0","0","N","17.2","","","",
"1741","집단급식소","07_21_02_P","4191000","4191000-105-2010-00010","2010-07-13","","03","폐업","02","폐업","2010-07-23","","","","033 733 4200","0.00","","강원특별자치도 원주시 문막읍 동화리 1288-3","","","인하테크(주)","2010-07-13 10:55:39","I","2023-06-13 00:00:00","집단급식소","","","집단급식소","0","0","","","","0","0","0","0","0","","0","0","N","0","","","",
"1742","집단급식소","07_21_02_P","4191000","4191000-105-1994-00002","1994-09-08","","03","폐업","02","폐업","2011-10-17","","","","033 7408126","","","강원특별자치도 원주시 우산동 333-47","","","삼양(주)원주공장기숙사","2011-11-02 18:14:55","I","2023-06-13 00:00:00","집단급식소","283071.958776644","430650.012041618","집단급식소","0","0","","","상수도전용","0","0","0","0","0","","0","0","N","0","","","",
"1743","집단급식소","07_21_02_P","4191000","4191000-105-2015-00033","2015-12-21","","03","폐업","02","폐업","2020-02-18","","","","033 7390202","80.32","","강원특별자치도 원주시 반곡동 2047-10 건강보험심사평가원 2층","강원특별자치도 원주시 혁신로 60, 2층 (반곡동, 건강보험심사평가원)","26465","건강보험심사평가원 어린이집 식당","2020-02-18 14:32:24","I","2023-06-13 00:00:00","어린이집","286840.245475516","424949.644947987","어린이집","0","0","","","상수도전용","0","3","0","0","0","","0","0","N","26.56","","","",
"1744","집단급식소","07_21_02_P","4191000","4191000-105-2016-00002","2016-03-07","","03","폐업","02","폐업","2022-03-04","","","","033 765 8115","120.83","","강원특별자치도 원주시 개운동 349","강원특별자치도 원주시 남원로602번길 34 (개운동)","26446","원주삼성어린이집","2022-03-04 16:18:22","I","2023-06-13 00:00:00","어린이집","284191.495942947","426298.644540701","어린이집","0","0","","","상수도전용","0","0","0","0","0","","0","0","N","41.18","","","",
"1745","집단급식소","07_21_02_P","4191000","4191000-105-2016-00007","2016-05-11","","03","폐업","02","폐업","2021-06-16","","","","033 734 0334","17.05","","강원특별자치도 원주시 문막읍 동화리 1538-10 지상1층","강원특별자치도 원주시 문막읍 동화택지길 23-3, 지상1층","26368","중앙어린이집","2021-06-16 17:17:49","I","2023-06-13 00:00:00","어린이집","273530.684829266","425033.495094522","어린이집","0","0","","","상수도전용","0","0","0","0","0","","0","0","N","17.05","","","",
"1746","집단급식소","07_21_02_P","4191000","4191000-105-2016-00008","2016-05-20","","03","폐업","02","폐업","2019-02-25","","","","033 7343301","30.15","","강원특별자치도 원주시 문막읍 동화리 1193 지상1층 가동","강원특별자치도 원주시 문막읍 큰애니길 17, 가동 지상1층","26366","키즈누리어린이집","2019-02-25 10:27:28","I","2023-06-13 00:00:00","어린이집","273855.532717613","425041.781814961","어린이집","0","0","","","지하수전용","0","0","0","0","0","","0","0","N","24.17","","","",
"1747","집단급식소","07_21_02_P","4191000","4191000-105-2016-00012","2016-08-19","","03","폐업","02","폐업","2023-07-05","","","","033 742 7373","13.50","","강원특별자치도 원주시 태장동 1033-2 지상1층","강원특별자치도 원주시 현충로 261, 지상1층 (태장동)","26320","태장어린이집","2023-07-05 15:43:51","U","2023-07-07 02:40:00","어린이집","284020.187393655","430970.272502386","어린이집","0","0","","","상수도전용","0","0","0","0","0","","0","0","N","16","","","",
"1748","집단급식소","07_21_02_P","4191000","4191000-105-2005-00014","2005-08-12","","03","폐업","02","폐업","2015-06-25","","","","033 7345722","8.01","","강원특별자치도 원주시 문막읍 문막리 432-2","강원특별자치도 원주시 문막읍 건등로 10-18","26370","문막성모유치원","2014-11-01 15:29:29","I","2023-06-13 00:00:00","집단급식소","272491.343842324","423476.97098259","집단급식소","0","0","","","상수도전용","0","0","0","0","0","","0","0","N","8.01","","","",
"1749","집단급식소","07_21_02_P","4191000","4191000-105-2005-00018","2005-10-20","","03","폐업","02","폐업","2012-05-30","","","","033762 3248","188.49","","강원특별자치도 원주시 단구동 637","강원특별자치도 원주시 단구로 296 (단구동)","26450","샬롬어린이집","2011-10-20 17:27:52","I","2023-06-13 00:00:00","집단급식소","284801.381805114","425655.791501255","집단급식소","0","0","","","상수도전용","0","0","0","0","0","","0","0","N","13.2","","","",
"1750","집단급식소","07_21_02_P","4191000","4191000-105-2005-00019","2005-10-24","","03","폐업","02","폐업","2019-09-16","","","","033 7614160","67.37","","강원특별자치도 원주시 개운동 255-1","강원특별자치도 원주시 치악로 1755-1 (개운동)","26446","바오로어린이집","2019-09-16 16:57:34","I","2023-06-13 00:00:00","어린이집","284614.957992455","426588.905111994","어린이집","0","0","","","상수도전용","0","0","0","0","0","자가","0","0","N","27.3","","","",
"1751","집단급식소","07_21_02_P","4191000","4191000-105-2005-00020","2005-11-16","","03","폐업","02","폐업","2009-03-04","","","","033 7452236","35.25","","강원특별자치도 원주시 단계동 824","","","동화나라어린이집","2005-11-16 00:00:00","I","2023-06-13 00:00:00","집단급식소","282583.501296568","427896.097699921","집단급식소","0","0","","","상수도전용","0","0","0","0","0","자가","0","0","N","35.25","","","",
"1752","집단급식소","07_21_02_P","4191000","4191000-105-2005-00021","2005-11-18","","03","폐업","02","폐업","2017-04-17","","","","033 762 3988","30.59","","강원특별자치도 원주시 신림면 신림리 699-3","강원특별자치도 원주시 신림면 치악로 32-1","26506","신림어린이집","2017-04-17 17:55:06","I","2023-06-13 00:00:00","집단급식소","295663.95100468","414826.522597356","집단급식소","0","0","","","간이상수도","0","0","0","0","0","자가","0","0","N","14.87","","","",
"1753","집단급식소","07_21_02_P","4191000","4191000-105-2010-00016","2010-08-10","","03","폐업","02","폐업","2014-06-25","","","","033 745 0800","245.64","","강원특별자치도 원주시 단구동 702","강원특별자치도 원주시 서원대로 491 (단구동)","26450","(주)케이티","2014-06-25 15:37:31","I","2023-06-13 00:00:00","집단급식소","284828.718192767","425333.169206599","집단급식소","0","0","","","상수도전용","0","0","0","0","0","","0","0","N","65.39","","","",
"1754","집단급식소","07_21_02_P","4191000","4191000-105-2010-00017","2010-08-16","","03","폐업","02","폐업","2022-11-25","","","","033 744 6847","101.63","","강원특별자치도 원주시 문막읍 동화리 1671-1 (주)소룩스","강원특별자치도 원주시 문막읍 동화공단로 68 ((주)소룩스)","26365","(주)소룩스","2022-11-25 13:27:18","I","2023-06-13 00:00:00","산업체","274700.436873892","426182.719835818","산업체","0","0","","","상수도전용","0","0","0","0","0","","0","0","N","19.2","","","",
"1755","집단급식소","07_21_02_P","4191000","4191000-105-2010-00019","2010-08-16","","03","폐업","02","폐업","2015-05-19","","","","033 745 1221","48.30","","강원특별자치도 원주시 태장동 874-5","강원특별자치도 원주시 현충로 90 (태장동)","26324","부승너싱홈","2014-01-22 10:03:55","I","2023-06-13 00:00:00","집단급식소","284344.665163707","429509.487984503","집단급식소","0","0","","","상수도전용","0","0","0","0","0","","0","0","N","22.88","","","",
"1756","집단급식소","07_21_02_P","4191000","4191000-105-2010-00020","2010-08-16","","03","폐업","02","폐업","2014-07-02","","","","033 745 1221","31.22","","강원특별자치도 원주시 일산동 199-1 (5층)","강원특별자치도 원주시 무실로12번길 57 (일산동,(5층))","26427","부승실버홈","2014-07-02 15:15:11","I","2023-06-13 00:00:00","집단급식소","283847.093382097","428067.701755975","집단급식소","0","0","","","상수도전용","0","0","0","0","0","","0","0","N","28.76","","","",
"1757","집단급식소","07_21_02_P","4191000","4191000-105-2023-00003","2023-02-28","","03","폐업","02","폐업","2025-10-20","","","","","345.48","","강원특별자치도 원주시 무실동 1857-18","강원특별자치도 원주시 능라동길 25, 2층 201,202,203,204(일부)호 (무실동)","26392","러셀코어원주학원푸드존","2025-10-20 14:35:54","U","2025-10-23 02:40:00","기타 집단급식소","282150.220091681","426069.522931402","기타 집단급식소","0","0","","","상수도전용","0","3","0","0","0","","0","0","N","77.09","","","",
"1758","집단급식소","07_21_02_P","4191000","4191000-105-1996-00003","1996-05-22","","03","폐업","02","폐업","2020-06-04","","","","033 732 8700","","","강원특별자치도 원주시 소초면 학곡리 176-5 외 1필지(202-1)","강원특별자치도 원주시 소초면 구룡사로 65 (외 1필지(202-1))","26304","강원도치악청소년수련원","2020-06-04 16:51:26","I","2023-06-13 00:00:00","수련원","293747.995034752","437086.434628335","수련원","0","0","","","지하수전용","0","0","0","0","0","","0","0","N","0","","","",
"1759","집단급식소","07_21_02_P","4191000","4191000-105-1995-00001","1995-03-06","","03","폐업","02","폐업","2017-11-28","","","","033 7601348","","","강원특별자치도 원주시 흥업면 흥업리 66","","","한라대학교","2017-11-28 16:47:36","I","2023-06-13 00:00:00","학교","281504.586357574","422678.443820512","학교","0","0","","","간이상수도","0","0","0","0","0","","0","0","N","0","","","",
"1760","집단급식소","07_21_02_P","4191000","4191000-105-1995-00005","1995-05-10","","03","폐업","02","폐업","2005-08-25","","","","033 7324173","","","강원특별자치도 원주시 문막읍 반계리 2238","","","(주)대우건설문막철구사업소","2004-06-01 00:00:00","I","2023-06-13 00:00:00","집단급식소","270801.453997758","421264.023748289","집단급식소","0","0","","","","0","0","0","0","0","","0","0","N","0","","","",
"1761","집단급식소","07_21_02_P","4191000","4191000-105-1995-00011","1995-05-23","","03","폐업","02","폐업","2007-02-26","","","","033 7628267","","","강원특별자치도 원주시 명륜동 709","","","치악초등학교장","2006-04-14 00:00:00","I","2023-06-13 00:00:00","집단급식소","283174.149110835","425950.66203019","집단급식소","0","0","","","","0","0","0","0","0","","0","0","N","0","","","",
"1762","집단급식소","07_21_02_P","4191000","4191000-105-1996-00002","1996-04-18","","03","폐업","02","폐업","2005-12-16","","","","033 7318676","","","강원특별자치도 원주시 호저면 고산리 259-1","","","고산초등학교","2005-12-12 00:00:00","I","2023-06-13 00:00:00","집단급식소","","","집단급식소","0","0","","","","0","0","0","0","0","","0","0","N","0","","","",
"1763","집단급식소","07_21_02_P","4191000","4191000-105-1997-00001","1987-06-16","","03","폐업","02","폐업","2005-08-26","","","","033 7627845","","","강원특별자치도 원주시 판부면 금대리 960","","","금대초등학교","2005-08-03 00:00:00","I","2023-06-13 00:00:00","집단급식소","","","집단급식소","0","0","","","","0","0","0","0","0","","0","0","N","0","","","",
"1764","집단급식소","07_21_02_P","4191000","4191000-105-2005-00023","2005-11-22","","03","폐업","02","폐업","2011-01-17","","","","033 7345407","50.17","","강원특별자치도 원주시 문막읍 동화리 504-6","","","한빛어린이집","2005-11-22 00:00:00","I","2023-06-13 00:00:00","집단급식소","274773.320658414","425498.265547287","집단급식소","0","0","","","지하수전용","0","0","0","0","0","자가","0","0","N","20.25","","","",
"1765","집단급식소","07_21_02_P","4191000","4191000-105-2005-00024","2005-12-01","","03","폐업","02","폐업","2006-03-06","","","","033 7325959","18.60","","강원특별자치도 원주시 단계동 938","","","엘프어린이집","2005-12-01 00:00:00","I","2023-06-13 00:00:00","집단급식소","282725.595075769","426596.628352692","집단급식소","0","0","","","상수도전용","0","0","0","0","0","자가","0","0","N","18.6","","","",
"1766","집단급식소","07_21_02_P","4191000","4191000-105-2005-00026","2005-12-26","","03","폐업","02","폐업","2007-03-07","","","","033 7610654","11.04","","강원특별자치도 원주시 개운동 440-7","","","중앙유치원","2005-12-26 00:00:00","I","2023-06-13 00:00:00","집단급식소","284281.482483818","426091.45346084","집단급식소","0","0","","","상수도전용","0","0","0","0","0","","0","0","N","11.04","","","",
"1767","집단급식소","07_21_02_P","4191000","4191000-105-2005-00029","2005-12-29","","03","폐업","02","폐업","2019-02-27","","","","033 7466730","36.99","","강원특별자치도 원주시 단계동 1084","강원특별자치도 원주시 모래내길 38 (단계동)","26411","서연유치원","2019-02-27 13:52:46","I","2023-06-13 00:00:00","어린이집","282607.821560974","428294.136336876","어린이집","0","0","","","상수도전용","0","0","0","0","0","자가","0","0","N","36.99","","","",
"1768","집단급식소","07_21_02_P","4191000","4191000-105-2005-00030","2005-12-30","","03","폐업","02","폐업","2025-04-16","","","","033 7610380","19.85","","강원특별자치도 원주시 단구동 1458-3","강원특별자치도 원주시 송림길 78-58 (단구동)","26449","한아름유치원","2025-04-16 16:27:13","U","2025-04-18 02:40:00","어린이집","284505.431146219","425678.365649931","어린이집","0","0","","","상수도전용","0","0","0","0","0","자가","0","0","N","19.85","","","",
"1769","집단급식소","07_21_02_P","4191000","4191000-105-2006-00001","2006-01-04","","03","폐업","02","폐업","2017-06-29","","","","033 7316471","47.32","","강원특별자치도 원주시 부론면 법천리 1383","강원특별자치도 원주시 부론면 법천시장길 65-10","26498","부론어린이집","2017-06-29 16:50:44","I","2023-06-13 00:00:00","집단급식소","266584.421218528","411913.465069061","집단급식소","0","0","","","간이상수도","0","0","0","0","0","자가","0","0","N","20.89","","","",
"1770","집단급식소","07_21_02_P","4191000","4191000-105-2019-00005","2019-03-28","","03","폐업","02","폐업","2023-03-13","","","","033 7323192","33.35","","강원특별자치도 원주시 일산동 194-5 YWCA 1층","강원특별자치도 원주시 천사로 190, YWCA 1층 (일산동)","26427","원주YWCA어린이집","2023-03-13 14:53:52","I","2023-06-13 00:00:00","어린이집","283701.447625784","427980.225543172","어린이집","0","0","","","상수도전용","0","0","0","0","0","","0","0","N","17.5","","","",
"1771","집단급식소","07_21_02_P","4191000","4191000-105-2019-00007","2019-04-05","","03","폐업","02","폐업","2022-02-21","","","","033 7327508","239.31","","강원특별자치도 원주시 문막읍 비두리 843 비두초등학교","강원특별자치도 원주시 문막읍 귀문로 1070, 비두초등학교","26496","비두초등학교","2022-02-21 17:26:58","I","2023-06-13 00:00:00","학교","273995.082043064","418025.134569168","학교","0","0","","","지하수전용","0","0","0","0","0","","0","0","N","57.94","","","",
"1772","집단급식소","07_21_02_P","4191000","4191000-105-2019-00008","2019-04-19","","03","폐업","02","폐업","2021-08-02","","","","","18.21","","강원특별자치도 원주시 지정면 가곡리 1453 EG-the1 아파트 1층 418동","강원특별자치도 원주시 지정면 신지정로 325, 418동 1층 (EG-the1 아파트)","26346","이지더원어린이집","2021-08-02 15:59:14","I","2023-06-13 00:00:00","어린이집","277036.571483431","431576.865933814","어린이집","0","0","","","상수도전용","0","0","0","0","0","","0","0","N","15.33","","","",
"1773","집단급식소","07_21_02_P","4191000","4191000-105-2019-00009","2019-05-14","","03","폐업","02","폐업","2024-12-26","","","","","575.55","","강원특별자치도 원주시 단구동 702 6층","강원특별자치도 원주시 서원대로 491, 6층 (단구동)","26450","(주)케이티아이에스구내식당","2024-12-26 16:08:09","U","2024-12-28 02:40:00","산업체","284828.718192767","425333.169206599","산업체","0","0","","","상수도전용","0","3","0","0","0","","0","0","N","69.3","","","",
"1774","집단급식소","07_21_02_P","4191000","4191000-105-1990-00019","1990-06-27","","03","폐업","02","폐업","2015-09-18","","","","033 742 5408","24.78","","강원특별자치도 원주시 봉산동 816-2","강원특별자치도 원주시 현석길 30, 지상1층 (봉산동)","26331","봉산어린이집","2014-12-01 13:30:34","I","2023-06-13 00:00:00","집단급식소","285518.317665093","427231.637217477","집단급식소","0","0","","","상수도전용","0","0","0","0","0","","0","0","N","7.78","","","",
"1775","집단급식소","07_21_02_P","4191000","4191000-105-1990-00020","1990-06-27","","03","폐업","02","폐업","2007-06-21","","","","033 7320075","","","강원특별자치도 원주시 우산동 458-5","","","군인공제회제일식품사업소","2006-05-16 00:00:00","I","2023-06-13 00:00:00","집단급식소","283021.316176999","431483.773294014","집단급식소","0","0","","","상수도전용","0","0","0","0","0","","0","0","N","0","","","",
"1776","집단급식소","07_21_02_P","4191000","4191000-105-2015-00013","2015-06-05","","03","폐업","02","폐업","2017-12-21","","","","","77.89","","강원특별자치도 원주시 문막읍 동화리 1675-2 동화산업단지공동직장,지상1층","강원특별자치도 원주시 문막읍 동화공단로 77, 지상1층 (동화산업단지공동직장)","26365","동화속어린이집","2017-12-21 15:48:03","I","2023-06-13 00:00:00","어린이집","274618.614938514","426090.573964775","어린이집","0","0","","","상수도전용","0","0","0","0","0","","0","0","N","29.76","","","",
"1777","집단급식소","07_21_02_P","4191000","4191000-105-2015-00014","2015-06-09","","03","폐업","02","폐업","2022-02-07","","","","033 7330016","41.58","","강원특별자치도 원주시 일산동 291-4","강원특별자치도 원주시 일산초교길 14-18, 4층 (일산동)","26427","연세로얄요양원","2022-02-07 17:19:20","I","2023-06-13 00:00:00","사회복지시설","283534.442244964","427460.354765178","사회복지시설","0","0","","","상수도전용","0","0","0","0","0","","0","0","N","21.42","","","",
"1778","집단급식소","07_21_02_P","4191000","4191000-105-2015-00018","2015-07-01","","03","폐업","02","폐업","2016-03-30","","","","","8.59","","강원특별자치도 원주시 문막읍 문막리 432-2 지상1층","강원특별자치도 원주시 문막읍 건등로 10-18, 지상1층","26370","문막성모유치원","2015-07-22 15:23:02","I","2023-06-13 00:00:00","어린이집","272491.343842324","423476.97098259","어린이집","0","0","","","상수도전용","0","0","0","0","0","","0","0","N","8.59","","","",
"1779","집단급식소","07_21_02_P","4191000","4191000-105-2015-00019","2015-08-17","","03","폐업","02","폐업","2022-01-14","","","","033 902 6361","212.87","","강원특별자치도 원주시 반곡동 1914-1 업무동 3층","강원특별자치도 원주시 세계로 2, 업무동 3층 (반곡동)","26464","한국광해광업공단","2022-01-14 15:19:50","I","2023-06-13 00:00:00","공공기관","287528.706313883","425075.409703903","공공기관","0","0","","","상수도전용","0","0","0","0","0","","0","0","N","58.83","","","",
"1780","집단급식소","07_21_02_P","4191000","4191000-105-2015-00021","2015-09-09","","03","폐업","02","폐업","2017-01-28","","","","033 812 3800","211.95","","강원특별자치도 원주시 지정면 신평리 0 원주시업도시 연구블럭 41,지상1층","강원특별자치도 원주시 지정면 기업도시로 168, 지상1층","26354","(주)인성메디칼","2017-08-09 13:39:33","I","2023-06-13 00:00:00","산업체","277716.759142604","430369.034557911","산업체","0","0","","","상수도전용","0","0","0","0","0","","0","0","N","37.62","","","",
"1781","집단급식소","07_21_02_P","4191000","4191000-105-2015-00022","2015-09-10","","03","폐업","02","폐업","2017-06-07","","","","","218.57","","강원특별자치도 원주시 문막읍 반계리 2236 지상1층 1동","강원특별자치도 원주시 문막읍 문막공단길 75, 1동 지상1층","26362","주식회사한라홀딩스원주센터","2017-06-07 11:48:55","I","2023-06-13 00:00:00","기타 집단급식소","271326.003121011","421685.860361495","기타 집단급식소","0","0","","","상수도전용","0","0","0","0","0","","0","0","N","74.9","","","",
"1782","집단급식소","07_21_02_P","4191000","4191000-105-2015-00023","2015-09-18","","03","폐업","02","폐업","2020-07-09","","","","033 7425408","24.78","","강원특별자치도 원주시 봉산동 816-2","강원특별자치도 원주시 현석길 30, 1층 (봉산동)","26331","봉산어린이집","2020-07-09 17:45:42","I","2023-06-13 00:00:00","어린이집","285518.317665093","427231.637217477","어린이집","0","0","","","상수도전용","0","0","0","0","0","","0","0","N","7.78","","","",
"1783","집단급식소","07_21_02_P","4191000","4191000-105-2015-00024","2015-09-24","","03","폐업","02","폐업","2018-12-30","","","","033738 1273","830.50","","강원특별자치도 원주시 문막읍 882","강원특별자치도 원주시 문막읍 견훤로 815, 1층","26495","경동대학교(라일락카페테리아)","2019-08-07 17:25:16","I","2023-06-13 00:00:00","학교","270376.914270365","418451.827583191","학교","0","0","","","상수도전용","0","0","0","0","0","","0","0","N","322","","","",
"1784","집단급식소","07_21_02_P","4191000","4191000-105-2015-00026","2015-10-21","","03","폐업","02","폐업","2016-06-20","","","","","73.81","","강원특별자치도 원주시 명륜동 769-1","강원특별자치도 원주시 서원대로 308-23 (명륜동)","26479","제일유치원","2015-10-23 10:17:44","I","2023-06-13 00:00:00","기타 집단급식소","283156.892249148","426371.272900956","기타 집단급식소","0","0","","","상수도전용","0","1","0","0","0","","0","0","N","20.81","","","",
"1785","집단급식소","07_21_02_P","4191000","4191000-105-2019-00011","2019-06-27","","03","폐업","02","폐업","2025-05-15","","","","033 8131646","","","강원특별자치도 원주시 문막읍 동화리 762-5","강원특별자치도 원주시 문막읍 덕난이길 29","26366","킨더바움어린이집","2025-05-15 16:58:28","U","2025-05-17 02:40:00","어린이집","274086.613393062","425287.893616623","어린이집","0","0","","","상수도전용","0","0","0","0","0","","0","0","N","0","","","",
"1786","집단급식소","07_21_02_P","4191000","4191000-105-2019-00014","2019-07-31","","03","폐업","02","폐업","2022-11-16","","","","033 7487676","75.90","","강원특별자치도 원주시 지정면 신평리 1079 1층 4동","강원특별자치도 원주시 지정면 신평로 12, 4동 1층","26348","(주)쉬크","2022-11-16 13:36:00","I","2023-06-13 00:00:00","기타 집단급식소","278759.371741875","430569.875507032","기타 집단급식소","0","0","","","상수도전용","0","0","0","0","0","","0","0","N","12.5","","","",
"1787","집단급식소","07_21_02_P","4191000","4191000-105-2019-00015","2019-08-08","","03","폐업","02","폐업","2021-11-05","","","","","405.30","","강원특별자치도 원주시 지정면 월송리 산 2-2 1층","강원특별자치도 원주시 지정면 신평석화로 236, 1층","26358","동서울레스피아","2021-11-05 10:18:36","I","2023-06-13 00:00:00","수련원","","","수련원","0","0","","","전용상수도(특정시설의 자가용 수도)","0","5","0","0","0","","0","0","N","51.51","","","",
"1788","집단급식소","07_21_02_P","4191000","4191000-105-2008-00008","2008-05-15","","03","폐업","02","폐업","2012-09-14","","","","033 764 3456","15.72","","강원특별자치도 원주시 관설동 1377","강원특별자치도 원주시 갈촌길 80 (관설동)","26470","토마몬테소리어린이집","2008-07-16 11:00:09","I","2023-06-13 00:00:00","집단급식소","285553.768165794","423635.03666936","집단급식소","0","0","","","지하수전용","0","0","0","0","0","","0","0","N","15.72","","","",
"1789","집단급식소","07_21_02_P","4191000","4191000-105-2008-00009","2008-05-20","","03","폐업","02","폐업","2020-08-06","","","","033 734 1053","37.38","","강원특별자치도 원주시 행구동 1610-1","강원특별자치도 원주시 행구로 215 (행구동)","26454","영강어린이집","2020-08-06 14:36:45","I","2023-06-13 00:00:00","어린이집","286765.308190364","427346.253681011","어린이집","0","0","","","상수도전용","0","0","0","0","0","","0","0","N","37.38","","","",
"1790","집단급식소","07_21_02_P","4191000","4191000-105-2008-00011","2008-06-25","","03","폐업","02","폐업","2010-02-19","","","","033 734 0852","6.60","","강원특별자치도 원주시 문막읍 문막리 224-2","","","키드피아어린이집","2008-07-11 15:08:40","I","2023-06-13 00:00:00","집단급식소","272198.249210827","422785.890561699","집단급식소","0","0","","","상수도전용","0","0","0","0","0","","0","0","N","6.6","","","",
"1791","집단급식소","07_21_02_P","4191000","4191000-105-1990-00024","1990-06-29","","03","폐업","02","폐업","2011-04-18","","","","033 7632038","","","강원특별자치도 원주시 단구동 548","","","통일유치원","2011-03-07 17:07:05","I","2023-06-13 00:00:00","집단급식소","","","집단급식소","0","0","","","상수도전용","0","0","0","0","0","","0","0","N","0","","","",
"1792","집단급식소","07_21_02_P","4191000","4191000-105-1990-00027","1990-07-04","","03","폐업","02","폐업","2004-09-21","","","","033 7420131","","","강원특별자치도 원주시 우산동 400-1","","","삼양유지사료원주공장","2001-09-19 00:00:00","I","2023-06-13 00:00:00","집단급식소","283160.474722086","431248.631238086","집단급식소","0","0","","","상수도전용","0","0","0","0","0","","0","0","N","0","","","",
"1793","집단급식소","07_21_02_P","4191000","4191000-105-1990-00028","1990-07-06","","03","폐업","02","폐업","2018-05-30","","","","033 7323192","","","강원특별자치도 원주시 일산동 194","","","Y.W.C.A 어린이집","2018-05-30 09:32:41","I","2023-06-13 00:00:00","어린이집","","","어린이집","0","0","","","상수도전용","0","0","0","0","0","","0","0","N","0","","","",
"1794","집단급식소","07_21_02_P","4191000","4191000-105-1990-00031","1990-07-13","","03","폐업","02","폐업","2017-06-15","","","","033 7630511","","","강원특별자치도 원주시 단구동 61-12","강원특별자치도 원주시 치악로1534번길 18-1 (단구동)","26452","숲으로유치원","2017-06-15 16:28:57","I","2023-06-13 00:00:00","집단급식소","285597.180355631","424865.263362553","집단급식소","0","0","","","상수도전용","0","0","0","0","0","","0","0","N","0","","","",
"1795","집단급식소","07_21_02_P","4191000","4191000-105-1990-00032","1990-07-20","","03","폐업","02","폐업","2023-12-29","","","","033 7425181","","","강원특별자치도 원주시 우산동 411-6","강원특별자치도 원주시 우산공단길 10 (우산동)","26336","한일전기(주)","2023-12-29 11:29:37","U","2023-12-31 02:40:00","산업체","283375.420192584","430796.986639075","산업체","0","0","","","상수도전용","0","0","0","0","0","","0","0","N","0","","","",
"1796","집단급식소","07_21_02_P","4191000","4191000-105-1991-00001","1991-03-15","","03","폐업","02","폐업","2002-04-30","","","","033 7428710","","","강원특별자치도 원주시 우산동 307","","","원주진광신용협동조합","2001-09-19 00:00:00","I","2023-06-13 00:00:00","집단급식소","","","집단급식소","0","0","","","","0","0","0","0","0","","0","0","N","0","","","",
"1797","집단급식소","07_21_02_P","4191000","4191000-105-1992-00002","1992-06-25","","03","폐업","02","폐업","2007-01-19","","","","033 7477081","","","강원특별자치도 원주시 태장동 1720-14","","","(주)피아트","2005-08-03 00:00:00","I","2023-06-13 00:00:00","집단급식소","283761.415575466","434162.803464379","집단급식소","0","0","","","상수도전용","0","0","0","0","0","","0","0","N","0","","","",
"1798","집단급식소","07_21_02_P","4191000","4191000-105-1992-00003","1992-03-20","","03","폐업","02","폐업","2017-06-09","","","","033 731 8214","","","강원특별자치도 원주시 소초면 학곡리 667","강원특별자치도 원주시 소초면 토동길 20","26304","교학초등학교","2017-06-09 15:27:31","I","2023-06-13 00:00:00","집단급식소","293306.934230773","437567.001196404","집단급식소","0","0","","","지하수전용","0","0","0","0","0","","0","0","N","0","","","",
"1799","집단급식소","07_21_02_P","4191000","4191000-105-1993-00002","1993-03-30","","03","폐업","02","폐업","2005-12-30","","","","033 7327508","","","강원특별자치도 원주시 문막읍 비두리 401","","","비두초등학교","2005-08-03 00:00:00","I","2023-06-13 00:00:00","집단급식소","","","집단급식소","0","0","","","","0","0","0","0","0","","0","0","N","0","","","",
"1800","집단급식소","07_21_02_P","4191000","4191000-105-1993-00004","1993-10-05","","03","폐업","02","폐업","2002-05-02","","","","033 7329954","","","강원특별자치도 원주시 지정면 간현리 1108-11","","","간현수련의집","2002-05-01 00:00:00","I","2023-06-13 00:00:00","집단급식소","272845.513204923","429828.547117361","집단급식소","0","0","","","","0","0","0","0","0","","0","0","N","0","","","",
"1801","집단급식소","07_21_02_P","4191000","4191000-105-2015-00027","2015-11-16","","03","폐업","02","폐업","2019-10-25","","","","033 734 2104","23.70","","강원특별자치도 원주시 행구동 129-3 지상1층","강원특별자치도 원주시 고문골길 77-47, 지상1층 (행구동)","26455","성무유치원","2019-10-25 10:50:28","I","2023-06-13 00:00:00","어린이집","289484.675193462","426959.290000844","어린이집","0","0","","","지하수전용","0","0","0","0","0","","0","0","N","14.4","","","",
"1802","집단급식소","07_21_02_P","4191000","4191000-105-2008-00013","2008-11-14","","03","폐업","02","폐업","2015-04-27","","","","033 744 5444","0.00","","강원특별자치도 원주시 단계동 573-5","강원특별자치도 원주시 무상길 45-32 (단계동)","26408","숲속나라어린이집","2014-11-01 15:42:39","I","2023-06-13 00:00:00","집단급식소","281765.386994753","429092.381915298","집단급식소","0","0","","","상수도전용","0","0","0","0","0","","0","0","N","0","","","",
"1803","집단급식소","07_21_02_P","4191000","4191000-105-2008-00014","2008-12-02","","03","폐업","02","폐업","2020-01-17","","","","033 765 0733","","","강원특별자치도 원주시 명륜동 836-1 (3층)","강원특별자치도 원주시 남원로469번길 25-22 (명륜동,(3층))","26482","별마로유치원","2020-01-17 09:58:50","I","2023-06-13 00:00:00","어린이집","283341.046953536","425468.627786968","어린이집","0","0","","","상수도전용","0","0","0","0","0","","0","0","N","0","","","",
"1804","집단급식소","07_21_02_P","4191000","4191000-105-2009-00001","2009-01-02","","03","폐업","02","폐업","2012-09-05","","","","033 748 2500","0.00","","강원특별자치도 원주시 행구동 583-1","강원특별자치도 원주시 서천담길 36 (행구동)","26455","KJ어린이집","2011-10-20 17:22:26","I","2023-06-13 00:00:00","집단급식소","288928.569434739","427660.738198119","집단급식소","0","0","","","지하수전용","0","0","0","0","0","","0","0","N","0","","","",
"1805","집단급식소","07_21_02_P","4191000","4191000-105-2009-00005","2009-03-13","","03","폐업","02","폐업","2017-09-04","","","","033 742 3637","20.26","","강원특별자치도 원주시 학성동 972 학성동성당","강원특별자치도 원주시 송계1길 9 (학성동,학성동성당)","26413","백합유치원","2017-09-04 15:53:18","I","2023-06-13 00:00:00","어린이집","283075.284760789","428818.021772517","어린이집","0","0","","","상수도전용","0","0","0","0","0","","0","0","N","11.14","","","",
"1806","집단급식소","07_21_02_P","4191000","4191000-105-2009-00006","2009-03-17","","03","폐업","02","폐업","2015-12-10","","","","033 737 4651","0.00","","강원특별자치도 원주시 무실동 1","강원특별자치도 원주시 시청로 1 (무실동)","26384","원주시청어린이집","2014-12-01 10:43:49","I","2023-06-13 00:00:00","집단급식소","281363.212332511","426976.044990489","집단급식소","0","0","","","상수도전용","0","0","0","0","0","","0","0","N","0","","","",
"1807","집단급식소","07_21_02_P","4191000","4191000-105-2009-00007","2009-04-22","","03","폐업","02","폐업","2016-05-20","","","","033 734 3301","30.15","","강원특별자치도 원주시 문막읍 동화리 1193","강원특별자치도 원주시 문막읍 큰애니길 17","26366","늘찬어린이집","2011-10-20 17:24:39","I","2023-06-13 00:00:00","집단급식소","273855.532717613","425041.781814961","집단급식소","0","0","","","지하수전용","0","2","0","0","0","","0","0","N","24.17","","","",
"1808","집단급식소","07_21_02_P","4191000","4191000-105-2009-00009","2009-06-16","","03","폐업","02","폐업","2016-04-15","","","","","96.75","","강원특별자치도 원주시 신림면 용암리 699-1","강원특별자치도 원주시 신림면 용소막길 20-1","26506","노블인원주요양병원","2015-11-23 17:20:07","I","2023-06-13 00:00:00","집단급식소","296522.917048562","413217.195619627","집단급식소","0","0","","","지하수전용","0","4","0","0","0","","0","0","N","88.25","","","",
"1809","집단급식소","07_21_02_P","4191000","4191000-105-2009-00010","2009-10-19","","03","폐업","02","폐업","2011-06-09","","","","033 735 8160","6.82","","강원특별자치도 원주시 문막읍 동화리 762-5","","","문막서머힐 어린이집","2011-02-10 09:47:26","I","2023-06-13 00:00:00","집단급식소","274086.613393062","425287.893616623","집단급식소","0","0","","","지하수전용","0","0","0","0","0","","0","0","N","14.02","","","",
"1810","집단급식소","07_21_02_P","4191000","4191000-105-2009-00011","2009-11-05","","03","폐업","02","폐업","2014-04-30","","","","","266.28","","강원특별자치도 원주시 호저면 옥산리 589-4","강원특별자치도 원주시 호저면 호저로 653-13","26302","대일기숙학원","2012-06-22 16:12:02","I","2023-06-13 00:00:00","집단급식소","281348.796537782","436806.391064445","집단급식소","0","0","","","지하수전용","0","0","0","0","0","","0","0","N","36.58","","","",
"1811","집단급식소","07_21_02_P","4191000","4191000-105-2014-00013","2014-09-30","","03","폐업","02","폐업","2018-05-17","","","","033 730 6014","312.48","","강원특별자치도 원주시 문막읍 동화리 1532 지하1층","강원특별자치도 원주시 문막읍 왕건로 114, 지하1층","26367","(주)만도","2018-05-17 15:06:19","I","2023-06-13 00:00:00","산업체","273548.146151752","425666.557972653","산업체","0","0","","","상수도전용","0","0","0","0","0","","0","0","N","74.88","","","",
"1812","집단급식소","07_21_02_P","4191000","4191000-105-2014-00017","2014-12-23","","03","폐업","02","폐업","2016-06-30","","","","033 7696028","157.66","","강원특별자치도 원주시 지정면 판대리 599-9","강원특별자치도 원주시 지정면 구재로 229","26357","산림항공본부","2017-01-13 16:56:14","I","2023-06-13 00:00:00","집단급식소","270742.615019699","434673.001693427","집단급식소","0","0","","","지하수전용","0","0","0","0","0","","0","0","N","60.16","","","",
"1813","집단급식소","07_21_02_P","4191000","4191000-105-2015-00003","2015-03-02","","03","폐업","02","폐업","2015-06-02","","","","","77.89","","강원특별자치도 원주시 문막읍 동화리 1675-2 동화산업단지공동직장어린이집2,지상1층","강원특별자치도 원주시 문막읍 동화공단로 77, 지상1층 (동화산업단지공동직장어린이집2)","26365","동화속어린이집","2015-03-09 14:26:11","I","2023-06-13 00:00:00","집단급식소","274618.614938514","426090.573964775","집단급식소","0","0","","","상수도전용","0","0","0","0","0","","0","0","N","29.76","","","",
"1814","집단급식소","07_21_02_P","4191000","4191000-105-2015-00004","2015-03-16","","03","폐업","02","폐업","2018-07-02","","","","","46.00","","강원특별자치도 원주시 반곡동 1809-13 지상1층","","","국공립원주보듬이나눔이어린이집","2018-07-02 14:47:59","I","2023-06-13 00:00:00","어린이집","286240.742262371","426171.768421707","어린이집","0","0","","","상수도전용","0","0","0","0","0","","0","0","N","22","","","",
"1815","집단급식소","07_21_02_P","4191000","4191000-105-2015-00008","2015-04-13","","03","폐업","02","폐업","2016-02-25","","","","033 760 8101","66.72","","강원특별자치도 원주시 흥업면 흥업리 7 외43필지,지상1층,2동","강원특별자치도 원주시 흥업면 남원로 150, 지상1층 (2동)","26403","강릉원주대학교소비자생활협동조합","2015-04-17 11:56:38","I","2023-06-13 00:00:00","집단급식소","281822.359734262","422948.015239602","집단급식소","0","0","","","상수도전용","0","0","0","0","0","","0","0","N","66.72","","","",
"1816","집단급식소","07_21_02_P","4191000","4191000-105-2015-00010","2015-04-27","","03","폐업","02","폐업","2025-04-24","","","","033 744 5444","14.40","","강원특별자치도 원주시 단계동 573-5 지상2층","강원특별자치도 원주시 무상길 45-32, 지상2층 (단계동)","26408","숲속나라어린이집","2025-04-24 17:16:11","U","2025-04-26 02:40:00","어린이집","281765.386994753","429092.381915298","어린이집","0","0","","","상수도전용","0","0","0","0","0","","0","0","N","13.68","","","",
"1817","집단급식소","07_21_02_P","4191000","4191000-105-2004-00010","2004-09-21","","03","폐업","02","폐업","2012-02-21","","","","033 7493190","44.10","","강원특별자치도 원주시 우산동 400-3","","","수퍼피드 주식회사","2009-01-29 16:17:32","I","2023-06-13 00:00:00","집단급식소","283146.306863365","431065.856749094","집단급식소","0","0","","","상수도전용","0","0","0","0","0","","0","0","N","184.37","","","",
"1818","집단급식소","07_21_02_P","4191000","4191000-105-2021-00031","2021-12-08","","03","폐업","02","폐업","2023-06-28","","","","","73.53","","강원특별자치도 원주시 행구동 249-3","강원특별자치도 원주시 웃거름터길 55 (행구동)","26455","노블레스요양원","2023-06-28 11:40:48","U","2023-06-30 02:40:00","사회복지시설","289028.986447587","427776.440183254","사회복지시설","0","0","","","","0","0","0","0","0","","0","0","N","16.95","","","",
"1819","집단급식소","07_21_02_P","4191000","4191000-105-2022-00005","2022-03-14","","03","폐업","02","폐업","2022-04-07","","","","","","","강원특별자치도 원주시 우산동 230-9","강원특별자치도 원주시 우산초교길 28-2, 201호 (우산동)","26342","원주푸드","2022-04-07 09:41:53","I","2023-06-13 00:00:00","산업체","283059.173773439","429935.810664099","산업체","0","0","","","","0","0","0","0","0","","0","0","N","0","","","",
"1820","집단급식소","07_21_02_P","4191000","4191000-105-2004-00014","2004-10-21","","03","폐업","02","폐업","2015-04-13","","","","033 7608101","66.72","","강원특별자치도 원주시 흥업면 흥업리 7","강원특별자치도 원주시 흥업면 남원로 150","26403","강릉원주대학교(학생회관)","2014-01-22 09:43:31","I","2023-06-13 00:00:00","집단급식소","281822.359734262","422948.015239602","집단급식소","0","0","","","상수도전용","0","0","0","0","0","","0","0","N","283.88","","","",
"1821","집단급식소","07_21_02_P","4191000","4191000-105-2004-00015","2004-10-25","","03","폐업","02","폐업","2018-08-21","","","","033 7638676","100.34","","강원특별자치도 원주시 흥업면 흥업리 7","강원특별자치도 원주시 흥업면 남원로 150","26403","강릉원주대학교(생활관)","2018-08-21 17:11:28","I","2023-06-13 00:00:00","기숙사","281822.359734262","422948.015239602","기숙사","0","0","","","상수도전용","0","0","0","0","0","","0","0","N","377.57","","","",
"1822","집단급식소","07_21_02_P","4191000","4191000-105-2005-00002","2005-02-18","","03","폐업","02","폐업","2006-10-01","","","","033 7300136","484.40","","강원특별자치도 원주시 우산동 660","","","상지대학교창조관","2006-05-04 00:00:00","I","2023-06-13 00:00:00","집단급식소","282151.822954944","430257.366976729","집단급식소","0","0","","","상수도전용","0","0","0","0","0","","0","0","N","1061.14","","","",
"1823","집단급식소","07_21_02_P","4191000","4191000-105-2005-00006","2005-03-14","","03","폐업","02","폐업","2016-03-04","","","","033 765 8116","41.18","","강원특별자치도 원주시 개운동 349","강원특별자치도 원주시 남원로602번길 34 (개운동)","26446","원주삼성어린이집","2011-10-20 17:21:13","I","2023-06-13 00:00:00","집단급식소","284191.495942947","426298.644540701","집단급식소","0","0","","","상수도전용","0","0","0","0","0","","0","0","N","106.86","","","",
"1824","집단급식소","07_21_02_P","4191000","4191000-105-2005-00007","2005-03-16","","03","폐업","02","폐업","2016-09-05","","","","033 7431004","51.00","","강원특별자치도 원주시 봉산동 753-1","강원특별자치도 원주시 개륜1길 63 (봉산동)","26331","두울천사들의집","2016-01-08 11:42:50","I","2023-06-13 00:00:00","집단급식소","285599.968199524","428052.5578566","집단급식소","0","0","","","지하수전용","0","0","0","0","0","","0","0","N","134.92","","","",
"1825","집단급식소","07_21_02_P","4191000","4191000-105-2005-00009","2005-03-23","","03","폐업","02","폐업","2017-09-05","","","","033 7317857","84.04","","강원특별자치도 원주시 호저면 광격리 628","강원특별자치도 원주시 호저면 광학로 89","26302","장주기요셉재활원","2017-09-05 14:53:24","I","2023-06-13 00:00:00","사회복지시설","282552.714601646","439723.371641187","사회복지시설","0","0","","","지하수전용","0","0","0","0","0","","0","0","N","302.72","","","",
"1826","집단급식소","07_21_02_P","4191000","4191000-105-2013-00002","2013-01-31","","03","폐업","02","폐업","2015-09-09","","","","","218.57","","강원특별자치도 원주시 문막읍 반계리 2236 1동","강원특별자치도 원주시 문막읍 문막공단길 75, 1동 1층","26362","한라마이스터유한회사원주센터","2014-12-02 17:36:06","I","2023-06-13 00:00:00","집단급식소","271326.003121011","421685.860361495","집단급식소","0","0","","","상수도전용","0","0","0","0","0","","0","0","N","74.9","","","",
"1827","집단급식소","07_21_02_P","4191000","4191000-105-2013-00003","2013-02-28","","03","폐업","02","폐업","2024-11-29","","","","033 731 1200","1320.86","","강원특별자치도 원주시 문막읍 후용리 58-2 외49필지","강원특별자치도 원주시 문막읍 견훤로 815 (경동대학문막캠퍼스)","26495","경동대학교문막캠퍼스구내식당","2024-11-29 11:37:06","U","2024-12-01 02:40:00","학교","270376.914270365","418451.827583191","학교","0","0","","","전용상수도(특정시설의 자가용 수도)","0","0","0","0","0","","0","0","N","324.23","","","",
"1828","집단급식소","07_21_02_P","4191000","4191000-105-2013-00004","2013-04-01","","03","폐업","02","폐업","2018-03-14","","","","033 763 1282","14.63","","강원특별자치도 원주시 명륜동 710-2","강원특별자치도 원주시 예술관길 30-1, 1층 (명륜동)","26479","주립어린이집","2018-03-14 13:31:43","I","2023-06-13 00:00:00","어린이집","283352.784696007","426089.185328128","어린이집","0","0","","","상수도전용","0","0","0","0","0","","0","0","N","0","","","",
"1829","집단급식소","07_21_02_P","4191000","4191000-105-2013-00006","2013-05-23","","03","폐업","02","폐업","2016-04-11","","","","","115.44","","강원특별자치도 원주시 문막읍 동화리 1665-3 1층","강원특별자치도 원주시 문막읍 동화공단로 101-3, 1층","26365","(주)일월코퍼레이션","2013-07-11 10:25:13","I","2023-06-13 00:00:00","집단급식소","274369.069341935","425866.269572684","집단급식소","0","0","","","상수도전용","0","1","0","0","0","","0","0","N","22.33","","","",
"1830","집단급식소","07_21_02_P","4191000","4191000-105-2013-00008","2013-06-17","","03","폐업","02","폐업","2017-03-27","","","","033 747 4044","15.00","","강원특별자치도 원주시 소초면 의관리 542-5 공군제8전투비행단내","","","명성어린이집","2017-03-27 10:35:47","I","2023-06-13 00:00:00","집단급식소","285135.957070189","436772.596058489","집단급식소","0","0","","","상수도전용","0","0","0","0","0","","0","0","N","24.07","","","",
"1831","집단급식소","07_21_02_P","4191000","4191000-105-1990-00014","1990-05-23","","03","폐업","02","폐업","2004-09-17","","","","033 7300573","","","강원특별자치도 원주시 우산동 산 41","","","상지대학교기숙사","2001-09-18 00:00:00","I","2023-06-13 00:00:00","집단급식소","","","집단급식소","0","0","","","상수도전용","0","0","0","0","0","","0","0","N","0","","","",
"1832","집단급식소","07_21_02_P","4191000","4191000-105-1990-00015","1990-06-25","","03","폐업","02","폐업","2015-12-04","","","","033 7479333","","","강원특별자치도 원주시 태장동 729-3","강원특별자치도 원주시 육판길 1 (태장동)","26323","자신보육원","2014-12-08 13:47:00","I","2023-06-13 00:00:00","집단급식소","284693.41459951","428658.623426679","집단급식소","0","0","","","상수도전용","0","0","0","0","0","","0","0","N","0","","","",
"1833","집단급식소","07_21_02_P","4191000","4191000-105-1990-00016","1990-06-25","","03","폐업","02","폐업","2016-08-19","","","","033 742 7373","15.14","","강원특별자치도 원주시 태장동 1033-2","강원특별자치도 원주시 현충로 261 (태장동)","26320","태장어린이집","2014-11-15 14:14:19","I","2023-06-13 00:00:00","집단급식소","284020.187393655","430970.272502386","집단급식소","0","0","","","상수도전용","0","0","0","0","0","","0","0","N","164.91","","","",
"1834","집단급식소","07_21_02_P","4191000","4191000-105-2013-00011","2013-08-16","","03","폐업","02","폐업","2018-04-02","","","","033 7643456","28.40","","강원특별자치도 원주시 관설동 1377","강원특별자치도 원주시 갈촌길 80, 3층 (관설동)","26470","토마몬테소리어린이집","2018-04-02 13:22:52","I","2023-06-13 00:00:00","어린이집","285553.768165794","423635.03666936","어린이집","0","0","","","상수도전용","0","0","0","0","0","","0","0","N","24.48","","","",
"1835","집단급식소","07_21_02_P","4191000","4191000-105-2013-00013","2013-09-10","","03","폐업","02","폐업","2019-12-20","","","","033 735 8787","23.60","","강원특별자치도 원주시 문막읍 동화리 669-1","강원특별자치도 원주시 문막읍 성아길 22-1, 지상1층","26372","보듬어린이집","2019-12-20 13:52:32","I","2023-06-13 00:00:00","어린이집","274279.76871811","424552.839509688","어린이집","0","0","","","상수도전용","0","0","0","0","0","","0","0","N","23.6","","","",
"1836","집단급식소","07_21_02_P","4191000","4191000-105-2013-00015","2013-09-27","","03","폐업","02","폐업","2014-07-01","","","","033 765 0083","65.37","","강원특별자치도 원주시 중앙동 144 외1필지 중앙메디컬센터 501호","강원특별자치도 원주시 평원로 33 (중앙동, 외1필지 중앙메디컬센터 501호)","26428","원주실버요양센터1","2013-10-02 17:20:43","I","2023-06-13 00:00:00","집단급식소","284294.18706528","427898.047334027","집단급식소","0","0","","","상수도전용","0","3","0","0","0","","0","0","N","28","","","",
"1837","집단급식소","07_21_02_P","4191000","4191000-105-2013-00018","2013-11-04","","03","폐업","02","폐업","2020-08-10","","","","","10.73","","강원특별자치도 원주시 반곡동 1805 1층","강원특별자치도 원주시 늘품로 199 (반곡동, 1층)","26458","반곡한울어린이집","2020-08-10 15:23:14","I","2023-06-13 00:00:00","어린이집","285366.193270224","426297.745351932","어린이집","0","0","","","상수도전용","0","0","0","0","0","","0","0","N","10.73","","","",
"1838","집단급식소","07_21_02_P","4191000","4191000-105-2013-00019","2013-12-23","","03","폐업","02","폐업","2015-11-23","","","","033 749 3886","251.60","","강원특별자치도 원주시 반곡동 2047-7 지상6층","","","한국보훈복지의료공단식당","2015-11-16 16:36:01","I","2023-06-13 00:00:00","집단급식소","286595.950097055","425055.288740147","집단급식소","0","0","","","상수도전용","0","3","0","0","0","","0","0","Y","91.6","","","",
"1839","집단급식소","07_21_02_P","4191000","4191000-105-2014-00003","2014-04-08","","03","폐업","02","폐업","2022-10-19","","","","033 735 4967","15.30","","강원특별자치도 원주시 개운동 435-2 지상1층 프라임어린이집","강원특별자치도 원주시 송림길 12-6 (개운동, 지상1층 프라임어린이집)","26448","프라임어린이집","2022-10-19 13:19:23","I","2023-06-13 00:00:00","어린이집","284057.659636168","426193.035117709","어린이집","0","0","","","상수도전용","0","0","0","0","0","","0","0","N","15.3","","","",
"1840","집단급식소","07_21_02_P","4191000","4191000-105-2012-00016","2012-07-16","","03","폐업","02","폐업","2013-05-20","","","","033 743 0011","67.42","","강원특별자치도 원주시 일산동 193-20 외1필지 대륙빌딩6층","강원특별자치도 원주시 천사로 200, 대륙빌딩6층 (일산동)","26427","다현요양센터","2013-01-20 16:38:44","I","2023-06-13 00:00:00","집단급식소","283781.165485211","428031.852385448","집단급식소","0","0","","","상수도전용","0","2","0","0","0","","0","0","N","26.95","","","",
"1841","집단급식소","07_21_02_P","4191000","4191000-105-2012-00017","2012-07-23","","03","폐업","02","폐업","2016-07-08","","","","033 764 2495","20.47","","강원특별자치도 원주시 판부면 서곡리 489-2","강원특별자치도 원주시 판부면 내남송길 33, 3층","26401","혜명어린이집","2014-12-01 13:41:11","I","2023-06-13 00:00:00","집단급식소","283343.432778281","424118.997090666","집단급식소","0","0","","","상수도전용","0","0","0","0","0","","0","0","N","30.92","","","",
"1842","집단급식소","07_21_02_P","4191000","4191000-105-2014-00009","2014-07-17","","03","폐업","02","폐업","2017-12-07","","","","033 747 2000","46.04","","강원특별자치도 원주시 학성동 430-10 외2필지, 지하1층","강원특별자치도 원주시 원일로 218, 지하1층 (학성동)","26415","불로병원","2017-12-07 10:36:27","I","2023-06-13 00:00:00","병원","283597.090706248","428637.719223077","병원","0","0","","","상수도전용","0","0","0","0","0","","0","0","N","18.87","","","",
"1843","집단급식소","07_21_02_P","4191000","4191000-105-2011-00020","2011-12-26","","03","폐업","02","폐업","2012-05-25","","","","033 749 2520","76.52","","강원특별자치도 원주시 단계동 1123 롯데마트 내 지하2층","강원특별자치도 원주시 봉화로 지하 1 (단계동, 롯데마트 내 지하2층)","","롯데쇼핑(주)롯데마트원주점구내식당(지하2층)","2012-05-25 15:30:35","I","2023-06-13 00:00:00","집단급식소","282120.73395865","427477.545400161","집단급식소","0","0","","","","0","0","0","0","0","","0","0","N","68.8","","","",
"1844","집단급식소","07_21_02_P","4191000","4191000-105-2012-00002","2012-01-17","","03","폐업","02","폐업","2025-09-05","","","","033 748 9999","58.88","","강원특별자치도 원주시 단계동 883-6 6층","강원특별자치도 원주시 이화6길 1 (단계동)","26382","21세기병원","2025-09-05 14:03:47","U","2025-09-07 02:40:00","병원","282565.224850342","427238.778461897","병원","0","0","","","상수도전용","0","0","0","0","0","","0","0","N","24","","","",
"1845","집단급식소","07_21_02_P","4191000","4191000-105-2012-00004","2012-03-07","","03","폐업","02","폐업","2025-01-10","","","","","124.53","","강원특별자치도 원주시 단구동 483-4","강원특별자치도 원주시 치악로 1692 (단구동)","26445","국군복지단치악학사","2025-01-10 13:36:45","U","2025-01-12 02:40:00","기숙사","284975.493837551","426457.904592995","기숙사","0","0","","","상수도전용","0","1","0","0","0","","0","0","N","14.65","","","",
"1846","집단급식소","07_21_02_P","4191000","4191000-105-2012-00005","2012-03-07","","03","폐업","02","폐업","2013-10-04","","","","033 749 8888","94.72","","강원특별자치도 원주시 단계동 803-2","강원특별자치도 원주시 무실로 182 (단계동)","26434","원주원예농협하나로클럽","2013-06-18 13:32:10","I","2023-06-13 00:00:00","집단급식소","283125.943357781","426975.404734288","집단급식소","0","0","","","상수도전용","0","0","0","0","0","","0","0","N","29.41","","","",
"1847","집단급식소","07_21_02_P","4191000","4191000-105-1987-00006","1987-06-16","","03","폐업","02","폐업","2022-06-17","","","","033 7353311","230.00","","강원특별자치도 원주시 문막읍 건등리 383-1","강원특별자치도 원주시 문막읍 왕건로 49","26368","삼양식품(주)유가공공장","2022-06-17 15:01:40","I","2023-06-13 00:00:00","산업체","273173.287994567","424928.147438119","산업체","0","0","","","상수도전용","0","0","0","0","0","","0","0","N","230","","","",
"1848","집단급식소","07_21_02_P","4191000","4191000-105-1989-00001","1989-12-28","","03","폐업","02","폐업","2014-09-18","","","","033 7306026","","","강원특별자치도 원주시 문막읍 반계리 5-22","강원특별자치도 원주시 문막읍 문막공단길 80","26362","(주)만도","2014-01-21 17:10:25","I","2023-06-13 00:00:00","집단급식소","270976.604617115","421599.311278033","집단급식소","0","0","","","상수도전용","0","0","0","0","0","","0","0","N","0","","","",
"1849","집단급식소","07_21_02_P","4191000","4191000-105-1989-00002","1989-09-05","","03","폐업","02","폐업","2022-03-10","","","","033 7302036","","","강원특별자치도 원주시 문막읍 반계리 5-30","강원특별자치도 원주시 문막읍 문막공단길 202","26362","오토리브유한회사원주공장","2022-03-10 09:43:46","I","2023-06-13 00:00:00","산업체","271560.507522634","421821.202586794","산업체","0","0","","","상수도전용","0","0","0","0","0","","0","0","N","0","","","",
"1850","집단급식소","07_21_02_P","4191000","4191000-105-1989-00004","1989-07-10","","03","폐업","02","폐업","2012-03-13","","","","033 7414633","","","강원특별자치도 원주시 소초면 장양리 1310","강원특별자치도 원주시 소초면 북원로 2955","26306","주식회사 케이티앤지 원주공장","2010-07-12 17:06:59","I","2023-06-13 00:00:00","집단급식소","284192.855174726","434485.025068688","집단급식소","0","0","","","상수도전용","0","0","0","0","0","","0","0","N","0","","","",
"1851","집단급식소","07_21_02_P","4191000","4191000-105-1990-00008","1990-05-11","","03","폐업","02","폐업","2021-06-07","","","","033 7445752","","","강원특별자치도 원주시 태장동 1346-85","강원특별자치도 원주시 새동네1길 56 (태장동)","26326","태일어린이집","2021-06-07 15:22:06","I","2023-06-13 00:00:00","어린이집","284337.720298955","428882.994095266","어린이집","0","0","","","상수도전용","0","0","0","0","0","","0","0","N","0","","","",
"1852","집단급식소","07_21_02_P","4191000","4191000-105-1990-00009","1990-05-11","","03","폐업","02","폐업","2016-09-29","","","","033 7410816","","","강원특별자치도 원주시 일산동 162-2 외44필지","강원특별자치도 원주시 일산로 20, 지상1층 (일산동)","26426","연세대학교원주의과대학기숙사","2015-01-08 11:02:09","I","2023-06-13 00:00:00","집단급식소","283684.602363569","427758.377832632","집단급식소","0","0","","","상수도전용","0","0","0","0","0","","0","0","N","0","","","",
"1853","집단급식소","07_21_02_P","4191000","4191000-105-1990-00010","1990-05-16","","03","폐업","02","폐업","2017-06-15","","","","033 7640247","","","강원특별자치도 원주시 원동 299-7","강원특별자치도 원주시 다박골길 36 (원동)","26433","구세군어린이집","2017-06-15 10:50:42","I","2023-06-13 00:00:00","집단급식소","283749.287195487","427218.476218788","집단급식소","0","0","","","상수도전용","0","0","0","0","0","","0","0","N","0","","","",
"1854","집단급식소","07_21_02_P","4191000","4191000-105-1987-00002","1987-06-16","","03","폐업","02","폐업","2005-12-27","","","","033 7613202","","","강원특별자치도 원주시 부론면 단강리 1387","","","단강초등학교","2005-08-03 00:00:00","I","2023-06-13 00:00:00","집단급식소","269785.480276069","406104.899158019","집단급식소","0","0","","","","0","0","0","0","0","","0","0","N","0","","","",
"1855","집단급식소","07_21_02_P","4191000","4191000-105-1987-00004","1987-06-16","","03","폐업","02","폐업","2016-08-25","","","","033 7312447","","","강원특별자치도 원주시 호저면 647","강원특별자치도 원주시 호저면 대덕길 133","26302","심향영육아원","2015-02-24 10:14:28","I","2023-06-13 00:00:00","집단급식소","283015.15403145","436324.515995491","집단급식소","0","0","","","상수도전용","0","0","0","0","0","","0","0","N","0","","","",
"1856","집단급식소","07_21_02_P","4191000","4191000-105-2012-00019","2012-09-10","","03","폐업","02","폐업","2022-02-15","","","","033 765 2346","42.05","","강원특별자치도 원주시 원동 308 3층","강원특별자치도 원주시 남산로48번길 41 (원동, 3층)","26440","해오름영재어린이집","2022-02-15 11:48:00","I","2023-06-13 00:00:00","어린이집","283928.198124883","426996.696960378","어린이집","0","0","","","상수도전용","0","0","0","0","0","","0","0","N","21.15","","","",
"1857","집단급식소","07_21_02_P","4191000","4191000-105-2012-00020","2012-09-10","","03","폐업","02","폐업","2015-08-12","","","","033 764 3004","45.66","","강원특별자치도 원주시 원동 113-15","강원특별자치도 원주시 남산로48번길 42-18, 1층 (원동)","26439","참된어린이집","2013-06-14 13:05:30","I","2023-06-13 00:00:00","집단급식소","283772.313545719","426996.961159025","집단급식소","0","0","","","상수도전용","0","0","0","0","0","","0","0","N","31.16","","","",
"1858","집단급식소","07_21_02_P","4191000","4191000-105-2012-00022","2012-09-18","","03","폐업","02","폐업","2020-06-29","","","","033 731 4252","9.06","","강원특별자치도 원주시 태장동 1371 1층","강원특별자치도 원주시 북원로2718번길 40, 1층 (태장동)","26316","보람어린이집","2020-06-29 16:05:19","I","2023-06-13 00:00:00","어린이집","284188.973540562","431900.79838442","어린이집","0","0","","","상수도전용","0","0","0","0","0","","0","0","N","8.44","","","",
"1859","집단급식소","07_21_02_P","4191000","4191000-105-2012-00023","2012-09-26","","03","폐업","02","폐업","2014-07-04","","","","033 734 9996","17.40","","강원특별자치도 원주시 문막읍 동화리 1539-2","강원특별자치도 원주시 문막읍 동화택지길 3-7, 1층","26368","햇빛어린이집","2013-11-11 13:19:03","I","2023-06-13 00:00:00","집단급식소","273523.382652972","424981.238973325","집단급식소","0","0","","","상수도전용","0","0","0","0","0","","0","0","N","17.09","","","",
"1860","집단급식소","07_21_02_P","4191000","4191000-105-2012-00024","2012-10-16","","03","폐업","02","폐업","2014-01-16","","","","033 732 0270","116.40","","강원특별자치도 원주시 태장동 1403-5 원주요양병원 3동 2층","강원특별자치도 원주시 북원로 2636, 지상2층 (태장동, 원주요양병원 3동)","26320","원주민중병원","2012-10-18 14:02:25","I","2023-06-13 00:00:00","집단급식소","283738.821268361","431142.506440562","집단급식소","0","0","","","상수도전용","0","0","0","0","0","","0","0","N","63","","","",
"1861","집단급식소","07_21_02_P","4191000","4191000-105-2012-00025","2012-10-16","","03","폐업","02","폐업","2017-08-30","","","","","463.65","","강원특별자치도 원주시 문막읍 비두리 388 청소년 수련원 1동 지상1층","","","원주청소년수련원","2017-08-30 15:24:45","I","2023-06-13 00:00:00","수련원","276143.040326639","416078.639973071","수련원","0","0","","","상수도전용","0","1","0","0","0","","0","0","N","67.2","","","",
"1862","집단급식소","07_21_02_P","4191000","4191000-105-2012-00026","2012-10-25","","03","폐업","02","폐업","2020-05-27","","","","033 748 2500","11.45","","강원특별자치도 원주시 행구동 583-1 지상1층","강원특별자치도 원주시 서천담길 36, 지상1층 (행구동)","26455","KJ어린이집","2020-05-27 15:53:57","I","2023-06-13 00:00:00","어린이집","288928.569434739","427660.738198119","어린이집","0","0","","","상수도전용","0","0","0","0","0","","0","0","N","9.85","","","",
"1863","집단급식소","07_21_02_P","4191000","4191000-105-2013-00001","2013-01-15","","03","폐업","02","폐업","2017-03-06","","","","033 744 6801","170.40","","강원특별자치도 원주시 학성동 991-2 지상3층","강원특별자치도 원주시 원일로 233, 지상3층 (학성동)","26413","원주축산업협동조합직원식당","2015-04-14 11:02:45","I","2023-06-13 00:00:00","집단급식소","283473.536558182","428693.830689917","집단급식소","0","0","","","상수도전용","0","0","0","0","0","","0","0","N","57.9","","","",
"1864","집단급식소","07_21_02_P","4191000","4191000-105-2024-00004","2024-03-14","","03","폐업","02","폐업","2024-11-22","","","","","152.82","","강원특별자치도 원주시 흥업면 흥업리 1572-5 원주시농업기술센터","강원특별자치도 원주시 흥업면 흥대길 7, 원주시농업기술센터 지하 1층","26404","농업기술센터","2024-11-22 17:07:36","U","2024-11-24 02:40:00","공공기관","281133.221124289","421986.847579231","공공기관","0","0","","","상수도전용","0","0","0","0","0","","0","0","N","44.22","","","",
"1865","집단급식소","07_21_02_P","4201000","4201000-105-2001-00045","1996-05-03","","03","폐업","02","폐업","2003-05-28","","","","033 0342066","","","강원특별자치도 강릉시 옥계면 산계리 산 53-0606","","","한라건설(주)옥계4호증설현장","2002-09-26 00:00:00","I","2023-06-13 00:00:00","집단급식소","","","집단급식소","0","0","","","","0","0","0","0","0","","0","0","N","0","","","",
"1866","집단급식소","07_21_02_P","4201000","4201000-105-2001-00053","1997-03-21","","03","폐업","02","폐업","2004-12-10","","","","033 6527856","","","강원특별자치도 강릉시 병산동 445-0005","","","병산초등학교","2002-09-26 00:00:00","I","2023-06-13 00:00:00","집단급식소","370891.666042168","474658.100587112","집단급식소","0","0","","","","0","0","0","0","0","","0","0","N","0","","","",
"1867","집단급식소","07_21_02_P","4201000","4201000-105-2001-00083","2001-05-23","","03","폐업","02","폐업","2024-08-23","","","","033 6508580","158.08","","강원특별자치도 강릉시 입암동 691-8","강원특별자치도 강릉시 강변로604번길 11-4 (입암동)","25573","기아자동차(주)강릉서비스센터","2024-08-23 14:29:59","U","2024-08-25 02:40:00","산업체","369718.9088974","475659.894753644","산업체","0","0","","","상수도전용","0","0","0","0","0","","0","0","N","49.9","","","",
"1868","집단급식소","07_21_02_P","4201000","4201000-105-2008-00007","2008-12-15","","03","폐업","02","폐업","2018-05-17","","","","033 6538425","11.70","","강원특별자치도 강릉시 포남동 511-1","강원특별자치도 강릉시 보래미상길 37 (포남동)","25471","엄마사랑어린이집","2018-05-17 14:54:44","I","2023-06-13 00:00:00","어린이집","367982.360564583","476454.089251559","어린이집","0","0","","","상수도전용","0","0","0","0","0","","0","0","N","11.7","","","",
"1869","집단급식소","07_21_02_P","4201000","4201000-105-2008-00008","2008-12-16","","03","폐업","02","폐업","2021-12-29","","","","033 652 9407","16.00","","강원특별자치도 강릉시 포남동 1117-6","강원특별자치도 강릉시 강릉대로 329-7 (포남동)","25492","새싹어린이집","2021-12-29 13:59:01","I","2023-06-13 00:00:00","어린이집","367610.968853792","475403.836843099","어린이집","0","0","","","상수도전용","0","0","0","0","0","","0","0","N","16","","","",
"1870","집단급식소","07_21_02_P","4201000","4201000-105-2008-00009","2008-12-16","","03","폐업","02","폐업","2011-06-24","","","","033 9210040","17.16","","강원특별자치도 강릉시 입암동 321 금호어울림아파트 단지내","","","아이사랑어린이집","2009-10-27 10:49:19","I","2023-06-13 00:00:00","집단급식소","369046.172242648","474082.138193072","집단급식소","0","0","","","상수도전용","0","0","0","0","0","","0","0","N","17.16","","","",
"1871","집단급식소","07_21_02_P","4201000","4201000-105-2008-00010","2008-12-17","","03","폐업","02","폐업","2023-04-03","","","","033 6435035","18.00","","강원특별자치도 강릉시 지변동 693","강원특별자치도 강릉시 경포로 37 (지변동)","25465","우석어린이집","2023-04-03 15:47:20","I","2023-06-13 00:00:00","어린이집","365461.661762127","476036.290039136","어린이집","0","0","","","상수도전용","0","0","0","0","0","자가","0","0","N","18","","","",
"1872","집단급식소","07_21_02_P","4201000","4201000-105-2008-00011","2008-12-18","","03","폐업","02","폐업","2014-03-26","","","","033 652 3155","5.64","","강원특별자치도 강릉시 송정동 110-77","강원특별자치도 강릉시 경강로 2533 (송정동)","25559","해송어린이집","2012-01-25 17:47:43","I","2023-06-13 00:00:00","집단급식소","370538.333258598","476399.3414132","집단급식소","0","0","","","상수도전용","0","0","0","0","0","자가","0","0","N","5.64","","","",
"1873","집단급식소","07_21_02_P","4201000","4201000-105-2008-00012","2008-12-18","","03","폐업","02","폐업","2010-11-24","","","","033 652 6788","7.60","","강원특별자치도 강릉시 포남동 1231-2","","","예원어린이집","2009-10-27 10:51:24","I","2023-06-13 00:00:00","집단급식소","368624.581357379","476592.153654479","집단급식소","0","0","","","상수도전용","0","0","0","0","0","자가","0","0","N","7.6","","","",
"1874","집단급식소","07_21_02_P","4201000","4201000-105-2008-00013","2008-12-18","","03","폐업","02","폐업","2021-04-01","","","","033 651 7878","0.00","","강원특별자치도 강릉시 포남동 1293-6","강원특별자치도 강릉시 하평길 73 (포남동)","25567","바다의별 어린이집","2021-04-21 16:47:20","I","2023-06-13 00:00:00","어린이집","368797.123400122","475962.652114548","어린이집","0","0","","","상수도전용","0","0","0","0","0","","0","0","N","0","","","",
"1875","집단급식소","07_21_02_P","4201000","4201000-105-2008-00015","2008-12-18","","03","폐업","02","폐업","2009-08-17","","","","033 644 4071","7.00","","강원특별자치도 강릉시 노암동 614-20","","","꿈자람어린이집","2008-12-18 16:58:11","I","2023-06-13 00:00:00","집단급식소","366917.722722121","472808.296720521","집단급식소","0","0","","","상수도전용","0","0","0","0","0","","0","0","N","7","","","",
"1876","집단급식소","07_21_02_P","4201000","4201000-105-2008-00016","2008-12-18","","03","폐업","02","폐업","2017-08-31","","","","033 653 6377","1.80","","강원특별자치도 강릉시 입암동 49-9","강원특별자치도 강릉시 강변로 510 (입암동)","25576","연꽃어린이집","2017-08-31 16:32:46","I","2023-06-13 00:00:00","어린이집","368836.250350827","475299.79489034","어린이집","0","0","","","상수도전용","0","0","0","0","0","임대","0","0","N","1.8","","","",
"1877","집단급식소","07_21_02_P","4201000","4201000-105-2001-00059","1997-05-31","","03","폐업","02","폐업","2008-02-22","","","","033 6493450","447.73","","강원특별자치도 강릉시 병산동 15 사서함 334-1호","","","공군제3155부대","2007-01-29 00:00:00","I","2023-06-13 00:00:00","집단급식소","","","집단급식소","0","0","","","상수도전용","0","0","0","0","0","","0","0","N","134.85","","","",
"1878","집단급식소","07_21_02_P","4201000","4201000-105-2006-00002","2006-03-06","","03","폐업","02","폐업","2022-11-30","","","","033 6447993","91.54","","강원특별자치도 강릉시 강동면 심곡리 3-3","강원특별자치도 강릉시 강동면 심곡봉화길 118-1","25632","강릉효도마을","2022-11-30 16:37:04","I","2023-06-13 00:00:00","사회복지시설","380984.11807378","465371.559004521","사회복지시설","0","0","","","간이상수도","0","0","0","0","0","자가","0","0","N","27.88","","","",
"1879","집단급식소","07_21_02_P","4201000","4201000-105-2007-00004","2007-05-22","","03","폐업","02","폐업","2013-03-05","","","","033 643 8362","72.00","","강원특별자치도 강릉시 교동 1899-1","강원특별자치도 강릉시 정원로 74-11 (교동)","25516","동도어린이집","2009-11-19 10:09:15","I","2023-06-13 00:00:00","집단급식소","365034.342298037","475113.03526549","집단급식소","0","0","","","상수도전용","0","0","0","0","0","자가","0","0","N","47.04","","","",
"1880","집단급식소","07_21_02_P","4201000","4201000-105-2007-00007","2007-09-06","","03","폐업","02","폐업","2019-03-11","","","","033 652 9863","70.76","","강원특별자치도 강릉시 포남동 55-10","강원특별자치도 강릉시 산양길 50 (포남동)","25471","꿈동산숲어린이집","2019-03-11 17:40:51","I","2023-06-13 00:00:00","어린이집","368364.182125384","476947.297263744","어린이집","0","0","","","상수도전용","0","0","0","0","0","자가","0","0","N","18.28","","","",
"1881","집단급식소","07_21_02_P","4201000","4201000-105-2008-00001","2008-04-16","","03","폐업","02","폐업","2017-01-19","","","","033 6412001","10.89","","강원특별자치도 강릉시 임당동 178-1","강원특별자치도 강릉시 임영로164번길 7 (임당동)","25529","중앙어린이집","2017-01-03 13:36:24","I","2023-06-13 00:00:00","집단급식소","366719.764190921","474300.299468779","집단급식소","0","0","","","상수도전용","0","0","0","0","0","자가","0","0","N","10.89","","","",
"1882","집단급식소","07_21_02_P","4201000","4201000-105-2008-00019","2008-12-18","","03","폐업","02","폐업","2010-11-26","","","","033 647 5418","10.50","","강원특별자치도 강릉시 포남동 1120-2","","","미키어린이집","2009-10-27 10:55:28","I","2023-06-13 00:00:00","집단급식소","367707.831547495","475237.3052611","집단급식소","0","0","","","상수도전용","0","0","0","0","0","","0","0","N","10.5","","","",
"1883","집단급식소","07_21_02_P","4201000","4201000-105-2008-00022","2008-12-18","","03","폐업","02","폐업","2013-07-10","","","","033 651 3448","8.00","","강원특별자치도 강릉시 교동 26-34","강원특별자치도 강릉시 수리골길 5 (교동)","25476","키드아이스쿨어린이집","2009-11-19 10:55:34","I","2023-06-13 00:00:00","집단급식소","367362.560729396","476009.043652062","집단급식소","0","0","","","상수도전용","0","0","0","0","0","","0","0","N","8","","","",
"1884","집단급식소","07_21_02_P","4201000","4201000-105-2009-00003","2009-01-19","","03","폐업","02","폐업","2019-09-06","","","","033 6515499","4.32","","강원특별자치도 강릉시 홍제동 601-1","강원특별자치도 강릉시 사임당로 147-16 (홍제동)","25520","하사랑어린이집","2019-09-06 16:08:27","I","2023-06-13 00:00:00","어린이집","364211.848524523","474430.537098027","어린이집","0","0","","","상수도전용","0","0","0","0","0","","0","0","N","4.32","","","",
"1885","집단급식소","07_21_02_P","4201000","4201000-105-2008-00004","2008-09-03","","03","폐업","02","폐업","2024-07-29","","","","033 5307000","95.83","","강원특별자치도 강릉시 옥계면 현내리 311-2","강원특별자치도 강릉시 옥계면 현내시장길 34","25634","라파의료재단 예수요양병원","2024-07-29 13:14:43","U","2024-07-31 02:40:00","병원","379855.07783425","458585.750044979","병원","0","0","","","상수도전용","0","1","0","0","0","자가","0","0","N","47.36","","","",
"1886","집단급식소","07_21_02_P","4201000","4201000-105-2008-00005","2008-10-15","","03","폐업","02","폐업","2010-04-26","","","","033 6614904","28.16","","강원특별자치도 강릉시 연곡면 동덕리 443-1","","","단뽀뽀어린이집","2009-11-19 10:48:50","I","2023-06-13 00:00:00","집단급식소","361589.151008995","485558.220278598","집단급식소","0","0","","","상수도전용","0","1","0","0","0","자가","0","0","N","7.04","","","",
"1887","집단급식소","07_21_02_P","4201000","4201000-105-2008-00006","2008-12-12","","03","폐업","02","폐업","2024-11-07","","","","033 6613535","7.80","","강원특별자치도 강릉시 주문진읍 주문리 428-1","강원특별자치도 강릉시 주문진읍 주영안길 42","25409","명지어린이집","2024-11-07 15:22:26","U","2024-11-09 02:40:00","어린이집","360557.080679829","489709.962736216","어린이집","0","0","","","상수도전용","0","0","0","0","0","","0","0","N","7.8","","","",
"1888","집단급식소","07_21_02_P","4201000","4201000-105-2020-00007","2020-05-28","","03","폐업","02","폐업","2024-02-29","","","","","66.44","","강원특별자치도 강릉시 포남동 511-1","강원특별자치도 강릉시 보래미상길 37, 2층 (포남동)","25471","엄마사랑어린이집","2024-02-29 15:44:46","U","2024-03-02 02:40:00","어린이집","367982.360564583","476454.089251559","어린이집","0","0","","","상수도전용","0","0","0","0","0","자가","0","0","N","15.09","","","",
"1889","집단급식소","07_21_02_P","4201000","4201000-105-2021-00001","2021-07-12","","03","폐업","02","폐업","2022-07-12","","","","033 610 1578","137.60","","강원특별자치도 강릉시 임당동 139 하나금융투자","강원특별자치도 강릉시 경강로 2071, 하나금융투자 2층 (임당동)","25533","우리들내과의원","2022-07-12 16:37:35","I","2023-06-13 00:00:00","병원","366845.798884799","474049.42092843","병원","0","0","","","상수도전용","0","0","0","0","0","","0","0","N","28.2","","","",
"1890","집단급식소","07_21_02_P","4201000","4201000-105-2021-00002","2021-08-30","","03","폐업","02","폐업","2025-04-24","","","","","10.89","","강원특별자치도 강릉시 노암동 318","강원특별자치도 강릉시 노암길41번길 7-3 (노암동)","25587","누리콩어린이집","2025-04-24 13:30:32","U","2025-04-26 02:40:00","어린이집","367391.359646739","473352.817750358","어린이집","0","0","","","상수도전용","0","0","0","0","0","","0","0","N","10.89","","","",
"1891","집단급식소","07_21_02_P","4201000","4201000-105-2005-00004","2005-05-21","","03","폐업","02","폐업","2008-06-19","","","","033 643 5158","102.20","","강원특별자치도 강릉시 난곡동 117-1","","","춘천지방법원강릉지원","2005-05-21 00:00:00","I","2023-06-13 00:00:00","집단급식소","365326.044384786","477602.376881849","집단급식소","0","0","","","상수도전용","0","0","0","0","0","","0","0","N","369.48","","","",
"1892","집단급식소","07_21_02_P","4201000","4201000-105-2005-00005","2005-05-24","","03","폐업","02","폐업","2005-05-27","","","","033 6614470","70.43","","강원특별자치도 강릉시 주문진읍 교항리 66-23","","","사랑의도시락","2005-05-24 00:00:00","I","2023-06-13 00:00:00","집단급식소","360781.749505479","488228.031743616","집단급식소","0","0","","","","0","0","0","0","0","","0","0","N","70.43","","","",
"1893","집단급식소","07_21_02_P","4201000","4201000-105-2022-00003","2022-04-05","","03","폐업","02","폐업","2023-08-29","","","","","239.81","","강원특별자치도 강릉시 강동면 안인리 200","강원특별자치도 강릉시 강동면 염전길 99, 1층","25620","한국남동발전(주)영동에코발전본부","2023-08-29 14:51:49","U","2023-08-31 02:40:00","공공기관","374465.213559881","472563.120995745","공공기관","0","0","","","상수도전용","0","0","0","0","0","","0","0","N","35.33","","","",
"1894","집단급식소","07_21_02_P","4201000","4201000-105-2022-00006","2022-12-21","","03","폐업","02","폐업","2025-06-25","","","","","123.77","","강원특별자치도 강릉시 노암동 589-1","강원특별자치도 강릉시 남부중앙로 15, 1층 (노암동)","25610","(주)강릉시생활폐기물협회","2025-06-25 09:37:58","U","2025-06-27 02:40:00","기타 집단급식소","367132.047005444","472677.032082949","기타 집단급식소","0","0","","","","0","0","0","0","0","","0","0","N","40.29","","","",
"1895","집단급식소","07_21_02_P","4201000","4201000-105-2022-00008","2022-12-29","","03","폐업","02","폐업","2023-09-14","","","","033 646 2779","60.56","","강원특별자치도 강릉시 옥천동 155-2","강원특별자치도 강릉시 옥가로7번길 3, 지하층 (옥천동)","25551","경선효요양원","2023-09-14 13:14:57","U","2023-09-16 02:40:00","사회복지시설","367238.21329558","474457.737265574","사회복지시설","0","0","","","상수도전용","0","0","0","0","0","","0","0","N","23.86","","","",
"1896","집단급식소","07_21_02_P","4201000","4201000-105-1983-00001","1983-04-09","","03","폐업","02","폐업","2006-04-05","","","","033 6451588","","","강원특별자치도 강릉시 홍제동 366-6","","","홍제유치원","2003-01-30 00:00:00","I","2023-06-13 00:00:00","집단급식소","365678.808002264","473277.749868342","집단급식소","0","0","","","상수도전용","0","0","0","0","0","","0","0","N","0","","","",
"1897","집단급식소","07_21_02_P","4201000","4201000-105-1995-00043","1995-09-01","","03","폐업","02","폐업","2012-11-15","","","","033 6451713","","","강원특별자치도 강릉시 회산동 24","","","명주초등학교","2012-11-16 11:54:53","I","2023-06-13 00:00:00","집단급식소","365479.669122027","472750.207128899","집단급식소","0","0","","","","0","0","0","0","0","","0","0","N","0","","","",
"1898","집단급식소","07_21_02_P","4201000","4201000-105-1999-00001","1999-07-05","","03","폐업","02","폐업","2023-12-28","","","","033662 0911","","","강원특별자치도 강릉시 주문진읍 향호리 산 56","강원특별자치도 강릉시 주문진읍 동해대로 4940","25404","강릉시청소년해양수련원","2023-12-28 14:52:14","U","2023-12-30 02:40:00","수련원","359271.560986679","491785.923439987","수련원","0","0","","","상수도전용","0","0","0","0","0","","0","0","N","0","","","",
"1899","집단급식소","07_21_02_P","4201000","4201000-105-2001-00001","1988-03-01","","03","폐업","02","폐업","2016-10-11","","","","033 6402037","","","강원특별자치도 강릉시 지변동 산 1","강원특별자치도 강릉시 죽헌길 7 (지변동)","25457","강릉원주대학교소비자생활협동조합학생식당","2015-03-27 16:31:01","I","2023-06-13 00:00:00","집단급식소","364627.278082023","475810.449226925","집단급식소","0","0","","","상수도전용","0","0","0","0","0","","0","0","N","0","","","",
"1900","집단급식소","07_21_02_P","4201000","4201000-105-2005-00008","2005-07-19","","03","폐업","02","폐업","2014-10-14","","","","033 6615694","12.00","","강원특별자치도 강릉시 주문진읍 교항리 39-4","강원특별자치도 강릉시 주문진읍 매맥이길 19","25423","소훈어린이집","2014-02-17 12:44:31","I","2023-06-13 00:00:00","집단급식소","360491.955817381","487748.852768145","집단급식소","0","0","","","상수도전용","0","0","0","0","0","","0","0","N","94","","","",
"1901","집단급식소","07_21_02_P","4201000","4201000-105-2005-00009","2005-07-27","","03","폐업","02","폐업","2019-12-16","","","","033 6454745","6.60","","강원특별자치도 강릉시 노암동 400-3","강원특별자치도 강릉시 남부로215번길 24 (노암동)","25591","동화의나라어린이집","2019-12-16 14:12:51","I","2023-06-13 00:00:00","어린이집","367641.222667364","473229.175973654","어린이집","0","0","","","상수도전용","0","0","0","0","0","","0","0","N","39.6","","","",
"1902","집단급식소","07_21_02_P","4201000","4201000-105-2005-00011","2005-07-28","","03","폐업","02","폐업","2012-10-29","","","","033 6458778","21.84","","강원특별자치도 강릉시 강동면 상시동리 148-1","","","동산어린이집","2009-11-19 10:21:03","I","2023-06-13 00:00:00","집단급식소","372147.86617776","471135.045904075","집단급식소","0","0","","","상수도전용","0","0","0","0","0","","0","0","N","45.85","","","",
"1903","집단급식소","07_21_02_P","4201000","4201000-105-2005-00012","2005-08-03","","03","폐업","02","폐업","2006-04-28","","","","033 6466854","10.56","","강원특별자치도 강릉시 임당동 178-1","","","고은유치원","2005-08-03 00:00:00","I","2023-06-13 00:00:00","집단급식소","366719.764190921","474300.299468779","집단급식소","0","0","","","상수도전용","0","0","0","0","0","","0","0","N","157.56","","","",
"1904","집단급식소","07_21_02_P","4201000","4201000-105-2005-00013","2005-08-03","","03","폐업","02","폐업","2008-12-19","","","","033 6516435","23.31","","강원특별자치도 강릉시 포남동 1293-6","","","하나유치원","2005-08-03 00:00:00","I","2023-06-13 00:00:00","집단급식소","368797.123400122","475962.652114548","집단급식소","0","0","","","상수도전용","0","0","0","0","0","","0","0","N","84.51","","","",
"1905","집단급식소","07_21_02_P","4201000","4201000-105-2005-00014","2005-08-03","","03","폐업","02","폐업","2020-03-30","","","","033 6423822","21.00","","강원특별자치도 강릉시 노암동 374","강원특별자치도 강릉시 남부로163번길 14 (노암동)","25594","고은유아스쿨어린이집","2020-03-31 14:07:35","I","2023-06-13 00:00:00","어린이집","367296.47751992","472976.436259267","어린이집","0","0","","","상수도전용","0","0","0","0","0","","0","0","N","79.5","","","",
"1906","집단급식소","07_21_02_P","4201000","4201000-105-2005-00015","2005-08-03","","03","폐업","02","폐업","2013-10-25","","","","033 6411573","21.00","","강원특별자치도 강릉시 노암동 279-9","강원특별자치도 강릉시 강변로 278 (노암동)","25587","노암어린이집","2010-09-29 15:24:33","I","2023-06-13 00:00:00","집단급식소","367291.844469613","473583.069728444","집단급식소","0","0","","","상수도전용","0","0","0","0","0","","0","0","N","79.5","","","",
"1907","집단급식소","07_21_02_P","4201000","4201000-105-2005-00017","2005-08-03","","03","폐업","02","폐업","2023-10-25","","","","033 6514842","52.00","","강원특별자치도 강릉시 포남동 1219-1","강원특별자치도 강릉시 강릉대로 523 (포남동)","25484","석현어린이집","2023-10-25 13:16:10","U","2023-10-28 02:40:00","어린이집","368873.367308397","476877.550765735","어린이집","0","0","","","상수도전용","0","0","0","0","0","","0","0","N","119.5","","","",
"1908","집단급식소","07_21_02_P","4201000","4201000-105-2005-00018","2005-08-03","","03","폐업","02","폐업","2023-10-19","","","","033 6447979","9.70","","강원특별자치도 강릉시 구정면 여찬리 413","강원특별자치도 강릉시 구정면 봉양1길 12","25622","열린어린이집","2023-10-19 14:29:05","U","2023-10-21 02:40:00","어린이집","365666.958420922","470104.49243928","어린이집","0","0","","","상수도전용","0","0","0","0","0","","0","0","N","61.45","","","",
"1909","집단급식소","07_21_02_P","4201000","4201000-105-2005-00020","2005-08-03","","03","폐업","02","폐업","2006-07-11","","","","033 5341550","12.00","","강원특별자치도 강릉시 옥계면 현내리 849-4","","","성경어린이집","2005-08-03 00:00:00","I","2023-06-13 00:00:00","집단급식소","379044.62366057","458000.719810079","집단급식소","0","0","","","상수도전용","0","0","0","0","0","","0","0","N","93.9","","","",
"1910","집단급식소","07_21_02_P","4201000","4201000-105-2005-00022","2005-08-08","","03","폐업","02","폐업","2014-12-31","","","","033 6423555","54.00","","강원특별자치도 강릉시 포남동 1156","강원특별자치도 강릉시 경강로2267번길 19 (포남동)","25545","강릉자비원","2014-02-17 11:53:34","I","2023-06-13 00:00:00","집단급식소","368040.40940302","475536.925289335","집단급식소","0","0","","","상수도전용","0","0","0","0","0","","0","0","N","252","","","",
"1911","집단급식소","07_21_02_P","4201000","4201000-105-2005-00023","2005-08-09","","03","폐업","02","폐업","2016-09-01","","","","033 6628704","15.12","","강원특별자치도 강릉시 주문진읍 교항리 1175-22","강원특별자치도 강릉시 주문진읍 보리골길 24","25422","자연어린이집","2010-12-20 20:23:59","I","2023-06-13 00:00:00","집단급식소","360546.520975876","487145.978164562","집단급식소","0","0","","","상수도전용","0","0","0","0","0","","0","0","N","74.99","","","",
"1912","집단급식소","07_21_02_P","4201000","4201000-105-2005-00024","2005-08-11","","03","폐업","02","폐업","2013-02-28","","","","033 662 5332","12.47","","강원특별자치도 강릉시 연곡면 영진리 354-14","강원특별자치도 강릉시 연곡면 영진3길 8-6","25429","영진어린이집","2009-10-23 09:01:56","I","2023-06-13 00:00:00","집단급식소","361674.810070041","486894.261452592","집단급식소","0","0","","","상수도전용","0","0","0","0","0","","0","0","N","136.67","","","",
"1913","집단급식소","07_21_02_P","4201000","4201000-105-2001-00009","1981-03-01","","03","폐업","02","폐업","2019-08-30","","","","033 6489804","","","강원특별자치도 강릉시 옥천동 265","강원특별자치도 강릉시 동부시장3길 22 (옥천동)","","옥천어린이집","2019-08-30 15:47:11","I","2023-06-13 00:00:00","어린이집","367525.212882263","474685.260666723","어린이집","0","0","","","상수도전용","0","0","0","0","0","","0","0","N","0","","","",
"1914","집단급식소","07_21_02_P","4201000","4201000-105-2001-00012","1990-05-30","","03","폐업","02","폐업","2019-03-13","","","","033 6413513","","","강원특별자치도 강릉시 포남동 1117-12","강원특별자치도 강릉시 강릉대로 321 (포남동)","25492","덕영산업(주)","2019-03-13 15:50:21","I","2023-06-13 00:00:00","산업체","367579.919469727","475333.64013911","산업체","0","0","","","상수도전용","0","0","0","0","0","","0","0","N","0","","","",
"1915","집단급식소","07_21_02_P","4201000","4201000-105-2001-00085","2001-09-13","","03","폐업","02","폐업","2007-02-14","","","","033 6466670","40.00","","강원특별자치도 강릉시 강동면 모전리 576-3","","","동그린주식회사","2001-10-10 00:00:00","I","2023-06-13 00:00:00","집단급식소","372789.751128288","469997.518972905","집단급식소","0","0","","","지하수전용","0","0","0","0","0","","0","0","N","133","","","",
"1916","집단급식소","07_21_02_P","4201000","4201000-105-2002-00002","2002-01-21","","03","폐업","02","폐업","2010-12-20","","","","033 6459697","298.17","","강원특별자치도 강릉시 구정면 제비리 3-13","","","토셀어린이집","2009-11-19 10:14:01","I","2023-06-13 00:00:00","집단급식소","","","집단급식소","0","0","","","지하수전용","0","0","0","0","0","","0","0","N","31.53","","","",
"1917","집단급식소","07_21_02_P","4201000","4201000-105-2013-00001","2013-02-07","","03","폐업","02","폐업","2019-04-01","","","","033 652 1662","8.82","","강원특별자치도 강릉시 포남동 1232","강원특별자치도 강릉시 강릉대로 501-5 (포남동)","25484","백헌어린이집","2019-04-01 17:41:43","I","2023-06-13 00:00:00","어린이집","368713.530160394","476697.982274203","어린이집","0","0","","","상수도전용","0","0","0","0","0","임대","0","0","N","8.82","","","",
"1918","집단급식소","07_21_02_P","4201000","4201000-105-2013-00002","2013-02-21","","03","폐업","02","폐업","2018-09-10","","","","033 647 1501","282.83","","강원특별자치도 강릉시 성산면 보광리 782","강원특별자치도 강릉시 성산면 삼왕길 193-90","25442","베데스다기도원","2018-09-10 17:05:16","I","2023-06-13 00:00:00","기타 집단급식소","357254.031191547","474717.477605926","기타 집단급식소","0","0","","","지하수전용","0","0","0","0","0","","0","0","N","33.13","","","",
"1919","집단급식소","07_21_02_P","4201000","4201000-105-2013-00006","2013-05-06","","03","폐업","02","폐업","2018-03-22","","","","033 642 1126","5.10","","","강원특별자치도 강릉시 남부로191번길 11 (노암동)","25592","아이숲어린이집","2018-03-22 15:32:27","I","2023-06-13 00:00:00","어린이집","367483.121885132","473016.600412038","어린이집","0","0","","","상수도전용","0","0","0","0","0","","0","0","N","5.1","","","",
"1920","집단급식소","07_21_02_P","4201000","4201000-105-2013-00007","2013-06-04","","03","폐업","02","폐업","2022-12-15","","","","033 645 3213","6.73","","강원특별자치도 강릉시 회산동 216-2","강원특별자치도 강릉시 관솔길12번길 36 (회산동)","25599","엔젤어린이집","2022-12-15 17:22:04","I","2023-06-13 00:00:00","어린이집","364521.344836523","472287.140525941","어린이집","0","0","","","상수도전용","0","0","0","0","0","","0","0","N","14.66","","","",
"1921","집단급식소","07_21_02_P","4201000","4201000-105-2013-00008","2013-06-11","","03","폐업","02","폐업","2024-12-06","","","","033 653 2992","9.22","","강원특별자치도 강릉시 송정동 107-10","강원특별자치도 강릉시 경강로 2506 (송정동)","25561","온새미로 어린이집","2024-12-06 10:29:15","U","2024-12-08 02:40:00","어린이집","370270.675718063","476404.672168211","어린이집","0","0","","","상수도전용","0","0","0","0","0","","0","0","N","13.44","","","",
"1922","집단급식소","07_21_02_P","4201000","4201000-105-2013-00010","2013-07-15","","03","폐업","02","폐업","2018-12-20","","","","","24.96","","강원특별자치도 강릉시 포남동 1231-2","강원특별자치도 강릉시 보래미하길 88 (포남동)","25480","예원어린이집","2018-12-20 17:19:39","I","2023-06-13 00:00:00","어린이집","368624.581357379","476592.153654479","어린이집","0","0","","","상수도전용","0","0","0","0","0","","0","0","N","16.86","","","",
"1923","집단급식소","07_21_02_P","4201000","4201000-105-2013-00011","2013-09-16","","03","폐업","02","폐업","2020-06-01","","","","","88.15","","강원특별자치도 강릉시 주문진읍 주문리 329-45","강원특별자치도 강릉시 주문진읍 연주로 448-5","25414","의료법인대한의료재단보성병원","2020-06-08 11:25:40","I","2023-06-13 00:00:00","병원","360475.835435398","489305.022208532","병원","0","0","","","상수도전용","0","0","0","0","0","","0","0","N","43.04","","","",
"1924","집단급식소","07_21_02_P","4201000","4201000-105-2013-00012","2013-09-17","","03","폐업","02","폐업","2022-01-07","","","","033 655 4688","22.14","","강원특별자치도 강릉시 포남동 1160-14","강원특별자치도 강릉시 남구길24번길 19 (포남동)","25545","즐거운어린이집","2022-01-07 13:41:11","I","2023-06-13 00:00:00","어린이집","367935.789511477","475473.264461473","어린이집","0","0","","","상수도전용","0","0","0","0","0","","0","0","N","11.35","","","",
"1925","집단급식소","07_21_02_P","4201000","4201000-105-2013-00014","2013-12-19","","03","폐업","02","폐업","2024-04-11","","","","","9.64","","강원특별자치도 강릉시 교동 833-6","강원특별자치도 강릉시 화부산로 90 (교동)","25502","아이월드어린이집","2024-04-11 15:25:52","U","2024-04-13 02:40:00","어린이집","366302.936380058","475170.398626828","어린이집","0","0","","","상수도전용","0","0","0","0","0","","0","0","N","21.64","","","",
"1926","집단급식소","07_21_02_P","4201000","4201000-105-2014-00001","2014-02-03","","03","폐업","02","폐업","2023-07-25","","","","033 641 6020","9.94","","강원특별자치도 강릉시 노암동 267-73","강원특별자치도 강릉시 강변로 328-7 (노암동)","25589","평화몬테소리어린이집","2023-07-25 14:37:04","U","2023-07-27 02:40:00","어린이집","367745.615333469","473899.180445039","어린이집","0","0","","","상수도전용","0","0","0","0","0","자가","0","0","N","9.94","","","",
"1927","집단급식소","07_21_02_P","4201000","4201000-105-2014-00002","2014-02-25","","03","폐업","02","폐업","2015-07-08","","","","033 643 1801","138.44","","강원특별자치도 강릉시 사천면 방동리 40-4","강원특별자치도 강릉시 사천면 방동길 68","25440","강릉시장애인종합복지관","2014-02-26 10:30:56","I","2023-06-13 00:00:00","집단급식소","363379.880721711","481288.260949084","집단급식소","0","0","","","상수도전용","0","0","0","0","0","","0","0","N","46.64","","","",
"1928","집단급식소","07_21_02_P","4201000","4201000-105-2003-00004","2003-10-23","","03","폐업","02","폐업","2006-07-21","","","","033 6615108","34.65","","강원특별자치도 강릉시 주문진읍 교항리 8-2","","","강원전문대학교 교직원식당","2003-11-01 00:00:00","I","2023-06-13 00:00:00","집단급식소","360884.78782295","487628.414228203","집단급식소","0","0","","","상수도전용","0","0","0","0","0","","0","0","N","183.9","","","",
"1929","집단급식소","07_21_02_P","4201000","4201000-105-2004-00002","2004-05-18","","03","폐업","02","폐업","2006-02-23","","","","6415118","37.71","","강원특별자치도 강릉시 교동 886","","","강릉제일고등학교","2004-05-18 00:00:00","I","2023-06-13 00:00:00","집단급식소","366464.241917332","474702.391464837","집단급식소","0","0","","","상수도전용","0","0","0","0","0","","0","0","N","125.08","","","",
"1930","집단급식소","07_21_02_P","4201000","4201000-105-2004-00006","2004-10-18","","03","폐업","02","폐업","2008-10-28","","","","033 6402037","135.00","","강원특별자치도 강릉시 지변동 123 강릉대학교","","","강릉대학교 후생관식당","2004-10-18 00:00:00","I","2023-06-13 00:00:00","집단급식소","364627.278082023","475810.449226925","집단급식소","0","0","","","상수도전용","0","0","0","0","0","","0","0","N","568.78","","","",
"1931","집단급식소","07_21_02_P","4201000","4201000-105-2005-00001","2005-01-28","","03","폐업","02","폐업","2005-11-22","","","","033 534 1888","48.00","","강원특별자치도 강릉시 옥계면 금진리 464-1","","","강원도여성수련원","2005-01-29 00:00:00","I","2023-06-13 00:00:00","집단급식소","380529.623619565","460530.392368494","집단급식소","0","0","","","상수도전용","0","0","0","0","0","","0","0","N","113.31","","","",
"1932","집단급식소","07_21_02_P","4201000","4201000-105-2005-00002","2005-04-12","","03","폐업","02","폐업","2016-07-05","","","","033 6484001","52.80","","강원특별자치도 강릉시 성산면 보광리 1014-1","강원특별자치도 강릉시 성산면 보현길 125","25442","대관령유스호스텔","2014-02-17 12:37:28","I","2023-06-13 00:00:00","집단급식소","358073.222722674","472066.010627327","집단급식소","0","0","","","지하수전용","0","0","0","0","0","","0","0","N","281","","","",
"1933","집단급식소","07_21_02_P","4201000","4201000-105-2009-00009","2009-07-20","","03","폐업","02","폐업","2010-11-03","","","","","144.00","","강원특별자치도 강릉시 대전동 가-13 강릉과학일반지방산업단지 가-13-1블럭","","","강릉과학산업진흥원구내식당","2009-11-19 11:22:28","I","2023-06-13 00:00:00","집단급식소","","","집단급식소","0","0","","","상수도전용","0","0","0","0","0","","0","0","N","48","","","",
"1934","집단급식소","07_21_02_P","4201000","4201000-105-2010-00003","2010-07-26","","03","폐업","02","폐업","2011-04-01","","","","033 646 5480","109.60","","강원특별자치도 강릉시 대전동 강릉과학산업단지 가-2-4 블럭 강릉벤처 110호","","","코아텍","2010-07-26 15:31:21","I","2023-06-13 00:00:00","집단급식소","","","집단급식소","0","0","","","상수도전용","0","0","0","0","0","","0","0","N","29.23","","","",
"1935","집단급식소","07_21_02_P","4201000","4201000-105-2010-00004","2010-11-11","","03","폐업","02","폐업","2019-09-16","","","","033 647 8898","10.95","","강원특별자치도 강릉시 유천동 196","강원특별자치도 강릉시 사임당로175번길 6 (유천동)","25456","해람어린이집","2019-09-16 16:06:16","I","2023-06-13 00:00:00","어린이집","364265.732249612","474840.497513905","어린이집","0","0","","","상수도전용","0","0","0","0","0","자가","0","0","N","42.45","","","",
"1936","집단급식소","07_21_02_P","4201000","4201000-105-2011-00002","2011-06-24","","03","폐업","02","폐업","2015-04-10","","","","","126.35","","강원특별자치도 강릉시 강동면 하시동리 202","강원특별자치도 강릉시 강동면 새목이길 110","25620","원익엘앤디(주)","2013-04-26 10:57:50","I","2023-06-13 00:00:00","집단급식소","373181.872353261","473064.213181025","집단급식소","0","0","","","상수도전용","0","0","0","0","0","","0","0","N","50.72","","","",
"1937","집단급식소","07_21_02_P","4201000","4201000-105-2011-00006","2011-11-28","","03","폐업","02","폐업","2018-05-02","","","","033 661 3395","163.94","","강원특별자치도 강릉시 연곡면 삼산리 739","강원특별자치도 강릉시 연곡면 진고개로 1321","25400","삼산테마파크","2018-05-02 14:58:31","I","2023-06-13 00:00:00","산업체","348092.826260439","484033.223238451","산업체","0","0","","","지하수전용","0","0","0","0","0","임대","0","0","N","20","","","",
"1938","집단급식소","07_21_02_P","4201000","4201000-105-2012-00001","2012-01-19","","03","폐업","02","폐업","2018-08-31","","","","033 641 0882","180.00","","강원특별자치도 강릉시 구정면 여찬리 541-3","강원특별자치도 강릉시 구정면 자조왈길 38","25622","동아어린이집","2018-08-31 16:21:57","I","2023-06-13 00:00:00","어린이집","365702.783009371","471085.260194294","어린이집","0","0","","","상수도전용","0","0","0","0","0","","0","0","N","21","","","",
"1939","집단급식소","07_21_02_P","4201000","4201000-105-2012-00005","2012-09-24","","03","폐업","02","폐업","2018-06-28","","","","033 648 3225","9.85","","강원특별자치도 강릉시 내곡동 430-1","강원특별자치도 강릉시 범일로664번길 22 (내곡동)","25604","신사임당어린이집","2018-06-28 17:27:01","I","2023-06-13 00:00:00","어린이집","366070.947661184","472917.388747011","어린이집","0","0","","","상수도전용","0","0","0","0","0","","0","0","N","9.85","","","",
"1940","집단급식소","07_21_02_P","4201000","4201000-105-2001-00018","1992-06-10","","03","폐업","02","폐업","2012-04-30","","","","033 6512233","","","강원특별자치도 강릉시 강문동 274-1","","","현대중공업(주)호텔현대경포대","2009-11-19 11:16:04","I","2023-06-13 00:00:00","집단급식소","368547.155962069","478977.195262736","집단급식소","0","0","","","상수도전용","0","0","0","0","0","","0","0","N","0","","","",
"1941","집단급식소","07_21_02_P","4201000","4201000-105-2001-00060","1997-07-19","","03","폐업","02","폐업","2018-12-28","","","","033 610 0147","653.00","","강원특별자치도 강릉시 성산면 금산리 11","강원특별자치도 강릉시 성산면 공제로 357","","강릉영동대학구내식당","2018-12-28 17:11:40","I","2023-06-13 00:00:00","학교","363548.092915237","473178.824541062","학교","0","0","","","상수도전용","0","0","0","0","0","","0","0","N","653","","","",
"1942","집단급식소","07_21_02_P","4201000","4201000-105-2001-00062","1998-04-14","","03","폐업","02","폐업","2022-08-18","","","","033 660 8000","318.00","","강원특별자치도 강릉시 주문진읍 교항리 8-2","강원특별자치도 강릉시 주문진읍 연주로 270","25425","강원도립대학기숙사식당","2022-08-18 16:35:24","I","2023-06-13 00:00:00","기숙사","360884.78782295","487628.414228203","기숙사","0","0","","","상수도전용","0","0","0","0","0","","0","0","N","75","","","",
"1943","집단급식소","07_21_02_P","4201000","4201000-105-2001-00063","1999-02-03","","03","폐업","02","폐업","2003-01-28","","","","033 6627248","","","강원특별자치도 강릉시 연곡면 송림리 251-1","","","산림조합중앙회임업기계훈련원","2003-01-28 00:00:00","I","2023-06-13 00:00:00","집단급식소","359867.225624337","484872.36172484","집단급식소","0","0","","","","0","0","0","0","0","","0","0","N","0","","","",
"1944","집단급식소","07_21_02_P","4201000","4201000-105-2001-00065","1999-06-26","","03","폐업","02","폐업","2009-03-05","","","","033 6614612","","","강원특별자치도 강릉시 주문진읍 교항리 48-194","","","주문진고등학교","2009-01-19 17:13:51","I","2023-06-13 00:00:00","집단급식소","360943.603578951","488078.222586594","집단급식소","0","0","","","상수도전용","0","0","0","0","0","","0","0","N","0","","","",
"1945","집단급식소","07_21_02_P","4201000","4201000-105-2001-00070","2000-04-21","","03","폐업","02","폐업","2005-09-27","","","","033 6402720","","","강원특별자치도 강릉시 지변동 123","","","강릉대학5호급식소","2002-09-26 00:00:00","I","2023-06-13 00:00:00","집단급식소","364627.278082023","475810.449226925","집단급식소","0","0","","","상수도전용","0","0","0","0","0","","0","0","N","0","","","",
"1946","집단급식소","07_21_02_P","4201000","4201000-105-2001-00073","2000-07-11","","03","폐업","02","폐업","2005-07-13","","","","033 6531033","","","강원특별자치도 강릉시 옥천동 326","","","현대병원급식소","2002-09-26 00:00:00","I","2023-06-13 00:00:00","집단급식소","367629.928350308","474812.329131094","집단급식소","0","0","","","상수도전용","0","0","0","0","0","","0","0","N","0","","","",
"1947","집단급식소","07_21_02_P","4201000","4201000-105-2001-00074","2000-07-25","","03","폐업","02","폐업","2025-07-10","","","","033 6445766","","","강원특별자치도 강릉시 강동면 심곡리 3-3","강원특별자치도 강릉시 강동면 심곡봉화길 118-1","25632","강릉효도마을","2025-07-10 16:28:24","U","2025-07-12 02:40:00","사회복지시설","380984.11807378","465371.559004521","사회복지시설","0","0","","","상수도전용","0","0","0","0","0","","0","0","N","0","","","",
"1948","집단급식소","07_21_02_P","4201000","4201000-105-2001-00027","1988-05-20","","03","폐업","02","폐업","2007-02-26","","","","0394  341000","","","강원특별자치도 강릉시 옥계면 산계리 280-0001","","","라파즈한라시멘트(주)","2003-01-30 00:00:00","I","2023-06-13 00:00:00","집단급식소","377317.711567857","456045.680054891","집단급식소","0","0","","","지하수전용","0","0","0","0","0","","0","0","N","0","","","",
"1949","집단급식소","07_21_02_P","4201000","4201000-105-2001-00035","1995-03-18","","03","폐업","02","폐업","2018-12-10","","","","033 640 3313","","","강원특별자치도 강릉시 노암동 351-19","강원특별자치도 강릉시 노암등길 39 (노암동)","25592","강원도강릉교육청","2018-12-10 15:36:00","I","2023-06-13 00:00:00","공공기관","367433.16218985","473158.798214116","공공기관","0","0","","","상수도전용","0","0","0","0","0","","0","0","N","0","","","",
"1950","집단급식소","07_21_02_P","4201000","4201000-105-2001-00036","1995-04-11","","03","폐업","02","폐업","2017-08-22","","","","033649 7930","","","강원특별자치도 강릉시 내곡동 522","강원특별자치도 강릉시 범일로579번길 24 (내곡동)","25601","관동대학교구내식당(학생식당)","2017-08-22 09:10:02","I","2023-06-13 00:00:00","집단급식소","365136.451379883","472058.531076918","집단급식소","0","0","","","상수도전용","0","0","0","0","0","","0","0","N","0","","","",
"1951","집단급식소","07_21_02_P","4201000","4201000-105-2005-00025","2005-08-12","","03","폐업","02","폐업","2025-03-05","","","","033 6539579","6.38","","강원특별자치도 강릉시 포남동 1194-14","강원특별자치도 강릉시 경강로2333번길 8 (포남동)","25569","신나는어린이집","2025-03-05 16:38:51","U","2025-03-08 02:40:00","어린이집","368755.594187448","475838.252489068","어린이집","0","0","","","상수도전용","0","0","0","0","0","","0","0","N","61.8","","","",
"1952","집단급식소","07_21_02_P","4201000","4201000-105-2005-00028","2005-08-26","","03","폐업","02","폐업","2019-10-18","","","","033 6516956","96.00","","강원특별자치도 강릉시 포남동 643","강원특별자치도 강릉시 수리골길 6-7 (포남동)","25471","성혜유치원","2019-10-18 09:05:10","I","2023-06-13 00:00:00","어린이집","367459.145793251","475994.315527276","어린이집","0","0","","","상수도전용","0","0","0","0","0","","0","0","N","107.04","","","",
"1953","집단급식소","07_21_02_P","4201000","4201000-105-2015-00001","2015-01-08","","03","폐업","02","폐업","2016-12-06","","","","033 642 3761","54.00","","강원특별자치도 강릉시 포남동 1156","강원특별자치도 강릉시 경강로2267번길 19 (포남동)","25545","강릉자비아동복지센터","2015-04-07 14:57:21","I","2023-06-13 00:00:00","집단급식소","368040.40940302","475536.925289335","집단급식소","0","0","","","상수도전용","0","0","0","0","0","","0","0","N","54","","","",
"1954","집단급식소","07_21_02_P","4201000","4201000-105-2015-00005","2015-04-10","","03","폐업","02","폐업","2016-09-06","","","","033 652 3155","5.64","","강원특별자치도 강릉시 송정동 110-77","강원특별자치도 강릉시 경강로 2533 (송정동)","25559","해송어린이집","2016-02-24 13:30:19","I","2023-06-13 00:00:00","집단급식소","370538.333258598","476399.3414132","집단급식소","0","0","","","상수도전용","0","0","0","0","0","","0","0","N","5.64","","","",
"1955","집단급식소","07_21_02_P","4201000","4201000-105-2015-00007","2015-06-02","","03","폐업","02","폐업","2021-06-18","","","","033 653 2589","0.00","","강원특별자치도 강릉시 포남동 525","강원특별자치도 강릉시 가작로287번길 40-2 (포남동)","25478","청담유치원","2021-06-18 10:09:50","I","2023-06-13 00:00:00","어린이집","367832.465187664","476293.677414626","어린이집","0","0","","","상수도전용","0","0","0","0","0","","0","0","N","0","","","",
"1956","집단급식소","07_21_02_P","4201000","4201000-105-2015-00008","2015-06-19","","03","폐업","02","폐업","2023-04-27","","","","033 650 7079","195.50","","강원특별자치도 강릉시 강문동 274-1","강원특별자치도 강릉시 해안로406번길 2 (강문동)","25460","주식회사라한호텔(씨마크호텔)","2023-04-27 15:52:25","I","2023-06-13 00:00:00","산업체","368547.155962069","478977.195262736","산업체","0","0","","","상수도전용","0","0","0","0","0","","0","0","N","61.6","","","",
"1957","집단급식소","07_21_02_P","4201000","4201000-105-2005-00029","2005-08-26","","03","폐업","02","폐업","2017-12-07","","","","033 6510336","9.69","","강원특별자치도 강릉시 초당동 247","강원특별자치도 강릉시 초당원길 61 (초당동)","25469","초원어린이집","2017-12-07 17:20:26","I","2023-06-13 00:00:00","어린이집","368537.190957817","477740.665940512","어린이집","0","0","","","상수도전용","0","0","0","0","0","","0","0","N","47.74","","","",
"1958","집단급식소","07_21_02_P","4201000","4201000-105-2005-00032","2005-08-29","","03","폐업","02","폐업","2006-08-02","","","","033 6430750","7.26","","강원특별자치도 강릉시 교동 1825-1","","","상지어린이집","2005-08-29 00:00:00","I","2023-06-13 00:00:00","집단급식소","365467.761208169","475641.75806551","집단급식소","0","0","","","상수도전용","0","0","0","0","0","","0","0","N","35.96","","","",
"1959","집단급식소","07_21_02_P","4201000","4201000-105-2005-00036","2005-09-05","","03","폐업","02","폐업","2025-03-14","","","","033 6461472","13.44","","강원특별자치도 강릉시 내곡동 299-3","강원특별자치도 강릉시 범일로 565-7 (내곡동)","25601","한울어린이집","2025-03-14 11:38:31","U","2025-03-16 02:40:00","어린이집","365624.898340474","472265.100060169","어린이집","0","0","","","상수도전용","0","0","0","0","0","","0","0","N","72.24","","","",
"1960","집단급식소","07_21_02_P","4201000","4201000-105-2005-00037","2005-09-05","","03","폐업","02","폐업","2024-07-29","","","","033 6429976","10.03","","강원특별자치도 강릉시 금학동 21-1","강원특별자치도 강릉시 금성로 28-2 (금학동)","25540","금천유치원","2024-07-29 13:51:19","U","2024-07-31 02:40:00","어린이집","367134.710675635","474089.867509274","어린이집","0","0","","","상수도전용","0","0","0","0","0","","0","0","N","56.78","","","",
"1961","집단급식소","07_21_02_P","4201000","4201000-105-2005-00038","2005-09-06","","03","폐업","02","폐업","2020-03-30","","","","033 6625266","23.52","","강원특별자치도 강릉시 주문진읍 교항리 300-3","강원특별자치도 강릉시 주문진읍 교항안길 23","25420","새롬유치원","2020-03-31 14:05:01","I","2023-06-13 00:00:00","어린이집","360082.641902762","488420.797415019","어린이집","0","0","","","상수도전용","0","0","0","0","0","","0","0","N","114.24","","","",
"1962","집단급식소","07_21_02_P","4201000","4201000-105-2005-00039","2005-09-06","","03","폐업","02","폐업","2006-02-24","","","","033 6615534","10.35","","강원특별자치도 강릉시 연곡면 동덕리 443-1","","","연곡유치원","2005-09-06 00:00:00","I","2023-06-13 00:00:00","집단급식소","361589.151008995","485558.220278598","집단급식소","0","0","","","상수도전용","0","0","0","0","0","","0","0","N","43.81","","","",
"1963","집단급식소","07_21_02_P","4201000","4201000-105-2005-00041","2005-09-20","","03","폐업","02","폐업","2019-02-28","","","","033 655 2188","9.66","","강원특별자치도 강릉시 입암동 415-7","강원특별자치도 강릉시 입암로 17 (입암동)","25583","꿈나무어린이집","2019-03-11 13:30:35","I","2023-06-13 00:00:00","어린이집","368375.892969524","473537.367111177","어린이집","0","0","","","상수도전용","0","0","0","0","0","","0","0","N","53.91","","","",
"1964","집단급식소","07_21_02_P","4201000","4201000-105-2005-00042","2005-09-28","","03","폐업","02","폐업","2014-12-31","","","","033 6402038","116.10","","강원특별자치도 강릉시 지변동 123","강원특별자치도 강릉시 죽헌길 7 (지변동)","25457","강릉원주대학교2식당","2013-12-31 12:43:02","I","2023-06-13 00:00:00","집단급식소","364627.278082023","475810.449226925","집단급식소","0","0","","","상수도전용","0","0","0","0","0","","0","0","N","571.6","","","",
"1965","집단급식소","07_21_02_P","4201000","4201000-105-2005-00043","2005-10-05","","03","폐업","02","폐업","2024-04-01","","","","033 6460331","157.49","","강원특별자치도 강릉시 죽헌동 434-1","강원특별자치도 강릉시 유죽길533번길 7-6 (죽헌동)","25454","엘리트어린이집","2024-04-01 16:21:47","U","2024-04-03 02:40:00","어린이집","365155.853289809","477032.211471724","어린이집","0","0","","","상수도전용","0","0","0","0","0","자가","0","0","N","14.7","","","",
"1966","집단급식소","07_21_02_P","4201000","4201000-105-2005-00044","2005-10-17","","03","폐업","02","폐업","2010-07-09","","","","033 6419029","161.47","","강원특별자치도 강릉시 성산면 구산리 239-1","","","성산어린이집","2010-04-29 14:23:30","I","2023-06-13 00:00:00","집단급식소","361350.988393675","469784.17862372","집단급식소","0","0","","","간이상수도","0","0","0","0","0","자가","0","0","N","29.47","","","",
"1967","집단급식소","07_21_02_P","4201000","4201000-105-2017-00001","2017-01-19","","03","폐업","02","폐업","2018-12-26","","","","033 641 2001","10.89","","강원특별자치도 강릉시 임당동 178-1","강원특별자치도 강릉시 임영로164번길 7 (임당동)","25529","중앙어린이집","2018-12-26 17:44:47","I","2023-06-13 00:00:00","어린이집","366719.764190921","474300.299468779","어린이집","0","0","","","상수도전용","0","0","0","0","0","","0","0","N","10.89","","","",
"1968","집단급식소","07_21_02_P","4201000","4201000-105-2015-00012","2015-10-28","","03","폐업","02","폐업","2020-06-01","","","","033 648 0900","103.10","","강원특별자치도 강릉시 사천면 산대월리 536-2","강원특별자치도 강릉시 사천면 안현로 85-39","25441","청강요양병원","2020-06-08 11:27:58","I","2023-06-13 00:00:00","병원","364453.539833439","479746.627374284","병원","0","0","","","지하수전용","0","0","0","0","0","","0","0","N","31.5","","","",
"1969","집단급식소","07_21_02_P","4201000","4201000-105-2016-00002","2016-03-03","","03","폐업","02","폐업","2022-01-04","","","","033 643 1603","138.30","","강원특별자치도 강릉시 홍제동 992-1","강원특별자치도 강릉시 하슬라로 27, 2층 (홍제동)","25519","강원여객자동차(주)","2022-01-04 15:00:48","I","2023-06-13 00:00:00","산업체","365503.379656422","474089.056243697","산업체","0","0","","","상수도전용","0","0","0","0","0","","0","0","N","40.5","","","",
"1970","집단급식소","07_21_02_P","4201000","4201000-105-2016-00008","2016-12-05","","03","폐업","02","폐업","2017-04-30","","","","033 350 2081","598.50","","강원특별자치도 강릉시 교동 6 외 14필지","","","2018동계올림픽조직위원회 강릉빙상경기장 운영인력식당","2017-12-28 15:40:17","I","2023-06-13 00:00:00","산업체","","","산업체","0","0","","","상수도전용","0","0","0","0","0","","0","0","N","148.5","","","",
"1971","집단급식소","07_21_02_P","4201000","4201000-105-2017-00004","2017-07-27","","03","폐업","02","폐업","2021-08-30","","","","","10.20","","강원특별자치도 강릉시 노암동 318","강원특별자치도 강릉시 노암길41번길 7-3 (노암동)","25587","누리콩어린이집","2021-08-30 16:49:10","I","2023-06-13 00:00:00","어린이집","367391.359646739","473352.817750358","어린이집","0","0","","","상수도전용","0","0","0","0","0","","0","0","N","10.2","","","",
"1972","집단급식소","07_21_02_P","4201000","4201000-105-2017-00005","2017-09-20","","03","폐업","02","폐업","2024-07-29","","","","033 643 5500","274.80","","강원특별자치도 강릉시 안현동 795","강원특별자치도 강릉시 안현로 84-30 (안현동)","25462","백세사랑요양원","2024-07-29 13:17:08","U","2024-07-31 02:40:00","사회복지시설","364275.502329105","479224.502054831","사회복지시설","0","0","","","지하수전용","0","0","0","0","0","","0","0","N","51.8","","","",
"1973","집단급식소","07_21_02_P","4201000","4201000-105-2018-00003","2018-01-04","","03","폐업","02","폐업","2018-05-30","","","","","3137.00","","강원특별자치도 강릉시 유천동 778","","","2018동계올림픽조직위원회 강릉선수촌 식당","2018-05-30 14:05:31","I","2023-06-13 00:00:00","기타 집단급식소","364587.725719431","474889.546437664","기타 집단급식소","0","0","","","상수도전용","0","0","0","0","0","","0","0","N","529","","","",
"1974","집단급식소","07_21_02_P","4201000","4201000-105-2018-00004","2018-01-04","","03","폐업","02","폐업","2018-05-31","","","","","578.50","","강원특별자치도 강릉시 교동 95-7","","","2018평창동계올림픽조직위원회 강릉차고지 식당","2018-05-30 14:05:44","I","2023-06-13 00:00:00","기타 집단급식소","367276.657734435","475297.869370117","기타 집단급식소","0","0","","","상수도전용","0","0","0","0","0","","0","0","N","195","","","",
"1975","집단급식소","07_21_02_P","4201000","4201000-105-2018-00005","2018-01-15","","03","폐업","02","폐업","2018-03-31","","","","","569.30","","강원특별자치도 강릉시 내곡동 522","","","2018동계올림픽조직위원회 관동하키센터 운영인력식당","2018-05-18 11:16:43","I","2023-06-13 00:00:00","기타 집단급식소","365136.451379883","472058.531076918","기타 집단급식소","0","0","","","","0","0","0","0","0","","0","0","N","179.8","","","",
"1976","집단급식소","07_21_02_P","4201000","4201000-105-2018-00006","2018-01-18","","03","폐업","02","폐업","2018-03-31","","","","","1295.50","","강원특별자치도 강릉시 포남동 587","","","2018동계올림픽조직위원회 강릉하키센터 운영인력식당","2018-05-18 11:16:57","I","2023-06-13 00:00:00","기타 집단급식소","","","기타 집단급식소","0","0","","","상수도전용","0","0","0","0","0","","0","0","N","270.5","","","",
"1977","집단급식소","07_21_02_P","4201000","4201000-105-2018-00007","2018-01-18","","03","폐업","02","폐업","2018-03-31","","","","","603.10","","강원특별자치도 강릉시 포남동 248-11","","","2018동계올림픽조직위원회 스피드스케이팅경기장 운영인력식당","2018-05-18 11:20:15","I","2023-06-13 00:00:00","기타 집단급식소","","","기타 집단급식소","0","0","","","상수도전용","0","0","0","0","0","","0","0","N","193.5","","","",
"1978","집단급식소","07_21_02_P","4201000","4201000-105-2018-00008","2018-01-18","","03","폐업","02","폐업","2018-03-31","","","","","686.00","","강원특별자치도 강릉시 교동 4681-16","","","2018동계올림픽조직위원회 강릉아이스아레나 운영인력식당","2018-05-18 11:20:30","I","2023-06-13 00:00:00","기타 집단급식소","","","기타 집단급식소","0","0","","","상수도전용","0","0","0","0","0","","0","0","N","179.7","","","",
"1979","집단급식소","07_21_02_P","4201000","4201000-105-2018-00009","2018-01-18","","03","폐업","02","폐업","2018-03-31","","","","","881.00","","강원특별자치도 강릉시 교동 369","","","2018동계올림픽조직위원회 강릉컬링경기장 운영인력식당","2018-05-18 11:20:42","I","2023-06-13 00:00:00","기타 집단급식소","366724.413834601","476125.746033958","기타 집단급식소","0","0","","","상수도전용","0","0","0","0","0","","0","0","N","299","","","",
"1980","집단급식소","07_21_02_P","4201000","4201000-105-2018-00011","2018-09-06","","03","폐업","02","폐업","2020-09-08","","","","","29.60","","강원특별자치도 강릉시 포남동 55-10","강원특별자치도 강릉시 산양길 50 (포남동)","25471","예원숲어린이집","2020-09-08 16:09:03","I","2023-06-13 00:00:00","어린이집","368364.182125384","476947.297263744","어린이집","0","0","","","","0","0","0","0","0","","0","0","N","12","","","",
"1981","집단급식소","07_21_02_P","4211000","4211000-105-2002-00003","2002-06-12","","03","폐업","02","폐업","2020-01-09","","","","033 5352797","43.55","","강원특별자치도 동해시 부곡동 465-1","강원특별자치도 동해시 승지로 315 (부곡동)","25741","동해시청소년수련관","2020-01-09 11:54:57","I","2023-06-13 00:00:00","수련원","382913.063502841","450323.887409651","수련원","0","0","","","지하수전용","0","0","0","0","0","","0","0","N","144.53","","","",
"1982","집단급식소","07_21_02_P","4211000","4211000-105-2003-00001","2003-02-06","","03","폐업","02","폐업","2015-04-10","","","","5303314","127.68","","강원특별자치도 동해시 천곡동 884","강원특별자치도 동해시 중앙로 218 (천곡동)","25770","해람병원","2015-04-15 15:09:51","I","2023-06-13 00:00:00","집단급식소","386974.192783286","448557.45116627","집단급식소","0","0","","","상수도전용","0","0","0","0","0","","0","0","N","206.73","","","",
"1983","집단급식소","07_21_02_P","4211000","4211000-105-2004-00002","2004-05-28","","03","폐업","02","폐업","2019-05-28","","","","033 5322024","37.25","","강원특별자치도 동해시 부곡동 232","강원특별자치도 동해시 승지로 60-5 (부곡동)","25741","동해시노인요양원","2019-05-28 11:46:41","I","2023-06-13 00:00:00","사회복지시설","385032.817867355","450707.706378469","사회복지시설","0","0","","","상수도전용","0","0","0","0","0","","0","0","N","151.25","","","",
"1984","집단급식소","07_21_02_P","4211000","4211000-105-2004-00003","2004-06-11","","03","폐업","02","폐업","2017-03-30","","","","5343671","45.92","","강원특별자치도 동해시 만우동 300","강원특별자치도 동해시 느릅재길 284 (만우동)","25704","이레마을 노인전문요양원","2017-03-30 16:00:13","I","2023-06-13 00:00:00","집단급식소","383639.118456122","452656.011134774","집단급식소","0","0","","","지하수전용","0","0","0","0","0","","0","0","N","124.34","","","",
"1985","집단급식소","07_21_02_P","4211000","4211000-105-2004-00004","2004-12-06","","03","폐업","02","폐업","2005-07-01","","","","033 5346800","84.75","","강원특별자치도 동해시 망상동 459-10 동해망상실버타운","","","동해약천온천실버타운","2004-12-06 00:00:00","I","2023-06-13 00:00:00","집단급식소","","","집단급식소","0","0","","","지하수전용","0","0","0","0","0","","0","0","N","384.78","","","",
"1986","집단급식소","07_21_02_P","4211000","4211000-105-2005-00001","2005-01-20","","03","폐업","02","폐업","2014-08-26","","","","033 5349528","9.66","","강원특별자치도 동해시 이로동 33-31","강원특별자치도 동해시 파수길 24 (이로동)","25745","신애유치원","2012-04-18 10:02:53","I","2023-06-13 00:00:00","집단급식소","382688.315140752","444519.789218439","집단급식소","0","0","","","상수도전용","0","0","0","0","0","","0","0","N","25.35","","","",
"1987","집단급식소","07_21_02_P","4211000","4211000-105-2005-00002","2005-01-20","","03","폐업","02","폐업","2023-08-16","","","","033 5329809","8.40","","강원특별자치도 동해시 천곡동 973-17","강원특별자치도 동해시 감추3길 37-1 (천곡동)","25778","예쁜유치원","2023-08-16 11:55:17","U","2023-08-18 02:40:00","어린이집","387561.739364211","448211.751761892","어린이집","0","0","","","상수도전용","0","0","0","0","0","","0","0","N","8.4","","","",
"1988","집단급식소","07_21_02_P","4211000","4211000-105-2005-00005","2005-02-17","","03","폐업","02","폐업","2006-04-07","","","","5337259","30.87","","강원특별자치도 동해시 천곡동 997 경포아파트 내","","","해군유치원","2005-02-17 00:00:00","I","2023-06-13 00:00:00","집단급식소","387165.784100822","447966.777432555","집단급식소","0","0","","","상수도전용","0","0","0","0","0","","0","0","N","187.49","","","",
"1989","집단급식소","07_21_02_P","4211000","4211000-105-2005-00006","2005-02-17","","03","폐업","02","폐업","2023-09-27","","","","033 5353666","10.69","","강원특별자치도 동해시 발한동 472-5","강원특별자치도 동해시 발한천윗길 30 (발한동)","25723","미래클어린이집","2023-09-27 16:50:45","U","2023-09-29 02:40:00","어린이집","385605.50472891","452134.233389591","어린이집","0","0","","","상수도전용","0","0","0","0","0","","0","0","N","10.69","","","",
"1990","집단급식소","07_21_02_P","4211000","4211000-105-2005-00007","2005-02-17","","03","폐업","02","폐업","2016-10-14","","","","5220889","15.26","","강원특별자치도 동해시 쇄운동 288-1","강원특별자치도 동해시 청운로 69-4 (쇄운동)","25805","청운어린이집","2012-04-13 16:48:40","I","2023-06-13 00:00:00","집단급식소","385712.620459886","444722.077977872","집단급식소","0","0","","","상수도전용","0","0","0","0","0","","0","0","N","15.26","","","",
"1991","집단급식소","07_21_02_P","4211000","4211000-105-2005-00010","2005-02-24","","03","폐업","02","폐업","2018-11-27","","","","033 5357455","28.60","","강원특별자치도 동해시 천곡동 1051-10","강원특별자치도 동해시 샘실3길 21 (천곡동)","25766","동해근로복지공단어린이집","2018-11-27 17:21:06","I","2023-06-13 00:00:00","어린이집","386157.582944695","448557.876637065","어린이집","0","0","","","상수도전용","0","0","0","0","0","","0","0","N","28.6","","","",
"1992","집단급식소","07_21_02_P","4211000","4211000-105-2005-00014","2005-02-25","","03","폐업","02","폐업","2021-05-27","","","","033 5214283","8.82","","강원특별자치도 동해시 구미동 438-2","강원특별자치도 동해시 갯목길 15 (구미동)","25792","동해남부유치원","2021-05-27 14:04:01","I","2023-06-13 00:00:00","어린이집","388113.226528721","444665.892701417","어린이집","0","0","","","상수도전용","0","0","0","0","0","","0","0","N","8.82","","","",
"1993","집단급식소","07_21_02_P","4211000","4211000-105-2005-00015","2005-02-25","","03","폐업","02","폐업","2019-01-07","","","","033 5313621","39.69","","강원특별자치도 동해시 발한동 218-62","강원특별자치도 동해시 붉은언덕길 31 (발한동)","25725","에덴어린이집","2019-01-07 10:25:06","I","2023-06-13 00:00:00","어린이집","385883.186303146","451271.312114167","어린이집","0","0","","","상수도전용","0","0","0","0","0","","0","0","N","192.29","","","",
"1994","집단급식소","07_21_02_P","4211000","4211000-105-2005-00017","2005-02-25","","03","폐업","02","폐업","2019-06-26","","","","033 5326882","12.41","","강원특별자치도 동해시 천곡동 1002-7","강원특별자치도 동해시 동굴로 106 (천곡동)","25775","열린어린이집","2019-06-26 10:55:06","I","2023-06-13 00:00:00","어린이집","386982.75702135","448247.624510489","어린이집","0","0","","","상수도전용","0","0","0","0","0","","0","0","N","12.41","","","",
"1995","집단급식소","07_21_02_P","4211000","4211000-105-2005-00019","2005-02-25","","03","폐업","02","폐업","2025-01-08","","","","033 5316699","30.66","","강원특별자치도 동해시 용정동 258-1","강원특별자치도 동해시 해안로 77 (용정동)","25780","바라밀유치원","2025-01-08 11:51:48","U","2025-01-10 02:40:00","어린이집","387776.995721444","447479.719511665","어린이집","0","0","","","상수도전용","0","0","0","0","0","","0","0","N","47.76","","","",
"1996","집단급식소","07_21_02_P","4211000","4211000-105-2005-00023","2005-04-04","","03","폐업","02","폐업","2020-01-03","","","","033 5338275","64.80","","강원특별자치도 동해시 천곡동 888","강원특별자치도 동해시 중앙로 210 (천곡동)","25770","한마음병원","2020-01-03 15:10:16","I","2023-06-13 00:00:00","병원","386995.199984986","448481.419892167","병원","0","0","","","상수도전용","0","0","0","0","0","","0","0","N","31.86","","","",
"1997","집단급식소","07_21_02_P","4211000","4211000-105-2007-00001","2007-02-01","","03","폐업","02","폐업","2010-10-21","","","","5208012","324.00","","강원특별자치도 동해시 구호동 246","","","(주)임동","2007-02-01 00:00:00","I","2023-06-13 00:00:00","집단급식소","389879.389447498","443866.815521936","집단급식소","0","0","","","상수도전용","0","0","0","0","0","자가","0","0","N","46.8","","","",
"1998","집단급식소","07_21_02_P","4211000","4211000-105-2007-00004","2007-05-14","","03","폐업","02","폐업","2017-05-18","","","","5215667","53.41","","강원특별자치도 동해시 쇄운동 86-3","강원특별자치도 동해시 청운로 84 (쇄운동)","25807","기린어린이집","2017-05-18 09:32:36","I","2023-06-13 00:00:00","집단급식소","385928.561297639","444888.317643473","집단급식소","0","0","","","상수도전용","0","0","0","0","0","자가","0","0","N","29.4","","","",
"1999","집단급식소","07_21_02_P","4211000","4211000-105-1974-00001","1974-02-01","","03","폐업","02","폐업","2012-01-16","","","","5201107","128.35","","강원특별자치도 동해시 삼화동 200","강원특별자치도 동해시 효자로 246 (삼화동)","25744","쌍용양회(주)동해공장","2012-05-07 16:51:47","I","2023-06-13 00:00:00","집단급식소","381789.813670765","444419.292367977","집단급식소","0","0","","","상수도전용","0","0","0","0","0","","0","0","N","577.19","","","",
"2000","집단급식소","07_21_02_P","4211000","4211000-105-1981-00001","1981-09-30","","03","폐업","02","폐업","2017-11-17","","","","033 5325609","348.19","","강원특별자치도 동해시 송정동 882","강원특별자치도 동해시 숫골길 17 (송정동)","","(주)동부메탈 동해공장","2017-11-17 09:27:34","I","2023-06-13 00:00:00","산업체","387682.2284969","446429.39216802","산업체","0","0","","","상수도전용","0","0","0","0","0","","0","0","N","331.9","","","",
"2001","집단급식소","07_21_02_P","4211000","4211000-105-1987-00001","2010-07-06","","03","폐업","02","폐업","2010-07-06","","","","5303118","643.50","","강원특별자치도 동해시 평릉동 190","","","산재의료관리원 동해병원","2012-03-12 17:10:01","I","2023-06-13 00:00:00","집단급식소","386254.528257327","449765.816314041","집단급식소","0","0","","","상수도전용","0","0","0","0","0","","0","0","N","643.5","","","",
"2002","집단급식소","07_21_02_P","4211000","4211000-105-1987-00002","1987-06-01","","03","폐업","02","폐업","1994-06-25","","","","328353","0.00","","강원특별자치도 동해시 신흥동 6-1 반","","","삼흥국민학교","2004-03-29 00:00:00","I","2023-06-13 00:00:00","집단급식소","","","집단급식소","0","0","","","","0","0","0","0","0","","0","0","N","108.9","","","",
"2003","집단급식소","07_21_02_P","4211000","4211000-105-1993-00002","1993-04-02","","03","폐업","02","폐업","2016-09-20","","","","5210229","132.75","","강원특별자치도 동해시 지흥동 산 119","강원특별자치도 동해시 지양길 200 (지흥동)","25800","한중대학교 식당","2012-03-09 15:50:37","I","2023-06-13 00:00:00","집단급식소","384559.642685634","446847.696396704","집단급식소","0","0","","","상수도전용","0","0","0","0","0","","0","0","N","614.68","","","",
"2004","집단급식소","07_21_02_P","4211000","4211000-105-2005-00011","2005-02-24","","03","폐업","02","폐업","2024-09-27","","","","033 5337812","18.06","","강원특별자치도 동해시 천곡동 965-11","강원특별자치도 동해시 감추2길 7 (천곡동)","25777","천곡중앙어린이집","2024-09-27 11:41:10","U","2024-09-29 02:40:00","어린이집","387238.229361861","448127.788994681","어린이집","0","0","","","상수도전용","0","0","0","0","0","","0","0","N","18.06","","","",
"2005","집단급식소","07_21_02_P","4211000","4211000-105-2009-00004","2009-07-10","","03","폐업","02","폐업","2023-01-02","","","","033 5355227","0.00","","강원특별자치도 동해시 천곡동 1098","강원특별자치도 동해시 동굴로 15 (천곡동)","25774","월드비전어린이집","2023-01-02 16:53:19","I","2023-06-13 00:00:00","어린이집","386098.272410381","448106.589056507","어린이집","0","0","","","상수도전용","0","2","0","0","0","임대","0","0","N","0","","","",
"2006","집단급식소","07_21_02_P","4211000","4211000-105-2009-00005","2009-07-16","","03","폐업","02","폐업","2020-02-07","","","","033 5331056","10.00","","강원특별자치도 동해시 묵호진동 1-44","강원특별자치도 동해시 논골길 78 (묵호진동)","25717","공립묵호어린이집","2020-02-07 16:20:20","I","2023-06-13 00:00:00","어린이집","386749.668886434","452805.99418974","어린이집","0","0","","","상수도전용","0","0","0","0","0","자가","0","0","N","10","","","",
"2007","집단급식소","07_21_02_P","4211000","4211000-105-2009-00006","2009-09-01","","03","폐업","02","폐업","2012-03-19","","","","033 5217679","23.00","","강원특별자치도 동해시 효가동 270","강원특별자치도 동해시 동해대로 5059 (효가동)","25801","상지유치원","2012-03-14 16:28:42","I","2023-06-13 00:00:00","집단급식소","386548.631137394","446026.919835817","집단급식소","0","0","","","","0","0","0","0","0","","0","0","N","23","","","",
"2008","집단급식소","07_21_02_P","4211000","4211000-105-2010-00002","2010-07-06","","03","폐업","02","폐업","2017-07-05","","","","5303118","643.50","","강원특별자치도 동해시 평릉동 190","강원특별자치도 동해시 하평로 11 (평릉동)","25738","근로복지공단 동해병원","2017-07-05 17:11:21","I","2023-06-13 00:00:00","집단급식소","386254.528257327","449765.816314041","집단급식소","0","0","","","상수도전용","0","16","0","0","0","","0","0","N","643.5","","","",
"2009","집단급식소","07_21_02_P","4211000","4211000-105-2010-00003","2010-12-16","","03","폐업","02","폐업","2015-06-01","","","","5223595","70.00","","강원특별자치도 동해시 지흥동 산 119","강원특별자치도 동해시 지양길 200 (지흥동)","25800","한중대창업식당","2014-04-04 15:42:50","I","2023-06-13 00:00:00","집단급식소","384559.642685634","446847.696396704","집단급식소","0","0","","","상수도전용","0","0","0","0","0","","0","0","N","201.2","","","",
"2010","집단급식소","07_21_02_P","4211000","4211000-105-2011-00002","2011-09-06","","03","폐업","02","폐업","2011-09-06","","","","","","","강원특별자치도 동해시 단봉동 475-4","강원특별자치도 동해시 강원남부로 4654-1 (단봉동)","25821","삼화사노인요양원","2012-07-04 11:43:05","I","2023-06-13 00:00:00","집단급식소","387191.456739734","442609.904427639","집단급식소","0","0","","","상수도전용","0","0","0","0","0","","0","0","N","0","","","",
"2011","집단급식소","07_21_02_P","4211000","4211000-105-2013-00001","2013-01-10","","03","폐업","02","폐업","2022-11-21","","","","033 5357070","514.00","","강원특별자치도 동해시 부곡동 144","강원특별자치도 동해시 승지로 30 (부곡동)","25732","아이솔유치원","2022-11-21 15:41:35","I","2023-06-13 00:00:00","어린이집","385429.566234552","450514.385264836","어린이집","0","0","","","상수도전용","0","0","0","0","0","","0","0","N","15","","","",
"2012","집단급식소","07_21_02_P","4211000","4211000-105-2015-00001","2015-07-17","","03","폐업","02","폐업","2019-05-15","","","","033 5353458","16.41","","강원특별자치도 동해시 용정동 268-6","강원특별자치도 동해시 봉오주택길 21-9 (용정동)","25783","동그라미어린이집","2019-05-15 16:05:45","I","2023-06-13 00:00:00","어린이집","387380.595047885","447498.492585869","어린이집","0","0","","","상수도전용","0","0","0","0","0","","0","0","N","18.88","","","",
"2013","집단급식소","07_21_02_P","4211000","4211000-105-2016-00001","2016-03-04","","03","폐업","02","폐업","2023-01-16","","","","033 5393321","154.00","","강원특별자치도 동해시 천곡동 816","강원특별자치도 동해시 천곡로 107 (천곡동)","25754","동해경찰서급식소","2023-01-16 09:56:40","I","2023-06-13 00:00:00","공공기관","387032.337916783","449070.2594606","공공기관","0","0","","","상수도전용","0","3","0","0","0","","0","0","N","40.5","","","",
"2014","집단급식소","07_21_02_P","4211000","4211000-105-2017-00002","2017-05-29","","03","폐업","02","폐업","2018-02-02","","","","033 5209900","660.11","","강원특별자치도 동해시 지흥동 산 119","강원특별자치도 동해시 지양길 200 (지흥동, 한중대학교)","25800","한중대학교식당","2018-02-02 16:26:04","I","2023-06-13 00:00:00","학교","384559.642685634","446847.696396704","학교","0","0","","","상수도전용","0","0","0","0","0","","0","0","N","151.32","","","",
"2015","집단급식소","07_21_02_P","4211000","4211000-105-2009-00003","2009-07-10","","03","폐업","02","폐업","2009-07-14","","","","5354319","18.00","","강원특별자치도 동해시 부곡동 171-9","","","우주어린이집","2009-07-10 16:08:28","I","2023-06-13 00:00:00","집단급식소","","","집단급식소","0","0","","","상수도전용","0","0","0","0","0","자가","0","0","N","18","","","",
"2016","집단급식소","07_21_02_P","4211000","4211000-105-1998-00001","1998-06-02","","03","폐업","02","폐업","2017-05-29","","","","5220584","111.00","","강원특별자치도 동해시 지흥동 산 119","강원특별자치도 동해시 지양길 200 (지흥동)","25800","한중대학교 기숙사식당","2017-05-29 16:37:07","I","2023-06-13 00:00:00","집단급식소","384559.642685634","446847.696396704","집단급식소","0","0","","","상수도전용","0","0","0","0","0","","0","0","N","691.03","","","",
"2017","집단급식소","07_21_02_P","4211000","4211000-105-1999-00003","1999-07-14","","03","폐업","02","폐업","2001-11-08","","","","","","","강원특별자치도 동해시 송정동 606","","","현대금강산호선원식당","2002-05-31 00:00:00","I","2023-06-13 00:00:00","집단급식소","388564.771678768","446096.389230287","집단급식소","0","0","","","","0","0","0","0","0","","0","0","N","0","","","",
"2018","집단급식소","07_21_02_P","4211000","4211000-105-1999-00004","1999-07-14","","03","폐업","02","폐업","2002-02-07","","","","","","","강원특별자치도 동해시 송정동 606","","","현대봉래호선원식당","2002-05-31 00:00:00","I","2023-06-13 00:00:00","집단급식소","388564.771678768","446096.389230287","집단급식소","0","0","","","","0","0","0","0","0","","0","0","N","0","","","",
"2019","집단급식소","07_21_02_P","4211000","4211000-105-1999-00005","1999-07-14","","03","폐업","02","폐업","2000-03-14","","","","","","","강원특별자치도 동해시 송정동 606","","","현대풍악호선원식당","2002-05-31 00:00:00","I","2023-06-13 00:00:00","집단급식소","388564.771678768","446096.389230287","집단급식소","0","0","","","","0","0","0","0","0","","0","0","N","0","","","",
"2020","집단급식소","07_21_02_P","4211000","4211000-105-2001-00003","2001-03-03","","03","폐업","02","폐업","2004-12-17","","","","5222232","37.60","","강원특별자치도 동해시 동회동 169","","","북평고등학교기숙사급식소","2004-03-29 00:00:00","I","2023-06-13 00:00:00","집단급식소","386296.065059802","445296.765975638","집단급식소","0","0","","","상수도전용","0","0","0","0","0","","0","0","N","184.28","","","",
"2021","집단급식소","07_21_02_P","4211000","4211000-105-2019-00001","2019-01-07","","03","폐업","02","폐업","2023-03-28","","","","033 5313621","12.89","","강원특별자치도 동해시 발한동 200-1 동해중앙안식일교회","강원특별자치도 동해시 향로2길 57, 1층 (발한동)","25727","에덴어린이집","2023-03-28 14:46:33","I","2023-06-13 00:00:00","어린이집","386003.161304583","451323.37419511","어린이집","0","0","","","상수도전용","0","0","0","0","0","","0","0","N","12.89","","","",
"2022","집단급식소","07_21_02_P","4211000","4211000-105-2019-00002","2019-05-28","","03","폐업","02","폐업","2020-02-13","","","","033 5322024","102.83","","강원특별자치도 동해시 부곡동 232 시립노인요양원","강원특별자치도 동해시 승지로 60-5 (부곡동)","25741","동해시노인요양원","2020-02-13 15:54:20","I","2023-06-13 00:00:00","사회복지시설","385032.817867355","450707.706378469","사회복지시설","0","0","","","상수도전용","0","0","0","0","0","","0","0","N","38.56","","","",
"2023","집단급식소","07_21_02_P","4211000","4211000-105-2019-00003","2019-05-28","","03","폐업","02","폐업","2023-04-12","","","","033 5223113","15.75","","강원특별자치도 동해시 용정동 268-6 사랑가득어린이집","강원특별자치도 동해시 봉오주택길 21-9, 사랑가득어린이집 (용정동)","25783","사랑가득어린이집","2023-04-12 13:21:39","I","2023-06-13 00:00:00","어린이집","387380.595047885","447498.492585869","어린이집","0","0","","","상수도전용","0","0","0","0","0","","0","0","N","15.75","","","",
"2024","집단급식소","07_21_02_P","4211000","4211000-105-2024-00001","2024-03-25","","03","폐업","02","폐업","2025-01-15","","","","","15.75","","강원특별자치도 동해시 용정동 268-6 사랑가득어린이집","강원특별자치도 동해시 봉오주택길 21-9, 사랑가득어린이집 (용정동)","25783","사랑가득어린이집","2025-01-15 14:14:14","U","2025-01-17 02:40:00","어린이집","387380.595047885","447498.492585869","어린이집","0","0","","","상수도전용","0","1","0","0","0","","0","0","N","15.75","","","",
"2025","집단급식소","07_21_02_P","4221000","4221000-105-1990-00001","1990-06-01","","03","폐업","02","폐업","2016-06-30","","","","033 553 6771","37.57","","강원특별자치도 태백시 황지동 62-3 지하1층","강원특별자치도 태백시 황지로 90 (황지동,지하1층)","26014","고려의원급식소","2013-11-07 10:36:15","I","2023-06-13 00:00:00","집단급식소","376879.423064214","409069.061701021","집단급식소","0","0","","","상수도전용","0","0","0","0","0","","0","0","N","0","","","",
"2026","집단급식소","07_21_02_P","4221000","4221000-105-1995-00003","1995-03-28","","03","폐업","02","폐업","2025-02-18","","","","070 51330714","183.60","","강원특별자치도 태백시 철암동 341-7","강원특별자치도 태백시 동태백로 584 (철암동)","26046","철암초등학교급식소","2025-02-18 13:42:05","U","2025-02-20 02:40:00","학교","381479.109289031","404194.358880328","학교","0","0","","","상수도전용","0","0","0","0","0","","0","0","N","0","","","",
"2027","집단급식소","07_21_02_P","4221000","4221000-105-1996-00004","1996-03-18","","03","폐업","02","폐업","2010-04-06","","","","5538590","","","강원특별자치도 태백시 화전동 123-4","","","화전초등학교급식소","2008-12-23 14:24:31","I","2023-06-13 00:00:00","집단급식소","373544.851597553","412936.248926851","집단급식소","0","0","","","상수도전용","0","0","0","0","0","","0","0","N","0","","","",
"2028","집단급식소","07_21_02_P","4221000","4221000-105-1996-00005","1996-03-20","","03","폐업","02","폐업","2020-12-24","","","","5821436","84.00","","강원특별자치도 태백시 동점동 60-1","강원특별자치도 태백시 방터골1길 59 (동점동)","26048","동점초등학교급식소","2020-12-24 15:34:47","I","2023-06-13 00:00:00","학교","382200.714934595","401819.989236015","학교","0","0","","","상수도전용","0","0","0","0","0","","0","0","N","0","","","",
"2029","집단급식소","07_21_02_P","4221000","4221000-105-1999-00001","1999-05-28","","03","폐업","02","폐업","2015-07-28","","","","033 5539170","264.00","","강원특별자치도 태백시 황지동 439","강원특별자치도 태백시 대학길 97 (황지동)","26034","강원관광대학급식소","2015-07-27 14:37:08","I","2023-06-13 00:00:00","집단급식소","375366.896553026","408426.548493144","집단급식소","0","0","","","상수도전용","0","0","0","0","0","","0","0","N","284.4","","","",
"2030","집단급식소","07_21_02_P","4221000","4221000-105-2000-00002","2000-05-18","","03","폐업","02","폐업","2024-02-26","","","","033 553 9170","94.08","","강원특별자치도 태백시 황지동 439 18통5반","강원특별자치도 태백시 대학길 97 (황지동)","26034","강원관광대학기숙사급식소","2024-02-26 13:25:31","U","2024-02-28 02:40:00","기숙사","375366.896553026","408426.548493144","기숙사","0","0","","","상수도전용","0","0","0","0","0","","0","0","N","441.68","","","",
"2031","집단급식소","07_21_02_P","4221000","4221000-105-2000-00003","2000-07-21","","03","폐업","02","폐업","2016-05-03","","","","033  5539100","58.00","","강원특별자치도 태백시 황지동 87-12","강원특별자치도 태백시 황지로 23 (황지동)","26022","삼성외과정형외과의원급식소","2013-05-16 15:26:26","I","2023-06-13 00:00:00","집단급식소","376716.501399568","408437.881493706","집단급식소","0","0","","","상수도전용","0","0","0","0","0","","0","0","N","71.34","","","",
"2032","집단급식소","07_21_02_P","4221000","4221000-105-2013-00001","2013-05-08","","03","폐업","02","폐업","2016-09-09","","","","033 580 7212","212.20","","강원특별자치도 태백시 황지동 산 176-28","강원특별자치도 태백시 서학로 861 (황지동)","26010","오투리조트 콘도 직원식당","2014-01-16 13:55:07","I","2023-06-13 00:00:00","집단급식소","","","집단급식소","0","0","","","상수도전용","0","0","0","0","0","","0","0","N","47","","","",
"2033","집단급식소","07_21_02_P","4221000","4221000-105-2013-00002","2013-05-08","","03","폐업","02","폐업","2016-09-09","","","","033 580 7212","162.40","","강원특별자치도 태백시 황지동 산 176-28","강원특별자치도 태백시 서학로 861 (황지동)","26010","오투리조트 골프장 직원식당","2014-01-16 13:55:39","I","2023-06-13 00:00:00","집단급식소","","","집단급식소","0","0","","","상수도전용","0","0","0","0","0","","0","0","N","65.5","","","",
"2034","집단급식소","07_21_02_P","4221000","4221000-105-2016-00004","2016-10-21","","03","폐업","02","폐업","2022-09-15","","","","033 550 5012","313.98","","강원특별자치도 태백시 황지동 산 173-3","강원특별자치도 태백시 구와우길 38-7 (황지동)","26024","중소기업진흥공단글로벌리더십연수원","2022-09-15 15:49:02","I","2023-06-13 00:00:00","공공기관","376555.264319182","413799.351295896","공공기관","0","0","","","상수도전용","0","0","0","0","0","","0","0","N","60.64","","","",
"2035","집단급식소","07_21_02_P","4221000","4221000-105-2017-00003","2017-06-20","","03","폐업","02","폐업","2020-03-02","","","","033 580 3260","262.83","","강원특별자치도 태백시 철암동 323-11","강원특별자치도 태백시 상철암길 10-31 (철암동)","26046","근로복지공단태백병원부설케어센터","2020-03-02 16:22:21","I","2023-06-13 00:00:00","병원","381734.560016223","404410.756477179","병원","0","0","","","상수도전용","0","0","0","0","0","","0","0","Y","96.07","","","",
"2036","집단급식소","07_21_02_P","4221000","4221000-105-2020-00002","2020-06-05","","03","폐업","02","폐업","2023-05-02","","","","033 553 2884","16.88","","강원특별자치도 태백시 황지동 14-1 황지교회","강원특별자치도 태백시 황지북2길 6, 황지교회 (황지동)","26011","늘봄어린이집","2023-05-02 11:00:33","I","2023-06-13 00:00:00","어린이집","376774.768086473","409912.717892904","어린이집","0","0","","","상수도전용","0","0","0","0","0","","0","0","N","16.67","","","",
"2037","집단급식소","07_21_02_P","4221000","4221000-105-2001-00002","2001-03-17","","03","폐업","02","폐업","2021-03-18","","","","033 580 5600","91.80","","강원특별자치도 태백시 장성동 109","강원특별자치도 태백시 장성로 265 (장성동)","26047","태백중학교급식소","2021-03-18 10:54:10","I","2023-06-13 00:00:00","학교","379464.220257574","401384.221002595","학교","0","0","","","상수도전용","0","0","0","0","0","","0","0","N","250","","","",
"2038","집단급식소","07_21_02_P","4221000","4221000-105-2003-00001","2003-09-30","","03","폐업","02","폐업","2017-01-19","","","","033  5530982","51.72","","강원특별자치도 태백시 황지동 421-11","강원특별자치도 태백시 고요숲길 15 (황지동)","26035","태백노인전문요양원","2017-01-12 10:59:13","I","2023-06-13 00:00:00","집단급식소","375728.796364423","407557.48579359","집단급식소","0","0","","","상수도전용","0","0","0","0","0","","0","0","N","89.35","","","",
"2039","집단급식소","07_21_02_P","4221000","4221000-105-2004-00001","2004-06-24","","03","폐업","02","폐업","2020-10-28","","","","033 5540411","48.19","","강원특별자치도 태백시 소도동 331-3","강원특별자치도 태백시 천제단길 148 (소도동)","26043","태백시청소년수련관","2020-10-28 14:31:54","I","2023-06-13 00:00:00","수련원","373391.695173495","403976.967567006","수련원","0","0","","","상수도전용","0","0","0","0","0","","0","0","N","291.56","","","",
"2040","집단급식소","07_21_02_P","4221000","4221000-105-2005-00001","2005-05-12","","03","폐업","02","폐업","2012-08-03","","","","033 5540886","","","강원특별자치도 태백시 철암동 447","강원특별자치도 태백시 철암공단길 16-15 (철암동)","26046","예원옵텍","2012-08-16 14:47:03","I","2023-06-13 00:00:00","집단급식소","380852.650465427","405281.027888294","집단급식소","0","0","","","상수도전용","0","0","0","0","0","","0","0","N","0","","","",
"2041","집단급식소","07_21_02_P","4221000","4221000-105-2005-00002","2005-06-17","","03","폐업","02","폐업","2022-03-11","","","","033 581 8244","12.15","","강원특별자치도 태백시 장성동 167-6","강원특별자치도 태백시 장성1길 78-5 (장성동)","26052","천사유치원","2022-03-11 16:26:53","I","2023-06-13 00:00:00","어린이집","378196.042716047","401751.813481686","어린이집","0","0","","","상수도전용","0","0","0","0","0","","0","0","N","12.15","","","",
"2042","집단급식소","07_21_02_P","4221000","4221000-105-2005-00003","2005-06-17","","03","폐업","02","폐업","2019-09-27","","","","033 5530123","7.62","","강원특별자치도 태백시 황지동 662","강원특별자치도 태백시 연지로25번길 49 (황지동)","26026","하나둘셋유치원","2019-09-27 11:40:23","I","2023-06-13 00:00:00","어린이집","376026.920538997","408769.773874892","어린이집","0","0","","","상수도전용","0","0","0","0","0","","0","0","N","7.62","","","",
"2043","집단급식소","07_21_02_P","4221000","4221000-105-2005-00004","2005-06-17","","03","폐업","02","폐업","2018-12-10","","","","033 5521273","21.22","","강원특별자치도 태백시 황지동 14-1","강원특별자치도 태백시 황지북2길 6 (황지동)","26011","황지유치원","2018-12-10 16:27:11","I","2023-06-13 00:00:00","어린이집","376774.768086473","409912.717892904","어린이집","0","0","","","상수도전용","0","0","0","0","0","","0","0","N","21.22","","","",
"2044","집단급식소","07_21_02_P","4221000","4221000-105-2005-00005","2005-06-18","","03","폐업","02","폐업","2024-05-22","","","","033 5527724","11.62","","강원특별자치도 태백시 화전동 24-107","강원특별자치도 태백시 한성3주택길 8 (화전동)","26004","삼수어린이집","2024-05-22 11:32:58","U","2024-05-24 02:40:00","어린이집","375183.54543843","410568.690290416","어린이집","0","0","","","상수도전용","0","0","0","0","0","","0","0","N","11.62","","","",
"2045","집단급식소","07_21_02_P","4221000","4221000-105-2005-00006","2005-06-18","","03","폐업","02","폐업","2024-05-13","","","","033 5827600","11.54","","강원특별자치도 태백시 철암동 279-2","강원특별자치도 태백시 갈골길 3 (철암동)","26046","철암어린이집","2024-05-13 15:23:21","U","2024-05-15 02:40:00","어린이집","381800.117989866","404980.857118223","어린이집","0","0","","","상수도전용","0","0","0","0","0","","0","0","N","11.54","","","",
"2046","집단급식소","07_21_02_P","4221000","4221000-105-2005-00007","2005-06-18","","03","폐업","02","폐업","2024-05-20","","","","033 5817782","0.00","","","강원특별자치도 태백시 소도길 52 (소도동)","26043","소도어린이집","2024-05-20 10:46:03","U","2024-05-22 02:40:00","어린이집","375613.680824986","405743.82226666","어린이집","0","0","","","상수도전용","0","0","0","0","0","","0","0","N","0","","","",
"2047","집단급식소","07_21_02_P","4221000","4221000-105-2005-00009","2005-06-18","","03","폐업","02","폐업","2024-05-22","","","","033 5524931","13.10","","강원특별자치도 태백시 황지동 621-91","강원특별자치도 태백시 광장로 35-1 (황지동)","26025","태백어린이집","2024-05-22 11:34:49","U","2024-05-24 02:40:00","어린이집","376391.433161456","410438.597264514","어린이집","0","0","","","상수도전용","0","0","0","0","0","","0","0","N","13.1","","","",
"2048","집단급식소","07_21_02_P","4221000","4221000-105-2005-00010","2005-06-18","","03","폐업","02","폐업","2020-06-05","","","","033 5532884","174.00","","강원특별자치도 태백시 황지동 14-1","강원특별자치도 태백시 황지북2길 6 (황지동)","26011","늘봄어린이집","2020-06-05 15:47:55","I","2023-06-13 00:00:00","어린이집","376774.768086473","409912.717892904","어린이집","0","0","","","상수도전용","0","0","0","0","0","","0","0","N","41.73","","","",
"2049","집단급식소","07_21_02_P","4221000","4221000-105-2005-00012","2005-06-18","","03","폐업","02","폐업","2024-05-22","","","","033 5812024","11.21","","강원특별자치도 태백시 장성동 150-54","강원특별자치도 태백시 장성1길 66 (장성동)","26052","장성어린이집","2024-05-22 16:13:21","U","2024-05-24 02:40:00","어린이집","378260.584050506","401794.786487371","어린이집","0","0","","","상수도전용","0","0","0","0","0","","0","0","N","11.21","","","",
"2050","집단급식소","07_21_02_P","4221000","4221000-105-2005-00015","2005-06-23","","03","폐업","02","폐업","2020-02-25","","","","033 5522258","8.70","","강원특별자치도 태백시 황지동 251-1","강원특별자치도 태백시 황지로 251-1 (황지동)","26006","대건유치원","2020-02-25 10:43:16","I","2023-06-13 00:00:00","어린이집","376146.445975115","410346.049839082","어린이집","0","0","","","상수도전용","0","0","0","0","0","","0","0","N","8.7","","","",
"2051","집단급식소","07_21_02_P","4221000","4221000-105-2006-00002","2006-10-18","","03","폐업","02","폐업","2020-06-09","","","","033 5801051","121.32","","강원특별자치도 태백시 화전동 113","강원특별자치도 태백시 굴거랑길 4 (화전동)","26003","(주)이마트태백점","2020-06-09 15:23:30","I","2023-06-13 00:00:00","산업체","374110.235734391","412725.109444359","산업체","0","0","","","상수도전용","0","0","0","0","0","","0","0","N","44.77","","","",
"2052","집단급식소","07_21_02_P","4221000","4221000-105-2007-00003","2007-06-27","","03","폐업","02","폐업","2015-02-24","","","","033 5537585","9.45","","강원특별자치도 태백시 황지동 49-116","강원특별자치도 태백시 문예1길 50 (황지동)","26016","엄마사랑어린이집","2011-10-12 10:41:38","I","2023-06-13 00:00:00","집단급식소","376611.225682079","409440.397340102","집단급식소","0","0","","","상수도전용","0","0","0","0","0","자가","0","0","N","23.59","","","",
"2053","집단급식소","07_21_02_P","4221000","4221000-105-2008-00002","2008-06-20","","03","폐업","02","폐업","2017-06-20","","","","033 580 5270","262.83","","강원특별자치도 태백시 철암동 산 61-13","강원특별자치도 태백시 상철암길 10-31 (철암동)","26046","근로복지공단태백병원부설케어센터","2017-06-20 13:58:19","I","2023-06-13 00:00:00","집단급식소","381734.560016223","404410.756477179","집단급식소","0","0","","","상수도전용","0","0","0","0","0","","0","0","N","96.07","","","",
"2054","집단급식소","07_21_02_P","4221000","4221000-105-2008-00003","2008-10-01","","03","폐업","02","폐업","2013-01-15","","","","033 580 7855","","","강원특별자치도 태백시 황지동 산 176-26 태백서학레저단지 골프지구","","","오투콘도직원식당","2012-11-12 13:40:57","I","2023-06-13 00:00:00","집단급식소","","","집단급식소","0","0","","","상수도전용","0","0","0","0","0","","0","0","N","0","","","",
"2055","집단급식소","07_21_02_P","4221000","4221000-105-2008-00004","2008-10-02","","03","폐업","02","폐업","2013-01-15","","","","033 580 7854","","","강원특별자치도 태백시 황지동 산 176-28 O2 콘도 및 리조트","강원특별자치도 태백시 서학로 861 (황지동,O2 콘도 및 리조트)","26010","오투골프장직원식당","2012-11-12 13:34:36","I","2023-06-13 00:00:00","집단급식소","","","집단급식소","0","0","","","상수도전용","0","0","0","0","0","","0","0","N","0","","","",
"2056","집단급식소","07_21_02_P","4221000","4221000-105-2008-00005","2008-12-12","","03","폐업","02","폐업","2016-09-09","","","","033 580 7212","297.18","","강원특별자치도 태백시 황지동 산 129-2","강원특별자치도 태백시 서학로 861 (황지동)","26010","오투스키장직원식당","2014-01-16 13:54:29","I","2023-06-13 00:00:00","집단급식소","","","집단급식소","0","0","","","","0","0","0","0","0","","0","0","N","0","","","",
"2057","집단급식소","07_21_02_P","4221000","4221000-105-2009-00001","2009-05-21","","03","폐업","02","폐업","2024-05-20","","","","033 581 6400","12.99","","강원특별자치도 태백시 장성동 133","강원특별자치도 태백시 하장성6길 40 (장성동)","26047","구문소어린이집","2024-05-20 10:47:17","U","2024-05-22 02:40:00","어린이집","379279.406485376","401588.884997098","어린이집","0","0","","","상수도전용","0","0","0","0","0","","0","0","N","12.99","","","",
"2058","집단급식소","07_21_02_P","4221000","4221000-105-2011-00001","2011-01-05","","03","폐업","02","폐업","2016-12-21","","","","033 580 0212","180.00","","강원특별자치도 태백시 동점동 산 2","강원특별자치도 태백시 동태백로 289-48 (동점동)","26048","강원도 소방학교 구내식당","2013-05-16 15:50:01","I","2023-06-13 00:00:00","집단급식소","","","집단급식소","0","0","","","","0","0","0","0","0","","0","0","N","41.7","","","",
"2059","집단급식소","07_21_02_P","4221000","4221000-105-2012-00001","2012-04-17","","03","폐업","02","폐업","2017-03-14","","","","070 70065160","53.54","","강원특별자치도 태백시 황지동 153-1","강원특별자치도 태백시 지지리골길 17 (황지동)","26036","하이원태백어린이집","2017-01-12 11:36:55","I","2023-06-13 00:00:00","집단급식소","375731.273771613","406440.811349241","집단급식소","0","0","","","상수도전용","0","5","0","0","0","","0","0","N","53.54","","","",
"2060","집단급식소","07_21_02_P","4231000","4231000-105-2009-00001","2009-03-05","","03","폐업","02","폐업","2017-05-12","","","","033 633 0425","13.26","","강원특별자치도 속초시 노학동 169-3","강원특별자치도 속초시 도리원1길 27-1 (노학동)","24860","꿈돌이어린이집","2017-05-12 11:29:13","I","2023-06-13 00:00:00","집단급식소","337032.993676054","522596.036476425","집단급식소","0","0","","","상수도전용","0","0","0","0","0","임대","0","0","N","13.26","","","",
"2061","집단급식소","07_21_02_P","4231000","4231000-105-2010-00003","2010-08-27","","03","폐업","02","폐업","2016-03-21","","","","033 635 0339","","","강원특별자치도 속초시 노학동 978","강원특별자치도 속초시 관광로363번길 14 (노학동)","24867","속초시시설관리공단","2014-05-22 09:53:12","I","2023-06-13 00:00:00","집단급식소","334655.549834885","522257.987054815","집단급식소","0","0","","","상수도전용","0","0","0","0","0","","0","0","N","0","","","",
"2062","집단급식소","07_21_02_P","4231000","4231000-105-2011-00003","2011-08-16","","03","폐업","02","폐업","2016-02-16","","","","033 631 7674","62.00","","강원특별자치도 속초시 청호동 444-8","강원특별자치도 속초시 청호로3길 57 (청호동)","24885","위스타트속초마을","2015-10-16 11:41:00","I","2023-06-13 00:00:00","집단급식소","339867.592944498","522152.159119583","집단급식소","0","0","","","상수도전용","0","0","0","0","0","","0","0","N","21","","","",
"2063","집단급식소","07_21_02_P","4231000","4231000-105-2012-00001","2012-06-22","","03","폐업","02","폐업","2017-04-28","","","","033 632 3298","12.30","","강원특별자치도 속초시 교동 767-225","강원특별자치도 속초시 만천4길 10 (교동)","24848","예사랑 몬테소리 어린이집","2017-04-28 14:10:11","I","2023-06-13 00:00:00","집단급식소","337811.556392034","523109.407039131","집단급식소","0","0","","","상수도전용","0","0","0","0","0","자가","0","0","N","12.3","","","",
"2064","집단급식소","07_21_02_P","4231000","4231000-105-2012-00002","2012-07-27","","03","폐업","02","폐업","2014-04-25","","","","033 635 7711","236.45","","강원특별자치도 속초시 장사동 24-9","강원특별자치도 속초시 미시령로2983번길 지하 88 (장사동)","","한화호텔앤드리조트(주)","2012-07-27 15:40:02","I","2023-06-13 00:00:00","집단급식소","333861.329823747","523878.780261004","집단급식소","0","0","","","상수도전용","0","0","0","0","0","자가","0","0","N","55.23","","","",
"2065","집단급식소","07_21_02_P","4231000","4231000-105-2013-00001","2013-01-04","","03","폐업","02","폐업","2018-02-13","","","","033 639 3000","107.70","","강원특별자치도 속초시 교동 977-25 8층","강원특별자치도 속초시 온천로 291, 8층 (교동)","24858","코나드병원","2018-02-19 15:40:39","I","2023-06-13 00:00:00","병원","337836.052479028","522299.520965202","병원","0","0","","","상수도전용","0","0","0","0","0","","0","0","N","56.4","","","",
"2066","집단급식소","07_21_02_P","4231000","4231000-105-2013-00004","2013-09-10","","03","폐업","02","폐업","2020-07-22","","","","033 635 1460","6.50","","강원특별자치도 속초시 교동 664-242","강원특별자치도 속초시 엑스포로 168 (교동)","24836","거북이어린이집","2020-07-22 11:20:37","I","2023-06-13 00:00:00","어린이집","338473.892845749","522939.241133778","어린이집","0","0","","","상수도전용","0","0","0","0","0","","0","0","N","6.5","","","",
"2067","집단급식소","07_21_02_P","4231000","4231000-105-2013-00005","2013-09-10","","03","폐업","02","폐업","2022-10-18","","","","033 633 0378","7.70","","강원특별자치도 속초시 금호동 488-78","강원특별자치도 속초시 수복로201번길 16 (금호동)","24831","자연어린이집","2022-10-18 13:51:06","I","2023-06-13 00:00:00","어린이집","338971.86703633","523765.945280684","어린이집","0","0","","","상수도전용","0","0","0","0","0","","0","0","N","7.7","","","",
"2068","집단급식소","07_21_02_P","4231000","4231000-105-2013-00006","2013-11-08","","03","폐업","02","폐업","2017-07-11","","","","033 636 5800","92.25","","강원특별자치도 속초시 영랑동 112-5","강원특별자치도 속초시 중앙로 271 (영랑동)","24823","속초요양병원","2017-07-11 16:07:31","I","2023-06-13 00:00:00","병원","339697.261256075","524610.705210548","병원","0","0","","","상수도전용","0","0","0","0","0","","0","0","N","92.25","","","",
"2069","집단급식소","07_21_02_P","4231000","4231000-105-2004-00002","2004-07-06","","03","폐업","02","폐업","2011-05-18","","","","033 631 8762","12.88","","강원특별자치도 속초시 교동 961-1","","","연꽃어린이집","2004-07-06 00:00:00","I","2023-06-13 00:00:00","집단급식소","337896.909502329","522738.178234805","집단급식소","0","0","","","","0","0","0","0","0","","0","0","N","12.88","","","",
"2070","집단급식소","07_21_02_P","4231000","4231000-105-2004-00006","2004-07-07","","03","폐업","02","폐업","2005-08-30","","","","","","","강원특별자치도 속초시 조양동 1518-6","","","꼬마천사어린이집","2004-07-07 00:00:00","I","2023-06-13 00:00:00","집단급식소","339256.291308514","521820.905587609","집단급식소","0","0","","","","0","0","0","0","0","","0","0","N","0","","","",
"2071","집단급식소","07_21_02_P","4231000","4231000-105-2004-00007","2004-07-07","","03","폐업","02","폐업","2015-04-07","","","","033 639 0700","27.60","","강원특별자치도 속초시 노학동 635-1","강원특별자치도 속초시 도리원길 5 (노학동)","24865","경동대학교부속어린이집","2014-05-22 10:29:59","I","2023-06-13 00:00:00","집단급식소","335922.312166946","522296.889674921","집단급식소","0","0","","","상수도전용","0","0","0","0","0","","0","0","N","27.6","","","",
"2072","집단급식소","07_21_02_P","4231000","4231000-105-2004-00008","2004-07-07","","03","폐업","02","폐업","2023-02-28","","","","033 639 0700","27.60","","강원특별자치도 속초시 노학동 635-1","강원특별자치도 속초시 도리원길 5 (노학동)","24865","경동대학교부속유치원","2023-04-06 15:34:47","I","2023-06-13 00:00:00","어린이집","335922.312166946","522296.889674921","어린이집","0","0","","","상수도전용","0","0","0","0","0","","0","0","N","27.6","","","",
"2073","집단급식소","07_21_02_P","4231000","4231000-105-2015-00001","2015-01-13","","03","폐업","02","폐업","2021-09-02","","","","033 633 3704","47.26","","강원특별자치도 속초시 중앙동 498","강원특별자치도 속초시 수복로 215 (중앙동)","24827","새싹유치원","2021-09-02 17:45:25","I","2023-06-13 00:00:00","어린이집","339135.169302617","523852.144978504","어린이집","0","0","","","상수도전용","0","0","0","0","0","자가","0","0","N","23.24","","","",
"2074","집단급식소","07_21_02_P","4231000","4231000-105-2004-00010","2004-07-07","","03","폐업","02","폐업","2020-03-24","","","","033 632 7371","9.18","","강원특별자치도 속초시 조양동 1310-7","강원특별자치도 속초시 조양로21번길 4 (조양동)","24894","리라유치원","2020-03-24 13:39:25","I","2023-06-13 00:00:00","어린이집","339979.079344921","521559.96024759","어린이집","0","0","","","상수도전용","0","0","0","0","0","","0","0","N","9.18","","","",
"2075","집단급식소","07_21_02_P","4231000","4231000-105-2005-00002","2005-04-22","","03","폐업","02","폐업","2005-04-22","","","","","","","강원특별자치도 속초시 노학동 889-1","","","강원도설악수련원","2005-04-22 00:00:00","I","2023-06-13 00:00:00","집단급식소","334138.496910198","521089.714638751","집단급식소","0","0","","","","0","0","0","0","0","","0","0","N","0","","","",
"2076","집단급식소","07_21_02_P","4231000","4231000-105-2005-00005","1993-08-23","","03","폐업","02","폐업","2016-02-29","","","","033 6390782","709.89","","강원특별자치도 속초시 노학동 635-1","강원특별자치도 속초시 도리원길 5 (노학동)","24865","경동대학교","2015-06-09 09:35:28","I","2023-06-13 00:00:00","집단급식소","335922.312166946","522296.889674921","집단급식소","0","0","","","상수도전용","0","0","0","0","0","","0","0","N","198.69","","","",
"2077","집단급식소","07_21_02_P","4231000","4231000-105-2005-00006","1997-05-27","","03","폐업","02","폐업","2025-05-12","","","","033 6354685","66.25","","강원특별자치도 속초시 영랑동 590-2","강원특별자치도 속초시 번영로179번길 10 (영랑동)","24821","반야어린이집","2025-05-12 15:42:00","U","2025-05-14 02:40:00","어린이집","339059.283689641","524770.226289416","어린이집","0","0","","","상수도전용","0","0","0","0","0","","0","0","N","22.79","","","",
"2078","집단급식소","07_21_02_P","4231000","4231000-105-2005-00009","2005-08-26","","03","폐업","02","폐업","2009-05-08","","","","033 6370888","7.02","","강원특별자치도 속초시 조양동 989-2","","","해울어린이집","2005-08-26 00:00:00","I","2023-06-13 00:00:00","집단급식소","338778.339365429","521752.193284994","집단급식소","0","0","","","상수도전용","0","0","0","0","0","","0","0","N","7.02","","","",
"2079","집단급식소","07_21_02_P","4231000","4231000-105-2005-00010","2005-08-29","","03","폐업","02","폐업","2022-09-14","","","","033 6357521","16.80","","강원특별자치도 속초시 장사동 635-20","강원특별자치도 속초시 중앙로419번길 5-3 (장사동)","24803","바다어린이집","2022-09-14 10:00:30","I","2023-06-13 00:00:00","어린이집","338917.776736633","525808.084230399","어린이집","0","0","","","상수도전용","0","0","0","0","0","","0","0","N","16.8","","","",
"2080","집단급식소","07_21_02_P","4231000","4231000-105-2005-00011","2005-08-30","","03","폐업","02","폐업","2009-06-11","","","","033 6312477","17.64","","강원특별자치도 속초시 조양동 1376-35","","","조광어린이집","2006-01-03 00:00:00","I","2023-06-13 00:00:00","집단급식소","340081.658300225","521726.453272177","집단급식소","0","0","","","상수도전용","0","0","0","0","0","","0","0","N","17.64","","","",
"2081","집단급식소","07_21_02_P","4231000","4231000-105-2005-00013","2005-12-09","","03","폐업","02","폐업","2011-11-16","","","","033 6393000","112.08","","강원특별자치도 속초시 교동 977-25","","","속초호병원","2012-04-17 10:14:03","I","2023-06-13 00:00:00","집단급식소","337836.052479028","522299.520965202","집단급식소","0","0","","","상수도전용","0","0","0","0","0","자가","0","0","N","42.72","","","",
"2082","집단급식소","07_21_02_P","4231000","4231000-105-2006-00001","2006-06-28","","03","폐업","02","폐업","2012-05-30","","","","033 6357711","236.45","","강원특별자치도 속초시 장사동 24-9","강원특별자치도 속초시 미시령로2983번길 88 (장사동)","24801","한화호텔앤드리조트(주)","2012-07-27 11:20:51","I","2023-06-13 00:00:00","집단급식소","333861.329823747","523878.780261004","집단급식소","0","0","","","지하수전용","0","0","0","0","0","자가","0","0","N","55.23","","","",
"2083","집단급식소","07_21_02_P","4231000","4231000-105-2015-00003","2015-03-10","","03","폐업","02","폐업","2019-03-13","","","","033 637 1979","74.25","","강원특별자치도 속초시 대포동 942","강원특별자치도 속초시 농공단지1길 8 (대포동)","24899","기쁜어린이집","2019-03-13 09:27:58","I","2023-06-13 00:00:00","어린이집","339830.822084823","520416.796012738","어린이집","0","0","","","상수도전용","0","0","0","0","0","자가","0","0","N","36","","","",
"2084","집단급식소","07_21_02_P","4231000","4231000-105-2017-00001","2017-01-03","","03","폐업","02","폐업","2019-09-18","","","","033 632 6647","10.80","","강원특별자치도 속초시 교동 782-9","강원특별자치도 속초시 미시령로3337번길 6-10 (교동)","24819","행복한아이들어린이집","2019-09-18 13:38:05","I","2023-06-13 00:00:00","어린이집","337651.534160737","523710.883755187","어린이집","0","0","","","상수도전용","0","0","0","0","0","","0","0","N","10.8","","","",
"2085","집단급식소","07_21_02_P","4231000","4231000-105-2017-00002","2017-06-13","","03","폐업","02","폐업","2018-06-04","","","","033 634 1103","188.39","","강원특별자치도 속초시 대포동 908-1 지하2층","강원특별자치도 속초시 대포항길 지하 186 (대포동, 지하2층)","","롯데리조트속초","2018-08-08 09:29:20","I","2023-06-13 00:00:00","산업체","341368.867554951","521043.560941235","산업체","0","0","","","상수도전용","0","0","0","0","0","","0","0","N","79.19","","","",
"2086","집단급식소","07_21_02_P","4231000","4231000-105-2017-00003","2017-09-08","","03","폐업","02","폐업","2021-08-11","","","","033 633 0425","568.03","","강원특별자치도 속초시 노학동 169-3","강원특별자치도 속초시 도리원1길 27-1 (노학동)","24860","꿈돌이어린이집","2021-08-11 17:26:59","I","2023-06-13 00:00:00","어린이집","337032.993676054","522596.036476425","어린이집","0","0","","","","0","0","0","0","0","","0","0","N","0","","","",
"2087","집단급식소","07_21_02_P","4231000","4231000-105-2018-00001","2018-01-16","","03","폐업","02","폐업","2019-04-17","","","","033 633 6000","0.00","","강원특별자치도 속초시 청학동 482-69","강원특별자치도 속초시 중앙로 96, 2층 (청학동)","24837","씨크루즈호텔직원식당","2019-04-17 15:17:56","I","2023-06-13 00:00:00","산업체","338896.811380128","523243.581437417","산업체","0","0","","","상수도전용","0","0","0","0","0","","0","0","N","0","","","",
"2088","집단급식소","07_21_02_P","4241000","4241000-105-2017-00001","2017-02-23","","03","폐업","02","폐업","2022-03-25","","","","033 5728704","136.18","","강원특별자치도 삼척시 근덕면 용화리 166","강원특별자치도 삼척시 근덕면 용화안길 24","25938","장호초등학교","2022-03-25 15:19:04","I","2023-06-13 00:00:00","학교","404059.637602186","423191.576546584","학교","0","0","","","상수도전용","0","0","0","0","0","","0","0","N","26.68","","","",
"2089","집단급식소","07_21_02_P","4241000","4241000-105-2011-00001","2011-05-25","","03","폐업","02","폐업","2021-02-01","","","","033 5403472","563.03","","강원특별자치도 삼척시 도계읍 황조리 209","강원특별자치도 삼척시 도계읍 황조길 346","25949","강원대학교 도계캠퍼스 황조관식당","2021-02-01 09:41:31","I","2023-06-13 00:00:00","학교","386046.233763047","415821.075075062","학교","0","0","","","상수도전용","0","0","0","0","0","자가","0","0","N","121.68","","","",
"2090","집단급식소","07_21_02_P","4241000","4241000-105-2012-00003","2012-08-16","","03","폐업","02","폐업","2025-06-11","","","","033 5737087","14.57","","강원특별자치도 삼척시 교동 234","강원특별자치도 삼척시 하실1길 21 (교동)","25911","한마음선교어린이집","2025-06-11 14:54:35","U","2025-06-13 02:40:00","어린이집","392063.146202356","441350.038275526","어린이집","0","0","","","상수도전용","0","0","0","0","0","","0","0","N","11.9","","","",
"2091","집단급식소","07_21_02_P","4241000","4241000-105-2013-00001","2013-01-25","","03","폐업","02","폐업","2015-01-13","","","","033 575 1990","137.85","","강원특별자치도 삼척시 남양동 6-1","강원특별자치도 삼척시 봉황로 85 (남양동)","25922","삼척시노인복지관","2014-07-02 08:45:00","I","2023-06-13 00:00:00","집단급식소","392096.694617991","440377.464894823","집단급식소","0","0","","","상수도전용","0","1","0","0","0","자가","0","0","N","79.2","","","",
"2092","집단급식소","07_21_02_P","4241000","4241000-105-2013-00002","2013-05-29","","03","폐업","02","폐업","2022-03-30","","","","033 572 5104","132.71","","강원특별자치도 삼척시 원덕읍 임원리 921","강원특별자치도 삼척시 원덕읍 삼척로 1313","25956","임원중학교 집단급식소","2022-03-30 16:34:59","I","2023-06-13 00:00:00","학교","407312.93306788","418014.351530188","학교","0","0","","","상수도전용","0","0","0","0","0","","0","0","N","46.42","","","",
"2093","집단급식소","07_21_02_P","4241000","4241000-105-2014-00001","2014-03-18","","03","폐업","02","폐업","2016-02-02","","","","033 571 4022","792.00","","강원특별자치도 삼척시 원덕읍 호산리 96","강원특별자치도 삼척시 원덕읍 호산해변길 18","25961","한국가스공사삼척기지본부","2016-02-02 15:24:04","I","2023-06-13 00:00:00","집단급식소","408063.674966936","410032.010875802","집단급식소","0","0","","","상수도전용","0","0","0","0","0","","0","0","N","201.6","","","",
"2094","집단급식소","07_21_02_P","4241000","4241000-105-2014-00004","2014-11-21","","03","폐업","02","폐업","2017-12-31","","","","07077135646","328.50","","강원특별자치도 삼척시 원덕읍 호산리 산 1-4 외 374필지","강원특별자치도 삼척시 원덕읍 삼척로 734, 그린타워동 6층","25961","한국남부발전주식회사삼척그린파워건설본부","2018-04-06 09:39:40","I","2023-06-13 00:00:00","산업체","407783.266961288","412172.768002459","산업체","0","0","","","전용상수도(특정시설의 자가용 수도)","0","0","0","0","0","","0","0","N","105.24","","","",
"2095","집단급식소","07_21_02_P","4241000","4241000-105-2015-00002","2015-02-06","","03","폐업","02","폐업","2015-07-28","","","","033 5713116","91.50","","강원특별자치도 삼척시 갈천동 111","강원특별자치도 삼척시 새천년도로 629-59 (갈천동)","25909","주식회사엠비씨강원영동삼척지점","2015-04-23 13:18:30","I","2023-06-13 00:00:00","집단급식소","391343.605000419","442357.066362212","집단급식소","0","0","","","","0","0","0","0","0","","0","0","N","44","","","",
"2096","집단급식소","07_21_02_P","4241000","4241000-105-2015-00003","2015-04-10","","03","폐업","02","폐업","2017-07-17","","","","033 5733611","58.80","","강원특별자치도 삼척시 근덕면 교가리 725-1","강원특별자치도 삼척시 근덕면 교가안길 37","25933","아이누리어린이집","2017-07-17 10:39:43","I","2023-06-13 00:00:00","어린이집","397009.223335566","432988.484555608","어린이집","0","0","","","상수도전용","0","0","0","0","0","","0","0","N","12","","","",
"2097","집단급식소","07_21_02_P","4241000","4241000-105-2015-00004","2015-09-16","","03","폐업","02","폐업","2016-07-31","","","","","430.20","","강원특별자치도 삼척시 원덕읍 옥원리 43","강원특별자치도 삼척시 원덕읍 삼척로 581-77","25957","(주)행복한원덕","2016-10-13 17:59:19","I","2023-06-13 00:00:00","기타 집단급식소","406739.25539187","412131.936844263","기타 집단급식소","0","0","","","상수도전용","0","0","0","0","0","","0","0","N","153","","","",
"2098","집단급식소","07_21_02_P","4241000","4241000-105-2015-00005","2015-12-21","","03","폐업","02","폐업","2021-03-15","","","","033 574 1020","16.50","","강원특별자치도 삼척시 교동 743-6","강원특별자치도 삼척시 청석로3길 21 (교동)","25924","미라어린이집","2021-03-15 09:13:54","I","2023-06-13 00:00:00","어린이집","392527.51325151","440767.685604669","어린이집","0","0","","","상수도전용","0","0","0","0","0","자가","0","0","Y","16.5","","","",
"2099","집단급식소","07_21_02_P","4241000","4241000-105-1999-00004","1999-06-10","","03","폐업","02","폐업","2017-09-21","","","","033 5541102","","","강원특별자치도 삼척시 하장면 광동리 138","강원특별자치도 삼척시 하장면 백두대간로 2600","25901","하장중고등학교","2017-09-21 09:23:23","I","2023-06-13 00:00:00","학교","371394.433326232","429572.440487668","학교","0","0","","","상수도전용","0","0","0","0","0","","0","0","N","0","","","",
"2100","집단급식소","07_21_02_P","4241000","4241000-105-1999-00005","1999-05-11","","03","폐업","02","폐업","2022-04-04","","","","033 5727006","","","강원특별자치도 삼척시 가곡면 오저리 88-2","강원특별자치도 삼척시 가곡면 가곡천로 1427","25954","가곡중고등학교","2022-04-04 17:10:04","I","2023-06-13 00:00:00","학교","395891.279268328","407169.544563197","학교","0","0","","","상수도전용","0","0","0","0","0","","0","0","N","0","","","",
"2101","집단급식소","07_21_02_P","4241000","4241000-105-2001-00002","1992-02-28","","03","폐업","02","폐업","2019-09-27","","","","033 5706463","638.40","","강원특별자치도 삼척시 교동 산 253 외 19필지(2층)","강원특별자치도 삼척시 중앙로 346 (교동, 강원대학교 삼척캠퍼스 학생회관내)","25913","강원대학교 삼척캠퍼스구내식당","2019-09-27 16:39:45","I","2023-06-13 00:00:00","학교","391252.884241855","441215.031332286","학교","0","0","","","상수도(음용)지하수(주방용)겸용","0","0","0","0","0","","0","0","N","144.6","","","",
"2102","집단급식소","07_21_02_P","4241000","4241000-105-2001-00003","1992-04-25","","03","폐업","02","폐업","2021-01-21","","","","033 570 6701","333.00","","강원특별자치도 삼척시 교동 253","강원특별자치도 삼척시 중앙로 346 (교동, 삼척캠퍼스 언장생활관)","25913","강원대학교 삼척캠퍼스언장생활관","2021-01-21 15:48:03","I","2023-06-13 00:00:00","기숙사","391252.884241855","441215.031332286","기숙사","0","0","","","상수도(음용)지하수(주방용)겸용","0","0","0","0","0","","0","0","N","117","","","",
"2103","집단급식소","07_21_02_P","4241000","4241000-105-2001-00009","1997-04-04","","03","폐업","02","폐업","2018-11-08","","","","033 5728663","536.00","","강원특별자치도 삼척시 교동 586","강원특별자치도 삼척시 교동로 43 (교동)","25915","삼척초등학교","2018-11-08 13:39:35","I","2023-06-13 00:00:00","학교","391674.700545254","440794.143983567","학교","0","0","","","상수도전용","0","0","0","0","0","","0","0","N","169","","","",
"2104","집단급식소","07_21_02_P","4241000","4241000-105-2001-00011","1994-04-29","","03","폐업","02","폐업","2012-03-23","","","","033 5728765","0.00","","강원특별자치도 삼척시 오분동 40 9통1반","강원특별자치도 삼척시 동해대로 3783-22 (오분동)","25931","삼척남초등학교","2011-11-09 14:55:58","I","2023-06-13 00:00:00","집단급식소","393596.753476171","438005.345976192","집단급식소","0","0","","","","0","0","0","0","0","","0","0","N","0","","","",
"2105","집단급식소","07_21_02_P","4241000","4241000-105-2001-00012","1996-06-20","","03","폐업","02","폐업","2002-03-12","","","","033 5728787","0.00","","강원특별자치도 삼척시 교동 183","","","삼척중앙초등학교","2002-03-12 00:00:00","I","2023-06-13 00:00:00","집단급식소","","","집단급식소","0","0","","","","0","0","0","0","0","","0","0","N","0","","","",
"2106","집단급식소","07_21_02_P","4241000","4241000-105-2002-00003","2002-06-14","","03","폐업","02","폐업","2005-03-31","","","","033 5400313","","","강원특별자치도 삼척시 신기면 안의리 23","","","라파즈한라시멘트(주)신기공장","2005-04-01 00:00:00","I","2023-06-13 00:00:00","집단급식소","384156.181748884","428722.743588167","집단급식소","0","0","","","","0","0","0","0","0","","0","0","N","0","","","",
"2107","집단급식소","07_21_02_P","4241000","4241000-105-2004-00001","2004-06-21","","03","폐업","02","폐업","2015-02-06","","","","033 5713116","26.03","","강원특별자치도 삼척시 갈천동 111","강원특별자치도 삼척시 새천년도로 629-59 (갈천동)","25909","삼척문화방송주식회사","2011-11-09 15:24:16","I","2023-06-13 00:00:00","집단급식소","391343.605000419","442357.066362212","집단급식소","0","0","","","상수도전용","0","0","0","0","0","","0","0","N","130.19","","","",
"2108","집단급식소","07_21_02_P","4241000","4241000-105-2005-00002","2005-03-24","","03","폐업","02","폐업","2021-02-17","","","","033 5415204","7.95","","강원특별자치도 삼척시 도계읍 전두리 27-12","강원특별자치도 삼척시 도계읍 전두안길 15","25947","도계어린이집","2021-02-17 14:40:10","I","2023-06-13 00:00:00","어린이집","381167.961794376","416370.101077341","어린이집","0","0","","","상수도전용","0","0","0","0","0","","0","0","N","7.95","","","",
"2109","집단급식소","07_21_02_P","4241000","4241000-105-2005-00007","2005-07-07","","03","폐업","02","폐업","2013-10-07","","","","033 5413300","17.69","","강원특별자치도 삼척시 도계읍 도계리 348-4","강원특별자치도 삼척시 도계읍 도계강변3길 4","25947","튼튼유치원","2011-11-09 15:36:53","I","2023-06-13 00:00:00","집단급식소","381467.07888624","417446.72470019","집단급식소","0","0","","","상수도전용","0","0","0","0","0","","0","0","N","17.69","","","",
"2110","집단급식소","07_21_02_P","4241000","4241000-105-2005-00008","2005-07-08","","03","폐업","02","폐업","2025-05-16","","","","033 5733725","28.56","","강원특별자치도 삼척시 남양동 6-1","강원특별자치도 삼척시 봉황로 91-15 (남양동)","25922","별나라어린이집","2025-05-16 10:34:32","U","2025-05-18 02:40:00","어린이집","392096.694617991","440377.464894823","어린이집","0","0","","","상수도전용","0","0","0","0","0","","0","0","N","28.56","","","",
"2111","집단급식소","07_21_02_P","4241000","4241000-105-1990-00001","1990-10-25","","03","폐업","02","폐업","2013-02-18","","","","033 5410072","","","강원특별자치도 삼척시 도계읍 상덕리 4","강원특별자치도 삼척시 도계읍 도상로 511","","경동상덕광업소","2011-11-09 13:13:19","I","2023-06-13 00:00:00","집단급식소","385137.986417272","413092.712649224","집단급식소","0","0","","","지하수전용","0","0","0","0","0","","0","0","N","0","","","",
"2112","집단급식소","07_21_02_P","4241000","4241000-105-1990-00002","1990-08-30","","03","폐업","02","폐업","2013-01-30","","","","033 5520034","","","강원특별자치도 삼척시 하장면 광동리 76-1","강원특별자치도 삼척시 하장면 하장길 84","25901","하장초등학교","2011-11-09 13:12:18","I","2023-06-13 00:00:00","집단급식소","372241.027359255","429110.758366757","집단급식소","0","0","","","","0","0","0","0","0","","0","0","N","0","","","",
"2113","집단급식소","07_21_02_P","4241000","4241000-105-1991-00002","1991-05-10","","03","폐업","02","폐업","2018-11-02","","","","033 5410150","","","강원특별자치도 삼척시 도계읍 고사리 136-1","강원특별자치도 삼척시 도계읍 소달길 54-30","25945","소달초등학교","2018-11-02 17:09:59","I","2023-06-13 00:00:00","학교","382964.660286154","421294.930382187","학교","0","0","","","상수도전용","0","0","0","0","0","","0","0","N","0","","","",
"2114","집단급식소","07_21_02_P","4241000","4241000-105-1993-00001","1993-03-15","","03","폐업","02","폐업","2025-07-17","","","","033 5413879","165.00","","강원특별자치도 삼척시 도계읍 흥전리 1 1통16반","강원특별자치도 삼척시 도계읍 흥전안길 137","25950","흥전초등학교","2025-07-17 14:56:16","U","2025-07-19 02:40:00","학교","382233.00918625","413980.633289321","학교","0","0","","","상수도전용","0","0","0","0","0","","0","0","N","66","","","",
"2115","집단급식소","07_21_02_P","4241000","4241000-105-1994-00002","1994-10-28","","03","폐업","02","폐업","2011-09-30","","","","033 5749767","0.00","","강원특별자치도 삼척시 근덕면 궁촌리 397","강원특별자치도 삼척시 근덕면 궁촌길 66","25937","궁촌초등학교","2011-11-09 13:31:24","I","2023-06-13 00:00:00","집단급식소","400549.500246595","426680.137779444","집단급식소","0","0","","","","0","0","0","0","0","","0","0","N","0","","","",
"2116","집단급식소","07_21_02_P","4241000","4241000-105-1994-00003","1999-06-30","","03","폐업","02","폐업","2002-06-08","","","","033 5410352","0.00","","강원특별자치도 삼척시 신기면 안의리 23","","","고려시멘트","2002-08-26 00:00:00","I","2023-06-13 00:00:00","집단급식소","384156.181748884","428722.743588167","집단급식소","0","0","","","","0","0","0","0","0","","0","0","N","0","","","",
"2117","집단급식소","07_21_02_P","4241000","4241000-105-2005-00009","2005-07-08","","03","폐업","02","폐업","2024-03-28","","","","033 5745041","14.23","","강원특별자치도 삼척시 정상동 18-8 외2필지","강원특별자치도 삼척시 영진동길 50 (정상동)","25925","삼척어린이집","2024-03-28 13:13:43","U","2024-03-30 02:40:00","어린이집","393184.346632861","439618.763645257","어린이집","0","0","","","상수도전용","0","0","0","0","0","","0","0","N","14.23","","","",
"2118","집단급식소","07_21_02_P","4241000","4241000-105-2005-00011","2005-07-12","","03","폐업","02","폐업","2012-04-19","","","","033 5760888","12.45","","강원특별자치도 삼척시 성내동 16-7","강원특별자치도 삼척시 성내길 15-16 (성내동)","25917","몬테소리혜림어린이집","2011-11-09 15:48:59","I","2023-06-13 00:00:00","집단급식소","391288.752884088","439978.243609494","집단급식소","0","0","","","","0","0","0","0","0","","0","0","N","12.45","","","",
"2119","집단급식소","07_21_02_P","4241000","4241000-105-2005-00012","2005-07-12","","03","폐업","02","폐업","2020-07-09","","","","033 5740655","17.43","","강원특별자치도 삼척시 당저동 11-8","강원특별자치도 삼척시 사대1길 35-25 (당저동)","25922","풀초롱어린이집","2020-07-09 17:13:10","I","2023-06-13 00:00:00","어린이집","391958.374084653","440571.205562421","어린이집","0","0","","","상수도전용","0","0","0","0","0","","0","0","N","17.43","","","",
"2120","집단급식소","07_21_02_P","4241000","4241000-105-2005-00013","2005-07-12","","03","폐업","02","폐업","2014-08-22","","","","033 5723411","24.00","","강원특별자치도 삼척시 근덕면 교가리 725-1 외3필지","강원특별자치도 삼척시 근덕면 교가안길 37","25933","삼일어린이집","2011-11-09 15:50:36","I","2023-06-13 00:00:00","집단급식소","397009.223335566","432988.484555608","집단급식소","0","0","","","상수도전용","0","0","0","0","0","","0","0","N","24","","","",
"2121","집단급식소","07_21_02_P","4241000","4241000-105-2005-00014","2005-07-12","","03","폐업","02","폐업","2014-06-03","","","","033 5741020","","","강원특별자치도 삼척시 교동 743-6","강원특별자치도 삼척시 청석로3길 21 (교동)","25924","미라어린이집","2011-11-09 15:51:16","I","2023-06-13 00:00:00","집단급식소","392527.51325151","440767.685604669","집단급식소","0","0","","","상수도전용","0","0","0","0","0","","0","0","N","0","","","",
"2122","집단급식소","07_21_02_P","4241000","4241000-105-2008-00001","2008-01-14","","03","폐업","02","폐업","2008-04-16","","","","033 5411891","81.90","","강원특별자치도 삼척시 도계읍 상덕리 89-1 외 3필지 동덕초등학교","","","한국전통직업전문학교","2008-01-16 13:50:29","I","2023-06-13 00:00:00","집단급식소","384436.703250908","413803.090617136","집단급식소","0","0","","","간이상수도","0","0","0","0","0","","0","0","N","81.9","","","",
"2123","집단급식소","07_21_02_P","4241000","4241000-105-2008-00002","2008-04-22","","03","폐업","02","폐업","2012-11-01","","","","033  5728787","101.25","","강원특별자치도 삼척시 갈천동 183 중앙초등학교","강원특별자치도 삼척시 새천년도로 630-121 (갈천동)","25909","삼척중앙초등학교","2011-11-09 15:54:28","I","2023-06-13 00:00:00","집단급식소","391176.698517023","442662.395385125","집단급식소","0","0","","","상수도전용","0","0","0","0","0","","0","0","N","42.5","","","",
"2124","집단급식소","07_21_02_P","4251000","4251000-105-2012-00001","2012-02-03","","03","폐업","02","폐업","2015-06-03","","","","033 432 5251","9.00","","강원특별자치도 홍천군 남면 시동리 1057","강원특별자치도 홍천군 남면 시동안로125번길 65","25109","시동어린이집","2014-03-27 16:40:07","I","2023-06-13 00:00:00","집단급식소","272669.42694029","455559.172169794","집단급식소","0","0","","","상수도전용","0","0","0","0","0","","0","0","N","9","","","",
"2125","집단급식소","07_21_02_P","4251000","4251000-105-2012-00004","2012-09-17","","03","폐업","02","폐업","2014-08-04","","","","033 432 7801","259.20","","강원특별자치도 홍천군 홍천읍 희망리 181","강원특별자치도 홍천군 홍천읍 석화로 93","25121","홍천군청 구내식당","2012-09-17 11:54:26","I","2023-06-13 00:00:00","집단급식소","278314.070692559","466423.757271574","집단급식소","0","0","","","","0","0","0","0","0","","0","0","N","45.36","","","",
"2126","집단급식소","07_21_02_P","4251000","4251000-105-2012-00005","2012-10-02","","03","폐업","02","폐업","2024-06-05","","","","033 434 7606","15.60","","강원특별자치도 홍천군 홍천읍 연봉리 177-23","강원특별자치도 홍천군 홍천읍 연봉로3길 17-1","25145","남산어린이집","2024-06-05 13:45:50","U","2024-06-08 02:40:00","어린이집","277419.840564319","465022.050463784","어린이집","0","0","","","상수도전용","0","0","0","0","0","","0","0","N","15.6","","","",
"2127","집단급식소","07_21_02_P","4251000","4251000-105-2013-00001","2013-01-07","","03","폐업","02","폐업","2016-06-27","","","","033 432 6898","122.00","","강원특별자치도 홍천군 내면 창촌리 1577-2","강원특별자치도 홍천군 내면 창촌로 57-19","25171","창촌어린이집","2015-12-15 16:34:55","I","2023-06-13 00:00:00","집단급식소","322262.226211285","475488.745222278","집단급식소","0","0","","","지하수전용","0","0","0","0","0","","0","0","N","31","","","",
"2128","집단급식소","07_21_02_P","4251000","4251000-105-2013-00002","2013-03-11","","03","폐업","02","폐업","2020-12-30","","","","033 439 9122","233.07","","강원특별자치도 홍천군 서면 모곡리 산 1452-1","강원특별자치도 홍천군 서면 장락동길 66","","클럽모우골프앤라이프스타일(구내식당)","2020-12-30 10:22:47","I","2023-06-13 00:00:00","산업체","","","산업체","0","0","","","상수도전용","0","0","0","0","0","","0","0","N","105.91","","","",
"2129","집단급식소","07_21_02_P","4251000","4251000-105-2013-00003","2013-03-15","","03","폐업","02","폐업","2015-11-25","","","","033 439 1000","151.89","","강원특별자치도 홍천군 두촌면 괘석리 산 25","강원특별자치도 홍천군 두촌면 광석로 898-160","25160","블루마운틴C.C 직원식당","2015-03-03 11:33:53","I","2023-06-13 00:00:00","집단급식소","","","집단급식소","0","0","","","상수도전용","0","0","0","0","0","","0","0","N","81.7","","","",
"2130","집단급식소","07_21_02_P","4251000","4251000-105-2013-00006","2013-10-25","","03","폐업","02","폐업","2014-04-15","","","","","176.01","","강원특별자치도 홍천군 홍천읍 연봉리 298-2","강원특별자치도 홍천군 홍천읍 무궁화로4길 9-11","25141","우성어린이집","2013-10-25 16:47:49","I","2023-06-13 00:00:00","집단급식소","276848.726564761","464917.547515963","집단급식소","0","0","","","상수도전용","0","0","0","0","0","","0","0","N","26.95","","","",
"2131","집단급식소","07_21_02_P","4251000","4251000-105-2014-00002","2014-11-05","","03","폐업","02","폐업","2020-10-06","","","","033 432 8880","176.01","","강원특별자치도 홍천군 홍천읍 연봉리 298-2","강원특별자치도 홍천군 홍천읍 무궁화로4길 9-11","25141","우성어린이집","2020-10-05 18:13:55","I","2023-06-13 00:00:00","어린이집","276848.726564761","464917.547515963","어린이집","0","0","","","상수도전용","0","0","0","0","0","","0","0","N","19.6","","","",
"2132","집단급식소","07_21_02_P","4251000","4251000-105-1994-00001","1994-03-02","","03","폐업","02","폐업","2005-12-06","","","","033 4335500","","","강원특별자치도 홍천군 영귀미면 노천리 1441","","","노천초등학교","2003-04-25 00:00:00","I","2023-06-13 00:00:00","집단급식소","289406.867082776","463371.034624862","집단급식소","0","0","","","","0","0","0","0","0","","0","0","N","0","","","",
"2133","집단급식소","07_21_02_P","4251000","4251000-105-1994-00002","1994-03-03","","03","폐업","02","폐업","2024-03-08","","","","033 4326382","220.00","","강원특별자치도 홍천군 남면 유치리 1520","강원특별자치도 홍천군 남면 시동안로 351","25110","매산초등학교","2024-03-08 16:16:06","U","2024-03-10 02:40:00","학교","274660.774261402","454616.069613201","학교","0","0","","","상수도전용","0","0","0","0","0","","0","0","N","0","","","",
"2134","집단급식소","07_21_02_P","4251000","4251000-105-1994-00004","1994-07-04","","03","폐업","02","폐업","2006-03-03","","","","033 4326109","","","강원특별자치도 홍천군 내면 광원리 1328-3","","","원당초등학교","2005-08-19 00:00:00","I","2023-06-13 00:00:00","집단급식소","324468.362179771","480768.712049471","집단급식소","0","0","","","","0","0","0","0","0","","0","0","N","0","","","",
"2135","집단급식소","07_21_02_P","4251000","4251000-105-1995-00005","1995-04-27","","03","폐업","02","폐업","2022-03-29","","","","033 4328318","230.43","","강원특별자치도 홍천군 화촌면 성산리 367-1","강원특별자치도 홍천군 화촌면 성산로147번길 8","25157","화촌초등학교","2022-03-29 11:32:25","I","2023-06-13 00:00:00","학교","285112.012933171","474859.966590624","학교","0","0","","","상수도전용","0","0","0","0","0","","0","0","N","0","","","",
"2136","집단급식소","07_21_02_P","4251000","4251000-105-1995-00008","1995-09-02","","03","폐업","02","폐업","2022-03-29","","","","033 4364180","146.70","","강원특별자치도 홍천군 서석면 생곡리 683-1","강원특별자치도 홍천군 서석면 구룡령로 2933","25167","삼생초등학교","2022-03-29 17:56:57","I","2023-06-13 00:00:00","학교","308034.195985869","467168.040848231","학교","0","0","","","지하수전용","0","0","0","0","0","","0","0","N","0","","","",
"2137","집단급식소","07_21_02_P","4251000","4251000-105-1998-00001","1998-07-18","","03","폐업","02","폐업","2004-02-24","","","","033 2619871","","","강원특별자치도 홍천군 북방면 본궁리 94","","","키파청소년수련원","2002-11-05 00:00:00","I","2023-06-13 00:00:00","집단급식소","271723.032524382","470277.602750368","집단급식소","0","0","","","지하수전용","0","0","0","0","0","","0","0","N","0","","","",
"2138","집단급식소","07_21_02_P","4251000","4251000-105-2000-00002","2000-04-11","","03","폐업","02","폐업","2005-12-12","","","","033 4343298","","","강원특별자치도 홍천군 홍천읍 결운리 281","","","주봉초등학교","2003-04-25 00:00:00","I","2023-06-13 00:00:00","집단급식소","280519.970042427","467758.556849696","집단급식소","0","0","","","","0","0","0","0","0","","0","0","N","0","","","",
"2139","집단급식소","07_21_02_P","4251000","4251000-105-2000-00003","2000-04-10","","03","폐업","02","폐업","2022-03-28","","","","033 4354057","130.30","","강원특별자치도 홍천군 화촌면 송정리 63-1","강원특별자치도 홍천군 화촌면 홍천로 1105","25156","구송초등학교","2022-03-28 17:03:39","I","2023-06-13 00:00:00","학교","282703.980055148","471081.436372406","학교","0","0","","","간이상수도","0","0","0","0","0","","0","0","N","47.95","","","",
"2140","집단급식소","07_21_02_P","4251000","4251000-105-2001-00002","2001-06-08","","03","폐업","02","폐업","2005-02-07","","","","","","","강원특별자치도 홍천군 서면 모곡리 751","","","무궁화동산청소년수련원","2003-04-25 00:00:00","I","2023-06-13 00:00:00","집단급식소","251510.243882191","465899.898679574","집단급식소","0","0","","","상수도전용","0","0","0","0","0","","0","0","N","0","","","",
"2141","집단급식소","07_21_02_P","4251000","4251000-105-2002-00001","2002-11-02","","03","폐업","02","폐업","2022-03-28","","","","033432 2056","235.75","","강원특별자치도 홍천군 화촌면 내삼포리 349","강원특별자치도 홍천군 화촌면 삼포5길 5","25158","화촌중학교","2022-03-28 17:05:32","I","2023-06-13 00:00:00","학교","284781.911128324","473004.774067025","학교","0","0","","","간이상수도","0","0","0","0","0","","0","0","N","0","","","",
"2142","집단급식소","07_21_02_P","4251000","4251000-105-2003-00001","2003-07-03","","03","폐업","02","폐업","2005-01-18","","","","033 4350241","12.74","","강원특별자치도 홍천군 홍천읍 상오안리 687-7","","","(주)고려가구","2003-07-03 00:00:00","I","2023-06-13 00:00:00","집단급식소","273073.211201426","461789.318690699","집단급식소","0","0","","","지하수전용","0","0","0","0","0","","0","0","N","100.29","","","",
"2143","집단급식소","07_21_02_P","4251000","4251000-105-2005-00011","2005-07-28","","03","폐업","02","폐업","2007-05-07","","","","","28.80","","강원특별자치도 홍천군 홍천읍 갈마곡리 88-5","","","신성건설급식소","2005-07-28 00:00:00","I","2023-06-13 00:00:00","집단급식소","","","집단급식소","0","0","","","지하수전용","0","0","0","0","0","","0","0","N","130.2","","","",
"2144","집단급식소","07_21_02_P","4251000","4251000-105-2005-00012","2005-08-01","","03","폐업","02","폐업","2005-08-19","","","","","34.56","","강원특별자치도 홍천군 홍천읍 연봉리 497 연봉지구","","","I-PARK 아파트(주)현대산업개발 구내식당","2005-08-01 00:00:00","I","2023-06-13 00:00:00","집단급식소","277987.054929146","465063.803412708","집단급식소","0","0","","","상수도전용","0","0","0","0","0","","0","0","N","164.16","","","",
"2145","집단급식소","07_21_02_P","4251000","4251000-105-2005-00014","2005-09-27","","03","폐업","02","폐업","2011-12-05","","","","033 4326898","13.53","","강원특별자치도 홍천군 내면 창촌리 1577-2","","","창촌어린이집","2011-10-28 10:21:09","I","2023-06-13 00:00:00","집단급식소","322262.226211285","475488.745222278","집단급식소","0","0","","","상수도(음용)지하수(주방용)겸용","0","0","0","0","0","","0","0","N","30.03","","","",
"2146","집단급식소","07_21_02_P","4251000","4251000-105-2005-00015","2005-10-26","","03","폐업","02","폐업","2017-05-19","","","","033 4358273","35.28","","강원특별자치도 홍천군 홍천읍 상오안리 210-1","강원특별자치도 홍천군 홍천읍 상오안길 57","25117","꿈나무어린이집","2017-05-19 18:07:58","I","2023-06-13 00:00:00","집단급식소","271691.228809059","460569.504153638","집단급식소","0","0","","","상수도전용","0","0","0","0","0","자가","0","0","N","36.06","","","",
"2147","집단급식소","07_21_02_P","4251000","4251000-105-2007-00005","2007-08-24","","03","폐업","02","폐업","2009-07-24","","","","033 430 7876","519.40","","강원특별자치도 홍천군 서면 팔봉리 1290-17","","","메이플직원식당","2009-03-27 11:43:24","I","2023-06-13 00:00:00","집단급식소","260037.913621314","460408.269100475","집단급식소","0","0","","","상수도전용","0","16","0","0","0","","0","0","N","93.9","","","",
"2148","집단급식소","07_21_02_P","4251000","4251000-105-2008-00001","2008-03-19","","03","폐업","02","폐업","2009-03-09","","","","033 433 1838","8.12","","강원특별자치도 홍천군 홍천읍 장전평리 318","","","즐거운몬테소리어린이집","2008-06-23 16:11:33","I","2023-06-13 00:00:00","집단급식소","278180.610129249","461916.238778629","집단급식소","0","0","","","지하수전용","0","0","0","0","0","","0","0","N","8.12","","","",
"2149","집단급식소","07_21_02_P","4251000","4251000-105-2008-00002","2008-04-14","","03","폐업","02","폐업","2010-03-03","","","","033 434 7606","19.09","","강원특별자치도 홍천군 홍천읍 연봉리 177-23","","","남산어린이집","2009-10-12 16:56:48","I","2023-06-13 00:00:00","집단급식소","","","집단급식소","0","0","","","상수도전용","0","0","0","0","0","","0","0","N","19.09","","","",
"2150","집단급식소","07_21_02_P","4251000","4251000-105-2008-00003","2008-11-28","","03","폐업","02","폐업","2018-03-15","","","","033 430 8950","178.41","","강원특별자치도 홍천군 서면 팔봉리 산 125-31","강원특별자치도 홍천군 서면 한치골길 200","25102","(주)대명홀딩스직원식당","2018-03-15 11:52:29","I","2023-06-13 00:00:00","산업체","259437.42733726","459829.809105614","산업체","0","0","","","상수도전용","0","4","0","0","0","","0","0","N","45.6","","","",
"2151","집단급식소","07_21_02_P","4251000","4251000-105-2010-00001","2010-08-16","","03","폐업","02","폐업","2015-06-09","","","","033 435 0224","15.40","","강원특별자치도 홍천군 홍천읍 갈마곡리 432-24","강원특별자치도 홍천군 홍천읍 석화안길1길 4","25125","포도나무어린이집","2014-01-17 15:05:57","I","2023-06-13 00:00:00","집단급식소","278798.388080952","466452.712762276","집단급식소","0","0","","","상수도전용","0","0","0","0","0","","0","0","N","15.4","","","",
"2152","집단급식소","07_21_02_P","4251000","4251000-105-2015-00004","2015-06-15","","03","폐업","02","폐업","2024-04-03","","","","033 436 0707","145.72","","강원특별자치도 홍천군 서면 동막리 649","강원특별자치도 홍천군 서면 한서로 247-156","25100","샤인데일골프&리조트","2024-04-03 14:10:19","U","2024-04-06 02:40:00","산업체","249320.896779929","463684.983384259","산업체","0","0","","","상수도전용","0","0","0","0","0","","0","0","N","35.98","","","",
"2153","집단급식소","07_21_02_P","4251000","4251000-105-2016-00001","2016-03-04","","03","폐업","02","폐업","2021-03-10","","","","033 432 0219","21.90","","강원특별자치도 홍천군 홍천읍 신장대리 7-1","강원특별자치도 홍천군 홍천읍 꽃뫼로 119","25134","홍천유치원","2021-03-10 16:11:01","I","2023-06-13 00:00:00","어린이집","278168.88273264","465872.255248301","어린이집","0","0","","","상수도전용","0","0","0","0","0","","0","0","N","32.4","","","",
"2154","집단급식소","07_21_02_P","4251000","4251000-105-2017-00001","2017-02-24","","03","폐업","02","폐업","2023-07-10","","","","033 439 3321","153.74","","강원특별자치도 홍천군 남면 화전리 1711","강원특별자치도 홍천군 남면 한서로 2840","25107","힐드로사이CC직원식당","2023-07-10 15:40:45","U","2023-07-13 02:40:00","산업체","263227.119640485","455151.042160869","산업체","0","0","","","전용상수도(특정시설의 자가용 수도)","0","0","0","0","0","","0","0","N","49.98","","","",
"2155","집단급식소","07_21_02_P","4251000","4251000-105-2017-00003","2017-07-24","","03","폐업","02","폐업","2023-06-07","","","","033 434 4111","49.03","","강원특별자치도 홍천군 홍천읍 진리 96-23","강원특별자치도 홍천군 홍천읍 번영로 69","25138","효제요양병원","2023-06-15 16:01:46","U","2023-06-17 02:40:00","병원","278260.88642852","465721.179415212","병원","0","0","","","상수도전용","0","0","0","0","0","","0","0","N","23.4","","","",
"2156","집단급식소","07_21_02_P","4251000","4251000-105-2018-00005","2018-12-27","","03","폐업","02","폐업","2020-12-29","","","","033 432 1008","196.47","","강원특별자치도 홍천군 홍천읍 갈마곡리 98","강원특별자치도 홍천군 홍천읍 공작산로 137-20","25150","예일어린이집","2020-12-29 17:22:22","I","2023-06-13 00:00:00","어린이집","279972.588194382","466118.513781024","어린이집","0","0","","","상수도전용","0","0","0","0","0","","0","0","N","10.08","","","",
"2157","집단급식소","07_21_02_P","4251000","4251000-105-2021-00003","2021-08-25","","03","폐업","02","폐업","2022-07-22","","","","033 249 7099","739.60","","강원특별자치도 홍천군 남면 시동리 산 112","","","제5925부대","2022-07-22 14:21:12","I","2023-06-13 00:00:00","공공기관","274579.689605431","455565.373982209","공공기관","0","0","","","","0","0","0","0","0","","0","0","N","266.5","","","",
"2158","집단급식소","07_21_02_P","4251000","4251000-105-1981-00001","1981-05-01","","03","폐업","02","폐업","2005-01-28","","","","","","","강원특별자치도 홍천군 내면 자운리 1","","","운두초등학교","2003-04-25 00:00:00","I","2023-06-13 00:00:00","집단급식소","326350.753822992","470180.450342558","집단급식소","0","0","","","","0","0","0","0","0","","0","0","N","0","","","",
"2159","집단급식소","07_21_02_P","4251000","4251000-105-1987-00001","1987-03-30","","03","폐업","02","폐업","2005-11-25","","","","","","","강원특별자치도 홍천군 내촌면 물걸리 646","","","동창초등학교","2003-01-24 00:00:00","I","2023-06-13 00:00:00","집단급식소","300734.456598979","476496.026500047","집단급식소","0","0","","","","0","0","0","0","0","","0","0","N","0","","","",
"2160","집단급식소","07_21_02_P","4251000","4251000-105-1989-00001","1989-12-01","","03","폐업","02","폐업","2004-10-16","","","","","","","강원특별자치도 홍천군 영귀미면 월운리 0","","","월운초등학교","2003-04-25 00:00:00","I","2023-06-13 00:00:00","집단급식소","","","집단급식소","0","0","","","","0","0","0","0","0","","0","0","N","0","","","",
"2161","집단급식소","07_21_02_P","4251000","4251000-105-1993-00003","1993-09-20","","03","폐업","02","폐업","2020-02-11","","","","033 4309712","579.98","","강원특별자치도 홍천군 북방면 중화계리 165-1","강원특별자치도 홍천군 북방면 두개비산로 199-9","25114","대한상공회의소강원인력개발원","2020-02-11 15:32:08","I","2023-06-13 00:00:00","산업체","276206.133937063","466949.240127384","산업체","0","0","","","상수도전용","0","0","0","0","0","","0","0","N","579.98","","","",
"2162","집단급식소","07_21_02_P","4251000","4251000-105-2004-00003","2004-04-02","","03","폐업","02","폐업","2010-04-09","","","","033 4337787","10.73","","강원특별자치도 홍천군 서석면 풍암리 208-1","","","풍암어린이집","2009-11-03 15:30:45","I","2023-06-13 00:00:00","집단급식소","304570.916974363","468531.495453414","집단급식소","0","0","","","상수도전용","0","0","0","0","0","","0","0","N","45.53","","","",
"2163","집단급식소","07_21_02_P","4251000","4251000-105-2004-00005","2004-04-07","","03","폐업","02","폐업","2021-09-14","","","","033 4343553","27.60","","강원특별자치도 홍천군 홍천읍 희망리 109-6","강원특별자치도 홍천군 홍천읍 석화로 76-33","25123","무궁화어린이집","2021-09-14 11:03:51","I","2023-06-13 00:00:00","어린이집","278164.405743977","466272.900574779","어린이집","0","0","","","상수도전용","0","0","0","0","0","","0","0","N","30.6","","","",
"2164","집단급식소","07_21_02_P","4251000","4251000-105-2004-00006","2004-04-14","","03","폐업","02","폐업","2013-08-02","","","","033 430 8752","114.62","","강원특별자치도 홍천군 홍천읍 연봉리 106","강원특별자치도 홍천군 홍천읍 생명과학관길 4","25142","알커뮤니케이션(주)홍천지점","2012-06-27 14:38:55","I","2023-06-13 00:00:00","집단급식소","277172.72288427","464303.37838147","집단급식소","0","0","","","상수도전용","0","0","0","0","0","","0","0","N","391.29","","","",
"2165","집단급식소","07_21_02_P","4251000","4251000-105-2004-00007","2004-04-23","","03","폐업","02","폐업","2019-03-21","","","","033 4342082","17.00","","강원특별자치도 홍천군 홍천읍 희망리 324-21","강원특별자치도 홍천군 홍천읍 홍천로4길 26","25136","원광어린이집","2019-03-21 11:15:07","I","2023-06-13 00:00:00","어린이집","277718.144560724","465733.130267282","어린이집","0","0","","","상수도전용","0","0","0","0","0","","0","0","N","27.26","","","",
"2166","집단급식소","07_21_02_P","4251000","4251000-105-2004-00009","2004-05-01","","03","폐업","02","폐업","2014-06-02","","","","033 4321645","35.33","","강원특별자치도 홍천군 북방면 중화계리 143-1","강원특별자치도 홍천군 북방면 중화계로 155-33","","꾸러기어린이집","2011-12-07 13:30:49","I","2023-06-13 00:00:00","집단급식소","276287.979587485","466863.432458354","집단급식소","0","0","","","상수도전용","0","0","0","0","0","","0","0","N","35.33","","","",
"2167","집단급식소","07_21_02_P","4251000","4251000-105-2004-00011","2004-06-02","","03","폐업","02","폐업","2005-12-19","","","","033 4325251","9.00","","강원특별자치도 홍천군 남면 시동리 1057","","","시동어린이집","2005-04-21 00:00:00","I","2023-06-13 00:00:00","집단급식소","272669.42694029","455559.172169794","집단급식소","0","0","","","지하수전용","0","0","0","0","0","","0","0","N","19.2","","","",
"2168","집단급식소","07_21_02_P","4251000","4251000-105-2004-00012","2004-06-25","","03","폐업","02","폐업","2004-06-30","","","","033 4358738","","","강원특별자치도 홍천군 화촌면 구성포리 505-4","","","햇살어린이집","2004-06-25 00:00:00","I","2023-06-13 00:00:00","집단급식소","283059.855873339","472390.117100775","집단급식소","0","0","","","","0","0","0","0","0","","0","0","N","0","","","",
"2169","집단급식소","07_21_02_P","4251000","4251000-105-2005-00001","2005-05-04","","03","폐업","02","폐업","2009-08-17","","","","033 4358644","46.08","","강원특별자치도 홍천군 화촌면 구성포리 555","","","진성토건(주)","2009-03-18 11:48:03","I","2023-06-13 00:00:00","집단급식소","282778.351755463","472390.657355646","집단급식소","0","0","","","지하수전용","0","0","0","0","0","","0","0","N","160.92","","","",
"2170","집단급식소","07_21_02_P","4251000","4251000-105-2005-00003","2005-06-30","","03","폐업","02","폐업","2017-05-24","","","","033 4321739","10.08","","강원특별자치도 홍천군 북방면 하화계리 440-5","강원특별자치도 홍천군 북방면 하화계길45번길 9","25115","중앙어린이집","2017-05-24 17:34:14","I","2023-06-13 00:00:00","집단급식소","275425.1446781","465967.057246067","집단급식소","0","0","","","간이상수도","0","0","0","0","0","","0","0","N","66.08","","","",
"2171","집단급식소","07_21_02_P","4251000","4251000-105-2005-00004","2005-07-05","","03","폐업","02","폐업","2019-10-17","","","","033432 0210","20.28","","강원특별자치도 홍천군 홍천읍 희망리 182-1","강원특별자치도 홍천군 홍천읍 석화로 85-8","25121","명동보육원","2019-10-17 10:05:48","I","2023-06-13 00:00:00","사회복지시설","278251.97647189","466405.646759471","사회복지시설","0","0","","","상수도전용","0","0","0","0","0","","0","0","N","60.84","","","",
"2172","집단급식소","07_21_02_P","4251000","4251000-105-2005-00005","2005-07-11","","03","폐업","02","폐업","2009-11-11","","","","033 4353107","5.50","","강원특별자치도 홍천군 홍천읍 갈마곡리 432-24","","","파랑새어린이집","2009-10-28 17:03:12","I","2023-06-13 00:00:00","집단급식소","278798.388080952","466452.712762276","집단급식소","0","0","","","상수도전용","0","0","0","0","0","","0","0","N","11.5","","","",
"2173","집단급식소","07_21_02_P","4251000","4251000-105-2005-00006","2005-07-12","","03","폐업","02","폐업","2012-05-02","","","","033 4324435","13.42","","강원특별자치도 홍천군 남면 양덕원리 232-1","강원특별자치도 홍천군 남면 양덕원3길 30-3","25108","양덕어린이집","2011-12-07 13:37:24","I","2023-06-13 00:00:00","집단급식소","267857.382490247","457566.210346858","집단급식소","0","0","","","상수도전용","0","0","0","0","0","","0","0","N","13.42","","","",
"2174","집단급식소","07_21_02_P","4251000","4251000-105-2005-00008","2005-07-12","","03","폐업","02","폐업","2010-03-26","","","","033 4325097","12.00","","강원특별자치도 홍천군 남면 시동리 906-2","","","제일몬테소리어린이집","2009-11-03 15:35:41","I","2023-06-13 00:00:00","집단급식소","273465.035575641","454575.290384069","집단급식소","0","0","","","상수도전용","0","0","0","0","0","","0","0","N","37.48","","","",
"2175","집단급식소","07_21_02_P","4251000","4251000-105-2005-00009","2005-07-12","","03","폐업","02","폐업","2011-06-15","","","","033 433 1712","15.75","","강원특별자치도 홍천군 홍천읍 희망리 307-10","","","마야유치원","2010-03-29 16:33:13","I","2023-06-13 00:00:00","집단급식소","277968.515981728","466237.608766702","집단급식소","0","0","","","상수도전용","0","0","0","0","0","","0","0","N","28.98","","","",
"2176","집단급식소","07_21_02_P","4251000","4251000-105-2005-00010","2005-07-13","","03","폐업","02","폐업","2013-03-13","","","","033 4320219","21.90","","강원특별자치도 홍천군 홍천읍 신장대리 7-7","강원특별자치도 홍천군 홍천읍 꽃뫼로 119","25134","홍천유치원","2011-12-21 18:11:10","I","2023-06-13 00:00:00","집단급식소","278168.88273264","465872.255248301","집단급식소","0","0","","","상수도전용","0","0","0","0","0","","0","0","N","32.4","","","",
"2177","집단급식소","07_21_02_P","4251000","4251000-105-2010-00005","2010-10-19","","03","폐업","02","폐업","2013-11-20","","","","033 434 4111","49.04","","강원특별자치도 홍천군 홍천읍 진리 96-23","강원특별자치도 홍천군 홍천읍 번영로 69","25138","효제병원","2012-06-27 14:46:36","I","2023-06-13 00:00:00","집단급식소","278260.88642852","465721.179415212","집단급식소","0","0","","","상수도전용","0","0","0","0","0","","0","0","N","0","","","",
"2178","집단급식소","07_21_02_P","4251000","4251000-105-2010-00006","2010-11-12","","03","폐업","02","폐업","2010-11-19","","","","033 436 2119","28.52","","강원특별자치도 홍천군 두촌면 역내리 127-2","","","홍천요양병원","2010-11-12 16:06:28","I","2023-06-13 00:00:00","집단급식소","","","집단급식소","0","0","","","지하수전용","0","0","0","0","0","자가","0","0","N","14.43","","","",
"2179","집단급식소","07_21_02_P","4251000","4251000-105-2011-00001","2011-01-05","","03","폐업","02","폐업","2018-07-09","","","","033 432 7380","12.09","","강원특별자치도 홍천군 홍천읍 연봉리 282-4","강원특별자치도 홍천군 홍천읍 무궁화로4길 16","","샛별어린이집","2018-07-09 15:05:40","I","2023-06-13 00:00:00","어린이집","276941.211739359","465096.943253595","어린이집","0","0","","","상수도전용","0","0","0","0","0","","0","0","N","12.09","","","",
"2180","집단급식소","07_21_02_P","4261000","4261000-105-2004-00007","2004-11-02","","03","폐업","02","폐업","2021-04-22","","","","033 3435493","12.42","","강원특별자치도 횡성군 횡성읍 입석리 187-12","강원특별자치도 횡성군 횡성읍 입석남길 33","25240","녹지어린이집","2021-04-22 10:20:01","I","2023-06-13 00:00:00","어린이집","286968.970396204","442061.934074268","어린이집","0","0","","","상수도전용","0","0","0","0","0","","0","0","N","89.97","","","",
"2181","집단급식소","07_21_02_P","4261000","4261000-105-2016-00003","2016-08-09","","03","폐업","02","폐업","2024-01-18","","","","033 345 2727","","","강원특별자치도 횡성군 공근면 초원리 660-2","강원특별자치도 횡성군 공근면 아이티밸리길 27","25209","공근농공단지 이안애어린이집","2024-01-18 17:35:23","U","2024-01-20 02:40:00","어린이집","280568.822411223","447889.853273817","어린이집","0","0","","","상수도전용","0","14","0","0","0","","0","0","N","0","","","",
"2182","집단급식소","07_21_02_P","4261000","4261000-105-2018-00002","2018-08-02","","03","폐업","02","폐업","2021-03-22","","","","033 345 3421","35.00","","강원특별자치도 횡성군 횡성읍 북천리 63-2","강원특별자치도 횡성군 횡성읍 섬강로 140","25215","횡성효주간보호센터","2021-03-22 16:20:04","I","2023-06-13 00:00:00","사회복지시설","287921.479494786","444652.261306895","사회복지시설","0","0","","","상수도전용","0","0","0","0","0","","0","0","N","35","","","",
"2183","집단급식소","07_21_02_P","4261000","4261000-105-2020-00001","2020-02-11","","03","폐업","02","폐업","2021-01-14","","","","033 342 2713","124.50","","강원특별자치도 횡성군 우천면 정금리 507-4 정금초등학교","강원특별자치도 횡성군 우천면 경강로 3276, 정금초등학교","25245","정금초등학교","2021-01-14 15:35:19","I","2023-06-13 00:00:00","학교","297621.632747911","445313.410197949","학교","0","0","","","상수도전용","0","0","0","0","0","","0","0","N","15.7","","","",
"2184","집단급식소","07_21_02_P","4261000","4261000-105-2021-00001","2021-04-21","","03","폐업","02","폐업","2023-06-08","","","","033 345 3421","39.60","","강원특별자치도 횡성군 횡성읍 북천리 63-2","강원특별자치도 횡성군 횡성읍 섬강로 140","25215","횡성효주간보호센터","2023-06-08 15:54:59","I","2023-06-13 00:00:00","사회복지시설","287921.479494786","444652.261306895","사회복지시설","0","0","","","상수도전용","0","0","0","0","0","자가","0","0","N","39.6","","","",
"2185","집단급식소","07_21_02_P","4261000","4261000-105-2022-00002","2022-04-12","","03","폐업","02","폐업","2022-12-01","","","","","72.31","","강원특별자치도 횡성군 횡성읍 읍하리 484-1 횡성삼성병원 3층","강원특별자치도 횡성군 횡성읍 삼일로81번길 40, 횡성삼성병원 3층","25217","재단법인 한국불교태고원 삼성요양병원","2022-12-22 15:09:55","I","2023-06-13 00:00:00","병원","286966.897533628","444220.776857603","병원","0","0","","","상수도전용","0","0","0","0","0","","0","0","N","31.27","","","",
"2186","집단급식소","07_21_02_P","4261000","4261000-105-2022-00004","2022-11-29","","03","폐업","02","폐업","2024-04-30","","","","033 343 8589","238.08","","강원특별자치도 횡성군 서원면 창촌리 499","강원특별자치도 횡성군 서원면 창촌남2길 36","","벨라45","2024-04-30 10:04:55","U","2024-05-02 02:40:00","기타 집단급식소","275822.39908977","442084.139464958","기타 집단급식소","0","0","","","","0","0","0","0","0","","0","0","N","61.44","","","",
"2187","집단급식소","07_21_02_P","4261000","4261000-105-1979-00001","1979-11-12","","03","폐업","02","폐업","2006-04-14","","","","033 3422713","39.60","","강원특별자치도 횡성군 우천면 정금리 507","","","정금초등학교","2008-12-05 10:00:48","I","2023-06-13 00:00:00","집단급식소","","","집단급식소","0","0","","","지하수전용","0","0","0","0","0","","0","0","N","213.2","","","",
"2188","집단급식소","07_21_02_P","4261000","4261000-105-1987-00001","1987-03-27","","03","폐업","02","폐업","2003-04-23","","","","033 3407017","","","강원특별자치도 횡성군 횡성읍 묵계리 43-2","","","(주)두산","2001-08-28 00:00:00","I","2023-06-13 00:00:00","집단급식소","286656.52975765","441635.851564271","집단급식소","0","0","","","상수도전용","0","0","0","0","0","","0","0","N","0","","","",
"2189","집단급식소","07_21_02_P","4261000","4261000-105-1995-00001","1995-03-24","","03","폐업","02","폐업","2008-03-03","","","","033 3429013","39.06","","강원특별자치도 횡성군 갑천면 매일리 705","","","갑천초등학교","2008-12-05 10:17:03","I","2023-06-13 00:00:00","집단급식소","","","집단급식소","0","0","","","상수도전용","0","0","0","0","0","","0","0","N","159.5","","","",
"2190","집단급식소","07_21_02_P","4261000","4261000-105-2004-00009","2004-11-04","","03","폐업","02","폐업","2016-06-08","","","","033 3438556","16.50","","강원특별자치도 횡성군 횡성읍 조곡리 383","강원특별자치도 횡성군 횡성읍 우시장길 56","25213","중앙어린이집","2012-02-08 14:27:40","I","2023-06-13 00:00:00","집단급식소","289672.382953127","444149.076649396","집단급식소","0","0","","","상수도전용","0","0","0","0","0","","0","0","N","16.5","","","",
"2191","집단급식소","07_21_02_P","4261000","4261000-105-2004-00010","2004-11-05","","03","폐업","02","폐업","2016-12-22","","","","033 3426460","16.80","","강원특별자치도 횡성군 안흥면 안흥리 310-33","강원특별자치도 횡성군 안흥면 안흥동길 36","25271","사회복지법인안흥은혜원안흥어린이집","2012-02-08 14:28:16","I","2023-06-13 00:00:00","집단급식소","302522.67272185","434895.591589145","집단급식소","0","0","","","상수도전용","0","0","0","0","0","","0","0","N","53.64","","","",
"2192","집단급식소","07_21_02_P","4261000","4261000-105-2004-00011","2004-11-06","","03","폐업","02","폐업","2022-05-03","","","","033 3449004","13.50","","강원특별자치도 횡성군 공근면 학담리 226-3","강원특별자치도 횡성군 공근면 학담길 60","25208","사회복지법인공근어린이집","2022-05-03 17:24:17","I","2023-06-13 00:00:00","어린이집","284602.180495432","448889.592913208","어린이집","0","0","","","상수도전용","0","0","0","0","0","","0","0","N","27","","","",
"2193","집단급식소","07_21_02_P","4261000","4261000-105-2004-00012","2004-11-09","","03","폐업","02","폐업","2022-03-15","","","","033 3426048","21.00","","강원특별자치도 횡성군 우천면 우항리 754-5","강원특별자치도 횡성군 우천면 우항3길 9-16","25248","사회복지법인성림원우천어린이집","2022-03-15 14:50:50","I","2023-06-13 00:00:00","어린이집","294107.882997893","440163.033566113","어린이집","0","0","","","상수도전용","0","0","0","0","0","","0","0","N","113.68","","","",
"2194","집단급식소","07_21_02_P","4261000","4261000-105-2004-00014","2004-11-22","","03","폐업","02","폐업","2022-09-22","","","","033 3441214","18.24","","강원특별자치도 횡성군 둔내면 둔방내리 580-2","강원특별자치도 횡성군 둔내면 둔방로14번길 27","25266","요셉어린이집","2022-09-22 11:57:02","I","2023-06-13 00:00:00","어린이집","306988.989174729","446530.968337232","어린이집","0","0","","","상수도전용","0","0","0","0","0","","0","0","N","18.24","","","",
"2195","집단급식소","07_21_02_P","4261000","4261000-105-2004-00015","2004-12-15","","03","폐업","02","폐업","2006-05-10","","","","033 3436131","24.18","","강원특별자치도 횡성군 횡성읍 묵계리 57-6","","","(주)두콩양행","2004-12-15 00:00:00","I","2023-06-13 00:00:00","집단급식소","286855.054226021","441517.139777308","집단급식소","0","0","","","상수도전용","0","0","0","0","0","","0","0","N","130.44","","","",
"2196","집단급식소","07_21_02_P","4261000","4261000-105-2008-00003","2008-03-21","","03","폐업","02","폐업","2008-05-19","","","","033 344 7582","90.61","","강원특별자치도 횡성군 횡성읍 읍하리 484-1","","","횡성삼성병원","2008-12-05 17:47:48","I","2023-06-13 00:00:00","집단급식소","286966.897533628","444220.776857603","집단급식소","0","0","","","상수도전용","0","0","0","0","0","임대","0","0","N","31.27","","","",
"2197","집단급식소","07_21_02_P","4261000","4261000-105-2008-00004","2008-10-06","","03","폐업","02","폐업","2009-09-16","","","","033 344 5117","214.25","","강원특별자치도 횡성군 강림면 강림리 산 703","","","칸아카데미","2009-02-19 18:20:08","I","2023-06-13 00:00:00","집단급식소","","","집단급식소","0","0","","","지하수전용","0","0","0","0","0","자가","0","0","N","68.08","","","",
"2198","집단급식소","07_21_02_P","4261000","4261000-105-2008-00005","2008-10-22","","03","폐업","02","폐업","2010-10-22","","","","033 344 3789","206.10","","강원특별자치도 횡성군 서원면 유현리 705-2","","","(주)한일개발","2010-10-24 12:58:31","I","2023-06-13 00:00:00","집단급식소","","","집단급식소","0","0","","","지하수전용","0","0","0","0","0","자가","0","0","N","45.3","","","",
"2199","집단급식소","07_21_02_P","4261000","4261000-105-2009-00001","2009-03-16","","03","폐업","02","폐업","2019-11-11","","","","033 344 1600","302.00","","강원특별자치도 횡성군 서원면 석화리 208","강원특별자치도 횡성군 서원면 월송석화로 211","25202","세계유스호스텔","2019-11-11 13:43:11","I","2023-06-13 00:00:00","수련원","271605.714349246","439935.414163678","수련원","0","0","","","상수도전용","0","0","0","0","0","자가","0","0","N","57.7","","","",
"2200","집단급식소","07_21_02_P","4261000","4261000-105-2009-00002","2009-04-20","","03","폐업","02","폐업","2021-05-28","","","","033 340 1500","211.40","","강원특별자치도 횡성군 둔내면 우용리 15-4","강원특별자치도 횡성군 둔내면 조항로 360","25263","웰리힐리CC","2021-05-28 14:50:57","I","2023-06-13 00:00:00","산업체","309117.487929418","441987.926509524","산업체","0","0","","","전용상수도(특정시설의 자가용 수도)","0","4","0","0","0","자가","0","0","N","66.48","","","",
"2201","집단급식소","07_21_02_P","4261000","4261000-105-2009-00003","2009-09-09","","03","폐업","02","폐업","2011-09-05","","","","070 86445100","98.10","","강원특별자치도 횡성군 공근면 초원리 660-1","","","(주)유비트론","2009-09-09 14:53:35","I","2023-06-13 00:00:00","집단급식소","280569.546946073","447948.729249156","집단급식소","0","0","","","상수도전용","0","0","0","0","0","자가","0","0","N","17.4","","","",
"2202","집단급식소","07_21_02_P","4261000","4261000-105-2010-00001","2010-02-02","","03","폐업","02","폐업","2011-02-07","","","","033 342 2626","59.77","","강원특별자치도 횡성군 서원면 옥계리 산 247","","","(주)진원","2010-03-08 15:11:27","I","2023-06-13 00:00:00","집단급식소","","","집단급식소","0","0","","","지하수전용","0","0","0","0","0","","0","0","N","0","","","",
"2203","집단급식소","07_21_02_P","4261000","4261000-105-2013-00002","2013-06-24","","03","폐업","02","폐업","2015-06-12","","","","070 78772023","315.00","","강원특별자치도 횡성군 우천면 하대리 281-1","강원특별자치도 횡성군 우천면 하대5길 101","","한국골프대학","2014-04-09 13:54:17","I","2023-06-13 00:00:00","집단급식소","295086.386000497","441086.808312276","집단급식소","0","0","","","상수도전용","0","0","0","0","0","","0","0","N","42","","","",
"2204","집단급식소","07_21_02_P","4261000","4261000-105-2015-00002","2015-03-09","","03","폐업","02","폐업","2019-11-11","","","","033 342 7712","286.00","","강원특별자치도 횡성군 우천면 양적리 37-31","강원특별자치도 횡성군 우천면 수남로266번길 55","25249","에스엠통상 주식회사","2019-11-11 13:42:52","I","2023-06-13 00:00:00","산업체","293755.335262069","439795.283296951","산업체","0","0","","","상수도전용","0","0","0","0","0","","0","0","N","59.46","","","",
"2205","집단급식소","07_21_02_P","4261000","4261000-105-1997-00002","1997-03-19","","03","폐업","02","폐업","2007-06-30","","","","033 3424400","72.00","","강원특별자치도 횡성군 서원면 석화리 208","","","석화수련의집","2008-12-05 10:19:01","I","2023-06-13 00:00:00","집단급식소","271605.714349246","439935.414163678","집단급식소","0","0","","","지하수전용","0","0","0","0","0","","0","0","N","314","","","",
"2206","집단급식소","07_21_02_P","4261000","4261000-105-1998-00003","1998-09-10","","03","폐업","02","폐업","2006-04-14","","","","033 3433601","63.00","","강원특별자치도 횡성군 횡성읍 추동리 3-4","","","창림초등학교","2008-12-05 10:18:36","I","2023-06-13 00:00:00","집단급식소","291577.457132002","444189.1771901","집단급식소","0","0","","","지하수전용","0","0","0","0","0","","0","0","N","130","","","",
"2207","집단급식소","07_21_02_P","4261000","4261000-105-2003-00002","2003-06-09","","03","폐업","02","폐업","2016-02-16","","","","033 343 3588","72.40","","강원특별자치도 횡성군 갑천면 병지방리 338-6","강원특별자치도 횡성군 갑천면 어답산로 837","25251","횡성군 청소년수련원","2014-11-18 10:30:56","I","2023-06-13 00:00:00","집단급식소","295340.065328474","455945.998929326","집단급식소","0","0","","","상수도전용","0","0","0","0","0","","0","0","N","647.5","","","",
"2208","집단급식소","07_21_02_P","4261000","4261000-105-2004-00001","2004-03-12","","03","폐업","02","폐업","2004-07-27","","","","03303443456","150.00","","강원특별자치도 횡성군 둔내면 화동리 산 34-2","","","(주)유토피아 유스호스텔","2004-03-12 00:00:00","I","2023-06-13 00:00:00","집단급식소","","","집단급식소","0","0","","","지하수전용","0","0","0","0","0","","0","0","N","652","","","",
"2209","집단급식소","07_21_02_P","4261000","4261000-105-2004-00003","2004-07-27","","03","폐업","02","폐업","2016-06-30","","","","03303443456","150.00","","강원특별자치도 횡성군 둔내면 화동리 77-9","강원특별자치도 횡성군 둔내면 화동삽교로 60-30","25260","(주)유토피아유스호스텔","2016-01-04 18:52:40","I","2023-06-13 00:00:00","집단급식소","309657.127124085","452074.955417731","집단급식소","0","0","","","상수도전용","0","0","0","0","0","","0","0","N","622","","","",
"2210","집단급식소","07_21_02_P","4261000","4261000-105-2004-00004","2004-09-16","","03","폐업","02","폐업","2006-02-06","","","","033 3457171","31.30","","강원특별자치도 횡성군 횡성읍 읍하리 484-1","","","(의)동민의료재단횡성제일병원","2004-09-16 00:00:00","I","2023-06-13 00:00:00","집단급식소","286966.897533628","444220.776857603","집단급식소","0","0","","","상수도전용","0","0","0","0","0","","0","0","N","96.34","","","",
"2211","집단급식소","07_21_02_P","4261000","4261000-105-1995-00004","1995-12-06","","03","폐업","02","폐업","2019-11-11","","","","033 3436488","315.90","","강원특별자치도 횡성군 둔내면 삽교리 1138","강원특별자치도 횡성군 둔내면 청태산로466번길 55","25261","둔내유스호스텔","2019-11-11 13:43:36","I","2023-06-13 00:00:00","수련원","312669.869447339","447105.92945756","수련원","0","0","","","상수도전용","0","0","0","0","0","","0","0","N","26745","","","",
"2212","집단급식소","07_21_02_P","4261000","4261000-105-2004-00016","2004-12-21","","03","폐업","02","폐업","2011-06-07","","","","033 3430956","7.98","","강원특별자치도 횡성군 횡성읍 남산리 산 72-1","","","룸비니유치원","2009-08-25 14:53:25","I","2023-06-13 00:00:00","집단급식소","","","집단급식소","0","0","","","상수도전용","0","0","0","0","0","","0","0","N","15.82","","","",
"2213","집단급식소","07_21_02_P","4261000","4261000-105-2004-00019","2004-12-30","","03","폐업","02","폐업","2014-02-21","","","","033 3439280","","","강원특별자치도 횡성군 횡성읍 입석리 23-1","강원특별자치도 횡성군 횡성읍 입석로14번길 31","","광제사유치원","2012-02-08 14:35:21","I","2023-06-13 00:00:00","집단급식소","287013.748349265","442310.85187031","집단급식소","0","0","","","상수도전용","0","0","0","0","0","","0","0","N","0","","","",
"2214","집단급식소","07_21_02_P","4261000","4261000-105-2005-00001","2005-04-28","","03","폐업","02","폐업","2019-12-19","","","","033 3436117","165.66","","강원특별자치도 횡성군 공근면 창봉리 652","강원특별자치도 횡성군 공근면 영서로 800","25203","주식회사 소모비전","2019-12-19 14:39:46","I","2023-06-13 00:00:00","산업체","282623.180513953","453127.771114394","산업체","0","0","","","지하수전용","0","0","0","0","0","","0","0","N","27.38","","","",
"2215","집단급식소","07_21_02_P","4261000","4261000-105-2006-00001","2006-04-21","","03","폐업","02","폐업","2006-06-02","","","","033 3442564","291.30","","강원특별자치도 횡성군 안흥면 소사리 1334","","","이에스피평가아카데미(주)","2006-04-21 00:00:00","I","2023-06-13 00:00:00","집단급식소","300709.700909535","440517.716466947","집단급식소","0","0","","","지하수전용","0","0","0","0","0","임대","0","0","N","34.5","","","",
"2216","집단급식소","07_21_02_P","4261000","4261000-105-2007-00001","2007-04-24","","03","폐업","02","폐업","2007-08-21","","","","033 344 0402","77.76","","강원특별자치도 횡성군 공근면 초원리 429-1","","","건원종합건설(주) 공근농공단지 집단급식소","2008-12-05 10:43:45","I","2023-06-13 00:00:00","집단급식소","","","집단급식소","0","0","","","간이상수도","0","0","0","0","0","임대","0","0","N","25.92","","","",
"2217","집단급식소","07_21_02_P","4261000","4261000-105-2007-00002","2007-05-03","","03","폐업","02","폐업","2014-04-24","","","","033 3425108","69.95","","강원특별자치도 횡성군 청일면 춘당리 759","강원특별자치도 횡성군 청일면 청정로 1461","25253","춘당초등학교","2013-11-19 15:22:43","I","2023-06-13 00:00:00","집단급식소","301067.444473167","459268.105962622","집단급식소","0","0","","","간이상수도","0","0","0","0","0","자가","0","0","N","27.45","","","",
"2218","집단급식소","07_21_02_P","4261000","4261000-105-2007-00003","2007-05-25","","03","폐업","02","폐업","2009-04-20","","","","033 3401500","211.40","","강원특별자치도 횡성군 둔내면 우용리 15-4","","","오스타CC","2008-06-11 16:45:41","I","2023-06-13 00:00:00","집단급식소","309117.487929418","441987.926509524","집단급식소","0","0","","","상수도전용","0","0","0","0","0","자가","0","0","N","66.48","","","",
"2219","집단급식소","07_21_02_P","4261000","4261000-105-2007-00004","2007-07-18","","03","폐업","02","폐업","2016-06-03","","","","033 340 6302","193.18","","강원특별자치도 횡성군 둔내면 삽교리 1767-1","강원특별자치도 횡성군 둔내면 청태산로 777","25261","재단법인 한국산림복지문화재단","2016-05-25 15:42:18","I","2023-06-13 00:00:00","집단급식소","","","집단급식소","0","0","","","지하수전용","0","6","0","0","0","","0","0","N","41.71","","","",
"2220","집단급식소","07_21_02_P","4261000","4261000-105-2007-00005","2007-12-28","","03","폐업","02","폐업","2008-07-09","","","","033 340 8081","174.75","","강원특별자치도 횡성군 우천면 하대리 산 87-1","","","삼대양레저(주)","2007-12-28 15:56:07","I","2023-06-13 00:00:00","집단급식소","","","집단급식소","0","0","","","상수도전용","0","0","0","0","0","자가","0","0","N","66.75","","","",
"2221","집단급식소","07_21_02_P","4261000","4261000-105-2008-00001","2008-02-13","","03","폐업","02","폐업","2008-04-29","","","","033 344 7201","0.00","","강원특별자치도 횡성군 횡성읍 읍상리 627-4","","","횡성이안아파트신축공사","2008-02-13 13:58:53","I","2023-06-13 00:00:00","집단급식소","287912.438221391","443455.080477641","집단급식소","0","0","","","상수도전용","0","0","0","0","0","자가","0","0","N","0","","","",
"2222","집단급식소","07_21_02_P","4271000","4271000-105-2001-00002","2001-06-20","","03","폐업","02","폐업","2002-05-20","","","","033 3726941","","","강원특별자치도 영월군 김삿갓면 진별리 592-3","","","영월군청소년수련원","2002-10-07 00:00:00","I","2023-06-13 00:00:00","집단급식소","336350.415354351","404441.685398004","집단급식소","0","0","","","","0","0","0","0","0","","0","0","N","0","","","",
"2223","집단급식소","07_21_02_P","4271000","4271000-105-2002-00001","2002-06-26","","03","폐업","02","폐업","2005-04-19","","","","3726941","41.80","","강원특별자치도 영월군 김삿갓면 진별리 592-3","","","영월청소년수련원","2002-10-07 00:00:00","I","2023-06-13 00:00:00","집단급식소","336350.415354351","404441.685398004","집단급식소","0","0","","","상수도전용","0","0","0","0","0","","0","0","N","189.6","","","",
"2224","집단급식소","07_21_02_P","4271000","4271000-105-2003-00005","2003-06-27","","03","폐업","02","폐업","2019-04-12","","","","033 375184","127.00","","강원특별자치도 영월군 영월읍 하송리 1-7","강원특별자치도 영월군 영월읍 중앙1로 35","26234","희망어린이집","2019-04-12 17:48:15","I","2023-06-13 00:00:00","어린이집","330058.919088732","410180.271066234","어린이집","0","0","","","상수도전용","0","0","0","0","0","","0","0","N","20","","","",
"2225","집단급식소","07_21_02_P","4271000","4271000-105-1991-00002","1991-04-01","","03","폐업","02","폐업","2005-04-22","","","","033 3783898","0.00","","강원특별자치도 영월군 산솔면 연상리 2 리","","","연상초등학교","2003-04-14 00:00:00","I","2023-06-13 00:00:00","집단급식소","343543.475080865","411927.462968979","집단급식소","0","0","","","상수도전용","0","0","0","0","0","","0","0","N","160.74","","","",
"2226","집단급식소","07_21_02_P","4271000","4271000-105-2003-00007","2003-07-03","","03","폐업","02","폐업","2019-09-30","","","","033 3733223","56.00","","강원특별자치도 영월군 영월읍 덕포리 581-3","강원특별자치도 영월군 영월읍 중리1길 40","26229","영월원광어린이집","2019-09-30 17:40:42","I","2023-06-13 00:00:00","어린이집","331327.854591616","409688.316010182","어린이집","0","0","","","상수도전용","0","0","0","0","0","","0","0","N","13","","","",
"2227","집단급식소","07_21_02_P","4271000","4271000-105-2003-00009","2003-07-07","","03","폐업","02","폐업","2022-08-03","","","","033 3725886","56.70","","강원특별자치도 영월군 주천면 신일리 285-2","강원특별자치도 영월군 주천면 솔치로 716","26205","신일어린이집","2022-08-03 14:40:15","I","2023-06-13 00:00:00","어린이집","311489.139623212","419033.481076692","어린이집","0","0","","","상수도전용","0","0","0","0","0","","0","0","N","48.15","","","",
"2228","집단급식소","07_21_02_P","4271000","4271000-105-2003-00011","2003-07-14","","03","폐업","02","폐업","2025-05-29","","","","033 3745833","233.70","","강원특별자치도 영월군 영월읍 덕포리 792-2","강원특별자치도 영월군 영월읍 느티나무길 13","26231","소망어린이집","2025-05-29 16:29:46","U","2025-05-31 02:40:00","어린이집","330930.217051288","409081.232803836","어린이집","0","0","","","상수도전용","0","0","0","0","0","","0","0","N","16","","","",
"2229","집단급식소","07_21_02_P","4271000","4271000-105-2003-00012","2003-08-06","","03","폐업","02","폐업","2023-07-26","","","","033 3783344","47.20","","강원특별자치도 영월군 산솔면 연상리 53-1","강원특별자치도 영월군 산솔면 영월로 3822-6","26242","늘푸른어린이집","2023-07-26 17:30:33","U","2023-07-28 02:40:00","어린이집","343371.153788823","411867.844457394","어린이집","0","0","","","상수도전용","0","0","0","0","0","","0","0","N","33.68","","","",
"2230","집단급식소","07_21_02_P","4271000","4271000-105-2003-00013","2003-08-06","","03","폐업","02","폐업","2019-03-13","","","","033 3720163","35.52","","강원특별자치도 영월군 한반도면 쌍용리 590-1","강원특별자치도 영월군 한반도면 무동길 59","26214","쌍용어린이집","2019-03-13 17:48:36","I","2023-06-13 00:00:00","어린이집","317170.462599051","409185.677142656","어린이집","0","0","","","상수도전용","0","0","0","0","0","","0","0","N","34.32","","","",
"2231","집단급식소","07_21_02_P","4271000","4271000-105-2004-00002","2004-06-21","","03","폐업","02","폐업","2019-04-09","","","","033 3733005","25.60","","강원특별자치도 영월군 영월읍 영흥리 895","강원특별자치도 영월군 영월읍 금강공원길 33","26228","성모유치원","2019-04-09 11:06:52","I","2023-06-13 00:00:00","어린이집","330904.014268056","410171.096428129","어린이집","0","0","","","상수도전용","0","0","0","0","0","","0","0","N","84.24","","","",
"2232","집단급식소","07_21_02_P","4271000","4271000-105-2004-00003","2004-09-20","","03","폐업","02","폐업","2011-03-21","","","","033 373 9003","32.68","","강원특별자치도 영월군 영월읍 영흥리 130-1 9통","","","삼태사유치원","2010-04-05 16:59:57","I","2023-06-13 00:00:00","집단급식소","","","집단급식소","0","0","","","상수도전용","0","0","0","0","0","","0","0","N","164.26","","","",
"2233","집단급식소","07_21_02_P","4271000","4271000-105-2006-00001","2006-05-11","","03","폐업","02","폐업","2016-04-21","","","","033 3752808","170.00","","강원특별자치도 영월군 영월읍 영흥리 616","강원특별자치도 영월군 영월읍 봉래산로 221","26224","농업회사법인주식회사대가식품","2013-07-15 14:36:39","I","2023-06-13 00:00:00","집단급식소","330750.541725657","412194.057754562","집단급식소","0","0","","","상수도전용","0","0","0","0","0","자가","0","0","N","48","","","",
"2234","집단급식소","07_21_02_P","4271000","4271000-105-2008-00001","2008-01-22","","03","폐업","02","폐업","2023-10-12","","","","033 373 1933","30.00","","강원특별자치도 영월군 영월읍 하송리 55-1","강원특별자치도 영월군 영월읍 은행나무3길 40","26237","제일어린이집","2023-10-12 10:27:01","U","2023-10-14 02:40:00","어린이집","330233.935135436","409580.543131642","어린이집","0","0","","","상수도전용","0","0","0","0","0","자가","0","0","N","50.4","","","",
"2235","집단급식소","07_21_02_P","4271000","4271000-105-2008-00002","2008-10-27","","03","폐업","02","폐업","2023-06-22","","","","033  3729511","683.00","","강원특별자치도 영월군 무릉도원면 무릉리 293-1","강원특별자치도 영월군 무릉도원면 아래골길 70","26201","예림미술교육원","2023-06-22 16:24:37","U","2023-06-24 02:40:00","수련원","313377.215844994","422462.020136273","수련원","0","0","","","지하수전용","0","0","0","0","0","","0","0","N","0","","","",
"2236","집단급식소","07_21_02_P","4271000","4271000-105-2011-00001","2011-06-02","","03","폐업","02","폐업","2020-11-18","","","","033 905 2000","101.60","","강원특별자치도 영월군 영월읍 삼옥리 108","강원특별자치도 영월군 영월읍 사지막길 160","26223","(주)동강시스타","2020-11-18 17:14:56","I","2023-06-13 00:00:00","산업체","334737.971789668","413950.472458217","산업체","0","0","","","전용상수도(특정시설의 자가용 수도)","0","0","0","0","0","","0","0","N","101.6","","","",
"2237","집단급식소","07_21_02_P","4271000","4271000-105-2019-00001","2019-09-30","","03","폐업","02","폐업","2023-04-20","","","","033 373 3223","56.00","","강원특별자치도 영월군 영월읍 덕포리 581-3 영월원광어린이집","강원특별자치도 영월군 영월읍 중리1길 40, 영월원광어린이집","26229","영월원광어린이집","2023-04-20 16:04:09","I","2023-06-13 00:00:00","어린이집","331327.854591616","409688.316010182","어린이집","0","0","","","상수도전용","0","9","0","0","0","자가","0","0","N","13","","","",
"2238","집단급식소","07_21_02_P","4271000","4271000-105-2021-00001","2021-03-12","","03","폐업","02","폐업","2025-08-11","","","","","0.00","","강원특별자치도 영월군 영월읍 정양리 697-18","강원특별자치도 영월군 영월읍 중앙로 411, 한국남부발전 영월발전본부","26231","한국남부발전 영월발전본부 구내식당","2025-08-11 10:10:50","U","2025-08-13 02:40:00","공공기관","","","공공기관","0","0","","","","0","0","0","0","0","","0","0","Y","0","","","",
"2239","집단급식소","07_21_02_P","4281000","4281000-105-2012-00002","2012-07-13","","03","폐업","02","폐업","2018-08-30","","","","033 3369977","26.70","","강원특별자치도 평창군 봉평면 창동리 425-4","강원특별자치도 평창군 봉평면 기풍로 121-19","25304","초록어린이집","2018-08-30 15:05:18","I","2023-06-13 00:00:00","어린이집","321465.032953822","457609.029526672","어린이집","0","0","","","상수도전용","0","0","0","0","0","","0","0","N","26.7","","","",
"2240","집단급식소","07_21_02_P","4281000","4281000-105-1993-00003","1993-09-01","","03","폐업","02","폐업","2002-09-03","","","","","","","강원특별자치도 평창군 진부면 간평리 130","","","호렙오대산청소년수련원","2002-09-03 00:00:00","I","2023-06-13 00:00:00","집단급식소","","","집단급식소","0","0","","","","0","0","0","0","0","","0","0","N","0","","","",
"2241","집단급식소","07_21_02_P","4281000","4281000-105-1998-00001","1998-08-24","","03","폐업","02","폐업","2017-02-17","","","","033 3327501","","","강원특별자치도 평창군 방림면 운교리 1477","강원특별자치도 평창군 방림면 칡사리길 254-14","25366","평창유스호스텔","2016-09-26 09:47:43","I","2023-06-13 00:00:00","집단급식소","312302.36063299","437097.473570633","집단급식소","0","0","","","지하수전용","0","0","0","0","0","","0","0","N","0","","","",
"2242","집단급식소","07_21_02_P","4281000","4281000-105-2001-00001","2001-11-01","","03","폐업","02","폐업","2005-06-13","","","","","","","강원특별자치도 평창군 평창읍 중리 350","","","평창중학교","2005-03-30 00:00:00","I","2023-06-13 00:00:00","집단급식소","323810.590641882","430587.004067202","집단급식소","0","0","","","상수도전용","0","0","0","0","0","","0","0","N","0","","","",
"2243","집단급식소","07_21_02_P","4281000","4281000-105-2001-00002","2001-12-31","","03","폐업","02","폐업","2005-05-03","","","","","119.30","","강원특별자치도 평창군 대관령면 횡계리 275-1","","","한국통신문화재단용평수련관","2002-01-02 00:00:00","I","2023-06-13 00:00:00","집단급식소","351070.745467028","464540.429540024","집단급식소","0","0","","","상수도전용","0","0","0","0","0","","0","0","N","505.38","","","",
"2244","집단급식소","07_21_02_P","4281000","4281000-105-2003-00003","2003-02-25","","03","폐업","02","폐업","2014-06-24","","","","","36.26","","강원특별자치도 평창군 대관령면 용산리 12-1 외7필지","강원특별자치도 평창군 대관령면 올림픽로 715 (외7필지)","25352","용평리조트2","2014-05-21 17:22:32","I","2023-06-13 00:00:00","집단급식소","348996.893039527","461567.464980891","집단급식소","0","0","","","상수도전용","0","0","0","0","0","","0","0","N","170.53","","","",
"2245","집단급식소","07_21_02_P","4281000","4281000-105-2003-00005","2003-05-20","","03","폐업","02","폐업","2004-01-31","","","","3355757","","","강원특별자치도 평창군 대관령면 수하리 산 69","","","(주)용평리조트3","2003-05-26 00:00:00","I","2023-06-13 00:00:00","집단급식소","","","집단급식소","0","0","","","상수도전용","0","0","0","0","0","","0","0","N","0","","","",
"2246","집단급식소","07_21_02_P","4281000","4281000-105-2004-00004","2004-06-29","","03","폐업","02","폐업","2018-05-31","","","","033 3306627","","","강원특별자치도 평창군 봉평면 면온리 1098 외104필지","강원특별자치도 평창군 봉평면 태기로 174","25307","휘닉스빌","2018-05-31 15:10:31","I","2023-06-13 00:00:00","산업체","317059.630017773","454194.674829187","산업체","0","0","","","상수도전용","0","0","0","0","0","","0","0","N","0","","","",
"2247","집단급식소","07_21_02_P","4281000","4281000-105-2002-00002","2002-09-03","","03","폐업","02","폐업","2021-11-15","","","","033 3336157","115.07","","강원특별자치도 평창군 진부면 간평리 52","강원특별자치도 평창군 진부면 진고개로 351-16","25322","호렙오대산청소년수련원","2022-01-12 09:42:28","I","2023-06-13 00:00:00","수련원","340908.994806087","467414.332215956","수련원","0","0","","","지하수전용","0","0","0","0","0","","0","0","N","495.96","","","",
"2248","집단급식소","07_21_02_P","4281000","4281000-105-2007-00013","2007-08-07","","03","폐업","02","폐업","2008-05-16","","","","033 3340141","203.62","","강원특별자치도 평창군 봉평면 면온리 1069-7","","","신세계건설(주)","2007-08-22 11:57:42","I","2023-06-13 00:00:00","집단급식소","317743.777857135","454407.390028009","집단급식소","0","0","","","","0","0","0","0","0","","0","0","N","33.32","","","",
"2249","집단급식소","07_21_02_P","4281000","4281000-105-2007-00014","2007-11-05","","03","폐업","02","폐업","2010-09-20","","","","3345515","157.00","","강원특별자치도 평창군 평창읍 종부리 576-5","","","(주)태영건설","2010-10-26 14:45:32","I","2023-06-13 00:00:00","집단급식소","","","집단급식소","0","0","","","상수도전용","0","0","0","0","0","","0","0","N","36","","","",
"2250","집단급식소","07_21_02_P","4281000","4281000-105-2008-00002","2008-12-09","","03","폐업","02","폐업","2017-08-08","","","","033 3349595","86.24","","강원특별자치도 평창군 진부면 동산리 26","강원특별자치도 평창군 진부면 오대산3길 58","25318","월정사노인요양원","2017-08-08 11:34:20","I","2023-06-13 00:00:00","집단급식소","340866.154133449","469296.702196207","집단급식소","0","0","","","상수도전용","0","2","0","0","0","자가","0","0","N","43.68","","","",
"2251","집단급식소","07_21_02_P","4281000","4281000-105-2009-00001","2009-02-12","","03","폐업","02","폐업","2009-02-25","","","","","447.84","","강원특별자치도 평창군 대관령면 수하리 162-8 전 외 3필지","","","신세계푸드","2009-02-20 10:26:27","I","2023-06-13 00:00:00","집단급식소","","","집단급식소","0","0","","","상수도전용","0","28","0","0","0","","0","0","N","144","","","",
"2252","집단급식소","07_21_02_P","4281000","4281000-105-2009-00002","2009-03-13","","03","폐업","02","폐업","2009-12-31","","","","335 0921","388.80","","강원특별자치도 평창군 대관령면 용산리 411-5","","","동부건설 주식회사","2010-03-17 09:28:45","I","2023-06-13 00:00:00","집단급식소","","","집단급식소","0","0","","","지하수전용","0","0","0","0","0","","0","0","N","0","","","",
"2253","집단급식소","07_21_02_P","4281000","4281000-105-2009-00004","2009-08-03","","03","폐업","02","폐업","2011-04-14","","","","033 339 0615","97.50","","강원특별자치도 평창군 대관령면 수하리 240-80 외 2필지","","","강원도개발공사(대중골프장관리동)","2010-11-15 14:29:54","I","2023-06-13 00:00:00","집단급식소","","","집단급식소","0","0","","","상수도전용","0","7","0","0","0","","0","0","N","34.7","","","",
"2254","집단급식소","07_21_02_P","4281000","4281000-105-2009-00005","2009-08-06","","03","폐업","02","폐업","2010-11-15","","","","033 339 0615","131.00","","강원특별자치도 평창군 대관령면 용산리 406-23 외 6필지(회원제골프장 클럽하우스)","","","강원도개발공사(회원제골프장)","2010-11-15 14:33:35","I","2023-06-13 00:00:00","집단급식소","","","집단급식소","0","0","","","상수도전용","0","5","0","0","0","","0","0","N","29.8","","","",
"2255","집단급식소","07_21_02_P","4281000","4281000-105-2009-00006","2009-12-24","","03","폐업","02","폐업","2012-03-06","","","","","","","강원특별자치도 평창군 대화면 신리 826-11","","","대림산업(주)","2010-01-25 11:25:41","I","2023-06-13 00:00:00","집단급식소","","","집단급식소","0","0","","","간이상수도","0","0","0","0","0","","0","0","N","0","","","",
"2256","집단급식소","07_21_02_P","4281000","4281000-105-2010-00001","2010-03-22","","03","폐업","02","폐업","2014-03-31","","","","033 3351527","","","강원특별자치도 평창군 대관령면 용산리 233-1 외 7필지","","","동부건설 주식회사","2015-05-20 10:13:13","I","2023-06-13 00:00:00","집단급식소","","","집단급식소","0","0","","","지하수전용","0","0","0","0","0","","0","0","N","0","","","",
"2257","집단급식소","07_21_02_P","4281000","4281000-105-2010-00002","2010-03-31","","03","폐업","02","폐업","2011-07-04","","","","033 339 0555","","","강원특별자치도 평창군 대관령면 용산리 225-3","","","인터컨티넨탈알펜시아평창리조트직원식당","2010-11-15 14:27:49","I","2023-06-13 00:00:00","집단급식소","","","집단급식소","0","0","","","상수도전용","0","0","0","0","0","","0","0","N","0","","","",
"2258","집단급식소","07_21_02_P","4281000","4281000-105-2010-00003","2010-06-15","","03","폐업","02","폐업","2021-09-03","","","","033 3357234","46.23","","강원특별자치도 평창군 진부면 하진부리 147-1","강원특별자치도 평창군 진부면 진부새싹길 27","25325","진부하나어린이집","2021-09-03 09:53:09","I","2023-06-13 00:00:00","어린이집","337362.425190338","460641.021859973","어린이집","0","0","","","상수도전용","0","0","0","0","0","","0","0","N","23.1","","","",
"2259","집단급식소","07_21_02_P","4281000","4281000-105-2010-00005","2010-10-11","","03","폐업","02","폐업","2017-12-20","","","","033 3340097","43.01","","강원특별자치도 평창군 방림면 방림리 1263-6","강원특별자치도 평창군 방림면 서동로 1346-4","25365","공립방림어린이집","2017-12-20 17:43:32","I","2023-06-13 00:00:00","어린이집","323356.35885346","436836.769385104","어린이집","0","0","","","상수도전용","0","1","0","0","0","","0","0","N","13.86","","","",
"2260","집단급식소","07_21_02_P","4281000","4281000-105-2011-00001","2011-04-19","","03","폐업","02","폐업","2013-03-19","","","","02 549 9312","94.54","","강원특별자치도 평창군 평창읍 노론리 109-3","","","서천건설(주)","2013-03-18 15:23:44","I","2023-06-13 00:00:00","집단급식소","327723.939646225","428322.172351704","집단급식소","0","0","","","간이상수도","0","0","0","0","0","자가","0","0","N","31.28","","","",
"2261","집단급식소","07_21_02_P","4281000","4281000-105-2011-00003","2011-05-27","","03","폐업","02","폐업","2011-11-09","","","","","90.30","","강원특별자치도 평창군 대관령면 수하리 240-80 외2필지","","","18홀관리동직원식당","2011-06-14 16:33:04","I","2023-06-13 00:00:00","집단급식소","349186.136096622","463831.979948417","집단급식소","0","0","","","상수도전용","0","0","0","0","0","","0","0","N","39.2","","","",
"2262","집단급식소","07_21_02_P","4281000","4281000-105-2005-00001","2005-05-07","","03","폐업","02","폐업","2017-01-02","","","","033 3300114","501.20","","강원특별자치도 평창군 대관령면 횡계리 275-1","강원특별자치도 평창군 대관령면 송천2길 21","25343","(주)코웰스대관령센터","2016-04-19 13:00:13","I","2023-06-13 00:00:00","집단급식소","351070.745467028","464540.429540024","집단급식소","0","0","","","지하수전용","0","0","0","0","0","","0","0","N","531.28","","","",
"2263","집단급식소","07_21_02_P","4281000","4281000-105-2005-00004","2005-08-30","","03","폐업","02","폐업","2019-07-22","","","","","139.00","","강원특별자치도 평창군 진부면 송정리 1701-1","강원특별자치도 평창군 진부면 운송길 13","25328","연꽃어린이집","2019-07-22 10:13:59","I","2023-06-13 00:00:00","어린이집","338060.270362278","460644.37005704","어린이집","0","0","","","상수도전용","0","0","0","0","0","","0","0","N","146.2","","","",
"2264","집단급식소","07_21_02_P","4281000","4281000-105-2005-00007","2005-09-05","","03","폐업","02","폐업","2010-02-28","","","","033 3357234","15.00","","강원특별자치도 평창군 진부면 하진부리 206-13","","","진부어린이집","2010-02-03 15:04:16","I","2023-06-13 00:00:00","집단급식소","","","집단급식소","0","0","","","상수도전용","0","0","0","0","0","","0","0","N","18","","","",
"2265","집단급식소","07_21_02_P","4281000","4281000-105-2005-00009","2005-09-28","","03","폐업","02","폐업","2019-06-21","","","","033 3322308","120.40","","강원특별자치도 평창군 평창읍 중리 239","강원특별자치도 평창군 평창읍 노람들길 57","25375","연화유치원","2019-06-21 16:34:12","I","2023-06-13 00:00:00","어린이집","324006.787995789","430643.084767168","어린이집","0","0","","","상수도전용","0","0","0","0","0","","0","0","N","35.35","","","",
"2266","집단급식소","07_21_02_P","4281000","4281000-105-2006-00001","2006-09-29","","03","폐업","02","폐업","2014-06-24","","","","","158.35","","강원특별자치도 평창군 대관령면 용산리 139-1","강원특별자치도 평창군 대관령면 올림픽로 715","25352","용평리조트4","2014-01-10 10:13:52","I","2023-06-13 00:00:00","집단급식소","348422.385930373","462039.482369535","집단급식소","0","0","","","상수도전용","0","0","0","0","0","자가","0","0","N","41.97","","","",
"2267","집단급식소","07_21_02_P","4281000","4281000-105-2006-00002","2006-11-30","","03","폐업","02","폐업","2014-06-24","","","","3355757","87.44","","강원특별자치도 평창군 대관령면 용산리 90-3","강원특별자치도 평창군 대관령면 올림픽로 715","25352","용평리조트5","2014-01-10 10:14:02","I","2023-06-13 00:00:00","집단급식소","347903.052036558","461353.554009573","집단급식소","0","0","","","상수도전용","0","0","0","0","0","자가","0","0","N","23.48","","","",
"2268","집단급식소","07_21_02_P","4281000","4281000-105-2007-00003","2007-02-23","","03","폐업","02","폐업","2020-06-16","","","","033 3360327","18.00","","강원특별자치도 평창군 진부면 송정리 2538","강원특별자치도 평창군 진부면 송정택지1길 37","25331","교대어린이집","2020-06-16 15:23:20","I","2023-06-13 00:00:00","어린이집","337928.134130871","460510.028290219","어린이집","0","0","","","상수도전용","0","0","0","0","0","자가","0","0","N","18","","","",
"2269","집단급식소","07_21_02_P","4281000","4281000-105-2007-00004","2007-03-09","","03","폐업","02","폐업","2008-09-24","","","","","","","강원특별자치도 평창군 대관령면 용산리 439-5 외6필지","","","동부건설알펜시아점","2009-03-13 09:12:27","I","2023-06-13 00:00:00","집단급식소","","","집단급식소","0","0","","","지하수전용","0","0","0","0","0","자가","0","0","N","0","","","",
"2270","집단급식소","07_21_02_P","4281000","4281000-105-2007-00005","2007-06-04","","03","폐업","02","폐업","2009-07-16","","","","3352274","","","강원특별자치도 평창군 대관령면 용산리 226-3","","","GS건설알펜시아점","2009-06-16 11:23:03","I","2023-06-13 00:00:00","집단급식소","347357.343997996","463201.558067254","집단급식소","0","0","","","지하수전용","0","0","0","0","0","자가","0","0","N","0","","","",
"2271","집단급식소","07_21_02_P","4281000","4281000-105-2007-00006","2007-06-19","","03","폐업","02","폐업","2007-12-15","","","","","","","강원특별자치도 평창군 진부면 마평리 38-3","","","중흥종합건설(주)","2008-12-12 20:27:16","I","2023-06-13 00:00:00","집단급식소","337807.848403922","453835.26305846","집단급식소","0","0","","","지하수전용","0","0","0","0","0","자가","0","0","N","0","","","",
"2272","집단급식소","07_21_02_P","4281000","4281000-105-2007-00007","2007-06-22","","03","폐업","02","폐업","2008-02-22","","","","","","","강원특별자치도 평창군 진부면 신기리 46-1 외2필지","","","주식회사 흥원건설","2008-12-12 20:26:39","I","2023-06-13 00:00:00","집단급식소","340154.660985906","456529.262687233","집단급식소","0","0","","","간이상수도","0","0","0","0","0","자가","0","0","N","0","","","",
"2273","집단급식소","07_21_02_P","4281000","4281000-105-2007-00008","2007-06-22","","03","폐업","02","폐업","2009-02-04","","","","3327218","","","강원특별자치도 평창군 진부면 마평리 220","","","(주)수일건설","2009-02-16 09:09:15","I","2023-06-13 00:00:00","집단급식소","337011.125353174","454455.456279104","집단급식소","0","0","","","간이상수도","0","0","0","0","0","","0","0","N","0","","","",
"2274","집단급식소","07_21_02_P","4281000","4281000-105-2007-00009","2007-06-22","","03","폐업","02","폐업","2012-04-30","","","","","161.28","","강원특별자치도 평창군 진부면 하진부리 509","","","효석","2012-11-28 17:18:50","I","2023-06-13 00:00:00","집단급식소","337114.895538037","456702.143298277","집단급식소","0","0","","","상수도전용","0","0","0","0","0","","0","0","N","50.4","","","",
"2275","집단급식소","07_21_02_P","4281000","4281000-105-2007-00010","2007-06-27","","03","폐업","02","폐업","2008-03-13","","","","","","","강원특별자치도 평창군 대화면 개수리 879-7","","","백강건설(주)","2009-08-12 18:11:17","I","2023-06-13 00:00:00","집단급식소","322973.533198929","443529.268330046","집단급식소","0","0","","","간이상수도","0","0","0","0","0","자가","0","0","N","0","","","",
"2276","집단급식소","07_21_02_P","4281000","4281000-105-2007-00012","2007-07-10","","03","폐업","02","폐업","2008-01-02","","","","3346304","","","강원특별자치도 평창군 진부면 신기리 23-1 외1필지","","","주식회사 미산","2008-04-16 15:54:58","I","2023-06-13 00:00:00","집단급식소","340525.288181216","456644.099468631","집단급식소","0","0","","","간이상수도","0","0","0","0","0","자가","0","0","N","0","","","",
"2277","집단급식소","07_21_02_P","4281000","4281000-105-2013-00001","2013-08-06","","03","폐업","02","폐업","2016-09-30","","","","033 3347161","144.00","","강원특별자치도 평창군 봉평면 면온리 356-4","","","흥우산업","2016-11-11 16:16:38","I","2023-06-13 00:00:00","집단급식소","320747.169373552","451923.572999093","집단급식소","0","0","","","지하수전용","0","0","0","0","0","","0","0","N","144","","","",
"2278","집단급식소","07_21_02_P","4281000","4281000-105-2014-00002","2014-08-26","","03","폐업","02","폐업","2017-05-18","","","","033  3363200","85.86","","강원특별자치도 평창군 방림면 방림리 611-1","강원특별자치도 평창군 방림면 평창대로 84-10, 제1동 2층","25365","대관령원예농업협동조합 채소사업소","2017-05-18 09:22:08","I","2023-06-13 00:00:00","집단급식소","325818.190651542","438240.309554358","집단급식소","0","0","","","상수도전용","0","0","0","0","0","","0","0","N","25.42","","","",
"2279","집단급식소","07_21_02_P","4281000","4281000-105-2014-00003","2014-08-27","","03","폐업","02","폐업","2016-08-22","","","","033 336 9084","136.80","","강원특별자치도 평창군 진부면 거문리 213-1","","","동흥개발(주) 구내식당","2014-08-27 11:26:48","I","2023-06-13 00:00:00","집단급식소","335459.785068247","457328.45883348","집단급식소","0","0","","","지하수전용","0","0","0","0","0","","0","0","N","50.4","","","",
"2280","집단급식소","07_21_02_P","4281000","4281000-105-2016-00001","2016-06-14","","03","폐업","02","폐업","2018-02-28","","","","","0.00","","강원특별자치도 평창군 대관령면 유천리 27","강원특별자치도 평창군 대관령면 솔재길 170-65","25349","미락","2018-03-16 09:26:57","I","2023-06-13 00:00:00","산업체","346059.320271405","464537.492969903","산업체","0","0","","","지하수전용","0","0","0","0","0","","0","0","N","0","","","",
"2281","집단급식소","07_21_02_P","4281000","4281000-105-2016-00002","2016-06-15","","03","폐업","02","폐업","2018-06-30","","","","02  20761783","340.00","","강원특별자치도 평창군 대관령면 횡계리 364-1","강원특별자치도 평창군 대관령면 올림픽로 108-27","25347","2018평창동계올림픽대회 및 동계패럴림픽대회 조직위원회","2018-07-02 15:20:55","I","2023-06-13 00:00:00","공공기관","350192.502933508","464491.694787984","공공기관","0","0","","","상수도전용","0","0","0","0","0","","0","0","N","340","","","",
"2282","집단급식소","07_21_02_P","4281000","4281000-105-2016-00004","2016-07-27","","03","폐업","02","폐업","2017-11-20","","","","033 334 3225","0.00","","강원특별자치도 평창군 진부면 호명리 803","","","주식회사 삼양사","2017-11-20 09:26:00","I","2023-06-13 00:00:00","산업체","340397.288665413","462403.441702027","산업체","0","0","","","간이상수도","0","0","0","0","0","","0","0","N","0","","","",
"2283","집단급식소","07_21_02_P","4281000","4281000-105-2016-00005","2016-08-31","","03","폐업","02","폐업","2020-06-12","","","","033 335 2156","0.00","","강원특별자치도 평창군 대관령면 횡계리 205-1","강원특별자치도 평창군 대관령면 대관령로 202-6","25343","예초롱어린이집","2020-06-12 13:47:47","I","2023-06-13 00:00:00","어린이집","351484.246234828","464714.968908459","어린이집","0","0","","","상수도전용","0","0","0","0","0","","0","0","N","0","","","",
"2284","집단급식소","07_21_02_P","4281000","4281000-105-2017-00001","2017-01-02","","03","폐업","02","폐업","2018-10-10","","","","","501.20","","강원특별자치도 평창군 대관령면 횡계리 275-1","강원특별자치도 평창군 대관령면 송천2길 21","25343","(재)케이티그룹희망나눔재단 대관령","2018-10-10 14:47:27","I","2023-06-13 00:00:00","산업체","351070.745467028","464540.429540024","산업체","0","0","","","상수도전용","0","0","0","0","0","","0","0","N","145.2","","","",
"2285","집단급식소","07_21_02_P","4281000","4281000-105-2017-00002","2017-01-26","","03","폐업","02","폐업","2017-03-31","","","","033 350 2122","400.00","","강원특별자치도 평창군 대관령면 수하리 240-144 외 32필지","","","2018동계올림픽조직위원회 알펜시아스포츠파크 운영인력식당","2017-04-21 15:29:56","I","2023-06-13 00:00:00","공공기관","348476.464088812","463749.372855228","공공기관","0","0","","","상수도전용","0","0","0","0","0","","0","0","N","100","","","",
"2286","집단급식소","07_21_02_P","4281000","4281000-105-2017-00003","2017-02-08","","03","폐업","02","폐업","2017-05-31","","","","033 350 2122","0.00","","강원특별자치도 평창군 대관령면 용산리 산 206-6 외4필지","","","2018동계올림픽조직위원회 알펜시아슬라이딩센터 운영인력식당","2017-06-05 14:34:17","I","2023-06-13 00:00:00","공공기관","","","공공기관","0","0","","","상수도전용","0","0","0","0","0","","0","0","N","0","","","",
"2287","집단급식소","07_21_02_P","4281000","4281000-105-2012-00003","2012-09-19","","03","폐업","02","폐업","2014-07-04","","","","033 3322308","16.93","","강원특별자치도 평창군 평창읍 중리 242-3","강원특별자치도 평창군 평창읍 노람들길 57","25375","연화어린이집","2014-06-30 16:45:18","I","2023-06-13 00:00:00","집단급식소","324040.192087547","430608.04998293","집단급식소","0","0","","","상수도전용","0","0","0","0","0","","0","0","N","5.17","","","",
"2288","집단급식소","07_21_02_P","4281000","4281000-105-2017-00004","2017-02-17","","03","폐업","02","폐업","2020-04-23","","","","033 332 7501","434.28","","강원특별자치도 평창군 방림면 운교리 1477-2 외 1필지, 지하1층 A동","강원특별자치도 평창군 방림면 칡사리길 254-14, A동 지하1층","25366","(주)리드패밀리 평창힐링청소년수련원","2020-04-23 17:34:30","I","2023-06-13 00:00:00","수련원","312293.388976301","436976.083523178","수련원","0","0","","","전용상수도(특정시설의 자가용 수도)","0","0","0","0","0","자가","0","0","N","103.5","","","",
"2289","집단급식소","07_21_02_P","4281000","4281000-105-2017-00005","2017-02-23","","03","폐업","02","폐업","2017-03-31","","","","033 3502127","350.00","","강원특별자치도 평창군 대관령면 수하리 240-72","","","2018동계올림픽조직위원회 알펜시아스포츠파크 운영인력식당1","2017-04-21 15:30:16","I","2023-06-13 00:00:00","공공기관","349136.948102703","463566.017506467","공공기관","0","0","","","상수도전용","0","0","0","0","0","","0","0","N","100","","","",
"2290","집단급식소","07_21_02_P","4281000","4281000-105-2015-00001","2015-06-12","","03","폐업","02","폐업","2017-12-03","","","","033  3323176","241.92","","강원특별자치도 평창군 용평면 용전리 424 외 2필지","","","대보건설 구내식당","2017-12-11 13:19:48","I","2023-06-13 00:00:00","산업체","327075.545870603","456886.432902813","산업체","0","0","","","상수도전용","0","0","0","0","0","자가","0","0","N","241.92","","","",
"2291","집단급식소","07_21_02_P","4281000","4281000-105-2020-00002","2020-05-14","","03","폐업","02","폐업","2021-12-02","","","","033 330 6000","941.50","","강원특별자치도 평창군 봉평면 면온리 1095-1 (주)휘닉스평창","강원특별자치도 평창군 봉평면 태기로 174 (주)휘닉스평창 스키하우스 1,2층","25307","스피넬급식소","2021-12-02 09:08:13","I","2023-06-13 00:00:00","산업체","317177.713905004","454046.509523181","산업체","0","0","","","상수도전용","0","0","0","0","0","","0","0","N","372.8","","","",
"2292","집단급식소","07_21_02_P","4281000","4281000-105-2017-00007","2017-10-23","","03","폐업","02","폐업","2018-03-31","","","","","","","강원특별자치도 평창군 대관령면 용산리 157-8 외 1필지","","","2018동계올림픽조직위원회 알펜시아 슬라이딩센터 운영인력식당","2018-04-02 09:12:36","I","2023-06-13 00:00:00","기타 집단급식소","","","기타 집단급식소","0","0","","","상수도전용","0","0","0","0","0","","0","0","N","0","","","",
"2293","집단급식소","07_21_02_P","4281000","4281000-105-2017-00009","2017-12-26","","03","폐업","02","폐업","2018-03-31","","","","033 3502127","1000.00","","강원특별자치도 평창군 대관령면 용산리 1-46","","","2018동계올림픽조직위원회 횡계버스(승용)차고지 운영인력식당","2018-04-02 09:09:25","I","2023-06-13 00:00:00","기타 집단급식소","347208.707332549","465209.048885781","기타 집단급식소","0","0","","","상수도전용","0","0","0","0","0","","0","0","N","300","","","",
"2294","집단급식소","07_21_02_P","4281000","4281000-105-2017-00010","2017-12-26","","03","폐업","02","폐업","2018-03-31","","","","033 3502127","800.00","","강원특별자치도 평창군 대관령면 용산리 1-1","","","2018동계올림픽조직위원회 횡계버스(승용)차고지 운영인력식당","2018-04-02 09:09:34","I","2023-06-13 00:00:00","기타 집단급식소","347543.746340016","465213.924609685","기타 집단급식소","0","0","","","상수도전용","0","0","0","0","0","","0","0","N","200","","","",
"2295","집단급식소","07_21_02_P","4281000","4281000-105-2018-00001","2018-01-03","","03","폐업","02","폐업","2018-03-31","","","","033 3502122","1057.53","","강원특별자치도 평창군 대관령면 용산리 425-1 오션700","강원특별자치도 평창군 대관령면 솔봉로 325, 오션700 1층","25351","2018동계올림픽조직위원회 알펜시아 핵심지구 운영인력식당","2018-04-02 09:10:03","I","2023-06-13 00:00:00","기타 집단급식소","345289.031317666","462869.624001083","기타 집단급식소","0","0","","","전용상수도(특정시설의 자가용 수도)","0","0","0","0","0","","0","0","N","0","","","",
"2296","집단급식소","07_21_02_P","4281000","4281000-105-2018-00003","2018-01-12","","03","폐업","02","폐업","2018-03-31","","","","033 3504297","0.00","","강원특별자치도 평창군 대관령면 수하리 142-98","","","2018동계올림픽조직위원회 평창선수촌 운영인력식당","2018-04-02 09:09:08","I","2023-06-13 00:00:00","기타 집단급식소","349695.175703816","463128.814651778","기타 집단급식소","0","0","","","전용상수도(특정시설의 자가용 수도)","0","0","0","0","0","","0","0","N","0","","","",
"2297","집단급식소","07_21_02_P","4281000","4281000-105-2018-00004","2018-01-12","","03","폐업","02","폐업","2018-03-31","","","","033 3505964","2850.00","","강원특별자치도 평창군 대관령면 횡계리 344-116","","","2018동계올림픽조직위원회 평창올림픽스타디움 운영인력식당","2018-04-02 09:09:16","I","2023-06-13 00:00:00","기타 집단급식소","","","기타 집단급식소","0","0","","","상수도전용","0","0","0","0","0","","0","0","N","2850","","","",
"2298","집단급식소","07_21_02_P","4281000","4281000-105-2018-00005","2018-01-16","","03","폐업","02","폐업","2018-03-31","","","","","900.00","","강원특별자치도 평창군 대관령면 수하리 240-115","","","2018동계올림픽조직위원회 알펜시아 크로스컨트리 운영인력식당","2018-04-02 09:08:59","I","2023-06-13 00:00:00","기타 집단급식소","348636.124453459","463723.492890419","기타 집단급식소","0","0","","","상수도전용","0","0","0","0","0","","0","0","N","900","","","",
"2299","집단급식소","07_21_02_P","4281000","4281000-105-2018-00006","2018-01-16","","03","폐업","02","폐업","2018-03-31","","","","","500.00","","강원특별자치도 평창군 대관령면 수하리 240-72","","","2018동계올림픽조직위원회 알펜시아 바이애슬론센터운영인력식당","2018-04-02 09:09:44","I","2023-06-13 00:00:00","기타 집단급식소","349136.948102703","463566.017506467","기타 집단급식소","0","0","","","상수도전용","0","0","0","0","0","","0","0","N","500","","","",
"2300","집단급식소","07_21_02_P","4281000","4281000-105-2018-00007","2018-01-16","","03","폐업","02","폐업","2018-03-31","","","","033 3502127","600.00","","강원특별자치도 평창군 대관령면 용산리 90-6","","","2018동계올림픽조직위원회 용평 알파인센터 조직위원회","2018-04-02 09:09:53","I","2023-06-13 00:00:00","기타 집단급식소","","","기타 집단급식소","0","0","","","상수도전용","0","0","0","0","0","","0","0","N","600","","","",
"2301","집단급식소","07_21_02_P","4281000","4281000-105-2018-00008","2018-01-29","","03","폐업","02","폐업","2018-02-28","","","","033 3502081","1100.00","","강원특별자치도 평창군 봉평면 무이리 696","","","2018동계올림픽 휘닉스스노파크 경기장 운영인력식당","2018-03-16 09:28:10","I","2023-06-13 00:00:00","기타 집단급식소","316452.232955657","454489.174003971","기타 집단급식소","0","0","","","상수도전용","0","0","0","0","0","자가","0","0","N","300","","","",
"2302","집단급식소","07_21_02_P","4281000","4281000-105-2018-00010","2018-05-31","","03","폐업","02","폐업","2019-08-05","","","","02  69669285","0.00","","강원특별자치도 평창군 봉평면 면온리 1098 휘닉스 평창 스키하우스","강원특별자치도 평창군 봉평면 태기로 174, 휘닉스평창 스키하우스","25307","(주)아워홈 휘닉스평창점","2019-08-05 16:52:11","I","2023-06-13 00:00:00","기타 집단급식소","317059.630017773","454194.674829187","기타 집단급식소","0","0","","","상수도전용","0","0","0","0","0","","0","0","N","0","","","",
"2303","집단급식소","07_21_02_P","4281000","4281000-105-2018-00012","2018-10-10","","03","폐업","02","폐업","2021-09-27","","","","033 336 0172","0.00","","강원특별자치도 평창군 대관령면 횡계리 275-1 KT대관령수련관","강원특별자치도 평창군 대관령면 송천2길 21, KT대관령수련관","25343","(주)케이에이치에스 대관령","2021-09-27 15:11:56","I","2023-06-13 00:00:00","산업체","351070.745467028","464540.429540024","산업체","0","0","","","상수도전용","0","0","0","0","0","","0","0","N","0","","","",
"2304","집단급식소","07_21_02_P","4281000","4281000-105-2018-00013","2018-11-01","","03","폐업","02","폐업","2020-01-08","","","","033 333 1000","249.30","","강원특별자치도 평창군 대관령면 횡계리 245-66","강원특별자치도 평창군 대관령면 오목길 107, B2층","25342","라마다호텔&스위트직원식당","2020-01-08 17:42:14","I","2023-06-13 00:00:00","산업체","351538.034311284","463340.257858173","산업체","0","0","","","상수도전용","0","0","0","0","0","","0","0","N","81.3","","","",
"2305","집단급식소","07_21_02_P","4281000","4281000-105-2019-00003","2019-08-05","","03","폐업","02","폐업","2019-11-15","","","","033 330 6534","941.50","","강원특별자치도 평창군 봉평면 면온리 1095-1 (주)휘닉스평창","강원특별자치도 평창군 봉평면 태기로 174 (주)휘닉스평창,스키하우스 1층·2층","25307","스피넬급식소","2019-11-15 11:48:52","I","2023-06-13 00:00:00","산업체","317177.713905004","454046.509523181","산업체","0","0","","","상수도전용","0","0","0","0","0","","0","0","N","372.8","","","",
"2306","집단급식소","07_21_02_P","4291000","4291000-105-1990-00003","1990-06-09","","03","폐업","02","폐업","2012-12-12","","","","033 5902502","","","강원특별자치도 정선군 사북읍 사북리 305-16","강원특별자치도 정선군 사북읍 지장천로 727","26150","사북연세병원","2006-07-24 00:00:00","I","2023-06-13 00:00:00","집단급식소","362023.877879962","415331.483541067","집단급식소","0","0","","","상수도전용","0","0","0","0","0","","0","0","N","0","","","",
"2307","집단급식소","07_21_02_P","4291000","4291000-105-1996-00002","1996-03-18","","03","폐업","02","폐업","2013-01-02","","","","033 5919940","","","강원특별자치도 정선군 사북읍 사북리 270","","","사음초등학교","2001-08-17 00:00:00","I","2023-06-13 00:00:00","집단급식소","362751.551514868","415647.007883207","집단급식소","0","0","","","상수도전용","0","0","0","0","0","","0","0","N","0","","","",
"2308","집단급식소","07_21_02_P","4291000","4291000-105-1997-00001","1997-07-19","","03","폐업","02","폐업","2004-08-23","","","","033 5919250","","","강원특별자치도 정선군 사북읍 사북리 379-12","","","동원어린이집","2001-08-18 00:00:00","I","2023-06-13 00:00:00","집단급식소","","","집단급식소","0","0","","","","0","0","0","0","0","","0","0","N","0","","","",
"2309","집단급식소","07_21_02_P","4291000","4291000-105-1998-00001","1998-09-25","","03","폐업","02","폐업","2009-02-28","","","","033 5601091","","","강원특별자치도 정선군 북평면 북평리 332-1","","","한국폴리텍3대학 정선캠퍼스","2006-04-11 00:00:00","I","2023-06-13 00:00:00","집단급식소","347587.560612916","441334.449944988","집단급식소","0","0","","","상수도전용","0","0","0","0","0","","0","0","N","0","","","",
"2310","집단급식소","07_21_02_P","4291000","4291000-105-1999-00001","1999-07-19","","03","폐업","02","폐업","2018-04-05","","","","033 5630456","","","강원특별자치도 정선군 정선읍 봉양리 147-10","강원특별자치도 정선군 정선읍 봉양4길 6","26131","정선어린이집","2018-04-05 14:14:58","I","2023-06-13 00:00:00","어린이집","347220.37611149","431934.141541544","어린이집","0","0","","","상수도전용","0","0","0","0","0","","0","0","N","0","","","",
"2311","집단급식소","07_21_02_P","4291000","4291000-105-1999-00005","1999-08-25","","03","폐업","02","폐업","2008-04-03","","","","033 5924481","","","강원특별자치도 정선군 고한읍 고한리 74-1","","","고한종합고등학교","2001-08-17 00:00:00","I","2023-06-13 00:00:00","집단급식소","364492.906540547","412884.298849407","집단급식소","0","0","","","상수도전용","0","0","0","0","0","","0","0","N","0","","","",
"2312","집단급식소","07_21_02_P","4291000","4291000-105-1999-00009","1999-11-11","","03","폐업","02","폐업","2014-02-21","","","","033 3780023","","","강원특별자치도 정선군 신동읍 조동리 185","강원특별자치도 정선군 신동읍 함백로 376","26141","함백여자고등학교","2008-03-20 17:15:09","I","2023-06-13 00:00:00","집단급식소","348557.299015049","413941.981390632","집단급식소","0","0","","","상수도전용","0","0","0","0","0","","0","0","N","0","","","",
"2313","집단급식소","07_21_02_P","4291000","4291000-105-1999-00010","1999-07-19","","03","폐업","02","폐업","2024-02-28","","","","033 5915200","","","강원특별자치도 정선군 남면 무릉리 748-10","강원특별자치도 정선군 남면 자뭇골길 188-3","26146","증산어린이집","2024-02-28 10:52:25","U","2024-03-02 02:40:00","어린이집","356302.802293692","417556.704972215","어린이집","0","0","","","상수도전용","0","0","0","0","0","","0","0","N","0","","","",
"2314","집단급식소","07_21_02_P","4291000","4291000-105-1999-00011","1999-07-19","","03","폐업","02","폐업","2015-06-29","","","","033 5620733","","","강원특별자치도 정선군 북평면 북평리 750-32","강원특별자치도 정선군 북평면 북평2길 32","26101","북평어린이집","2001-08-18 00:00:00","I","2023-06-13 00:00:00","집단급식소","347237.889639181","439480.172662412","집단급식소","0","0","","","상수도전용","0","0","0","0","0","","0","0","N","0","","","",
"2315","집단급식소","07_21_02_P","4291000","4291000-105-2000-00002","2000-04-20","","03","폐업","02","폐업","2017-03-07","","","","033 5915450","15.12","","강원특별자치도 정선군 고한읍 고한리 산 261-46","강원특별자치도 정선군 고한읍 고한9길 141","26155","새빛어린이집","2016-10-19 13:23:44","I","2023-06-13 00:00:00","집단급식소","364606.466365741","412886.197073192","집단급식소","0","0","","","상수도전용","0","0","0","0","0","","0","0","N","15.12","","","",
"2316","집단급식소","07_21_02_P","4291000","4291000-105-2000-00003","2000-10-10","","03","폐업","02","폐업","2008-04-10","","","","033 5918048","","","강원특별자치도 정선군 화암면 백전리 357","","","백전초등학교","2008-03-20 17:16:10","I","2023-06-13 00:00:00","집단급식소","366087.462024438","420802.772367637","집단급식소","0","0","","","간이상수도","0","0","0","0","0","","0","0","N","0","","","",
"2317","집단급식소","07_21_02_P","4291000","4291000-105-2002-00001","2002-03-12","","03","폐업","02","폐업","2012-12-13","","","","033 5916700","0.00","","강원특별자치도 정선군 고한읍 고한리 120-50","강원특별자치도 정선군 고한읍 고한로 39","26155","고한성심병원","2011-10-10 11:11:46","I","2023-06-13 00:00:00","집단급식소","363611.594581759","413362.785771185","집단급식소","0","0","","","상수도전용","0","0","0","0","0","","0","0","N","0","","","",
"2318","집단급식소","07_21_02_P","4291000","4291000-105-2016-00003","2016-06-07","","03","폐업","02","폐업","2020-02-25","","","","033 592 3121","190.00","","","강원특별자치도 정선군 사북읍 지장천로 727","26150","정선군립병원집단급식소","2020-02-25 11:36:08","I","2023-06-13 00:00:00","병원","362023.877879962","415331.483541067","병원","0","0","","","상수도전용","0","0","0","0","0","","0","0","N","99","","","",
"2319","집단급식소","07_21_02_P","4291000","4291000-105-2016-00004","2016-09-06","","03","폐업","02","폐업","2018-11-06","","","","033 562 1680","16.00","","강원특별자치도 정선군 임계면 송계리 733-18","강원특별자치도 정선군 임계면 백두대간로 1396-5","26110","임계어린이집","2018-11-06 13:57:13","I","2023-06-13 00:00:00","어린이집","363602.90499452","445568.52242917","어린이집","0","0","","","상수도전용","0","0","0","0","0","","0","0","N","16","","","",
"2320","집단급식소","07_21_02_P","4291000","4291000-105-2018-00001","2018-01-29","","03","폐업","02","폐업","2018-05-31","","","","033 350 2126","700.00","","강원특별자치도 정선군 북평면 숙암리 482-3","","","2018동계올림픽조직위원회 정선 알파인경기장 운영인력식당","2018-06-05 10:19:30","I","2023-06-13 00:00:00","기타 집단급식소","342387.952018543","442571.523706936","기타 집단급식소","0","0","","","","0","0","0","0","0","","0","0","N","200","","","",
"2321","집단급식소","07_21_02_P","4291000","4291000-105-2018-00004","2018-10-31","","03","폐업","02","폐업","2024-12-05","","","","02  21746133","0.00","","강원특별자치도 정선군 사북읍 사북리 354-32 라마다앙코르정선호텔","강원특별자치도 정선군 사북읍 지장천로 583, 라마다앙코르정선호텔","26152","라마다정선호텔 직원식당","2024-12-05 11:47:57","U","2024-12-07 02:40:00","기타 집단급식소","360781.490352356","415405.208573956","기타 집단급식소","0","0","","","상수도전용","0","0","0","0","0","","0","0","N","0","","","",
"2322","집단급식소","07_21_02_P","4291000","4291000-105-2020-00004","2020-11-12","","03","폐업","02","폐업","2021-01-18","","","","","343.65","","강원특별자치도 정선군 사북읍 사북리 469 하이캐슬콘도","강원특별자치도 정선군 사북읍 하이원길 202, 지하1층","26154","비에스(B.S) 푸드시스템","2021-01-18 13:46:39","I","2023-06-13 00:00:00","산업체","361009.463361826","413098.581569649","산업체","0","0","","","상수도전용","0","0","0","0","0","","0","0","N","70.47","","","",
"2323","집단급식소","07_21_02_P","4291000","4291000-105-2005-00001","2005-07-12","","03","폐업","02","폐업","2020-08-07","","","","033 5628866","","","강원특별자치도 정선군 정선읍 북실리 736","강원특별자치도 정선군 정선읍 정선로 1245-15","26132","해뜨는 어린이집","2020-08-07 14:56:43","I","2023-06-13 00:00:00","어린이집","346274.846607659","432185.578294207","어린이집","0","0","","","상수도전용","0","0","0","0","0","","0","0","N","0","","","",
"2324","집단급식소","07_21_02_P","4291000","4291000-105-2005-00002","2005-07-19","","03","폐업","02","폐업","2013-08-05","","","","033 3785540","83.70","","강원특별자치도 정선군 신동읍 천포리 20","강원특별자치도 정선군 신동읍 천포안길 63","26142","큰빛나라어린이집","2009-05-25 16:01:57","I","2023-06-13 00:00:00","집단급식소","345679.230673203","412104.715798126","집단급식소","0","0","","","상수도전용","0","0","0","0","0","","0","0","N","21.6","","","",
"2325","집단급식소","07_21_02_P","4291000","4291000-105-2005-00003","2005-07-26","","03","폐업","02","폐업","2008-04-21","","","","033 5621680","","","강원특별자치도 정선군 임계면 송계리 733-18","","","임계어린이집","2005-07-26 00:00:00","I","2023-06-13 00:00:00","집단급식소","","","집단급식소","0","0","","","상수도전용","0","0","0","0","0","","0","0","N","0","","","",
"2326","집단급식소","07_21_02_P","4291000","4291000-105-2008-00001","2008-12-26","","03","폐업","02","폐업","2009-02-05","","","","033 590 1671","76.00","","강원특별자치도 정선군 고한읍 고한리 142","","","선데일리조트직원식당","2009-01-14 14:10:30","I","2023-06-13 00:00:00","집단급식소","362830.993425228","413767.741591068","집단급식소","0","0","","","상수도전용","0","0","0","0","0","","0","0","N","0","","","",
"2327","집단급식소","07_21_02_P","4291000","4291000-105-2009-00001","2009-03-11","","03","폐업","02","폐업","2024-04-09","","","","033 562 3007","75.00","","강원특별자치도 정선군 북평면 남평리 396","강원특별자치도 정선군 북평면 송석길 135-1","26103","남평초등학교","2024-04-09 17:21:54","U","2024-04-11 02:40:00","학교","347155.382366509","437876.224634555","학교","0","0","","","상수도전용","0","0","0","0","0","","0","0","N","20","","","",
"2328","집단급식소","07_21_02_P","4291000","4291000-105-2010-00002","2010-12-13","","03","폐업","02","폐업","2016-07-26","","","","033 560 7730","286.20","","강원특별자치도 정선군 사북읍 사북리 469 지하3층","강원특별자치도 정선군 사북읍 하이원길 202 (지하3층)","26154","B.S 푸드씨스템","2015-12-17 15:58:56","I","2023-06-13 00:00:00","집단급식소","361009.463361826","413098.581569649","집단급식소","0","0","","","상수도전용","0","0","0","0","0","","0","0","N","64.35","","","",
"2329","집단급식소","07_21_02_P","4291000","4291000-105-2012-00003","2012-12-12","","03","폐업","02","폐업","2016-04-15","","","","033 592 3121","155.45","","강원특별자치도 정선군 사북읍 사북리 305-16","강원특별자치도 정선군 사북읍 지장천로 727, 지1층","26150","의료법인 경천의료재단 한국병원","2012-12-13 08:43:48","I","2023-06-13 00:00:00","집단급식소","362023.877879962","415331.483541067","집단급식소","0","0","","","상수도전용","0","0","0","0","0","","0","0","N","85.79","","","",
"2330","집단급식소","07_21_02_P","4291000","4291000-105-2013-00001","2013-03-19","","03","폐업","02","폐업","2014-03-10","","","","033 562 1680","16.00","","강원특별자치도 정선군 임계면 송계리 733-18","강원특별자치도 정선군 임계면 백두대간로 1396-5","26110","임계어린이집","2013-03-19 08:56:44","I","2023-06-13 00:00:00","집단급식소","363602.90499452","445568.52242917","집단급식소","0","0","","","상수도전용","0","0","0","0","0","","0","0","N","16","","","",
"2331","집단급식소","07_21_02_P","4291000","4291000-105-2013-00002","2013-12-03","","03","폐업","02","폐업","2024-11-14","","","","033 563 3843","96.00","","강원특별자치도 정선군 임계면 반천리 23-8","강원특별자치도 정선군 임계면 월루길 446, 1층","26109","벧엘동산","2024-11-14 13:55:39","U","2024-11-16 02:40:00","사회복지시설","358905.604440852","444557.17140624","사회복지시설","0","0","","","지하수전용","0","0","0","0","0","","0","0","N","16","","","",
"2332","집단급식소","07_21_02_P","4291000","4291000-105-2016-00002","2016-04-15","","03","폐업","02","폐업","2016-06-07","","","","","0.00","","강원특별자치도 정선군 사북읍 사북리 291-6","강원특별자치도 정선군 사북읍 지장천로 727","26150","정선군립병원집단급식소","2016-04-15 10:51:20","I","2023-06-13 00:00:00","병원","362174.793940641","415337.489628784","병원","0","0","","","상수도전용","0","0","0","0","0","","0","0","N","0","","","",
"2333","집단급식소","07_21_02_P","4301000","4301000-105-1999-00006","1999-05-24","","03","폐업","02","폐업","2022-03-25","","","","033 4556345","171.35","","강원특별자치도 철원군 철원읍 195-16","강원특별자치도 철원군 철원읍 묘장로 344","24000","묘장초등학교","2022-03-25 15:21:41","I","2023-06-13 00:00:00","학교","214381.41434798","528992.270762425","학교","0","0","","","상수도전용","0","0","0","0","0","","0","0","N","137.95","","","",
"2334","집단급식소","07_21_02_P","4301000","4301000-105-1999-00011","1999-07-20","","03","폐업","02","폐업","2011-06-16","","","","033 4523141","7.67","","강원특별자치도 철원군 갈말읍 신철원리 715 71-5, 12","","","아람어린이집","2011-05-11 13:35:06","I","2023-06-13 00:00:00","집단급식소","227166.008423316","515792.777391466","집단급식소","0","0","","","상수도전용","0","0","0","0","0","","0","0","N","7.67","","","",
"2335","집단급식소","07_21_02_P","4301000","4301000-105-1999-00012","1999-07-20","","03","폐업","02","폐업","2024-05-28","","","","033 4520922","14.92","","강원특별자치도 철원군 갈말읍 신철원리 949","강원특별자치도 철원군 갈말읍 명성로92번길 33-7","24047","단비어린이집","2024-05-28 13:27:25","U","2024-05-30 02:40:00","어린이집","226966.936448878","515360.223136705","어린이집","0","0","","","상수도전용","0","0","0","0","0","","0","0","N","14.92","","","",
"2336","집단급식소","07_21_02_P","4301000","4301000-105-1996-00002","1996-11-13","","03","폐업","02","폐업","2010-03-19","","","","033 4554469","","","강원특별자치도 철원군 철원읍 화지리 00 8리","","","철원고등학교(생)","2003-04-17 00:00:00","I","2023-06-13 00:00:00","집단급식소","","","집단급식소","0","0","","","","0","0","0","0","0","","0","0","N","0","","","",
"2337","집단급식소","07_21_02_P","4301000","4301000-105-1998-00001","1998-11-24","","03","폐업","02","폐업","2011-02-23","","","","033 4550210","40.71","","강원특별자치도 철원군 동송읍 오지리 1118-1","","","(주)네오젠텍스","2004-08-10 00:00:00","I","2023-06-13 00:00:00","집단급식소","219448.831061009","519103.08289867","집단급식소","0","0","","","지하수전용","0","0","0","0","0","","0","0","N","525.78","","","",
"2338","집단급식소","07_21_02_P","4301000","4301000-105-1999-00001","1999-06-01","","03","폐업","02","폐업","2017-11-01","","","","033 4525011","42.00","","강원특별자치도 철원군 갈말읍 군탄리 339 1리","강원특별자치도 철원군 갈말읍 명성로 208","24034","철원길병원","2017-11-01 09:39:01","I","2023-06-13 00:00:00","병원","226929.100240543","516412.772602971","병원","0","0","","","상수도전용","0","0","0","0","0","","0","0","N","98.5","","","",
"2339","집단급식소","07_21_02_P","4301000","4301000-105-2007-00002","2007-01-25","","03","폐업","02","폐업","2008-12-26","","","","033 4562119","180.18","","강원특별자치도 철원군 동송읍 이평리 730-8 지하1층","","","철원성모병원","2007-01-25 00:00:00","I","2023-06-13 00:00:00","집단급식소","219225.238872663","522044.742484309","집단급식소","0","0","","","","0","0","0","0","0","","0","0","N","57.42","","","",
"2340","집단급식소","07_21_02_P","4301000","4301000-105-2008-00001","2008-10-27","","03","폐업","02","폐업","2020-11-26","","","","033 458 6800","22.20","","강원특별자치도 철원군 서면 와수리 1383-2","강원특별자치도 철원군 서면 와수로62번길 45","24061","늘푸른어린이집","2020-11-26 14:35:18","I","2023-06-13 00:00:00","어린이집","237972.073279359","525000.032398983","어린이집","0","0","","","상수도전용","0","0","0","0","0","","0","0","N","22.2","","","",
"2341","집단급식소","07_21_02_P","4301000","4301000-105-2009-00002","2009-07-20","","03","폐업","02","폐업","2016-04-26","","","","033 452 5508","144.00","","강원특별자치도 철원군 갈말읍 1173-1","강원특별자치도 철원군 갈말읍 금강산로 1659","24009","강원학생통일수련원","2014-01-28 10:59:46","I","2023-06-13 00:00:00","집단급식소","228902.354507294","531534.97728808","집단급식소","0","0","","","간이상수도","0","0","0","0","0","","0","0","N","144","","","",
"2342","집단급식소","07_21_02_P","4301000","4301000-105-2010-00001","2010-02-05","","03","폐업","02","폐업","2018-07-17","","","","033452 8668","20.75","","강원특별자치도 철원군 갈말읍 지포리 122-2","강원특별자치도 철원군 갈말읍 명성로139번길 17","24045","꾸러기어린이집","2018-07-17 15:24:58","I","2023-06-13 00:00:00","어린이집","226735.065318959","515710.363172002","어린이집","0","0","","","상수도전용","0","0","0","0","0","임대","0","0","N","20.75","","","",
"2343","집단급식소","07_21_02_P","4301000","4301000-105-2012-00001","2012-07-16","","03","폐업","02","폐업","2020-12-11","","","","033 458 9422","176.00","","강원특별자치도 철원군 서면 자등리 1693-2","강원특별자치도 철원군 서면 자등로 140","24062","몬띠노인요양원","2020-12-11 15:53:01","I","2023-06-13 00:00:00","사회복지시설","235374.940323321","513971.828146916","사회복지시설","0","0","","","지하수전용","0","2","0","0","0","","0","0","N","50","","","",
"2344","집단급식소","07_21_02_P","4301000","4301000-105-2012-00002","2012-12-17","","03","폐업","02","폐업","2017-07-19","","","","","301.05","","강원특별자치도 철원군 서면 자등리 산 171","강원특별자치도 철원군 서면 싸리골길 79","24062","성소기도원","2017-07-19 11:52:36","I","2023-06-13 00:00:00","기타 집단급식소","233948.598036874","517653.593279249","기타 집단급식소","0","0","","","지하수전용","0","7","0","0","0","","0","0","N","52.51","","","",
"2345","집단급식소","07_21_02_P","4301000","4301000-105-2014-00001","2014-06-26","","03","폐업","02","폐업","2022-01-27","","","","033 455 9197","204.00","","강원특별자치도 철원군 철원읍 화지리 693 철원문화복지센터","강원특별자치도 철원군 철원읍 금학로330번길 12","24005","철원종합문화복지센터","2022-01-27 10:05:10","I","2023-06-13 00:00:00","사회복지시설","218702.335372303","523768.183304478","사회복지시설","0","0","","","상수도전용","0","1","0","0","0","","0","0","N","60","","","",
"2346","집단급식소","07_21_02_P","4301000","4301000-105-2020-00001","2020-12-11","","03","폐업","02","폐업","2024-07-03","","","","033458 9422","139.90","","강원특별자치도 철원군 서면 자등리 1689-2 몬띠요양원","강원특별자치도 철원군 서면 자등로 140, 몬띠요양원","24062","몬띠노인요양원","2024-07-03 10:54:57","U","2024-07-05 02:40:00","사회복지시설","235374.940323321","513971.828146916","사회복지시설","0","0","","","지하수전용","0","4","0","0","0","자가","0","0","N","49.8","","","",
"2347","집단급식소","07_21_02_P","4301000","4301000-105-1999-00017","1999-07-18","","03","폐업","02","폐업","2003-03-12","","","","033 4557770","","","강원특별자치도 철원군 동송읍 이평리 681-4","","","새싹어린이집","2005-07-12 00:00:00","I","2023-06-13 00:00:00","집단급식소","","","집단급식소","0","0","","","","0","0","0","0","0","","0","0","N","0","","","",
"2348","집단급식소","07_21_02_P","4301000","4301000-105-2001-00002","2001-12-07","","03","폐업","02","폐업","2019-03-26","","","","033 4521616","9.06","","","강원특별자치도 철원군 갈말읍 두루미로 118","24031","이화유치원","2019-05-20 10:27:36","I","2023-06-13 00:00:00","어린이집","227908.100999608","520449.597397685","어린이집","0","0","","","상수도전용","0","0","0","0","0","","0","0","N","9.06","","","",
"2349","집단급식소","07_21_02_P","4301000","4301000-105-2002-00005","2002-08-16","","03","폐업","02","폐업","2004-05-07","","","","033 4585143","","","강원특별자치도 철원군 근남면 육단리 488-1 외 6필지","","","철원금강산수련원","2003-04-18 00:00:00","I","2023-06-13 00:00:00","집단급식소","240832.431691251","523580.776017388","집단급식소","0","0","","","지하수전용","0","0","0","0","0","","0","0","N","0","","","",
"2350","집단급식소","07_21_02_P","4301000","4301000-105-2004-00002","2004-09-20","","03","폐업","02","폐업","2010-10-20","","","","033 4583484","7.02","","강원특별자치도 철원군 서면 와수리 1136-6","","","솔로몬어린이집","2010-10-20 14:19:58","I","2023-06-13 00:00:00","집단급식소","238051.476526145","525993.703157923","집단급식소","0","0","","","상수도전용","0","0","0","0","0","","0","0","N","7.02","","","",
"2351","집단급식소","07_21_02_P","4301000","4301000-105-2004-00004","2004-09-22","","03","폐업","02","폐업","2016-01-07","","","","033 4552958","7.10","","강원특별자치도 철원군 동송읍 오덕리 959-24","강원특별자치도 철원군 동송읍 오덕로 36","24010","아이비어린이집","2014-08-28 13:09:20","I","2023-06-13 00:00:00","집단급식소","219796.186677175","523353.227898636","집단급식소","0","0","","","상수도전용","0","0","0","0","0","","0","0","N","10.5","","","",
"2352","집단급식소","07_21_02_P","4301000","4301000-105-2005-00004","2005-12-07","","03","폐업","02","폐업","2013-03-19","","","","033 4559544","40.85","","강원특별자치도 철원군 동송읍 이평리 735-1 노인복지회관(1층)","강원특별자치도 철원군 동송읍 금학로 169-19","24020","금학봉사회","2011-12-05 14:04:48","I","2023-06-13 00:00:00","집단급식소","219174.219709195","522314.772734959","집단급식소","0","0","","","상수도전용","0","0","0","0","0","","0","0","N","40.85","","","",
"2353","집단급식소","07_21_02_P","4301000","4301000-105-2006-00002","2006-08-03","","03","폐업","02","폐업","2013-03-20","","","","033 4520882","112.50","","","강원특별자치도 철원군 갈말읍 삼부연로61번길 6-12","24050","대한적십자사철원봉사회","2012-07-09 14:25:55","I","2023-06-13 00:00:00","집단급식소","227571.859893182","516032.375629505","집단급식소","0","0","","","상수도전용","0","0","0","0","0","임대","0","0","N","55.2","","","",
"2354","집단급식소","07_21_02_P","4301000","4301000-105-2007-00001","2007-01-12","","03","폐업","02","폐업","2012-11-12","","","","033 4557704","9.90","","강원특별자치도 철원군 동송읍 이평리 843-38","강원특별자치도 철원군 동송읍 이평1로69번길 5","24019","세미어린이집","2011-12-05 14:09:58","I","2023-06-13 00:00:00","집단급식소","218519.410058551","522398.950820646","집단급식소","0","0","","","상수도전용","0","0","0","0","0","","0","0","N","20.4","","","",
"2355","집단급식소","07_21_02_P","4311000","4311000-105-1994-00004","1994-11-28","","03","폐업","02","폐업","2024-05-14","","","","033 4417413","156.00","","강원특별자치도 화천군 하남면 원천리 440","강원특별자치도 화천군 하남면 원천새싹길 16","24145","원천초등학교","2024-05-14 16:13:31","U","2024-05-16 02:40:00","학교","258421.966466927","506481.637052881","학교","0","0","","","상수도전용","0","0","0","0","0","","0","0","N","30","","","",
"2356","집단급식소","07_21_02_P","4311000","4311000-105-1995-00001","1995-03-23","","03","폐업","02","폐업","2024-08-29","","","","033 4417004","158.00","","강원특별자치도 화천군 상서면 봉오리 354","강원특별자치도 화천군 상서면 봉오새싹길 37","24103","봉오초등학교","2024-08-29 16:27:05","U","2024-08-31 02:40:00","학교","252493.343258327","520813.012545673","학교","0","0","","","상수도전용","0","0","0","0","0","","0","0","N","56","","","",
"2357","집단급식소","07_21_02_P","4311000","4311000-105-1995-00004","1995-08-30","","03","폐업","02","폐업","2005-10-14","","","","033 4420252","0.00","","강원특별자치도 화천군 하남면 논미리 275","","","논미초등학교","2001-08-09 00:00:00","I","2023-06-13 00:00:00","집단급식소","","","집단급식소","0","0","","","상수도전용","0","0","0","0","0","","0","0","N","15.64","","","",
"2358","집단급식소","07_21_02_P","4311000","4311000-105-2005-00002","2005-07-07","","03","폐업","02","폐업","2007-03-09","","","","033 4420191","10.07","","강원특별자치도 화천군 화천읍 아리 217-10","","","예사랑어린이집","2005-07-07 00:00:00","I","2023-06-13 00:00:00","집단급식소","","","집단급식소","0","0","","","","0","0","0","0","0","","0","0","N","15.6","","","",
"2359","집단급식소","07_21_02_P","4311000","4311000-105-2005-00003","2005-07-08","","03","폐업","02","폐업","2015-04-30","","","","033 4420301","20.16","","강원특별자치도 화천군 화천읍 상리 315-4","강원특별자치도 화천군 화천읍 구둔지길 71","24122","둘리어린이집","2012-04-05 17:42:05","I","2023-06-13 00:00:00","집단급식소","259684.584061853","512521.242640409","집단급식소","0","0","","","상수도전용","0","0","0","0","0","","0","0","N","35.59","","","",
"2360","집단급식소","07_21_02_P","4311000","4311000-105-2005-00004","2005-07-08","","03","폐업","02","폐업","2019-04-09","","","","033 4426288","0.00","","강원특별자치도 화천군 화천읍 하리 31","강원특별자치도 화천군 화천읍 상승로1길 11","24121","화천어린이집","2019-04-09 18:03:19","I","2023-06-13 00:00:00","어린이집","261506.168827237","511471.528308379","어린이집","0","0","","","상수도전용","0","0","0","0","0","","0","0","N","0","","","",
"2361","집단급식소","07_21_02_P","4311000","4311000-105-2005-00005","2005-07-13","","03","폐업","02","폐업","2015-01-07","","","","033 4422175","127.31","","강원특별자치도 화천군 하남면 위라리 397","강원특별자치도 화천군 하남면 춘화로 3370","24140","사희복지법인 풍익홈","2011-11-02 17:32:03","I","2023-06-13 00:00:00","집단급식소","262043.537949366","510786.934773","집단급식소","0","0","","","","0","0","0","0","0","","0","0","N","27.55","","","",
"2362","집단급식소","07_21_02_P","4311000","4311000-105-2005-00007","2005-12-28","","03","폐업","02","폐업","2019-06-12","","","","033 4411002","12.32","","강원특별자치도 화천군 사내면 명월리 329-1","강원특별자치도 화천군 사내면 수피령로 572","24148","명성유치원","2019-06-12 09:40:53","I","2023-06-13 00:00:00","어린이집","246533.762536995","512563.613250162","어린이집","0","0","","","지하수전용","0","0","0","0","0","자가","0","0","N","14.17","","","",
"2363","집단급식소","07_21_02_P","4311000","4311000-105-2006-00001","2006-03-21","","03","폐업","02","폐업","2008-06-04","","","","033 4413823","179.89","","강원특별자치도 화천군 사내면 광덕리 1055-1 외1필지","","","광덕산몽양당청학동청소년수련원","2006-03-21 00:00:00","I","2023-06-13 00:00:00","집단급식소","240904.658268856","511993.432054536","집단급식소","0","0","","","","0","0","0","0","0","자가","0","0","N","34.69","","","",
"2364","집단급식소","07_21_02_P","4311000","4311000-105-2008-00002","2008-11-05","","03","폐업","02","폐업","2012-08-31","","","","033 441 1616","204.70","","강원특별자치도 화천군 사내면 광덕리 1055-1 외1필지","","","안전문화수련원","2008-11-05 17:07:37","I","2023-06-13 00:00:00","집단급식소","240904.658268856","511993.432054536","집단급식소","0","0","","","","0","0","0","0","0","","0","0","N","86","","","",
"2365","집단급식소","07_21_02_P","4311000","4311000-105-2012-00003","2012-09-04","","03","폐업","02","폐업","2013-07-29","","","","","","","강원특별자치도 화천군 사내면 광덕리 1055-1 외1필지","","","안전문화수련원","2012-10-12 14:00:59","I","2023-06-13 00:00:00","집단급식소","240904.658268856","511993.432054536","집단급식소","0","0","","","지하수전용","0","0","0","0","0","","0","0","N","0","","","",
"2366","집단급식소","07_21_02_P","4311000","4311000-105-2012-00004","2012-10-05","","03","폐업","02","폐업","2023-10-19","","","","033 441 9797","0.00","","강원특별자치도 화천군 사내면 사창리 982","강원특별자치도 화천군 사내면 문화마을1길 9","24157","사과나무어린이집","2023-10-19 17:23:33","U","2023-10-21 02:40:00","어린이집","245951.231017143","507387.892902218","어린이집","0","0","","","상수도전용","0","0","0","0","0","자가","0","0","N","0","","","",
"2367","집단급식소","07_21_02_P","4311000","4311000-105-2013-00001","2013-04-18","","03","폐업","02","폐업","2023-08-31","","","","033 442 0191","12.44","","강원특별자치도 화천군 화천읍 신읍리 612-5","강원특별자치도 화천군 화천읍 노신로 67-22","24113","예사랑 어린이집","2023-08-31 15:09:58","U","2023-09-02 02:40:00","어린이집","261128.157157327","512939.459674474","어린이집","0","0","","","상수도전용","0","1","0","0","0","","0","0","N","12.44","","","",
"2368","집단급식소","07_21_02_P","4311000","4311000-105-2013-00002","2013-07-29","","03","폐업","02","폐업","2014-03-18","","","","033 441 33","","","강원특별자치도 화천군 사내면 광덕리 1056","강원특별자치도 화천군 사내면 검단길 213-33","24150","안전문화수련원","2013-07-29 16:11:24","I","2023-06-13 00:00:00","집단급식소","240963.435591498","511978.658297771","집단급식소","0","0","","","","0","0","0","0","0","","0","0","N","0","","","",
"2369","집단급식소","07_21_02_P","4311000","4311000-105-2013-00003","2013-10-23","","03","폐업","02","폐업","2023-02-10","","","","033 442 0922","0.00","","강원특별자치도 화천군 화천읍 중리 193-19","강원특별자치도 화천군 화천읍 산수화로4길 11-9","24118","꿈나무 어린이집","2023-02-10 17:36:16","I","2023-06-13 00:00:00","어린이집","261999.363306792","512026.727605115","어린이집","0","0","","","상수도전용","0","0","0","0","0","","0","0","N","0","","","",
"2370","집단급식소","07_21_02_P","4311000","4311000-105-2015-00001","2015-12-08","","03","폐업","02","폐업","2016-11-02","","","","033 442 3063","17.54","","강원특별자치도 화천군 화천읍 상리 218","강원특별자치도 화천군 화천읍 영서로 6349-22","24122","무지개 어린이집","2015-12-24 09:01:04","I","2023-06-13 00:00:00","어린이집","259813.359543243","512327.819133168","어린이집","0","0","","","상수도전용","0","0","0","0","0","","0","0","N","20.1","","","",
"2371","집단급식소","07_21_02_P","4311000","4311000-105-2016-00001","2016-09-09","","03","폐업","02","폐업","2020-02-18","","","","033 441 2206","5.78","","강원특별자치도 화천군 사내면 사창리 965-3","강원특별자치도 화천군 사내면 문화마을1길 71","24157","예본어린이집","2020-02-18 14:01:03","I","2023-06-13 00:00:00","어린이집","245830.02750275","507519.020527851","어린이집","0","0","","","상수도전용","0","0","0","0","0","","0","0","N","5.78","","","",
"2372","집단급식소","07_21_02_P","4311000","4311000-105-2017-00001","2017-02-20","","03","폐업","02","폐업","2024-05-31","","","","033 442 0301","17.68","","강원특별자치도 화천군 화천읍 상리 315-4","강원특별자치도 화천군 화천읍 구둔지길 71","24122","사회복지법인 둘리어린이집","2024-05-31 11:05:31","U","2024-06-02 02:40:00","어린이집","259684.584061853","512521.242640409","어린이집","0","0","","","상수도전용","0","0","0","0","0","","0","0","N","25.78","","","",
"2373","집단급식소","07_21_02_P","4321000","4321000-105-2005-00001","2005-08-19","","03","폐업","02","폐업","2014-01-14","","","","033 4815210","14.34","","강원특별자치도 양구군 방산면 장평리 139","강원특별자치도 양구군 방산면 평화로 5223","24502","양록어린이집","2005-08-19 00:00:00","I","2023-06-13 00:00:00","집단급식소","283612.281842152","523314.437320955","집단급식소","0","0","","","상수도전용","0","0","0","0","0","","0","0","N","14.34","","","",
"2374","집단급식소","07_21_02_P","4321000","4321000-105-2005-00004","2005-08-26","","03","폐업","02","폐업","2014-01-15","","","","033 4819152","14.48","","강원특별자치도 양구군 양구읍 학조리 506-7","강원특별자치도 양구군 양구읍 학안로 193","24518","원광어린이집","2011-12-14 16:46:34","I","2023-06-13 00:00:00","집단급식소","286411.453753817","508757.135392118","집단급식소","0","0","","","상수도전용","0","0","0","0","0","","0","0","N","14.48","","","",
"2375","집단급식소","07_21_02_P","4321000","4321000-105-2005-00005","2005-09-15","","03","폐업","02","폐업","2016-08-23","","","","033 4816781","22.21","","강원특별자치도 양구군 동면 덕곡리 198-1","강원특별자치도 양구군 동면 금강산로 1521","24508","동면어린이집","2015-06-22 14:57:50","I","2023-06-13 00:00:00","집단급식소","290336.273666666","521379.299333333","집단급식소","0","0","","","상수도전용","0","0","0","0","0","","0","0","N","22.21","","","",
"2376","집단급식소","07_21_02_P","4321000","4321000-105-2005-00008","2005-10-17","","03","폐업","02","폐업","2008-07-23","","","","0334812 981","","","강원특별자치도 양구군 양구읍 정림리 232-1","","","큰별유치원","2005-10-17 00:00:00","I","2023-06-13 00:00:00","집단급식소","","","집단급식소","0","0","","","지하수전용","0","0","0","0","0","","0","0","N","0","","","",
"2377","집단급식소","07_21_02_P","4321000","4321000-105-2005-00009","2005-10-24","","03","폐업","02","폐업","2014-07-08","","","","033 4816007","9.13","","강원특별자치도 양구군 양구읍 한전리 306-2","강원특별자치도 양구군 양구읍 금강산로 737-37","24512","꿈동산어린이집","2014-05-22 10:26:34","I","2023-06-13 00:00:00","집단급식소","288153.476266598","515751.318947935","집단급식소","0","0","","","지하수전용","0","0","0","0","0","","0","0","N","9.13","","","",
"2378","집단급식소","07_21_02_P","4321000","4321000-105-2005-00010","2005-11-10","","03","폐업","02","폐업","2021-08-13","","","","033 4819500","13.24","","강원특별자치도 양구군 양구읍 상리 202-19","강원특별자치도 양구군 양구읍 박수근로313번길 37","24539","해피키즈어린이집","2021-08-13 09:37:38","I","2023-06-13 00:00:00","어린이집","286701.898886333","511506.273388466","어린이집","0","0","","","상수도전용","0","0","0","0","0","","0","0","N","11.14","","","",
"2379","집단급식소","07_21_02_P","4321000","4321000-105-2009-00001","2009-03-03","","03","폐업","02","폐업","2015-03-27","","","","033  4818996","59.81","","강원특별자치도 양구군 동면 원당리 347","강원특별자치도 양구군 동면 숨골로 247","24511","양구노인전문요양원","2014-11-28 11:50:15","I","2023-06-13 00:00:00","집단급식소","292511.609993744","520544.248773226","집단급식소","0","0","","","지하수전용","0","0","0","0","0","","0","0","N","28.69","","","",
"2380","집단급식소","07_21_02_P","4321000","4321000-105-2011-00002","2011-10-18","","03","폐업","02","폐업","2014-02-05","","","","033 480 8800","23.97","","강원특별자치도 양구군 양구읍 상리 256-9","강원특별자치도 양구군 양구읍 중심로 160","24545","의료법인 성심의료재단 양구성심병원","2012-01-02 14:54:32","I","2023-06-13 00:00:00","집단급식소","286872.070865377","511751.83541539","집단급식소","0","0","","","상수도전용","0","0","0","0","0","","0","0","N","17.5","","","",
"2381","집단급식소","07_21_02_P","4331000","4331000-105-2005-00011","2005-12-29","","03","폐업","02","폐업","2020-11-12","","","","033462 4396","38.15","","강원특별자치도 인제군 기린면 현리 482-2","강원특별자치도 인제군 기린면 한석산로 3181","24655","기린어린이집","2020-11-12 15:14:48","I","2023-06-13 00:00:00","어린이집","316360.738306206","497036.896051513","어린이집","0","0","","","상수도전용","0","0","0","0","0","자가","0","0","N","15.75","","","",
"2382","집단급식소","07_21_02_P","4331000","4331000-105-2006-00001","2006-02-03","","03","폐업","02","폐업","2017-07-05","","","","033 4622442","134.30","","강원특별자치도 인제군 기린면 북리 431-5","강원특별자치도 인제군 기린면 상하답로 234","24654","임마누엘집","2017-07-05 16:50:53","I","2023-06-13 00:00:00","집단급식소","314236.152941714","501172.939541987","집단급식소","0","0","","","지하수전용","0","0","0","0","0","자가","0","0","N","40.8","","","",
"2383","집단급식소","07_21_02_P","4331000","4331000-105-2006-00002","2006-02-28","","03","폐업","02","폐업","2020-12-22","","","","033 4632578","66.80","","강원특별자치도 인제군 서화면 서화리 812-4","강원특별자치도 인제군 서화면 구구골길 27","24600","서화어린이집","2020-12-22 10:45:08","I","2023-06-13 00:00:00","어린이집","305952.50233328","527481.932550041","어린이집","0","0","","","상수도전용","0","0","0","0","0","자가","0","0","N","11.9","","","",
"2384","집단급식소","07_21_02_P","4331000","4331000-105-2006-00003","2006-03-21","","03","폐업","02","폐업","2016-10-25","","","","033 462 2992","444.42","","강원특별자치도 인제군 북면 용대리 1830-3","강원특별자치도 인제군 북면 만해로 91","24606","(재)만해사상실천선양회","2013-12-18 10:26:17","I","2023-06-13 00:00:00","집단급식소","315337.070505605","521333.84399629","집단급식소","0","0","","","상수도전용","0","0","0","0","0","자가","0","0","N","146.01","","","",
"2385","집단급식소","07_21_02_P","4331000","4331000-105-2006-00004","2006-03-27","","03","폐업","02","폐업","2017-01-20","","","","033 4628635","12.00","","강원특별자치도 인제군 북면 원통리 607","강원특별자치도 인제군 북면 금강로 60-28","24613","꿈나무 유치원","2017-01-06 09:18:12","I","2023-06-13 00:00:00","집단급식소","305777.792022805","514414.020786672","집단급식소","0","0","","","상수도전용","0","0","0","0","0","자가","0","0","N","12","","","",
"2386","집단급식소","07_21_02_P","4331000","4331000-105-2012-00001","2012-04-05","","03","폐업","02","폐업","2014-12-29","","","","033 461 7105","161.34","","강원특별자치도 인제군 인제읍 상동리 388","강원특별자치도 인제군 인제읍 인제로219번길 27","24631","하늘내린유치원","2014-06-25 21:54:48","I","2023-06-13 00:00:00","집단급식소","302784.946969365","508312.763474107","집단급식소","0","0","","","상수도전용","0","0","0","0","0","","0","0","N","61.06","","","",
"2387","집단급식소","07_21_02_P","4331000","4331000-105-2012-00002","2012-12-17","","03","폐업","02","폐업","2020-04-01","","","","033 461 6877","25.20","","강원특별자치도 인제군 북면 원통리 528-15","강원특별자치도 인제군 북면 원통로 261-20","24614","미소어린이집","2020-04-01 12:13:14","I","2023-06-13 00:00:00","어린이집","306229.840955547","514584.655501192","어린이집","0","0","","","상수도전용","0","0","0","0","0","","0","0","N","25.2","","","",
"2388","집단급식소","07_21_02_P","4331000","4331000-105-2013-00001","2013-06-21","","03","폐업","02","폐업","2014-06-27","","","","033 4639130","161.16","","강원특별자치도 인제군 기린면 북리 632","강원특별자치도 인제군 기린면 상하답로 130","24654","직원식당","2013-06-21 15:43:50","I","2023-06-13 00:00:00","집단급식소","313347.093858807","500672.838290134","집단급식소","0","0","","","지하수전용","0","0","0","0","0","자가","0","0","N","52","","","",
"2389","집단급식소","07_21_02_P","4331000","4331000-105-2016-00001","2016-03-14","","03","폐업","02","폐업","2020-04-06","","","","033 462 2651","23.65","","강원특별자치도 인제군 서화면 천도리 905","강원특별자치도 인제군 서화면 금강로 1513-1","24667","을지 어린이집","2020-04-06 14:40:13","I","2023-06-13 00:00:00","어린이집","305381.89304087","525885.179167152","어린이집","0","0","","","상수도전용","0","0","0","0","0","","0","0","N","23.65","","","",
"2390","집단급식소","07_21_02_P","4331000","4331000-105-2016-00002","2016-09-06","","03","폐업","02","폐업","2023-03-30","","","","033 461 8081","12.35","","강원특별자치도 인제군 남면 어론리 582","강원특별자치도 인제군 남면 응봉길 51","24652","응봉어린이집","2023-03-30 17:56:20","I","2023-06-13 00:00:00","어린이집","293346.39210294","492178.874699472","어린이집","0","0","","","상수도전용","0","0","0","0","0","자가","0","0","N","35.4","","","",
"2391","집단급식소","07_21_02_P","4331000","4331000-105-2016-00003","2016-10-25","","03","폐업","02","폐업","2017-09-25","","","","033 460 0421","444.42","","강원특별자치도 인제군 북면 용대리 1830","강원특별자치도 인제군 북면 만해로 91","24606","만해마을 청소년수련원","2017-09-25 14:42:34","I","2023-06-13 00:00:00","수련원","315267.571773326","521205.622486633","수련원","0","0","","","상수도전용","0","0","0","0","0","자가","0","0","N","117.18","","","",
"2392","집단급식소","07_21_02_P","4331000","4331000-105-2017-00001","2017-06-30","","03","폐업","02","폐업","2023-03-31","","","","033  8528601","129.70","","강원특별자치도 인제군 상남면 하남리 371","강원특별자치도 인제군 상남면 서울양양고속도로 117","24665","내린천휴게소 직원식당","2023-03-31 15:20:24","I","2023-06-13 00:00:00","산업체","313202.286448686","491190.582846458","산업체","0","0","","","상수도전용","0","0","0","0","0","","0","0","N","29.9","","","",
"2393","집단급식소","07_21_02_P","4331000","4331000-105-2018-00001","2018-03-13","","03","폐업","02","폐업","2021-04-01","","","","033 461 1223","49.50","","강원특별자치도 인제군 기린면 현리 880-5","강원특별자치도 인제군 기린면 내린천로 3898-1","24657","빛나라어린이집","2021-04-01 10:23:12","I","2023-06-13 00:00:00","어린이집","315641.498117517","494436.162469431","어린이집","0","0","","","상수도전용","0","0","0","0","0","","0","0","N","64.6","","","",
"2394","집단급식소","07_21_02_P","4331000","4331000-105-2019-00001","2019-11-05","","03","폐업","02","폐업","2024-08-26","","","","033 439 9300","169.20","","강원특별자치도 인제군 북면 한계리 144-5","강원특별자치도 인제군 북면 쇠리길 106-40, 설악산생태탐방원 강의동","24607","국립공원공단 설악산생태탐방원","2024-08-27 09:08:54","U","2024-08-29 02:40:00","공공기관","314368.661707424","514318.982486216","공공기관","0","0","","","지하수전용","0","0","0","0","0","","0","0","N","41.66","","","",
"2395","집단급식소","07_21_02_P","4331000","4331000-105-1991-00001","1991-03-01","","03","폐업","02","폐업","2013-11-22","","","","033 4612583","","","강원특별자치도 인제군 북면 월학리 152-2","강원특별자치도 인제군 북면 금강로 732","24609","월학초등학교","2012-05-03 18:20:30","I","2023-06-13 00:00:00","집단급식소","305938.463038881","519398.613088076","집단급식소","0","0","","","상수도전용","0","0","0","0","0","","0","0","N","0","","","",
"2396","집단급식소","07_21_02_P","4331000","4331000-105-1991-00002","1991-04-30","","03","폐업","02","폐업","2014-02-12","","","","033 4612583","74.69","","강원특별자치도 인제군 서화면 서화리 1242","강원특별자치도 인제군 서화면 금강로 1801-42","24600","서성초등학교","2012-05-01 15:32:47","I","2023-06-13 00:00:00","집단급식소","305757.560590685","529205.407980504","집단급식소","0","0","","","상수도전용","0","0","0","0","0","","0","0","N","74.69","","","",
"2397","집단급식소","07_21_02_P","4331000","4331000-105-2003-00001","2003-03-13","","03","폐업","02","폐업","2023-09-11","","","","033 4624006","157.00","","강원특별자치도 인제군 서화면 천도리 619","강원특별자치도 인제군 서화면 천도로 112","24603","서화중학교","2023-09-11 14:17:50","U","2023-09-13 02:40:00","학교","305850.744070843","524974.748335112","학교","0","0","","","상수도전용","0","0","0","0","0","","0","0","N","157","","","",
"2398","집단급식소","07_21_02_P","4331000","4331000-105-2003-00002","2003-07-23","","03","폐업","02","폐업","2020-03-27","","","","033461 7582","20.80","","강원특별자치도 인제군 기린면 현리 982-2","강원특별자치도 인제군 기린면 내린천로 3760","24657","의료법인 지산의료재단 현인병원","2020-03-29 14:14:15","I","2023-06-13 00:00:00","병원","315254.628882192","493133.838730017","병원","0","0","","","지하수전용","0","0","0","0","0","","0","0","N","74.85","","","",
"2399","집단급식소","07_21_02_P","4331000","4331000-105-2005-00005","2005-09-20","","03","폐업","02","폐업","2020-12-07","","","","033 4623142","23.00","","강원특별자치도 인제군 인제읍 상동리 23-5","강원특별자치도 인제군 인제읍 인제로241번길 25-3","24630","인성유치원","2020-12-07 16:45:00","I","2023-06-13 00:00:00","어린이집","303105.404976206","508456.443062869","어린이집","0","0","","","상수도전용","0","0","0","0","0","","0","0","N","9.6","","","",
"2400","집단급식소","07_21_02_P","4331000","4331000-105-2005-00006","2005-09-20","","03","폐업","02","폐업","2009-09-25","","","","033 4629106","32.30","","강원특별자치도 인제군 북면 원통리 727-7","","","무지개 유치원","2005-09-20 00:00:00","I","2023-06-13 00:00:00","집단급식소","","","집단급식소","0","0","","","상수도전용","0","0","0","0","0","","0","0","N","32.3","","","",
"2401","집단급식소","07_21_02_P","4331000","4331000-105-2005-00007","2005-09-26","","03","폐업","02","폐업","2021-03-24","","","","033 4620941","20.00","","강원특별자치도 인제군 서화면 천도리 598-1","강원특별자치도 인제군 서화면 천도로94번길 7","24603","중앙어린이집","2021-03-24 09:59:50","I","2023-06-13 00:00:00","어린이집","305757.892738288","524818.933514499","어린이집","0","0","","","상수도전용","0","0","0","0","0","","0","0","N","20","","","",
"2402","집단급식소","07_21_02_P","4331000","4331000-105-2005-00010","2005-12-16","","03","폐업","02","폐업","2008-07-14","","","","033 4619395","108.00","","강원특별자치도 인제군 남면 어론리 576-3","","","실버홈 노인요양원","2007-06-04 00:00:00","I","2023-06-13 00:00:00","집단급식소","","","집단급식소","0","0","","","지하수전용","0","0","0","0","0","자가","0","0","N","36","","","",
"2403","집단급식소","07_21_02_P","4341000","4341000-105-2001-00001","2001-03-14","","03","폐업","02","폐업","2024-08-16","","","","033 6812333","","","강원특별자치도 고성군 간성읍 신안리 131-6","강원특별자치도 고성군 간성읍 남천마루3길 10-1","24732","프뢰벨어린이집","2024-08-16 14:32:09","U","2024-08-18 02:40:00","어린이집","329064.713550106","542777.377672682","어린이집","0","0","","","상수도전용","0","0","0","0","0","","0","0","N","0","","","",
"2404","집단급식소","07_21_02_P","4341000","4341000-105-1997-00001","1997-02-28","","03","폐업","02","폐업","2019-02-15","","","","033 639 0138","","","강원특별자치도 고성군 토성면 봉포리 산 91-1","강원특별자치도 고성군 토성면 봉포4길 46","24764","경동대학교(신의관)","2019-02-15 13:23:42","I","2023-06-13 00:00:00","학교","336060.642934211","528551.962122763","학교","0","0","","","상수도전용","0","0","0","0","0","","0","0","N","0","","","",
"2405","집단급식소","07_21_02_P","4341000","4341000-105-1999-00006","1999-09-16","","03","폐업","02","폐업","2016-11-15","","","","033 6820465","","","강원특별자치도 고성군 현내면 철통리 127-10","강원특별자치도 고성군 현내면 한나루로 85-2","24704","대진어린이집","2014-06-30 10:57:31","I","2023-06-13 00:00:00","집단급식소","324373.644317657","555694.324338129","집단급식소","0","0","","","상수도전용","0","0","0","0","0","","0","0","N","0","","","",
"2406","집단급식소","07_21_02_P","4341000","4341000-105-1999-00007","1999-09-16","","03","폐업","02","폐업","2019-09-20","","","","033 6338508","","","강원특별자치도 고성군 죽왕면 오호리 64-3","강원특별자치도 고성군 죽왕면 심층수길 17","24747","죽왕어린이집","2019-09-20 13:10:51","I","2023-06-13 00:00:00","어린이집","333415.429772985","536998.824973305","어린이집","0","0","","","상수도전용","0","0","0","0","0","","0","0","N","0","","","",
"2407","집단급식소","07_21_02_P","4341000","4341000-105-2000-00002","2000-06-30","","03","폐업","02","폐업","2014-08-22","","","","033 6363746","","","강원특별자치도 고성군 토성면 인흥리 489-1","강원특별자치도 고성군 토성면 인흥1길 37","24766","설악수련의집","2013-04-15 17:45:02","I","2023-06-13 00:00:00","집단급식소","335544.751838224","527075.597493851","집단급식소","0","0","","","상수도전용","0","0","0","0","0","","0","0","N","0","","","",
"2408","집단급식소","07_21_02_P","4341000","4341000-105-2002-00001","2002-02-27","","03","폐업","02","폐업","2019-02-15","","","","033 639 0396","","","강원특별자치도 고성군 토성면 봉포리 산 91-1","강원특별자치도 고성군 토성면 봉포4길 46","24764","경동대학교(양현원)","2019-02-15 13:22:51","I","2023-06-13 00:00:00","학교","336060.642934211","528551.962122763","학교","0","0","","","상수도전용","0","0","0","0","0","","0","0","N","0","","","",
"2409","집단급식소","07_21_02_P","4341000","4341000-105-2002-00002","2002-11-28","","03","폐업","02","폐업","2007-04-19","","","","033 6825220","7.66","","강원특별자치도 고성군 거진읍 거진리 287-5","","","사랑샘어린이집","2002-11-28 00:00:00","I","2023-06-13 00:00:00","집단급식소","","","집단급식소","0","0","","","상수도전용","0","0","0","0","0","","0","0","N","7.66","","","",
"2410","집단급식소","07_21_02_P","4341000","4341000-105-1987-00002","1987-07-20","","03","폐업","02","폐업","2004-03-17","","","","033 6365182","","","강원특별자치도 고성군 토성면 인흥리 180","","","인흥초등학교","2001-09-11 00:00:00","I","2023-06-13 00:00:00","집단급식소","335698.109154232","527105.24771384","집단급식소","0","0","","","","0","0","0","0","0","","0","0","N","0","","","",
"2411","집단급식소","07_21_02_P","4341000","4341000-105-1994-00001","1994-05-16","","03","폐업","02","폐업","2015-11-05","","","","033 6813122","","","강원특별자치도 고성군 간성읍 흘리 100","강원특별자치도 고성군 간성읍 흘리령길 52","24742","알프스수련의집 한식당","2011-11-10 11:35:39","I","2023-06-13 00:00:00","집단급식소","320515.751123282","529632.694612951","집단급식소","0","0","","","간이상수도","0","0","0","0","0","","0","0","N","0","","","",
"2412","집단급식소","07_21_02_P","4341000","4341000-105-2009-00001","2009-03-10","","03","폐업","02","폐업","2025-02-07","","","","033 638 6004","176.60","","강원특별자치도 고성군 토성면 용촌리 2-1","강원특별자치도 고성군 토성면 버리깨길 42","24770","까리따스마태오요양원","2025-02-07 15:20:35","U","2025-02-09 02:40:00","사회복지시설","338624.556796347","526428.745881292","사회복지시설","0","0","","","상수도전용","0","0","0","0","0","","0","0","N","95","","","",
"2413","집단급식소","07_21_02_P","4341000","4341000-105-2009-00003","2009-07-17","","03","폐업","02","폐업","2015-04-21","","","","033 6817711","17.28","","강원특별자치도 고성군 간성읍 신안리 175-4","강원특별자치도 고성군 간성읍 수성로 20","24736","아이꿈터어린이집","2014-06-30 16:22:06","I","2023-06-13 00:00:00","집단급식소","328643.015461103","542678.340659337","집단급식소","0","0","","","상수도전용","0","0","0","0","0","","0","0","N","17.28","","","",
"2414","집단급식소","07_21_02_P","4341000","4341000-105-2012-00001","2012-02-17","","03","폐업","02","폐업","2013-02-12","","","","033 631 8163","0.00","","강원특별자치도 고성군 토성면 도원리 193-1","강원특별자치도 고성군 토성면 무릉도원로 486","24761","도학초등학교","2013-01-02 10:02:05","I","2023-06-13 00:00:00","집단급식소","331345.469833103","531005.857107784","집단급식소","0","0","","","","0","0","0","0","0","","0","0","N","0","","","",
"2415","집단급식소","07_21_02_P","4341000","4341000-105-2012-00002","2012-06-15","","03","폐업","02","폐업","2018-08-23","","","","033 639 3611","132.48","","강원특별자치도 고성군 토성면 원암리 403-1","강원특별자치도 고성군 토성면 미시령옛길 1153","24768","델피노직원식당","2018-08-23 13:55:28","I","2023-06-13 00:00:00","산업체","330773.968639857","524312.561018691","산업체","0","0","","","간이상수도","0","0","0","0","0","","0","0","N","22.08","","","",
"2416","집단급식소","07_21_02_P","4341000","4341000-105-2015-00001","2015-04-22","","03","폐업","02","폐업","2022-03-18","","","","033 681 2493","17.28","","강원특별자치도 고성군 간성읍 신안리 175-4","강원특별자치도 고성군 간성읍 수성로 20","24736","아이꿈터 어린이집","2022-03-18 14:49:31","I","2023-06-13 00:00:00","어린이집","328643.015461103","542678.340659337","어린이집","0","0","","","상수도전용","0","0","0","0","0","자가","0","0","N","17.28","","","",
"2417","집단급식소","07_21_02_P","4341000","4341000-105-2006-00001","2006-05-04","","03","폐업","02","폐업","2007-07-05","","","","033 6388559","306.15","","강원특별자치도 고성군 토성면 신평리 산 23","","","파인리즈 C.C 직원식당","2006-05-04 00:00:00","I","2023-06-13 00:00:00","집단급식소","","","집단급식소","0","0","","","상수도전용","0","0","0","0","0","자가","0","0","N","106.69","","","",
"2418","집단급식소","07_21_02_P","4351000","4351000-105-1978-00001","1978-03-02","","03","폐업","02","폐업","1993-10-18","","","","033 6718764","","","강원특별자치도 양양군 서면 서림리 0","","","현서분교","2003-01-15 00:00:00","I","2023-06-13 00:00:00","집단급식소","","","집단급식소","0","0","","","","0","0","0","0","0","","0","0","N","0","","","",
"2419","집단급식소","07_21_02_P","4351000","4351000-105-1990-00001","1990-04-19","","03","폐업","02","폐업","2014-12-09","","","","033 6718792","","","강원특별자치도 양양군 손양면 송전리 22-1","강원특별자치도 양양군 손양면 동명로 321-11","25041","송포초등학교","2014-06-27 14:43:32","I","2023-06-13 00:00:00","집단급식소","345259.343696516","510910.204435939","집단급식소","0","0","","","상수도전용","0","0","0","0","0","","0","0","N","0","","","",
"2420","집단급식소","07_21_02_P","4351000","4351000-105-1990-00002","1990-04-19","","03","폐업","02","폐업","2022-04-15","","","","033 6715101","","","강원특별자치도 양양군 강현면 회룡리 234-1","","","회룡초등학교","2022-04-15 14:41:40","I","2023-06-13 00:00:00","학교","338178.67563072","515856.475751888","학교","0","0","","","상수도전용","0","0","0","0","0","","0","0","N","0","","","",
"2421","집단급식소","07_21_02_P","4351000","4351000-105-1990-00003","1990-04-19","","03","폐업","02","폐업","2000-03-02","","","","033 6718795","","","강원특별자치도 양양군 현북면 어성전리 531-1","","","현성국민학교","2003-01-15 00:00:00","I","2023-06-13 00:00:00","집단급식소","","","집단급식소","0","0","","","","0","0","0","0","0","","0","0","N","0","","","",
"2422","집단급식소","07_21_02_P","4351000","4351000-105-2013-00001","2013-03-06","","03","폐업","02","폐업","2024-02-28","","","","033 671 5620","194.98","","강원특별자치도 양양군 양양읍 구교리 59-3","강원특별자치도 양양군 양양읍 북문길 35-21","25022","공립이솝어린이집","2024-02-28 15:54:40","U","2024-03-02 02:40:00","어린이집","342084.766822346","509681.878308285","어린이집","0","0","","","상수도전용","0","0","0","0","0","","0","0","N","33.28","","","",
"2423","집단급식소","07_21_02_P","4351000","4351000-105-2018-00001","2018-01-24","","03","폐업","02","폐업","2018-03-31","","","","0233976100","585.00","","강원특별자치도 양양군 양양읍 임천리 산 7","강원특별자치도 양양군 양양읍 거마천로 120, 관동대학교 제1기숙사 지하1층","25019","(주)신세계푸드 관동대(양양) 직원식당","2018-04-04 09:50:15","I","2023-06-13 00:00:00","산업체","340232.126664521","509903.333946898","산업체","0","0","","","","0","0","0","0","0","","0","0","N","135","","","",
"2424","집단급식소","07_21_02_P","4351000","4351000-105-1993-00001","1993-09-02","","03","폐업","02","폐업","2000-03-02","","","","033 6728956","","","강원특별자치도 양양군 현북면 도리 33-1","","","남천국민학교","2003-01-15 00:00:00","I","2023-06-13 00:00:00","집단급식소","343150.089017934","501342.711701992","집단급식소","0","0","","","","0","0","0","0","0","","0","0","N","0","","","",
"2425","집단급식소","07_21_02_P","4351000","4351000-105-1993-00002","1993-07-31","","03","폐업","02","폐업","2009-10-28","","","","033 6701000","","","강원특별자치도 양양군 서면 오색리 511","","","오색그린야드호텔 집단급식소","2008-05-02 14:14:05","I","2023-06-13 00:00:00","집단급식소","326960.975344781","509635.532131066","집단급식소","0","0","","","상수도전용","0","0","0","0","0","","0","0","N","0","","","",
"2426","집단급식소","07_21_02_P","4351000","4351000-105-1995-00001","1995-04-08","","03","폐업","02","폐업","2007-03-29","","","","033 6703272","","","강원특별자치도 양양군 양양읍 임천리 산 7 외 30필지","","","관동대학교급식소","2005-04-20 00:00:00","I","2023-06-13 00:00:00","집단급식소","340232.126664521","509903.333946898","집단급식소","0","0","","","상수도전용","0","0","0","0","0","","0","0","N","0","","","",
"2427","집단급식소","07_21_02_P","4351000","4351000-105-1995-00004","1995-06-02","","03","폐업","02","폐업","2022-04-15","","","","033 6728676","","","강원특별자치도 양양군 현북면 하광정리 166-1","강원특별자치도 양양군 현북면 하조대1길 38","25047","광정초등학교","2022-04-15 14:39:48","I","2023-06-13 00:00:00","학교","351411.295349494","503211.870100901","학교","0","0","","","상수도전용","0","0","0","0","0","","0","0","N","0","","","",
"2428","집단급식소","07_21_02_P","4351000","4351000-105-1995-00005","1995-09-20","","03","폐업","02","폐업","2009-06-29","","","","033 6729277","","","강원특별자치도 양양군 양양읍 임천리 산 7 외 30필지","","","관동대학교기숙사","2009-06-29 16:38:39","I","2023-06-13 00:00:00","집단급식소","340232.126664521","509903.333946898","집단급식소","0","0","","","상수도전용","0","0","0","0","0","","0","0","N","0","","","",
"2429","집단급식소","07_21_02_P","4351000","4351000-105-1996-00001","1996-03-07","","03","폐업","02","폐업","2013-03-13","","","","033 6717103","99.36","","강원특별자치도 양양군 현남면 남애리 554","","","남애초등학교집단급식소","2012-02-21 18:15:40","I","2023-06-13 00:00:00","집단급식소","356486.129764222","495224.630893306","집단급식소","0","0","","","상수도전용","0","0","0","0","0","","0","0","N","53.82","","","",
"2430","집단급식소","07_21_02_P","4351000","4351000-105-1996-00004","1996-03-19","","03","폐업","02","폐업","2000-03-02","","","","033 6717226","","","강원특별자치도 양양군 현남면 임호정리 282-2","","","임호초등학교","2003-01-15 00:00:00","I","2023-06-13 00:00:00","집단급식소","","","집단급식소","0","0","","","","0","0","0","0","0","","0","0","N","0","","","",
"2431","집단급식소","07_21_02_P","4351000","4351000-105-1997-00002","1997-06-10","","03","폐업","02","폐업","2008-12-19","","","","033 6714322","","","강원특별자치도 양양군 현남면 전포매리 산 47-4","","","동해실버타운","2004-03-25 00:00:00","I","2023-06-13 00:00:00","집단급식소","","","집단급식소","0","0","","","상수도전용","0","0","0","0","0","","0","0","N","0","","","",
"2432","집단급식소","07_21_02_P","4351000","4351000-105-1999-00002","1999-08-26","","03","폐업","02","폐업","2009-01-07","","","","033670 2370","","","강원특별자치도 양양군 양양읍 월리 48-2","","","양양어린이집","2007-03-20 00:00:00","I","2023-06-13 00:00:00","집단급식소","343046.52691673","509118.829614033","집단급식소","0","0","","","상수도전용","0","0","0","0","0","","0","0","N","0","","","",
"2433","집단급식소","07_21_02_P","4351000","4351000-105-1999-00006","1999-08-31","","03","폐업","02","폐업","2006-03-31","","","","033671 4984","","","강원특별자치도 양양군 양양읍 서문리 213","","","서문어린이집","2003-01-15 00:00:00","I","2023-06-13 00:00:00","집단급식소","","","집단급식소","0","0","","","","0","0","0","0","0","","0","0","N","0","","","",
"2434","집단급식소","07_21_02_P","4351000","4351000-105-2003-00001","2003-03-20","","03","폐업","02","폐업","2022-03-30","","","","033 6716106","324.00","","강원특별자치도 양양군 현남면 광진리 78-1 8필지","강원특별자치도 양양군 현남면 매호길 14","25056","현남중학교집단급식소","2022-03-30 09:15:31","I","2023-06-13 00:00:00","학교","355480.416602996","496072.191715119","학교","0","0","","","상수도전용","0","0","0","0","0","","0","0","N","42.8","","","",
"2435","집단급식소","07_21_02_P","4351000","4351000-105-2003-00002","2003-12-26","","03","폐업","02","폐업","2005-05-03","","","","","","","강원특별자치도 양양군 강현면 전진리 55","","","낙산유스호스텔","2005-04-01 00:00:00","I","2023-06-13 00:00:00","집단급식소","342631.0759872","514782.197555714","집단급식소","0","0","","","상수도전용","0","0","0","0","0","","0","0","N","0","","","",
"2436","집단급식소","07_21_02_P","4351000","4351000-105-2005-00001","2005-07-14","","03","폐업","02","폐업","2008-03-03","","","","033 6722468","9.28","","강원특별자치도 양양군 양양읍 연창리 317-7","","","햇빛어린이집","2005-07-14 00:00:00","I","2023-06-13 00:00:00","집단급식소","","","집단급식소","0","0","","","상수도전용","0","0","0","0","0","","0","0","N","9.28","","","",
"2437","집단급식소","07_21_02_P","4351000","4351000-105-2005-00002","2005-07-16","","03","폐업","02","폐업","2024-03-08","","","","033673 7942","","","강원특별자치도 양양군 강현면 하복리 93-4","강원특별자치도 양양군 강현면 장산5길 103-17","25005","사회복지법인 푸름회 강현어린이집","2024-03-08 15:50:22","U","2024-03-10 02:40:00","어린이집","338765.676738005","516200.773932756","어린이집","0","0","","","상수도전용","0","0","0","0","0","","0","0","N","0","","","",
"2438","집단급식소","07_21_02_P","4351000","4351000-105-2005-00003","2005-07-22","","03","폐업","02","폐업","2008-12-01","","","","033671 4520","11.72","","강원특별자치도 양양군 손양면 수여리 119-1","","","꿈을주는어린이집","2007-10-25 17:55:53","I","2023-06-13 00:00:00","집단급식소","","","집단급식소","0","0","","","간이상수도","0","0","0","0","0","","0","0","N","15.12","","","",
"2439","집단급식소","07_21_02_P","4351000","4351000-105-2006-00001","2006-10-11","","03","폐업","02","폐업","2018-01-17","","","","6707766","225.15","","강원특별자치도 양양군 손양면 동호리 산 283 외 77필지","강원특별자치도 양양군 손양면 공항로 230","25042","골든비치골프리조트급식소","2018-01-17 13:11:00","I","2023-06-13 00:00:00","산업체","345916.543033054","506924.392178776","산업체","0","0","","","상수도전용","0","0","0","0","0","자가","0","0","N","105.15","","","",
"2440","집단급식소","07_21_02_P","4351000","4351000-105-2009-00001","2009-08-18","","03","폐업","02","폐업","2021-06-07","","","","033 671 7851","140.40","","강원특별자치도 양양군 양양읍 포월리 266","강원특별자치도 양양군 양양읍 포월새말길 23-23","25013","(주)스피어테크","2021-06-07 15:53:39","I","2023-06-13 00:00:00","산업체","342564.522662349","511769.742994919","산업체","0","0","","","상수도전용","0","0","0","0","0","","0","0","N","29.9","","","",
"2441","집단급식소","07_21_02_P","4351000","4351000-105-2010-00001","2010-07-01","","03","폐업","02","폐업","2015-04-13","","","","033 671 4520","11.72","","강원특별자치도 양양군 손양면 수여리 119-1","","","꿈을주는어린이집","2015-01-03 12:03:17","I","2023-06-13 00:00:00","집단급식소","343961.61801206","509820.734683529","집단급식소","0","0","","","상수도전용","0","0","0","0","0","자가","0","0","N","11.72","","","",
"2442","집단급식소","07_21_02_P","4351000","4351000-105-2010-00002","2010-08-06","","03","폐업","02","폐업","2024-02-29","","","","033 671 2371","16.08","","강원특별자치도 양양군 양양읍 월리 48-2","강원특별자치도 양양군 양양읍 안산1길 36","25032","양양어린이집","2024-02-29 09:54:57","U","2024-03-02 02:40:00","어린이집","343046.52691673","509118.829614033","어린이집","0","0","","","상수도전용","0","0","0","0","0","","0","0","N","16.08","","","",
"2443","집단급식소","07_21_02_P","4351000","4351000-105-2011-00001","2011-08-26","","03","폐업","02","폐업","2024-02-29","","","","033 6722373","206.01","","강원특별자치도 양양군 양양읍 서문리 266","강원특별자치도 양양군 양양읍 고치물길 18","25024","서문어린이집","2024-02-29 10:00:56","U","2024-03-02 02:40:00","어린이집","341637.914128812","509244.90692093","어린이집","0","0","","","상수도전용","0","0","0","0","0","","0","0","N","42.45","","","",
"2444","집단급식소","07_21_02_P","4351000","4351000-105-2012-00001","2012-02-16","","03","폐업","02","폐업","2022-03-30","","","","033 673 8795","74.16","","강원특별자치도 양양군 현북면 어성전리 530","강원특별자치도 양양군 현북면 어성전길 114","25051","현성초등학교급식소","2022-03-30 16:41:09","I","2023-06-13 00:00:00","학교","346298.263930773","495663.015052823","학교","0","0","","","상수도전용","0","0","0","0","0","","0","0","N","21.93","","","",
"2445","집단급식소","07_21_02_P","4351000","4351000-105-2012-00002","2012-03-20","","03","폐업","02","폐업","2024-06-03","","","","033 671 8963","188.77","","강원특별자치도 양양군 양양읍 성내리 17","강원특별자치도 양양군 양양읍 구성사잇길 9","25023","하디어린이집","2024-06-03 10:31:29","U","2024-06-05 02:40:00","어린이집","342062.712488982","509496.759084907","어린이집","0","0","","","상수도전용","0","0","0","0","0","자가","0","0","N","38.28","","","",
