"번호","개방서비스명","개방서비스아이디","개방자치단체코드","관리번호","인허가일자","인허가취소일자","영업상태구분코드","영업상태명","상세영업상태코드","상세영업상태명","폐업일자","휴업시작일자","휴업종료일자","재개업일자","소재지전화","소재지면적","소재지우편번호","소재지전체주소","도로명전체주소","도로명우편번호","사업장명","최종수정시점","데이터갱신구분","데이터갱신일자","업태구분명","좌표정보x(epsg5174)","좌표정보y(epsg5174)","문화체육업종명","문화사업자구분명","총층수","주변환경명","제작취급품목내용","시설면적","지상층수","지하층수","건물용도명","통로너비","조명시설조도","노래방실수","청소년실수","비상계단여부","비상구여부","자동환기여부","청소년실여부","특수조명여부","방음시설여부","비디오재생기명","조명시설유무","음향시설여부","편의시설여부","소방시설여부","총게임기수","기존게임업외업종명","제공게임물명","공연장형태구분명","품목명","최초등록시점","지역구분명",
"1","비디오물제작업","03_10_05_P","4181000","CDFF1241072022000006","2022-02-14","","03","폐업","03","폐업","2025-06-17","","","","","","","강원특별자치도 춘천시 석사동 ***-*","강원특별자치도 춘천시 우석로 **, 혜원빌딩 ***호 (석사동)","24326","스튜디오텔레파시 주식회사","2025-06-17 14:20:12","U","2025-06-19 02:40:00","","265972.29935078","484785.970648172","비디오물제작업","","0","","광고영화,일반영화,홍보영상","26","0","0","","0","0","0","0","","","","","","","","","","","","0","","","","","","",
"2","비디오물제작업","03_10_05_P","4181000","CDFF1241072021000010","2021-05-24","","03","폐업","03","폐업","2023-05-23","","","","","","","강원특별자치도 춘천시 퇴계동 ***-*","강원특별자치도 춘천시 충혼길**번길 *, 지하층 (퇴계동)","24440","모던필름","2023-05-23 17:14:01","I","2023-06-13 00:00:00","","263467.987422209","484735.007834367","비디오물제작업","","0","","비디오물","122.34","0","0","","0","0","0","0","","","","","","","","","","","","0","","","","","","",
"3","비디오물제작업","03_10_05_P","4181000","CDFF1241072020000006","2020-05-06","","03","폐업","03","폐업","2022-01-11","","","","","","","강원특별자치도 춘천시 효자동 ***-**","강원특별자치도 춘천시 효명길 **-*, ***호 (효자동)","24337","행복누리컴퍼니","2022-01-12 11:23:28","I","2023-06-13 00:00:00","","264138.074425968","485436.124593134","비디오물제작업","","0","","영상컨텐츠","33.05","0","0","","0","0","0","0","","","","","","","","","","","","0","","","","","","",
"4","비디오물제작업","03_10_05_P","4181000","CDFF1241072013000002","2013-09-27","","03","폐업","03","폐업","2022-02-17","","","","033)244-1226","","","강원특별자치도 춘천시 동내면 거두리 ****-*","강원특별자치도 춘천시 동내면 거두단지*길 **","24398","주)에스엠아이","2022-02-17 17:38:05","I","2023-06-13 00:00:00","","268681.980227664","484924.761769772","비디오물제작업","","1","","영상,홍보물(동영상)","396.3","1","0","","0","0","0","0","","","","","","","","","","","","0","","","","","","",
"5","비디오물제작업","03_10_05_P","4181000","CDFF1241072018000006","2018-06-11","","03","폐업","03","폐업","2021-06-24","","","","033)256-3033","","","강원특별자치도 춘천시 칠전동 ***-* ***호","강원특별자치도 춘천시 칠전서길 **-*, *층 ***호 (칠전동)","24457","MOCO MEDIA(모코 미디어)","2021-06-24 17:25:14","I","2023-06-13 00:00:00","","262696.28","482327.29","비디오물제작업","","0","","방송,CF,뮤직비디오,홍보영상,기타영상","67.54","2","0","사무실","0","0","0","0","","","","","","","","","","","","0","","","","","","",
"6","비디오물제작업","03_10_05_P","4181000","CDFF1241072018000007","2018-06-21","","03","폐업","03","폐업","2020-09-07","","","","033)263-6430","","","강원특별자치도 춘천시 옥천동 **-* ***호","강원특별자치도 춘천시 서부대성로 **, ***호 (옥천동)","24265","(주)나모","2020-09-07 12:48:06","I","2023-06-13 00:00:00","","264164.780426563","486932.653652089","비디오물제작업","","0","","영상제작","50","1","0","근린생활시설","0","0","0","0","","","","","","","","","","","","0","","","","","","",
"7","비디오물제작업","03_10_05_P","4181000","CDFF1241072018000010","2018-08-29","","03","폐업","03","폐업","2023-06-19","","","","033)482-0459","","","강원특별자치도 양구군 양구읍 상리 ***-*","강원특별자치도 양구군 양구읍 양록길 **","24529","(주)지원산업","2023-06-20 12:59:18","U","2023-06-22 02:40:00","","286288.702554637","511978.475957054","비디오물제작업","","3","기타","실물모형(전시용영상)","170","1","0","","0","0","0","0","","","","","","","","","","","","0","","","","","","일반공업지역",
"8","비디오물제작업","03_10_05_P","4181000","CDFF1241072014000008","2014-06-03","","03","폐업","03","폐업","2023-02-15","","","","070-4217-0515","","","강원특별자치도 춘천시 효자동 ***-*","강원특별자치도 춘천시 강원대학길 * (효자동, 보듬관***호)","24341","렉트웍스","2023-04-07 08:54:26","I","2023-06-13 00:00:00","","265481.557982219","485420.871953344","비디오물제작업","","0","","홍보영상,영상디자인","95.07","0","0","","0","0","0","0","","","","","","","","","","","","0","","","","","","",
"9","비디오물제작업","03_10_05_P","4181000","CDFF1241072016000003","2016-11-11","","03","폐업","03","폐업","2019-02-13","","","","070-8805-2357","","","강원특별자치도 춘천시 서면 덕두원리 **-*","강원특별자치도 춘천시 서면 경춘로 ****-**","24462","넥스트에이비","2019-02-13 13:03:39","I","2023-06-13 00:00:00","","258994.537534301","480943.902647172","비디오물제작업","","0","","기업 및 관공서홍보 영상,문화 교육 및 각종영상 콘텐츠,광고등","28","2","0","","0","0","0","0","","","","","","","","","","","","0","","","","","","",
"10","비디오물제작업","03_10_05_P","4181000","CDFF1241072016000004","2016-11-15","","03","폐업","03","폐업","2019-10-22","","","","033)244-2871","","","강원특별자치도 춘천시 서면 금산리 ****","강원특별자치도 춘천시 서면 박사로 ***, ***호","24461","콘박스 주식회사","2019-10-22 14:36:29","I","2023-06-13 00:00:00","","260819.739664112","488267.312140011","비디오물제작업","","0","","비디오물 홍보영상","244.27","2","0","","0","0","0","0","","","","","","","","","","","","0","","","","","","",
"11","비디오물제작업","03_10_05_P","4181000","CDFF1241072016000005","2016-11-25","","03","폐업","03","폐업","2019-04-24","","","","070-4412-8222","","","강원특별자치도 춘천시 소양로*가 ***-* KT빌딩(*층)","강원특별자치도 춘천시 금강로 ** (소양로*가, KT빌딩(*층))","24272","알리몰리스튜디오(유)","2019-04-24 16:05:55","I","2023-06-13 00:00:00","","263605.961099524","486906.492426088","비디오물제작업","","5","기타","애니메이션영상 및다큐,디지털영상콘텐츠","52.03","4","0","사무실","0","0","0","0","","","","","","","","","","","","0","","","","","","일반상업지역",
"12","비디오물제작업","03_10_05_P","4181000","CDFF1241072023000014","2023-08-17","","01","영업/정상","13","영업중","","","","","","","","강원특별자치도 춘천시 석사동 ***-*","강원특별자치도 춘천시 스무숲*길 **-*, ***호 (석사동)","24416","제이케이 필름 (JK FILM)","2023-08-17 08:50:27","I","2023-08-19 00:19:05","","265966.477050516","483227.061420513","비디오물제작업","","0","","영화, 광고영상","128.91","0","0","","0","0","0","0","","","","","","","","","","","","0","","","","","","",
"13","비디오물제작업","03_10_05_P","4181000","CDFF1241072023000015","2023-09-04","","01","영업/정상","13","영업중","","","","","","","","강원특별자치도 춘천시 동면 만천리 *** KCC스위첸아파트","강원특별자치도 춘천시 동면 만천로 **, ***동 ***호 (KCC스위첸아파트)","24217","너드미디어교육연구","2023-09-04 09:01:39","I","2023-09-06 00:18:13","","267272.264780745","486471.344116625","비디오물제작업","","0","","홍보영상, 바이럴영상","119.72","0","0","","0","0","0","0","","","","","","","","","","","","0","","","","","","",
"14","비디오물제작업","03_10_05_P","4181000","CDFF1241072023000016","2023-09-04","","01","영업/정상","13","영업중","","","","","","","","강원특별자치도 춘천시 후평동 ***-**","강원특별자치도 춘천시 춘천로***번길 **-*, *층 (후평동)","24255","믹스","2023-09-04 09:04:18","I","2023-09-06 00:18:13","","265484.86189232","486916.488820856","비디오물제작업","","0","","홍보영상 제작 및 바이럴 영상","84.81","0","0","","0","0","0","0","","","","","","","","","","","","0","","","","","","",
"15","비디오물제작업","03_10_05_P","4181000","CDFF1241072023000013","2023-06-27","","01","영업/정상","13","영업중","","","","","","","","강원특별자치도 춘천시 약사동 **-*","강원특별자치도 춘천시 약사고개길**번길 *-* (약사동)","24357","하얀 강","2023-06-27 18:01:08","I","2023-06-29 00:19:12","","263841.918724605","485960.700592789","비디오물제작업","","0","","비디오물 제작업","66.15","0","0","","0","0","0","0","","","","","","","","","","","","0","","","","","","",
"16","비디오물제작업","03_10_05_P","4181000","CDFF1241072024000021","2024-09-24","","01","영업/정상","13","영업중","","","","","","","","강원특별자치도 춘천시 후평동 ***-**","강원특별자치도 춘천시 삭주로 ***, *층 (후평동)","24254","인더엘 디자인 스튜디오","2024-09-24 09:49:11","I","2024-09-26 00:13:12","","265496.635389814","487208.465023886","비디오물제작업","","0","","비디오영상","122","0","0","","0","0","0","0","","","","","","","","","","","","0","","","","","","",
"17","비디오물제작업","03_10_05_P","4181000","CDFF1241072024000019","2024-08-29","","01","영업/정상","13","영업중","","","","","","","","강원특별자치도 춘천시 온의동 ***-*","강원특별자치도 춘천시 충혼길**번길 **, ***동 제*호 (온의동)","24437","주식회사 앤디포인트","2024-08-29 15:45:31","I","2024-08-31 00:13:08","","263250.540593552","484452.409041204","비디오물제작업","","0","","비디오물","9","0","0","","0","0","0","0","","","","","","","","","","","","0","","","","","","",
"18","비디오물제작업","03_10_05_P","4181000","CDFF1241072024000020","2024-09-13","","01","영업/정상","13","영업중","","","","","","","","강원특별자치도 춘천시 후평동 ***-**","강원특별자치도 춘천시 후석로***번길 *, ***호 (후평동)","24232","주식회사 씨앤플러스","2024-09-13 17:28:22","I","2024-09-15 00:12:55","","265180.833588324","487804.980235938","비디오물제작업","","0","","비디오물","54.23","0","0","","0","0","0","0","","","","","","","","","","","","0","","","","","","",
"19","비디오물제작업","03_10_05_P","4181000","CDFF1241072020000013","2020-07-02","","01","영업/정상","13","영업중","","","","","","","","강원특별자치도 춘천시 동내면 거두리 ***-* 독도빌딩","강원특별자치도 춘천시 동내면 동내로 *, 독도빌딩 *층","24405","얼핏(Allfit)","2020-07-03 09:46:27","I","2023-06-13 00:00:00","","266326.478609943","483332.946455402","비디오물제작업","","0","","영상","66","0","0","","0","0","0","0","","","","","","","","","","","","0","","","","","","",
"20","비디오물제작업","03_10_05_P","4181000","CDFF1241072020000014","2020-07-07","","01","영업/정상","13","영업중","","","","","0332518900","","","강원특별자치도 춘천시 서면 덕두원리 ***-*","강원특별자치도 춘천시 서면 덕두원길 ***-**","24462","주식회사 알플레이","2024-11-11 13:31:04","U","2024-11-13 02:40:00","","258091.590828189","483915.940984145","비디오물제작업","","0","","광고 및 홍보영상","143.43","0","0","","0","0","0","0","","","","","","","","","","","","0","","","","","","",
"21","비디오물제작업","03_10_05_P","4181000","CDFF1241072020000015","2020-07-15","","01","영업/정상","13","영업중","","","","","","","","강원특별자치도 춘천시 조양동 *-**","강원특별자치도 춘천시 서부대성로 **, *층 (조양동)","24261","주식회사 플래닛033","2021-03-18 11:04:02","I","2023-06-13 00:00:00","","264363.50737177","486787.470122457","비디오물제작업","","0","","광고, 홍보, TV방송","6.6","0","0","","0","0","0","0","","","","","","","","","","","","0","","","","","","",
"22","비디오물제작업","03_10_05_P","4181000","CDFF1241072020000016","2020-07-20","","01","영업/정상","13","영업중","","","","","","","","강원특별자치도 춘천시 요선동 *-**","강원특별자치도 춘천시 서부대성로**번길 *-** (요선동)","24271","하마공작소","2020-07-20 16:27:13","I","2023-06-13 00:00:00","","263965.510501475","486913.592327367","비디오물제작업","","2","","영화,광고,TV방송","62.25","2","0","","0","0","0","0","","","","","","","","","","","","0","","","","","","",
"23","비디오물제작업","03_10_05_P","4181000","CDFF1241072020000017","2020-08-03","","01","영업/정상","13","영업중","","","","","","","","강원특별자치도 춘천시 동면 만천리 ***-* *층","강원특별자치도 춘천시 동면 만천로 **, *층","24217","허니비스튜디오(Honey Bee Studio)","2023-03-08 15:51:01","I","2023-06-13 00:00:00","","267326.699714588","486558.78417775","비디오물제작업","","0","","방송송출영상, 기업및지자체 홍보영상, 유튜브및웨딩영상","144.5","0","0","","0","0","0","0","","","","","","","","","","","","0","","","","","","",
"24","비디오물제작업","03_10_05_P","4181000","CDFF1241072020000018","2020-08-27","","01","영업/정상","13","영업중","","","","","","","","강원특별자치도 춘천시 서면 금산리 ****","강원특별자치도 춘천시 서면 박사로 ***, *층 ***호","24461","주식회사 이노콘텐츠네트워크","2021-02-05 15:50:30","I","2023-06-13 00:00:00","","260819.739664112","488267.312140011","비디오물제작업","","0","","광고, 홍보물, SNS 영상콘텐츠","76.77","0","0","","0","0","0","0","","","","","","","","","","","","0","","","","","","",
"25","비디오물제작업","03_10_05_P","4181000","CDFF1241072020000019","2020-09-17","","01","영업/정상","13","영업중","","","","","","","","강원특별자치도 춘천시 신북읍 유포리 ***-*","강원특별자치도 춘천시 신북읍 맥국*길 **","24203","디자인통","2020-11-17 15:14:04","I","2023-06-13 00:00:00","","268276.603053782","494470.201540696","비디오물제작업","","0","","영상 콘텐츠","162.18","0","0","","0","0","0","0","","","","","","","","","","","","0","","","","","","",
"26","비디오물제작업","03_10_05_P","4181000","CDFF1241072020000020","2020-11-17","","01","영업/정상","13","영업중","","","","","","","","강원특별자치도 춘천시 퇴계동 ***-*","강원특별자치도 춘천시 퇴계공단길 **, A동 좌측일부호 (퇴계동)","24427","미르커뮤티케이션즈","2021-01-10 11:24:07","I","2023-06-13 00:00:00","","265091.867995329","482505.457489483","비디오물제작업","","0","","영상콘텐츠","170","0","0","","0","0","0","0","","","","","","","","","","","","0","","","","","","",
"27","비디오물제작업","03_10_05_P","4181000","CDFF1241072020000021","2020-12-04","","01","영업/정상","13","영업중","","","","","","","","강원특별자치도 춘천시 석사동 ***-*","강원특별자치도 춘천시 우석로 **, ***호 (석사동)","24326","주식회사 텔레파시컴퍼니","2021-01-10 11:23:53","I","2023-06-13 00:00:00","","265972.29935078","484785.970648172","비디오물제작업","","0","","영상콘텐츠","80","0","0","","0","0","0","0","","","","","","","","","","","","0","","","","","","",
"28","비디오물제작업","03_10_05_P","4181000","CDFF1241072021000001","2021-01-15","","01","영업/정상","13","영업중","","","","","","","","강원특별자치도 춘천시 후평동 ***-**","강원특별자치도 춘천시 후석로***번길 *, *층 ***호 (후평동)","24232","로맨틱스튜디오","2025-02-17 09:02:15","U","2025-02-19 02:40:00","","265180.833588324","487804.980235938","비디오물제작업","","0","","영상콘텐츠","8.92","0","0","","0","0","0","0","","","","","","","","","","","","0","","","","","","",
"29","비디오물제작업","03_10_05_P","4181000","CDFF1241072022000002","2022-01-20","","01","영업/정상","13","영업중","","","","","","","","강원특별자치도 춘천시 후평동 *** 금호빌리지","강원특별자치도 춘천시 후만로 ***, ***호 (후평동, 금호빌리지)","24301","주식회사 토양과나무","2022-01-20 09:52:51","I","2023-06-13 00:00:00","","266533.315377313","486448.910650528","비디오물제작업","","0","","광고,홍보,영상물 제작","25.19","0","0","","0","0","0","0","","","","","","","","","","","","0","","","","","","",
"30","비디오물제작업","03_10_05_P","4181000","CDFF1241072022000003","2022-01-22","","01","영업/정상","13","영업중","","","","","","","","강원특별자치도 춘천시 석사동 ***-*","강원특별자치도 춘천시 후석로***번길 **, *층 (석사동)","24320","케이엠지엠 한국마인드 게임멤버 춘천점","2022-03-22 15:20:10","I","2023-06-13 00:00:00","","266278.542920672","485232.083077189","비디오물제작업","","0","","영상콘텐츠","173.23","0","0","","0","0","0","0","","","","","","","","","","","","0","","","","","","",
"31","비디오물제작업","03_10_05_P","4181000","CDFF1241072022000004","2022-01-24","","01","영업/정상","13","영업중","","","","","","","","강원특별자치도 춘천시 동내면 거두리 ****-* *층","강원특별자치도 춘천시 동내면 외솔길**번길 **-*, *층","24400","스튜디오13","2023-03-29 15:46:35","I","2023-06-13 00:00:00","","266397.87732403","484190.790906162","비디오물제작업","","0","","영상","75.4","0","0","","0","0","0","0","","","","","","","","","","","","0","","","","","","",
"32","비디오물제작업","03_10_05_P","4181000","CDFF1241072022000005","2022-02-07","","01","영업/정상","13","영업중","","","","","","","","강원특별자치도 춘천시 후평동 ***-*","강원특별자치도 춘천시 후석로***번길 *, ***호 (후평동)","24232","매스웨이브","2025-07-18 10:07:41","U","2025-07-20 02:40:00","","265474.842593179","487512.552718902","비디오물제작업","","0","","광고 영상","114.4","0","0","","0","0","0","0","","","","","","","","","","","","0","","","","","","",
"33","비디오물제작업","03_10_05_P","4181000","CDFF1241072022000007","2022-04-13","","01","영업/정상","13","영업중","","","","","","","","강원특별자치도 춘천시 후평동 ***-*","강원특별자치도 춘천시 후석로***번길 *, 춘천하이테크타워 ***,***호 (후평동)","24232","주식회사 위드이노베이션","2025-06-12 11:00:09","U","2025-06-15 02:40:00","","265474.842593179","487512.552718902","비디오물제작업","","0","","영상기획,제작","144","0","0","","0","0","0","0","","","","","","","","","","","","0","","","","","","",
"34","비디오물제작업","03_10_05_P","4181000","CDFF1241072022000008","2022-04-19","","01","영업/정상","13","영업중","","","","","","","","강원특별자치도 춘천시 소양로*가 **-*","강원특별자치도 춘천시 소양로***번길 **, ***호 (소양로*가)","24272","협동조합 쓰담","2024-03-20 13:17:19","U","2024-03-22 02:40:00","","263634.215129588","486946.138116957","비디오물제작업","","0","","미디어 콘텐츠","30","0","0","","0","0","0","0","","","","","","","","","","","","0","","","","","","",
"35","비디오물제작업","03_10_05_P","4181000","CDFF1241072022000009","2022-04-22","","01","영업/정상","13","영업중","","","","","","","","강원특별자치도 춘천시 후평동 ***-**","강원특별자치도 춘천시 춘천로***번길 *, *층 (후평동)","24257","주식회사 혜랑컴퍼니","2022-04-22 16:15:04","I","2023-06-13 00:00:00","","265412.570321582","486713.502307113","비디오물제작업","","0","","영상물 제작 및 촬영대행","113.71","0","0","","0","0","0","0","","","","","","","","","","","","0","","","","","","",
"36","비디오물제작업","03_10_05_P","4181000","CDFF1241072022000010","2022-04-26","","01","영업/정상","13","영업중","","","","","","","","강원특별자치도 춘천시 온의동 *** 춘천센트럴파크푸르지오","강원특별자치도 춘천시 스포츠타운길 ***, ***동 ***호 (온의동, 춘천센트럴파크푸르지오)","24430","주식회사 보아필름","2023-01-31 09:13:35","I","2023-06-13 00:00:00","","262505.073730135","485311.518733392","비디오물제작업","","0","","광고.영화 및 비디오물","84.89","0","0","","0","0","0","0","","","","","","","","","","","","0","","","","","","",
"37","비디오물제작업","03_10_05_P","4181000","CDFF1241072022000011","2022-06-28","","01","영업/정상","13","영업중","","","","","","","","강원특별자치도 춘천시 효자동 ***-*","강원특별자치도 춘천시 서부대성로 ***-*, *층 (효자동)","24289","스튜디오 미드나이트","2022-07-25 10:22:01","I","2023-06-13 00:00:00","","265300.66229487","485928.759665185","비디오물제작업","","0","","방송프로그램 제작, 온라인 영상 콘텐츠 제작","168.92","0","0","","0","0","0","0","","","","","","","","","","","","0","","","","","","",
"38","비디오물제작업","03_10_05_P","4181000","CDFF1241072022000012","2022-07-07","","01","영업/정상","13","영업중","","","","","","","","강원특별자치도 춘천시 후평동 ***-*","강원특별자치도 춘천시 후석로***번길 *, 춘천하이테크타워 ***,***,***호 (후평동)","24232","영상문화프로덕션 이리","2022-07-25 10:22:24","I","2023-06-13 00:00:00","","265474.842593179","487512.552718902","비디오물제작업","","0","","사진 및 영상","546","0","0","","0","0","0","0","","","","","","","","","","","","0","","","","","","",
"39","비디오물제작업","03_10_05_P","4181000","CDFF1241072022000013","2022-07-25","","01","영업/정상","13","영업중","","","","","","","","강원특별자치도 춘천시 효자동 ***-*","강원특별자치도 춘천시 춘천로 ***, 메가시티 *층 ***,***호 (효자동)","24329","(주)아이비스퀘어","2022-07-25 11:33:13","I","2023-06-13 00:00:00","","264625.007546706","486195.45439825","비디오물제작업","","0","","동영상","173.54","0","0","","0","0","0","0","","","","","","","","","","","","0","","","","","","",
"40","비디오물제작업","03_10_05_P","4181000","CDFF1241072022000014","2022-09-21","","01","영업/정상","13","영업중","","","","","","","","강원특별자치도 춘천시 효자동 ***-* 강원대학교 공대*호관 ***호","강원특별자치도 춘천시 강원대학길 *, 강원대학교 공대*호관 ***호 (효자동)","24341","에이델","2022-12-13 10:56:25","I","2023-06-13 00:00:00","","265481.557982219","485420.871953344","비디오물제작업","","0","","교육관련 영상물","50","0","0","","0","0","0","0","","","","","","","","","","","","0","","","","","","",
"41","비디오물제작업","03_10_05_P","4181000","CDFF1241072022000015","2021-04-12","","01","영업/정상","13","영업중","","","","","","","","강원특별자치도 춘천시 효자동 ***-*** *층","강원특별자치도 춘천시 성심로**번길 **-*, *층 (효자동)","24294","코끼리픽쳐스","2022-11-07 13:55:57","I","2023-06-13 00:00:00","","265017.17019333","486289.550843021","비디오물제작업","","0","","홍보영상 및 각종 웹동영상","33","0","0","","0","0","0","0","","","","","","","","","","","","0","","","","","","",
"42","비디오물제작업","03_10_05_P","4181000","CDFF1241072022000016","2022-11-08","","01","영업/정상","13","영업중","","","","","","","","강원특별자치도 춘천시 후평동 ***-* ***호","강원특별자치도 춘천시 춘천로 ***, 춘천향군회관 ***호 (후평동)","24278","토이푸딩 주식회사","2022-11-08 15:00:08","I","2023-06-13 00:00:00","","265707.479460274","486826.739740724","비디오물제작업","","0","","동영상","66","0","0","","0","0","0","0","","","","","","","","","","","","0","","","","","","",
"43","비디오물제작업","03_10_05_P","4181000","CDFF1241072022000017","2022-11-18","","01","영업/정상","13","영업중","","","","","","","","강원특별자치도 춘천시 칠전동 ***-* *층","강원특별자치도 춘천시 칠전동*길 **-**, *층 (칠전동)","24456","주식회사 잇다컴퍼니","2023-03-08 15:43:57","I","2023-06-13 00:00:00","","262888.258844871","482648.946963058","비디오물제작업","","0","","비디오물","55.53","0","0","","0","0","0","0","","","","","","","","","","","","0","","","","","","",
"44","비디오물제작업","03_10_05_P","4181000","CDFF1241072023000001","2023-01-13","","01","영업/정상","13","영업중","","","","","","","","강원특별자치도 춘천시 후평동 *** 춘천더샾아파트 ***동 ***호","강원특별자치도 춘천시 후석로 ***, ***동 ***호 (후평동, 춘천더샾아파트)","24278","모스랩","2023-01-13 09:51:18","I","2023-06-13 00:00:00","","265731.803805629","486608.531197095","비디오물제작업","","0","","영상제작","67","0","0","","0","0","0","0","","","","","","","","","","","","0","","","","","","",
"45","비디오물제작업","03_10_05_P","4181000","CDFF1241072023000003","2023-01-25","","01","영업/정상","13","영업중","","","","","","","","강원특별자치도 춘천시 동내면 거두리 **** 춘천거두주공아파트 ***동 ****호","강원특별자치도 춘천시 동내면 거두택지길 **, ***동 ****호 (춘천거두주공아파트)","24399","드론매직","2023-01-25 09:48:31","I","2023-06-13 00:00:00","","266828.063418008","484015.049994818","비디오물제작업","","0","","홍보영상","63.79","0","0","","0","0","0","0","","","","","","","","","","","","0","","","","","","",
"46","비디오물제작업","03_10_05_P","4181000","CDFF1241072023000004","2023-02-21","","01","영업/정상","13","영업중","","","","","","","","강원특별자치도 춘천시 죽림동 **-** *층","강원특별자치도 춘천시 중앙로**번길 **, *층 (죽림동)","24355","길몽","2023-02-21 17:45:56","I","2023-06-13 00:00:00","","263985.892678247","486312.693825843","비디오물제작업","","0","","비디오 및 사진 제작","88.43","0","0","","0","0","0","0","","","","","","","","","","","","0","","","","","","",
"47","비디오물제작업","03_10_05_P","4181000","CDFF1241072023000005","2023-02-21","","01","영업/정상","13","영업중","","","","","","","","강원특별자치도 춘천시 퇴계동 ****-* *층","강원특별자치도 춘천시 효자로 **, *층 (퇴계동)","24370","주식회사 플래그홀딩스","2023-02-21 18:09:33","I","2023-06-13 00:00:00","","263861.157611974","485010.927143492","비디오물제작업","","0","","비디오 영상 제작","100","0","0","","0","0","0","0","","","","","","","","","","","","0","","","","","","",
"48","비디오물제작업","03_10_05_P","4181000","CDFF1241072023000006","2023-03-03","","01","영업/정상","13","영업중","","","","","","","","강원특별자치도 춘천시 요선동 **-* *층","강원특별자치도 춘천시 서부대성로**번길 *, *층 (요선동)","24271","주식회사 필란트로피커뮤니케이션 선","2023-03-03 13:54:52","I","2023-06-13 00:00:00","","263960.579524485","486897.723624567","비디오물제작업","","0","","광고영상, 웨딩영상","347.98","0","0","","0","0","0","0","","","","","","","","","","","","0","","","","","","",
"49","비디오물제작업","03_10_05_P","4181000","CDFF1241072023000007","2023-03-04","","01","영업/정상","13","영업중","","","","","","","","강원특별자치도 춘천시 칠전동 ***-*","강원특별자치도 춘천시 칠전서*길 **-*, *층 (칠전동)","24457","대한DNC","2025-01-23 14:22:18","U","2025-01-25 02:40:00","","262739.615054449","482630.969449832","비디오물제작업","","0","","영상","23.14","0","0","","0","0","0","0","","","","","","","","","","","","0","","","","","","",
"50","비디오물제작업","03_10_05_P","4181000","CDFF1241072023000008","2023-03-06","","01","영업/정상","13","영업중","","","","","","","","강원특별자치도 춘천시 석사동 ***-* ***호","강원특별자치도 춘천시 우석로 **, ***호 (석사동)","24324","도기컴퍼니","2023-03-06 16:28:51","I","2023-06-13 00:00:00","","266157.13614309","484957.28729941","비디오물제작업","","0","","비디오물","26.44","0","0","","0","0","0","0","","","","","","","","","","","","0","","","","","","",
"51","비디오물제작업","03_10_05_P","4181000","CDFF1241072023000009","2023-03-14","","01","영업/정상","13","영업중","","","","","","","","강원특별자치도 춘천시 효자동 ***-* 지하*층","강원특별자치도 춘천시 백령로***번길 **, 지하*층 (효자동)","24295","협동조합 가시광선","2023-12-12 18:01:26","U","2023-12-14 02:40:00","","265204.2886517","486118.4372044","비디오물제작업","","0","","광고영상","115.7","0","0","","0","0","0","0","","","","","","","","","","","","0","","","","","","",
"52","비디오물제작업","03_10_05_P","4181000","CDFF1241072023000010","2023-03-29","","01","영업/정상","13","영업중","","","","","","","","강원특별자치도 춘천시 칠전동 ***-* *층","강원특별자치도 춘천시 칠전서길 *-*, *층 (칠전동)","24457","프리투플라이","2023-03-29 10:50:01","I","2023-06-13 00:00:00","","262715.867450473","482152.466289245","비디오물제작업","","0","","동영상제작","96.36","0","0","","0","0","0","0","","","","","","","","","","","","0","","","","","","",
"53","비디오물제작업","03_10_05_P","4181000","CDFF1241072023000011","2023-04-19","","01","영업/정상","13","영업중","","","","","","","","강원특별자치도 춘천시 후평동 ***-*","강원특별자치도 춘천시 후석로***번길 *, ***호 (후평동)","24232","터그","2025-04-28 13:01:18","U","2025-04-30 02:40:00","","265474.842593179","487512.552718902","비디오물제작업","","0","","홍보영상 및 영상콘텐츠","96","0","0","","0","0","0","0","","","","","","","","","","","","0","","","","","","",
"54","비디오물제작업","03_10_05_P","4181000","CDFF1241072023000012","2023-05-01","","01","영업/정상","13","영업중","","","","","","","","강원특별자치도 춘천시 퇴계동 ***-* 그린타운아파트 ***동 ***호","강원특별자치도 춘천시 춘주로 ***, 그린타운아파트 ***동 ***호 (퇴계동, 그린타운아파트)","24450","스튜디오2에프(STUDIO2F)","2023-05-01 17:26:18","I","2023-06-13 00:00:00","","263969.689717852","484117.82646055","비디오물제작업","","0","","사진, 영상","99.99","0","0","","0","0","0","0","","","","","","","","","","","","0","","","","","","",
"55","비디오물제작업","03_10_05_P","4181000","CDFF1241072021000002","2021-01-15","","01","영업/정상","13","영업중","","","","","","","","강원특별자치도 춘천시 후평동 ***-** 후평공단 *동 *층 *호","강원특별자치도 춘천시 후석로***번길 **, 후평공단 *동 *층 *호 (후평동)","24232","스탠딩플러스","2023-03-06 15:24:29","I","2023-06-13 00:00:00","","265337.030473427","487891.43582197","비디오물제작업","","0","","사진, 영화, 동영상 및 비디오제작물","23.18","0","0","","0","0","0","0","","","","","","","","","","","","0","","","","","","",
"56","비디오물제작업","03_10_05_P","4181000","CDFF1241072021000003","2021-01-27","","01","영업/정상","13","영업중","","","","","","","","강원특별자치도 춘천시 소양로*가 ***-* 신동아아파트","강원특별자치도 춘천시 서부대성로 **, **호 (소양로*가, 신동아아파트)","24272","(주)세원","2021-05-06 13:09:42","I","2023-06-13 00:00:00","","263675.833817836","487157.336209289","비디오물제작업","","0","","동영상콘텐츠","56.1","0","0","","0","0","0","0","","","","","","","","","","","","0","","","","","","",
"57","비디오물제작업","03_10_05_P","4181000","CDFF1241072021000004","2021-02-05","","01","영업/정상","13","영업중","","","","","","","","강원특별자치도 춘천시 효자동 ***-**","강원특별자치도 춘천시 서부대성로 ***, *층 (효자동)","24330","주식회사 창작마을 궁리","2021-02-17 09:24:36","I","2023-06-13 00:00:00","","264727.992818536","486201.854424478","비디오물제작업","","0","","영상콘텐츠","105.7","0","0","","0","0","0","0","","","","","","","","","","","","0","","","","","","",
"58","비디오물제작업","03_10_05_P","4181000","CDFF1241072021000005","2021-02-17","","01","영업/정상","13","영업중","","","","","","","","강원특별자치도 춘천시 후평동 ***-*","강원특별자치도 춘천시 춘천로 ***, 덕영빌딩 *층 (후평동)","24296","프로젝트 단","2021-03-23 15:51:25","I","2023-06-13 00:00:00","","265985.575750925","487429.461332668","비디오물제작업","","0","","영상콘텐츠","110.9","0","0","","0","0","0","0","","","","","","","","","","","","0","","","","","","",
"59","비디오물제작업","03_10_05_P","4181000","CDFF1241072021000006","2021-03-23","","01","영업/정상","13","영업중","","","","","","","","강원특별자치도 춘천시 서면 덕두원리 ***-*","강원특별자치도 춘천시 서면 덕두원길 ***-**, *층","24462","주식회사 아뜰리에포노마드","2024-11-11 16:47:24","U","2024-11-13 02:40:00","","258091.590828189","483915.940984145","비디오물제작업","","0","","비디오물","28","0","0","","0","0","0","0","","","","","","","","","","","","0","","","","","","",
"60","비디오물제작업","03_10_05_P","4181000","CDFF1241072021000007","2021-03-24","","01","영업/정상","13","영업중","","","","","0332513600","","","강원특별자치도 춘천시 퇴계동 ***-*","강원특별자치도 춘천시 퇴계농공로 **, ***호 (퇴계동)","24427","주식회사 망고트리","2023-03-15 13:15:14","I","2023-06-13 00:00:00","","265308.03412475","482777.392253641","비디오물제작업","","0","","영상 콘텐츠","56","0","0","","0","0","0","0","","","","","","","","","","","","0","","","","","","",
"61","비디오물제작업","03_10_05_P","4181000","CDFF1241072021000008","2021-04-15","","01","영업/정상","13","영업중","","","","","033-253-7111","","","강원특별자치도 춘천시 신동면 증리 ***","강원특별자치도 춘천시 신동면 풍류*길 **","24412","사단법인 문화프로덕션 도모","2021-05-04 11:45:03","I","2023-06-13 00:00:00","","263303.561372561","479735.155951467","비디오물제작업","","0","","비디오물","358","0","0","","0","0","0","0","","","","","","","","","","","","0","","","","","","",
"62","비디오물제작업","03_10_05_P","4181000","CDFF1241072021000011","2021-06-16","","01","영업/정상","13","영업중","","","","","","","","강원특별자치도 춘천시 우두동 ***-*","강원특별자치도 춘천시 충열로***번길 **-* (우두동)","24227","봄내미디어협동조합","2021-06-29 15:41:56","I","2023-06-13 00:00:00","","265324.855806236","489481.264508681","비디오물제작업","","0","","영상물, 온라인 영상콘텐츠, 온라인 라이브스트리밍","21","0","0","","0","0","0","0","","","","","","","","","","","","0","","","","","","",
"63","비디오물제작업","03_10_05_P","4181000","CDFF1241072021000012","2021-06-29","","01","영업/정상","13","영업중","","","","","033-255-0920","","","강원특별자치도 춘천시 중앙로*가 ** 강원일보사","강원특별자치도 춘천시 중앙로 **, 강원일보사 *층 (중앙로*가)","24346","(주)강일비에스지","2023-11-28 15:26:56","U","2023-11-30 02:40:00","","264059.690517466","486908.838008865","비디오물제작업","","0","","비디오 및 유튜브 영상","85.8","0","0","","0","0","0","0","","","","","","","","","","","","0","","","","","","",
"64","비디오물제작업","03_10_05_P","4181000","CDFF1241072021000014","2021-10-12","","01","영업/정상","13","영업중","","","","","033-264-1697","","","강원특별자치도 춘천시 효자동 ***-**","강원특별자치도 춘천시 공지로 *** (효자동)","24337","(주)하울링","2021-10-12 14:56:29","I","2023-06-13 00:00:00","","264094.491940546","485446.133995486","비디오물제작업","","4","기타","영상,비디오물,유튜브컨텐츠","134.3","2","0","근린생활시설","0","0","0","0","","","","","","","","","","","","0","","","","","","일반상업지역",
"65","비디오물제작업","03_10_05_P","4181000","CDFF1241072021000015","2021-10-18","","01","영업/정상","13","영업중","","","","","033-257-3855","","","강원특별자치도 춘천시 우두동 ***-*","강원특별자치도 춘천시 우두강둑길 *** (우두동)","24227","도서출판 산책","2023-11-29 14:01:56","U","2023-12-01 02:40:00","","265372.565093576","489370.212986287","비디오물제작업","","0","기타","영상물,광고영상","66","0","0","사무실","0","0","0","0","","","","","","","","","","","","0","","","","","","일반주거지역",
"66","비디오물제작업","03_10_05_P","4181000","CDFF1241072021000016","2021-10-22","","01","영업/정상","13","영업중","","","","","","","","강원특별자치도 춘천시 후평동 ***-* ***호","강원특별자치도 춘천시 후석로***번길 *, ***호 (후평동)","24232","띠자인","2022-11-24 09:22:24","I","2023-06-13 00:00:00","","265474.842593179","487512.552718902","비디오물제작업","","0","기타","영상","165.18","0","0","","0","0","0","0","","","","","","","","","","","","0","","","","","","",
"67","비디오물제작업","03_10_05_P","4181000","CDFF1241072021000017","2021-11-15","","01","영업/정상","13","영업중","","","","","","","","강원특별자치도 춘천시 효자동 ***-*","강원특별자치도 춘천시 서부대성로***번길 **, *층 *호 (효자동)","24331","안녕하는사이","2025-01-06 11:25:22","U","2025-01-08 02:40:00","","265031.329721675","485806.314952499","비디오물제작업","","0","","동영상","71.84","0","0","","0","0","0","0","","","","","","","","","","","","0","","","","","","",
"68","비디오물제작업","03_10_05_P","4181000","CDFF1241072021000019","2021-12-08","","01","영업/정상","13","영업중","","","","","","","","강원특별자치도 춘천시 동내면 거두리 ***-*","강원특별자치도 춘천시 동내면 춘천순환로 **, ***호","24404","(주)스포티스트","2021-12-08 16:18:33","I","2023-06-13 00:00:00","","265967.686619859","483875.640969007","비디오물제작업","","0","","스포츠영상","144.4","0","0","","0","0","0","0","","","","","","","","","","","","0","","","","","","",
"69","비디오물제작업","03_10_05_P","4181000","CDFF1241072021000020","2021-12-08","","01","영업/정상","13","영업중","","","","","","","","강원특별자치도 춘천시 낙원동 ***-*","강원특별자치도 춘천시 중앙로 ***, ***호 (낙원동)","24274","주식회사 투웨이컴","2021-12-08 17:53:32","I","2023-06-13 00:00:00","","263506.47669895","486290.353264826","비디오물제작업","","0","","광고홍보물,웹컨텐츠","132.23","0","0","","0","0","0","0","","","","","","","","","","","","0","","","","","","",
"70","비디오물제작업","03_10_05_P","4181000","CDFF1241072022000001","2022-01-20","","01","영업/정상","13","영업중","","","","","033-242-5655","","","강원특별자치도 춘천시 조양동 *-***","강원특별자치도 춘천시 시청길 **, 해찬빌딩 ***호 (조양동)","24348","주식회사 아이앤미디어","2022-01-24 17:46:27","I","2023-06-13 00:00:00","","264256.518818601","486741.3242034","비디오물제작업","","0","","동영상제작,콘텐츠제작","324.44","0","0","","0","0","0","0","","","","","","","","","","","","0","","","","","","",
"71","비디오물제작업","03_10_05_P","4181000","CDFF1241072017000007","2017-08-10","","01","영업/정상","13","영업중","","","","","","","","강원특별자치도 춘천시 서면 금산리 **** 강원창작개발센터 ***호","강원특별자치도 춘천시 서면 박사로 ***, *층 ***호 (강원창작개발센터)","24461","(주)에스아이디 커뮤니케이션즈","2018-03-14 13:20:05","I","2023-06-13 00:00:00","","260819.739664112","488267.312140011","비디오물제작업","","0","","영상,콘텐츠제작","151.25","2","0","사무실","0","0","0","0","","","","","","","","","","","","0","","","","","","",
"72","비디오물제작업","03_10_05_P","4181000","CDFF1241072017000008","2017-08-29","","01","영업/정상","13","영업중","","","","","033-255-9961","","","강원특별자치도 춘천시 후평동 ***-*","강원특별자치도 춘천시 소양강로 **, ***호 (후평동)","24232","주식회사 온라인코리아","2024-12-20 17:31:47","U","2024-12-22 02:40:00","","265110.09316187","487896.259846263","비디오물제작업","","0","","비디오물영상제작","82.64","2","0","근린생활시설","0","0","0","0","","","","","","","","","","","","0","","","","","","",
"73","비디오물제작업","03_10_05_P","4181000","CDFF1241072017000009","2017-08-29","","01","영업/정상","13","영업중","","","","","","","","강원특별자치도 춘천시 후평동 ***-*","강원특별자치도 춘천시 후석로***번길 *, 하이테크타워 ***호 (후평동)","24232","플레이협동조합","2025-05-07 15:40:53","U","2025-05-09 02:40:00","","265474.842593179","487512.552718902","비디오물제작업","","0","","홍보영상,광고영상,웹 콘텐츠제작","39","4","0","","0","0","0","0","","","","","","","","","","","","0","","","","","","",
"74","비디오물제작업","03_10_05_P","4181000","CDFF1241072017000010","2017-09-25","","01","영업/정상","13","영업중","","","","","","","","강원특별자치도 춘천시 후평동 ***-**","강원특별자치도 춘천시 후석로***번길 *, *층 ***호 (후평동)","24232","C&C(씨앤씨)","2025-02-04 14:21:51","U","2025-02-06 02:40:00","","265180.833588324","487804.980235938","비디오물제작업","","0","","비디오영상물","74.63","3","0","","0","0","0","0","","","","","","","","","","","","0","","","","","","",
"75","비디오물제작업","03_10_05_P","4181000","CDFF1241072017000011","2017-10-20","","01","영업/정상","13","영업중","","","","","","","","강원특별자치도 춘천시 온의동 **-** 금호*차아파트 *동 ****호","강원특별자치도 춘천시 스포츠타운길 ***, *동 ****호 (온의동, 금호*차아파트)","24429","하얀강","2018-03-14 13:43:56","I","2023-06-13 00:00:00","","262796.847730253","485510.154731301","비디오물제작업","","0","아파트지역","영상제작","84.57","0","0","아파트","0","0","0","0","","","","","","","","","","","","0","","","","","","",
"76","비디오물제작업","03_10_05_P","4181000","CDFF1241072017000012","2017-10-25","","01","영업/정상","13","영업중","","","","","","","","강원특별자치도 춘천시 효자동 *** *층","강원특별자치도 춘천시 공지로 ***, *층 (효자동, 춘천시 다문화가족지원센터)","24372","쿨워터멜론 주식회사","2018-03-14 13:44:13","I","2023-06-13 00:00:00","","264312.5178044","485239.21704575","비디오물제작업","","0","","영상물제작,행사기획 등","3.3","4","0","","0","0","0","0","","","","","","","","","","","","0","","","","","","",
"77","비디오물제작업","03_10_05_P","4181000","CDFF1241072017000013","2017-11-10","","01","영업/정상","13","영업중","","","","","033)241-5991","","","강원특별자치도 춘천시 요선동 *-* 비아문하우스 *층","강원특별자치도 춘천시 서부대성로**번길 **, *층 (요선동, 비아문하우스)","24270","(주) 티이오커뮤니케이션","2018-03-14 13:44:28","I","2023-06-13 00:00:00","","264042.119287147","487080.049988097","비디오물제작업","","0","","비디오물","162.95","4","0","","0","0","0","0","","","","","","","","","","","","0","","","","","","",
"78","비디오물제작업","03_10_05_P","4181000","CDFF1241072017000014","2017-11-13","","01","영업/정상","13","영업중","","","","","","","","강원특별자치도 춘천시 효자동 *** 시*인 창조기업비즈니스센터 *층","강원특별자치도 춘천시 공지로 ***, *층 (효자동, 춘천시*인 창조기업비즈니스센터)","24372","그리다춘천","2018-03-14 13:18:51","I","2023-06-13 00:00:00","","264312.5178044","485239.21704575","비디오물제작업","","0","","홍보영상제작,비디오물제작,애니메이션","3.3","4","0","","0","0","0","0","","","","","","","","","","","","0","","","","","","",
"79","비디오물제작업","03_10_05_P","4181000","CDFF1241072020000003","2019-06-17","","01","영업/정상","13","영업중","","","","","","","","강원특별자치도 춘천시 운교동 ***-**","강원특별자치도 춘천시 춘천로***번길 *, *층, 지하 (운교동)","24335","덕이필름","2020-06-19 14:37:46","I","2023-06-13 00:00:00","","264232.667540118","486101.864169207","비디오물제작업","","0","","광고,영화,소셜영상콘텐츠,비디오물","87.63","0","0","","0","0","0","0","","","","","","","","","","","","0","","","","","","",
"80","비디오물제작업","03_10_05_P","4181000","CDFF1241072020000004","2020-04-16","","01","영업/정상","13","영업중","","","","","","","","강원특별자치도 춘천시 후평동 ***-**","강원특별자치도 춘천시 춘천로 ***-*, ***호 (후평동)","24292","주식회사 플로잉미디어","2020-06-26 15:53:21","I","2023-06-13 00:00:00","","265257.320991908","486570.537608356","비디오물제작업","","0","","비디오물제작업","411.2","0","0","","0","0","0","0","","","","","","","","","","","","0","","","","","","",
"81","비디오물제작업","03_10_05_P","4181000","CDFF1241072020000005","2020-05-06","","01","영업/정상","13","영업중","","","","","033-255-6208","","","강원특별자치도 춘천시 후평동 ***-*","강원특별자치도 춘천시 후석로***번길 *, ***호 (후평동)","24232","보다협동조합","2024-04-01 17:57:58","U","2024-04-03 02:40:00","","265474.842593179","487512.552718902","비디오물제작업","","0","","영상컨텐츠 제작","45.59","0","0","","0","0","0","0","","","","","","","","","","","","0","","","","","","",
"82","비디오물제작업","03_10_05_P","4181000","CDFF1241072020000007","2020-05-06","","01","영업/정상","13","영업중","","","","","","","","강원특별자치도 춘천시 신동면 증리 ***-*","강원특별자치도 춘천시 신동면 김유정로 ****, 유정프라자 비동 ***호","24412","주식회사 어게인","2020-06-19 14:36:52","I","2023-06-13 00:00:00","","262916.479743035","479728.705273747","비디오물제작업","","0","","영상컨텐츠","37.24","0","0","","0","0","0","0","","","","","","","","","","","","0","","","","","","",
"83","비디오물제작업","03_10_05_P","4181000","CDFF1241072020000008","2020-06-10","","01","영업/정상","13","영업중","","","","","","","","강원특별자치도 춘천시 퇴계동 **** e편한세상 춘천 한숲시티","강원특별자치도 춘천시 안마산로 ***, ***동 ****호 (퇴계동, e편한세상 춘천 한숲시티)","24448","우람필름","2020-06-19 14:36:31","I","2023-06-13 00:00:00","","264260.591704341","483777.59503768","비디오물제작업","","0","","영상콘텐츠","74.9","0","0","","0","0","0","0","","","","","","","","","","","","0","","","","","","",
"84","비디오물제작업","03_10_05_P","4181000","CDFF1241072020000009","2020-06-20","","01","영업/정상","13","영업중","","","","","","","","강원특별자치도 춘천시 온의동 ***-*","강원특별자치도 춘천시 춘주로**번길 **-*, *층 (온의동)","24438","불개미커뮤니케이션","2021-06-23 18:04:51","I","2023-06-13 00:00:00","","263199.334547494","484361.871652775","비디오물제작업","","0","","영상컨텐츠 제작","292.8","0","0","","0","0","0","0","","","","","","","","","","","","0","","","","","","",
"85","비디오물제작업","03_10_05_P","4181000","CDFF1241072020000010","2020-06-24","","01","영업/정상","13","영업중","","","","","","","","강원특별자치도 춘천시 칠전동 ***-*","강원특별자치도 춘천시 칠전동*길 *-*, ***호 (칠전동)","24456","주식회사 곰스웍스","2020-06-25 19:14:57","I","2023-06-13 00:00:00","","262900.207678438","482194.804850432","비디오물제작업","","0","","일반 비디오물 제작, 방송프로그램 제작, TV 광고, 홍보영상, 온라인 영상콘텐츠 제작","63.6","0","0","","0","0","0","0","","","","","","","","","","","","0","","","","","","",
"86","비디오물제작업","03_10_05_P","4181000","CDFF1241072020000011","2020-06-26","","01","영업/정상","13","영업중","","","","","","","","강원특별자치도 춘천시 동면 감정리 ***-*","강원특별자치도 춘천시 동면 연산골길 ***","24212","크로체미디어","2020-06-26 18:26:03","I","2023-06-13 00:00:00","","269418.207766047","488446.854875326","비디오물제작업","","0","","영상콘텐츠","114.75","0","0","","0","0","0","0","","","","","","","","","","","","0","","","","","","",
"87","비디오물제작업","03_10_05_P","4181000","CDFF1241072020000012","2020-06-30","","01","영업/정상","13","영업중","","","","","","","","강원특별자치도 춘천시 요선동 ***-*","강원특별자치도 춘천시 소양고개길 ** (요선동)","24272","주식회사 히비스엘앤비","2022-09-16 11:39:51","I","2023-06-13 00:00:00","","263847.689815308","486866.497847132","비디오물제작업","","0","","광고, 홍보, 마케팅 등 영상물 일체","13.5","0","0","","0","0","0","0","","","","","","","","","","","","0","","","","","","",
"88","비디오물제작업","03_10_05_P","4181000","CDFF1241072019000002","2019-02-14","","01","영업/정상","13","영업중","","","","","033)254-5525","","","강원특별자치도 춘천시 소양로*가 **-*","강원특별자치도 춘천시 소양로 *** (소양로*가)","24247","옥스테크(주)","2019-05-20 09:11:06","I","2023-06-13 00:00:00","","263787.958432988","487834.193467715","비디오물제작업","","1","","공장 소재지 등재(신고)","117.77","1","0","사무실","0","0","0","0","","","","","","","","","","","","0","","","","","","일반주거지역",
"89","비디오물제작업","03_10_05_P","4181000","CDFF1241072019000003","2019-02-21","","01","영업/정상","13","영업중","","","","","","","","강원특별자치도 춘천시 요선동 **-**","강원특별자치도 춘천시 서부대성로**번길 ** (요선동)","24272","내이처그라피","2019-02-21 11:22:58","I","2023-06-13 00:00:00","","263904.388963209","486752.853708752","비디오물제작업","","0","","홍보,기록,웨딩영상제작기획","113.38","2","0","사무실","0","0","0","0","","","","","","","","","","","","0","","","","","","",
"90","비디오물제작업","03_10_05_P","4181000","CDFF1241072019000004","2019-02-26","","01","영업/정상","13","영업중","","","","","","","","강원특별자치도 춘천시 서면 덕두원리 **-*","강원특별자치도 춘천시 서면 경춘로 ****-**, NAB R&D큐브","24462","넥스트 에이비","2023-04-19 17:23:59","I","2023-06-13 00:00:00","","258994.537534301","480943.902647172","비디오물제작업","","0","","홍보영상,문화교육콘텐츠 각종영상,광보물 등","46.46","0","0","","0","0","0","0","","","","","","","","","","","","0","","","","","","",
"91","비디오물제작업","03_10_05_P","4181000","CDFF1241072019000006","2019-05-20","","01","영업/정상","13","영업중","","","","","033)263 2312","","","강원특별자치도 춘천시 석사동 ***-*","강원특별자치도 춘천시 벌말길 **-* (석사동)","24383","자인 이엔엠(Zain E&M)","2019-05-20 09:11:25","I","2023-06-13 00:00:00","","265359.897779393","484472.741961012","비디오물제작업","","0","","방송제작,영상물제작","50","0","0","","0","0","0","0","","","","","","","","","","","","0","","","","","","",
"92","비디오물제작업","03_10_05_P","4181000","CDFF1241072019000007","2019-06-05","","01","영업/정상","13","영업중","","","","","033)2563033","","","강원특별자치도 춘천시 칠전동 ***-* ***호","강원특별자치도 춘천시 칠전서길 **-*, *층 ***호 (칠전동)","24457","주식회사 모코미디어","2019-06-05 18:19:32","I","2023-06-13 00:00:00","","262696.28","482327.29","비디오물제작업","","0","","홍보영상광고,비디오물제작","67.54","2","0","","0","0","0","0","","","","","","","","","","","","0","","","","","","",
"93","비디오물제작업","03_10_05_P","4181000","CDFF1241072019000008","2019-06-11","","01","영업/정상","13","영업중","","","","","07073333450","","","강원특별자치도 춘천시 효자동 *** 춘천시 다문화가족지원센터","강원특별자치도 춘천시 공지로 ***, 춘천시 다문화가족지원센터 (효자동)","24372","주식회사 필립","2019-06-11 08:55:50","I","2023-06-13 00:00:00","","264312.5178044","485239.21704575","비디오물제작업","","0","","애니메이션,홍보영상,다큐멘터리,미디어파사드","274.54","0","1","","0","0","0","0","","","","","","","","","","","","0","","","","","","",
"94","비디오물제작업","03_10_05_P","4181000","CDFF1241072019000009","2019-06-24","","01","영업/정상","13","영업중","","","","","","","","강원특별자치도 춘천시 효자동 ***-**","강원특별자치도 춘천시 효자로 *** (효자동)","24330","주식회사 더픽트","2024-04-08 17:55:59","U","2024-04-10 02:40:00","","264629.1261171","486096.682005693","비디오물제작업","","0","","홍보영상,VR영상,모션그래픽","66.67","0","0","","0","0","0","0","","","","","","","","","","","","0","","","","","","",
"95","비디오물제작업","03_10_05_P","4181000","CDFF1241072019000010","2019-07-19","","01","영업/정상","13","영업중","","","","","033)260-9404","","","강원특별자치도 춘천시 후평동 ***-** 강원도민일보사","강원특별자치도 춘천시 후석로***번길 **, 강원도민일보사 (후평동)","24232","(주)강원도민일보","2019-07-19 16:16:14","I","2023-06-13 00:00:00","","265362.547389981","487738.066426709","비디오물제작업","","3","기타","영상물제작","94.71","3","0","사무실","0","0","0","0","","","","","","","","","","","","0","","","","","","공업지역",
"96","비디오물제작업","03_10_05_P","4181000","CDFF1241072019000011","2019-08-13","","01","영업/정상","13","영업중","","","","","033-243-1260","","","강원특별자치도 춘천시 서면 금산리 ****","강원특별자치도 춘천시 서면 박사로 ***, 강원창작개발센터 ***호","24461","협동조합 스토리봄","2022-08-26 13:12:47","I","2023-06-13 00:00:00","","260819.739664112","488267.312140011","비디오물제작업","","0","","광보홍보영상물,방송프로그램","33","0","0","","0","0","0","0","","","","","","","","","","","","0","","","","","","",
"97","비디오물제작업","03_10_05_P","4181000","CDFF1241072019000012","2019-09-25","","01","영업/정상","13","영업중","","","","","","","","강원특별자치도 춘천시 소양로*가 ***","강원특별자치도 춘천시 금강로 **, *층 (소양로*가)","24273","주식회사 아이엠커뮤니케이션즈","2020-06-23 17:25:35","I","2023-06-13 00:00:00","","263773.345710859","486758.193082647","비디오물제작업","","0","","영상물제작 및 촬영","3.3","4","0","","0","0","0","0","","","","","","","","","","","","0","","","","","","",
"98","비디오물제작업","03_10_05_P","4181000","CDFF1241072019000013","2019-10-17","","01","영업/정상","13","영업중","","","","","033)251-3600","","","강원특별자치도 춘천시 삼천동 **-*","강원특별자치도 춘천시 선들길 ** (삼천동)","24239","망고트리","2019-10-17 15:24:31","I","2023-06-13 00:00:00","","262049.655345303","485024.348947197","비디오물제작업","","2","주택가주변","기업제품 홍보영상 촬영 및 편집","55.6","1","0","단독주택","0","0","0","0","","","","","","","","","","","","0","","","","","","일반주거지역",
"99","비디오물제작업","03_10_05_P","4181000","CDFF1241072019000014","2019-11-11","","01","영업/정상","13","영업중","","","","","033)253-3674","","","강원특별자치도 춘천시 석사동 ***-* ***호","강원특별자치도 춘천시 스무숲*길 **-**, ***호 (석사동)","24416","주식회사 조영정보기술","2019-11-11 09:27:57","I","2023-06-13 00:00:00","","265936.328052239","483246.502823144","비디오물제작업","","0","","영상,홍보용 동영상 제작","50","0","0","식품위생시설","0","0","0","0","","","","","","","","","","","","0","","","","","","",
"100","비디오물제작업","03_10_05_P","4181000","CDFF1241072019000015","2019-11-15","","01","영업/정상","13","영업중","","","","","1688-2887","","","강원특별자치도 춘천시 동내면 거두리 ***-*","강원특별자치도 춘천시 동내면 공지로 **-**","24404","케이팝 코인노래뮤비방","2019-11-15 17:11:59","I","2023-06-13 00:00:00","","266053.123232477","483837.490977581","비디오물제작업","","0","","뮤직비디오","26.45","0","0","","0","0","0","0","","","","","","","","","","","","0","","","","","","",
"101","비디오물제작업","03_10_05_P","4181000","CDFF1241072019000016","2019-11-15","","01","영업/정상","13","영업중","","","","","070-4472-2634","","","강원특별자치도 춘천시 요선동 *-* 무림빌딩 *층","강원특별자치도 춘천시 중앙로 **, 무림빌딩 *층 (요선동)","24270","(주)스프링웍스","2022-11-29 09:44:20","I","2023-06-13 00:00:00","","264031.06629739","487005.67164652","비디오물제작업","","0","주택가주변","영상컨텐츠제작","165.29","6","0","교육연구시설","0","0","0","0","","","","","","","","","","","","0","","","","","","",
"102","비디오물제작업","03_10_05_P","4181000","CDFF1241072019000017","2019-12-06","","01","영업/정상","13","영업중","","","","","","","","강원특별자치도 춘천시 효자동 ***-* 강원대학교,보듬관 ***호","강원특별자치도 춘천시 강원대학길 *, 강원대학교 보듬관동 ***호 (효자동)","24341","(주)라차박스","2019-12-06 13:38:56","I","2023-06-13 00:00:00","","265481.557982219","485420.871953344","비디오물제작업","","0","","방송영상콘텐츠제작,애니메이션제작,캐릭터개발","72.74","0","0","","0","0","0","0","","","","","","","","","","","","0","","","","","","",
"103","비디오물제작업","03_10_05_P","4181000","CDFF1241072020000001","2020-01-15","","01","영업/정상","13","영업중","","","","","","","","강원특별자치도 춘천시 효자동 ***-* 강원대학교 *호","강원특별자치도 춘천시 강원대학길 *, 강원대학교 *층 *호 (효자동)","24341","뷰티풀커넥트","2020-01-15 09:54:19","I","2023-06-13 00:00:00","","265481.557982219","485420.871953344","비디오물제작업","","0","","공공,홍보,보도 및 엔터테인먼트관련 동영상","46","2","0","교육연구시설","0","0","0","0","","","","","","","","","","","","0","","","","","","",
"104","비디오물제작업","03_10_05_P","4181000","CDFF1241072008000004","2008-09-10","","01","영업/정상","13","영업중","","","","","","","","강원특별자치도 춘천시 후평동 ***-**","강원특별자치도 춘천시 후석로***번길 *, ***호 (후평동)","24232","(주)사운드타워","2025-10-17 13:08:31","U","2025-10-19 02:40:00","","265180.833588324","487804.980235938","비디오물제작업","","0","","비디오물","106.02","0","0","","0","0","0","0","","","","","","","","","","","","0","","","","","","",
"105","비디오물제작업","03_10_05_P","4181000","CDFF1241072010000001","2010-01-29","","01","영업/정상","13","영업중","","","","","033)253-3032","","","강원특별자치도 춘천시 온의동 ***-*","강원특별자치도 춘천시 충혼길**번길 * (온의동)","24436","(주)엠에스","2011-11-03 10:18:57","I","2023-06-13 00:00:00","","263447.204969047","484704.234971068","비디오물제작업","","0","","비디오물","49.6","0","0","근린생활시설","0","0","0","0","","","","","","","","","","","","0","","","","","","",
"106","비디오물제작업","03_10_05_P","4181000","CDFF1241072010000002","2010-11-29","","01","영업/정상","13","영업중","","","","","070-8244-4104","","","강원특별자치도 춘천시 근화동 ***-*","강원특별자치도 춘천시 영서로 **** (근화동)","24244","(주)디피에스","2018-03-14 13:30:40","I","2023-06-13 00:00:00","","263139.719849169","487674.963048139","비디오물제작업","","0","","비디오물","144.77","3","0","","0","0","0","0","","","","","","","","","","","","0","","","","","","",
"107","비디오물제작업","03_10_05_P","4181000","CDFF1241072010000003","2010-12-15","","01","영업/정상","13","영업중","","","","","070-4068-1500","","","강원특별자치도 춘천시 서면 현암리","강원특별자치도 춘천시 서면 박사로 ***","24461","지웍스","2018-03-14 13:33:34","I","2023-06-13 00:00:00","","","","비디오물제작업","","0","","입체영상물,방송프로그램","182.61","2","0","기타","0","0","0","0","","","","","","","","","","","","0","","","","","","",
"108","비디오물제작업","03_10_05_P","4181000","CDFF1241072010000004","2010-12-20","","01","영업/정상","13","영업중","","","","","","","","강원특별자치도 춘천시 약사동 *-**","강원특별자치도 춘천시 중앙로**번길 **-* (약사동)","24355","(주)한국레저마케팅","2024-12-19 14:57:59","U","2024-12-21 02:40:00","","264036.329565912","486279.707488973","비디오물제작업","","0","","홍보용 영상물제작","26.4","0","0","","0","0","0","0","","","","","","","","","","","","0","","","","","","",
"109","비디오물제작업","03_10_05_P","4181000","CDFF1241072011000001","2011-05-06","","01","영업/정상","13","영업중","","","","","070-8732-4375","","","강원특별자치도 춘천시 퇴계동 ***-* *층","강원특별자치도 춘천시 공원*길 **, *층 (퇴계동)","24441","(주)네오컬처스","2018-03-14 13:34:11","I","2023-06-13 00:00:00","","263677.593931844","484522.097965251","비디오물제작업","","3","","영상콘텐츠","187.55","2","0","","0","0","0","0","","","","","","","","","","","","0","","","","","","",
"110","비디오물제작업","03_10_05_P","4181000","CDFF1241072012000001","2009-02-18","","01","영업/정상","13","영업중","","","","","","","","강원특별자치도 춘천시 서면 현암리 ****","강원특별자치도 춘천시 서면 박사로 ***, *층 ***호","24461","(주)오션망고코리아","2018-03-14 13:34:27","I","2023-06-13 00:00:00","","260819.739664112","488267.312140011","비디오물제작업","","0","","비디오물","0","0","0","","0","0","0","0","","","","","","","","","","","","0","","","","","","",
"111","비디오물제작업","03_10_05_P","4181000","CDFF1241072012000002","2012-03-26","","01","영업/정상","13","영업중","","","","","262-6208","","","강원특별자치도 춘천시 서면 ***","강원특별자치도 춘천시 서면 박사로 ***","24461","고릴라미디어","2018-03-14 13:24:36","I","2023-06-13 00:00:00","","","","비디오물제작업","","0","기타","홍보영상물제작","66.3","0","0","사무실","0","0","0","0","","","","","","","","","","","","0","","","","","","",
"112","비디오물제작업","03_10_05_P","4181000","CDFF1241072012000003","2012-10-25","","01","영업/정상","13","영업중","","","","","033-248-5023","","","강원특별자치도 춘천시 동면 장학리 ***","강원특별자치도 춘천시 동면 소양강로 ***","24210","(주)지원프로덕션","2025-03-12 17:34:47","U","2025-03-14 02:40:00","","265770.452755788","490114.95221028","비디오물제작업","","0","기타","영상물","27","2","0","기타","0","0","0","0","","","","","","","","","","","","0","","","","","","자연녹지지역",
"113","비디오물제작업","03_10_05_P","4181000","CDFF1241072013000001","2013-05-28","","01","영업/정상","13","영업중","","","","","","","","강원특별자치도 춘천시 삼천동 **-***","강원특별자치도 춘천시 하사관길 **-* (삼천동)","24431","(주)하이워킹","2024-02-08 10:42:58","U","2024-02-11 02:40:00","","256352.844239284","476180.685471474","비디오물제작업","","0","기타","인터넷방송제작","112.79","3","0","근린생활시설","0","0","0","0","","","","","","","","","","","","0","","","","","","준주거지역",
"114","비디오물제작업","03_10_05_P","4181000","CDFF1241072013000003","2013-11-12","","01","영업/정상","13","영업중","","","","","033)245-6091~2","","","강원특별자치도 춘천시 퇴계동 ****","강원특별자치도 춘천시 지석로 ** (퇴계동)","24420","(주)루도스디지털문화콘텐츠 연구소","2018-03-14 13:35:25","I","2023-06-13 00:00:00","","265386.634330563","483368.251535269","비디오물제작업","","0","","3D 컴퓨터그랙픽 영상","278.8","4","0","","0","0","0","0","","","","","","","","","","","","0","","","","","","",
"115","비디오물제작업","03_10_05_P","4181000","CDFF1241072013000004","2013-12-17","","01","영업/정상","13","영업중","","","","","070-8888-8666","","","강원특별자치도 춘천시 석사동 ***-*","강원특별자치도 춘천시 벌말길 **-* (석사동)","24385","주식회사 맑음","2018-03-14 13:24:06","I","2023-06-13 00:00:00","","265077.506359161","484286.115714958","비디오물제작업","","3","","기획영상","85","1","0","","0","0","0","0","","","","","","","","","","","","0","","","","","","일반주거지역",
"116","비디오물제작업","03_10_05_P","4181000","CDFF1241072014000001","2014-01-28","","01","영업/정상","13","영업중","","","","","033)242-5405","","","강원특별자치도 춘천시 동면 ***-***","강원특별자치도 춘천시 동면 소양강로 **","24210","(주)강원방송","2018-03-14 13:35:49","I","2023-06-13 00:00:00","","265630.811985688","488256.519463024","비디오물제작업","","3","기타","영상물제작","372.22","3","0","기타","0","0","0","0","","","","","","","","","","","","0","","","","","","일반공업지역",
"117","비디오물제작업","03_10_05_P","4181000","CDFF1241072014000002","2014-02-12","","01","영업/정상","13","영업중","","","","","","","","강원특별자치도 춘천시 온의동 ***-* 강남병원","강원특별자치도 춘천시 경춘로 ****, 강남병원 *층 (온의동)","24436","(주)펜션뱅크","2021-12-07 17:30:10","I","2023-06-13 00:00:00","","263363.74960516","484877.145433762","비디오물제작업","","0","","홍보영상","106.21","3","0","","0","0","0","0","","","","","","","","","","","","0","","","","","","",
"118","비디오물제작업","03_10_05_P","4181000","CDFF1241072014000003","2014-02-17","","01","영업/정상","13","영업중","","","","","","","","강원특별자치도 춘천시 퇴계동 ***-**","강원특별자치도 춘천시 남춘로 **, *층 (퇴계동)","24370","(주)아이디어파이","2022-03-24 13:59:56","I","2023-06-13 00:00:00","","264256.766682684","484866.120110744","비디오물제작업","","0","","제품 및 기업광고홍보영상","76.26","1","0","근린생활시설","0","0","0","0","","","","","","","","","","","","0","","","","","","",
"119","비디오물제작업","03_10_05_P","4181000","CDFF1241072014000004","2014-02-27","","01","영업/정상","13","영업중","","","","","070-4266-0930","","","강원특별자치도 춘천시 소양로*가 **-* *층","강원특별자치도 춘천시 소양로***번길 **, *층 (소양로*가)","24272","(주)미디스토리","2018-03-14 13:36:23","I","2023-06-13 00:00:00","","263634.215129588","486946.138116957","비디오물제작업","","0","","방송홍보영상제작","66","3","0","","0","0","0","0","","","","","","","","","","","","0","","","","","","",
"120","비디오물제작업","03_10_05_P","4181000","CDFF1241072008000003","2008-08-14","","01","영업/정상","13","영업중","","","","","","","","강원특별자치도 춘천시 후평동 ***-** 하이텍크벤처타운 멀티동 ***호","","","그림일기 프로덕션","2010-05-03 17:00:53","I","2023-06-13 00:00:00","","","","비디오물제작업","","0","","비디오물","67.68","0","0","","0","0","0","0","","","","","","","","","","","","0","","","","","","",
"121","비디오물제작업","03_10_05_P","4181000","CDFF1241072014000005","2014-03-10","","01","영업/정상","13","영업중","","","","","033)259-1215","","","강원특별자치도 춘천시 삼천동 ***-*","강원특별자치도 춘천시 수변공원길 ** (삼천동)","24239","춘천문화방송(주)","2018-03-14 13:23:32","I","2023-06-13 00:00:00","","261823.333742905","486063.952881273","비디오물제작업","","5","","음악영상물,다큐,방송제작물","224","5","2","","0","0","0","0","","","","","","","","","","","","0","","","","","","",
"122","비디오물제작업","03_10_05_P","4181000","CDFF1241072014000006","2014-04-30","","01","영업/정상","13","영업중","","","","","033)257-3574","","","강원특별자치도 춘천시 옥천동 *-*","강원특별자치도 춘천시 한림대학길 *, *****-***호 (옥천동, 한림창업보육센터)","24252","(주)디지털영상그룹 디지로그","2018-03-14 13:36:40","I","2023-06-13 00:00:00","","264602.141926602","487386.633309595","비디오물제작업","","2","","홍보영상,TVCF,영화기획 및 제작","19.8","0","0","","0","0","0","0","","","","","","","","","","","","0","","","","","","",
"123","비디오물제작업","03_10_05_P","4181000","CDFF1241072014000007","2014-05-30","","01","영업/정상","13","영업중","","","","","033)817-2336","","","강원특별자치도 춘천시 칠전동 ***-* *층","강원특별자치도 춘천시 칠전서길 **-*, *층 (칠전동)","24457","강원미디어홍보 협동조합","2018-07-11 17:49:16","I","2023-06-13 00:00:00","","262696.28","482327.29","비디오물제작업","","0","","홍보영상 비디오물 제작","207.87","3","0","사무실","0","0","0","0","","","","","","","","","","","","0","","","","","","",
"124","비디오물제작업","03_10_05_P","4181000","CDFF1241072001000001","2001-07-02","","01","영업/정상","13","영업중","","","","","","","","강원특별자치도 춘천시 퇴계동 그린타운아파트 ***동 ***호","","","투애니원","2010-05-03 16:08:59","I","2023-06-13 00:00:00","","","","비디오물제작업","","0","","비디오물","0","0","0","","0","0","0","0","","","","","","","","","","","","0","","","","","","",
"125","비디오물제작업","03_10_05_P","4181000","CDFF1241072003000001","2003-05-22","","01","영업/정상","13","영업중","","","","","","","","강원특별자치도 춘천시 중앙로*가 ** 강원일보사","강원특별자치도 춘천시 중앙로 ** (중앙로*가)","24346","(주)강원일보","2011-11-03 09:57:44","I","2023-06-13 00:00:00","","264059.690517466","486908.838008865","비디오물제작업","","0","","비디오물","0","0","0","","0","0","0","0","","","","","","","","","","","","0","","","","","","",
"126","비디오물제작업","03_10_05_P","4181000","CDFF1241072003000002","2003-07-12","","01","영업/정상","13","영업중","","","","","033-253-6988","","","강원특별자치도 춘천시 후평동 ***-*","강원특별자치도 춘천시 백령로 ***-** (후평동)","24278","(주)소프트하우스","2020-03-30 10:50:04","I","2023-06-13 00:00:00","","265876.237385134","486537.962663415","비디오물제작업","","0","","비디오물","0","0","0","","0","0","0","0","","","","","","","","","","","","0","","","","","","",
"127","비디오물제작업","03_10_05_P","4181000","CDFF1241072003000003","2003-07-29","","01","영업/정상","13","영업중","","","","","","","","강원특별자치도 춘천시 후평동 ***-**","","","애니사","2010-05-03 16:16:19","I","2023-06-13 00:00:00","","","","비디오물제작업","","0","","비디오물","0","0","0","","0","0","0","0","","","","","","","","","","","","0","","","","","","",
"128","비디오물제작업","03_10_05_P","4181000","CDFF1241072003000004","2003-08-27","","01","영업/정상","13","영업중","","","","","","","","강원특별자치도 춘천시 근화동 ***-*","강원특별자치도 춘천시 소양로 ** (근화동)","24243","미디어 앤 플러스","2011-11-03 10:01:02","I","2023-06-13 00:00:00","","262927.481898417","486438.574640999","비디오물제작업","","0","","비디오물","137.41","0","0","","0","0","0","0","","","","","","","","","","","","0","","","","","","",
"129","비디오물제작업","03_10_05_P","4181000","CDFF1241072004000001","2004-02-12","","01","영업/정상","13","영업중","","","","","033)245-6100","","","강원특별자치도 춘천시 서면 현암리 *** ***-*","강원특별자치도 춘천시 서면 박사로 *** (***-*)","","(재)강원정보문화진흥원","2016-05-11 09:02:11","I","2023-06-13 00:00:00","","","","비디오물제작업","","1","","비디오물","0","1","0","","0","0","0","0","","","","","","","","","","","","0","","","","","","",
"130","비디오물제작업","03_10_05_P","4181000","CDFF1241072018000001","2018-03-14","","01","영업/정상","13","영업중","","","","","","","","강원특별자치도 춘천시 운교동 ***-*","강원특별자치도 춘천시 금강로 **, *층 (운교동)","24352","영상문화프로덕션 이리","2018-03-14 13:13:24","I","2023-06-13 00:00:00","","264205.175608981","486358.650189715","비디오물제작업","","4","","영상","263.16","3","0","근린생활시설","0","0","0","0","","","","","","","","","","","","0","","","","","","",
"131","비디오물제작업","03_10_05_P","4181000","CDFF1241072018000002","2018-03-22","","01","영업/정상","13","영업중","","","","","033)911-3157","","","강원특별자치도 춘천시 운교동 ***-** *층","강원특별자치도 춘천시 춘천로***번길 *, *층 (운교동)","24335","주식회사 일시정지시네마","2018-04-20 11:46:07","I","2023-06-13 00:00:00","","264232.667540118","486101.864169207","비디오물제작업","","0","","광고,홍보,기록영상,사진제작","157.38","1","1","","0","0","0","0","","","","","","","","","","","","0","","","","","","",
"132","비디오물제작업","03_10_05_P","4181000","CDFF1241072018000003","2018-04-20","","01","영업/정상","13","영업중","","","","","033)244-0347","","","강원특별자치도 춘천시 운교동 ***-** 지하,*층","강원특별자치도 춘천시 춘천로***번길 *, 지하,*층 (운교동)","24335","주식회사 우리스튜디오","2019-03-25 17:52:28","I","2023-06-13 00:00:00","","264232.667540118","486101.864169207","비디오물제작업","","0","","비디오물,영화,광고물","30","3","0","근린생활시설","0","0","0","0","","","","","","","","","","","","0","","","","","","",
"133","비디오물제작업","03_10_05_P","4181000","CDFF1241072018000004","2018-05-18","","01","영업/정상","13","영업중","","","","","","","","강원특별자치도 춘천시 후평동 ***-*","강원특별자치도 춘천시 후석로***번길 *, ***호 (후평동)","24232","주식회사 브이팩토리","2024-02-05 18:09:41","U","2024-02-07 02:40:00","","265474.842593179","487512.552718902","비디오물제작업","","0","","영상물","219","2","0","사무실","0","0","0","0","","","","","","","","","","","","0","","","","","","",
"134","비디오물제작업","03_10_05_P","4181000","CDFF1241072018000005","2018-05-28","","01","영업/정상","13","영업중","","","","","","","","강원특별자치도 춘천시 운교동 ***-*","강원특별자치도 춘천시 금강로 ***, *층 (운교동)","24335","주식회사 스톤키즈","2022-06-15 18:04:45","I","2023-06-13 00:00:00","","264367.9499944","486123.674740555","비디오물제작업","","0","","영상,기록물제작","213.94","2","0","근린생활시설","0","0","0","0","","","","","","","","","","","","0","","","","","","",
"135","비디오물제작업","03_10_05_P","4181000","CDFF1241072018000008","2018-07-19","","01","영업/정상","13","영업중","","","","","070-4168-8377","","","강원특별자치도 춘천시 동면 장학리 ***-*** *층","강원특별자치도 춘천시 동면 소양강로 **, *층","24210","주식회사 소프트하우스코리아(동면지점)","2020-06-20 11:51:24","I","2023-06-13 00:00:00","","265630.811985688","488256.519463024","비디오물제작업","","0","","영상물제작","330","2","0","사무실","0","0","0","0","","","","","","","","","","","","0","","","","","","",
"136","비디오물제작업","03_10_05_P","4181000","CDFF1241072018000009","2008-06-16","","01","영업/정상","13","영업중","","","","","02)322-8506","","","강원특별자치도 춘천시 사북면 지촌리 ***-*","강원특별자치도 춘천시 사북면 영서로 ****","24200","잭필름","2018-07-20 11:03:26","I","2023-06-13 00:00:00","","256228.176276783","503819.296498297","비디오물제작업","","0","","비디오물제작","0","0","0","","0","0","0","0","","","","","","","","","","","","0","","","","","","",
"137","비디오물제작업","03_10_05_P","4181000","CDFF1241072004000002","2004-05-12","","01","영업/정상","13","영업중","","","","","","","","강원특별자치도 춘천시 후평동 ***-**","","","(주)디큐","2010-05-03 16:21:03","I","2023-06-13 00:00:00","","","","비디오물제작업","","0","","비디오물","0","0","0","","0","0","0","0","","","","","","","","","","","","0","","","","","","",
"138","비디오물제작업","03_10_05_P","4181000","CDFF1241072004000003","2004-12-13","","01","영업/정상","13","영업중","","","","","","","","강원특별자치도 춘천시 효자동 ***-*","강원특별자치도 춘천시 강원대학길 * (효자동)","24341","(주)위드프로젝트","2011-11-03 10:04:51","I","2023-06-13 00:00:00","","265481.557982219","485420.871953344","비디오물제작업","","0","","비디오물","0","0","0","","0","0","0","0","","","","","","","","","","","","0","","","","","","",
"139","비디오물제작업","03_10_05_P","4181000","CDFF1241072005000001","2005-08-23","","01","영업/정상","13","영업중","","","","","","","","강원특별자치도 춘천시 후평동 ***-*","강원특별자치도 춘천시 보안길 ** (후평동)","24299","비오비전","2011-11-03 10:06:03","I","2023-06-13 00:00:00","","265869.284780499","486782.662867613","비디오물제작업","","0","","비디오물","0","0","0","","0","0","0","0","","","","","","","","","","","","0","","","","","","",
"140","비디오물제작업","03_10_05_P","4181000","CDFF1241072006000001","2006-05-26","","01","영업/정상","13","영업중","","","","","","","","강원특별자치도 춘천시 후평동 ***-* ***호","강원특별자치도 춘천시 후만로 ** (후평동)","24283","미디어월드","2011-11-03 10:07:21","I","2023-06-13 00:00:00","","266033.022699793","486149.724174877","비디오물제작업","","0","","비디오물","102.6","0","0","","0","0","0","0","","","","","","","","","","","","0","","","","","","",
"141","비디오물제작업","03_10_05_P","4181000","CDFF1241072006000002","2006-06-01","","01","영업/정상","13","영업중","","","","","","","","강원특별자치도 춘천시 퇴계동 ***","강원특별자치도 춘천시 공원*길 * (퇴계동)","24441","비즈커뮤니케이션","2011-11-03 10:08:15","I","2023-06-13 00:00:00","","263761.981009603","484544.44420685","비디오물제작업","","0","","비디오물","122.46","0","0","","0","0","0","0","","","","","","","","","","","","0","","","","","","",
"142","비디오물제작업","03_10_05_P","4181000","CDFF1241072006000003","2006-06-16","","01","영업/정상","13","영업중","","","","","","","","강원특별자치도 춘천시 효자동 ***-* 강원대학교","강원특별자치도 춘천시 강원대학길 * (효자동)","24341","강원대학교 비알미디어","2016-06-17 17:32:38","I","2023-06-13 00:00:00","","265481.557982219","485420.871953344","비디오물제작업","","0","","비디오물","0","0","0","","0","0","0","0","","","","","","","","","","","","0","","","","","","",
"143","비디오물제작업","03_10_05_P","4181000","CDFF1241072006000004","2006-08-01","","01","영업/정상","13","영업중","","","","","","","","강원특별자치도 춘천시 효자동 ***-* 춘천축협효자지점","강원특별자치도 춘천시 효자로 ***, 춘천축협효자지점 *층 (효자동)","24329","한테크 주식회사","2022-06-28 09:10:43","I","2023-06-13 00:00:00","","264563.94245221","486040.71272591","비디오물제작업","","0","","비디오물","0","0","0","","0","0","0","0","","","","","","","","","","","","0","","","","","","",
"144","비디오물제작업","03_10_05_P","4181000","CDFF1241072007000001","2007-06-01","","01","영업/정상","13","영업중","","","","","","","","강원특별자치도 춘천시 후평동 ***-**","","","(주)시스웨어","2010-05-03 16:53:28","I","2023-06-13 00:00:00","","","","비디오물제작업","","0","","비디오물","0","0","0","","0","0","0","0","","","","","","","","","","","","0","","","","","","",
"145","비디오물제작업","03_10_05_P","4181000","CDFF1241072008000001","2008-05-01","","01","영업/정상","13","영업중","","","","","033)255-6614","","","강원특별자치도 춘천시 서면 현암리 ***","강원특별자치도 춘천시 서면 박사로 ***","","(주)프로텍크","2012-01-17 16:15:55","I","2023-06-13 00:00:00","","","","비디오물제작업","","0","","비디오물","73.38","0","0","","0","0","0","0","","","","","","","","","","","","0","","","","","","",
"146","비디오물제작업","03_10_05_P","4181000","CDFF1241072008000002","2008-05-15","","01","영업/정상","13","영업중","","","","","","","","강원특별자치도 춘천시 후평동 ***-** 하이테크벤처타운 M***호","","","(주)네오비즈","2010-05-03 16:58:17","I","2023-06-13 00:00:00","","","","비디오물제작업","","0","","비디오물","0","0","0","","0","0","0","0","","","","","","","","","","","","0","","","","","","",
"147","비디오물제작업","03_10_05_P","4181000","CDFF1241072020000002","2020-03-11","","01","영업/정상","13","영업중","","","","","","","","강원특별자치도 춘천시 후평동 ***-*","강원특별자치도 춘천시 후석로***번길 *, ***호 (후평동)","24232","(주)이앤지테크","2025-03-14 15:53:36","U","2025-03-16 02:40:00","","265474.842593179","487512.552718902","비디오물제작업","","0","","홍보동영상, VR영상","73.9","0","0","","0","0","0","0","","","","","","","","","","","","0","","","","","","",
"148","비디오물제작업","03_10_05_P","4181000","CDFF1241072014000009","2014-12-05","","01","영업/정상","13","영업중","","","","","033)248-5016","","","강원특별자치도 춘천시 동면 장학리 ***","강원특별자치도 춘천시 동면 소양강로 ***","24210","주식회사 지원방송","2024-09-12 11:42:21","U","2024-09-14 02:40:00","","265770.452755788","490114.95221028","비디오물제작업","","2","","영상물","952.22","2","1","","0","0","0","0","","","","","","","","","","","","0","","","","","","",
"149","비디오물제작업","03_10_05_P","4181000","CDFF1241072014000010","2014-12-15","","01","영업/정상","13","영업중","","","","","033)257-3001","","","강원특별자치도 춘천시 동면 만천리 ***-*","강원특별자치도 춘천시 동면 금베이길 **-*","24212","(주)씨디에스","2018-03-14 13:23:00","I","2023-06-13 00:00:00","","269338.441095953","486363.353044723","비디오물제작업","","2","","비디오물제작","195.19","1","0","근린생활시설","0","0","0","0","","","","","","","","","","","","0","","","","","","자연녹지지역",
"150","비디오물제작업","03_10_05_P","4181000","CDFF1241072015000002","2015-04-27","","01","영업/정상","13","영업중","","","","","","","","강원특별자치도 춘천시 동면 장학리 ***-***","강원특별자치도 춘천시 동면 소양강로 **, ****.** 제곱미터 *층","24210","(주)소프트하우스코리아","2021-01-14 11:51:50","I","2023-06-13 00:00:00","","265630.811985688","488256.519463024","비디오물제작업","","0","","홍보동영상,기타동영상","18","0","0","사무실","0","0","0","0","","","","","","","","","","","","0","","","","","","",
"151","비디오물제작업","03_10_05_P","4181000","CDFF1241072015000003","2015-05-01","","01","영업/정상","13","영업중","","","","","","","","강원특별자치도 춘천시 후평동 ***-* *층 ***호","강원특별자치도 춘천시 후석로***번길 *, *층 ***호 (후평동)","24232","(주)디자인오아시스","2023-03-15 13:40:39","I","2023-06-13 00:00:00","","265474.842593179","487512.552718902","비디오물제작업","","0","","홍보동영상,기타동영상","70.7","4","0","근린생활시설","0","0","0","0","","","","","","","","","","","","0","","","","","","",
"152","비디오물제작업","03_10_05_P","4181000","CDFF1241072015000004","2015-05-06","","01","영업/정상","13","영업중","","","","","","","","강원특별자치도 춘천시 후평동 ***-**","강원특별자치도 춘천시 후석로 ***-* (후평동)","24232","씨엔씨디자인(주)","2018-03-14 13:38:31","I","2023-06-13 00:00:00","","265085.419509953","487848.050634412","비디오물제작업","","3","","디지털콘텐츠 개발서비스","165","2","0","근린생활시설","0","0","0","0","","","","","","","","","","","","0","","","","","","",
"153","비디오물제작업","03_10_05_P","4181000","CDFF1241072015000005","2015-07-02","","01","영업/정상","13","영업중","","","","","","","","강원특별자치도 춘천시 서면 금산리 ****","강원특별자치도 춘천시 서면 박사로 *** (창작개발센터 ***호)","24461","주식회사 비주얼아이콘","2018-03-14 13:22:33","I","2023-06-13 00:00:00","","260819.739664112","488267.312140011","비디오물제작업","","0","","영화,드라마등 제작(콘텐츠제작)","169.94","2","0","","0","0","0","0","","","","","","","","","","","","0","","","","","","",
"154","비디오물제작업","03_10_05_P","4181000","CDFF1241072015000006","2015-07-03","","01","영업/정상","13","영업중","","","","","","","","강원특별자치도 춘천시 석사동 ***-* *층","강원특별자치도 춘천시 스무숲*길 **, *층 (석사동)","24416","주식회사 씨팩토리","2019-04-23 10:31:50","I","2023-06-13 00:00:00","","266274.408469128","483077.674921689","비디오물제작업","","4","","방송물제작,광고,비디오물제작","96.76","2","0","사무실","0","0","0","0","","","","","","","","","","","","0","","","","","","",
"155","비디오물제작업","03_10_05_P","4181000","CDFF1241072016000001","2016-02-25","","01","영업/정상","13","영업중","","","","","070-7004-6500","","","강원특별자치도 춘천시 동면 장학리 ****-*","강원특별자치도 춘천시 동면 춘천순환로 ***, 서유빌딩 *층","24209","(주)임팩시스","2020-06-23 12:41:13","I","2023-06-13 00:00:00","","266398.262051517","488106.261157729","비디오물제작업","","0","","방송프로그램,홍보영상,TV-CF,3D입체영상물,뮤직비디오,웹드라마,미디어파사드 등","46.32","0","0","교육연구시설","0","0","0","0","","","","","","","","","","","","0","","","","","","",
"156","비디오물제작업","03_10_05_P","4181000","CDFF1241072016000002","2016-02-29","","01","영업/정상","13","영업중","","","","","033)257-3001","","","강원특별자치도 춘천시 동면 만천리 ***-*","강원특별자치도 춘천시 동면 금베이길 **-*","24212","강원아이씨티융합사업협동조합","2018-03-14 13:39:46","I","2023-06-13 00:00:00","","269338.441095953","486363.353044723","비디오물제작업","","0","","방송프로그램,홍보영상,TV-CF,3D입체영상물,뮤직비디오,웹드라마,미디어파사드 등","195.19","0","0","","0","0","0","0","","","","","","","","","","","","0","","","","","","",
"157","비디오물제작업","03_10_05_P","4181000","CDFF1241072016000006","2016-12-27","","01","영업/정상","13","영업중","","","","","070-7619-0877","","","강원특별자치도 춘천시 후평동 ***-* 세경*차아파트 ***동 ***호","강원특별자치도 춘천시 삭주로 ***, ***동 ***호 (후평동, 세경*차아파트)","24253","좋은기획","2018-03-14 13:41:00","I","2023-06-13 00:00:00","","265421.865196931","487250.934331144","비디오물제작업","","0","아파트지역","각종 영상콘텐츠,광고 홍보물 등","20","0","0","아파트","0","0","0","0","","","","","","","","","","","","0","","","","","","주거지역",
"158","비디오물제작업","03_10_05_P","4181000","CDFF1241072017000002","2017-02-03","","01","영업/정상","13","영업중","","","","","","","","강원특별자치도 춘천시 퇴계동 ***-*","강원특별자치도 춘천시 공원*길 * (퇴계동)","24441","먹자고","2018-03-14 13:21:06","I","2023-06-13 00:00:00","","263698.00782356","484552.694713568","비디오물제작업","","0","","동영상 제작","75.6","0","1","근린생활시설","0","0","0","0","","","","","","","","","","","","0","","","","","","",
"159","비디오물제작업","03_10_05_P","4181000","CDFF1241072017000004","2017-03-28","","01","영업/정상","13","영업중","","","","","070-5121-0073","","","강원특별자치도 춘천시 조양동 *-**","강원특별자치도 춘천시 금강로**번길 ** (조양동)","24351","주식회사 네이처앤드피플","2019-01-22 15:57:51","I","2023-06-13 00:00:00","","264333.894540381","486562.684745983","비디오물제작업","","0","","비디오물제작,광고홍보물제작","72.95","4","0","","0","0","0","0","","","","","","","","","","","","0","","","","","","",
"160","비디오물제작업","03_10_05_P","4181000","CDFF1241072017000005","2017-05-26","","01","영업/정상","13","영업중","","","","","1588-6301","","","강원특별자치도 춘천시 조양동 ***-* 엠백화점 별관*층","강원특별자치도 춘천시 금강로 **-** (조양동, 엠백화점 별관*층)","24353","(주)다다엔터테인먼트","2018-03-14 13:42:15","I","2023-06-13 00:00:00","","263966.683887103","486484.317405147","비디오물제작업","","0","","영상물제작,광고대행업,영화제작업","282.38","0","0","","0","0","0","0","","","","","","","","","","","","0","","","","","","",
"161","비디오물제작업","03_10_05_P","4181000","CDFF1241072017000006","2017-07-05","","01","영업/정상","13","영업중","","","","","02)252-0580","","","강원특별자치도 춘천시 후평동 ***-** *층","강원특별자치도 춘천시 춘천로 ***, *층 (후평동)","24233","주식회사 진성이디씨","2018-03-14 13:42:33","I","2023-06-13 00:00:00","","266084.858480153","487825.154098075","비디오물제작업","","0","기타","방송,홍보,광고영상,비디오물,영상콘텐츠","158.55","3","0","근린생활시설","0","0","0","0","","","","","","","","","","","","0","","","","","","",
"162","비디오물제작업","03_10_05_P","4181000","CDFF1241072019000001","2019-02-12","","01","영업/정상","13","영업중","","","","","","","","강원특별자치도 춘천시 소양로*가 ***-* 신동아아파트 상가동 **호","강원특별자치도 춘천시 서부대성로 **, 상가동 *층 **호 (소양로*가, 신동아아파트)","24272","(주)메모트리","2019-03-18 16:15:28","I","2023-06-13 00:00:00","","263675.833817836","487157.336209289","비디오물제작업","","3","","방송영상,홍보영상,광고제작","214.14","2","0","근린생활시설","0","0","0","0","","","","","","","","","","","","0","","","","","","",
"163","비디오물제작업","03_10_05_P","4181000","CDFF1241072024000014","2024-06-19","","01","영업/정상","13","영업중","","","","","070-4082-7998","","","강원특별자치도 춘천시 효자동 ***-*","강원특별자치도 춘천시 강원대학길 *, 보듬관 ***호 (효자동)","24341","주식회사 제로투원비즈","2024-06-19 09:38:45","I","2024-06-21 00:14:08","","265481.557982219","485420.871953344","비디오물제작업","","0","","특수 및 일반 영상","46.32","0","0","","0","0","0","0","","","","","","","","","","","","0","","","","","","",
"164","비디오물제작업","03_10_05_P","4181000","CDFF1241072024000016","2024-07-15","","01","영업/정상","13","영업중","","","","","","","","강원특별자치도 춘천시 후평동 *** 우미린뉴시티 ***동 ****호","강원특별자치도 춘천시 보안길 ** (후평동, 우미린뉴시티)","24303","개구리우주선","2024-07-15 16:06:43","I","2024-07-17 00:13:46","","266244.543656326","486487.966945908","비디오물제작업","","0","","비디오물","77.75","0","0","","0","0","0","0","","","","","","","","","","","","0","","","","","","",
"165","비디오물제작업","03_10_05_P","4181000","CDFF1241072024000012","2024-06-03","","01","영업/정상","13","영업중","","","","","","","","강원특별자치도 춘천시 후평동 ***-*","강원특별자치도 춘천시 후석로***번길 **, *층 (후평동)","24312","씬나컨텐츠","2024-06-03 09:37:21","I","2024-06-05 00:14:21","","266434.218596514","485978.286939569","비디오물제작업","","0","","유튜브 영상","56.43","0","0","","0","0","0","0","","","","","","","","","","","","0","","","","","","",
"166","비디오물제작업","03_10_05_P","4181000","CDFF1241072024000017","2024-08-20","","01","영업/정상","13","영업중","","","","","","","","강원특별자치도 춘천시 효자동 ***","강원특별자치도 춘천시 효자로 ***, *층 ***호 (효자동)","24339","키오미디어","2024-08-20 09:39:18","I","2024-08-22 00:13:25","","264443.449562284","485696.092654315","비디오물제작업","","0","","비디오물","132","0","0","","0","0","0","0","","","","","","","","","","","","0","","","","","","",
"167","비디오물제작업","03_10_05_P","4181000","CDFF1241072024000013","2024-06-10","","01","영업/정상","13","영업중","","","","","","","","강원특별자치도 춘천시 후평동 ***-*","강원특별자치도 춘천시 후석로***번길 *, ***,***호 (후평동)","24232","(주)미디어넥스","2024-06-10 17:55:28","I","2024-06-12 00:14:15","","265474.842593179","487512.552718902","비디오물제작업","","0","","동영상","207","0","0","","0","0","0","0","","","","","","","","","","","","0","","","","","","",
"168","비디오물제작업","03_10_05_P","4181000","CDFF1241072024000018","2024-08-21","","01","영업/정상","13","영업중","","","","","","","","강원특별자치도 춘천시 후평동 ***-*","강원특별자치도 춘천시 춘천로 ***, *층 (후평동)","24257","주식회사 칸","2024-08-21 10:09:27","I","2024-08-23 00:13:15","","265332.776982605","486666.737820229","비디오물제작업","","0","","비디오물","135.42","0","0","","0","0","0","0","","","","","","","","","","","","0","","","","","","",
"169","비디오물제작업","03_10_05_P","4181000","CDFF1241072024000008","2024-04-12","","01","영업/정상","13","영업중","","","","","","","","강원특별자치도 춘천시 효자동 ***-*","강원특별자치도 춘천시 효자상길 *, 지하*층 (효자동)","24336","에이에이에이문화예술협동조합","2024-04-12 18:03:44","I","2024-04-14 00:15:05","","263896.848007703","485751.733552567","비디오물제작업","","0","","비디오물","85.19","0","0","","0","0","0","0","","","","","","","","","","","","0","","","","","","",
"170","비디오물제작업","03_10_05_P","4181000","CDFF1241072024000009","2024-05-23","","01","영업/정상","13","영업중","","","","","","","","강원특별자치도 춘천시 사농동 *** 춘천공연예술창업지원센터","강원특별자치도 춘천시 영서로 ****, 춘천공연예술창업지원센터 *층 (사농동)","24207","주식회사 그린트리","2024-05-23 14:49:10","I","2024-05-25 00:14:30","","263271.990950563","491425.709427805","비디오물제작업","","0","","비디오물, 영상 디자인","48","0","0","","0","0","0","0","","","","","","","","","","","","0","","","","","","",
"171","비디오물제작업","03_10_05_P","4181000","CDFF1241072024000010","2024-05-28","","01","영업/정상","13","영업중","","","","","","","","강원특별자치도 춘천시 옥천동 *-* 한림대학교 창업보육센터 *****호","강원특별자치도 춘천시 한림대학길 *, 한림대학교 창업보육센터 *****호 (옥천동)","24252","에이유엑스미디어","2024-05-28 16:09:28","I","2024-05-30 00:14:26","","264602.141926602","487386.633309595","비디오물제작업","","0","","(교육, 홍보)영상, 음악, 미디어콘텐츠 등","19.8","0","0","","0","0","0","0","","","","","","","","","","","","0","","","","","","",
"172","비디오물제작업","03_10_05_P","4181000","CDFF1241072024000011","2024-05-28","","01","영업/정상","13","영업중","","","","","070-8672-0155","","","강원특별자치도 춘천시 운교동 ***-*","강원특별자치도 춘천시 금강로 **, *층 (운교동)","24352","협동조합 판","2024-05-28 16:14:53","I","2024-05-30 00:14:26","","264205.175608981","486358.650189715","비디오물제작업","","0","","행사용 영상","263","0","0","","0","0","0","0","","","","","","","","","","","","0","","","","","","",
"173","비디오물제작업","03_10_05_P","4181000","CDFF1241072025000014","2025-10-30","","01","영업/정상","13","영업중","","","","","","","","강원특별자치도 춘천시 효자동 *** 현진에버빌*차아파트","강원특별자치도 춘천시 춘천로 ***, ***동 ***호 (효자동, 현진에버빌*차아파트)","24335","옹이네","2025-10-30 17:48:12","I","2025-11-01 00:20:02","","264185.776365292","485931.36284318","비디오물제작업","","0","","동영상 제작서비스","84.95","0","0","","0","0","0","0","","","","","","","","","","","","0","","","","","","",
"174","비디오물제작업","03_10_05_P","4181000","CDFF1241072024000004","2024-03-12","","01","영업/정상","13","영업중","","","","","","","","강원특별자치도 춘천시 효자동 ***","강원특별자치도 춘천시 서부대성로***번길 **, *층 (효자동)","24287","에이치메이커스","2024-03-12 13:54:03","I","2024-03-14 00:16:02","","265492.675483444","485900.956450777","비디오물제작업","","0","","광고 영화 및 비디오물","98.46","0","0","","0","0","0","0","","","","","","","","","","","","0","","","","","","",
"175","비디오물제작업","03_10_05_P","4181000","CDFF1241072024000006","2024-03-21","","01","영업/정상","13","영업중","","","","","","","","강원특별자치도 춘천시 후평동 ***-*","강원특별자치도 춘천시 후석로 ***, ***호 (후평동)","24234","강원디지털마케팅협동조합","2024-03-21 17:30:24","I","2024-03-23 00:15:25","","265742.317278702","487007.27816154","비디오물제작업","","0","","기업홍보영상","21.45","0","0","","0","0","0","0","","","","","","","","","","","","0","","","","","","",
"176","비디오물제작업","03_10_05_P","4181000","CDFF1241072024000007","2024-03-21","","01","영업/정상","13","영업중","","","","","033-261-5681","","","강원특별자치도 춘천시 남산면 창촌리 **-*","강원특별자치도 춘천시 남산면 창말길 **","24465","주식회사 포레스트에스제이","2024-03-21 17:32:18","I","2024-03-23 00:15:25","","257286.183599953","476625.408721748","비디오물제작업","","0","","홍보영상","660","0","0","","0","0","0","0","","","","","","","","","","","","0","","","","","","",
"177","비디오물제작업","03_10_05_P","4181000","CDFF1241072024000003","2024-02-19","","01","영업/정상","13","영업중","","","","","","","","강원특별자치도 춘천시 퇴계동 ***-**","강원특별자치도 춘천시 퇴계공단*길 **-* (퇴계동)","24427","주식회사 라눅스","2024-02-19 08:50:56","I","2024-02-21 00:16:02","","265011.266872169","482702.268185061","비디오물제작업","","0","","비디오 영상물 등","862.91","0","0","","0","0","0","0","","","","","","","","","","","","0","","","","","","",
"178","비디오물제작업","03_10_05_P","4181000","CDFF1241072024000005","2024-03-18","","01","영업/정상","13","영업중","","","","","","","","강원특별자치도 춘천시 삼천동 *** 춘천파크자이","강원특별자치도 춘천시 스포츠타운길 ***, ***동 ***호 (삼천동, 춘천파크자이)","24472","별별콘텐츠","2024-03-18 18:14:50","I","2024-03-20 00:15:26","","262236.027353812","485157.316438971","비디오물제작업","","0","","유튜브영상, 홍보영상, 광고영상","84.97","0","0","","0","0","0","0","","","","","","","","","","","","0","","","","","","",
"179","비디오물제작업","03_10_05_P","4181000","CDFF1241072024000002","2024-02-14","","01","영업/정상","13","영업중","","","","","","","","강원특별자치도 춘천시 동내면 거두리 ***-* 부영아파트","강원특별자치도 춘천시 동내면 춘천순환로**번길 **, ***동 ***호 (부영아파트)","24403","헤세드 미디어 프로덕션","2024-02-14 08:49:46","I","2024-02-17 00:15:53","","266237.994558798","483781.509505524","비디오물제작업","","0","","영상 및 사진","84.98","0","0","","0","0","0","0","","","","","","","","","","","","0","","","","","","",
"180","비디오물제작업","03_10_05_P","4181000","CDFF1241072025000013","2025-08-18","","01","영업/정상","13","영업중","","","","","","","","강원특별자치도 춘천시 중앙로*가 **","강원특별자치도 춘천시 중앙로 **-*, *층 (중앙로*가)","24346","이브즈","2025-08-18 13:19:09","I","2025-08-20 00:20:33","","264003.14406181","486753.060546439","비디오물제작업","","0","","광고 영상","114.4","0","0","","0","0","0","0","","","","","","","","","","","","0","","","","","","",
"181","비디오물제작업","03_10_05_P","4181000","CDFF1241072025000012","2025-08-13","","01","영업/정상","13","영업중","","","","","","","","강원특별자치도 춘천시 동내면 학곡리 ***-*","강원특별자치도 춘천시 동내면 학곡서*길 *-*, *동","24408","더 브루노 랩(The bruno lab)","2025-08-13 13:55:24","I","2025-08-15 00:20:12","","266694.108658735","481823.067405302","비디오물제작업","","0","","비디오","198.71","0","0","","0","0","0","0","","","","","","","","","","","","0","","","","","","",
"182","비디오물제작업","03_10_05_P","4181000","CDFF1241072025000011","2025-07-21","","01","영업/정상","13","영업중","","","","","0332625371","","","강원특별자치도 춘천시 요선동 *-*","강원특별자치도 춘천시 중앙로 **-*, *층 (요선동)","24271","세중애드컴","2025-07-21 17:29:10","I","2025-07-23 00:20:02","","263995.349647294","486885.887132712","비디오물제작업","","0","","동영상 제작","75","0","0","","0","0","0","0","","","","","","","","","","","","0","","","","","","",
"183","비디오물제작업","03_10_05_P","4181000","CDFF1241072024000001","2024-01-09","","01","영업/정상","13","영업중","","","","","","","","강원특별자치도 춘천시 온의동 *** 럭키아파트","강원특별자치도 춘천시 영서로 ****, ***동 ***호 (온의동, 럭키아파트)","24434","필로소피","2024-01-09 17:37:18","I","2024-01-11 00:16:45","","263030.653293619","485050.328015576","비디오물제작업","","0","","광고영상","73.42","0","0","","0","0","0","0","","","","","","","","","","","","0","","","","","","",
"184","비디오물제작업","03_10_05_P","4181000","CDFF1241072025000010","2025-06-26","","01","영업/정상","13","영업중","","","","","","","","강원특별자치도 춘천시 우두동 ****-* 동부아파트","강원특별자치도 춘천시 충열로 **, ***동 ***호 (우두동, 동부아파트)","24230","인스RDI","2025-06-26 09:42:54","I","2025-06-28 00:20:02","","264352.72118995","488666.419220623","비디오물제작업","","0","","영상콘텐츠 전반, 디지털 영상물","59.96","0","0","","0","0","0","0","","","","","","","","","","","","0","","","","","","",
"185","비디오물제작업","03_10_05_P","4181000","CDFF1241072025000004","2025-02-19","","01","영업/정상","13","영업중","","","","","","","","강원특별자치도 춘천시 신북읍 천전리 **** 소양강 양우 내안애 아파트","강원특별자치도 춘천시 신북읍 신샘밭로 ***, ***동 ***호 (소양강 양우 내안애 아파트)","24204","무니기획","2025-02-19 15:30:08","I","2025-02-21 00:10:42","","269451.8913261","492458.410951745","비디오물제작업","","0","","방송 영상, 기업홍보물 영상 등","72.85","0","0","","0","0","0","0","","","","","","","","","","","","0","","","","","","",
"186","비디오물제작업","03_10_05_P","4181000","CDFF1241072025000008","2025-03-25","","01","영업/정상","13","영업중","","","","","","","","강원특별자치도 춘천시 효자동 **-**","강원특별자치도 춘천시 백령로 ***, *층 (효자동)","24295","주식회사 나인픽처스","2025-03-25 13:05:49","I","2025-03-27 00:10:23","","265336.539935369","486141.266686847","비디오물제작업","","0","","비디오물, 유튜브 영상 등","122.53","0","0","","0","0","0","0","","","","","","","","","","","","0","","","","","","",
"187","비디오물제작업","03_10_05_P","4181000","CDFF1241072025000007","2025-03-21","","01","영업/정상","13","영업중","","","","","","","","강원특별자치도 춘천시 후평동 ***-*","강원특별자치도 춘천시 후석로***번길 *, *층 ***호 (후평동)","24232","주식회사모바","2025-03-21 10:41:42","I","2025-03-23 00:10:24","","265474.842593179","487512.552718902","비디오물제작업","","0","","각종 홍보영상 및 웹 콘텐츠","96.05","0","0","","0","0","0","0","","","","","","","","","","","","0","","","","","","",
"188","비디오물제작업","03_10_05_P","4181000","CDFF1241072025000006","2025-02-24","","01","영업/정상","13","영업중","","","","","0332421825","","","강원특별자치도 춘천시 퇴계동 ****-**","강원특별자치도 춘천시 효자로**번길 **, *층 ***호 (퇴계동)","24370","주식회사다옴피앤씨","2025-02-24 17:43:37","I","2025-02-26 00:10:37","","264064.982366043","484959.049237426","비디오물제작업","","0","","비디오물","80.64","0","0","","0","0","0","0","","","","","","","","","","","","0","","","","","","",
"189","비디오물제작업","03_10_05_P","4181000","CDFF1241072025000009","2025-04-14","","01","영업/정상","13","영업중","","","","","","","","강원특별자치도 춘천시 효자동 ***-*","강원특별자치도 춘천시 서부대성로***번길 **, *층 *호 (효자동)","24331","콘텐츠곰곰 주식회사","2025-06-17 17:25:42","U","2025-06-19 02:40:00","","265031.329721675","485806.314952499","비디오물제작업","","0","","동영상","7.4","0","0","","0","0","0","0","","","","","","","","","","","","0","","","","","","",
"190","비디오물제작업","03_10_05_P","4181000","CDFF1241072025000005","2025-02-21","","01","영업/정상","13","영업중","","","","","","","","강원특별자치도 춘천시 칠전동 ***-**","강원특별자치도 춘천시 칠전동길 **-**, *층 (칠전동)","24456","오오올플래닛","2025-02-21 16:16:45","I","2025-02-23 00:10:47","","262875.31745339","482356.016185356","비디오물제작업","","0","","홍보 영상 및 모션그래픽","51.06","0","0","","0","0","0","0","","","","","","","","","","","","0","","","","","","",
"191","비디오물제작업","03_10_05_P","4181000","CDFF1241072023000019","2023-12-29","","01","영업/정상","13","영업중","","","","","","","","강원특별자치도 춘천시 후평동 ***-*","강원특별자치도 춘천시 후석로***번길 *, *층 ***호 (후평동)","24232","디자인하모니","2023-12-29 14:22:23","I","2023-12-31 00:16:34","","265474.842593179","487512.552718902","비디오물제작업","","0","","국기원 태권도 교본","78.26","0","0","","0","0","0","0","","","","","","","","","","","","0","","","","","","",
"192","비디오물제작업","03_10_05_P","4181000","CDFF1241072023000017","2023-10-17","","01","영업/정상","13","영업중","","","","","","","","강원특별자치도 춘천시 서면 현암리 ***-* 강원정보문화진흥원","강원특별자치도 춘천시 서면 박사로 ***, 강원정보문화진흥원 *층 *호","24461","플리블리","2023-10-17 11:39:14","I","2023-10-19 00:17:36","","","","비디오물제작업","","0","","동영상, 비디오물","39.6","0","0","","0","0","0","0","","","","","","","","","","","","0","","","","","","",
"193","비디오물제작업","03_10_05_P","4181000","CDFF1241072023000018","2023-10-25","","01","영업/정상","13","영업중","","","","","","","","강원특별자치도 춘천시 옥천동 **-* 춘천예술마당","강원특별자치도 춘천시 서부대성로 **, 춘천예술마당 ***호 (옥천동)","24264","문화예술공장마음난로협동조합","2023-10-25 17:39:50","I","2023-10-27 00:17:51","","264271.934179086","486911.569011759","비디오물제작업","","0","","동영상 등","20.25","0","0","","0","0","0","0","","","","","","","","","","","","0","","","","","","",
"194","비디오물제작업","03_10_05_P","4181000","CDFF1241072025000002","2024-08-01","","01","영업/정상","13","영업중","","","","","","","","강원특별자치도 춘천시 서면 현암리 ***-* 강원정보문화진흥원","강원특별자치도 춘천시 서면 박사로 ***, 강원정보문화진흥원 *층","24461","명주담","2025-01-17 10:27:00","I","2025-01-19 00:11:35","","","","비디오물제작업","","0","","미디어콘텐츠창작업,문구용 종이제품 제조업, 인형 및 장남감 제조업, 포털 및 기타 인터넷 정보 매개 서비스업, 데이터베이스 및 온라인 정보 제공업, 경영컨설팅업, 광고 대행업, 시각 디자인업","126.55","0","0","","0","0","0","0","","","","","","","","","","","","0","","","","","","",
"195","비디오물제작업","03_10_05_P","4181000","CDFF1241072024000022","2024-11-28","","01","영업/정상","13","영업중","","","","","","","","강원특별자치도 춘천시 서면 현암리 ***-* 강원정보문화진흥원","강원특별자치도 춘천시 서면 박사로 ***, 강원정보문화진흥원 *층","24461","미디엄스튜디오","2024-11-28 09:04:29","I","2024-11-30 00:11:51","","","","비디오물제작업","","0","","미디어아트, 동영상","33.15","0","0","","0","0","0","0","","","","","","","","","","","","0","","","","","","",
"196","비디오물제작업","03_10_05_P","4181000","CDFF1241072025000001","2025-01-15","","01","영업/정상","13","영업중","","","","","","","","강원특별자치도 춘천시 죽림동 *-*","강원특별자치도 춘천시 중앙로**번길 **-*, ***호 (죽림동)","24353","유리한라커","2025-01-23 11:48:13","U","2025-01-25 02:40:00","","264096.655682719","486379.03263915","비디오물제작업","","0","","비디오물","26","0","0","","0","0","0","0","","","","","","","","","","","","0","","","","","","",
"197","비디오물제작업","03_10_05_P","4181000","CDFF1241072025000003","2025-01-24","","01","영업/정상","13","영업중","","","","","","","","강원특별자치도 춘천시 퇴계동 ***-*","강원특별자치도 춘천시 퇴계농공로 **, ***호 (퇴계동)","24427","주식회사티디아이코리아","2025-01-24 15:07:09","I","2025-01-26 00:11:32","","265308.03412475","482777.392253641","비디오물제작업","","0","","영상","3311.2","0","0","","0","0","0","0","","","","","","","","","","","","0","","","","","","",
"198","비디오물제작업","03_10_05_P","4181000","CDFF1241072024000015","2024-07-08","2024-07-09","04","취소/말소/만료/정지/중지","32","신고취소","","","","","033-264-1133","","","강원특별자치도 춘천시 효자동 ***-*","강원특별자치도 춘천시 춘천로 ***, ***호 (효자동)","24329","(주)아이비스퀘어","2024-07-09 10:01:26","I","2024-07-11 00:14:46","","264625.007546706","486195.45439825","비디오물제작업","","0","","동영상","173.54","0","0","","0","0","0","0","","","","","","","","","","","","0","","","","","","",
"199","비디오물제작업","03_10_05_P","4191000","CDFF1241072008000001","2008-04-23","","03","폐업","03","폐업","2015-05-22","","","","749-3512","","","강원특별자치도 원주시 반곡동 ****","강원특별자치도 원주시 동부순환로 ***-** (반곡동)","","(주)영서방송","2015-05-21 15:50:23","I","2023-06-13 00:00:00","","286432.388663428","425582.026924149","비디오물제작업","","0","","비디오물","0","0","0","","0","0","0","0","","","","","","","","","","","","0","","","","","","",
"200","비디오물제작업","03_10_05_P","4191000","CDFF1241072019000006","2019-09-26","","03","폐업","03","폐업","2025-01-31","","","","033-734-4744","","","강원특별자치도 원주시 중앙동 ***-* *층","강원특별자치도 원주시 중앙로 **, *층 (중앙동)","26429","제이드몰","2025-02-03 09:12:04","U","2025-02-05 02:40:00","","284287.508027648","427790.228837902","비디오물제작업","","3","","홍보 영상물 제작","46.48","3","0","","0","0","0","0","","","","","","","","","","","","0","","","","","","",
"201","비디오물제작업","03_10_05_P","4191000","CDFF1241072016000001","2016-05-27","","03","폐업","03","폐업","2020-04-22","","","","","","","강원특별자치도 원주시 귀래면 운남리 ***-**","강원특별자치도 원주시 귀래면 한치길 **-**, *층","26503","녹색지구","2020-04-22 13:27:13","I","2023-06-13 00:00:00","","278130.593763294","408200.12985096","비디오물제작업","","2","기타","방송다큐멘터리, 뮤직비디오, 기업홍보물","319.5","2","0","근린생활시설","0","0","0","0","","","","","","","","","","","","0","","","","","","자연녹지지역",
"202","비디오물제작업","03_10_05_P","4191000","CDFF1241072023000008","2023-07-04","","01","영업/정상","13","영업중","","","","","","","","강원특별자치도 원주시 반곡동 ****-* ***,***,***호","강원특별자치도 원주시 양지로 **-*, ***,***,***호 (반곡동)","26462","팀크로우 주식회사","2023-07-04 09:14:51","I","2023-07-06 00:19:23","","287270.684401365","425412.194528811","비디오물제작업","","0","","3D, 미디어파사드 등 비디오물 제작","206.1","0","0","","0","0","0","0","","","","","","","","","","","","0","","","","","","",
"203","비디오물제작업","03_10_05_P","4191000","CDFF1241072019000004","2019-04-05","","01","영업/정상","13","영업중","","","","","033-742-9112","","","강원특별자치도 원주시 무실동 ****-* *층","강원특별자치도 원주시 행가리*길 *-*, *층 (무실동)","26396","케이티씨","2019-04-05 16:13:59","I","2023-06-13 00:00:00","","281360.594435656","425038.993711785","비디오물제작업","","0","","드론을 이용한 영상제작","102.39","0","0","","0","0","0","0","","","","","","","","","","","","0","","","","","","",
"204","비디오물제작업","03_10_05_P","4191000","CDFF1241072004000001","2004-01-13","","01","영업/정상","13","영업중","","","","","","","","강원특별자치도 원주시 반곡동 ****-** 강원혁신지식산업센터","강원특별자치도 원주시 세계로 *, 강원혁신지식산업센터 *층 ***호 (반곡동)","26464","픽스미디어","2021-12-31 10:35:55","I","2023-06-13 00:00:00","","287584.773088221","425231.004067759","비디오물제작업","","0","","비디오물","109.36","0","0","","0","0","0","0","","","","","","","","","","","","0","","","","","","",
"205","비디오물제작업","03_10_05_P","4191000","CDFF1241072009000001","2009-08-28","","01","영업/정상","13","영업중","","","","","033-748-0188","","","강원특별자치도 원주시 관설동 ****-*","강원특별자치도 원주시 라옹정길 *-** (관설동)","26471","(주)YBN미디어플러스","2012-01-11 11:02:31","I","2023-06-13 00:00:00","","285343.051821896","424472.707573705","비디오물제작업","","0","","비디오물","140.08","0","0","","0","0","0","0","","","","","","","","","","","","0","","","","","","",
"206","비디오물제작업","03_10_05_P","4191000","CDFF1241072009000002","2009-03-30","","01","영업/정상","13","영업중","","","","","033-731-5889","","","강원특별자치도 원주시 태장동 ****-**","강원특별자치도 원주시 북원로****번길 **, *층 (태장동)","26316","엠디시에프","2016-08-11 09:38:39","I","2023-06-13 00:00:00","","284153.915585012","431913.8482485","비디오물제작업","","4","기타","비디오물","116.1","3","1","근린생활시설","0","0","0","0","","","","","","","","","","","","0","","","","","","일반주거지역",
"207","비디오물제작업","03_10_05_P","4191000","CDFF1241072010000001","2010-02-11","","01","영업/정상","13","영업중","","","","","070-8770-1080","","","강원특별자치도 원주시 평원동 ***-** (*층)","강원특별자치도 원주시 평원안길 **-**, *층 (평원동)","26430","미디어 팝콘(강원)","2016-08-11 09:42:03","I","2023-06-13 00:00:00","","284399.526876651","428014.720931957","비디오물제작업","","4","기타","방송/광고,교육/홍보영상,인터넷방송,컨텐츠개발","23.32","3","1","다가구용 주택(공동주택적용)","0","0","0","0","","","","","","","","","","","","0","","","","","","일반상업지역",
"208","비디오물제작업","03_10_05_P","4191000","CDFF1241072010000002","2010-07-30","","01","영업/정상","13","영업중","","","","","033-744-6723","","","강원특별자치도 원주시 단구동 ****-* 원주프리미엄아울렛 ***호","강원특별자치도 원주시 서원대로 ***, 원주프리미엄아울렛 *층 ***호 (단구동)","26487","주식회사 서울미디어","2018-11-15 18:16:44","I","2023-06-13 00:00:00","","284818.874360771","425225.032426821","비디오물제작업","","0","","비디오물 제작","54","0","0","","0","0","0","0","","","","","","","","","","","","0","","","","","","",
"209","비디오물제작업","03_10_05_P","4191000","CDFF1241072011000001","2011-08-11","","01","영업/정상","13","영업중","","","","","033-735-1020","","","강원특별자치도 원주시 반곡동 ****-** 엔터비즈타워","강원특별자치도 원주시 입춘로 **, 엔터비즈타워 B동 ***호 (반곡동)","26460","미래디지털콘텐츠개발원","2024-04-02 14:21:08","U","2024-04-04 02:40:00","","286650.196160256","425529.258545694","비디오물제작업","","0","기타","비디오물 제작","95.12","0","0","기타","0","0","0","0","","","","","","","","","","","","0","","","","","","준공업지역",
"210","비디오물제작업","03_10_05_P","4191000","CDFF1241072011000002","2011-09-19","","01","영업/정상","13","영업중","","","","","","","","강원특별자치도 원주시 단구동 ****-* *층","강원특별자치도 원주시 남원로 ***-**, *층 (단구동)","26484","클라임뷰림주식회사","2016-08-10 17:36:28","I","2023-06-13 00:00:00","","284080.556681701","425707.109801663","비디오물제작업","","0","","영상물제작","73","0","0","","0","0","0","0","","","","","","","","","","","","0","","","","","","",
"211","비디오물제작업","03_10_05_P","4191000","CDFF1241072019000005","2019-04-26","","01","영업/정상","13","영업중","","","","","","","","강원특별자치도 원주시 명륜동 *** 성원아파트 ***동 ***호","강원특별자치도 원주시 무실로 ***, ***동 ***호 (명륜동, 성원아파트)","26438","영서미디어","2019-04-26 18:03:11","I","2023-06-13 00:00:00","","283383.087355804","427002.92589923","비디오물제작업","","0","","홍보영상물 촬영 및 제작","80.47","0","0","","0","0","0","0","","","","","","","","","","","","0","","","","","","",
"212","비디오물제작업","03_10_05_P","4191000","CDFF1241072019000007","2019-10-08","","01","영업/정상","13","영업중","","","","","033-746-7117","","","강원특별자치도 원주시 무실동 ****-** *층 ***호","강원특별자치도 원주시 봉바위길 *, *층 ***호 (무실동)","26393","주식회사 디그램","2019-10-08 10:04:51","I","2023-06-13 00:00:00","","282464.174356121","426061.939803704","비디오물제작업","","0","","비디오 영상물","59.5","0","0","","0","0","0","0","","","","","","","","","","","","0","","","","","","",
"213","비디오물제작업","03_10_05_P","4191000","CDFF1241072019000008","2019-12-31","","01","영업/정상","13","영업중","","","","","","","","강원특별자치도 원주시 무실동 ****-*","강원특별자치도 원주시 시청로 **, *층 (무실동)","26383","주식회사 씨케이파트너스","2020-06-26 11:31:26","I","2023-06-13 00:00:00","","281783.855810873","426845.93047523","비디오물제작업","","0","","비디오 광고물등","30","0","0","","0","0","0","0","","","","","","","","","","","","0","","","","","","",
"214","비디오물제작업","03_10_05_P","4191000","CDFF1241072020000001","2020-01-31","","01","영업/정상","13","영업중","","","","","","","","강원특별자치도 원주시 명륜동 ***-*","강원특별자치도 원주시 남원로 ***, *층 (명륜동)","26442","(주)낭만사","2021-08-19 11:14:34","I","2023-06-13 00:00:00","","284451.006621337","426983.999461025","비디오물제작업","","2","","비디오물 제작","197.83","0","0","","0","0","0","0","","","","","","","","","","","","0","","","","","","",
"215","비디오물제작업","03_10_05_P","4191000","CDFF1241072020000002","2020-04-23","","01","영업/정상","13","영업중","","","","","","","","강원특별자치도 원주시 지정면 가곡리 **** 원주 호반 베르디움","강원특별자치도 원주시 지정면 가곡로 ***, ***동 ***호 (원주 호반 베르디움)","26352","미디어 J","2020-04-23 18:11:28","I","2023-06-13 00:00:00","","277453.036175427","431403.392608011","비디오물제작업","","0","","방송영상제작 등","85.69","0","0","아파트","0","0","0","0","","","","","","","","","","","","0","","","","","","",
"216","비디오물제작업","03_10_05_P","4191000","CDFF1241072020000003","2020-05-07","","01","영업/정상","13","영업중","","","","","","","","강원특별자치도 원주시 관설동 ****-*","강원특별자치도 원주시 치악고교길 **, *층 (관설동)","26469","주식회사 생각나눔소","2021-10-26 15:57:45","I","2023-06-13 00:00:00","","284976.796265234","424214.247408498","비디오물제작업","","0","","영상제작","171.36","0","0","","0","0","0","0","","","","","","","","","","","","0","","","","","","",
"217","비디오물제작업","03_10_05_P","4191000","CDFF1241072020000004","2020-06-30","","01","영업/정상","13","영업중","","","","","","","","강원특별자치도 원주시 명륜동 ***-*** *층","강원특별자치도 원주시 남산로*번길 **-*, *층 (명륜동)","26438","고씨네 주식회사","2023-03-22 09:08:12","I","2023-06-13 00:00:00","","283496.211440451","426960.010319024","비디오물제작업","","0","","광고영상, 홍보영상","52.6","0","0","","0","0","0","0","","","","","","","","","","","","0","","","","","","",
"218","비디오물제작업","03_10_05_P","4191000","CDFF1241072020000005","2020-08-13","","01","영업/정상","13","영업중","","","","","","","","강원특별자치도 원주시 판부면 서곡리 ****-*","강원특별자치도 원주시 판부면 오성마을길 **, *층 ***호","26400","백구컴퍼니","2020-08-13 09:18:18","I","2023-06-13 00:00:00","","283902.596754092","424656.403418191","비디오물제작업","","0","","홍보영상,비디오물","99.4","0","0","","0","0","0","0","","","","","","","","","","","","0","","","","","","",
"219","비디오물제작업","03_10_05_P","4191000","CDFF1241072020000006","2020-08-26","","01","영업/정상","13","영업중","","","","","033-763-9383","","","강원특별자치도 원주시 관설동 ****-* 단관청솔*차아파트","강원특별자치도 원주시 시청로 ***-*, 단관청솔*차아파트 지하층 ***~***호 (관설동)","26469","ys스윔키즈","2020-08-31 11:07:13","I","2023-06-13 00:00:00","","285373.172880629","424065.748294676","비디오물제작업","","0","","납품영상, 홍보영상","700","0","0","","0","0","0","0","","","","","","","","","","","","0","","","","","","",
"220","비디오물제작업","03_10_05_P","4191000","CDFF1241072020000007","2020-09-25","","01","영업/정상","13","영업중","","","","","033-747-1435","","","강원특별자치도 원주시 무실동 ****-*","강원특별자치도 원주시 시청로 **, *층 (무실동)","26391","우리사이커뮤니케이션","2025-06-20 12:55:54","U","2025-06-22 02:40:00","","282235.0950053","426391.743033234","비디오물제작업","","0","","영상제작","128.83","0","0","","0","0","0","0","","","","","","","","","","","","0","","","","","","",
"221","비디오물제작업","03_10_05_P","4191000","CDFF1241072021000001","2021-02-08","","01","영업/정상","13","영업중","","","","","","","","강원특별자치도 원주시 우산동 **-* 퍼스티지더올림 ***호","강원특별자치도 원주시 상지대길 *, 퍼스티지더올림 ***호 (우산동)","26342","주식회사 에이치앤플래닛","2022-10-19 09:56:11","I","2023-06-13 00:00:00","","283192.113862172","430070.870964072","비디오물제작업","","0","","광고,홍보용 영상","31.49","0","0","","0","0","0","0","","","","","","","","","","","","0","","","","","","",
"222","비디오물제작업","03_10_05_P","4191000","CDFF1241072021000002","2021-03-22","","01","영업/정상","13","영업중","","","","","","","","강원특별자치도 원주시 소초면 흥양리 ****-*","강원특별자치도 원주시 소초면 송황유사길 **-**","26310","필조형문화연구소","2021-03-22 08:09:33","I","2023-06-13 00:00:00","","287060.061596923","430867.617213858","비디오물제작업","","0","","전시물영상, 조형물영상, 기획물영상","59.42","0","0","","0","0","0","0","","","","","","","","","","","","0","","","","","","",
"223","비디오물제작업","03_10_05_P","4191000","CDFF1241072021000003","2021-04-09","","01","영업/정상","13","영업중","","","","","","","","강원특별자치도 원주시 단구동 ***-* *층","강원특별자치도 원주시 단사정길 **, *층 (단구동)","26451","클라임 매니지먼트(주)","2022-11-01 18:13:53","I","2023-06-13 00:00:00","","285098.903911142","425717.979098634","비디오물제작업","","0","","드라마,영화,예능,광고 영상제작 및 편집","173.57","0","0","","0","0","0","0","","","","","","","","","","","","0","","","","","","",
"224","비디오물제작업","03_10_05_P","4191000","CDFF1241072021000005","2021-06-24","","01","영업/정상","13","영업중","","","","","","","","강원특별자치도 원주시 관설동 ****-* 원주단관*차청솔아파트","강원특별자치도 원주시 나비허리길 ***, ***동 ***호 (관설동, 원주단관*차청솔아파트)","26473","(주)원주청년생활연구회","2021-06-24 15:36:24","I","2023-06-13 00:00:00","","285585.793888962","424297.389932818","비디오물제작업","","0","","홍보영상","79","0","0","","0","0","0","0","","","","","","","","","","","","0","","","","","","",
"225","비디오물제작업","03_10_05_P","4191000","CDFF1241072021000006","2021-10-22","","01","영업/정상","13","영업중","","","","","","","","강원특별자치도 원주시 반곡동 ****-** 엔터비즈타워 C동 ****호","강원특별자치도 원주시 입춘로 **, 엔터비즈타워 C동 ****호 (반곡동)","26460","새알미디어","2022-12-19 17:29:52","I","2023-06-13 00:00:00","","286650.196160256","425529.258545694","비디오물제작업","","0","","방송,홍보,광고영상","59.81","0","0","","0","0","0","0","","","","","","","","","","","","0","","","","","","",
"226","비디오물제작업","03_10_05_P","4191000","CDFF1241072021000007","2021-12-24","","01","영업/정상","13","영업중","","","","","","","","강원특별자치도 원주시 무실동 ****-*","강원특별자치도 원주시 시청로 **, *층 (무실동)","26383","주식회사 씨케이마케팅","2022-03-30 14:20:11","I","2023-06-13 00:00:00","","281783.855810873","426845.93047523","비디오물제작업","","0","","비디오 광고물 등","273","0","0","","0","0","0","0","","","","","","","","","","","","0","","","","","","",
"227","비디오물제작업","03_10_05_P","4191000","CDFF1241072012000001","2012-09-27","","01","영업/정상","13","영업중","","","","","033-734-0992","","","강원특별자치도 원주시 우산동 ***-** 강원도산업경제진흥원B***호","강원특별자치도 원주시 호저로 ** (우산동)","26336","봄날커뮤니케이션","2016-08-11 10:00:40","I","2023-06-13 00:00:00","","283209.521020226","431350.070324966","비디오물제작업","","0","기타","비디오물제작","90.24","0","0","","0","0","0","0","","","","","","","","","","","","0","","","","","","준공업지역",
"228","비디오물제작업","03_10_05_P","4191000","CDFF1241072013000001","2013-01-10","","01","영업/정상","13","영업중","","","","","","","","강원특별자치도 원주시 반곡동 ****-*","","26464","(주)스퀘어베이스","2016-08-10 17:35:56","I","2023-06-13 00:00:00","","287502.659388413","425235.263753653","비디오물제작업","","0","","비디오물제작","99.02","0","0","","0","0","0","0","","","","","","","","","","","","0","","","","","","",
"229","비디오물제작업","03_10_05_P","4191000","CDFF1241072013000002","2013-06-05","","01","영업/정상","13","영업중","","","","","033-763-0465","","","강원특별자치도 원주시 흥업면 대안리 ***-**","강원특별자치도 원주시 흥업면 대안로 ****","26492","성안(주)","2016-08-10 17:35:37","I","2023-06-13 00:00:00","","279344.491184907","423055.502582711","비디오물제작업","","2","기타","비디오물 제작업","96","2","0","창고","0","0","0","0","","","","","","","","","","","","0","","","","","","공업지역",
"230","비디오물제작업","03_10_05_P","4191000","CDFF1241072013000003","2013-02-27","","01","영업/정상","13","영업중","","","","","","","","강원특별자치도 원주시 문막읍 건등리 ****-*","강원특별자치도 원주시 문막읍 건등로 **-**, *층","26370","(주)투비콘텐츠","2016-08-11 09:46:04","I","2023-06-13 00:00:00","","272562.05725112","423606.570554663","비디오물제작업","","3","기타","비디오물제작업","0","3","0","근린생활시설","0","0","0","0","","","","","","","","","","","","0","","","","","","일반주거지역",
"231","비디오물제작업","03_10_05_P","4191000","CDFF1241072014000001","2014-01-13","","01","영업/정상","13","영업중","","","","","033-731-1866","","","강원특별자치도 원주시 판부면 서곡리 ****-*","강원특별자치도 원주시 판부면 오성마을길 **","26400","휘닉스 프로덕션","2016-08-10 17:34:26","I","2023-06-13 00:00:00","","283891.041902374","424625.759853875","비디오물제작업","","0","","제작업","40","0","0","","0","0","0","0","","","","","","","","","","","","0","","","","","","",
"232","비디오물제작업","03_10_05_P","4191000","CDFF1241072014000002","2014-01-13","","01","영업/정상","13","영업중","","","","","033-744-0469","","","강원특별자치도 원주시 우산동 ***-**","강원특별자치도 원주시 우산로 ** (우산동)","26340","제이제이 픽쳐","2016-08-10 17:33:58","I","2023-06-13 00:00:00","","282872.66545246","430020.32422022","비디오물제작업","","0","","비디오물","33.05","0","0","","0","0","0","0","","","","","","","","","","","","0","","","","","","",
"233","비디오물제작업","03_10_05_P","4191000","CDFF1241072014000003","2014-02-20","","01","영업/정상","13","영업중","","","","","","","","강원특별자치도 원주시 중앙동 *-* *층","강원특별자치도 원주시 중앙로 ***, *층 (중앙동)","26415","강원콘텐츠협동조합","2016-08-10 17:33:33","I","2023-06-13 00:00:00","","283990.510881083","428215.686096347","비디오물제작업","","0","","영화,다큐멘타리,비디오물,스팟광고 등","235.45","0","0","","0","0","0","0","","","","","","","","","","","","0","","","","","","",
"234","비디오물제작업","03_10_05_P","4191000","CDFF1241072014000004","2014-04-11","","01","영업/정상","13","영업중","","","","","033-734-3701","","","강원특별자치도 원주시 태장동 ****-**","강원특별자치도 원주시 태장공단길 **-* (태장동)","26311","한국아트콘텐츠주식회사","2022-11-04 13:37:51","I","2023-06-13 00:00:00","","283715.877028921","434064.609397881","비디오물제작업","","0","","전시영상제작 등","90","0","0","","0","0","0","0","","","","","","","","","","","","0","","","","","","",
"235","비디오물제작업","03_10_05_P","4191000","CDFF1241072014000005","2014-08-21","","01","영업/정상","13","영업중","","","","","033-762-2013","","","강원특별자치도 원주시 태장동 *** 원주태장LH 천년나무 *단지 상가","강원특별자치도 원주시 치악로 ****-*, *층 (태장동)","26323","지역문화콘텐츠협동조합 스토리한마당","2025-04-08 09:09:53","U","2025-04-10 02:40:00","","","","비디오물제작업","","0","","지역문화콘텐츠관련 영상","98","0","0","","0","0","0","0","","","","","","","","","","","","0","","","","","","",
"236","비디오물제작업","03_10_05_P","4191000","CDFF1241072015000001","2015-08-04","","01","영업/정상","13","영업중","","","","","","","","강원특별자치도 원주시 반곡동 ****-*","강원특별자치도 원주시 황금로 *, ***호 (반곡동)","26462","(주)케이에스씨","2024-01-05 10:21:52","U","2024-01-07 02:40:00","","287448.884933469","425490.050234055","비디오물제작업","","5","기타","상업 영상물 및 방송물","135","4","1","사무실","0","0","0","0","","","","","","","","","","","","0","","","","","","준주거지역",
"237","비디오물제작업","03_10_05_P","4191000","CDFF1241072016000002","2016-09-23","","01","영업/정상","13","영업중","","","","","070-4333-0970","","","강원특별자치도 원주시 일산동 **-*","강원특별자치도 원주시 원일로 **, *층 (일산동)","26431","주식회사 뉴스1강원취재본부","2017-09-26 17:42:08","I","2023-06-13 00:00:00","","284080.756535094","427827.147416696","비디오물제작업","","7","기타","홍보영상물","237.89","6","1","근린생활시설","0","0","0","0","","","","","","","","","","","","0","","","","","","일반상업지역",
"238","비디오물제작업","03_10_05_P","4191000","CDFF1241072017000001","2017-01-23","","01","영업/정상","13","영업중","","","","","","","","강원특별자치도 원주시 흥업면 매지리 ****","강원특별자치도 원주시 흥업면 연세대길 *, *층 ***호 (연세대학교)","26493","FILMMONG(필름몽)","2017-01-23 17:27:51","I","2023-06-13 00:00:00","","279854.561886195","420213.086562055","비디오물제작업","","0","기타","드라마, CF, 홍보물","42.23","0","0","","0","0","0","0","","","","","","","","","","","","0","","","","","","자연녹지지역",
"239","비디오물제작업","03_10_05_P","4191000","CDFF1241072017000003","2017-03-27","","01","영업/정상","13","영업중","","","","","033-744-7255","","","강원특별자치도 원주시 관설동 ****-**","강원특별자치도 원주시 치악로 ****, *층 (관설동)","26471","S 앤드 S MEDIA","2017-03-27 17:23:13","I","2023-06-13 00:00:00","","285655.681654557","424489.865083051","비디오물제작업","","5","기타","다큐멘터리, 홍보동영상","135.28","4","1","근린생활시설","0","0","0","0","","","","","","","","","","","","0","","","","","","준주거지역",
"240","비디오물제작업","03_10_05_P","4191000","CDFF1241072018000001","2018-04-30","","01","영업/정상","13","영업중","","","","","","","","강원특별자치도 원주시 반곡동 ****-** 엔터비즈타워","강원특별자치도 원주시 입춘로 **, 엔터비즈타워 제씨***호 (반곡동)","26460","피엠피(PMP)","2025-04-23 09:37:07","U","2025-04-25 02:40:00","","286650.196160256","425529.258545694","비디오물제작업","","0","","영상제작, 촬영","117.5","0","0","","0","0","0","0","","","","","","","","","","","","0","","","","","","",
"241","비디오물제작업","03_10_05_P","4191000","CDFF1241072018000002","2018-10-12","","01","영업/정상","13","영업중","","","","","033-764-9637","","","강원특별자치도 원주시 판부면 서곡리 ****-*","강원특별자치도 원주시 판부면 용수골길 ***","26402","미디어나무 주식회사","2018-10-30 09:09:48","I","2023-06-13 00:00:00","","283301.372892476","420551.455298838","비디오물제작업","","2","","영상, 영화","114.15","2","0","근린생활시설","0","0","0","0","","","","","","","","","","","","0","","","","","","",
"242","비디오물제작업","03_10_05_P","4191000","CDFF1241072019000001","2019-02-01","","01","영업/정상","13","영업중","","","","","033-743-4888","","","강원특별자치도 원주시 행구동 ***-*","강원특별자치도 원주시 고문골길 ** (행구동)","26455","주식회사 제이엠컴퍼니","2019-02-01 11:18:40","I","2023-06-13 00:00:00","","289012.71544967","427036.999726336","비디오물제작업","","2","","동영상, 비디오물 제작 서비스","113.91","2","0","근린생활시설","0","0","0","0","","","","","","","","","","","","0","","","","","","관리지역",
"243","비디오물제작업","03_10_05_P","4191000","CDFF1241072019000002","2019-03-20","","01","영업/정상","13","영업중","","","","","033-763-9854","","","강원특별자치도 원주시 관설동 ****-* *층","강원특별자치도 원주시 라옹정길 *-**, *층 (관설동)","26471","미디어 씨티","2019-03-20 13:33:45","I","2023-06-13 00:00:00","","285343.051821896","424472.707573705","비디오물제작업","","3","","군정, 중계방송, 기록홍보영상, 광고","109.94","3","0","근린생활시설","0","0","0","0","","","","","","","","","","","","0","","","","","","일반주거지역",
"244","비디오물제작업","03_10_05_P","4191000","CDFF1241072019000003","2019-04-01","","01","영업/정상","13","영업중","","","","","033-734-5000","","","강원특별자치도 원주시 행구동 ****-*","강원특별자치도 원주시 행구덕현길 ** (행구동)","26456","주식회사 지에이","2019-04-01 15:33:21","I","2023-06-13 00:00:00","","288334.926944469","426778.843998129","비디오물제작업","","2","","방송 다큐멘터리, 뮤직비디오, 기업 홍보물","132.56","2","0","","0","0","0","0","","","","","","","","","","","","0","","","","","","",
"245","비디오물제작업","03_10_05_P","4191000","CDFF1241072021000008","2021-12-31","","01","영업/정상","13","영업중","","","","","033-766-1687","","","강원특별자치도 원주시 흥업면 매지리 **** 연세대학교","강원특별자치도 원주시 흥업면 연세대길 *, 연세대학교창업보육센터 *층 ***호","26493","주식회사 풀밭컴퍼니","2021-12-31 10:39:56","I","2023-06-13 00:00:00","","279802.842138498","420075.310262165","비디오물제작업","","0","","기업홍보영사, 유튜브영상, SNS영상, 다큐멘터리, 관광영상 등","33","0","0","","0","0","0","0","","","","","","","","","","","","0","","","","","","",
"246","비디오물제작업","03_10_05_P","4191000","CDFF1241072022000001","2022-01-27","","01","영업/정상","13","영업중","","","","","","","","강원특별자치도 원주시 단계동 ***","강원특별자치도 원주시 서원대로 ***, 대원빌딩 *층 (단계동)","26382","(주)원주투데이 신문사","2022-01-27 09:00:25","I","2023-06-13 00:00:00","","282266.481590505","427296.486781042","비디오물제작업","","0","","광고영상, 일반영상","256.7","0","0","","0","0","0","0","","","","","","","","","","","","0","","","","","","",
"247","비디오물제작업","03_10_05_P","4191000","CDFF1241072022000002","2022-02-25","","01","영업/정상","13","영업중","","","","","033-731-3582","","","강원특별자치도 원주시 반곡동 ****-*","강원특별자치도 원주시 양지로 **-*, 정우빌딩 ***, ***호 (반곡동)","26462","(주)미래도시개발연구소","2022-02-25 10:34:23","I","2023-06-13 00:00:00","","287253.265147656","425393.274661032","비디오물제작업","","0","","비디오물제작","223.37","0","0","","0","0","0","0","","","","","","","","","","","","0","","","","","","",
"248","비디오물제작업","03_10_05_P","4191000","CDFF1241072022000003","2022-03-03","","01","영업/정상","13","영업중","","","","","","","","강원특별자치도 원주시 반곡동 ****-*","강원특별자치도 원주시 건강로 **, ***호 (반곡동)","26464","부부사진관","2022-03-03 10:57:34","I","2023-06-13 00:00:00","","287476.643166799","425187.579444885","비디오물제작업","","0","","홍보,공연,다큐영상,방송송출","74.83","0","0","","0","0","0","0","","","","","","","","","","","","0","","","","","","",
"249","비디오물제작업","03_10_05_P","4191000","CDFF1241072022000004","2022-03-08","","01","영업/정상","13","영업중","","","","","","","","강원특별자치도 원주시 반곡동 ****-**","강원특별자치도 원주시 버들만이길 **, ***호 (반곡동)","26466","해피니스테크","2022-03-08 14:28:39","I","2023-06-13 00:00:00","","286288.996961559","424723.406095108","비디오물제작업","","0","","홍보영상, 유튜브영상","130.82","0","0","","0","0","0","0","","","","","","","","","","","","0","","","","","","",
"250","비디오물제작업","03_10_05_P","4191000","CDFF1241072022000005","2022-03-10","","01","영업/정상","13","영업중","","","","","033-742-4800","","","강원특별자치도 원주시 태장동 ****-*","강원특별자치도 원주시 북원중길 **-* (태장동)","26316","주식회사 이야기담","2022-09-21 16:12:53","I","2023-06-13 00:00:00","","284247.031579121","432066.53998699","비디오물제작업","","0","","광고용 영상","168.72","0","0","","0","0","0","0","","","","","","","","","","","","0","","","","","","",
"251","비디오물제작업","03_10_05_P","4191000","CDFF1241072022000006","2022-03-18","","01","영업/정상","13","영업중","","","","","","","","강원특별자치도 원주시 학성동 ***-**","강원특별자치도 원주시 중앙로 ***, *층 (학성동)","26415","올인비즈플랫폼 주식회사","2022-03-18 09:02:44","I","2023-06-13 00:00:00","","283860.071142576","428333.861873923","비디오물제작업","","0","","홍보영상","261.86","0","0","","0","0","0","0","","","","","","","","","","","","0","","","","","","",
"252","비디오물제작업","03_10_05_P","4191000","CDFF1241072022000007","2022-05-20","","01","영업/정상","13","영업중","","","","","","","","강원특별자치도 원주시 학성동 ***-*","강원특별자치도 원주시 역전시장길 ** (학성동)","26416","디지털강원","2022-05-20 09:57:30","I","2023-06-13 00:00:00","","283574.712729322","428586.012764565","비디오물제작업","","0","","방송프로그램 및 홍보영상, SNS영상","57.88","0","0","","0","0","0","0","","","","","","","","","","","","0","","","","","","",
"253","비디오물제작업","03_10_05_P","4191000","CDFF1241072022000008","2022-07-01","","01","영업/정상","13","영업중","","","","","","","","강원특별자치도 원주시 반곡동 ****-*","강원특별자치도 원주시 건강로 **-*, 서영에비뉴파크 *차 *층 ***호 (반곡동)","26464","(주)대한복지진흥원","2022-07-01 17:34:27","I","2023-06-13 00:00:00","","287512.78565901","425287.553286401","비디오물제작업","","0","","영상, 비디온콘텐츠, 흥보영상","172.6","0","0","","0","0","0","0","","","","","","","","","","","","0","","","","","","",
"254","비디오물제작업","03_10_05_P","4191000","CDFF1241072022000009","2022-10-31","","01","영업/정상","13","영업중","","","","","","","","강원특별자치도 원주시 단계동 ****-*","강원특별자치도 원주시 서원대로 ***, *층 (단계동)","26437","주식회사 한국영상미디어","2024-02-20 16:38:21","U","2024-02-22 02:40:00","","282006.407186476","427603.639921703","비디오물제작업","","11","","영상물 및 방송 프로그램","113.54","9","2","근린생활시설","0","0","0","0","","","","","","","","","","","","0","","","","","","준주거지역",
"255","비디오물제작업","03_10_05_P","4191000","CDFF1241072023000001","2023-02-03","","01","영업/정상","13","영업중","","","","","","","","강원특별자치도 원주시 지정면 가곡리 **** 원주 롯데캐슬 골드파크 *차","강원특별자치도 원주시 지정면 신지정로 ***, ***동 ***호 (원주 롯데캐슬 골드파크 *차)","26353","에스비모션","2023-02-03 13:38:38","I","2023-06-13 00:00:00","","277134.988226673","430921.744566666","비디오물제작업","","0","","광고영화 및 비디오물 제작업","84.96","0","0","","0","0","0","0","","","","","","","","","","","","0","","","","","","",
"256","비디오물제작업","03_10_05_P","4191000","CDFF1241072023000002","2023-02-09","","01","영업/정상","13","영업중","","","","","","","","강원특별자치도 원주시 단계동 ****-** *층","강원특별자치도 원주시 백간공원길 **-*, *층 (단계동)","26422","일송디자인","2023-02-09 15:14:59","I","2023-06-13 00:00:00","","281900.047241929","427853.553884568","비디오물제작업","","0","주택가주변","홍보영상,웹미디어,유튜부 영상 제작 및 편집","119.84","0","0","근린생활시설","0","0","0","0","","","","","","","","","","","","0","","","","","","일반주거지역",
"257","비디오물제작업","03_10_05_P","4191000","CDFF1241072023000003","2023-02-20","","01","영업/정상","13","영업중","","","","","070-4249-1332","","","강원특별자치도 원주시 관설동 ****-*","강원특별자치도 원주시 치악고교길 **, ***호 (관설동)","26469","스탬피플협동조합","2023-02-20 13:54:32","I","2023-06-13 00:00:00","","284976.796265234","424214.247408498","비디오물제작업","","0","","관공서 지자체 홍보영상 및 각종 웹 동영상","138","0","0","","0","0","0","0","","","","","","","","","","","","0","","","","","","",
"258","비디오물제작업","03_10_05_P","4191000","CDFF1241072023000004","2023-03-22","","01","영업/정상","13","영업중","","","","","","","","강원특별자치도 원주시 흥업면 흥업리 ***-* ***호","강원특별자치도 원주시 흥업면 남원로 **-**, ***호","26403","주식회사 할로링","2023-03-22 09:07:09","I","2023-06-13 00:00:00","","281440.82446305","422312.789248633","비디오물제작업","","0","","영화","18","0","0","","0","0","0","0","","","","","","","","","","","","0","","","","","","",
"259","비디오물제작업","03_10_05_P","4191000","CDFF1241072023000005","2023-04-10","","01","영업/정상","13","영업중","","","","","","","","강원특별자치도 원주시 단구동 ****-* 원주프리미엄아울렛 ***동 ***호","강원특별자치도 원주시 서원대로 ***, 원주프리미엄아울렛 ***동 ***호 (단구동)","26487","더블디오 콘텐츠 랩","2023-04-10 10:37:00","I","2023-06-13 00:00:00","","284818.874360771","425225.032426821","비디오물제작업","","0","","영상,비디오","12","0","0","","0","0","0","0","","","","","","","","","","","","0","","","","","","",
"260","비디오물제작업","03_10_05_P","4191000","CDFF1241072023000006","2023-05-09","","01","영업/정상","13","영업중","","","","","033-733-2466","","","강원특별자치도 원주시 반곡동 ****-* ***호","강원특별자치도 원주시 혁신로 **, ***호 (반곡동)","26460","수빈ENT","2023-05-09 14:08:37","I","2023-06-13 00:00:00","","286530.401496353","425229.266366716","비디오물제작업","","0","","영상물 및 방송 프로그램 제작","58.2","0","0","","0","0","0","0","","","","","","","","","","","","0","","","","","","",
"261","비디오물제작업","03_10_05_P","4191000","CDFF1241072023000007","2023-05-23","","01","영업/정상","13","영업중","","","","","","","","강원특별자치도 원주시 개운동 ***-* *층","강원특별자치도 원주시 행구로 **, *층 (개운동)","26443","이진스튜디오","2023-05-23 15:01:40","I","2023-06-13 00:00:00","","284819.125333333","427042.186666666","비디오물제작업","","0","","동영상","82.6","0","0","","0","0","0","0","","","","","","","","","","","","0","","","","","","",
"262","비디오물제작업","03_10_05_P","4191000","CDFF1241072024000009","2024-09-30","","01","영업/정상","13","영업중","","","","","070-7767-7666","","","강원특별자치도 원주시 지정면 가곡리 ****-*","강원특별자치도 원주시 지정면 무릉로 **, 팬더프라자 ***-*호","26353","누리달 3D영상제작","2024-09-30 15:56:24","I","2024-10-02 00:12:51","","277677.411101519","430682.929748871","비디오물제작업","","0","","3D 영상, 홍보영상, 동영상, 애니메이션","5.2","0","0","","0","0","0","0","","","","","","","","","","","","0","","","","","","",
"263","비디오물제작업","03_10_05_P","4191000","CDFF1241072024000008","2024-08-23","","01","영업/정상","13","영업중","","","","","","","","강원특별자치도 원주시 반곡동 ****-** 엔터비즈타워","강원특별자치도 원주시 입춘로 **, 엔터비즈타워 B동 ***호 (반곡동)","26460","주식회사 플랜박스코리아","2024-08-23 09:40:14","I","2024-08-25 00:13:12","","286650.196160256","425529.258545694","비디오물제작업","","0","","기업 홍보영상, 행사 영상, 라이브커머스, 유튜브 제작","42.69","0","0","","0","0","0","0","","","","","","","","","","","","0","","","","","","",
"264","비디오물제작업","03_10_05_P","4191000","CDFF1241072024000007","2024-06-25","","01","영업/정상","13","영업중","","","","","","","","강원특별자치도 원주시 반곡동 ****-** 강원혁신지식산업센터","강원특별자치도 원주시 세계로 *, 강원혁신지식산업센터 ***호 (반곡동)","26464","99프레임","2024-06-25 09:00:19","I","2024-06-27 00:14:03","","287584.773088221","425231.004067759","비디오물제작업","","0","","영상제작","10.4","0","0","","0","0","0","0","","","","","","","","","","","","0","","","","","","",
"265","비디오물제작업","03_10_05_P","4191000","CDFF1241072024000005","2024-05-13","","01","영업/정상","13","영업중","","","","","","","","강원특별자치도 원주시 단구동 ****-* 세경웰러스아파트","강원특별자치도 원주시 단구로 ***, ***동 ***호 (단구동, 세경웰러스아파트)","26489","마루웍스(Maroo Works)","2024-05-13 13:33:39","I","2024-05-15 00:14:39","","284269.03323089","424723.500392508","비디오물제작업","","0","","방송 영상 제작","104","0","0","","0","0","0","0","","","","","","","","","","","","0","","","","","","",
"266","비디오물제작업","03_10_05_P","4191000","CDFF1241072024000004","2024-03-28","","01","영업/정상","13","영업중","","","","","","","","강원특별자치도 원주시 단구동 ***-*","강원특별자치도 원주시 치악로****번길 **, ***호 (단구동)","26452","제이디프로덕션","2024-03-28 14:14:42","I","2024-03-30 00:15:18","","285367.265492711","425120.781218775","비디오물제작업","","0","","비디오제작","30","0","0","","0","0","0","0","","","","","","","","","","","","0","","","","","","",
"267","비디오물제작업","03_10_05_P","4191000","CDFF1241072024000006","2024-05-22","","01","영업/정상","13","영업중","","","","","","","","강원특별자치도 원주시 신림면 금창리 ***-*","강원특별자치도 원주시 신림면 치악로 ***-**","26506","원주무인항공아카데미","2024-05-22 09:26:31","I","2024-05-24 00:14:32","","293840.896216023","416545.883496808","비디오물제작업","","0","","비디오 영상물 촬영 및 제작","44.33","0","0","","0","0","0","0","","","","","","","","","","","","0","","","","","","",
"268","비디오물제작업","03_10_05_P","4191000","CDFF1241072025000012","2025-10-27","","01","영업/정상","13","영업중","","","","","","","","강원특별자치도 원주시 반곡동 ****-*","강원특별자치도 원주시 양지로 **-*, 정우빌딩 *층 ***호 (반곡동)","26462","주식회사 예지토탈디자인","2025-10-27 09:10:33","I","2025-10-29 00:20:02","","287253.265147656","425393.274661032","비디오물제작업","","0","","비디오 제작물","85.6","0","0","","0","0","0","0","","","","","","","","","","","","0","","","","","","",
"269","비디오물제작업","03_10_05_P","4191000","CDFF1241072024000001","2024-01-25","","01","영업/정상","13","영업중","","","","","033-766-0762","","","강원특별자치도 원주시 반곡동 ****-** 강원혁신지식산업센터","강원특별자치도 원주시 세계로 *, 강원혁신지식산업센터 ***호 (반곡동)","26464","주식회사 픽스미디어","2024-01-25 13:58:50","I","2024-01-27 00:16:14","","287584.773088221","425231.004067759","비디오물제작업","","0","","비디오물 제작","135.15","0","0","","0","0","0","0","","","","","","","","","","","","0","","","","","","",
"270","비디오물제작업","03_10_05_P","4191000","CDFF1241072024000002","2024-02-15","","01","영업/정상","13","영업중","","","","","","","","강원특별자치도 원주시 단계동 ***-*","강원특별자치도 원주시 이화*길 **, ***호 (단계동)","26382","럭키덕 studio","2024-02-15 09:05:21","I","2024-02-17 00:15:53","","282489.594125328","426941.783006608","비디오물제작업","","0","","방송프로그램, 광고, 기록영상 외","49.73","0","0","","0","0","0","0","","","","","","","","","","","","0","","","","","","",
"271","비디오물제작업","03_10_05_P","4191000","CDFF1241072024000003","2024-03-18","","01","영업/정상","13","영업중","","","","","","","","강원특별자치도 원주시 봉산동 ***-**","강원특별자치도 원주시 동부순환로 ***, *층 (봉산동)","26454","디자인폭스","2024-03-18 14:59:48","I","2024-03-20 00:15:26","","286354.73540446","427636.680193033","비디오물제작업","","0","","동영상제작","66","0","0","","0","0","0","0","","","","","","","","","","","","0","","","","","","",
"272","비디오물제작업","03_10_05_P","4191000","CDFF1241072025000011","2025-08-18","","01","영업/정상","13","영업중","","","","","","","","강원특별자치도 원주시 태장동 ****-*","강원특별자치도 원주시 북원중길 **-* (태장동)","26316","디자인마당","2025-08-18 09:41:01","I","2025-08-20 00:20:33","","284247.031579121","432066.53998699","비디오물제작업","","0","","영상제작","168.72","0","0","","0","0","0","0","","","","","","","","","","","","0","","","","","","",
"273","비디오물제작업","03_10_05_P","4191000","CDFF1241072025000010","2018-02-21","","01","영업/정상","13","영업중","","","","","","","","강원특별자치도 원주시 명륜동 *** 더샵원주센트럴파크*단지","강원특별자치도 원주시 서원대로 ***, ***동 ****호 (명륜동, 더샵원주센트럴파크*단지)","26479","오버레이 필드(Overlay Field)","2025-06-12 09:44:30","I","2025-06-14 00:20:11","","283137.103926732","426541.007582135","비디오물제작업","","6","","비디오물","40","5","1","근린생활시설","0","0","0","0","","","","","","","","","","","","0","","","","","","일반주거지역",
"274","비디오물제작업","03_10_05_P","4191000","CDFF1241072025000008","2025-04-03","","01","영업/정상","13","영업중","","","","","","","","강원특별자치도 원주시 소초면 흥양리 **-*","강원특별자치도 원주시 소초면 황골로 ***-*, *층","26310","미디어하루","2025-04-03 11:18:04","I","2025-04-05 00:10:22","","289686.154535164","429503.900538922","비디오물제작업","","0","","영화제작, 영화배급","42","0","0","","0","0","0","0","","","","","","","","","","","","0","","","","","","",
"275","비디오물제작업","03_10_05_P","4191000","CDFF1241072025000007","2025-03-07","","01","영업/정상","13","영업중","","","","","","","","강원특별자치도 원주시 반곡동 ****-** 엔터비즈타워","강원특별자치도 원주시 입춘로 **, 엔터비즈타워 B동 ****호 (반곡동)","26460","스튜디오 때지","2025-07-02 09:15:58","U","2025-07-04 02:40:00","","286650.196160256","425529.258545694","비디오물제작업","","0","","비디오, 영상","38.49","0","0","","0","0","0","0","","","","","","","","","","","","0","","","","","","",
"276","비디오물제작업","03_10_05_P","4191000","CDFF1241072025000006","2025-03-04","","01","영업/정상","13","영업중","","","","","","","","강원특별자치도 원주시 단구동 ****-* 원주프리미엄아울렛","강원특별자치도 원주시 서원대로 ***, *층 ***-**호 (단구동)","26487","주식회사 소셜모자익","2025-03-04 09:17:09","I","2025-03-06 00:10:58","","284818.874360771","425225.032426821","비디오물제작업","","0","","광고 영화 및 비디오물 제작업","3.3","0","0","","0","0","0","0","","","","","","","","","","","","0","","","","","","",
"277","비디오물제작업","03_10_05_P","4191000","CDFF1241072025000009","2024-12-09","","01","영업/정상","13","영업중","","","","","","","","강원특별자치도 원주시 무실동 ****-* 리젠트프라자","강원특별자치도 원주시 시청로 **, 리젠트프라자 *층 ***호 (무실동)","26387","주식회사 메타프로이","2025-04-21 17:38:56","I","2025-04-23 00:10:38","","281648.947192921","426853.373259989","비디오물제작업","","0","","광고/홍보 영상제작","1.7","0","0","","0","0","0","0","","","","","","","","","","","","0","","","","","","",
"278","비디오물제작업","03_10_05_P","4191000","CDFF1241072025000005","2025-02-21","","01","영업/정상","13","영업중","","","","","","","","강원특별자치도 원주시 우산동 ***-** 원주근로자종합복지관","강원특별자치도 원주시 우산공단길 **, *층 (우산동)","26336","주식회사 스텔라","2025-02-21 10:24:08","I","2025-02-23 00:10:47","","283274.345339703","430747.493954183","비디오물제작업","","0","","비디오물","73.26","0","0","","0","0","0","0","","","","","","","","","","","","0","","","","","","",
"279","비디오물제작업","03_10_05_P","4191000","CDFF1241072023000010","2023-11-21","","01","영업/정상","13","영업중","","","","","","","","강원특별자치도 원주시 흥업면 흥업리 **** 원주 흥업 LH천년나무*","강원특별자치도 원주시 흥업면 남원로 **, *층 (원주 흥업 LH천년나무*)","26403","큰나무사회적협동조합","2023-11-21 16:45:44","I","2023-11-23 00:17:06","","281599.163814582","422312.84168381","비디오물제작업","","0","","비디오물제작업","51.34","0","0","","0","0","0","0","","","","","","","","","","","","0","","","","","","",
"280","비디오물제작업","03_10_05_P","4191000","CDFF1241072023000009","2023-10-10","","01","영업/정상","13","영업중","","","","","","","","강원특별자치도 원주시 지정면 가곡리 ****-*","강원특별자치도 원주시 지정면 신지정로 ***, 퀸즈파크 *층","26353","(주)디엔비소프트","2025-04-23 09:10:34","U","2025-04-25 02:40:00","","277384.615986332","430628.367352977","비디오물제작업","","0","","비디오물 제작업","79.82","0","0","","0","0","0","0","","","","","","","","","","","","0","","","","","","",
"281","비디오물제작업","03_10_05_P","4191000","CDFF1241072024000011","2024-12-05","","01","영업/정상","13","영업중","","","","","","","","강원특별자치도 원주시 태장동 ***-* 영진*차아파트","강원특별자치도 원주시 현충로 ***, 영진*차아파트 *층 ***호 (태장동)","26320","주식회사 아이엘","2024-12-05 15:28:25","I","2024-12-07 00:11:45","","284094.583228923","430001.237603248","비디오물제작업","","0","","비디오물 제작","83.07","0","0","","0","0","0","0","","","","","","","","","","","","0","","","","","","",
"282","비디오물제작업","03_10_05_P","4191000","CDFF1241072024000010","2024-11-19","","01","영업/정상","13","영업중","","","","","","","","강원특별자치도 원주시 명륜동 *** 성원아파트","강원특별자치도 원주시 무실로 ***, ***동 ****호 (명륜동, 성원아파트)","26438","사람과 사람","2024-11-19 13:11:02","I","2024-11-21 00:11:58","","283383.087355804","427002.92589923","비디오물제작업","","0","","비디오물 제작","84","0","0","","0","0","0","0","","","","","","","","","","","","0","","","","","","",
"283","비디오물제작업","03_10_05_P","4191000","CDFF1241072025000002","2025-02-07","","01","영업/정상","13","영업중","","","","","","","","강원특별자치도 원주시 관설동 ****-*","강원특별자치도 원주시 라옹정길 **-**, *층 (관설동)","26471","유진커뮤니케이션","2025-02-07 10:52:02","I","2025-02-09 00:11:01","","285213.798401819","424774.039879465","비디오물제작업","","0","","홍보,광고 등 비디오물제작","40","0","0","","0","0","0","0","","","","","","","","","","","","0","","","","","","",
"284","비디오물제작업","03_10_05_P","4191000","CDFF1241072024000013","2024-12-10","","01","영업/정상","13","영업중","","","","","033-765-0820","","","강원특별자치도 원주시 반곡동 ****-** 엔터비즈타워","강원특별자치도 원주시 입춘로 **, 엔터비즈타워 B동 ***호 (반곡동)","26460","강원로드산업","2024-12-10 09:32:17","I","2024-12-12 00:11:51","","286650.196160256","425529.258545694","비디오물제작업","","0","","영상제작","44.49","0","0","","0","0","0","0","","","","","","","","","","","","0","","","","","","",
"285","비디오물제작업","03_10_05_P","4191000","CDFF1241072025000001","2025-01-20","","01","영업/정상","13","영업중","","","","","","","","강원특별자치도 원주시 반곡동 ****-** 강원혁신지식산업센터","강원특별자치도 원주시 세계로 *, 강원혁신지식산업센터 *층 ***호 (반곡동)","26464","필라멘트","2025-03-26 19:00:04","U","2025-03-28 02:40:00","","287584.773088221","425231.004067759","비디오물제작업","","0","","홍보,광고,영화,유튜브등 비디오물제작","24.7","0","0","","0","0","0","0","","","","","","","","","","","","0","","","","","","",
"286","비디오물제작업","03_10_05_P","4191000","CDFF1241072025000003","2025-02-14","","01","영업/정상","13","영업중","","","","","","","","강원특별자치도 원주시 일산동 *** 두진하트리움시티","강원특별자치도 원주시 천사로 ***, ***동 ***호 (일산동, 두진하트리움시티)","26417","에이치앤제이 미디어","2025-02-14 09:18:45","I","2025-02-16 00:11:28","","283652.889698416","428073.769853619","비디오물제작업","","0","","영상물","84.9","0","0","","0","0","0","0","","","","","","","","","","","","0","","","","","","",
"287","비디오물제작업","03_10_05_P","4191000","CDFF1241072025000004","2025-02-14","","01","영업/정상","13","영업중","","","","","","","","강원특별자치도 원주시 단계동 ***-*","강원특별자치도 원주시 금불*길 **-*, ***호 (단계동)","26423","고래필름","2025-02-14 09:20:13","I","2025-02-16 00:11:28","","282584.809246158","427856.602234914","비디오물제작업","","0","","비디오 영상물 제작","66.64","0","0","","0","0","0","0","","","","","","","","","","","","0","","","","","","",
"288","비디오물제작업","03_10_05_P","4191000","CDFF1241072024000012","2024-12-06","","01","영업/정상","13","영업중","","","","","","","","강원특별자치도 원주시 반곡동 ****-** 엔터비즈타워","강원특별자치도 원주시 입춘로 **, 엔터비즈타워 ****호 (반곡동)","26460","엠아트","2024-12-06 15:20:25","I","2024-12-08 00:11:52","","286650.196160256","425529.258545694","비디오물제작업","","0","","영상 제작","44","0","0","","0","0","0","0","","","","","","","","","","","","0","","","","","","",
"289","비디오물제작업","03_10_05_P","4201000","CDFF1241072007000001","2007-02-26","","03","폐업","03","폐업","2010-11-05","","","","033-651-3088","","","강원특별자치도 강릉시 포남동 ****-***","강원특별자치도 강릉시 경강로****번길 * (포남동)","210-111","한국문화관광콘텐츠개발(주)","2011-10-30 13:35:55","I","2023-06-13 00:00:00","","368705.113784819","475673.124066199","비디오물제작업","","0","","비디오물제작업","0","0","0","","0","0","0","0","","","","","","","","","","","","0","","","","","","",
"290","비디오물제작업","03_10_05_P","4201000","CDFF1241072010000001","2010-09-15","","03","폐업","03","폐업","2014-06-13","","","","070-8120-1022","","","강원특별자치도 강릉시 포남동 **** *층","강원특별자치도 강릉시 강릉대로 ***-*, *층 (포남동)","210-111","(주)씨제이헬로비전 영동방송","2014-06-13 23:02:31","I","2023-06-13 00:00:00","","368301.309688368","476010.508025219","비디오물제작업","","0","","비디오물","666.36","0","0","","0","0","0","0","","","","","","","","","","","","0","","","","","","",
"291","비디오물제작업","03_10_05_P","4201000","CDFF1241072023000007","2023-09-04","","01","영업/정상","13","영업중","","","","","","","","강원특별자치도 강릉시 성산면 위촌리 ***-*","강원특별자치도 강릉시 성산면 위촌길 ***","25447","케이엠에스","2023-09-04 16:41:26","I","2023-09-06 00:18:13","","361018.352737185","474449.581164291","비디오물제작업","","0","","비디오물","38.5","0","0","","0","0","0","0","","","","","","","","","","","","0","","","","","","",
"292","비디오물제작업","03_10_05_P","4201000","CDFF1241072023000006","2023-07-13","","01","영업/정상","13","영업중","","","","","","","","강원특별자치도 강릉시 주문진읍 장덕리 ***","강원특별자치도 강릉시 주문진읍 신리천로 ***-**","25402","(주)이그림","2023-07-13 10:07:40","I","2023-07-15 00:19:09","","355808.9574153","488937.410619133","비디오물제작업","","0","","애니메이션 영상","74","0","0","","0","0","0","0","","","","","","","","","","","","0","","","","","","",
"293","비디오물제작업","03_10_05_P","4201000","CDFF1241072022000001","2022-02-08","","01","영업/정상","13","영업중","","","","","","","","강원특별자치도 강릉시 지변동 **-*","강원특별자치도 강릉시 경포로 **-** (지변동)","25465","옐로커뮤니케이션","2022-02-09 09:12:47","I","2023-06-13 00:00:00","","365420.232990007","476192.257836447","비디오물제작업","","0","","영상물, 비디오물","491.39","0","0","","0","0","0","0","","","","","","","","","","","","0","","","","","","",
"294","비디오물제작업","03_10_05_P","4201000","CDFF1241072022000002","2022-02-10","","01","영업/정상","13","영업중","","","","","","","","강원특별자치도 강릉시 명주동 **","강원특별자치도 강릉시 경강로****번길 **, *층 (명주동)","25538","파랑달협동조합","2022-02-10 11:35:54","I","2023-06-13 00:00:00","","366737.454179179","473742.773021824","비디오물제작업","","0","","영상물","68.24","0","0","","0","0","0","0","","","","","","","","","","","","0","","","","","","",
"295","비디오물제작업","03_10_05_P","4201000","CDFF1241072022000003","2022-04-04","","01","영업/정상","13","영업중","","","","","","","","강원특별자치도 강릉시 구정면 제비리 ****","강원특별자치도 강릉시 구정면 칠봉로 ***-*","25621","코리아이미지","2022-04-04 13:49:59","I","2023-06-13 00:00:00","","364182.983316262","470191.719002568","비디오물제작업","","0","","광고,영상물,비디오물","643.7","0","0","","0","0","0","0","","","","","","","","","","","","0","","","","","","",
"296","비디오물제작업","03_10_05_P","4201000","CDFF1241072022000004","2022-05-06","","01","영업/정상","13","영업중","","","","","","","","강원특별자치도 강릉시 포남동 ****-* *층","강원특별자치도 강릉시 하평*길 **-*, *층 (포남동)","25565","큰싹","2023-03-28 09:17:26","I","2023-06-13 00:00:00","","368677.903346568","476285.13696847","비디오물제작업","","0","","비디오물","66.6","0","0","","0","0","0","0","","","","","","","","","","","","0","","","","","","",
"297","비디오물제작업","03_10_05_P","4201000","CDFF1241072022000005","2022-06-08","","01","영업/정상","13","영업중","","","","","","","","강원특별자치도 강릉시 교동 ***-**","강원특별자치도 강릉시 원대로*번길 **-*, ***호 (교동)","25506","드래곤레이브","2022-06-08 17:36:23","I","2023-06-13 00:00:00","","365942.283693805","474353.485045975","비디오물제작업","","0","","관공서 홍보영상","60","0","0","","0","0","0","0","","","","","","","","","","","","0","","","","","","",
"298","비디오물제작업","03_10_05_P","4201000","CDFF1241072022000006","2022-08-09","","01","영업/정상","13","영업중","","","","","","","","강원특별자치도 강릉시 교동 ****-*","강원특별자치도 강릉시 율곡초교길 **, *층 (교동)","25510","나무들필름","2022-08-09 09:41:29","I","2023-06-13 00:00:00","","365504.155030934","475487.60005899","비디오물제작업","","0","","홍보영상","108.24","0","0","","0","0","0","0","","","","","","","","","","","","0","","","","","","",
"299","비디오물제작업","03_10_05_P","4201000","CDFF1241072022000007","2022-12-01","","01","영업/정상","13","영업중","","","","","","","","강원특별자치도 강릉시 주문진읍 교항리 *-* 강원도립대학 창업보육센터 C***호","강원특별자치도 강릉시 주문진읍 연주로 ***, 강원도립대학 창업보육센터 C***호","25425","올라이브코리아","2022-12-01 08:54:19","I","2023-06-13 00:00:00","","360884.78782295","487628.414228203","비디오물제작업","","0","","비디오물 제작","15.4","0","0","","0","0","0","0","","","","","","","","","","","","0","","","","","","",
"300","비디오물제작업","03_10_05_P","4201000","CDFF1241072023000001","2023-01-12","","01","영업/정상","13","영업중","","","","","","","","강원특별자치도 강릉시 지변동 *** 강릉원주대학교 ***호","강원특별자치도 강릉시 죽헌길 *, 강릉원주대학교 산학협력관 ***호 (지변동)","25457","엘베뷰(ELVEVIEW)","2025-01-15 18:02:04","U","2025-01-17 02:40:00","","368703.399473907","476927.74188702","비디오물제작업","","0","","방송영상물, 비디오물","16.5","0","0","","0","0","0","0","","","","","","","","","","","","0","","","","","","",
"301","비디오물제작업","03_10_05_P","4201000","CDFF1241072023000002","2023-02-09","","01","영업/정상","13","영업중","","","","","033-642-6718","","","강원특별자치도 강릉시 교동 ****-* ***호","강원특별자치도 강릉시 교동광장로***번길 **-*, ***호 (교동)","25512","주식회사 인터포","2023-02-09 09:27:16","I","2023-06-13 00:00:00","","365203.220988727","475417.863520365","비디오물제작업","","0","","360도 영상, 3D영상, 홍보영상 등","181","0","0","","0","0","0","0","","","","","","","","","","","","0","","","","","","",
"302","비디오물제작업","03_10_05_P","4201000","CDFF1241072023000003","2023-04-27","","01","영업/정상","13","영업중","","","","","","","","강원특별자치도 강릉시 포남동 ****-* *층","강원특별자치도 강릉시 가작로 ***, *층 (포남동)","25486","식스블럭","2023-04-27 14:26:16","I","2023-06-13 00:00:00","","368120.498644705","476025.97604774","비디오물제작업","","0","","광고영상, 홍보영상, 행사영상, 웨딩영상","16.5","0","0","","0","0","0","0","","","","","","","","","","","","0","","","","","","",
"303","비디오물제작업","03_10_05_P","4201000","CDFF1241072023000004","2023-05-09","","01","영업/정상","13","영업중","","","","","","","","강원특별자치도 강릉시 포남동 ****-*** ****호","강원특별자치도 강릉시 경강로****번길 **, ****호 (포남동)","25570","하늘풍경","2023-05-09 09:01:53","I","2023-06-13 00:00:00","","368739.756069196","475615.256534028","비디오물제작업","","0","","모형항공기부품, 카메라 및 소모품, 항공촬영업, 이벤트 대행업, 영화비디오물 및 방송 프로그램 제작 관련 서비스업, 미디어콘텐츠창작업","25.33","0","0","","0","0","0","0","","","","","","","","","","","","0","","","","","","",
"304","비디오물제작업","03_10_05_P","4201000","CDFF1241072023000005","2023-05-17","","01","영업/정상","13","영업중","","","","","033-645-7887","","","강원특별자치도 강릉시 초당동 *** 경포아쿠아리움","강원특별자치도 강릉시 난설헌로 ***, 경포아쿠아리움 (초당동)","25466","(주)경포아쿠아리움","2023-05-17 09:07:55","I","2023-06-13 00:00:00","","367950.860927223","478141.732782199","비디오물제작업","","0","","전시영상 및 해양관련 교육영상","447.83","0","0","","0","0","0","0","","","","","","","","","","","","0","","","","","","",
"305","비디오물제작업","03_10_05_P","4201000","CDFF1241072006000003","2006-09-15","","01","영업/정상","13","영업중","","","","","033-642-8751","","","강원특별자치도 강릉시 주문진읍 향호리 *-*","강원특별자치도 강릉시 주문진읍 연주로 ***","25425","강원전문대학산학협력단","2012-11-29 13:56:28","I","2023-06-13 00:00:00","","359627.905217863","491282.165752292","비디오물제작업","","0","","비디오물","0","0","0","","0","0","0","0","","","","","","","","","","","","0","","","","","","",
"306","비디오물제작업","03_10_05_P","4201000","CDFF1241072008000001","2008-07-31","","01","영업/정상","13","영업중","","","","","070-7681-7737","","","강원특별자치도 강릉시 주문진읍 주문리 ***-**","강원특별자치도 강릉시 주문진읍 오리나루*길 **-*, *층","25408","씨베이스","2012-12-07 11:29:18","I","2023-06-13 00:00:00","","360784.581428333","490343.1073887","비디오물제작업","","0","","비디오물","82.2","0","0","","0","0","0","0","","","","","","","","","","","","0","","","","","","",
"307","비디오물제작업","03_10_05_P","4201000","CDFF1241072011000001","2011-08-03","","01","영업/정상","13","영업중","","","","","","","","강원특별자치도 강릉시 교동 ***-*** *층","강원특별자치도 강릉시 임영로 ***, *층 (교동)","25503","씨플랜","2011-10-30 13:39:08","I","2023-06-13 00:00:00","","366677.996467367","474699.945653742","비디오물제작업","","0","","수중영상 비디오물 제작","34.71","0","0","","0","0","0","0","","","","","","","","","","","","0","","","","","","",
"308","비디오물제작업","03_10_05_P","4201000","CDFF1241072012000001","2012-01-06","","01","영업/정상","13","영업중","","","","","","","","강원특별자치도 강릉시 옥천동 ***-**","강원특별자치도 강릉시 중기*길 **, *층 (옥천동)","25549","Sea-base","2012-01-06 12:09:49","I","2023-06-13 00:00:00","","367572.600265075","474959.835964052","비디오물제작업","","0","","비디오물","140.4","0","0","","0","0","0","0","","","","","","","","","","","","0","","","","","","",
"309","비디오물제작업","03_10_05_P","4201000","CDFF1241072012000002","2012-07-18","","01","영업/정상","13","영업중","","","","","","","","강원특별자치도 강릉시 포남동 ***","강원특별자치도 강릉시 수리골길 **-* (포남동)","25471","(주)동성미디어","2018-08-30 11:30:14","I","2023-06-13 00:00:00","","367418.857505406","476127.297314721","비디오물제작업","","0","","비디오물","53.82","0","0","","0","0","0","0","","","","","","","","","","","","0","","","","","","",
"310","비디오물제작업","03_10_05_P","4201000","CDFF1241072014000001","2014-12-19","","01","영업/정상","13","영업중","","","","","","","","강원특별자치도 강릉시 포남동 ****-*** ***호","강원특별자치도 강릉시 경강로****번길 *, 강릉과학산업진흥원 ***호 (포남동)","25570","강원미디어콘텐츠협동조합","2022-12-28 16:54:15","I","2023-06-13 00:00:00","","368705.113784819","475673.124066199","비디오물제작업","","0","","홍보영상 및 방송영상 제작","47.2","0","0","","0","0","0","0","","","","","","","","","","","","0","","","","","","",
"311","비디오물제작업","03_10_05_P","4201000","CDFF1241072017000001","2017-03-30","","01","영업/정상","13","영업중","","","","","033-655-1365","","","강원특별자치도 강릉시 홍제동 ***-*","강원특별자치도 강릉시 강릉대로 ** (홍제동)","25525","에스엔티 주식회사","2017-03-30 18:32:12","I","2023-06-13 00:00:00","","365695.382171459","474023.099690732","비디오물제작업","","0","","홍보영상물제작 및 영상편집","66","0","0","","0","0","0","0","","","","","","","","","","","","0","","","","","","",
"312","비디오물제작업","03_10_05_P","4201000","CDFF1241072018000001","2018-09-27","","01","영업/정상","13","영업중","","","","","","","","강원특별자치도 강릉시 지변동 *** 강릉원주대학교 산학협력관 ***호","강원특별자치도 강릉시 죽헌길 *, 강릉원주대학교 산학협력관 ***호 (지변동)","25457","씨엘와이(CLY)","2024-03-20 15:42:14","U","2024-03-22 02:40:00","","364627.278082023","475810.449226925","비디오물제작업","","0","","방송영상물제작, 비디오물제작, 비디오물 복제","67.1","0","0","","0","0","0","0","","","","","","","","","","","","0","","","","","","",
"313","비디오물제작업","03_10_05_P","4201000","CDFF1241072018000002","2018-12-07","","01","영업/정상","13","영업중","","","","","","","","강원특별자치도 강릉시 포남동 ****-*** 강릉과학산업진흥원","강원특별자치도 강릉시 경강로****번길 *, 강릉과학산업진흥원 ***호 (포남동)","25570","콘텐츠 글찬마루","2025-03-20 09:16:40","U","2025-03-22 02:40:00","","368705.113784819","475673.124066199","비디오물제작업","","0","","동영상제작","39","0","0","","0","0","0","0","","","","","","","","","","","","0","","","","","","",
"314","비디오물제작업","03_10_05_P","4201000","CDFF1241072019000001","2019-01-21","","01","영업/정상","13","영업중","","","","","033-648-9916","","","강원특별자치도 강릉시 내곡동 ***-** 청송관 ***호","강원특별자치도 강릉시 범일로***번길 **, 청송관 ***호 (내곡동)","25601","(주)씨앤씨미디어콘텐츠","2019-01-21 13:21:09","I","2023-06-13 00:00:00","","365065.574999966","471731.66157925","비디오물제작업","","0","","동영상","33","0","0","","0","0","0","0","","","","","","","","","","","","0","","","","","","",
"315","비디오물제작업","03_10_05_P","4201000","CDFF1241072019000002","2019-04-10","","01","영업/정상","13","영업중","","","","","","","","강원특별자치도 강릉시 지변동 **-* ***호","강원특별자치도 강릉시 경포로 **-**, ***호 (지변동)","25465","하늘풍경","2019-04-10 18:08:02","I","2023-06-13 00:00:00","","365420.232990007","476192.257836447","비디오물제작업","","0","","방송영상물, 비디오물","33","0","0","","0","0","0","0","","","","","","","","","","","","0","","","","","","",
"316","비디오물제작업","03_10_05_P","4201000","CDFF1241072020000001","2020-05-29","","01","영업/정상","13","영업중","","","","","","","","강원특별자치도 강릉시 홍제동 **** 강릉영동대학","강원특별자치도 강릉시 공제로 ***, 강릉영동대학 창업보육센터 ***호 (홍제동)","25521","주식회사 프리즘교육","2021-08-11 18:22:32","I","2023-06-13 00:00:00","","363548.092915237","473178.824541062","비디오물제작업","","4","","비디오 및 영상물","33.3","4","1","교육연구시설","0","0","0","0","","","","","","","","","","","","0","","","","","","관리지역",
"317","비디오물제작업","03_10_05_P","4201000","CDFF1241072020000002","2020-12-29","","01","영업/정상","13","영업중","","","","","07088459990","","","강원특별자치도 강릉시 홍제동 ***-** 에스클레스 *동","강원특별자치도 강릉시 사임당로 ***, 에스클레스 *동 ***, ***호 (홍제동)","25520","한국투어패스 주식회사","2020-12-29 21:43:10","I","2023-06-13 00:00:00","","364346.294653528","474274.181548216","비디오물제작업","","4","","비디오물","75.6","4","0","","0","0","0","0","","","","","","","","","","","","0","","","","","","자연녹지지역",
"318","비디오물제작업","03_10_05_P","4201000","CDFF1241072021000001","2021-03-05","","01","영업/정상","13","영업중","","","","","","","","강원특별자치도 강릉시 내곡동 *** 가톨릭관동대학교","강원특별자치도 강릉시 범일로***번길 **, 가톨릭관동대학교 창조관 ***, ***, ***호 (내곡동)","25601","주식회사 로고스커뮤니케이션","2021-03-05 09:13:42","I","2023-06-13 00:00:00","","365136.451379883","472058.531076918","비디오물제작업","","0","","비디오물","76.41","0","0","","0","0","0","0","","","","","","","","","","","","0","","","","","","",
"319","비디오물제작업","03_10_05_P","4201000","CDFF1241072021000002","2021-05-07","","01","영업/정상","13","영업중","","","","","0336533233","","","강원특별자치도 강릉시 교동 ***-***","강원특별자치도 강릉시 율곡로 **** (교동)","25491","코리아다큐","2021-05-07 11:46:49","I","2023-06-13 00:00:00","","366841.747852134","474902.716561202","비디오물제작업","","2","","비디오물","192","2","0","근린생활시설","0","0","0","0","","","","","","","","","","","","0","","","","","","",
"320","비디오물제작업","03_10_05_P","4201000","CDFF1241072021000003","2021-11-11","","01","영업/정상","13","영업중","","","","","","","","강원특별자치도 강릉시 포남동 ****-** *층","강원특별자치도 강릉시 남구길**번길 **, *층 (포남동)","25545","(주)리버브나인","2023-03-06 10:33:20","I","2023-06-13 00:00:00","","367935.789511477","475473.264461473","비디오물제작업","","0","","영상물","79","0","0","","0","0","0","0","","","","","","","","","","","","0","","","","","","",
"321","비디오물제작업","03_10_05_P","4201000","CDFF1241072001000001","2001-04-28","","01","영업/정상","13","영업중","","","","","","","","강원특별자치도 강릉시 내곡동 ***-** 가톨릭관동대학교 창조관 ***호","강원특별자치도 강릉시 범일로***번길 **, 가톨릭관동대학교 창조관 ***호 (내곡동)","25601","(주) 한빛조형","2024-01-18 16:36:15","U","2024-01-20 02:40:00","","365065.574999966","471731.66157925","비디오물제작업","","0","","비디오물","0","0","0","","0","0","0","0","","","","","","","","","","","","0","","","","","","",
"322","비디오물제작업","03_10_05_P","4201000","CDFF1241072005000001","2005-06-16","","01","영업/정상","13","영업중","","","","","","","","강원특별자치도 강릉시 포남동 ***","강원특별자치도 강릉시 수리골길 **-* (포남동)","25471","영상시대","2012-11-29 13:51:18","I","2023-06-13 00:00:00","","367418.857505406","476127.297314721","비디오물제작업","","0","","비디오물","0","0","0","","0","0","0","0","","","","","","","","","","","","0","","","","","","",
"323","비디오물제작업","03_10_05_P","4201000","CDFF1241072006000001","2006-08-08","","01","영업/정상","13","영업중","","","","","033-647-2644","","","강원특별자치도 강릉시 교동 ***-*","강원특별자치도 강릉시 임영로 *** (교동)","25504","채트7커뮤니티","2012-11-29 13:46:57","I","2023-06-13 00:00:00","","366647.954164619","474829.15837237","비디오물제작업","","0","","비디오물","0","0","0","","0","0","0","0","","","","","","","","","","","","0","","","","","","",
"324","비디오물제작업","03_10_05_P","4201000","CDFF1241072006000002","2006-11-28","","01","영업/정상","13","영업중","","","","","033-653-3637","","","강원특별자치도 강릉시 포남동 ****","강원특별자치도 강릉시 성덕포남로***번길 ** (포남동)","25568","프로덕션 태정","2012-11-29 13:54:31","I","2023-06-13 00:00:00","","368486.288128436","475802.037378172","비디오물제작업","","0","","비디오물","0","0","0","","0","0","0","0","","","","","","","","","","","","0","","","","","","",
"325","비디오물제작업","03_10_05_P","4201000","CDFF1241072024000004","2024-07-23","","01","영업/정상","13","영업중","","","","","","","","강원특별자치도 강릉시 교동 ****-*","강원특별자치도 강릉시 율곡초교길 **, ***호 (교동)","25510","크라우드미디어","2024-07-23 17:23:51","I","2024-07-25 00:13:49","","365495.572040865","475436.811192969","비디오물제작업","","0","","영상물편집 및 방송프로그램 제작, 공연기획 및 개회, 인물사진 및 행사용 영상","37","0","0","","0","0","0","0","","","","","","","","","","","","0","","","","","","",
"326","비디오물제작업","03_10_05_P","4201000","CDFF1241072024000002","2024-03-20","","01","영업/정상","13","영업중","","","","","","","","강원특별자치도 강릉시 대전동 ***-* ***호","강원특별자치도 강릉시 사임당로 ***-**, ***호 (대전동)","25451","(주)대산","2024-03-20 15:46:51","I","2024-03-22 00:15:24","","363310.7119042","478706.976023585","비디오물제작업","","0","","비디오물","28.7","0","0","","0","0","0","0","","","","","","","","","","","","0","","","","","","",
"327","비디오물제작업","03_10_05_P","4201000","CDFF1241072024000003","2024-03-21","","01","영업/정상","13","영업중","","","","","","","","강원특별자치도 강릉시 내곡동 *** 가톨릭관동대학교 창조관 ***호","강원특별자치도 강릉시 범일로***번길 **, 가톨릭관동대학교 창조관 ***호 (내곡동)","25601","씨이에스컴퍼니","2024-03-21 14:40:24","I","2024-03-23 00:15:25","","365136.451379883","472058.531076918","비디오물제작업","","0","","비디오물","25.92","0","0","","0","0","0","0","","","","","","","","","","","","0","","","","","","",
"328","비디오물제작업","03_10_05_P","4201000","CDFF1241072024000001","2024-02-02","","01","영업/정상","13","영업중","","","","","","","","강원특별자치도 강릉시 입암동 **-* ****호","강원특별자치도 강릉시 월대산로 **-*, ****호 (입암동)","25576","더블유(W)","2024-02-02 13:55:12","I","2024-02-04 00:16:04","","369060.604955562","474835.309030774","비디오물제작업","","0","","방송, 영상, 홍보, 비디오영상물 촬영 및 제작","79.3","0","0","","0","0","0","0","","","","","","","","","","","","0","","","","","","",
"329","비디오물제작업","03_10_05_P","4201000","CDFF1241072025000007","2025-09-10","","01","영업/정상","13","영업중","","","","","","","","강원특별자치도 강릉시 교동 **** 하늘채 스카이파크 ***동 ****호","강원특별자치도 강릉시 가작로 ***, ***동 ****호 (교동, 하늘채 스카이파크)","25489","기린아","2025-09-10 13:20:31","I","2025-09-12 00:20:11","","","","비디오물제작업","","0","","비디오물제작(촬영 및 편집)","84.96","0","0","","0","0","0","0","","","","","","","","","","","","0","","","","","","",
"330","비디오물제작업","03_10_05_P","4201000","CDFF1241072025000002","2025-02-26","","01","영업/정상","13","영업중","","","","","","","","강원특별자치도 강릉시 구정면 학산리 **-**","강원특별자치도 강릉시 구정면 미륵굼길 **","25623","주식회사 해연기술","2025-07-02 13:40:28","U","2025-07-04 02:40:00","","367258.475264741","469175.682997623","비디오물제작업","","0","","비디오물제작","950.13","0","0","","0","0","0","0","","","","","","","","","","","","0","","","","","","",
"331","비디오물제작업","03_10_05_P","4201000","CDFF1241072025000003","2025-03-10","","01","영업/정상","13","영업중","","","","","","","","강원특별자치도 강릉시 지변동 *** 강릉원주대학교 창업보육센터 n* ***","강원특별자치도 강릉시 죽헌길 *, 강릉원주대학교 창업보육센터 n* *** (지변동)","25457","033크리에이티브","2025-03-10 10:24:00","I","2025-03-12 00:10:35","","364627.278082023","475810.449226925","비디오물제작업","","0","","홍보영상, 광고영상","28","0","0","","0","0","0","0","","","","","","","","","","","","0","","","","","","",
"332","비디오물제작업","03_10_05_P","4201000","CDFF1241072025000006","2025-04-11","","01","영업/정상","13","영업중","","","","","","","","강원특별자치도 강릉시 송정동 ***-*","강원특별자치도 강릉시 경강로****번길 **-*, *층 (송정동)","25561","블루아이 커뮤니케이션","2025-04-11 08:43:28","I","2025-04-13 00:10:20","","370387.685091976","476226.217368976","비디오물제작업","","0","","비디오물","60.33","0","0","","0","0","0","0","","","","","","","","","","","","0","","","","","","",
"333","비디오물제작업","03_10_05_P","4201000","CDFF1241072025000004","2025-03-31","","01","영업/정상","13","영업중","","","","","","","","강원특별자치도 강릉시 성내동 *-**","강원특별자치도 강릉시 경강로 ****, *층 (성내동)","25539","스튜디오 엘(studio L)","2025-03-31 09:08:04","I","2025-04-02 00:10:23","","366825.048266732","473960.89408319","비디오물제작업","","0","","비디오물","248","0","0","","0","0","0","0","","","","","","","","","","","","0","","","","","","",
"334","비디오물제작업","03_10_05_P","4201000","CDFF1241072025000005","2025-04-08","","01","영업/정상","13","영업중","","","","","","","","강원특별자치도 강릉시 포남동 ****-*","강원특별자치도 강릉시 경강로 ****, *층 (포남동)","25546","알파비디오클럽","2025-04-08 08:51:51","I","2025-04-10 00:11:01","","368018.442681675","475211.053795255","비디오물제작업","","0","","비디오물","98.81","0","0","","0","0","0","0","","","","","","","","","","","","0","","","","","","",
"335","비디오물제작업","03_10_05_P","4201000","CDFF1241072023000009","2023-12-04","","01","영업/정상","13","영업중","","","","","","","","강원특별자치도 강릉시 옥천동 *** *층 *호","강원특별자치도 강릉시 경강로 ****, *층 *호 (옥천동)","25552","에스에이치기획","2023-12-04 09:18:54","I","2023-12-06 00:17:03","","367540.766623865","474662.18007794","비디오물제작업","","0","","마케팅 대행 및 영상 제작","8","0","0","","0","0","0","0","","","","","","","","","","","","0","","","","","","",
"336","비디오물제작업","03_10_05_P","4201000","CDFF1241072023000008","2023-10-18","","01","영업/정상","13","영업중","","","","","","","","강원특별자치도 강릉시 포남동 ****-* *층","강원특별자치도 강릉시 경강로 ****-*, *층 (포남동)","25548","빅토리","2023-10-18 10:57:12","I","2023-10-20 00:17:55","","367789.734162519","474865.766234007","비디오물제작업","","0","","비디오물, 영상제작","388.2","0","0","","0","0","0","0","","","","","","","","","","","","0","","","","","","",
"337","비디오물제작업","03_10_05_P","4201000","CDFF1241072024000007","2024-12-18","","01","영업/정상","13","영업중","","","","","","","","강원특별자치도 강릉시 입암동 *** 이안강릉타운아파트","강원특별자치도 강릉시 성덕로 ***-**, ***동 ****호 (입암동, 이안강릉타운아파트)","25616","라라웨이브","2024-12-18 16:39:34","I","2024-12-20 00:11:41","","369179.948552923","474323.45415817","비디오물제작업","","0","","비디오물제작","150","0","0","","0","0","0","0","","","","","","","","","","","","0","","","","","","",
"338","비디오물제작업","03_10_05_P","4201000","CDFF1241072025000001","2025-01-10","","01","영업/정상","13","영업중","","","","","","","","강원특별자치도 강릉시 명주동 **","강원특별자치도 강릉시 명주로 *, *층 (명주동)","25534","주식회사 와우","2025-01-10 15:42:14","I","2025-01-12 00:11:15","","366623.157164222","473732.607575907","비디오물제작업","","0","","DVD, 비디오","83","0","0","","0","0","0","0","","","","","","","","","","","","0","","","","","","",
"339","비디오물제작업","03_10_05_P","4201000","CDFF1241072024000006","2016-01-26","","01","영업/정상","13","영업중","","","","","","","","강원특별자치도 강릉시 포남동 ****-***","강원특별자치도 강릉시 경강로****번길 **, *층 ***호 (포남동)","25570","알곤퀸 애니메이션","2024-11-22 08:42:28","I","2024-11-24 00:12:14","","368739.756069196","475615.256534028","비디오물제작업","","0","","애니메이션","99","0","0","","0","0","0","0","","","","","","","","","","","","0","","","","","","",
"340","비디오물제작업","03_10_05_P","4211000","CDFF1241072012000001","2012-03-20","","03","폐업","03","폐업","2023-02-20","","","","522-1247","","","강원특별자치도 동해시 천곡동 ***-*","강원특별자치도 동해시 감추*길 ** (천곡동)","25778","평성건설(주)","2023-02-21 16:51:28","I","2023-06-13 00:00:00","","387443.860902793","448327.542655701","비디오물제작업","","4","","비디오물제작","160.83","2","0","근린생활시설","0","0","0","0","","","","","","","","","","","","0","","","","","","",
"341","비디오물제작업","03_10_05_P","4211000","CDFF1241072006000002","2006-09-27","","01","영업/정상","13","영업중","","","","","033-533-0333","","","강원특별자치도 동해시 천곡동 ****-*","강원특별자치도 동해시 중앙로 ***, *층 (천곡동)","25775","JM프로","2019-11-19 17:32:25","I","2023-06-13 00:00:00","","387024.230912444","448260.715447722","비디오물제작업","","0","","비디오물","177.44","0","0","근린생활시설","0","0","0","0","","","","","","","","","","","","0","","","","","","",
"342","비디오물제작업","03_10_05_P","4211000","CDFF1241072011000001","2011-12-23","","01","영업/정상","13","영업중","","","","","535-5657","","","강원특별자치도 동해시 천곡동 ***-*","강원특별자치도 동해시 감추*길 ** (천곡동)","25778","와이드디지털영상","2013-01-04 15:47:00","I","2023-06-13 00:00:00","","387358.907459149","448351.93704925","비디오물제작업","","2","","비디오물","50","0","0","","0","0","0","0","","","","","","","","","","","","0","","","","","","",
"343","비디오물제작업","03_10_05_P","4211000","CDFF1241072006000001","2006-01-27","","01","영업/정상","13","영업중","","","","","033-535-7972","","","강원특별자치도 동해시 천곡동 ***-*","강원특별자치도 동해시 천곡*길 * (천곡동, 유공상가아파트)","25759","동해프로덕션","2018-07-14 14:42:47","I","2023-06-13 00:00:00","","386715.306009458","448976.212266129","비디오물제작업","","3","","비디오물","100","2","1","","0","0","0","0","","","","","","","","","","","","0","","","","","","",
"344","비디오물제작업","03_10_05_P","4211000","CDFF1241072019000001","2019-04-12","","01","영업/정상","13","영업중","","","","","","","","강원특별자치도 동해시 발한동 **-*","강원특별자치도 동해시 발한로 ***, *층 (발한동)","25719","한국샤프동해","2019-04-12 13:43:52","I","2023-06-13 00:00:00","","386262.430006324","451541.486087591","비디오물제작업","","0","","비디오물","34","0","0","","0","0","0","0","","","","","","","","","","","","0","","","","","","",
"345","비디오물제작업","03_10_05_P","4211000","CDFF1241072021000001","2021-03-10","","01","영업/정상","13","영업중","","","","","033-535-5433","","","강원특별자치도 동해시 천곡동 ***-** 주연택크","강원특별자치도 동해시 중앙로 ***, 협신빌딩 *층 (천곡동)","25777","(주)강원지방신문","2021-03-10 15:00:33","I","2023-06-13 00:00:00","","387094.870368806","448249.274228669","비디오물제작업","","0","","비디오물제작업","298.49","6","1","","0","0","0","0","","","","","","","","","","","","0","","","","","","",
"346","비디오물제작업","03_10_05_P","4211000","CDFF1241072023000001","2023-05-17","","01","영업/정상","13","영업중","","","","","","","","강원특별자치도 동해시 발한동 ***-**","강원특별자치도 동해시 느릅재길 **-* (발한동)","25724","동해영상편집","2023-05-17 13:15:58","I","2023-06-13 00:00:00","","385357.761749632","451236.514915489","비디오물제작업","","0","","비디오물 영상편집 및 촬영","57.03","0","0","","0","0","0","0","","","","","","","","","","","","0","","","","","","",
"347","비디오물제작업","03_10_05_P","4221000","CDFF1241072010000002","2010-09-08","","03","폐업","03","폐업","2015-01-15","","","","","","","강원특별자치도 태백시 황지동 ***-**","강원특별자치도 태백시 상장로 ** (황지동)","235-019","로컬강원앤티비","2015-01-15 23:14:39","I","2023-06-13 00:00:00","","376713.555993511","407690.287918465","비디오물제작업","","2","주택가주변","비디오물","160.68","2","0","근린생활시설","0","0","0","0","","","","","","","","","","","","0","","","","","","준주거지역",
"348","비디오물제작업","03_10_05_P","4221000","CDFF1241072011000001","2011-12-06","","03","폐업","03","폐업","2016-04-26","","","","","","","강원특별자치도 태백시 화전동 수아받길 ***","강원특별자치도 태백시 수아밭길 ***, ***동 **층 *호 (화전동, 팔마아파트)","26004","제일 영상 비전","2016-04-26 18:04:50","I","2023-06-13 00:00:00","","374846.120627357","410645.202184822","비디오물제작업","","0","","비디오","82.5","0","0","","0","0","0","0","","","","","","","","","","","","0","","","","","","",
"349","비디오물제작업","03_10_05_P","4221000","CDFF1241072023000004","2023-08-17","","01","영업/정상","13","영업중","","","","","","","","강원특별자치도 태백시 황지동 ***-**","강원특별자치도 태백시 오투로 *** (황지동)","26010","희망더하기 사회적협동조합","2023-08-17 15:24:13","I","2023-08-19 00:19:05","","374273.651926027","409453.39309632","비디오물제작업","","0","","전시용 영상, 광고용 영상","99","0","0","","0","0","0","0","","","","","","","","","","","","0","","","","","","",
"350","비디오물제작업","03_10_05_P","4221000","CDFF1241072023000003","2023-08-14","","01","영업/정상","13","영업중","","","","","","","","강원특별자치도 태백시 혈동 **-**","강원특별자치도 태백시 태백산로 ****-** (혈동)","26042","협동조합 라이브","2023-08-14 15:47:13","I","2023-08-17 00:18:30","","371040.670972719","403770.489524457","비디오물제작업","","0","","사진 및 비디오영상물","297.36","0","0","","0","0","0","0","","","","","","","","","","","","0","","","","","","",
"351","비디오물제작업","03_10_05_P","4221000","CDFF1241072010000001","2010-09-08","","01","영업/정상","13","영업중","","","","","","","","강원특별자치도 태백시 황지동 ***-** ***호","강원특별자치도 태백시 상장로 **, ***호 (황지동)","26039","태백문화재단","2017-05-29 09:07:30","I","2023-06-13 00:00:00","","376713.555993511","407690.287918465","비디오물제작업","","0","주택가주변","비디오물","160.68","0","0","근린생활시설","0","0","0","0","","","","","","","","","","","","0","","","","","","준주거지역",
"352","비디오물제작업","03_10_05_P","4221000","CDFF1241072010000003","2010-09-08","","01","영업/정상","13","영업중","","","","","","","","강원특별자치도 태백시 황지동 ***-** ***호","강원특별자치도 태백시 상장로 **, ***호 (황지동)","26039","강원문화재단","2017-05-24 10:12:39","I","2023-06-13 00:00:00","","376713.555993511","407690.287918465","비디오물제작업","","2","주택가주변","비디오물","160.68","2","0","근린생활시설","0","0","0","0","","","","","","","","","","","","0","","","","","","준주거지역",
"353","비디오물제작업","03_10_05_P","4221000","CDFF1241072012000001","2012-04-24","","01","영업/정상","13","영업중","","","","","","","","강원특별자치도 태백시 황지동 *** 강원관광대학 창업보육센터 ***호","강원특별자치도 태백시 대학길 ** (황지동, 강원관광대학 창업보육센터 ***호)","26034","성공컬렉션","2012-04-24 15:15:38","I","2023-06-13 00:00:00","","375366.896553026","408426.548493144","비디오물제작업","","0","","홍보영상물","56.1","4","0","","0","0","0","0","","","","","","","","","","","","0","","","","","","",
"354","비디오물제작업","03_10_05_P","4221000","CDFF1241072015000001","2015-05-21","","01","영업/정상","13","영업중","","","","","","","","강원특별자치도 태백시 황지동 ***-**","강원특별자치도 태백시 태붐로 * (황지동)","26019","연리지미디어협동조합","2015-05-21 10:28:47","I","2023-06-13 00:00:00","","376499.525121831","408633.311818349","비디오물제작업","","0","","비디오영상물","81.59","2","0","","0","0","0","0","","","","","","","","","","","","0","","","","","","",
"355","비디오물제작업","03_10_05_P","4221000","CDFF1241072016000001","2016-08-19","","01","영업/정상","13","영업중","","","","","","","","강원특별자치도 태백시 황지동 ***-** ***","강원특별자치도 태백시 상장로 **, ***호 (황지동)","26039","사단법인 폐광지역교육문화원","2017-05-24 10:11:22","I","2023-06-13 00:00:00","","376713.555993511","407690.287918465","비디오물제작업","","2","","방송프로그램제작 및 비디오물 제작 공급업","50.7","0","0","근린생활시설","0","0","0","0","","","","","","","","","","","","0","","","","","","",
"356","비디오물제작업","03_10_05_P","4221000","CDFF1241072018000001","2018-11-12","","01","영업/정상","13","영업중","","","","","","","","강원특별자치도 태백시 황지동 **-**","강원특별자치도 태백시 태백로 *** (황지동)","26013","사람IN","2019-03-21 15:30:25","I","2023-06-13 00:00:00","","377047.972666706","409351.208068082","비디오물제작업","","0","","홍보영상, 다큐, 언론 영상 대행","33","0","0","","0","0","0","0","","","","","","","","","","","","0","","","","","","",
"357","비디오물제작업","03_10_05_P","4221000","CDFF1241072022000001","2022-12-05","","01","영업/정상","13","영업중","","","","","","","","강원특별자치도 태백시 황지동 ***-*** 날돼지 키즈타운","강원특별자치도 태백시 광장로 **, 날돼지 키즈타운 지하 *층 (황지동)","26026","태백FM 공동체 라디오","2022-12-05 09:04:13","I","2023-06-13 00:00:00","","376409.270760128","410362.013036026","비디오물제작업","","0","","영상","166.44","0","0","","0","0","0","0","","","","","","","","","","","","0","","","","","","",
"358","비디오물제작업","03_10_05_P","4221000","CDFF1241072022000002","2022-12-05","","01","영업/정상","13","영업중","","","","","","","","강원특별자치도 태백시 혈동 **-**","강원특별자치도 태백시 태백산로 ****-** (혈동)","26042","사회적 협동조합 공생","2022-12-05 09:05:16","I","2023-06-13 00:00:00","","371040.670972719","403770.489524457","비디오물제작업","","0","","영상 콘텐츠","1422","0","0","","0","0","0","0","","","","","","","","","","","","0","","","","","","",
"359","비디오물제작업","03_10_05_P","4221000","CDFF1241072023000001","2023-05-09","","01","영업/정상","13","영업중","","","","","033-553-7857","","","강원특별자치도 태백시 황지동 **-** 티엠네트웍스","강원특별자치도 태백시 태백로 ***, 티엠네트웍스 (황지동)","26013","유한회사 티엠네트웍스","2023-05-09 17:40:36","I","2023-06-13 00:00:00","","377047.972666706","409351.208068082","비디오물제작업","","0","","비디오/사진/영상","125.8","0","0","","0","0","0","0","","","","","","","","","","","","0","","","","","","",
"360","비디오물제작업","03_10_05_P","4221000","CDFF1241072023000002","2023-05-23","","01","영업/정상","13","영업중","","","","","","","","강원특별자치도 태백시 황지동 *-**","강원특별자치도 태백시 태백로 ***, *층 (황지동)","26011","메이커스 기획","2023-05-24 09:36:32","I","2023-06-13 00:00:00","","376783.92277344","410133.025687677","비디오물제작업","","0","","비디오물","158.1","0","0","","0","0","0","0","","","","","","","","","","","","0","","","","","","",
"361","비디오물제작업","03_10_05_P","4221000","CDFF1241072024000001","2024-03-21","","01","영업/정상","13","영업중","","","","","","","","강원특별자치도 태백시 황지동 ***-*** 날돼지 키즈타운","강원특별자치도 태백시 광장로 **, 날돼지 키즈타운 *층 (황지동)","26026","가치온 협동조합","2024-03-21 10:56:23","I","2024-03-23 00:15:25","","376409.270760128","410362.013036026","비디오물제작업","","0","","촬영, 영상제작, 아카이빙, 라이브방송","60","0","0","","0","0","0","0","","","","","","","","","","","","0","","","","","","",
"362","비디오물제작업","03_10_05_P","4221000","CDFF1241072025000001","2025-04-01","","01","영업/정상","13","영업중","","","","","","","","강원특별자치도 태백시 황지동 **-* (주)이지영디자인","강원특별자치도 태백시 황지로 ** (주)이지영디자인 *층 (황지동)","26015","(주)이지영디자인","2025-04-01 08:23:21","I","2025-04-03 00:10:36","","376828.916226645","409108.376675818","비디오물제작업","","0","","비디오물제작업","213.2","0","0","","0","0","0","0","","","","","","","","","","","","0","","","","","","",
"363","비디오물제작업","03_10_05_P","4231000","CDFF1241072015000001","2015-09-25","","03","폐업","03","폐업","2016-12-28","","","","033-635-3330","","","강원특별자치도 속초시 교동 ***","강원특별자치도 속초시 밤골*길 ** (교동, 삼호아파트)","24861","알지비(RGB)영상","2016-12-28 13:34:57","I","2023-06-13 00:00:00","","337099.835217791","523283.516789575","비디오물제작업","","0","","비디오영상물","115","0","0","","0","0","0","0","","","","","","","","","","","","0","","","","","","",
"364","비디오물제작업","03_10_05_P","4231000","CDFF1241072014000001","2014-01-18","","01","영업/정상","13","영업중","","","","","633-0402","","","강원특별자치도 속초시 노학동 ***","강원특별자치도 속초시 도평*길 * (노학동)","24864","설악미디어","2014-01-18 10:15:10","I","2023-06-13 00:00:00","","336563.267710204","522975.078937949","비디오물제작업","","1","","비디오물제작","20","1","0","","0","0","0","0","","","","","","","","","","","","0","","","","","","",
"365","비디오물제작업","03_10_05_P","4231000","CDFF1241072018000001","2018-02-02","","01","영업/정상","13","영업중","","","","","","","","강원특별자치도 속초시 영랑동 ***-* 동진리조트오피스텔","강원특별자치도 속초시 번영로 ***, 동진리조트오피스텔 ***호 (영랑동)","24822","제이에스미디어(JSMEDIA)","2018-02-02 15:40:11","I","2023-06-13 00:00:00","","339176.650048112","524605.091450161","비디오물제작업","","0","","영상물","30","0","0","","0","0","0","0","","","","","","","","","","","","0","","","","","","",
"366","비디오물제작업","03_10_05_P","4231000","CDFF1241072019000001","2019-04-17","","01","영업/정상","13","영업중","","","","","033-637-3050","","","강원특별자치도 속초시 교동 ***-*","강원특별자치도 속초시 만천*길 * (교동)","24847","이룸","2025-02-18 10:50:02","U","2025-02-20 02:40:00","","338046.53819673","523065.142960332","비디오물제작업","","0","","영상물 제작","22.6","2","0","","0","0","0","0","","","","","","","","","","","","0","","","","","","",
"367","비디오물제작업","03_10_05_P","4231000","CDFF1241072019000002","2019-09-23","","01","영업/정상","13","영업중","","","","","033-631-8288","","","강원특별자치도 속초시 동명동 ***-**","강원특별자치도 속초시 번영로***번길 ** (동명동)","24828","주식회사 오리진","2020-01-30 09:55:40","I","2023-06-13 00:00:00","","338938.818160268","524142.116905433","비디오물제작업","","0","","영상물 제작","100","1","0","","0","0","0","0","","","","","","","","","","","","0","","","","","","",
"368","비디오물제작업","03_10_05_P","4231000","CDFF1241072021000001","2021-07-12","","01","영업/정상","13","영업중","","","","","","","","강원특별자치도 속초시 교동 ***-*","강원특별자치도 속초시 밤골*길 *-*, *층 (교동)","24862","빛나는 날들","2023-05-23 15:36:20","I","2023-06-13 00:00:00","","337219.235713926","523105.582294421","비디오물제작업","","8","","영상제작","41.74","4","0","","0","0","0","0","","","","","","","","","","","","0","","","","","","",
"369","비디오물제작업","03_10_05_P","4231000","CDFF1241072022000001","2022-01-20","","01","영업/정상","13","영업중","","","","","","","","강원특별자치도 속초시 교동 ***-**","강원특별자치도 속초시 온천로 ***, *층 (교동)","24858","케이엠지엠 한국마인드게임멤버 속초점","2022-02-28 15:40:38","I","2023-06-13 00:00:00","","337865.381511369","522301.541147315","비디오물제작업","","0","","영상컨텐츠","145.41","0","0","근린생활시설","0","0","0","0","","","","","","","","","","","","0","","","","","","",
"370","비디오물제작업","03_10_05_P","4231000","CDFF1241072024000003","2024-11-14","","01","영업/정상","13","영업중","","","","","","","","강원특별자치도 속초시 장사동 ***-**","강원특별자치도 속초시 중앙로 ***, *층 (장사동)","24805","주식회사 티프스튜디오","2024-11-14 09:56:06","I","2024-11-16 00:12:02","","339136.140108376","525500.764617283","비디오물제작업","","0","","광고, 캠패인 및 브랜드 필름, 다큐멘터리","138.16","0","0","","0","0","0","0","","","","","","","","","","","","0","","","","","","",
"371","비디오물제작업","03_10_05_P","4231000","CDFF1241072024000001","2024-06-24","","01","영업/정상","13","영업중","","","","","","","","강원특별자치도 속초시 교동 *** 대명늘푸른아파트","강원특별자치도 속초시 미시령로****번길 *, 상가동 *층 ***-**호 (교동, 대명늘푸른아파트)","24819","크리에이티브컴퍼니","2024-06-24 16:59:45","I","2024-06-26 00:14:03","","337497.378386686","523622.744822865","비디오물제작업","","4","","광고 대행업 등","152","3","1","","0","0","0","0","","","","","","","","","","","","0","","","","","","",
"372","비디오물제작업","03_10_05_P","4231000","CDFF1241072024000002","2024-08-08","","01","영업/정상","13","영업중","","","","","","","","강원특별자치도 속초시 청학동 ***-**","강원특별자치도 속초시 번영로 **, *층 (청학동)","24830","주식회사 속고서점","2024-08-08 15:51:44","I","2024-08-10 00:13:25","","338556.816077036","523486.643887321","비디오물제작업","","4","","캐릭터영상, 릴스","144.72","3","1","","0","0","0","0","","","","","","","","","","","","0","","","","","","일반주거지역",
"373","비디오물제작업","03_10_05_P","4231000","CDFF1241072025000002","2025-10-23","","01","영업/정상","13","영업중","","","","","033-635-9925","","","강원특별자치도 속초시 조양동 ****-*","강원특별자치도 속초시 엑스포로 **, *층 (조양동)","24872","(주)주목","2025-10-27 14:40:25","U","2025-10-29 02:40:00","","339052.504585477","522091.991113563","비디오물제작업","","0","","비디오물제작업","183","0","0","","0","0","0","0","","","","","","","","","","","","0","","","","","","",
"374","비디오물제작업","03_10_05_P","4231000","CDFF1241072025000001","2025-03-24","","01","영업/정상","13","영업중","","","","","","","","강원특별자치도 속초시 동명동 *** 대명타워영랑호아파트 A동 ****호","강원특별자치도 속초시 영랑호반길 *** (동명동, 대명타워영랑호아파트)","24828","장르월드","2025-03-24 13:13:09","I","2025-03-26 00:10:23","","338683.3451255","524343.360804919","비디오물제작업","","0","","영상제작,홍보기획","84.9","0","0","","0","0","0","0","","","","","","","","","","","","0","","","","","","",
"375","비디오물제작업","03_10_05_P","4241000","CDFF1241072023000001","2023-09-08","","01","영업/정상","13","영업중","","","","","","","","강원특별자치도 삼척시 당저동 ***-* 삼척도시재생어울림센터","강원특별자치도 삼척시 대학로 **-**, 삼척도시재생어울림센터 (당저동)","25917","에스씨컴퍼니 협동조합","2023-09-08 08:48:42","I","2023-09-10 00:18:09","","391324.383219267","440115.518444275","비디오물제작업","","2","","영상","22.4","2","0","사무실","0","0","0","0","","","","","","","","","","","","0","","","","","","일반상업지역",
"376","비디오물제작업","03_10_05_P","4241000","CDFF1241072010000001","2010-04-29","","01","영업/정상","13","영업중","","","","","","","","강원특별자치도 삼척시 교동 ***-* *통*반","강원특별자치도 삼척시 교동로 ** (교동)","25915","락월드","2011-10-30 14:47:21","I","2023-06-13 00:00:00","","391828.169060718","440750.711057878","비디오물제작업","","3","학교정화(상대)","비디오","115","1","0","근린생활시설","0","0","0","0","","","","","","","","","","","","0","","","","","","일반주거지역",
"377","비디오물제작업","03_10_05_P","4241000","CDFF1241072021000001","2021-01-28","","01","영업/정상","13","영업중","","","","","","","","강원특별자치도 삼척시 교동 *** 강원대학교삼척캠퍼스","강원특별자치도 삼척시 중앙로 ***, 강원대학교삼척캠퍼스 창업보육센터(본관) *층 *호 (교동)","25913","주식회사 삼척엔엔피","2021-01-28 11:16:02","I","2023-06-13 00:00:00","","391252.884241855","441215.031332286","비디오물제작업","","3","","영상","23.1","3","0","복지시설","0","0","0","0","","","","","","","","","","","","0","","","","","","자연녹지지역",
"378","비디오물제작업","03_10_05_P","4251000","CDFF1241072011000001","2011-10-18","","01","영업/정상","13","영업중","","","","","033-436-2000","","","강원특별자치도 홍천군 홍천읍 진리 **-* *층","강원특별자치도 홍천군 홍천읍 희망로**길 *-*, *층","25133","홍천인터넷신문","2012-02-27 17:13:21","I","2023-06-13 00:00:00","","278430.339113186","466047.654380062","비디오물제작업","","3","기타","비디오물","108.85","3","0","근린생활시설","0","0","0","0","","","","","","","","","","","","0","","","","","","일반주거지역",
"379","비디오물제작업","03_10_05_P","4251000","CDFF1241072013000001","2013-01-11","","01","영업/정상","13","영업중","","","","","432-8044","","","강원특별자치도 홍천군 홍천읍 진리 **-*","강원특별자치도 홍천군 홍천읍 희망로**길 *-*","25133","홍천 미디어","2013-01-11 16:42:20","I","2023-06-13 00:00:00","","278430.339113186","466047.654380062","비디오물제작업","","1","","비디오물","33.05","0","0","","0","0","0","0","","","","","","","","","","","","0","","","","","","일반주거지역",
"380","비디오물제작업","03_10_05_P","4251000","CDFF1241072023000001","2023-01-12","","01","영업/정상","13","영업중","","","","","050713980776","","","강원특별자치도 홍천군 홍천읍 태학리 ***-*","강원특별자치도 홍천군 홍천읍 홍천로 ***","25126","주식회사 서비스뱅크그룹","2025-10-02 13:32:25","U","2025-10-05 02:40:00","","277970.047253086","465776.359455193","비디오물제작업","","1","","홍보영상,기록영상,다큐멘터리","33","0","0","","0","0","0","0","","","","","","","","","","","","0","","","","","","주거지역",
"381","비디오물제작업","03_10_05_P","4251000","CDFF1241072025000001","2025-04-18","","01","영업/정상","13","영업중","","","","","","","","강원특별자치도 홍천군 홍천읍 신장대리 **-**","강원특별자치도 홍천군 홍천읍 홍천로*길 **, 우측 *호 *층","25137","스튜디오 창","2025-04-18 16:25:45","I","2025-04-20 00:10:19","","277960.505236317","465711.524497048","비디오물제작업","","0","","유투브, 광고, 인터뷰 영상","53.72","0","0","","0","0","0","0","","","","","","","","","","","","0","","","","","","",
"382","비디오물제작업","03_10_05_P","4261000","CDFF1241072019000001","2019-05-15","","03","폐업","03","폐업","2021-01-22","","","","","","","강원특별자치도 횡성군 횡성읍 읍상리 ***-* *층","강원특별자치도 횡성군 횡성읍 읍상서로 **, *층","25232","플레이팩토리","2021-01-22 15:56:12","I","2023-06-13 00:00:00","","287303.34512562","443584.02247225","비디오물제작업","","3","","일반영상물","101.57","2","0","","0","0","0","0","","","","","","","","","","","","0","","","","","","",
"383","비디오물제작업","03_10_05_P","4261000","CDFF1241072018000001","2018-07-24","","01","영업/정상","13","영업중","","","","","033)732-0088","","","강원특별자치도 횡성군 서원면 옥계리 산 ***","강원특별자치도 횡성군 서원면 옥계*길 ***","25202","주식회사 지원플러스","2018-07-24 16:48:30","I","2023-06-13 00:00:00","","","","비디오물제작업","","2","기타","영상물","33","1","1","체육시설","0","0","0","0","","","","","","","","","","","","0","","","","","","관리지역",
"384","비디오물제작업","03_10_05_P","4261000","CDFF1241072021000001","2021-01-26","","01","영업/정상","13","영업중","","","","","","","","강원특별자치도 횡성군 횡성읍 읍상리 ***-*","강원특별자치도 횡성군 횡성읍 읍상서로 **, *층","25232","더크리에이티브 주식회사","2021-01-26 17:16:30","I","2023-06-13 00:00:00","","287303.34512562","443584.02247225","비디오물제작업","","2","","온라인 미디어 콘텐츠","101.57","0","0","","0","0","0","0","","","","","","","","","","","","0","","","","","","근린상업지역",
"385","비디오물제작업","03_10_05_P","4271000","CDFF1241072023000001","2023-07-20","","01","영업/정상","13","영업중","","","","","","","","강원특별자치도 영월군 영월읍 거운리 ***","강원특별자치도 영월군 영월읍 동강로 ****","26222","우주필름","2025-07-23 17:18:38","U","2025-07-25 02:40:00","","333758.558048712","417056.085689511","비디오물제작업","","0","","미디어콘텐츠창작","93.6","0","0","","0","0","0","0","","","","","","","","","","","","0","","","","","","",
"386","비디오물제작업","03_10_05_P","4271000","CDFF1241072024000002","2024-01-30","","01","영업/정상","13","영업중","","","","","","","","강원특별자치도 영월군 영월읍 삼옥리 ***-*","강원특별자치도 영월군 영월읍 삼옥재길 ***, *층","26223","(주)영월기획","2024-01-30 13:12:03","I","2024-02-01 00:16:07","","333669.810147212","412729.047605393","비디오물제작업","","0","","동영상 및 미디어콘텐츠","148.2","0","0","","0","0","0","0","","","","","","","","","","","","0","","","","","","",
"387","비디오물제작업","03_10_05_P","4271000","CDFF1241072024000001","2024-01-26","","01","영업/정상","13","영업중","","","","","","","","강원특별자치도 영월군 영월읍 하송리 ***-*","강원특별자치도 영월군 영월읍 하송로 **, 청령프라자 ***호","26235","수미디어","2024-01-26 10:16:37","I","2024-01-28 00:16:10","","329798.202817649","409910.085548965","비디오물제작업","","0","","비디오물 및 판촉물","56","0","0","","0","0","0","0","","","","","","","","","","","","0","","","","","","",
"388","비디오물제작업","03_10_05_P","4271000","CDFF1241072024000003","2024-02-15","","01","영업/정상","13","영업중","","","","","","","","강원특별자치도 영월군 영월읍 영흥리 **** 영월 코아루 에듀타운","강원특별자치도 영월군 영월읍 봉래산로 ***, 상가동 ***호 (영월 코아루 에듀타운)","26228","유한책임회사 느루","2024-02-15 10:16:27","I","2024-02-17 00:15:53","","330820.362955883","411123.992924149","비디오물제작업","","0","","영상, 비디오물","30.63","0","0","","0","0","0","0","","","","","","","","","","","","0","","","","","","",
"389","비디오물제작업","03_10_05_P","4281000","CDFF1241072017000001","2017-03-24","","01","영업/정상","13","영업중","","","","","033-339-0628","","","강원특별자치도 평창군 대관령면 용산리 ***","강원특별자치도 평창군 대관령면 솔봉로 ***, ***동 ***호 (알펜시아리조트)","25351","(주)마케팅그룹 티엔씨","2017-03-24 14:10:35","I","2023-06-13 00:00:00","","347582.235624329","463108.698911422","비디오물제작업","","0","","올림픽 홍보용 비디오물, 영화, 기타 등","82.27","0","0","","0","0","0","0","","","","","","","","","","","","0","","","","","","",
"390","비디오물제작업","03_10_05_P","4281000","CDFF1241072019000001","2019-06-05","","01","영업/정상","13","영업중","","","","","033-334-0712","","","강원특별자치도 평창군 대관령면 횡계리 ***-** 용평하이랜드오피스텔 ***호","강원특별자치도 평창군 대관령면 눈마을길 **, 용평하이랜드오피스텔 ***호","25344","주식회사 세븐헌드레드","2019-06-05 16:39:07","I","2023-06-13 00:00:00","","350739.346745551","464725.694743117","비디오물제작업","","15","유흥업소밀집지역","디지털 동영상","52.43","0","0","사무실","0","0","0","0","","","","","","","","","","","","0","","","","","","일반상업지역",
"391","비디오물제작업","03_10_05_P","4281000","CDFF1241072020000001","2020-02-13","","01","영업/정상","13","영업중","","","","","","","","강원특별자치도 평창군 용평면 재산리 ***-**","강원특별자치도 평창군 용평면 궁항동길 ***-**","25317","소소풍경","2020-02-13 09:57:07","I","2023-06-13 00:00:00","","327832.839401997","452823.664411248","비디오물제작업","","0","","비디오영상물 제작","98.2","0","0","","0","0","0","0","","","","","","","","","","","","0","","","","","","",
"392","비디오물제작업","03_10_05_P","4281000","CDFF1241072020000002","2020-10-21","","01","영업/정상","13","영업중","","","","","","","","강원특별자치도 평창군 대관령면 횡계리 ***-**","강원특별자치도 평창군 대관령면 종지목길 *-*, 해피***센터 ***호","25343","주식회사 더방굿즈","2022-09-15 14:55:53","I","2023-06-13 00:00:00","","350859.438885396","464847.813542364","비디오물제작업","","1","","홍보용비디오물, 기타","76.19","0","0","","0","0","0","0","","","","","","","","","","","","0","","","","","","",
"393","비디오물제작업","03_10_05_P","4281000","CDFF1241072025000002","2025-10-28","","01","영업/정상","13","영업중","","","","","","","","강원특별자치도 평창군 미탄면 마하리 ***-*","강원특별자치도 평창군 미탄면 마하길 **-*","25384","트리피","2025-10-28 13:14:14","I","2025-10-30 00:20:11","","336568.010493472","422193.807210666","비디오물제작업","","2","","동영상, 비디오물","380.79","2","0","근린생활시설","0","0","0","0","","","","","","","","","","","","0","","","","","","",
"394","비디오물제작업","03_10_05_P","4281000","CDFF1241072025000001","2025-02-24","","01","영업/정상","13","영업중","","","","","033-336-6262","","","강원특별자치도 평창군 평창읍 주진리 ***-**","강원특별자치도 평창군 평창읍 농공단지길 **-**, *층","25369","세강시스템","2025-02-24 10:38:16","I","2025-02-26 00:10:37","","324747.240565349","433352.924508456","비디오물제작업","","2","","영화,비디오물,광고,방송프로그램","180","2","0","","0","0","0","0","","","","","","","","","","","","0","","","","","","",
"395","비디오물제작업","03_10_05_P","4291000","CDFF1241072020000003","2020-07-21","","03","폐업","03","폐업","2022-07-21","","","","033-592-9760","","","강원특별자치도 정선군 남면 무릉리 ***-**","강원특별자치도 정선군 남면 무릉*로 **-*","26146","한결엠","2022-07-25 14:29:22","I","2023-06-13 00:00:00","","357671.30387756","417754.043262007","비디오물제작업","","0","기타","광고용, 전시용 영상","45","0","0","","0","0","0","0","","","","","","","","","","","","0","","","","","","일반공업지역",
"396","비디오물제작업","03_10_05_P","4291000","CDFF1241072017000001","2017-08-09","","01","영업/정상","13","영업중","","","","","","","","강원특별자치도 정선군 남면 무릉리 ***","강원특별자치도 정선군 남면 무릉*로 **","26146","환디자인","2019-05-20 17:53:21","I","2023-06-13 00:00:00","","357547.864575634","418005.075801039","비디오물제작업","","0","","전시용 영상 및 비디오물","478.5","1","0","","0","0","0","0","","","","","","","","","","","","0","","","","","","",
"397","비디오물제작업","03_10_05_P","4291000","CDFF1241072019000001","2015-11-16","","01","영업/정상","13","영업중","","","","","","","","강원특별자치도 정선군 남면 무릉리 ***","강원특별자치도 정선군 남면 무릉*로 ** (주)지일","26146","(주)지일","2024-10-17 09:11:55","U","2024-10-19 02:40:00","","357547.864575634","418005.075801039","비디오물제작업","","0","기타","정보,편집,촬영영상","478.5","0","0","","0","0","0","0","","","","","","","","","","","","0","","","","","","공업지역",
"398","비디오물제작업","03_10_05_P","4291000","CDFF1241072020000001","2020-03-27","","01","영업/정상","13","영업중","","","","","033-562-0230","","","강원특별자치도 정선군 정선읍 봉양리 ***-*","강원특별자치도 정선군 정선읍 정선로 ****, 정선타워 *층 ***호","26130","(주)정선신문사","2020-03-27 08:50:58","I","2023-06-13 00:00:00","","347502.760036573","432160.266568035","비디오물제작업","","5","","기록영상, 다큐멘터리, 광고, 홍보영상, 영화 등","200.04","5","0","","0","0","0","0","","","","","","","","","","","","0","","","","","","",
"399","비디오물제작업","03_10_05_P","4291000","CDFF1241072020000002","2020-07-02","","01","영업/정상","13","영업중","","","","","033-563-1151","","","강원특별자치도 정선군 정선읍 봉양리 ***-*","강원특별자치도 정선군 정선읍 봉양*길 **-**","26131","협동조합 고원티씨디","2020-07-02 13:49:10","I","2023-06-13 00:00:00","","347067.687618312","432124.274230157","비디오물제작업","","0","","비디오물, 애니메이션 입체영상, 플래시","228","0","0","","0","0","0","0","","","","","","","","","","","","0","","","","","","",
"400","비디오물제작업","03_10_05_P","4291000","CDFF1241072022000001","2022-05-17","","01","영업/정상","13","영업중","","","","","","","","강원특별자치도 정선군 사북읍 직전리 **","강원특별자치도 정선군 사북읍 직전로 ***","26149","희망더하기","2023-08-11 10:01:17","U","2023-08-13 02:40:00","","361964.477337499","419631.493242192","비디오물제작업","","1","기타","광고용 영상, 전시용 영상","192","1","0","기타","0","0","0","0","","","","","","","","","","","","0","","","","","","일반공업지역",
"401","비디오물제작업","03_10_05_P","4291000","CDFF1241072024000002","2023-03-23","","01","영업/정상","13","영업중","","","","","","","","강원특별자치도 정선군 남면 무릉리 ***-*","강원특별자치도 정선군 남면 무릉*로 **, *호","26146","디오닉","2024-06-07 13:55:25","I","2024-06-09 00:14:18","","357431.119147678","417881.678025423","비디오물제작업","","0","","미디어 콘텐츠","99.84","0","0","","0","0","0","0","","","","","","","","","","","","0","","","","","","",
"402","비디오물제작업","03_10_05_P","4291000","CDFF1241072024000001","2024-05-27","","01","영업/정상","13","영업중","","","","","","","","강원특별자치도 정선군 정선읍 봉양리 ***-*","강원특별자치도 정선군 정선읍 봉양*길 **-*, *층","26129","베타스튜디오","2025-03-21 14:35:27","U","2025-03-23 02:40:00","","346853.025734331","432390.543206944","비디오물제작업","","0","","일반 비디오물","92","0","0","","0","0","0","0","","","","","","","","","","","","0","","","","","","",
"403","비디오물제작업","03_10_05_P","4301000","CDFF1241072018000001","2018-11-27","","01","영업/정상","13","영업중","","","","","","","","강원특별자치도 철원군 갈말읍 지포리 ***-**","강원특별자치도 철원군 갈말읍 명성로 ***, *층","24045","페이스트컷","2018-11-27 13:28:47","I","2023-06-13 00:00:00","","226896.298606413","515717.044681181","비디오물제작업","","0","","영상물","52.44","0","0","사무실","0","0","0","0","","","","","","","","","","","","0","","","","","","",
"404","비디오물제작업","03_10_05_P","4301000","CDFF1241072019000001","2019-03-25","","01","영업/정상","13","영업중","","","","","","","","강원특별자치도 철원군 서면 와수리 ****-* 철원컴퓨터","강원특별자치도 철원군 서면 와수*로 **, *층","24059","철원영상프로덕션","2019-03-25 16:46:47","I","2023-06-13 00:00:00","","238175.964832796","526585.905217819","비디오물제작업","","2","","비디오영상제작","142.45","2","0","","0","0","0","0","","","","","","","","","","","","0","","","","","","",
"405","비디오물제작업","03_10_05_P","4301000","CDFF1241072020000001","2020-05-14","","01","영업/정상","13","영업중","","","","","070-4048-8333","","","강원특별자치도 철원군 동송읍 이평리 ****","강원특별자치도 철원군 동송읍 금학로 **-***","24025","(주)에스알디자인","2020-05-14 11:40:31","I","2023-06-13 00:00:00","","219490.309187125","520693.69273324","비디오물제작업","","2","","전시용 영상, 광고홍보영상","334","0","0","","0","0","0","0","","","","","","","","","","","","0","","","","","","",
"406","비디오물제작업","03_10_05_P","4301000","CDFF1241072021000001","2021-05-07","","01","영업/정상","13","영업중","","","","","","","","강원특별자치도 철원군 김화읍 청양리 ****","강원특별자치도 철원군 김화읍 외골길 **-**","24055","지이인주식회사","2021-05-07 10:23:12","I","2023-06-13 00:00:00","","235463.445720081","527077.022575458","비디오물제작업","","0","","관공서 전시 홍보영상 및 각종 상품 웹 동영상 제작","112","0","0","","0","0","0","0","","","","","","","","","","","","0","","","","","","",
"407","비디오물제작업","03_10_05_P","4301000","CDFF1241072023000001","2023-05-09","","01","영업/정상","13","영업중","","","","","","","","강원특별자치도 철원군 갈말읍 신철원리 ***","강원특별자치도 철원군 갈말읍 삼부연로**번길 **, *층","24038","다온","2023-05-09 10:03:39","I","2023-06-13 00:00:00","","227227.820591593","516238.025715458","비디오물제작업","","2","주택가주변","지자체 홍보영상 및 기타 동영상 제작","105.95","2","0","사무실","0","0","0","0","","","","","","","","","","","","0","","","","","","일반주거지역",
"408","비디오물제작업","03_10_05_P","4301000","CDFF1241072023000002","2023-05-15","","01","영업/정상","13","영업중","","","","","","","","강원특별자치도 철원군 김화읍 청양리 ****-* 주식회사 케이엠","강원특별자치도 철원군 김화읍 외골길 **-**, 주식회사 케이엠","24055","주식회사 케이엠","2023-05-15 15:18:14","I","2023-06-13 00:00:00","","235807.237138847","527137.059679886","비디오물제작업","","0","기타","전시용 영상","84","0","0","사무실","0","0","0","0","","","","","","","","","","","","0","","","","","","관리지역",
"409","비디오물제작업","03_10_05_P","4301000","CDFF1241072024000002","2024-09-02","","01","영업/정상","13","영업중","","","","","033-452-2223","","","강원특별자치도 철원군 갈말읍 군탄리 ****-**","강원특별자치도 철원군 갈말읍 드르니길 ***-**, 가동 *층","24035","드르니국수","2024-09-02 16:32:50","I","2024-09-04 00:13:26","","225149.845783913","516969.713351465","비디오물제작업","","0","","영상물","495.32","0","0","","0","0","0","0","","","","","","","","","","","","0","","","","","","",
"410","비디오물제작업","03_10_05_P","4301000","CDFF1241072024000001","2024-05-10","","01","영업/정상","13","영업중","","","","","","","","강원특별자치도 철원군 김화읍 청양리 **-*","강원특별자치도 철원군 김화읍 청양로 ***-*","24055","재섬스튜디오(JAESEOM)","2024-05-10 10:30:08","I","2024-05-12 00:14:54","","235885.913367596","527223.819646693","비디오물제작업","","0","","비디오물","96.28","0","0","","0","0","0","0","","","","","","","","","","","","0","","","","","","",
"411","비디오물제작업","03_10_05_P","4301000","CDFF1241072025000001","2025-02-18","","01","영업/정상","13","영업중","","","","","","","","강원특별자치도 철원군 갈말읍 신철원리 ***-** 동철원농협 (지하)","강원특별자치도 철원군 갈말읍 삼부연로 **, 동철원농협 (지하)","24042","철원관광미디어","2025-02-20 16:38:51","U","2025-02-22 02:40:00","","227108.021132372","515908.022079299","비디오물제작업","","0","","비디오물","72","0","1","","0","0","0","0","","","","","","","","","","","","0","","","","","","",
"412","비디오물제작업","03_10_05_P","4311000","CDFF1241072023000002","2023-06-15","","01","영업/정상","13","영업중","","","","","","","","강원특별자치도 화천군 사내면 명월리 ***-*","강원특별자치도 화천군 사내면 수피령로 ***","24148","액티즘 스튜디오","2023-06-15 09:30:26","I","2023-06-17 00:19:22","","246533.762536995","512563.613250162","비디오물제작업","","0","","홍보영상, 광고영상 등","70","0","0","교육연구시설","0","0","0","0","","","","","","","","","","","","0","","","","","","",
"413","비디오물제작업","03_10_05_P","4311000","CDFF1241072023000001","2023-04-14","","01","영업/정상","13","영업중","","","","","033-441-1555","","","강원특별자치도 화천군 사내면 사창리 ***-*","강원특별자치도 화천군 사내면 포화로 ****, *층","24157","주식회사 골드스타333","2025-04-29 09:04:50","U","2025-05-01 02:40:00","","245760.861467174","507366.812416003","비디오물제작업","","0","","비디오제작","62","0","0","","0","0","0","0","","","","","","","","","","","","0","","","","","","",
"414","비디오물제작업","03_10_05_P","4311000","CDFF1241072014000001","2014-12-15","","01","영업/정상","13","영업중","","","","","070-8627-5053","","","강원특별자치도 화천군 간동면 오음리 ***-*","강원특별자치도 화천군 간동면 오동나무길 *-*","24137","밀크팩토리","2014-12-15 13:42:25","I","2023-06-13 00:00:00","","271749.104584362","506181.476173565","비디오물제작업","","0","","영화,광고,뮤직비디오","100","0","0","","0","0","0","0","","","","","","","","","","","","0","","","","","","",
"415","비디오물제작업","03_10_05_P","4321000","CDFF1241072023000001","2023-09-22","","03","폐업","03","폐업","2024-07-15","","","","","","","강원특별자치도 양구군 양구읍 정림리 *** 양구석미모닝파크","강원특별자치도 양구군 양구읍 박수근로***번길 **, ***동 *층 *호 (양구석미모닝파크)","24539","양구미디어","2024-07-15 20:48:39","U","2024-07-17 02:40:00","","286039.745083392","511281.259339258","비디오물제작업","","0","","비디오영상","77.12","0","0","","0","0","0","0","","","","","","","","","","","","0","","","","","","",
"416","비디오물제작업","03_10_05_P","4321000","CDFF1241072019000001","2019-07-09","","01","영업/정상","13","영업중","","","","","070-8795-3337","","","강원특별자치도 양구군 양구읍 중리 *-* kt","강원특별자치도 양구군 양구읍 관공서로 **, kt *층","24524","주식회사 케이프렌즈","2019-07-09 18:07:40","I","2023-06-13 00:00:00","","286741.283875725","512234.146449297","비디오물제작업","","0","","전시용 영상물, 온라인광고 홍보영상","76.06","0","0","","0","0","0","0","","","","","","","","","","","","0","","","","","","",
"417","비디오물제작업","03_10_05_P","4321000","CDFF1241072024000001","2023-01-13","","01","영업/정상","13","영업중","","","","","033-481-2001","","","강원특별자치도 양구군 양구읍 정림리 *** 양구석미모닝파크","강원특별자치도 양구군 양구읍 박수근로***번길 **, ***동 ***호 (양구석미모닝파크)","24539","마크세븐","2024-07-17 18:36:38","I","2024-07-20 00:13:43","","286039.745083392","511281.259339258","비디오물제작업","","0","","홍보영상","9","0","0","","0","0","0","0","","","","","","","","","","","","0","","","","","","",
"418","비디오물제작업","03_10_05_P","4331000","CDFF1241072018000001","2018-10-23","","01","영업/정상","13","영업중","","","","","","","","강원특별자치도 인제군 북면 원통리 ****","강원특별자치도 인제군 북면 원통로**번길 **-*","24621","(주)삼성이앤씨","2018-10-25 13:30:35","I","2023-06-13 00:00:00","","305169.055818518","513116.622848516","비디오물제작업","","0","","비디오물제작업","42000","0","0","","0","0","0","0","","","","","","","","","","","","0","","","","","","",
"419","비디오물제작업","03_10_05_P","4331000","CDFF1241072021000001","2021-09-09","","01","영업/정상","13","영업중","","","","","033-463-0022","","","강원특별자치도 인제군 인제읍 상동리 **-* 해밀빌딩","강원특별자치도 인제군 인제읍 인제로***번길 **, 해밀빌딩 **호","24635","주식회사 프리즘","2021-09-09 10:54:33","I","2023-06-13 00:00:00","","303057.199349284","507716.338926809","비디오물제작업","","11","","광고, 영상촬영","132","10","1","","0","0","0","0","","","","","","","","","","","","0","","","","","","상업지역",
"420","비디오물제작업","03_10_05_P","4341000","CDFF1241072023000001","2023-06-23","","01","영업/정상","13","영업중","","","","","033-633-2080","","","강원특별자치도 고성군 간성읍 신안리 *** KT","강원특별자치도 고성군 간성읍 간성로**번길 *, KT *층","24734","고성디자인","2024-05-02 10:50:53","U","2024-05-04 02:40:00","","328519.138791484","542844.590278745","비디오물제작업","","0","","영상 제작","59.28","0","0","","0","0","0","0","","","","","","","","","","","","0","","","","","","",
"421","비디오물제작업","03_10_05_P","4341000","CDFF1241072020000001","2020-04-17","","01","영업/정상","13","영업중","","","","","","","","강원특별자치도 고성군 죽왕면 문암진리 ***-*","강원특별자치도 고성군 죽왕면 괘진길 **-*, ***호","24752","크루즈 영상","2020-04-17 19:35:07","I","2023-06-13 00:00:00","","335359.430622972","533701.073808825","비디오물제작업","","0","","영상 비디오","23.8","4","0","","0","0","0","0","","","","","","","","","","","","0","","","","","","",
"422","비디오물제작업","03_10_05_P","4341000","CDFF1241072025000001","2025-08-04","","01","영업/정상","13","영업중","","","","","","","","강원특별자치도 고성군 토성면 용촌리 ***","강원특별자치도 고성군 토성면 중앙로 ***","24766","라라곳","2025-08-04 14:07:38","I","2025-08-06 00:20:48","","337630.802871645","527086.716074724","비디오물제작업","","0","","비디오물","9.9","0","0","","0","0","0","0","","","","","","","","","","","","0","","","","","","",
"423","비디오물제작업","03_10_05_P","4351000","CDFF1241072021000001","2021-10-18","","01","영업/정상","13","영업중","","","","","","","","강원특별자치도 양양군 강현면 석교리 ***-*","강원특별자치도 양양군 강현면 대문터길 **","25006","POST1895공작소","2021-10-18 14:21:20","I","2023-06-13 00:00:00","","337729.788657104","514678.221797773","비디오물제작업","","2","","영화,홍보영상,광고제작,디자인","114.88","2","0","","0","0","0","0","","","","","","","","","","","","0","","","","","","",
